Date,Open,High,Low,Close,Volume
2013-01-01,258.7124001996305,259.052374914931,256.9746844053261,257.3902282714844,3343610.0
2013-01-02,258.98628058113115,263.3777934561953,258.1362861746405,261.95172119140625,7168225.0
2013-01-03,263.30220329315273,263.7744095607668,261.2717221066487,262.5372314453125,4750195.0
2013-01-04,261.1206051543987,261.9705994686757,258.7690272318945,260.45953369140625,6262900.0
2013-01-07,261.6022887349382,262.112279606014,257.9190853798025,259.307373046875,5715850.0
2013-01-08,258.54237188862766,258.58012763688953,253.6786245194045,256.9368591308594,6090610.0
2013-01-09,255.41634482660646,257.2485071862789,253.8769480049166,254.92523193359375,7885125.0
2013-01-10,256.6913667093462,260.05347369918695,254.1414696487038,258.3913269042969,6859365.0
2013-01-11,259.1657290725565,259.53403501474503,256.17192832564075,257.6546630859375,6571215.0
2013-01-14,258.2212721913676,262.7166559843321,257.1729593546854,261.8100280761719,6571910.0
2013-01-15,263.3022220421062,270.29089835738415,262.5467034885988,269.0253601074219,16987060.0
2013-01-16,270.10201156829316,270.10201156829316,265.0305203680685,266.2204895019531,11828785.0
2013-01-17,266.5603988040338,268.0242264895436,263.32107120243535,265.6443176269531,7200690.0
2013-01-18,266.32436050604593,267.3632201587819,260.69566932556654,262.1783752441406,7017900.0
2013-01-21,261.63059341513605,262.8677714829897,258.9106808069387,261.687255859375,3664365.0
2013-01-22,261.60223684611094,265.53099591938104,260.73336474999627,263.1888427734375,5190575.0
2013-01-23,264.8132789848082,265.7576915552399,260.74286311194237,264.13330078125,6408855.0
2013-01-24,264.6621390677744,266.1354202024641,261.8950174718286,263.73663330078125,9840850.0
2013-01-25,263.1133109439799,264.77545723616004,260.6389549682513,261.8383483886719,8283305.0
2013-01-28,260.8467795690675,270.8386524991485,259.87403571437767,266.8815612792969,18608065.0
2013-01-29,267.5143183319594,283.99430066487577,267.4576558824944,278.68670654296875,45463865.0
2013-01-30,279.07385568991987,286.35526700195027,278.94162412378614,283.559814453125,24852050.0
2013-01-31,282.360444280175,285.21255949954536,281.42545635758484,284.2964782714844,13102855.0
2013-02-01,283.5314862379149,286.1569515048149,280.79269609665903,285.14642333984375,7404405.0
2013-02-04,284.8348321086484,286.15700392028094,278.60170348674217,279.1116943359375,5841720.0
2013-02-05,277.7138990807887,281.1515739400743,274.4651182238821,275.60784912109375,8722175.0
2013-02-06,277.2511796398731,277.6572700906091,275.0412578874896,275.7873229980469,6597650.0
2013-02-07,275.22072680584876,279.92388300973175,275.0129548853554,275.8723449707031,8690950.0
2013-02-08,275.57958338580994,277.8178654432643,273.03911120239263,274.03076171875,11111940.0
2013-02-11,274.4934877681655,283.1348563917545,274.4934877681655,282.2093505859375,26647505.0
2013-02-12,282.5682336323204,284.15483972704965,278.03503630585936,280.1033020019531,10861285.0
2013-02-13,280.50941743761666,281.93548967298085,278.21450175828943,279.0833740234375,4442120.0
2013-02-14,279.78227740549653,280.348930820176,269.15763395971817,270.5364685058594,13542895.0
2013-02-15,270.47977682880304,274.7957495505324,268.2320701134626,273.7474365234375,8538210.0
2013-02-18,273.69070939536005,273.69070939536005,269.15754128120125,270.4891662597656,5429680.0
2013-02-19,271.05583766985035,273.0768654091405,269.1575593443279,271.8774719238281,3680465.0
2013-02-20,273.29409065721933,274.7673718342516,271.1502558617975,271.8774719238281,3343455.0
2013-02-21,268.60982062673116,270.97085191800295,264.24661059066733,265.3421325683594,8804450.0
2013-02-22,265.4177181471086,268.59093056493015,265.2099462277618,266.6832275390625,5496945.0
2013-02-25,265.82380282311925,267.53318724078116,263.05668095598514,264.6527404785156,6046380.0
2013-02-26,264.6243907626405,264.6243907626405,256.9746438428125,258.3440246582031,5333690.0
2013-02-27,258.504576810283,266.32431073869975,258.504576810283,264.43548583984375,7968095.0
2013-02-28,266.4660277087217,267.6465435401631,251.95986300613933,253.88644409179688,13401880.0
2013-03-01,254.04697731176762,260.2801059394158,249.1076892731654,257.5790710449219,13593630.0
2013-03-04,256.5873998611892,261.29058385316426,254.43414080414075,258.56121826171875,7328045.0
2013-03-05,259.7134170768807,266.088200950586,259.65675463703104,265.0399169921875,7799155.0
2013-03-06,266.41876476536044,267.25927688047653,262.5466678564783,264.8415832519531,8063055.0
2013-03-07,262.55615032041806,265.7010315272848,261.3189721475764,265.058837890625,5472035.0
2013-03-08,266.32440489908,267.83547111664626,264.88890784404697,265.75775146484375,5903450.0
2013-03-11,266.51320907469534,269.6675432483449,262.87721532125653,264.6621398925781,8740050.0
2013-03-12,264.24660628215565,264.79438167266164,260.2800910702023,261.5550537109375,5098545.0
2013-03-13,259.7134198371965,260.28007306289555,252.3564388926051,254.3680419921875,8087885.0
2013-03-14,253.66920794883316,257.8246172613361,245.35836050264453,255.52024841308594,18084215.0
2013-03-15,254.2736275803474,257.6357339769968,248.7582617069542,253.07423400878906,16501410.0
2013-03-18,248.00271549774567,252.42255885314066,245.35834334116123,250.28817749023438,11670100.0
2013-03-19,250.45820964956928,252.46978408984353,242.0340373632709,249.60821533203125,11476595.0
2013-03-20,247.81383421842895,249.5137940110194,243.8378656636381,245.4055938720703,7643165.0
2013-03-21,245.7833529656807,252.91365580758588,242.14735907880114,247.75717163085938,8629120.0
2013-03-22,248.00272655980373,250.7226391524999,244.1306295721788,245.55670166015625,6679940.0
2013-03-25,248.94715279540668,252.05427814049952,245.55671521509478,247.3133087158203,7280340.0
2013-03-26,246.47277771893948,246.49165559278487,243.11067161884736,244.45172119140625,6651170.0
2013-03-28,245.16946784590672,247.6627016258256,241.21237753511915,245.67945861816406,6827560.0
2013-04-01,245.78333125322243,249.04156561675143,244.79170974493778,248.36158752441406,4906715.0
2013-04-02,249.3060219588685,249.3248998332303,244.2439559752397,245.80223083496094,5734520.0
2013-04-03,245.90612527967897,248.56937538089565,240.10743324951494,241.420166015625,8463625.0
2013-04-04,239.12523819196267,239.88077106167668,234.2331884393633,234.94149780273438,6417705.0
2013-04-05,234.29930621761866,235.9803594048236,229.90779362160654,232.24049377441406,6484050.0
2013-04-08,231.66439352639566,233.83654519971589,226.28124505640477,227.263427734375,4864420.0
2013-04-09,228.61394512849938,234.17653428258856,226.43234010722153,227.263427734375,7490495.0
2013-04-10,229.45446165526613,234.75261622541277,226.65899438387177,234.0820770263672,10046765.0
2013-04-11,235.4514637256311,237.02863077527934,232.51434045313664,236.5092010498047,9714180.0
2013-04-12,234.21430795996943,241.20295493324798,233.17544841042647,238.8041534423828,7911225.0
2013-04-15,237.23641047001811,247.69104905854974,236.85865124484016,244.45172119140625,7689700.0
2013-04-16,242.99731888301102,258.5801247586017,242.28900952502963,257.5035095214844,11987860.0
2013-04-17,259.10898570026956,273.87961023832383,258.041823842581,260.12896728515625,9186545.0
2013-04-18,258.7123600159411,271.4052661970307,255.9357849875039,269.9886474609375,11300880.0
2013-04-22,271.14081714447696,280.3016005149116,270.8952606874294,272.2080078125,13252895.0
2013-04-23,272.93521499019766,274.8429178819775,266.9193119216991,272.8974304199219,7340650.0
2013-04-25,277.84619771412383,287.101429641188,274.4463065988727,283.9659729003906,19391755.0
2013-04-26,281.4349760592994,283.30492352417997,277.10957870588504,280.74554443359375,10489965.0
2013-04-29,280.6793634611736,280.6793634611736,275.8156167755186,278.67718505859375,6561785.0
2013-04-30,280.8683020885446,283.5126746670251,275.39072052506805,281.9449462890625,9010945.0
2013-05-02,280.50939498053106,288.7541266165408,280.2921985475212,286.34588623046875,10775590.0
2013-05-03,285.7791978574763,285.7791978574763,277.0905922534666,278.5638732910156,9326475.0
2013-05-06,277.0906333310005,278.0067146471825,272.93522392134815,275.72125244140625,6739100.0
2013-05-07,276.1462493924967,284.6459631285111,275.5985027441645,284.06988525390625,7357170.0
2013-05-08,284.4570593845502,285.9775496906491,277.79893389999023,281.3782653808594,4865505.0
2013-05-09,281.05711146620524,281.05711146620524,273.426243800567,274.6634216308594,15607600.0
2013-05-10,273.87962508993695,278.5450251471636,273.12410661816176,277.6383972167969,7711835.0
2013-05-13,276.71283273645054,282.94596033024465,273.142955023278,274.2573547363281,10233900.0
2013-05-14,274.82402743025983,278.01614617468755,272.95408037315036,277.18505859375,6341930.0
2013-05-15,277.2795673402853,286.14758737778783,277.2795673402853,284.9670715332031,8367595.0
2013-05-16,283.75811664488396,290.87899358371345,283.5975826908818,289.16015625,5787370.0
2013-05-17,288.9902508732868,291.05851673915316,286.15701311962715,289.98187255859375,6127865.0
2013-05-20,290.6334942079305,292.74899781128926,287.96081950799083,288.9335632324219,7109685.0
2013-05-21,288.09298064238624,291.8234210155547,286.1569468210779,287.2052307128906,4457135.0
2013-05-22,288.4235722143338,289.17911950829676,282.96486910812365,285.769775390625,4430345.0
2013-05-23,280.50938459432206,283.8620661929475,273.38853524230234,274.86181640625,17628985.0
2013-05-24,277.0906392151494,279.8766677943701,271.1502761454894,275.9951171875,11354170.0
2013-05-27,275.7684636351211,281.05717966085336,272.9352259950343,279.1966857910156,5079820.0
2013-05-28,278.6961647993621,280.2449864806534,275.40014521778903,277.3739929199219,6338635.0
2013-05-29,277.46840356367636,277.46840356367636,272.6519224784526,275.69293212890625,4984010.0
2013-05-30,273.7474274979879,276.5995720486428,267.86375533601444,270.61199951171875,19729175.0
2013-05-31,269.1575570448666,271.7358134932376,266.5132136269336,270.2058410644531,6939990.0
2013-06-03,268.9687341092235,271.6131070472515,266.32438999238474,270.2626037597656,5639100.0
2013-06-04,270.1020054080705,272.7463491772977,261.98005122946483,263.57611083984375,6481315.0
2013-06-05,262.5466831163894,264.3221832826665,257.27687388479825,261.0828552246094,10525180.0
2013-06-06,260.4689952998363,269.6864719143648,258.4385138824896,267.85430908203125,7218255.0
2013-06-07,267.07984466636304,268.5814859107213,258.5990388239791,260.3273010253906,16958990.0
2013-06-10,261.79117736193535,262.423917647427,254.65142059944478,255.98301696777344,7101745.0
2013-06-11,254.04698725158036,254.04698725158036,247.9744212020192,249.8349151611328,10709250.0
2013-06-12,247.81383080682298,248.19159003735956,239.22912475914936,240.72129821777344,16756695.0
2013-06-13,239.88079231139096,244.07398641969428,237.50086860467437,240.00357055664062,9278645.0
2013-06-14,242.5628917684786,247.51160381571157,242.1095634139212,245.1694793701172,9145290.0
2013-06-17,245.94389126840403,249.5231935332253,239.70131028238674,248.5787811279297,9148855.0
2013-06-18,247.766629150625,248.3238290761043,242.52512239805466,243.0162353515625,7215030.0
2013-06-19,243.08233104455533,243.56396178912368,239.31410582173277,242.72344970703125,7633795.0
2013-06-20,238.74751306761848,239.12527235114317,232.70326365707282,234.1765594482422,9339930.0
2013-06-21,232.14601935362163,239.7768735909567,231.18271463075718,237.93527221679688,11567800.0
2013-06-24,235.97090562865344,237.7652835977046,233.14710709214074,234.79039001464844,8864770.0
2013-06-25,236.29199083494575,236.85864406612924,228.15116017119038,232.59933471679688,17111600.0
2013-06-26,233.47768688436364,238.78528114770543,233.47768688436364,235.80093383789062,13302520.0
2013-06-27,238.7475119525148,242.71404205336958,238.69084950131003,240.83465576171875,11566105.0
2013-06-28,244.03617064495364,251.59147022418554,243.18620520652618,250.3070831298828,7250955.0
2013-07-01,250.08041798922812,255.72801510396192,249.33435286691818,254.7647247314453,5323995.0
2013-07-02,253.49922435995526,255.91691813464695,246.4255549013578,247.15277099609375,5683025.0
2013-07-03,243.93232871214644,245.93447873222354,240.08856266767128,241.363525390625,6367035.0
2013-07-04,242.16626805610937,244.22508040708985,237.8219647537556,238.9269256591797,9497150.0
2013-07-05,243.68839990504387,249.3600262526197,243.15189688303968,246.80203247070312,5785940.0
2013-07-08,245.06800712876728,245.06800712876728,238.7449018765011,239.99993896484375,10780235.0
2013-07-09,242.3854606009816,244.74225846826303,241.4274153021635,242.2609100341797,4614270.0
2013-07-10,243.1519109249127,245.54700966328664,239.48259550777718,240.80470275878906,5341890.0
2013-07-11,245.45121486127576,249.07262488604505,244.73266627555006,246.7445526123047,4593290.0
2013-07-12,248.32536114484984,248.80438380968386,243.53511987789793,247.47268676757812,5287195.0
2013-07-15,247.55889094524898,251.95631520875787,245.72902097829154,250.79708862304688,5449990.0
2013-07-16,243.3435069751764,243.3435069751764,234.92229519353936,235.84201049804688,9493130.0
2013-07-17,236.81921946545654,236.82879465573305,225.64840778637318,228.72373962402344,17944220.0
2013-07-18,231.2242521058405,239.05148089617342,221.90246028317782,237.25035095214844,28548405.0
2013-07-19,239.51134301920976,240.08617608990076,227.05675318221085,228.3788604736328,18642230.0
2013-07-22,228.7812414412487,232.00027452774734,225.80171970160677,229.95005798339844,6446280.0
2013-07-23,233.7247321317259,233.7247321317259,229.36562319909697,230.47695922851562,5451370.0
2013-07-24,224.72870428738497,224.72870428738497,214.60215794253776,215.5889434814453,14788645.0
2013-07-25,213.46206357046407,219.35405073282953,213.06926150258425,215.99130249023438,21479325.0
2013-07-26,218.79838750809097,219.74684298711222,209.6873674651032,212.20703125,12108980.0
2013-07-29,211.1723455887505,214.76501550316928,209.32332515639638,210.4346466064453,8592030.0
2013-07-30,210.78913352557169,217.01642805020737,208.27904486883207,209.4287109375,14577145.0
2013-07-31,208.66226922443167,208.66226922443167,194.5885814311039,198.22915649414062,24999165.0
2013-08-01,200.03987352896849,209.40955595392066,196.41846324784524,208.04913330078125,25717725.0
2013-08-02,209.2466656123882,213.16506715865842,206.9377730618886,211.3831024169922,15682345.0
2013-08-05,212.6860983315555,216.32667410960224,205.72110354072913,215.43568420410156,14983120.0
2013-08-06,212.16873312520647,212.68607119050756,206.9857041881781,208.8251495361328,13055665.0
2013-08-07,208.4898113813578,209.3137309156979,202.30084699291018,204.7821807861328,16176110.0
2013-08-08,205.78814559621446,208.81557243263794,202.5499476117734,208.01080322265625,10922345.0
2013-08-12,209.428719298229,210.75081194019907,201.40986978034022,205.10792541503906,9866865.0
2013-08-13,204.42772662122928,222.07492065945573,201.01708742811402,218.96127319335938,14227315.0
2013-08-14,219.88098634423557,222.74554724679797,214.88957818160108,220.27378845214844,12402745.0
2013-08-16,213.45250635365883,213.45250635365883,199.2734322864757,200.9883270263672,16207615.0
2013-08-19,199.2734506190543,199.2734506190543,187.40326825586573,189.30978393554688,11262170.0
2013-08-20,182.67048576976654,192.99821237868395,180.6873397071303,188.0259552001953,17173380.0
2013-08-21,198.89021252723526,204.60015439770865,183.6956133011542,187.3840789794922,17473350.0
2013-08-22,185.5063297731847,193.52516484654345,182.02862040021415,185.79373168945312,15688855.0
2013-08-23,187.48943706940045,189.8558098116179,182.65130603139517,188.06427001953125,15303680.0
2013-08-26,189.69299663917874,190.52649149190978,178.07190080347885,178.9820556640625,19895135.0
2013-08-27,176.27078108863378,176.27078108863378,166.8915082936129,168.16571044921875,16500450.0
2013-08-28,163.12636086080565,163.63412364907117,150.22149080273107,160.5587921142578,51153445.0
2013-08-29,164.7838187777723,166.22088696478775,156.3530158235589,163.0114288330078,34666870.0
2013-08-30,162.5036763146973,170.74287362857876,156.86078879045274,159.60079956054688,85220080.0
2013-09-02,162.04378209253127,167.37051164243638,159.92649553904178,165.6077117919922,22843345.0
2013-09-03,166.3166699607468,167.51422658598656,147.7976525538053,150.00115966796875,29590015.0
2013-09-04,149.99155174343386,156.54457729682053,146.27433174969093,153.57464599609375,29505260.0
2013-09-05,168.93213337827524,179.144900019007,163.5670737277646,177.7174072265625,73632590.0
2013-09-06,178.69461316003057,184.50994051994186,174.46962988540116,182.48846435546875,48465115.0
2013-09-10,187.9684820755724,196.53340926619998,187.20204292351468,191.2833251953125,40783530.0
2013-09-11,188.54333163066568,199.81952972225474,185.8991170550833,197.29986572265625,31007555.0
2013-09-12,199.24467188701394,199.36922244751614,192.39465419437872,195.43165588378906,33403740.0
2013-09-13,191.65695357869004,205.59651477299337,191.65695357869004,203.02894592285156,29836370.0
2013-09-16,208.66228653685172,212.2453668995491,201.5631667677177,208.3844451904297,21660575.0
2013-09-17,205.40491066733543,206.7365930767866,199.88657488933995,201.86973571777344,18527690.0
2013-09-18,203.2014344650102,208.01081183051048,200.74882597009523,206.8611602783203,13218535.0
2013-09-19,220.35043157737036,224.71911605575247,217.14097379173342,218.47265625,27187920.0
2013-09-20,222.64973469016124,222.97548122105843,201.59190187710504,211.2202606201172,30107545.0
2013-09-23,205.59654921796732,207.8766873351944,195.94902499813873,197.36692810058594,23254975.0
2013-09-24,195.44126868971037,201.76437440652862,194.11916131179433,196.50469970703125,17824475.0
2013-09-25,196.97413509819197,199.6566504553551,191.8390112995175,198.13336181640625,17426325.0
2013-09-26,198.31538156477632,201.09370714988174,195.33586002995236,197.6160125732422,18419130.0
2013-09-27,198.4207596144281,200.90209339477846,194.89514536300277,197.52976989746094,13399860.0
2013-09-30,195.25923257626704,195.41252335025808,190.67977668822763,193.11322021484375,18720980.0
2013-10-01,195.03887337697876,201.1320423649095,194.0904032213297,200.0590362548828,13985425.0
2013-10-03,201.20866473564632,215.1769660430969,201.20866473564632,211.67051696777344,28307155.0
2013-10-04,209.62034013661471,214.73629915427577,206.95697504718308,209.34249877929688,14738720.0
2013-10-07,208.27905113844292,208.64311304572087,200.03986998284535,205.3761749267578,19601900.0
2013-10-08,213.64411055870866,214.41054975349365,202.72239954351087,204.40855407714844,16814600.0
2013-10-09,202.19546947077487,207.85752086975612,200.43266957508823,206.8036651611328,17121925.0
2013-10-10,206.36296859535346,209.40956049939075,202.33918093105478,204.3031768798828,22450835.0
2013-10-11,208.32696295064997,211.5172557895542,204.25527012486896,210.70291137695312,21485650.0
2013-10-14,209.81194626529077,216.89190131022892,209.2754431708964,212.51364135742188,16030130.0
2013-10-15,213.8165538131772,215.751809509923,206.21926121821565,207.2156219482422,13563985.0
2013-10-17,207.1294112987045,212.3699207743761,204.48521127345916,210.07061767578125,33121345.0
2013-10-18,211.30646013812077,222.4581063761612,208.92093679740486,221.53839111328125,22848835.0
2013-10-21,222.2856907650026,227.22919376237584,222.10365980578658,225.30352783203125,14205925.0
2013-10-22,223.03297472649868,231.83741439738188,222.26653547355696,230.1512451171875,22853540.0
2013-10-23,230.69730299068502,234.33787792543066,226.7118311754138,231.86611938476562,19709625.0
2013-10-24,231.91402852813474,234.66361381067478,229.5476555111114,231.31045532226562,15138355.0
2013-10-25,230.35240966273537,231.0422034344248,226.25197703025415,228.15847778320312,8360810.0
2013-10-28,229.93087442080795,233.5522845234468,227.45911576655092,228.3022003173828,14810540.0
2013-10-29,227.2483389551553,241.71482862372554,225.39931856978572,239.5879669189453,21811705.0
2013-10-30,240.46936066686612,241.4274059284871,233.07325007766332,234.12710571289062,13582310.0
2013-10-31,233.95467884590525,235.6408480704271,230.50572424946145,234.28041076660156,15711585.0
2013-11-01,234.71153316397638,237.52817418459867,230.95599718453494,233.5522918701172,14258565.0
2013-11-05,230.88893062498735,240.92924185521943,229.1644460617422,235.1043243408203,17738400.0
2013-11-06,234.52951086741263,237.5569377627344,230.89851070751513,232.42181396484375,11912900.0
2013-11-07,233.01577870954875,235.60249809220826,223.4161607237655,224.4316864013672,12944240.0
2013-11-08,222.45811168598235,222.95629932612297,213.17465055902858,214.4488525390625,13636750.0
2013-11-11,211.72802813629286,212.41782197663312,205.55821357470074,206.39170837402344,16116270.0
2013-11-12,206.93779726496572,209.31374565887063,198.89022210766188,200.77757263183594,16885065.0
2013-11-13,197.93216230259634,201.74517845474588,193.63053369776844,197.4722900390625,39012215.0
2013-11-14,202.14756957085055,211.23942523747206,202.14756957085055,210.2143096923828,22185795.0
2013-11-18,214.50635736942925,218.86546682569653,213.90279871327186,218.40560913085938,14869295.0
2013-11-19,219.7755981706695,220.31211584808096,216.15418790516074,217.48587036132812,15186525.0
2013-11-20,215.36860328969337,221.4809228434093,214.60216406573613,216.79608154296875,11536220.0
2013-11-21,214.19976591933923,214.21893091819166,206.68869441638068,208.14491271972656,16170540.0
2013-11-22,210.76996012835008,211.98668171866564,206.43959139977477,207.368896484375,11465075.0
2013-11-25,209.23709643671583,215.56020152901152,208.87304914812282,213.73033142089844,10727185.0
2013-11-26,214.41052638863877,216.09668073853186,212.5423411052268,213.8548583984375,7324655.0
2013-11-27,212.68605808713446,216.66194026249,211.44059626470374,214.7650146484375,8549025.0
2013-11-28,217.59126190367556,219.35407651201663,213.35670308072162,214.6500701904297,10909630.0
2013-11-29,214.98535804421138,222.24734312419673,214.96620766373866,221.49049377441406,9210385.0
2013-12-02,222.228189774473,229.2027582494566,221.8832928886283,228.15847778320312,8985375.0
2013-12-03,227.21001838247847,229.9308634245356,225.34183304087625,228.71414184570312,8899090.0
2013-12-04,227.2579428137828,229.7392767498939,226.32863765925887,228.2159881591797,8248745.0
2013-12-05,236.25400091854283,239.50177423197763,235.26721532840804,237.88267517089844,10405365.0
2013-12-06,237.3269914297969,246.98407553709595,236.11026976178104,245.21170043945312,11096255.0
2013-12-09,256.7561553144481,257.25432837398597,248.5456995995859,249.76243591308594,10508465.0
2013-12-10,249.66664170338564,249.66664170338564,239.42513384905834,242.35675048828125,7427500.0
2013-12-11,239.8945475306627,245.9877311025683,237.62398475052694,243.9566650390625,9152360.0
2013-12-12,242.57708246404522,243.20939591072667,238.4000041056409,239.0706329345703,6403500.0
2013-12-13,235.67915523072887,239.31973047102346,233.7726397285605,237.5569305419922,7975630.0
2013-12-16,236.07194230431904,243.70756439910699,235.62165985065317,241.69566345214844,8426820.0
2013-12-17,243.56385639983927,245.31708108095887,239.19517210133014,240.68014526367188,6818380.0
2013-12-18,239.53047994594155,250.04981280522634,239.12810269106296,245.80567932128906,10330635.0
2013-12-19,248.28702579273298,248.9001595871467,238.17006966851488,240.8525848388672,11220600.0
2013-12-20,239.51133665244973,246.02603331450686,239.46343146139685,244.84765625,7252380.0
2013-12-23,245.45125594943227,249.95405202144568,245.45125594943227,247.4152374267578,5821480.0
2013-12-24,248.32537325487226,248.70858555798287,244.97219981889907,245.82485961914062,5070345.0
2013-12-26,246.75413022996338,252.73232318508786,245.09671605424947,248.52651977539062,13471165.0
2013-12-27,251.00787975908912,251.83178471985087,247.23317877029896,248.03793334960938,6232180.0
2013-12-30,249.0917778941934,250.24144394859397,245.84399029470626,246.4571533203125,7064845.0
2013-12-31,247.549351057075,249.61870327626553,244.56981482681292,249.0055694580078,6365405.0
2014-01-01,249.3791945918448,250.04983803625692,246.8308196724163,247.5972442626953,2849425.0
2014-01-02,247.55888086183683,253.8819852088213,242.0692858031739,243.78419494628906,12972060.0
2014-01-03,241.04420011341176,243.24769257914195,238.66823727569232,241.599853515625,12018740.0
2014-01-06,240.9579561372878,241.8106158270692,237.90180406215947,240.71844482421875,9181445.0
2014-01-07,240.94840477199222,242.5387635564889,232.90082970458712,236.49349975585938,15100310.0
2014-01-08,237.5952627552707,238.55330816960648,231.3008973661505,232.18231201171875,13901845.0
2014-01-09,230.8889058166269,231.9523366314811,225.37057042578405,227.02798461914062,25553735.0
2014-01-10,228.77164875548434,229.26983644389486,222.0557559367509,223.04254150390625,19877740.0
2014-01-13,223.2245660069484,229.93088344063355,223.2245660069484,227.03758239746094,8470360.0
2014-01-14,227.0567511438744,228.69501514760816,224.03891409636904,225.53346252441406,12100565.0
2014-01-15,227.0567417027503,227.63157474437907,223.49281192931946,225.77296447753906,14202760.0
2014-01-16,227.05672133680565,229.45183443107575,223.9334991245771,225.36097717285156,18979890.0
2014-01-17,225.71548103508746,227.63157165637475,219.39237613739488,220.91566467285156,18932820.0
2014-01-20,218.9516774149356,223.79939915578623,216.95895595533568,222.87966918945312,9875240.0
2014-01-21,223.2053889600506,228.43632270819282,221.97909215070794,227.73695373535156,10979910.0
2014-01-22,227.24835598157486,230.39074358615576,224.77659720383522,227.79444885253906,11839660.0
2014-01-23,226.72142779799728,233.8013823987158,226.35738050313574,232.9966278076172,15027160.0
2014-01-24,230.5057194634314,235.44922241088594,228.97284103998666,230.81228637695312,14064340.0
2014-01-27,225.33226600471266,226.78849904678128,221.3084784118559,222.477294921875,10879550.0
2014-01-28,221.69169290904037,225.90710131084094,213.70159802671608,214.93748474121094,12651355.0
2014-01-29,216.57572331462256,220.34084903458174,214.83208842895402,218.48223876953125,10925525.0
2014-01-30,215.17697542406316,216.26914645693824,211.7280065736098,212.45611572265625,11477500.0
2014-01-31,213.29920351778344,215.94340326461892,212.7531253022745,215.16738891601562,5722790.0
2014-02-03,213.0884689224575,217.2655477022851,212.82021736382197,215.34945678710938,6931690.0
2014-02-04,212.06334080554387,216.01048290882767,210.9615798988367,214.94705200195312,8545405.0
2014-02-05,215.56021324825963,216.51825864047413,212.97349361300303,215.31112670898438,7306550.0
2014-02-06,215.5793688408772,217.66790068782186,210.49215036921558,211.33522033691406,10324800.0
2014-02-07,214.61173261232776,216.40328734931566,212.82019249395168,215.64642333984375,6262595.0
2014-02-10,216.89187887347748,218.31937165944606,213.07886260252187,214.4009552001953,4396885.0
2014-02-11,215.24403734158932,216.86313624918748,213.91235494977616,214.7841796875,4572215.0
2014-02-12,216.5182333740221,217.09306638971603,213.51954696836444,214.52549743652344,7384095.0
2014-02-13,214.64045295224705,215.52186745308956,210.0993277898475,211.057373046875,5899360.0
2014-02-14,212.49446168214348,212.8776739749303,207.43598340057534,211.35438537597656,8778435.0
2014-02-17,212.8776722128662,214.6021567533566,211.72802072540986,213.6920166015625,3941195.0
2014-02-18,213.6441097624629,225.42807030985472,212.40823771216964,223.30120849609375,10684885.0
2014-02-19,223.12872857327184,225.71546239326054,221.88328146718555,223.44488525390625,7007375.0
2014-02-20,221.11686946951536,224.54667357311592,219.67021163663603,221.8545684814453,9773920.0
2014-02-21,222.26651664673355,229.54766700501946,222.26651664673355,228.65667724609375,9309810.0
2014-02-24,227.0567489672251,238.53412821843298,226.66394686349847,237.25035095214844,12811810.0
2014-02-25,237.78687930507832,239.702970217478,234.74987696315844,236.97254943847656,9506545.0
2014-02-26,236.06236067894096,238.9364966350252,235.33425149943307,237.4515380859375,9380195.0
2014-02-28,237.69107102904584,243.65011462267657,237.23119870885557,242.77828979492188,9366255.0
2014-03-03,241.42743580036327,246.35180308825443,239.0514873507775,240.56520080566406,9655975.0
2014-03-04,240.46938958589823,250.03069297212485,240.46938958589823,247.8559112548828,11947275.0
2014-03-05,249.09177852730775,251.8126236766009,247.9517022789165,250.55758666992188,13213960.0
2014-03-06,250.60552962603984,255.7981491128612,250.4330884525615,254.74429321289062,9941880.0
2014-03-07,255.60652411727602,272.7843019114529,254.70595902093856,269.5556640625,23583950.0
2014-03-10,266.71980819117636,276.26193128285985,266.71980819117636,273.33990478515625,16911865.0
2014-03-11,273.2345543208957,278.4079935301844,270.1783872169214,271.6058654785156,19830435.0
2014-03-12,271.60586198845425,273.02377965933266,266.7294145709203,267.8503112792969,10747045.0
2014-03-13,270.1496608807843,273.04294755402555,263.4720830640968,264.6408996582031,10533955.0
2014-03-14,262.6959905215584,262.6959905215584,255.03162935958403,259.611083984375,13711595.0
2014-03-18,261.5463633729354,264.99533225386904,257.3117903396626,258.4997863769531,9473510.0
2014-03-19,260.20513746145957,268.0515316558087,258.93092070184366,265.48394775390625,20189155.0
2014-03-20,260.8757311642482,265.07197437956347,257.8578942279753,260.08056640625,12914880.0
2014-03-21,255.7980971959397,270.54242851761745,253.3263531660647,267.15093994140625,64854420.0
2014-03-24,268.616778708141,273.04294385691804,267.15097038955605,270.3029479980469,15594445.0
2014-03-25,270.43701072624555,272.26688065358996,267.5149844224021,268.42510986328125,8412610.0
2014-03-26,270.4657711438044,275.4571790596996,269.37361468561664,274.0201110839844,13856980.0
2014-03-27,274.0009228155692,281.45451318281164,271.3184079933812,273.9913330078125,21452140.0
2014-03-28,274.9206858095084,281.64618288713683,274.0105602681512,280.1228942871094,10456480.0
2014-03-31,281.8569634078496,282.6233880194531,277.8523114861306,279.8450622558594,10543390.0
2014-04-01,281.6653315962802,283.370651141898,278.5133542229468,281.3779296875,11106200.0
2014-04-02,279.3659917733519,282.5562694889932,275.4188501481015,281.11920166015625,6919030.0
2014-04-03,281.4545536404406,281.4545536404406,273.6369003013216,274.9302673339844,5572305.0
2014-04-04,274.00095645889684,277.928948045787,271.7016535808121,273.646484375,8209800.0
2014-04-07,273.59858837879307,275.8308505002789,270.1879491447418,272.4776916503906,5393885.0
2014-04-09,273.7135679401756,285.49751403953536,272.3052401074715,284.3382873535156,8360910.0
2014-04-10,284.4340771389108,290.78589278438864,282.7670584708347,288.1225280761719,10369990.0
2014-04-11,284.5394516343559,288.68777488303124,283.5814063426577,286.5992431640625,5411945.0
2014-04-15,286.2638923272053,286.5225832414551,274.82483036967426,276.91339111328125,4690300.0
2014-04-16,277.25836137536214,280.649850625949,273.42617938195775,274.3746643066406,4174880.0
2014-04-17,275.34217856653606,282.1730453700014,275.34217856653606,280.6401672363281,6318240.0
2014-04-21,281.6652979958812,289.3296598461093,281.4736772547374,288.1416931152344,5660175.0
2014-04-22,288.56325492768536,289.6745617425887,285.13343639423863,287.4327392578125,4972865.0
2014-04-23,285.88069869136797,293.8995328102955,285.88069869136797,291.2074279785156,8169030.0
2014-04-24,291.2074279785156,291.2074279785156,291.2074279785156,291.2074279785156,0.0
2014-04-25,291.6289986537336,296.61084616795995,287.6339659176108,293.6792297363281,12287160.0
2014-04-28,296.9940859286642,297.91380136318116,292.2038587362664,293.07568359375,8868885.0
2014-04-29,294.3115639083233,296.02644415459764,288.8890233375905,292.8553161621094,5984595.0
2014-04-30,294.67555124717626,296.7066317786007,286.86748814504915,290.7092590332031,6673185.0
2014-05-02,292.2708670356545,294.8288314418126,290.95834974086364,293.1905822753906,4528060.0
2014-05-05,294.30194936952535,299.8490400563772,291.5331843121278,297.2910461425781,7227275.0
2014-05-06,297.9520903135212,299.5328592217594,292.87446188409615,294.4935607910156,5337910.0
2014-05-07,293.8708447006262,298.1437483526293,290.613496098726,294.6372985839844,6034730.0
2014-05-08,295.46117308268913,298.7951813469898,293.736703188492,297.71258544921875,6485510.0
2014-05-09,298.1245753053129,316.15499764233437,296.5629565480929,312.1311950683594,11327365.0
2014-05-12,316.7297831120293,324.15463421245437,314.06641833839797,315.493896484375,9777475.0
2014-05-13,320.9452045894736,322.2864622835965,314.23888688163385,315.91546630859375,9343160.0
2014-05-14,316.5381837934361,319.98715296626585,312.3898602136713,313.5682373046875,6712060.0
2014-05-15,314.2388805373573,320.9260477278518,314.0568495785559,318.8470764160156,7888990.0
2014-05-16,335.31584997802037,354.2947247477986,322.669640512532,336.2738952636719,19275385.0
2014-05-19,340.4892668123206,363.9422244246951,340.4892668123206,356.3161926269531,11546880.0
2014-05-20,358.309017439038,362.67770258541265,352.76192580081715,355.80853271484375,6207320.0
2014-05-21,356.00964981575703,357.77244971122377,346.8219986265486,347.7991943359375,5343765.0
2014-05-22,350.4529471796638,356.00962727386207,345.8734919702014,352.8768005371094,4446910.0
2014-05-23,353.75826705982973,358.97003642062356,352.56071029930223,357.255126953125,5853140.0
2014-05-26,359.6501903591015,369.5755546106714,354.09353945942973,358.8741760253906,8715260.0
2014-05-27,356.22044990926213,358.7496745779821,350.6542084388582,354.2947692871094,4665425.0
2014-05-28,354.2947166573732,359.2669739153392,349.73441184589706,356.3736877441406,5950100.0
2014-05-29,356.2012095152612,362.79256546251673,354.57255014512106,357.4850158691406,10555410.0
2014-05-30,358.1173336623179,358.1173336623179,349.49492566816366,351.822998046875,3890590.0
2014-06-02,351.0757101526181,365.39846977481767,349.2170999407846,364.2200927734375,5954760.0
2014-06-03,365.9541839065025,368.8283200396595,361.75794047413734,363.99017333984375,6000185.0
2014-06-04,362.5243232756039,370.38030616184807,360.43579160995705,368.7899475097656,4109700.0
2014-06-05,368.8474202583509,373.6376464954723,367.3145420150279,372.9382629394531,5422885.0
2014-06-06,374.6723688032718,380.0566083184884,372.698797688646,378.15966796875,4047810.0
2014-06-09,380.3439812232937,381.225395757005,375.7261958952867,376.94293212890625,3942460.0
2014-06-10,377.08664298562377,377.3453046960653,368.90492778405894,370.2845153808594,4218745.0
2014-06-11,370.9646927305443,377.18242627873053,369.4222539133054,371.8748474121094,4870360.0
2014-06-12,372.49442938886284,373.26886383153783,366.38621989147043,368.3803405761719,4192650.0
2014-06-13,367.6543013972575,369.37737730227065,350.5590794440482,351.9723815917969,6276850.0
2014-06-16,350.81074186958864,352.7467835239922,338.807289520617,343.279541015625,6851985.0
2014-06-17,342.67943164911287,357.78056505384575,340.84985779166925,356.154296875,7990990.0
2014-06-18,357.1996929256508,363.182054676523,352.95006722277554,357.8773193359375,9690125.0
2014-06-19,358.57428925052,361.45897242051,353.57929821709973,356.58013916015625,5141745.0
2014-06-20,354.2956589036122,364.69219419515935,353.9084564415566,361.3331604003906,5838570.0
2014-06-23,360.49098702600577,365.9022204587273,359.1454533001828,364.5469970703125,5348310.0
2014-06-24,364.16944732865824,373.65603962687703,364.16944732865824,372.6880187988281,5401370.0
2014-06-25,374.43041950678474,374.43041950678474,368.81591089511977,370.3066711425781,4149915.0
2014-06-26,370.8003631263744,375.3984620194156,369.33867177711977,373.1913757324219,5944135.0
2014-06-27,373.35597565261867,374.9532041966393,367.8866635877468,369.62908935546875,4505300.0
2014-06-30,374.0432444917572,377.528125403815,369.9775747123993,371.4973449707031,4887415.0
2014-07-01,373.2688554574133,374.70150744632775,371.0230399365197,371.7297058105469,4136855.0
2014-07-02,375.5921032667279,375.8824977154792,372.34922739462536,373.04620361328125,3797820.0
2014-07-03,375.0112235996333,377.0828021346761,370.345356607138,372.8235168457031,4618140.0
2014-07-04,372.6880005965108,377.14090209638346,371.1778905418413,374.79827880859375,4327275.0
2014-07-07,375.10806622584136,376.00831849478715,370.7616622150302,372.3008117675781,3179705.0
2014-07-08,372.4557025175188,373.07522048458736,358.5549080925433,365.57305908203125,4531395.0
2014-07-09,363.956471032467,370.15179824436626,360.93622132136886,362.73675537109375,5950625.0
2014-07-10,363.02716105561507,375.32103741408866,353.3372926349971,360.5006408691406,8857260.0
2014-07-11,360.1230707442937,363.0465123318949,349.9588528138531,351.7109680175781,5105850.0
2014-07-14,351.93368105010154,360.2683564793973,349.90083122283517,357.5094909667969,3296985.0
2014-07-15,359.10668760250087,368.51585122859774,358.55490864076324,367.63494873046875,3557585.0
2014-07-16,374.1206901646897,382.36821676213447,369.01920163186514,380.1998596191406,6120160.0
2014-07-17,381.40019684478347,381.5938128222786,376.79240836358434,378.34124755859375,3613160.0
2014-07-18,376.5601073421167,389.11533883799166,374.14005523837557,386.39520263671875,6500310.0
2014-07-21,389.91881050817506,394.5653285985079,387.71172401630434,391.7290344238281,5750940.0
2014-07-22,393.86833604496684,394.1103412623026,387.6342792830654,390.3641052246094,5523135.0
2014-07-23,390.8480648486699,395.5429418213233,384.11061920392655,387.2179870605469,8698735.0
2014-07-24,387.2083247711048,389.31860305111115,383.82025192935765,386.5694274902344,4828895.0
2014-07-25,387.01474287740945,388.95078467177694,381.66158849764935,384.4494934082031,4277980.0
2014-07-28,390.54800568056993,394.32328091257756,381.0129948408741,382.70703125,5838272.0
2014-07-30,387.1115181958456,390.7900150196005,379.60935687599726,388.8539733886719,3945078.0
2014-07-31,389.1443567570002,390.4511907290664,377.576496524305,379.1253356933594,5899359.0
2014-08-01,375.59207476633156,384.30426206761246,372.5912043431158,374.6240539550781,4556225.0
2014-08-04,379.1737757727819,381.64221710416336,374.81768198211927,378.3509521484375,3189855.0
2014-08-05,379.94816788138974,382.8522303110564,374.4788562138476,380.3837890625,4565734.0
2014-08-06,379.46418970974696,379.5125789376915,369.9775967836646,370.94561767578125,3328178.0
2014-08-07,367.89634106455077,374.1884770827796,367.89634106455077,368.91278076171875,3629281.0
2014-08-08,363.00779481461103,365.23423080614737,357.2480593202259,359.1357116699219,4082447.0
2014-08-11,362.0397860116332,365.8150612943334,360.68456277446535,364.70184326171875,2245416.0
2014-08-12,364.94382631841967,370.89714808080146,362.57216364107,369.63873291015625,2849902.0
2014-08-13,366.05708181358824,368.47713396036806,360.1037594408403,361.9429931640625,2422893.0
2014-08-14,361.5558140915608,367.3155503897346,359.13576178840447,365.7182922363281,2695108.0
2014-08-18,365.71827395682845,383.82027609631706,363.830650979707,382.0778503417969,5628495.0
2014-08-19,384.5946460386075,389.0475475576453,382.6102152461476,385.1270751953125,4398164.0
2014-08-20,385.6594806686584,386.1434910684789,379.8029666474903,381.59381103515625,2593423.0
2014-08-21,382.17457301528117,389.28953130080123,380.52895549656625,385.9014587402344,4041960.0
2014-08-22,387.2083461184412,392.04845044492174,387.2083461184412,389.9187927246094,3805460.0
2014-08-25,389.62839979213607,394.32330691535316,384.9819114373629,385.9983215332031,3188868.0
2014-08-26,378.4961276985625,387.4503199778763,377.52810691160965,384.88507080078125,2960035.0
2014-08-27,386.28871597725674,389.6767890189275,383.96547179987016,385.9983215332031,2117053.0
2014-08-28,386.7243114589069,389.0475554817442,379.6093526363767,384.5462646484375,3524112.0
2014-09-01,386.1919518335854,393.8877003026891,384.7883097047932,392.4356689453125,3827810.0
2014-09-02,393.9844896879295,398.63097799535234,393.30686326983977,396.16253662109375,3827990.0
2014-09-03,397.8565771981102,401.6318526792508,395.0493225860647,400.4702453613281,3913893.0
2014-09-04,398.2437582195168,404.0034938975303,395.920514166965,403.0838623046875,3577070.0
2014-09-05,402.6967046592589,405.8427726644094,400.47026834919876,402.6483154296875,3236260.0
2014-09-08,404.29389876846403,409.9084373772702,401.4866442348868,407.2947692871094,2644489.0
2014-09-09,407.2463442481926,408.5047594155144,402.4546296848344,405.310302734375,2014481.0
2014-09-10,405.6006853669202,405.6006853669202,401.2929813071039,403.1806335449219,1554785.0
2014-09-11,405.01992174203923,410.2472284754678,402.84187480797294,405.1167297363281,2920679.0
2014-09-12,404.6327125591889,406.3267490352142,400.9058264036029,403.6163024902344,2314502.0
2014-09-15,401.6318465854187,401.6318465854187,396.59815586749,398.48577880859375,1665845.0
2014-09-16,397.8565504837512,400.7606128960414,384.64307241616115,386.385498046875,3811175.0
2014-09-17,388.17632848278066,389.8219756072228,382.9974114587827,385.223876953125,2328500.0
2014-09-18,382.94902241101386,393.4036349073697,381.20656730052156,392.33880615234375,3458236.0
2014-09-19,394.6620967440907,397.7597456165194,385.4658990330027,394.6136779785156,4701389.0
2014-09-22,390.88680284056835,398.82458553436936,389.19276637288596,395.1461181640625,2407552.0
2014-09-23,393.9844865029494,396.5497358507193,385.3691068341883,386.3371276855469,2235528.0
2014-09-24,386.240271195957,388.07950467427474,380.57734401821295,384.3042297363281,3007551.0
2014-09-25,381.8842347575058,382.70705840865986,363.24983293473775,365.7666931152344,6647739.0
2014-09-26,363.0077782810726,379.2705149314052,358.409679756179,377.09246826171875,6000406.0
2014-09-29,379.1737786906567,379.1737786906567,372.2040167553011,373.7044372558594,3209235.0
2014-09-30,372.6880620441654,373.3172697470779,364.4114948206257,365.62152099609375,4660370.0
2014-10-01,363.58863346634104,369.2999505148591,362.0397942137806,367.7995300292969,3024329.0
2014-10-07,365.4278940543411,372.6396616609492,360.394173498388,361.6526184082031,3348273.0
2014-10-08,360.82975281889014,368.08990881122196,360.4425504076292,366.8798828125,3182969.0
2014-10-09,368.8159636398097,377.3345357602358,368.8159636398097,375.01129150390625,3069354.0
2014-10-10,371.7199741888256,371.96197938035476,365.4762284307129,367.073486328125,2560762.0
2014-10-13,363.927441862664,376.56010184305194,361.0717686052914,374.5272521972656,2666892.0
2014-10-14,376.7537634921123,387.8860043561094,375.15650530004103,384.401123046875,4935617.0
2014-10-15,384.401123046875,384.401123046875,384.401123046875,384.401123046875,0.0
2014-10-16,382.3682660441334,389.5800337646655,377.77016664233685,381.0614318847656,4382823.0
2014-10-17,383.2394711620335,392.0484673238129,381.93263702929005,388.7572021484375,4816107.0
2014-10-20,400.6154046829088,405.9879081814571,396.88851878114616,404.48748779296875,6484171.0
2014-10-21,405.6007068565256,411.2152155643713,404.63268607643846,409.52117919921875,3970498.0
2014-10-22,413.3449062140819,414.2161190776312,406.3267549961613,410.87646484375,2526798.0
2014-10-27,411.0216171878787,415.2325133672071,406.90752899207536,413.1512451171875,2876993.0
2014-10-28,413.5385230279497,416.829788042181,409.0856211655651,410.63446044921875,1995946.0
2014-10-29,413.2964758436376,415.28090658759464,408.9887716392978,411.94122314453125,1931522.0
2014-10-30,411.40884586949346,417.5073651798397,408.5047834280617,416.44256591796875,4258888.0
2014-10-31,418.18500972930127,426.3163790101517,417.9430045153376,425.3483581542969,3941516.0
2014-11-03,427.8652236827098,432.705328023012,423.4123217813014,431.01129150390625,3817449.0
2014-11-05,431.0112987339954,446.0156224406252,429.46245941078683,443.30517578125,4713467.0
2014-11-07,447.1287976308113,457.2930159403176,445.6283772208299,454.0501403808594,6220448.0
2014-11-10,455.93783996780843,460.19712598274396,443.982776047583,445.77362060546875,4280640.0
2014-11-11,446.25762923085637,453.7114018828269,446.25762923085637,451.7753601074219,3472821.0
2014-11-12,454.00179674106636,467.26369473118734,451.4365472946767,465.76324462890625,5416022.0
2014-11-13,468.47367193809237,470.3612947487709,455.01815935821196,458.45465087890625,5237971.0
2014-11-14,459.80987529387323,464.407974046812,455.50217096130217,461.64910888671875,2753729.0
2014-11-17,462.61716354810716,462.61716354810716,455.9378255157609,460.6811218261719,2141989.0
2014-11-18,460.6327329301393,464.55320560320905,456.131441831742,458.8418884277344,2773087.0
2014-11-19,460.68112282535105,460.68112282535105,452.0657430523834,455.1634216308594,2667750.0
2014-11-20,455.93782536306696,456.6154517821783,448.0968504835245,451.7269287109375,2510781.0
2014-11-21,452.54973174988726,467.07004399854674,451.19450851500926,461.6975402832031,4741296.0
2014-11-24,463.6819850039753,467.1184471889098,460.1002960588914,462.8591613769531,3562884.0
2014-11-25,463.6819725421535,464.5531853713764,451.7269095129557,455.69580078125,3474162.0
2014-11-26,455.8410112880626,458.5998766124255,449.161673347051,455.26019287109375,3726653.0
2014-11-27,455.2118006743123,457.38984756749085,447.85483637124565,454.38897705078125,7283496.0
2014-11-28,456.7121959499493,470.2644869815994,455.98618035896806,465.8116149902344,5227699.0
2014-12-01,468.90925606912555,477.42785658809055,465.763188559987,473.5073547363281,4634567.0
2014-12-02,473.362169741617,478.9766785476591,469.0060761550377,477.2342529296875,4191689.0
2014-12-03,478.20229635531865,484.6880478189037,474.95942062352617,483.0907897949219,3424250.0
2014-12-04,485.3656792474483,486.62412415772684,475.4918836725026,483.9620666503906,2709507.0
2014-12-05,485.94643401279814,490.20571955796675,480.62231969592483,482.60675048828125,2798293.0
2014-12-08,483.9620223946945,486.9144740889111,479.65431791462316,480.7191467285156,2150646.0
2014-12-09,480.08995180416656,480.1383410299483,471.42615339029203,473.1685791015625,2722580.0
2014-12-10,472.92656061987554,480.283524773048,470.94212975207193,473.60418701171875,3317262.0
2014-12-11,473.16853137308624,478.8798774385238,464.74676856257884,474.8141784667969,3583840.0
2014-12-12,475.491833705365,477.7666589756244,466.1504092552163,467.9412536621094,2915819.0
2014-12-15,464.6499737808075,471.8133216349317,460.10026430421055,461.50390625,2929634.0
2014-12-16,459.8099158982099,461.2619472115727,450.3717123613519,456.9058532714844,5702983.0
2014-12-17,453.3725678874195,465.1340152256909,449.35528729588174,459.6647033691406,5852857.0
2014-12-18,467.55407956122235,474.33022564181977,464.650016955252,472.3457946777344,3782348.0
2014-12-19,481.0095680332868,481.0095680332868,472.6845825799816,474.5722351074219,3189647.0
2014-12-22,475.68546876526347,484.7364701725728,470.942172219584,482.36480712890625,2813921.0
2014-12-23,484.9783977195742,489.81850148923064,476.79861053219526,478.0086364746094,3753789.0
2014-12-24,478.2023118532301,481.78400090441943,475.4918652221401,478.4927062988281,3181539.0
2014-12-26,479.89632419190605,484.0104126998548,472.39416279505826,478.6379089355469,2133879.0
2014-12-29,479.17028505739944,483.62318654404055,475.4918179180631,478.299072265625,2230958.0
2014-12-30,479.2186466573713,483.9619718289641,474.33015382744156,482.8487243652344,1996949.0
2014-12-31,484.05882424629675,488.8505393696504,483.0424141494169,486.33367919921875,2356002.0
2015-01-01,486.57562719569347,487.88246112489355,483.090746565043,486.96282958984375,1351985.0
2015-01-02,487.1080810727541,500.3699779228175,485.6560498647172,497.85308837890625,3852825.0
2015-01-05,500.3699674474825,503.7580401953052,498.6274827676766,500.9991455078125,2561430.0
2015-01-06,497.12709201587757,497.12709201587757,480.8643536730861,483.0907897949219,5284530.0
2015-01-07,482.848749453623,489.18930323779546,478.68627194898727,482.70355224609375,4245189.0
2015-01-08,489.8185438649972,490.78656470267504,478.83150144902316,485.8980712890625,5637844.0
2015-01-09,488.75370717970577,489.7217280018251,471.42614037210046,479.1219177246094,5078463.0
2015-01-12,479.17030914298266,487.6888805999752,476.4114438789807,485.5108337402344,2290147.0
2015-01-13,487.8825056909688,495.3362780112415,484.3008167491958,488.36651611328125,4069260.0
2015-01-14,488.36655712672484,489.5765832841251,478.3959534064088,483.6232604980469,2973231.0
2015-01-15,506.7104721271843,507.1944825009645,494.7554099864828,497.6110534667969,6670800.0
2015-01-16,500.07952279531077,504.822848359526,496.20743958641697,498.33709716796875,6920742.0
2015-01-19,502.8384693990462,514.7935039063384,500.32157960366936,512.03466796875,6113156.0
2015-01-20,515.5194360985705,536.9611192405222,514.1157942012104,533.7666625976562,6934581.0
2015-01-21,535.3156326733097,538.994100791834,528.1038641416084,529.74951171875,4459351.0
2015-01-22,532.1209973623237,549.0129706084385,530.281734375655,546.689697265625,5546866.0
2015-01-23,552.7399249067274,558.9352821992495,542.3820896285916,547.0770263671875,4975114.0
2015-01-27,552.6431649658462,578.6828921745491,548.8678597574716,573.1651611328125,5376830.0
2015-01-28,571.1322238975486,580.6188151218995,564.7917000082265,571.7130126953125,6370073.0
2015-01-29,570.1159431683498,582.7486045907397,563.4849642940344,580.3285522460938,5424486.0
2015-01-30,583.4746837712484,584.7330993107074,565.0338947155062,569.2931518554688,4497194.0
2015-02-02,567.2602240315575,601.1409541358315,565.711414288684,597.5592651367188,6307718.0
2015-02-03,603.0769857704632,605.5938163313685,565.8081832790301,567.8410034179688,9290016.0
2015-02-04,572.1002863604449,573.0683071495488,535.5575015717701,540.7363891601562,10773056.0
2015-02-05,544.4149058135786,560.0000166096725,540.7363796132889,547.802978515625,6865785.0
2015-02-06,549.8358073623688,553.2238801190032,528.2973448380507,545.1409301757812,7706020.0
2015-02-09,537.2515540481988,551.384634359209,532.4114499576744,535.8963012695312,4334546.0
2015-02-10,529.4106676979984,551.5783114381414,523.2153101425431,536.38037109375,9809275.0
2015-02-11,541.4624678748294,554.3371931374675,537.735611035628,551.0458984375,6200994.0
2015-02-12,554.6758246996491,562.9040001096787,545.9636389713824,560.241943359375,5849894.0
2015-02-13,563.5333147780644,569.9222282254892,558.0639737953197,562.516845703125,4633409.0
2015-02-16,564.3561943514386,565.3242152679934,547.9966172283396,552.0623168945312,4284303.0
2015-02-18,553.7079550832693,555.6439968842598,545.9637878793075,551.2879028320312,4695905.0
2015-02-19,555.6440112229102,557.1928210703476,535.5575770192946,547.173828125,5349212.0
2015-02-20,548.3354161422325,552.5462831591296,536.2835448783949,543.543701171875,6025707.0
2015-02-23,545.4797340043255,548.8678068863398,528.5877588187644,531.4918212890625,6089272.0
2015-02-24,532.3146655450947,537.9291744105371,524.6672775344274,534.1538696289062,6155111.0
2015-02-25,536.4771886415793,540.736445104316,532.5082675456516,535.3155517578125,4185156.0
2015-02-26,534.976782223306,539.816886797539,526.4097616769287,534.637939453125,5579001.0
2015-02-27,537.8323731783646,552.1106810490853,532.7502635972606,549.0130615234375,5791546.0
2015-03-02,609.8531046682023,629.213520689415,608.5946894434836,626.8418579101562,13205219.0
2015-03-03,628.2454542150313,628.2454542150313,608.449418455849,611.2083129882812,6817671.0
2015-03-04,630.0848047972601,633.9568882580924,588.7019128096147,593.15478515625,10097232.0
2015-03-05,593.396728226613,602.1089151010658,584.2005309702463,597.0751953125,6914112.0
2015-03-09,590.4926350289402,590.4926350289402,570.3094267928266,572.6810302734375,6043383.0
2015-03-10,572.9715291139736,575.7787539544039,561.4520580820731,566.727783203125,5791801.0
2015-03-11,566.5342079144887,573.7459751330513,561.4520984030814,565.178955078125,5816344.0
2015-03-12,568.7121926324367,574.5203171529382,564.0657048326951,565.4208984375,4512080.0
2015-03-13,570.6482560007196,572.051897963607,546.0605042886577,551.7718505859375,6749149.0
2015-03-16,551.287807234094,555.4502845677536,541.2203679813994,550.4165649414062,6445254.0
2015-03-17,556.5152278480625,567.066619995819,548.9162284859453,561.5488891601562,5627580.0
2015-03-18,565.566171875,567.0665923500061,557.3379947916667,562.662109375,5847672.0
2015-03-19,569.196258763075,576.5048043505999,540.6396437400975,545.5281372070312,7705218.0
2015-03-20,544.9958115344101,545.963832514045,534.0571862811988,538.461669921875,8160665.0
2015-03-23,541.9949002641459,544.0277204260104,534.9767490664794,537.4451904296875,4191424.0
2015-03-24,536.2351179640228,547.8997564390423,533.62145006541,540.2039794921875,6309451.0
2015-03-25,541.9463683335349,549.0129667502255,536.1866924025238,544.2212524414062,5578540.0
2015-03-26,542.0916769821653,543.4953190338691,520.3112078177032,526.8937377929688,9233047.0
2015-03-27,530.4753843125804,533.6214518290327,509.27570572224334,528.9265747070312,10655577.0
2015-03-30,534.8315186506784,547.3674004520021,531.7822293454119,545.5281372070312,6631597.0
2015-03-31,549.7390504941278,555.1599434841921,539.4296050681187,542.2852783203125,5970862.0
2015-04-01,539.8652443974005,553.7079308520407,537.493581478314,551.43310546875,3753262.0
2015-04-06,553.6595178882669,553.6595178882669,544.124477394479,550.8522338867188,4305263.0
2015-04-07,552.7398730433683,554.6759146302102,537.251540348633,540.0103759765625,6754389.0
2015-04-08,543.8341518611963,545.9638097442364,533.4763159944223,538.1228637695312,5750765.0
2015-04-09,542.0916127895289,558.5479653206396,537.3482875443018,553.8530883789062,9653162.0
2015-04-10,555.0632247680477,556.4184186197517,547.3190573298234,549.88427734375,4938698.0
2015-04-13,551.7719249927535,553.3691831457926,544.0277576244341,547.8998413085938,4596222.0
2015-04-15,548.7710002412804,555.1599137143509,524.0380222067218,532.6050415039062,8869483.0
2015-04-16,534.3475500113194,538.6068657099504,525.6837509254525,533.1859130859375,7288785.0
2015-04-17,532.4115427690381,532.7503264811118,514.7935489916548,516.6328125,6618167.0
2015-04-20,517.0199260946724,521.0372363622788,490.7865839956811,501.67681884765625,7836613.0
2015-04-21,501.6768212029269,515.6647347395731,500.0311738897969,506.4685363769531,7204472.0
2015-04-22,510.0986245918027,527.5713900037044,503.66126197953565,522.8280639648438,6947536.0
2015-04-23,525.8772624088655,531.1529872124154,518.4234909593515,520.98876953125,5464184.0
2015-04-24,520.7952008597824,521.037206064643,503.2740476612035,510.38897705078125,6533254.0
2015-04-27,512.4702434961068,523.4572561216502,505.6456494783649,507.4365234375,7839080.0
2015-04-28,507.14616610877147,522.198879078316,502.4996185865776,517.8911743164062,6322607.0
2015-04-29,518.7624100874212,541.994911066892,518.1331728859051,534.2991333007812,9301407.0
2015-04-30,545.2861787585769,563.7754139955088,541.1237005708475,549.6422729492188,15658642.0
2015-05-04,553.127071052273,557.5799427954457,544.8020572897241,550.174560546875,4309985.0
2015-05-05,550.8039283408295,555.8860384002132,544.5117920768306,547.754638671875,5385676.0
2015-05-06,546.0122163800079,547.8030906247182,523.8929608460707,525.92578125,7698992.0
2015-05-07,522.3924514686631,527.3777231684129,506.5652758442956,510.4857482910156,5848608.0
2015-05-08,518.6171222126328,530.4753765236076,516.4390755024538,523.505615234375,10010992.0
2015-05-11,528.0553038788945,534.3474385722269,525.7320305126534,533.4761962890625,6700085.0
2015-05-12,535.3155205295286,536.1867629123552,512.9542629255403,515.3258666992188,4943428.0
2015-05-13,520.7952208762309,546.1573791370503,518.0847742942794,540.6396484375,7971625.0
2015-05-14,539.5748815400472,540.9300753707755,529.9914508502537,538.0744018554688,4929250.0
2015-05-15,540.6395879646336,549.1581587336299,539.1875568420786,544.0760498046875,5825462.0
2015-05-18,545.2861074444219,551.6266318982393,540.7848461527657,549.351806640625,3944770.0
2015-05-19,547.8996601403422,552.6429847183356,540.7362840599623,543.4951782226562,6047850.0
2015-05-20,544.7536763773336,548.7225378140226,538.7035466974432,540.3975830078125,4763209.0
2015-05-21,542.0916895787007,553.7079400696729,542.0916895787007,552.20751953125,6157883.0
2015-05-22,553.0303077299799,558.209254801833,545.7217620241883,550.465087890625,4265332.0
2015-05-25,549.9326369849169,551.5298950664351,542.2853075011137,544.12451171875,3426379.0
2015-05-26,544.9957234826719,548.6741907943137,540.3492353477927,546.2057495117188,2475418.0
2015-05-27,544.0277307502371,560.9680960316056,543.3017150953212,559.3224487304688,4120709.0
2015-05-28,560.4356711099676,567.0665901593638,552.1591048336015,556.273193359375,8272414.0
2015-05-29,557.0960130719908,568.5186475702724,556.3216081893337,566.679443359375,3421723.0
2015-06-01,568.1313860483459,570.06742749464,558.6447356948676,559.9515991210938,3142413.0
2015-06-02,563.38818206597,563.7754140718475,530.8627024047634,535.412353515625,6978299.0
2015-06-03,535.5575402290242,536.2835558732569,521.3276217854014,533.28271484375,5114150.0
2015-06-04,542.0916628656817,542.0916628656817,528.5393712940396,538.6068115234375,7432416.0
2015-06-05,538.2196059070097,539.4296319994266,528.5877863947106,530.8626708984375,7028734.0
2015-06-08,529.50738750336,539.6716060934609,526.6033250490453,535.8963012695312,6286247.0
2015-06-09,534.3958897715535,545.9637505583783,532.8470800699572,540.833251953125,5252618.0
2015-06-10,541.0268609374893,549.5454323526712,540.9784126297576,546.44775390625,7919473.0
2015-06-11,549.7390447399308,551.9654807988563,527.6197336564121,529.265380859375,7608358.0
2015-06-12,529.5072987065682,534.831412313307,523.5055588241315,533.8150024414062,5518696.0
2015-06-15,536.1867544646694,537.2515537306347,527.9101292081235,532.4598388671875,5896234.0
2015-06-16,532.4114716188474,536.2351658225891,522.7796522701728,533.5247192382812,6283177.0
2015-06-17,535.4122812542039,539.5748179640127,530.0881668501514,531.6854248046875,4522392.0
2015-06-18,534.0570968494371,537.0579377504678,529.8946191507071,532.4598388671875,5579425.0
2015-06-19,536.283528032406,537.6387807979384,530.7174083822501,533.911865234375,6783585.0
2015-06-22,538.7519294297912,557.4831661431218,538.7519294297912,553.8530883789062,7325101.0
2015-06-23,557.192812572053,560.9681177571497,548.1902299191001,553.0303344726562,6608481.0
2015-06-24,553.7078873441601,558.9352232006592,549.0613994068831,553.223876953125,5427984.0
2015-06-25,549.9325990668328,559.4192502807747,548.9161890319966,551.8202514648438,5953158.0
2015-06-26,549.9326019728215,551.4814707285054,542.0916569960212,547.415771484375,4432487.0
2015-06-29,536.28358948321,549.158255897824,528.5394221260517,544.7053833007812,5390158.0
2015-06-30,543.1080151988904,547.8997295977206,535.315460189999,541.0751953125,5479844.0
2015-07-01,540.9300152006115,561.9360785317219,539.0423628100721,560.145263671875,7663185.0
2015-07-02,561.5489135188599,567.8894978279936,557.6768298287914,565.32421875,9886455.0
2015-07-03,563.2429319233556,569.6802944832949,562.4201377991408,567.2118530273438,4422432.0
2015-07-06,557.096088735211,567.0666932764505,555.1600467239679,565.5178833007812,4973984.0
2015-07-07,566.5826149877257,571.8583406538384,562.7589206563244,567.453857421875,4969526.0
2015-07-08,559.5160941650753,566.2922406342025,556.5152529334995,558.2092895507812,6414143.0
2015-07-09,561.9172918778517,563.4298372919453,552.6959821687129,557.8677368164062,3602432.0
2015-07-10,560.307310812924,568.8943839418724,556.9895495874945,564.1129150390625,6853759.0
2015-07-13,564.1128052323709,569.3333973338705,556.3552036990352,567.8696899414062,5161182.0
2015-07-14,568.5039279179947,573.4317904570883,564.8934973267469,569.7725219726562,4566647.0
2015-07-15,570.4067980231692,575.1882663229353,567.4306046995398,569.8701171875,3307716.0
2015-07-16,573.1879097918685,598.6076194148801,572.7975639487764,593.9237670898438,14142842.0
2015-07-17,589.8741213461269,595.1434921591836,584.0192913575797,587.5321655273438,5847889.0
2015-07-20,585.4829326419747,588.8006930836407,576.0176133192487,585.3853759765625,4688323.0
2015-07-21,582.165216173772,586.4587818274863,568.6503412811442,570.50439453125,4375934.0
2015-07-22,568.7478569730124,579.1402028869314,564.9910319655153,575.5784912109375,5900119.0
2015-07-23,575.7248791320932,584.0679989434284,567.3329809884443,569.6260986328125,5569255.0
2015-07-24,573.4318135440318,579.3842000283278,561.1854135430219,566.406005859375,13673495.0
2015-07-27,563.5274612086872,565.4302931192574,540.3520894273776,542.3524780273438,9829067.0
2015-07-28,545.0846252666284,550.3539958588531,537.1318506005214,547.6705322265625,8129213.0
2015-07-29,549.6709601043661,554.4036502230064,548.4024254802403,553.4766235351562,4635380.0
2015-07-30,557.5749786080415,561.8197063655556,549.4757497840086,552.0128784179688,6484751.0
2015-07-31,553.9644886419086,565.2838023737164,553.2814132570701,559.6241455078125,6283549.0
2015-08-03,562.0635677910915,568.6014718975634,559.5264991209496,562.7466430664062,4355574.0
2015-08-04,564.8935347790751,570.3092405834135,557.818948573463,566.064453125,5903968.0
2015-08-05,567.9185029267219,575.2370403355714,562.5515754935656,566.3572387695312,3419273.0
2015-08-06,565.9668553267957,572.3095873261476,564.9422720693508,570.6019287109375,3125993.0
2015-08-07,570.7483208814635,570.7483208814635,562.0636332799903,566.2595825195312,2298504.0
2015-08-10,568.6503041795355,570.5531356418816,556.9406454062117,561.966064453125,2402572.0
2015-08-11,563.7225428325994,566.7962927517015,552.6471206929282,557.4285888671875,3168648.0
2015-08-12,555.6233160479075,556.0136022603366,542.5475069842778,544.3527221679688,4787034.0
2015-08-13,549.8660563007522,557.6237170990186,546.4507391808718,553.8180541992188,5982710.0
2015-08-14,551.4761712575299,560.3559721561901,541.4253329913737,556.2088012695312,7528941.0
2015-08-17,555.964779677664,557.916389259683,546.4994612931922,547.8168334960938,4466163.0
2015-08-18,553.2813880113835,553.5253392406654,542.0596314644154,547.76806640625,2952439.0
2015-08-19,547.3290871011786,548.1584975865774,539.4250303061363,540.5960083007812,4135059.0
2015-08-20,536.6927860659514,539.6202012626748,516.688782221675,520.4944458007812,8909772.0
2015-08-21,514.2492736026138,516.1033270651544,501.8565372606591,512.5903930664062,10454764.0
2015-08-24,494.4403964211475,494.4403964211475,463.6049530259951,470.38677978515625,17627734.0
2015-08-25,477.1686661813303,494.0013031785245,471.8017384430945,490.7811584472656,14248966.0
2015-08-26,487.41458117056834,489.75650713626777,476.82709131943085,483.60894775390625,6910566.0
2015-08-27,493.4645846919557,499.6121440844379,484.43838872949266,496.9286804199219,11302689.0
2015-08-28,503.5153605545449,516.1032683917718,490.0980423227135,495.85528564453125,10015309.0
2015-08-31,494.44038252941147,505.3694099353077,489.8540873299791,495.4649658203125,6111825.0
2015-09-01,487.9024596938822,488.87826461326995,465.6053113300312,468.48394775390625,8843551.0
2015-09-02,471.36258190321746,476.1928284477194,453.3589979575017,455.31060791015625,11537443.0
2015-09-03,459.60412282519945,477.6565140614334,457.40856172890074,475.1194152832031,8651466.0
2015-09-04,471.411388340834,471.70411792100793,451.3097999442337,456.6767272949219,8969600.0
2015-09-07,458.28680826615744,460.7751288618102,435.9408799184027,438.96588134765625,9743637.0
2015-09-08,441.3077887441717,464.09284028802,439.112227606141,462.4339599609375,12602488.0
2015-09-09,472.4847497837287,483.02343091008595,463.6049191384301,474.4851379394531,11672474.0
2015-09-10,466.2396106290082,475.2170284163167,460.67754007358866,470.9234924316406,8384392.0
2015-09-11,476.19282366071434,481.7549238815478,463.1170430652159,469.60614013671875,7212180.0
2015-09-14,468.3863754085155,485.9508644863348,467.6545216969397,484.1944274902344,5537347.0
2015-09-15,485.07263372073226,486.438754658617,469.21580370427785,470.2403869628906,9567400.0
2015-09-16,475.65613372550433,484.97505906548355,474.2412046394869,482.2915954589844,7293528.0
2015-09-18,487.90245958286135,507.8089037572044,487.90245958286135,504.9302673339844,18814281.0
2015-09-21,498.197227571082,517.1766466082948,496.4407904942831,515.2250366210938,7516002.0
2015-09-22,518.1524632899949,521.7629537594418,492.9767057988864,497.3678283691406,7358434.0
2015-09-23,486.682711157243,502.3931467817632,485.0726389709093,499.31939697265625,7602683.0
2015-09-24,497.6605425270561,505.66215531858484,493.9524954944188,501.5149841308594,6911468.0
2015-09-28,502.051666162156,509.37020356976757,492.7815187791813,494.4403991699219,6526803.0
2015-09-29,487.8049007807466,501.07585438935325,473.26541261701334,492.2936096191406,19935063.0
2015-09-30,496.4895125823934,497.6604903537299,479.6081000173691,483.6576843261719,12199436.0
2015-10-01,487.90246305297546,491.26900195972223,479.0226322695707,484.2431945800781,8137042.0
2015-10-05,492.29361555022376,502.4420112303217,489.41497892917977,500.8319091796875,9558125.0
2015-10-06,504.83269088217344,506.00366878911336,492.7815230043423,494.14764404296875,8226452.0
2015-10-07,491.0738304113325,497.4653407831966,483.0234397488516,484.7798767089844,11251639.0
2015-10-08,487.90252778682924,488.3416519735202,472.48481982044825,479.6081848144531,9941551.0
2015-10-09,483.02345780920814,487.17062891161044,474.97306684572135,478.58355712890625,10368020.0
2015-10-12,485.7556805488195,485.7556805488195,473.3629758485463,475.2657775878906,5566595.0
2015-10-13,475.2170106934615,480.19362189475737,473.265400793283,479.02264404296875,7268043.0
2015-10-14,477.8517259032805,484.77991765953686,476.2416238114125,483.5113830566406,5645540.0
2015-10-15,484.9750309061609,489.8540553619573,483.56010190229915,486.6339111328125,5251039.0
2015-10-16,482.5355721653098,495.2210371565111,479.5105707115669,492.7815246582031,5875167.0
2015-10-19,489.85408399167636,496.4895457276909,489.02464382987364,494.3915710449219,4242869.0
2015-10-20,492.39119080891345,500.88067612851285,492.39119080891345,497.0750427246094,5729459.0
2015-10-21,496.97746048623475,502.2956094970107,492.7815110169799,499.3681945800781,6245542.0
2015-10-23,502.7836093355395,514.7372225608871,502.7836093355395,512.9320068359375,11628906.0
2015-10-26,516.0543193543567,519.8112033851947,506.6378392310883,508.44305419921875,8015119.0
2015-10-27,504.7351176359673,515.7129234811188,503.1738535169091,509.1750183105469,13011580.0
2015-10-28,483.70653860363007,483.70653860363007,465.01984948643786,471.2162170410156,33157058.0
2015-10-29,473.2653863058692,474.6315072383342,455.7496760762698,457.6037292480469,22054683.0
2015-10-30,460.5799436342764,466.82508945652745,453.7493088769884,463.8976745605469,16103533.0
2015-11-02,466.2395868043406,468.24000479192927,461.6533214697586,466.6787109375,10316509.0
2015-11-03,469.3621692356448,471.80168154975934,461.89726751029474,463.1658020019531,9337442.0
2015-11-04,468.38637772817464,468.48396417937545,459.213817120172,461.0678405761719,6319148.0
2015-11-05,460.5799203279317,460.5799203279317,450.82187116844165,452.57830810546875,8078032.0
2015-11-06,450.8219111161994,456.18883862948746,448.3823986101593,453.89569091796875,9185858.0
2015-11-09,442.0396497465587,455.70091927514994,435.11142852978946,453.7005310058594,9643857.0
2015-11-10,451.7976871279418,462.0436389958541,451.0658334230909,457.01824951171875,7040567.0
2015-11-13,463.89762888314436,475.41214420775395,460.8726278326452,473.2165832519531,10014779.0
2015-11-16,472.2895907329505,473.26539567248136,465.45895615623425,469.8013000488281,6488927.0
2015-11-17,473.0214436995928,473.2653949340949,461.6045140132127,464.09283447265625,5944197.0
2015-11-18,463.2146303224555,465.16624025888177,451.0170682197913,452.3343811035156,6081331.0
2015-11-19,456.67671243457715,456.67671243457715,448.96785935573166,451.8464660644531,8717250.0
2015-11-20,451.74887801626454,454.0908037563979,447.16258319996894,448.723876953125,11446890.0
2015-11-23,449.846063588685,453.0174295467398,447.6017242069735,451.50494384765625,7774882.0
2015-11-24,451.65133127137716,455.65213755949344,451.5049664833542,452.62713623046875,5388027.0
2015-11-26,453.8469100907664,457.2134194631175,453.26142113668635,454.04205322265625,26648537.0
2015-11-27,455.70093648145155,463.8976925522576,454.8227179344376,459.6041564941406,10288912.0
2015-11-30,457.89643247781447,462.921821572077,456.7742628399424,457.3109436035156,8926273.0
2015-12-01,459.6041092024182,459.9456468742265,447.06501024604466,450.4315490722656,11177827.0
2015-12-02,451.06581823039755,452.1879879175316,446.1867936957259,448.3823547363281,7152991.0
2015-12-03,448.8702412373311,454.09080325973594,447.5528987039464,451.30975341796875,8154164.0
2015-12-04,448.7727263594707,451.6025549844393,445.0646791652646,449.35821533203125,7000002.0
2015-12-07,451.74895163540435,454.2860208961341,449.16304447632734,451.1146545410156,6335649.0
2015-12-08,448.8702881835908,451.74892476949344,446.4307757478104,447.6993103027344,7003729.0
2015-12-09,445.99167850273005,449.94370675462835,437.1606548641436,439.69775390625,8745990.0
2015-12-10,441.0638342665289,443.6009330743452,434.3307861152036,439.0634460449219,10192522.0
2015-12-11,439.06340633765313,439.8928166408889,425.98759745971296,429.9884033203125,15589823.0
2015-12-14,421.5478110721748,430.7691813510622,419.1082982766182,420.9135437011719,10389129.0
2015-12-15,421.5477471330727,426.32918553128746,419.2545994972255,425.5485534667969,11058615.0
2015-12-16,426.4267499757441,431.208188127183,423.49933521618516,427.5489196777344,8881531.0
2015-12-17,431.3057947595946,432.91586699686087,421.0110642850462,425.0118408203125,11529678.0
2015-12-18,423.7921008939328,430.1348334134735,420.66954275183605,422.0844421386719,10297545.0
2015-12-21,422.0844023540016,432.4767484798247,421.69408634543043,431.6473083496094,5061836.0
2015-12-22,432.1839828506921,439.7464708011338,430.9154483964924,435.8920593261719,8722574.0
2015-12-23,439.11226323220586,441.74694872328155,437.3558260909595,441.0638732910156,4493436.0
2015-12-24,441.8444739495566,444.2352080130934,437.59974619717696,439.8440856933594,3633255.0
2015-12-28,439.11220154214465,445.55251978726983,437.55090775859884,444.332763671875,5914945.0
2015-12-29,444.3815564336135,448.7726785916121,440.28319362033665,447.26019287109375,5987050.0
2015-12-30,446.91869576818226,448.87030579337085,442.62515966860855,444.0888671875,3766369.0
2015-12-31,444.96708797141963,444.96708797141963,437.35582074674875,438.2340393066406,6329611.0
2016-01-01,438.86831415578126,441.94209405784045,434.7699211002315,439.0146789550781,3345654.0
2016-01-04,438.03886025485787,438.03886025485787,425.5973464562693,427.79290771484375,5862854.0
2016-01-05,429.2566155997701,429.2566155997701,423.109055982013,425.8901062011719,5579449.0
2016-01-06,428.67107297083123,428.67107297083123,419.5960994752564,420.2791748046875,5756267.0
2016-01-07,414.7171029829003,414.86346776928883,397.1526139153892,399.3481750488281,13787371.0
2016-01-08,403.49537884064483,408.6183552346312,400.0800612446539,403.6905517578125,11307470.0
2016-01-11,400.0800274453379,413.1558077523448,397.54292863252675,407.1058349609375,10352347.0
2016-01-12,409.6428930671328,410.47233320408816,391.29777250239255,396.2743835449219,13070476.0
2016-01-13,400.08003829291863,401.4949674131973,382.9546729557206,396.8598937988281,15873927.0
2016-01-14,385.24777692730765,392.2735843801256,379.34416897456174,381.1494140625,11776737.0
2016-01-15,382.9546695586814,386.27240047632716,360.0720312695704,365.19500732421875,13178892.0
2016-01-18,363.24344444500775,374.0748868906804,357.876516454551,364.17047119140625,14117119.0
2016-01-19,366.90267858917775,386.41877851413403,366.90267858917775,383.4913635253906,14215698.0
2016-01-20,376.2703750649972,383.88164136662397,365.5852995077114,378.22198486328125,15605644.0
2016-01-21,390.32197070983744,402.47075395986235,388.07763128993713,399.2505798339844,28200956.0
2016-01-22,409.2525610930749,417.3029513604892,404.5687095764418,413.88763427734375,15009103.0
2016-01-25,419.3522312384698,419.3522312384698,405.1542793001942,410.6675720214844,10252421.0
2016-01-27,413.83891126223386,416.1808373335923,401.6413486205694,405.3493957519531,8648945.0
2016-01-28,405.93488444734976,406.8131030011303,392.66393034611446,395.8352966308594,9370465.0
2016-01-29,386.41879189395127,399.88488939675494,383.7353280613544,398.5187683105469,13667701.0
2016-02-01,400.0800098622299,400.4215475338064,384.9550338796334,389.6388854980469,10700914.0
2016-02-02,389.3461645087197,394.66431325391596,379.1977992593205,381.442138671875,12131028.0
2016-02-03,377.6365446546241,380.56395972946615,369.9764692529462,371.34259033203125,10077279.0
2016-02-04,376.4167950092617,377.24623525093034,364.3168184424463,373.4893798828125,11472602.0
2016-02-05,375.39216381078273,395.200991731573,374.9530396860665,389.8828430175781,11677917.0
2016-02-08,391.297784642625,407.837690443814,391.297784642625,398.66510009765625,11996680.0
2016-02-09,391.2977565573302,396.07919450954705,386.41873216135355,390.224365234375,6550274.0
2016-02-10,388.2727618822303,388.3703483276003,376.0264223579529,384.0768127441406,10922352.0
2016-02-11,383.3937269700527,387.15058167052183,364.26794558701084,368.0736083984375,8076824.0
2016-02-12,379.9784487435813,386.36998915419895,369.927669480625,381.6373291015625,28434501.0
2016-02-15,386.0772134773501,409.8380694096805,386.0772134773501,407.544921875,13964589.0
2016-02-16,410.61873400382785,412.27761442324856,395.2010268435874,395.9816589355469,12445006.0
2016-02-17,397.0550317951826,397.0550317951826,385.1990075011464,393.34698486328125,10197761.0
2016-02-18,400.2752132219022,402.1292367211793,382.1252347054321,388.4191589355469,12069460.0
2016-02-19,386.0284190728786,387.2969535137058,380.5639057523885,383.00341796875,12915275.0
2016-02-22,385.44297976972314,389.1022485650053,381.5885380603436,387.54095458984375,10284642.0
2016-02-23,388.2727813493537,388.2727813493537,373.97724487236934,375.8312683105469,9955791.0
2016-02-24,375.68494106472684,381.5397713150862,368.122451991346,377.2950134277344,11983475.0
2016-02-25,376.7582915103108,378.41714203295356,368.3175847750192,369.0494384765625,9491615.0
2016-02-26,375.6849156278039,380.8566700871022,372.90386549134155,377.00225830078125,9588881.0
2016-02-29,377.6365279694517,382.1740151791352,364.95106320562,366.6587219238281,82022905.0
2016-03-01,370.9034607091714,383.68651127766304,370.9034607091714,382.5155334472656,12822550.0
2016-03-02,390.3219898614948,401.83647665072704,390.3219898614948,397.3965759277344,15332044.0
2016-03-03,401.3973804381705,408.86228250418407,397.25020931491804,407.0570373535156,14677533.0
2016-03-04,408.0328389544168,408.0328389544168,399.3481807473943,405.983642578125,8992492.0
2016-03-08,405.5445442321101,412.8142732610224,398.90905268730523,401.7876892089844,6921273.0
2016-03-09,399.1042376788163,408.0816554258163,397.64053020566655,406.7643127441406,8437253.0
2016-03-10,407.3985068850021,409.83801890227755,400.6654596731617,403.00738525390625,5631550.0
2016-03-11,403.8368382895403,411.74086343567393,398.37232523917635,402.8122253417969,8348484.0
2016-03-14,407.49610677248734,412.03359331855677,403.10498499644586,405.39813232421875,6963673.0
2016-03-15,407.39853879929126,411.5457095535355,406.03241791843936,408.71588134765625,8188560.0
2016-03-16,408.86229873833605,416.0344715097542,401.05585866695975,414.3268127441406,8290044.0
2016-03-17,419.5961387119636,424.4751635807074,415.2050163300942,417.7908935546875,11080947.0
2016-03-18,419.5473588558128,427.01226092212005,418.71791867528873,425.5485534667969,6675930.0
2016-03-21,428.37840320771676,434.7211358292433,427.30501173130955,433.7453308105469,8910574.0
2016-03-22,436.184853598619,436.7703425794249,423.7921176585192,430.573974609375,8004834.0
2016-03-23,428.62233154296877,430.5739414760045,424.5727468877605,426.9146728515625,5018310.0
2016-03-28,427.25617204377465,427.98802570271255,409.6428761178154,412.6678771972656,9200929.0
2016-03-29,413.64368277183576,422.4259266938671,412.17997545149717,419.0594177246094,6674980.0
2016-03-30,422.8162370482832,434.9162412249873,421.64528907515785,433.5013122558594,9551121.0
2016-03-31,432.9646532138414,438.1364073578318,427.597726174937,433.40374755859375,12671936.0
2016-04-01,430.2324336467912,441.063875482853,429.40299341183396,439.0146789550781,8827751.0
2016-04-04,440.5759103398701,440.62468867296667,431.40335027756043,433.9892272949219,5347581.0
2016-04-05,432.6719216044875,438.6243379304638,420.57194582431566,422.13323974609375,12100258.0
2016-04-06,422.8162869761818,425.74370192347834,412.8630940228964,414.3755798339844,7457831.0
2016-04-07,417.40053976737687,421.35253764192146,414.61948988789646,416.3271484375,5374072.0
2016-04-08,416.3759639880814,417.01023121913965,409.88683756029474,411.39935302734375,6881318.0
2016-04-11,413.6437270058283,421.4501668824344,407.3985810603843,419.4009704589844,6221772.0
2016-04-12,420.0840305632798,425.89008192177084,419.010639163491,423.5481262207031,5586212.0
2016-04-13,429.4030083759596,434.5259849843226,427.5002063603778,429.8421325683594,9091282.0
2016-04-18,434.18444326553436,435.25780493377437,426.8170977056378,434.4771728515625,6674315.0
2016-04-20,435.3065712300543,449.50452059328893,433.59891265746995,447.9920349121094,10775664.0
2016-04-21,452.57834564463184,461.3118122784549,451.7977135588041,456.6279602050781,11717618.0
2016-04-22,454.33482110243614,466.9226998445999,450.9195035487139,464.3368225097656,7323373.0
2016-04-25,462.5315373748115,465.8004898500733,453.7492929942771,458.5307312011719,7474910.0
2016-04-26,458.7259370184006,473.16783912442935,452.4319828489999,468.5815734863281,12685893.0
2016-04-27,450.138820352695,462.0436528878873,446.96745420298936,454.2372131347656,29544825.0
2016-04-28,451.7976913048927,460.433571057814,450.3827622174183,456.7254943847656,16457436.0
2016-04-29,455.45695343414167,465.8980781508478,453.798073132877,460.9702453613281,10883473.0
2016-05-02,462.873055443995,467.41054222583756,457.11581254987203,460.3847351074219,9439328.0
2016-05-03,462.4339303572055,463.5073216895902,455.0178072543317,459.16497802734375,8097969.0
2016-05-04,454.7251433029409,458.62836341712926,449.11426438879516,451.26104736328125,8777977.0
2016-05-05,451.7976678890467,455.99361703983425,447.35776751369696,449.89483642578125,8736141.0
2016-05-06,449.84609313505626,452.8222863948754,447.8944831865311,450.28521728515625,4804806.0
2016-05-09,454.52996502966835,466.43479814934653,450.4803801647568,465.55657958984375,10228014.0
2016-05-10,467.4105766499349,477.1686262668438,466.5811364766568,476.14404296875,12131886.0
2016-05-11,470.9234637921505,487.2681963216951,468.63031625753797,486.1460266113281,21878712.0
2016-05-12,486.5363588204659,494.63552807359855,478.7299191435365,480.6327209472656,13528266.0
2016-05-13,481.75490944968124,484.19442179289575,474.72910198954213,478.7786865234375,7426191.0
2016-05-16,480.09603391318717,481.7061061198601,465.7029109452613,474.6803283691406,5809867.0
2016-05-17,478.8275205841974,493.2694225269137,478.43717476476854,491.17144775390625,8982435.0
2016-05-18,486.4387617999829,490.82988402285133,483.26739575013346,488.9758605957031,8241793.0
2016-05-19,489.6100986025749,489.6100986025749,477.16858638098483,478.6322937011719,5989236.0
2016-05-20,481.9988720061294,483.70653068649233,476.2904070330752,478.72991943359375,5012902.0
2016-05-23,483.41378440138215,483.41378440138215,473.26541849667586,474.7291259765625,4700955.0
2016-05-24,471.55777256075646,479.071483072993,470.3380162944327,477.119873046875,4838908.0
2016-05-25,482.04765324592114,490.8298979406849,481.41338597380684,490.0004577636719,7144175.0
2016-05-26,490.341938437754,510.34593791630914,488.146377519376,506.4427185058594,11207975.0
2016-05-27,507.6625168311225,512.2975902668704,496.6847113254039,500.0024719238281,7699491.0
2016-05-30,501.514947322182,509.4189433000166,500.10001828559535,501.27099609375,4892196.0
2016-05-31,502.5395683018568,506.15005866541617,498.34361876946497,502.7347412109375,5706744.0
2016-06-01,512.1512025725323,516.6399410634519,497.66052293399366,499.5633544921875,9559476.0
2016-06-02,498.1483654601645,512.2975354879262,494.48909734953645,511.6632385253906,7013241.0
2016-06-03,514.3956517312942,531.7649695678068,514.2492571516239,529.5206298828125,13581215.0
2016-06-06,528.9838373511741,531.8136955176585,517.4693509011888,519.9576416015625,9416306.0
2016-06-07,526.056450688406,526.056450688406,514.0052827844091,521.47021484375,11455340.0
2016-06-08,523.4217325450234,528.3495350051637,517.9571897838064,525.9588012695312,6988719.0
2016-06-09,529.8133692638773,532.6920061026971,524.1048739275573,529.4718017578125,7019405.0
2016-06-10,526.9345843669902,535.8632219810121,525.2757043193405,527.9591674804688,6382258.0
2016-06-13,516.9814556944694,521.665307588959,511.32179884036077,518.298828125,6788154.0
2016-06-14,522.8363090807921,522.8363090807921,512.7855294541719,516.8351440429688,8234417.0
2016-06-15,519.0306461361208,520.4943534748484,510.0044508806348,516.005615234375,7836638.0
2016-06-16,515.2249033226235,515.5176328332869,503.51524642892747,510.7850036621094,5375177.0
2016-06-17,514.151611328125,520.9822454380763,512.004828696174,514.151611328125,7201452.0
2016-06-20,502.5395671241256,511.22425531138214,501.5637621394186,509.809326171875,11335041.0
2016-06-21,511.8096915011557,511.8096915011557,502.9786686977075,504.8815002441406,5301794.0
2016-06-22,505.3694211431849,508.3943927469142,501.17341209758666,503.7105407714844,5374493.0
2016-06-23,505.46703185724266,515.2250826652976,502.344443686982,513.663818359375,5874012.0
2016-06-24,489.85412525920515,499.2218595068559,480.87670706787185,498.1484680175781,9745784.0
2016-06-27,495.1233957850348,505.076587806668,494.8794445622614,502.0028381347656,4612787.0
2016-06-28,502.5395561841675,507.90648348322173,500.3439950163726,501.5637512207031,4479273.0
2016-06-29,505.95491477707344,506.3940389580901,501.8077433444745,505.32061767578125,4721178.0
2016-06-30,509.37022221144275,522.2996387714076,508.39441718804915,520.5919799804688,10912401.0
2016-07-01,522.8362755500634,532.4967682906924,522.5435459794033,529.7645263671875,6701034.0
2016-07-04,532.3016304024561,533.7165595718534,526.4468003705317,530.6915283203125,5173772.0
2016-07-05,528.1057364708976,533.0335403556369,522.299684165409,526.6420288085938,5219466.0
2016-07-07,531.0741621570592,537.6732038646566,527.2329118766437,534.0781860351562,4650991.0
2016-07-08,532.8470253166607,540.2339988654129,531.8620955101604,538.2149047851562,6016471.0
2016-07-11,543.3364798982332,544.6661109149107,533.3886540998438,536.1957397460938,6082359.0
2016-07-12,541.7113659428616,553.6289919474679,540.8741996961774,552.5455932617188,6541827.0
2016-07-13,555.2049350180388,555.2049350180388,542.7947835865182,548.4581298828125,6365885.0
2016-07-14,547.3746404073324,553.2349837132127,545.2570176623672,551.8068237304688,4020476.0
2016-07-15,547.7686470765606,561.8531290017721,547.6208835834167,556.5344848632812,6247207.0
2016-07-18,561.4099067647904,568.1074164364611,560.4249771037995,562.3948364257812,6641864.0
2016-07-19,562.0994705161955,565.2019634363925,555.3526650573294,556.9285888671875,5547223.0
2016-07-20,554.8109193761494,559.2923377416244,547.4731806729387,549.8370361328125,5258296.0
2016-07-21,549.4923598997922,549.4923598997922,527.479142783213,529.9414672851562,9416152.0
2016-07-22,529.8429731611441,537.0821828065492,524.8690899267585,529.5967407226562,8134377.0
2016-07-25,510.6860630337457,531.8620521470061,510.6860630337457,529.9906616210938,15701682.0
2016-07-26,531.5666156744435,550.7727464344987,527.380664098534,545.4541015625,11437473.0
2016-07-27,545.5033231126397,549.6892745894381,535.2600896856792,540.5786743164062,7787071.0
2016-07-28,539.840065935968,545.0109480239192,529.9415322478173,535.6541137695312,12174235.0
2016-07-29,534.3244157824402,543.4842508870703,534.3244157824402,537.91943359375,4861274.0
2016-08-01,538.0179264930721,549.2953852133418,538.0179264930721,542.2531127929688,7026398.0
2016-08-02,543.6812602479428,547.2269835512477,538.8550800872848,541.36669921875,5749264.0
2016-08-03,541.3666329589239,544.6168889417004,532.6992035177359,541.0711059570312,6489800.0
2016-08-04,543.5827997912692,547.6209880672089,536.442058490033,539.2490844726562,5769753.0
2016-08-05,544.0752923103117,560.4251043488665,542.2531359545549,558.7014770507812,8030392.0
2016-08-08,559.8834019121903,563.7738869585023,556.7316142753546,562.542724609375,7360104.0
2016-08-09,561.902457874471,567.3195718417096,558.1597366110843,565.4481811523438,7958291.0
2016-08-10,565.3989571932455,566.6301194814091,554.5154945889471,559.3416748046875,6611328.0
2016-08-11,555.7465829418228,566.2361082876131,555.7465829418228,561.1636962890625,5098948.0
2016-08-12,561.2621579049328,584.2603021579686,561.2129234436666,582.0934448242188,13209690.0
2016-08-16,584.9991097062136,584.9991097062136,571.2593259638412,574.5095825195312,11126973.0
2016-08-17,579.3356922125164,588.9879917600986,576.3809029561949,580.6160888671875,9879769.0
2016-08-18,582.191966472654,588.2985431061379,581.8964995629606,584.2111206054688,12089285.0
2016-08-19,586.4272250996072,588.5940225604352,577.2673298964868,579.680419921875,9209878.0
2016-08-22,581.0100893929363,581.0593238578614,570.6683269143105,571.5054931640625,9499230.0
2016-08-23,572.4904563805576,576.1839431959161,571.3577630443762,573.7216186523438,6963978.0
2016-08-24,576.0361934388321,576.0361934388321,569.9296765171626,574.6080932617188,5835501.0
2016-08-25,577.9567426817798,585.0482486276064,576.1838812241579,577.7105102539062,17177795.0
2016-08-26,577.6613351460691,580.1236596778085,571.5547582842863,577.5628662109375,7531289.0
2016-08-29,577.5627448537384,588.0029746284796,577.1687489653083,580.2713012695312,12461059.0
2016-08-30,583.0784382517112,590.219179260706,579.6804184381552,582.2412719726562,11834475.0
2016-08-31,582.5859356321181,594.7497937585208,571.9487065650308,587.8552856445312,120541914.0
2016-09-01,588.0522610031898,593.9126046978195,583.0783780781246,587.6583251953125,10204784.0
2016-09-02,588.692527240858,592.9277131689968,585.294507559263,590.169921875,7279782.0
2016-09-06,593.4201567755931,628.1881638963899,593.4201567755931,626.3168334960938,15252302.0
2016-09-07,628.1389508689919,628.680650210844,613.1187721143825,615.6795654296875,11869960.0
2016-09-08,616.5659880887612,624.4454256362213,610.4101775048078,619.865478515625,8039571.0
2016-09-09,605.8302721202261,615.2856338977666,602.4815470010625,603.8604125976562,9795054.0
2016-09-12,588.7909298480828,592.7798828878766,579.5326272528661,583.1768188476562,8471237.0
2016-09-14,584.0632829510996,595.5377374295782,581.5517243645118,592.7306518554688,5915220.0
2016-09-15,591.9919417550483,593.9125665555334,574.5094408323937,579.8773193359375,7145326.0
2016-09-16,583.324692024331,603.1710521520064,583.324692024331,593.124755859375,19309804.0
2016-09-19,593.9126103043492,596.8673994103409,583.9155497829416,585.3929443359375,5311980.0
2016-09-20,589.7759140319075,589.9729120022217,580.271378146485,584.0140991210938,4538973.0
2016-09-21,587.5105952400122,591.3025507272773,585.5407357421412,589.8744506835938,5480087.0
2016-09-22,600.8071420003876,602.777001482356,581.1085471807028,582.8814086914062,10205715.0
2016-09-23,586.6241693936423,587.1166342974702,547.3255061373836,549.0491333007812,30222177.0
2016-09-26,550.6741414704092,551.5606021986481,537.0821243678666,539.1505126953125,14880674.0
2016-09-27,542.6962200171846,545.8972412786289,530.581597727708,532.846923828125,9085199.0
2016-09-28,534.9646063415604,542.3515793089094,532.3545185136277,540.8248901367188,10240083.0
2016-09-29,546.0943173285548,546.4882531632585,515.5614947756284,531.172607421875,16581655.0
2016-09-30,526.9373710606194,538.9042905429902,522.603656486136,533.191650390625,5781645.0
2016-10-03,534.767575434149,543.9766437867504,534.7183409738005,542.5977783203125,5276340.0
2016-10-04,544.6661846906492,545.0108860778597,532.847026975843,538.3626098632812,5690321.0
2016-10-05,541.7113131741482,542.3515414994883,525.2137413638446,527.6268310546875,8222912.0
2016-10-06,523.6871810714825,526.9374373535854,516.1524441360835,522.8007202148438,10646794.0
2016-10-07,522.0127322645902,531.2710953357952,522.0127322645902,525.8046875,7702773.0
2016-10-10,529.8921762355012,530.630873507205,522.308205556275,523.5393676757812,3261598.0
2016-10-13,521.0278633494819,521.9143242141726,505.4659845579538,510.9815673828125,10008090.0
2016-10-14,513.1484123123021,517.0881314087497,509.0116952379636,512.8037109375,4314775.0
2016-10-17,516.2509091470412,525.7554443670197,509.30710690050086,511.1784973144531,7930102.0
2016-10-18,516.0047051886057,526.0017057935689,510.58759171984525,524.4258422851562,13532992.0
2016-10-19,527.5776550227074,533.8319350122304,521.1263169408946,527.4791259765625,10754624.0
2016-10-20,529.0057610425234,536.6389668411402,527.9223623301473,531.9113159179688,6969699.0
2016-10-21,530.5815970044034,531.074061813185,516.3001175497359,518.1714477539062,6526349.0
2016-10-24,521.4710320082636,522.0127313101407,509.7503447496935,513.6900634765625,10660533.0
2016-10-25,513.0499062670815,523.490137071286,512.261914412521,521.1262817382812,7356952.0
2016-10-26,491.4799417102037,494.4347309389224,477.19846043806353,480.2024841308594,38780250.0
2016-10-27,477.6909174118856,482.2216001658829,470.10694649382486,478.33111572265625,17198496.0
2016-10-28,479.5622863769531,486.5552935713959,477.24769546685064,479.5622863769531,12688495.0
2016-11-01,480.6949361470769,480.6949361470769,467.2999160479119,468.6295471191406,10425548.0
2016-11-02,462.7199935684074,473.25875412240134,461.045630995293,469.614501953125,9885845.0
2016-11-03,468.33407108463194,472.5692567601215,466.51194513302124,468.6788024902344,6631504.0
2016-11-04,467.25062427493384,478.3803474575891,467.0536563777106,471.48583984375,10868004.0
2016-11-07,477.4447015693291,482.0738834683662,474.7853791919808,478.08489990234375,6990315.0
2016-11-08,479.71000782066295,485.02865235166917,475.96728690993314,483.4527587890625,7460548.0
2016-11-09,452.08275199395496,486.5060585315955,452.03351752987777,480.2024841308594,12824970.0
2016-11-10,486.5552978261516,505.8598969326316,486.5552978261516,499.3101501464844,11433458.0
2016-11-11,497.38951443550286,504.9734853915478,487.54021711994835,491.23370361328125,7085764.0
2016-11-15,490.495042628467,495.4196916508412,469.5652842833768,472.07684326171875,11822835.0
2016-11-16,479.51304356991085,480.0055084333784,463.0154706437471,465.5762939453125,10704594.0
2016-11-17,467.20146316632946,477.0999957715005,464.2466737250638,466.9552307128906,10250008.0
2016-11-18,470.7963899726763,471.68282067866437,464.8868118558645,466.3149719238281,4572569.0
2016-11-21,468.72808974013304,469.31905363662446,456.07173569243776,458.68182373046875,6217176.0
2016-11-22,460.99634787327534,468.3340863811799,451.1470505781927,463.6556701660156,7313923.0
2016-11-23,467.8416749317118,475.2778832154517,462.0798293447023,473.2587890625,6477616.0
2016-11-24,472.4707644449516,472.4707644449516,459.02645069575584,461.1440734863281,8199524.0
2016-11-25,465.13304109342045,465.87173835296534,458.2877677985706,464.098876953125,4674455.0
2016-11-28,457.00738597676934,470.4024360600361,454.20033028843847,465.77325439453125,8268812.0
2016-11-29,465.87178315068434,468.4326065748862,456.0224854096551,457.6476135253906,7612624.0
2016-11-30,457.99231101234113,463.90188921895196,455.08675637102317,462.76922607421875,13575386.0
2016-12-01,466.85669264486074,467.299923047022,457.30286222800555,459.0264892578125,7451748.0
2016-12-02,459.86367607433306,459.86367607433306,451.0978076575864,453.0184326171875,6381901.0
2016-12-05,450.8023120450039,457.69681958302783,448.9309216671205,453.80633544921875,4995436.0
2016-12-06,454.84051948275857,456.2194450969061,447.50281131615066,449.0787048339844,5465618.0
2016-12-07,450.9500857285526,450.9500857285526,434.6002460961766,440.3620910644531,7558363.0
2016-12-08,443.11988537074615,446.02544013570747,440.6575610132096,442.57818603515625,7629221.0
2016-12-09,444.89276003940836,451.09780516157633,438.8354183038763,449.52191162109375,7780448.0
2016-12-12,438.293773954773,445.1882827585559,437.4073431201069,438.39227294921875,6849079.0
2016-12-13,439.0816602903106,447.6013264753221,435.63440624567886,446.1239318847656,8404874.0
2016-12-14,447.79835299588626,462.7200343019858,447.1581546010539,460.15924072265625,12775149.0
2016-12-15,452.18120378145875,472.17526345242254,452.18120378145875,470.8948669433594,18021627.0
2016-12-16,472.27378457351875,473.4557122201279,461.6365559847114,465.67474365234375,20477361.0
2016-12-19,462.4245221528833,465.62554387172645,459.42049840903724,460.55316162109375,3735250.0
2016-12-20,461.93204968458775,462.6215125280807,453.51091240103926,454.69281005859375,4836019.0
2016-12-21,456.56418327769137,458.78027526221666,448.2415447481879,450.8023681640625,4454408.0
2016-12-22,448.9309682938945,448.9309682938945,438.34297347509823,440.8052978515625,6540181.0
2016-12-23,441.24850928146043,442.578170399088,429.4293527828499,431.4977111816406,9018273.0
2016-12-26,428.5429120592135,429.2816093231431,420.56497559724033,425.4896240234375,4494204.0
2016-12-27,424.6032565363442,432.2856972019632,424.6032565363442,431.0545349121094,4694669.0
2016-12-28,433.0736030929188,441.49474004334945,431.39921057219647,433.4183044433594,5072550.0
2016-12-29,435.33893134826076,439.1801512015645,431.1037456229178,437.5550231933594,6082573.0
2016-12-30,438.78617925086894,445.3852202323671,438.3429488649217,443.16912841796875,4616817.0
2017-01-02,444.597276339348,445.18824019184467,434.60024554126426,441.0022888183594,3054394.0
2017-01-03,442.8244048437346,450.90081045331453,436.81632758469976,448.3892517089844,4621782.0
2017-01-04,448.14302795931434,453.0676766182079,445.13900430045726,446.27166748046875,3703873.0
2017-01-05,447.74907457411723,456.908909312228,446.41941338757323,451.1470642089844,5829373.0
2017-01-06,452.77224147690214,454.8405700125635,447.20736405592396,448.3400573730469,4431212.0
2017-01-09,450.01439333781974,452.42748323001877,444.7450132038977,445.92694091796875,2690456.0
2017-01-10,448.6354779205478,449.1771772319617,418.0041582683356,440.6083068847656,9436151.0
2017-01-11,445.040533018346,450.6546148043445,441.44554528510923,446.76416015625,5678047.0
2017-01-12,447.35512757219016,454.44660410375525,445.779233879285,448.3400573730469,5106342.0
2017-01-13,450.1128666321128,468.03859894556194,448.34000521986775,465.67474365234375,12693510.0
2017-01-16,465.37932278536704,473.2587610547489,461.2426056708729,470.0577392578125,7430300.0
2017-01-17,470.1069295794936,480.8426872595443,469.762228233714,479.8577575683594,11331156.0
2017-01-18,479.808491984489,484.2899401040372,475.9672722089254,481.1381530761719,8789347.0
2017-01-19,479.3653230166255,480.54722068613705,472.0768187951195,476.5090026855469,7688347.0
2017-01-20,451.0978020844166,454.44655704905534,441.24850509567386,443.9570617675781,30189779.0
2017-01-23,438.53999465770937,442.1842469508142,434.4525419879872,438.29376220703125,16502895.0
2017-01-24,441.05153474643043,445.7299511089921,438.58921034508217,444.4495544433594,7103963.0
2017-01-25,445.1882517558388,458.09083763020817,445.1882517558388,456.5641784667969,14328065.0
2017-01-27,458.23855757024705,471.633607929885,458.23855757024705,465.7240295410156,8821164.0
2017-01-30,464.8868290619178,469.4175117973603,463.75416589247465,464.788330078125,4525720.0
2017-01-31,464.8868738264485,464.8868738264485,457.30290220917675,458.977294921875,10629001.0
2017-02-01,460.7008728098032,472.6677627996356,453.0676675414419,468.4818115234375,8340303.0
2017-02-02,469.07278671820325,478.67585164314283,466.2164964956527,475.27783203125,7557596.0
2017-02-03,476.4105452703117,485.077915286887,472.9140265265343,483.3050537109375,7134563.0
2017-02-06,487.29403843414383,492.6619180862502,484.58548137362055,490.79052734375,8575116.0
2017-02-07,490.8889736232706,492.1694003126184,483.2065337178646,485.9643249511719,5242366.0
2017-02-08,484.9793901547548,485.2748871065985,474.588393588151,480.2517395019531,9694192.0
2017-02-09,483.60047952690303,487.0969679158935,475.67180751699385,477.9371337890625,7938519.0
2017-02-10,482.36933128488744,485.0778880200246,478.87284279532366,481.5321350097656,10345868.0
2017-02-13,485.2748660235591,486.4075291455764,479.41452239646713,482.9110107421875,6626404.0
2017-02-14,482.9110414952627,484.0437347470814,474.8346356284774,479.5622863769531,4089031.0
2017-02-15,480.6456839256631,486.0135627056872,476.50896724585846,480.8426818847656,6242589.0
2017-02-16,480.35025992927416,486.90003687565724,479.2175666498132,485.7181091308594,5218900.0
2017-02-17,493.4497522248475,496.4045411603256,480.0547030391465,481.7290954589844,12983330.0
2017-02-20,482.02461500397266,483.25577719496033,472.4215499142685,473.8004455566406,5840632.0
2017-02-21,474.63761440159436,501.37844963143107,473.94818164912544,496.7492980957031,16440027.0
2017-02-22,500.83673844755975,520.092101521149,500.1472756537682,517.383544921875,20167381.0
2017-02-23,517.0880603845278,522.0127085786662,510.24278737160864,520.1906127929688,10360480.0
2017-02-27,519.9444608647686,519.9444608647686,499.6548710951195,501.280029296875,7372140.0
2017-02-28,501.72320523160806,504.7764934474094,496.99555448677853,499.0146484375,5799421.0
2017-03-01,503.29913876711845,514.1333668032012,502.4619424073411,505.6629943847656,7624002.0
2017-03-02,507.3372916775351,511.96647353927796,496.1091285635719,498.669921875,7112655.0
2017-03-03,499.6055942960394,507.23879953171075,498.62066458821084,505.17047119140625,3965255.0
2017-03-06,506.9433473055879,512.9513946509874,504.5794918922902,510.8338317871094,6994407.0
2017-03-07,511.17854238550626,512.065003210346,501.5754772828884,504.0870361328125,6043543.0
2017-03-08,496.9955658848218,505.07197193060153,492.7111153916213,502.4619140625,8850848.0
2017-03-09,501.92022673091236,511.7202601016425,498.86693837198777,508.6177673339844,8560015.0
2017-03-10,511.3755000499318,512.163431768046,505.268924032707,508.125244140625,5494130.0
2017-03-14,516.9896696450026,517.7283669858278,501.87096133357403,503.20062255859375,7975713.0
2017-03-15,506.9433451043247,508.0267437634333,501.3784680721597,503.9885559082031,6248549.0
2017-03-16,505.26889035916685,509.0116108572793,503.59449799767816,505.90911865234375,5362177.0
2017-03-17,507.53425879361976,511.1785106808863,503.9885359448585,509.3564147949219,20296836.0
2017-03-20,510.1936221812812,510.43985462441896,493.7452829566154,495.2719421386719,4932998.0
2017-03-21,491.2336895321642,492.4648516613175,478.72507027689903,480.941162109375,11017752.0
2017-03-22,477.69092486647264,494.828696365612,476.7059951244799,478.1341552734375,12685275.0
2017-03-23,480.20247442668983,484.58542371711786,475.7210562100974,480.8919372558594,6942275.0
2017-03-24,483.60053098776734,488.22971306306124,477.5432187394753,481.97540283203125,5501203.0
2017-03-27,481.0396643347202,485.8165794395779,476.2627492298626,479.8085021972656,5384510.0
2017-03-28,484.880894084393,497.3895136791952,482.66480219176293,495.22265625,11194711.0
2017-03-29,498.37442392171323,505.2689317625275,492.5633447531322,496.6015625,12677454.0
2017-03-30,491.4307293759535,496.4046127785428,487.54024469321166,491.7261962890625,8454772.0
2017-03-31,492.1694332038355,496.1091524048022,481.43367433506353,483.4035339355469,6985211.0
2017-04-03,488.22969732319746,496.10913545594116,483.94524682698386,493.05584716796875,5755303.0
2017-04-05,496.2568512371569,502.85586240372925,491.3322025795642,500.6397705078125,6595144.0
2017-04-06,500.0488531950058,509.8489163696613,497.53726426225774,501.0337829589844,9928098.0
2017-04-07,499.3593536132581,507.14032222259783,494.92717000130614,496.6015625,5019268.0
2017-04-10,497.0447489653262,505.26891767190943,495.7643524250923,503.0528259277344,5986936.0
2017-04-11,501.9202365147981,508.8147151178848,500.4428418017783,507.2880859375,7406691.0
2017-04-12,507.53428528376156,512.5574630495794,495.6658938864003,498.37445068359375,6161411.0
2017-04-13,498.9654272827948,503.64384368831884,495.32117511226545,499.9010925292969,6216374.0
2017-04-17,497.93123723540623,501.37849145834093,493.69605121315493,494.77947998046875,4070932.0
2017-04-18,497.38952792332475,501.28001249153596,490.4950196154767,492.1201477050781,5450454.0
2017-04-19,490.7413107993247,493.89309842612323,480.89201203767243,491.97247314453125,7447021.0
2017-04-20,488.67289294388917,496.7985634394696,479.6607916785068,480.6457214355469,8153829.0
2017-04-21,484.58543465817803,489.510083384379,476.01653385152014,478.9220886230469,10301245.0
2017-04-24,480.59646303034367,496.0106069486466,473.7511895368372,491.13519287109375,14182302.0
2017-04-25,493.44982452984374,512.3112540445371,487.63874478344184,508.6177673339844,13778124.0
2017-04-26,511.67097552739966,517.0880888390468,500.39351851917576,509.3564147949219,11516903.0
2017-04-27,516.1031954361704,516.1031954361704,495.6659028688029,498.9654235839844,22108735.0
2017-04-28,500.63976026483925,507.5342682444091,496.89703938471195,501.96942138671875,9287281.0
2017-05-02,501.8216978386033,505.36742082331904,494.04075897687926,497.93121337890625,7539462.0
2017-05-03,499.2608758523238,499.70410625542485,492.46486670335156,493.30206298828125,7220815.0
2017-05-04,497.34030436542355,513.9363471099957,494.43474949175595,511.0307922363281,15719994.0
2017-05-05,514.1333665951746,514.5273625697383,494.9272350844354,496.8970947265625,9440005.0
2017-05-08,501.32923630478945,505.95841809334377,495.7151247788976,503.49609375,6834456.0
2017-05-09,505.2689478997464,513.3946181145084,502.8558580553249,510.3905944824219,7872272.0
2017-05-10,511.17857552855975,519.5997134491693,507.92831915231426,518.4177856445312,8812464.0
2017-05-11,517.2850726626552,526.5433754548628,505.71214908589366,509.11016845703125,8962710.0
2017-05-12,508.9131963509385,509.06089973915556,491.676926318545,495.4196472167969,9934430.0
2017-05-15,497.38953488123747,500.83678908338464,490.8889923742256,492.5633850097656,8806756.0
2017-05-16,494.533224593094,496.89704993905,486.0628228838874,493.9422607421875,8610492.0
2017-05-17,493.79452617601817,499.11314070679634,490.9874704338194,495.22265625,6443135.0
2017-05-18,490.4949660882717,491.57839471566285,482.8617612947293,484.58538818359375,9227022.0
2017-05-19,488.27890786185594,496.2568445918589,486.752278821513,494.1392517089844,7611430.0
2017-05-22,496.40455604426074,499.802575445012,491.9723725081513,494.73016357421875,4970982.0
2017-05-23,494.6809752713129,498.47296088423,487.737232439901,493.05584716796875,7549551.0
2017-05-24,495.4196425635451,497.3895019773166,487.54020490845886,491.775390625,7271148.0
2017-05-25,494.4347331586814,502.2156721510389,488.377421224148,499.8026123046875,9157557.0
2017-05-26,500.3442900655008,505.2689385897675,497.3895009509407,503.7423095703125,5995136.0
2017-05-29,504.1855079183193,507.2387960028801,494.631707853449,499.6055908203125,5441466.0
2017-05-30,497.38952447398117,509.1594470266812,496.05986329801163,506.64788818359375,4725430.0
2017-05-31,506.25383560936314,508.2236948918898,501.82165222367803,506.3030700683594,7263061.0
2017-06-01,504.43178059794775,508.174501514247,497.8819739079195,501.62469482421875,8105813.0
2017-06-02,505.7614339255524,505.7614339255524,498.71919212293335,500.3935546875,4474040.0
2017-06-05,499.70404406947347,508.96237639980404,499.3593126941474,505.90911865234375,3858825.0
2017-06-06,506.2538904527835,506.64788639810496,497.9312220594312,502.51116943359375,3866339.0
2017-06-07,502.3141196438595,507.6819982395913,500.442759327308,506.4508361816406,3389166.0
2017-06-08,506.2538815164127,513.9363213918429,503.64382374191854,507.9775085449219,5980728.0
2017-06-09,507.23874958084,508.56838050933635,501.7231377486219,505.90911865234375,3242063.0
2017-06-12,504.72725133680433,505.3674195910543,498.3744425656173,499.8518371582031,2360518.0
2017-06-13,501.3292468482444,504.5795030267462,497.8819926950639,498.81768798828125,2181945.0
2017-06-14,501.3292514250721,503.2006119709202,493.99151263753055,501.82171630859375,4648343.0
2017-06-15,501.18151008983324,501.62471044343016,496.40459478326176,499.9503479003906,3425367.0
2017-06-16,499.99962471651213,506.5494021076004,499.8518912527996,502.7574462890625,4999502.0
2017-06-19,503.2991472327719,517.432866362348,501.6247544850534,512.311279296875,6844723.0
2017-06-20,512.3604608130105,513.8378554173644,502.80663034845367,504.13629150390625,4388846.0
2017-06-21,503.34833966709164,504.77649983603754,499.11315374031614,500.09808349609375,4346995.0
2017-06-22,501.2307300556297,506.6971080532356,499.01463817873616,500.34429931640625,3463745.0
2017-06-23,501.920214163613,502.7574104752439,496.05987003986786,497.0447998046875,3548884.0
2017-06-27,498.3744582642325,499.0639211188917,477.1492339718973,485.4226379394531,9842829.0
2017-06-28,486.35824953193014,492.80955677913744,482.6647633415064,484.58538818359375,12691859.0
2017-06-29,490.4950217192678,506.64789387021585,490.19955481358966,504.38250732421875,11855524.0
2017-06-30,502.9050994595654,512.1634324186771,500.44277526524485,509.5533447265625,7600005.0
2017-07-03,509.30713151616425,513.9363131991486,507.23880316106056,509.45489501953125,3701949.0
2017-07-04,509.011654155682,509.75035142664575,498.9161247858442,500.7382507324219,4086213.0
2017-07-05,500.09805382305245,507.63279005381855,500.09805382305245,506.1553955078125,3154406.0
2017-07-06,508.2440769543708,510.08407525977776,505.4094414917571,506.7521667480469,3514758.0
2017-07-07,505.5089329043303,506.2051698424442,498.546684935161,500.4364318847656,3509920.0
2017-07-10,506.3542852519426,510.38246066405856,503.96723520383034,507.19970703125,1238680.0
2017-07-11,509.238678899551,509.6365458998337,503.07210463105554,504.06671142578125,3928279.0
2017-07-12,506.15536620350645,507.14997294800264,501.48073271616784,504.0169677734375,5504892.0
2017-07-13,505.2602606936868,514.0625067009379,505.2602606936868,509.13922119140625,22231839.0
2017-07-14,511.22791879700713,511.72522221996144,504.96190780897996,510.18359375,3160157.0
2017-07-17,510.3327491754314,511.2279196205849,505.75758195927517,507.7467956542969,3169635.0
2017-07-18,506.2547702363953,519.8808930892567,505.60828200315416,513.7640380859375,7864083.0
2017-07-19,515.2062623336009,519.1349708767605,513.2667671585248,517.3944091796875,8119092.0
2017-07-20,517.9912435554174,541.2650684969914,517.8918071512339,537.0877075195312,16391849.0
2017-07-21,537.0875666034308,539.4746467373893,529.3793654160667,537.8832397460938,5567645.0
2017-07-24,538.0822230766536,543.4531235228402,528.5340230678498,531.9156494140625,4779353.0
2017-07-25,530.6227263578796,544.5472215200358,527.0918843686719,542.010986328125,8181916.0
2017-07-26,535.9935878400902,541.0163396550395,522.566397066238,525.9977416992188,12085057.0
2017-07-27,529.5285746343823,532.0648093064823,519.18464178013,521.8203735351562,12290852.0
2017-07-28,520.9749279907918,526.7934130584592,509.23858218323153,512.3218383789062,8268116.0
2017-07-31,514.6095622293394,518.3890557785154,506.6526777913565,516.99658203125,7245884.0
2017-08-01,515.4051632934536,518.9360046578374,511.9737583088104,513.7640380859375,4562630.0
2017-08-02,515.9521805691182,521.2235834775943,509.8353256158867,514.1121826171875,4079631.0
2017-08-03,513.2170943309196,513.5651824187134,502.0774863437812,503.2710266113281,4140945.0
2017-08-04,503.2710303859816,508.04513078599643,501.8785869653931,505.3597106933594,4972811.0
2017-08-07,506.25486697460985,509.03975390517945,501.3812996696175,503.0721130371094,5293884.0
2017-08-08,504.9618842700724,508.19435636859293,493.3746907729834,496.7563781738281,8898560.0
2017-08-09,491.78334247468416,495.96067280652545,482.83188130975066,484.32379150390625,7169705.0
2017-08-10,482.483755155385,491.4849343751812,480.9420964342497,482.881591796875,10095387.0
2017-08-11,480.2956155388629,490.6892686943869,477.4112619021356,487.0589599609375,9261420.0
2017-08-14,488.3519452807257,494.76717136705594,487.10868676422695,489.097900390625,3983656.0
2017-08-16,490.2914590965751,498.8450537285058,485.36814304538916,496.8061218261719,5958229.0
2017-08-17,497.50234956733743,500.7348217717256,492.3303818991197,494.4687805175781,3948664.0
2017-08-18,492.62875543091394,493.2752741589402,487.20816636778886,487.75518798828125,4166976.0
2017-08-21,489.44601902416326,500.6850638762107,489.14761876830016,492.1314392089844,17884400.0
2017-08-22,493.32496708295366,504.2656417561643,493.32496708295366,496.5077209472656,6654272.0
2017-08-23,502.2764495546218,503.0721228780662,497.4526003546375,499.9391174316406,3288488.0
2017-08-24,500.287212885047,507.746763772995,499.3423242980441,504.116455078125,7157375.0
2017-08-28,504.7629348717476,510.1338357025284,503.4699582142572,507.8462219238281,3724389.0
2017-08-29,506.6526792550588,506.7024278050274,498.2979885122772,500.88397216796875,3266295.0
2017-08-30,503.4699562992962,506.752146480743,499.5909656355995,501.1823425292969,3972126.0
2017-08-31,501.2817977942565,502.67424116197606,495.86117891103964,497.6514892578125,4491876.0
2017-09-01,499.29259717072495,507.05051781425345,495.8114734852717,504.8126525878906,4569367.0
2017-09-04,503.8678250153269,506.25487533135976,497.00504397436066,499.0439758300781,3744616.0
2017-09-05,499.54126684082013,503.91753070372044,498.7953117385193,500.68505859375,3216819.0
2017-09-06,499.29260149517245,499.29260149517245,488.84923034836106,490.19195556640625,4947660.0
2017-09-07,491.3357691268427,496.3088032273168,491.3357691268427,493.9217529296875,4564617.0
2017-09-08,495.31415079093654,495.8114541551845,489.19732548128474,491.3357238769531,3662579.0
2017-09-11,492.67842840941546,494.7173599762948,489.9929782136837,491.2362365722656,3590293.0
2017-09-12,492.2309191277136,499.49156727272293,490.5898239120376,493.8222961425781,3324949.0
2017-09-13,493.42442377037804,502.87318806819684,492.38006845198316,496.6071472167969,4430874.0
2017-09-14,502.2765079881779,518.9858925483687,499.39215391389433,516.9469604492188,15168429.0
2017-09-15,515.1566131376724,517.1955449718457,508.2440836165637,513.3663330078125,8942804.0
2017-09-18,515.8528039913746,523.1631391630684,515.5046552128318,521.720947265625,7337260.0
2017-09-19,519.1847257279915,521.2733756295632,514.7089953337846,517.9414672851562,2386279.0
2017-09-20,513.9631088343349,519.6820984343299,513.9631088343349,516.6485595703125,8297561.0
2017-09-21,515.2063247927777,519.6820554135643,502.92292468513153,509.78570556640625,3103034.0
2017-09-22,506.6527232566559,507.7467968621189,500.486178999215,502.5748291015625,4546160.0
2017-09-25,501.28181562371003,502.27642240074124,485.6664770831247,498.9942321777344,11921527.0
2017-09-26,497.30337160364905,515.4052264712175,497.30337160364905,509.1889343261719,5292394.0
2017-09-27,510.63114148375814,511.12844487020277,497.80068983109425,503.56939697265625,5300694.0
2017-09-28,505.1110856302484,514.4603837791257,502.92293845896165,509.0397644042969,10408979.0
2017-09-29,508.34351752633285,514.1619731019513,502.3758770083629,506.4040222167969,11578743.0
2017-10-03,511.22788221059,514.2117025347764,501.38128121137316,506.9013366699219,10712537.0
2017-10-04,504.7629418474127,508.24406558429143,501.77912150151667,503.2213134765625,4792373.0
2017-10-05,503.9175371767423,505.11107749695157,494.76717268277264,498.4969482421875,9349884.0
2017-10-06,500.2872270037911,504.2656542563063,498.54666508081567,500.6353454589844,11343137.0
2017-10-09,500.6850479707568,506.0559185227716,498.5466494601293,503.2213134765625,3942277.0
2017-10-10,504.7629367429988,512.9187244138353,501.3812797891117,511.77490234375,4932758.0
2017-10-11,517.0960872278332,520.4777138433191,506.6526857247622,512.9684448242188,6188165.0
2017-10-12,513.5154776894931,523.1134575730209,510.0343538963352,522.2680053710938,4800917.0
2017-10-13,521.4226367740238,531.7665722103512,519.682074801006,526.5946044921875,6447797.0
2017-10-16,527.4896462368359,528.8821199181647,511.42678423695503,517.5435791015625,7148294.0
2017-10-17,518.140428278075,523.2626169108347,508.2440784066513,510.38250732421875,9443230.0
2017-10-18,485.3681335777718,486.36274040887383,458.4142823843095,461.994873046875,49308621.0
2017-10-19,461.39806473177646,462.49213822613507,455.5298909840212,457.8174743652344,3302209.0
2017-10-23,456.1763758679883,458.5634259767269,445.0865167720861,447.5233154296875,21127981.0
2017-10-24,449.21420347586934,455.3310298833194,447.67257491121717,449.5126037597656,19327721.0
2017-10-25,465.6251259872859,473.93009810014206,454.18714880333704,470.448974609375,37624005.0
2017-10-26,469.4544278593547,485.2189523231115,468.9571244400122,481.6880798339844,24936306.0
2017-10-27,482.3843045013034,488.7497820364956,479.0523656057993,483.3291931152344,7576778.0
2017-10-30,484.572432775316,486.36271282858104,479.00262876639476,481.3896789550781,4815226.0
2017-10-31,492.3303475906194,526.1469775261367,490.6395039526477,520.3285522460938,39655956.0
2017-11-01,522.1188281537828,541.0660746944421,521.6712429728582,532.2140502929688,22542766.0
2017-11-02,531.1200275819481,535.0984547548467,523.4615431329223,529.280029296875,7800191.0
2017-11-03,532.4627512657531,542.7569685559231,531.2194927069875,537.1871337890625,9303981.0
2017-11-06,536.1426966013239,538.6292131987755,527.8874736389788,531.6172485351562,8013536.0
2017-11-07,532.611949459211,536.4909403202985,520.1793642710876,524.3070068359375,9642624.0
2017-11-08,534.8000364835647,548.9234638110378,530.7221125766174,541.9114379882812,19642327.0
2017-11-09,545.9894105981949,552.45435474606,530.1254201249301,537.4855346679688,11290503.0
2017-11-10,532.0649629147966,545.9894592431084,529.5784457133124,541.86181640625,9869691.0
2017-11-13,553.9959509047197,561.5052196061287,531.1697142154752,534.451904296875,21701958.0
2017-11-14,534.4519896148057,546.9840728888767,529.7276068735538,542.707275390625,10644657.0
2017-11-15,543.5525735102017,548.4261707298292,534.2032460420911,539.0768432617188,7814066.0
2017-11-16,541.0660576799125,545.541787936456,538.2811709948143,539.673583984375,5176117.0
2017-11-17,547.0337185464722,554.3938328602163,537.6346725138869,539.4747314453125,4373503.0
2017-11-20,539.3255160137926,544.5472015077021,533.855178829697,542.2098999023438,3458524.0
2017-11-21,544.0498856372152,545.9396627216368,536.2422470270063,543.8509521484375,5770768.0
2017-11-22,543.6023814927624,544.0499667327344,536.0931116434075,537.5850219726562,4536211.0
2017-11-23,539.4747700748768,544.8456105452384,532.6616768506258,541.21533203125,10724159.0
2017-11-24,542.0109618258492,544.746130394769,538.1319712093535,542.5579833984375,3947490.0
2017-11-27,541.1655243520637,558.8197946852039,538.0325494207565,556.383056640625,9301318.0
2017-11-28,556.4825135982383,562.8480215035601,554.9906033741142,559.5160522460938,10113136.0
2017-11-29,557.5267687524796,559.1678940757662,543.8509267450083,546.536376953125,6387037.0
2017-11-30,544.1991422651457,544.5472303674626,531.2692536902106,532.5125122070312,19370807.0
2017-12-01,536.4908182573706,536.9881215517486,529.0312688417007,530.970703125,7138045.0
2017-12-04,533.3081999567338,537.9330853409432,526.7935372933954,532.06494140625,4181453.0
2017-12-05,532.114656564928,534.9492617614319,527.8875775174497,530.274658203125,6167602.0
2017-12-06,529.3297597444305,531.6173432805873,526.3459392957087,527.638916015625,4234770.0
2017-12-07,530.025916492278,535.0983862055172,526.2463625974233,531.169677734375,3528298.0
2017-12-08,533.8055111331324,541.5634324596774,533.7060140240577,539.57421875,6007380.0
2017-12-11,547.0337539769148,549.2716193340931,539.7731362925996,542.16015625,5326031.0
2017-12-12,541.0660913541986,541.0660913541986,532.214066680166,535.6951904296875,5232189.0
2017-12-13,535.0984610140574,540.0714950383516,530.1751451888098,532.860595703125,4163419.0
2017-12-14,534.1038339365832,540.4693415284612,531.8659687105919,538.5298461914062,3558224.0
2017-12-15,549.2218294327179,549.420762913026,540.1211538858993,544.9947509765625,6059220.0
2017-12-18,535.0487352366134,550.8132285879461,527.1415991087855,545.6910400390625,5889302.0
2017-12-19,546.2877078794603,553.0013028329174,542.4584965217294,550.6640014648438,4325512.0
2017-12-20,550.5147927424412,554.7915892892183,545.6411957691068,551.5093994140625,3534649.0
2017-12-21,548.8239847980963,553.9462337710225,542.110389329919,545.9893798828125,5781370.0
2017-12-22,546.934322127795,551.8078591892794,544.1493744286798,550.6143188476562,3075576.0
2017-12-26,552.0067749023438,554.2446402060019,547.332110793506,552.0067749023438,3272086.0
2017-12-27,551.0121469430806,557.6263062023161,548.0283266527751,551.60888671875,4163259.0
2017-12-28,543.2045805734753,551.2111539456774,541.0661514645202,543.9007568359375,8433564.0
2017-12-29,545.2435107743324,564.7874997942665,544.0499703617746,560.9085693359375,8363189.0
2018-01-01,560.7592297579129,566.7268697923126,557.4770398801876,562.4500732421875,6943234.0
2018-01-02,563.9420954727295,565.5334421828509,553.349508021403,556.4825439453125,6292268.0
2018-01-03,558.2728207514206,562.4004635203717,552.7527647961381,557.4274291992188,3990149.0
2018-01-04,561.8035646097136,561.9527798956155,554.9905330650504,556.8803100585938,2766664.0
2018-01-05,558.0240723748062,562.9473876411313,553.6975575472335,560.2122192382812,3249056.0
2018-01-08,562.7485397729022,564.9366869692616,559.4166311303891,562.4004516601562,3770339.0
2018-01-09,560.9581830892773,569.9096434577232,559.9635763816722,562.2511596679688,4607504.0
2018-01-10,563.0966787629952,563.643700376041,557.4274077141956,559.7647094726562,2411625.0
2018-01-11,558.9689217177014,560.1127436157041,550.5644836182962,555.7364501953125,2825921.0
2018-01-12,557.1786705947787,560.3614240909386,549.5201870681991,552.1061401367188,6013121.0
2018-01-15,553.6975827775084,561.4057849913245,553.399212897524,557.5267944335938,3943472.0
2018-01-16,559.9138849323155,563.8425937562093,552.8024223508627,560.1625366210938,5993564.0
2018-01-17,561.0079271588629,586.1217476842179,557.9743887019464,582.0438842773438,8453944.0
2018-01-18,592.7857278760861,593.9295501233433,575.4795430818718,581.6461181640625,9466991.0
2018-01-19,581.7455284136526,590.7964258060673,578.0654711958867,587.066650390625,3897048.0
2018-01-22,592.7359283846521,618.396771414328,580.0049736193691,608.2517700195312,21790443.0
2018-01-23,613.0756795318797,624.2152275582579,608.1523635401234,616.7556762695312,14286343.0
2018-01-24,618.5459803256355,618.5459803256355,603.0300781450533,604.6712036132812,6158610.0
2018-01-25,606.7100840860606,615.9101960168739,595.3715434781278,612.7771606445312,6749846.0
2018-01-29,611.2356415427691,617.5514316086895,600.3944630527569,602.2841796875,7017160.0
2018-01-30,602.3337946320835,604.1738534549287,589.2547529203891,590.5477294921875,6447963.0
2018-01-31,586.1217625629798,592.7856401216508,583.9833944123036,590.3985595703125,7108060.0
2018-02-01,590.3984563457966,606.7100289474267,582.9389068095577,589.602783203125,7839731.0
2018-02-02,584.6298523627078,584.6298523627078,558.2727727278772,561.8533935546875,6185174.0
2018-02-05,548.1277885086357,565.5831865825533,544.5472282763349,563.1961059570312,9318595.0
2018-02-06,540.0715374893036,573.9378897155295,531.1200755419671,560.659912109375,13938327.0
2018-02-07,564.9365624989771,571.5507208317495,553.001283009562,556.3331909179688,7679830.0
2018-02-08,559.7646639172293,573.7886554446254,556.6814072902724,565.3842163085938,5816886.0
2018-02-09,556.8803309830998,558.9192626331823,547.4315670723001,554.54296875,5865587.0
2018-02-12,560.6599231112227,564.93672065101,557.3279535640722,561.1572265625,4765319.0
2018-02-14,561.9528544679101,562.7982459842741,537.1871203160463,540.9666748046875,6478108.0
2018-02-15,531.8659576732371,551.8078107987051,528.4842704528579,540.7677001953125,11593643.0
2018-02-16,544.0996751138991,545.6413036184298,532.1146744931477,534.9492797851562,3910503.0
2018-02-19,534.9492540337479,542.0109988817023,524.6550977256937,537.6347045898438,4251723.0
2018-02-20,539.0768343864968,545.0941928136381,526.5448141794593,528.8323974609375,3395183.0
2018-02-21,531.1200591624104,535.5957899980486,521.5718576621092,532.9103393554688,4638382.0
2018-02-22,530.1253661533843,530.8713211714238,524.6550293544282,527.3901977539062,7808359.0
2018-02-23,524.1578178110052,535.9936637859059,522.7156257156792,533.7557983398438,3888629.0
2018-02-26,538.1816814596326,551.4099996351501,536.0930315929602,549.3212890625,5297794.0
2018-02-27,548.6250368604589,548.6250368604589,533.2584117583486,535.4962768554688,4136383.0
2018-02-28,531.1200008311171,533.6065176889406,517.195506427305,525.8983154296875,6626661.0
2018-03-01,521.173927963772,532.6616235859002,519.1847144982614,522.9144897460938,9827510.0
2018-03-05,521.1739257061746,526.0972411531822,518.4884753981726,521.720947265625,6766199.0
2018-03-06,523.1631256796924,527.7880711301634,508.4429586192535,514.5597534179688,12240160.0
2018-03-07,508.14460064347116,515.1068784949905,504.81266184143425,509.88519287109375,10428057.0
2018-03-08,515.6539037290144,521.1242410879361,504.71322901117077,517.7425537109375,8483978.0
2018-03-09,519.6323242412964,519.731760636883,500.28721023322896,502.6245422363281,4955525.0
2018-03-12,507.8462171123417,519.1350098952855,502.574783078924,516.3998413085938,5283334.0
2018-03-13,514.3111225056093,532.0648892911489,511.87438455012364,528.6334838867188,7846232.0
2018-03-14,526.0972422506113,535.0984210206366,519.6820166975514,533.2584228515625,4976540.0
2018-03-15,532.3135736878858,536.2920009042288,525.4010442582936,526.7935180664062,3932830.0
2018-03-16,528.03684122527,530.0260550770043,517.6929049138558,519.7815551757812,12146623.0
2018-03-19,519.7815348406308,523.1632225386747,514.2614787592242,516.6485595703125,4656613.0
2018-03-20,506.25489306138815,522.1686028629249,506.25489306138815,518.2896118164062,5398111.0
2018-03-21,520.179296893075,529.6280604121654,519.681993549965,523.4614868164062,5518826.0
2018-03-22,519.7814455294123,523.063696257184,513.9630205228647,515.4052124023438,7194256.0
2018-03-23,506.7521903312003,507.4981454690775,493.3249978494119,496.8061218261719,29385110.0
2018-03-26,496.308771424718,506.5532088740525,492.5292778917375,504.5639953613281,9498614.0
2018-03-27,509.53708899281503,519.731809442988,506.3046166549553,509.4376525878906,6423140.0
2018-03-28,510.1338763707167,510.1338763707167,498.8948007820486,507.7467956542969,10980960.0
2018-04-02,504.0170051495548,505.75756708149703,489.54548808517455,496.3585205078125,7120498.0
2018-04-03,491.33573243101984,503.2710133807612,491.0373625484719,498.8450012207031,6053789.0
2018-04-04,501.7791173033087,501.7791173033087,487.6059707788842,489.5951843261719,6047813.0
2018-04-05,495.7120241211191,501.92831663455854,492.52930056603253,500.3866882324219,6682587.0
2018-04-06,500.23751864341745,500.23751864341745,492.52931569005784,497.5023498535156,3812133.0
2018-04-09,499.49157564379465,519.1847792679331,498.49696878695954,516.4993286132812,8708770.0
2018-04-10,520.1793570762669,546.7353708119878,518.5880104765906,543.2045288085938,21689156.0
2018-04-11,547.133108502547,548.0282787938557,531.119965292049,536.888671875,9261807.0
2018-04-12,534.4022066243757,547.0337247739892,531.9654078910047,545.7904663085938,8021652.0
2018-04-13,547.033734088307,552.5537896274566,532.8605873414737,539.6239013671875,8788919.0
2018-04-16,538.5795610780267,540.8671444871161,527.4896714105565,539.4747314453125,6418203.0
2018-04-17,542.0109897675251,542.0109897675251,527.3902576132871,529.5286865234375,5541004.0
2018-04-18,532.6119858207647,532.6119858207647,513.7144550446778,515.4550170898438,7131174.0
2018-04-19,518.190109865656,518.6376950384054,506.35429576849697,510.1338195800781,10559623.0
2018-04-20,510.7305769228216,511.0786650102895,500.28720582702874,502.97265625,4437940.0
2018-04-23,505.65808743569306,508.443004667585,497.30339644599843,503.469970703125,4766412.0
2018-04-24,503.27101948416015,511.97382861555616,500.63531764639237,502.1272277832031,4564259.0
2018-04-25,503.27102309998224,503.27102309998224,493.623325338095,495.7120056152344,4608455.0
2018-04-26,494.07088680219044,498.3476835452416,480.6934143137592,491.0870666503906,14919977.0
2018-04-27,478.65451668635706,540.1709222367984,478.65451668635706,536.2919921875,58859461.0
2018-04-30,532.9103592930745,533.2087292187497,510.63120139018724,514.5101318359375,18357008.0
2018-05-02,515.7036074545048,525.1026535213421,512.6203507665803,520.92529296875,25195767.0
2018-05-03,519.1848328444647,535.8942176223986,519.1848328444647,530.5233764648438,12001916.0
2018-05-04,531.0205851418817,531.0205851418817,516.2506380069929,517.493896484375,5929870.0
2018-05-07,520.9253095476477,534.999019997294,520.1793544504434,533.2086791992188,6792091.0
2018-05-08,533.7557270708393,544.5471858318746,530.5729733868822,539.3255004882812,12028184.0
2018-05-09,540.1709082836086,546.685631140985,534.1535495133254,545.5418090820312,7556830.0
2018-05-10,545.5418025882516,551.0121397153899,540.0217472647895,544.6964111328125,11415139.0
2018-05-11,545.6412539722915,553.4986717986354,542.5579972437657,550.31591796875,4960854.0
2018-05-14,548.2272860407334,555.8857706221083,544.5969469003338,548.9235229492188,4999526.0
2018-05-15,545.0445687650347,560.4609753633158,544.3980500123897,546.7354125976562,6752759.0
2018-05-16,542.0606578480114,549.7688598632812,538.1319491958077,547.03369140625,9929095.0
2018-05-17,547.033738993561,550.0175593880713,533.6065472182644,536.5406494140625,8551787.0
2018-05-18,533.904869686089,537.7838601367476,525.6496461358414,530.0259399414062,7343619.0
2018-05-21,532.1146762419904,534.8995633409382,519.0355715996294,524.0086059570312,4258800.0
2018-05-22,525.5502532312988,530.622723588648,517.842050592476,520.4777221679688,4711540.0
2018-05-23,519.1847758552078,525.3513504682481,516.5988223268286,517.4442138671875,4426060.0
2018-05-24,518.8863304223119,534.103800875905,518.2895299754014,531.5675659179688,5188026.0
2018-05-25,532.7113801450533,540.5687981820704,529.6281233338592,535.5957641601562,4588810.0
2018-05-28,538.7785164016434,545.0445271085933,538.0325613006736,543.2045288085938,5611936.0
2018-05-29,544.0498823534131,546.9342661583358,540.27038891336,544.7958374023438,8015443.0
2018-05-30,540.8174096169271,541.762298151936,532.1643189218607,538.728759765625,5919369.0
2018-05-31,540.0714268943315,548.8239535315347,529.3794050911748,542.955810546875,15652651.0
2018-06-01,540.0715276496695,541.3645044328639,529.9762436883726,533.7557983398438,4061137.0
2018-06-04,536.6401427475191,539.0272235987826,528.384917588047,534.1536254882812,4291186.0
2018-06-05,531.7665184434113,533.1092132615858,521.4225840529596,528.0367431640625,5088506.0
2018-06-06,527.1415229936215,530.9210161116266,523.7598361108962,528.5339965820312,5281259.0
2018-06-07,530.9210768771802,547.0337185464722,529.2800121451282,539.4747314453125,6932191.0
2018-06-08,538.1319873154616,538.9774395038371,532.5622136180788,534.501708984375,4627913.0
2018-06-11,536.8888095801958,539.6736968477047,527.4897619346127,537.0380249023438,4095873.0
2018-06-12,540.5687187196969,541.5633253778748,532.9102353105324,534.2529907226562,3320721.0
2018-06-13,536.8887396890681,548.8240213155282,533.954637481367,537.7341918945312,5924906.0
2018-06-14,536.8887189562621,536.8887189562621,528.136191576047,529.1307983398438,3736633.0
2018-06-15,524.953426882519,531.7665194965424,513.316515846709,525.8983154296875,7854953.0
2018-06-18,527.3902966188356,528.1362517767124,518.6377682409461,519.7318115234375,3711213.0
2018-06-19,519.3338986693975,521.5717636839925,511.62569695245924,514.4105834960938,6483110.0
2018-06-20,517.941540698611,524.5557008343823,514.3609801581254,516.3004150390625,4555002.0
2018-06-21,518.4387461245559,519.184701154951,508.3434941171406,510.282958984375,4856050.0
2018-06-22,510.23332334755725,524.9534928545937,507.7965243794566,522.8151245117188,5932446.0
2018-06-25,517.543636472796,520.5274569441433,510.3327370003734,512.4214477539062,4882240.0
2018-06-26,513.7143716483041,515.902518576772,509.28835959648933,511.4267883300781,4505122.0
2018-06-27,513.2170925596902,513.2170925596902,498.8947611635061,505.1110534667969,5659070.0
2018-06-28,505.26025814871036,510.7305955892968,498.0990769943827,501.87860107421875,4854274.0
2018-06-29,503.07210155482795,511.725192757225,496.06013583608546,508.0451354980469,7747444.0
2018-07-02,507.99542499949956,511.02896360964627,500.287222270677,509.4873352050781,6799910.0
2018-07-03,510.13383221165265,517.0960795415509,506.5034932500998,508.79107666015625,6658467.0
2018-07-04,509.18892920618646,513.4657260177783,504.9121020416059,511.97381591796875,3893493.0
2018-07-05,511.22786932122216,515.0570810249917,506.25483557296127,508.2440490722656,2692462.0
2018-07-06,510.2332675218242,514.1122581654928,506.7521438642679,510.92950439453125,2706424.0
2018-07-09,512.3219527430559,526.4453818397202,512.3219527430559,522.417236328125,6295104.0
2018-07-10,525.102689298736,532.0152189250068,519.1847665048499,529.6778564453125,5281760.0
2018-07-11,529.528668330426,539.4249571215363,527.9372610757397,533.65625,6432494.0
2018-07-12,536.7892887733749,542.7569294252056,532.4129946796403,535.446533203125,4128221.0
2018-07-13,536.7893288532063,538.0823056164481,516.6485401494482,520.1793823242188,4169212.0
2018-07-16,520.1793500790149,527.0421611980137,515.5544042328225,519.2841796875,5032325.0
2018-07-17,518.8863810930824,536.9384581379173,516.2009305846825,534.9990234375,4511522.0
2018-07-18,538.2812191663542,539.4747594827726,512.2225085328089,523.710205078125,4954888.0
2018-07-19,525.2021208336498,534.5017310538777,515.6042014136503,523.9588623046875,5276418.0
2018-07-20,523.9587839029222,533.5567625927257,522.1685040302987,530.8215942382812,2532288.0
2018-07-23,532.0152926281299,541.8618652092512,527.6887158842807,537.4358520507812,6009401.0
2018-07-24,538.1319721541819,545.9396715973028,535.1481518919396,543.1547241210938,6171893.0
2018-07-25,544.049968212409,544.5472716568445,526.6443476571674,529.3795166015625,3341114.0
2018-07-26,532.5124677010626,541.0660612995096,523.5610071280928,538.728759765625,7920089.0
2018-07-27,540.2703888039553,552.0067360968919,534.3524666091084,550.2661743164062,7678597.0
2018-07-30,553.0511301585163,568.1194483098801,547.8294441643188,566.5778198242188,12949737.0
2018-07-31,578.8611286136215,581.2979272927955,545.0444991069838,547.4315795898438,21735293.0
2018-08-01,547.5310217899361,552.5040555936594,535.347088970814,542.2098999023438,6871812.0
2018-08-02,542.3094311501131,548.3267909639051,536.0931378081816,544.2986450195312,6495837.0
2018-08-03,543.5526839858192,575.4298237599837,542.806728792792,571.6503295898438,15953749.0
2018-08-06,572.0978760436365,600.7425413718245,572.0978760436365,593.5813598632812,22629303.0
2018-08-07,593.7802101387831,603.6268409209625,580.5519529418782,589.8515014648438,16424825.0
2018-08-08,593.5315695472743,595.6699983114862,583.8341538739003,593.083984375,7138029.0
2018-08-09,591.7910656637265,621.0325308377393,591.7910656637265,617.7005615234375,18227195.0
2018-08-10,617.9491882139679,620.5352022987885,607.9534020877097,612.1804809570312,16074351.0
2018-08-13,608.6993795179786,612.6778068350897,599.3500510403746,601.6376953125,8445677.0
2018-08-14,605.3177493075372,617.9492693760964,605.3177493075372,614.716796875,10225641.0
2018-08-16,611.5837099462029,631.5752811782736,607.9533710554642,620.0875854492188,18777302.0
2018-08-17,626.6022594781333,629.0390581839663,616.9545617544965,623.9168090820312,13411536.0
2018-08-20,626.6023057290348,627.1990455473357,618.7448874541662,621.0325317382812,6463139.0
2018-08-21,622.027132705024,634.8078061252704,613.9707809980582,632.3212890625,15522297.0
2018-08-23,641.1733485231722,641.1733485231722,625.160141355337,628.3428955078125,12699837.0
2018-08-24,634.608915435189,639.9300987321199,630.5807696629246,636.448974609375,15035968.0
2018-08-27,639.5321782087599,647.9863360855476,638.5375713997261,646.693359375,9819034.0
2018-08-28,648.4836614325586,659.2254031923919,638.5375930056789,656.490234375,9886447.0
2018-08-29,653.9540396649525,664.0493240273464,649.7269603211105,653.3572998046875,13329261.0
2018-08-30,658.280506949383,658.280506949383,639.5819106639613,646.2457885742188,14868623.0
2018-08-31,645.9971258246444,649.9755530814551,637.7916196074723,645.7484741210938,10207700.0
2018-09-03,651.9149904325607,651.9149904325607,626.2043701523389,628.3925170898438,6494484.0
2018-09-04,627.596881900394,640.9246371137931,619.3913759167518,638.338623046875,9305124.0
2018-09-05,637.5429681166102,643.162520901123,627.9449880739593,634.2110595703125,8837398.0
2018-09-06,635.4542935250827,639.8305269162823,621.2313680622389,634.758056640625,10026621.0
2018-09-07,636.5483647012095,644.5052192599746,628.6909465420358,642.0684204101562,6999943.0
2018-09-10,641.4716108183969,674.2936323027719,639.8304854617877,648.2349243164062,32430222.0
2018-09-11,648.1355870534568,662.1098013481278,643.9582260844558,646.6436767578125,19162102.0
2018-09-12,661.413506284042,661.413506284042,626.7017055064424,632.0228881835938,14448365.0
2018-09-14,638.3386751311319,640.5268223798378,628.5915399752446,632.9678344726562,12083354.0
2018-09-17,630.2823606514933,630.5807305594573,618.6454485930321,622.5741577148438,6644742.0
2018-09-18,620.6346573396332,629.6358369435067,602.8809498375513,605.3176879882812,10724450.0
2018-09-19,608.3014884330817,619.1427267256092,598.0570506380951,605.5166015625,9373364.0
2018-09-21,615.6118673338644,630.5806869571887,560.3614738591741,595.9683837890625,24788799.0
2018-09-24,596.3661610033289,602.4830165724225,584.6795321222295,594.1282958984375,11998797.0
2018-09-25,595.5704985631802,616.4572399205481,586.3703862986252,611.03662109375,17515392.0
2018-09-26,615.6616235519288,620.9827457735789,608.7490939895918,614.1199951171875,8725133.0
2018-09-27,614.0204566856038,616.4075371829838,593.7802334784047,596.9132690429688,9683836.0
2018-09-28,595.2721169211648,616.4572277380662,590.8461049131372,609.9425659179688,16754620.0
2018-10-01,611.7825261632772,614.1696064057859,569.4123071535423,590.2493286132812,20117451.0
2018-10-03,589.4039187860208,589.4039187860208,566.0306608344384,569.1636962890625,18385327.0
2018-10-04,561.9528027760194,587.364992601067,550.8131952523613,583.0881958007812,16877024.0
2018-10-05,582.839578781195,587.3153093349755,561.952836196886,565.4339599609375,9860010.0
2018-10-08,566.9258744433715,571.4016050310823,543.1547477062481,553.5484008789062,12918017.0
2018-10-09,558.8695873066454,560.8588009141351,546.188350558898,549.8683471679688,8053297.0
2018-10-10,550.9623917736436,587.6136242643481,549.8682879836975,586.0222778320312,13695001.0
2018-10-11,552.0067842178852,582.6406620837353,547.1331865252802,577.7173461914062,11223315.0
2018-10-12,586.4699267565861,599.0019482151835,577.617901911113,581.7455444335938,10689006.0
2018-10-15,581.8449915548006,581.8449915548006,566.3788675956944,573.4405517578125,5065325.0
2018-10-16,574.6340231700387,591.1444701721533,567.174472890895,585.6741333007812,13083651.0
2018-10-17,591.5423966807385,595.570542095754,563.5441908656636,572.9432373046875,9609195.0
2018-10-19,567.323752175932,573.4405476712508,551.5591977174327,559.5160522460938,12664549.0
2018-10-22,564.886880498443,568.9150254429895,555.1894652920284,559.0186767578125,10235243.0
2018-10-23,553.9960372429962,568.3184007288005,550.5149131310563,559.7150268554688,9513054.0
2018-10-24,571.4016133471915,573.8384121771619,554.2446458445996,561.0576782226562,9759225.0
2018-10-25,554.9905704189935,561.6544478322453,549.47051505871,558.0241088867188,13041860.0
2018-10-26,558.9690439274902,560.9582576069474,531.6670740357425,534.8001098632812,9229395.0
2018-10-29,538.4303583542855,573.8881144940668,535.64547149967,563.6436767578125,15917739.0
2018-10-30,561.803590225558,568.6664009824198,555.9851651056802,559.6652221679688,8522604.0
2018-10-31,565.2349811338291,582.8395320414645,554.9905441623501,579.2589721679688,12135088.0
2018-11-01,578.9109521503736,604.7707323609757,578.9109521503736,598.902587890625,16048865.0
2018-11-02,609.14696961899,614.5675890232352,601.836572941564,607.356689453125,12488669.0
2018-11-05,625.5082624934887,629.5861262325064,613.8713503887527,621.0325317382812,24201213.0
2018-11-06,622.6238324370223,624.7124823529019,596.8137748457615,604.1738891601562,15354794.0
2018-11-07,609.5945685025853,609.5945685025853,601.3890619112709,603.5771484375,1528117.0
2018-11-09,605.7154621098795,620.4356286866259,597.75860874883,609.892822265625,13927467.0
2018-11-12,609.2463267707177,615.1642488237991,601.5381247846475,603.2786865234375,7073703.0
2018-11-13,603.179266505387,617.4021306728862,600.792186059299,614.96533203125,8938939.0
2018-11-14,618.8940511842583,619.9383761322446,605.5165782340176,609.3955688476562,9840254.0
2018-11-15,609.9426538322884,629.0888357911496,607.456136694774,622.7233276367188,11005288.0
2018-11-16,623.220589411443,633.2661543991995,613.2248033278976,616.457275390625,12204545.0
2018-11-19,616.4572589207614,616.9545623017408,605.317651045629,612.9761352539062,9046876.0
2018-11-20,611.3848180491084,616.2583549929321,606.2625686968836,609.3458862304688,6658508.0
2018-11-21,607.6053086408974,625.2595790572724,606.9090717508866,623.46923828125,7842430.0
2018-11-22,622.4249221830673,626.0055430802378,608.7987969062968,611.235595703125,6946666.0
2018-11-26,615.3135185990768,631.326663731537,613.175089705384,627.6466064453125,9528169.0
2018-11-27,626.5028143089588,635.2553415426382,619.6400034712677,621.8778686523438,11251342.0
2018-11-28,626.6022862984703,628.3925664038411,619.1427352711077,624.5633544921875,9035388.0
2018-11-29,628.5914907676838,632.7688514234753,618.1481194811954,627.9947509765625,19643832.0
2018-11-30,629.586082150638,631.8239473715525,620.6346212669796,622.3751831054688,8984998.0
2018-12-03,628.5915404763809,629.5861473442234,618.2476047684261,621.4303588867188,5914250.0
2018-12-04,621.5794543303009,624.1654074056066,615.2636655138838,619.8886108398438,8382005.0
2018-12-05,617.5514066822545,620.5849453806771,610.0918554372893,611.6334838867188,9728083.0
2018-12-06,606.9587829596717,610.5393430585249,595.0235016888547,596.8137817382812,7519849.0
2018-12-07,599.151181605748,606.2128658509041,589.1553343505566,600.6928100585938,12262327.0
2018-12-10,591.7910582408578,598.2560025745814,582.1433599401043,587.1163940429688,11643401.0
2018-12-11,577.8665421485506,613.3242983200923,577.369238755996,600.9911499023438,16429956.0
2018-12-12,601.4884110982281,618.6453769377393,599.7478493463937,616.6064453125,7232578.0
2018-12-13,621.430318280734,622.5244221874601,612.8270058596531,615.7610473632812,7419355.0
2018-12-14,615.7610241288934,619.6400147960437,608.0031035005721,616.9048461914062,4165047.0
2018-12-17,619.1924343888841,621.1319297374267,612.826987465283,613.8215942382812,4843342.0
2018-12-18,614.3189472838966,618.446529301909,610.539392676195,616.0595092773438,8492688.0
2018-12-19,620.8833305636922,648.1355827314609,615.8108598747208,638.1895141601562,16759139.0
2018-12-20,633.5148655155556,643.4112161308481,625.6077286639005,629.5364379882812,11004125.0
2018-12-21,629.8844533024934,634.4099019504476,613.3242870580921,617.5015869140625,10715457.0
2018-12-24,622.6239031535823,623.767725341131,610.1913172279916,611.6832275390625,6191605.0
2018-12-26,607.7047172343182,620.2865167589583,600.1954484997051,616.1588745117188,6519211.0
2018-12-27,620.1870622274078,622.6238610452189,612.2799259722984,614.2194213867188,12304812.0
2018-12-28,620.5351327829891,624.612995894176,616.6561424432948,621.6788940429688,6372911.0
2018-12-31,627.0001338089368,628.5417621654663,615.4626588217259,616.5567626953125,6030093.0
2019-01-01,618.5459689958061,626.8011929715444,618.5459689958061,623.9168090820312,12179223.0
2019-01-02,619.6399734853156,625.1103103298891,614.1696366407423,616.7058715820312,12386281.0
2019-01-03,618.0486769359882,618.6454167211728,600.394406603511,604.6712036132812,13228602.0
2019-01-04,608.6993139750615,621.3805496828753,606.2127971696078,616.25830078125,8381367.0
2019-01-07,622.6238255316628,637.2445568986019,620.8335455227674,634.0120849609375,11735286.0
2019-01-08,632.5699218686266,650.2241924868154,627.199020891123,647.3895874023438,11879875.0
2019-01-09,648.8317514399498,668.4255184393212,648.8317514399498,666.4860229492188,18003387.0
2019-01-10,665.292526450487,665.292526450487,651.0696003539266,659.6729736328125,12751327.0
2019-01-11,661.4135462881834,664.8946702160159,654.6502319410198,662.9054565429688,8330315.0
2019-01-14,659.4243302498173,659.4243302498173,649.0306767042306,655.6448364257812,6856244.0
2019-01-15,657.7334683503741,660.6675705678598,651.5171758158629,657.0372314453125,5467484.0
2019-01-16,657.1366941322214,666.7843917816855,657.1366941322214,660.4188842773438,6598151.0
2019-01-17,666.2871363530927,676.3326410032478,662.0102784407858,673.000732421875,10448209.0
2019-01-18,671.2601231398787,672.4038844843847,657.8826501457667,661.015625,7037386.0
2019-01-21,657.9821501653645,660.9162525171341,652.9593977088014,656.7388916015625,6157956.0
2019-01-22,652.81005334555,660.0209515900881,650.3235367095024,658.03173828125,7951640.0
2019-01-23,655.943088589359,663.4026384975018,655.0479183179929,658.03173828125,7596006.0
2019-01-24,661.4135567846278,661.9605784122001,651.4674882615507,660.0708618164062,7013582.0
2019-01-25,661.6124904155064,673.1996238233884,661.6124904155064,666.137939453125,6628922.0
2019-01-28,665.3919556350758,670.8125748886954,646.8425143532896,652.7604370117188,7792690.0
2019-01-29,654.9484753819789,667.3810584378251,646.0467337727986,657.1863403320312,8302420.0
2019-01-30,683.3445203341098,699.5565973848912,680.0623303689538,687.2235107421875,46912230.0
2019-01-31,693.4895533142122,722.9298886992297,685.333765859748,718.8023071289062,35239544.0
2019-02-01,716.8627762686463,722.482328384429,701.5955877647391,713.3816528320312,13792059.0
2019-02-04,707.4638021096359,720.5926239627835,704.1816118228444,716.6141967773438,8195956.0
2019-02-05,718.1060018768206,727.6542014421013,715.6194852498234,725.5655517578125,8665426.0
2019-02-06,727.3559934995193,730.5387476317602,711.7406534647638,721.8359375,8077340.0
2019-02-07,722.333167513432,729.8424364940626,720.0953022784507,726.212158203125,7203465.0
2019-02-08,723.079128844922,728.8478360260101,712.3871059631023,715.5201416015625,7341956.0
2019-02-11,716.0174138459757,716.0174138459757,701.4961190703565,707.0161743164062,7234953.0
2019-02-12,697.219327886649,709.5524758007014,696.2247211421602,701.7944946289062,15856819.0
2019-02-14,702.1923835150629,702.5902505076617,688.864628440742,691.251708984375,10383603.0
2019-02-15,696.2247896616078,700.2032170311027,678.0234965873655,682.8970336914062,10866440.0
2019-02-18,682.3002348704691,693.9371460612049,677.0288312028988,689.5608520507812,7135564.0
2019-02-19,689.5609075684871,701.5956867131031,685.9306290390406,689.312255859375,6816325.0
2019-02-20,693.8376463715977,699.2085471183404,691.5500629816808,696.5728149414062,5772687.0
2019-02-21,696.7220093802595,702.6896497175636,691.351108794295,693.4398193359375,6674353.0
2019-02-22,693.6885050079374,700.6507524092812,687.472212685309,698.263671875,9822278.0
2019-02-25,699.1091118939896,701.9934350579307,692.34573739983,699.90478515625,11428024.0
2019-02-26,690.2570840400314,711.740565543324,689.3121954869653,706.3200073242188,9166951.0
2019-02-27,711.0941878559869,723.8748617454022,709.204410536516,714.32666015625,13284424.0
2019-02-28,719.5482636394192,719.5482636394192,702.590230735284,705.7232055664062,26230891.0
2019-03-01,709.6519272214875,711.094119172734,695.7771507008387,698.61181640625,7713824.0
2019-03-05,701.8940626286652,729.9419877977019,696.9210284038709,728.1019287109375,11298428.0
2019-03-06,729.9419418163211,729.9419418163211,708.7070505905127,716.713623046875,10510670.0
2019-03-07,716.8628364731952,735.461995394896,716.8628364731952,729.792724609375,11263734.0
2019-03-08,728.0521064118869,733.2737916013165,724.4715465643826,729.444580078125,7744794.0
2019-03-11,729.3451559851067,740.8826313153711,726.6597054777014,730.5386962890625,9421608.0
2019-03-12,734.7160153613335,744.9604527032398,734.5668000670523,738.5452270507812,8131901.0
2019-03-13,739.5896103601691,746.9497251433086,732.5279261891435,734.0198364257812,12333789.0
2019-03-14,736.0090341264497,745.6567322555198,733.4230807213711,736.6057739257812,7100875.0
2019-03-15,738.9431368432233,744.9107776645601,727.7538103032168,731.1354370117188,14560368.0
2019-03-18,737.0036118595476,749.7842844899699,736.2576567868152,742.9712524414062,8067253.0
2019-03-19,750.9280608179337,758.8849144424945,745.0101387934714,756.7962646484375,8818172.0
2019-03-20,756.6471061542497,762.8633985150306,750.2815984944181,751.674072265625,9758274.0
2019-03-22,760.5758070675824,761.7693473294945,731.58299551946,752.967041015625,10355078.0
2019-03-25,748.6405927191836,750.9281763469908,737.1528956725558,741.6783447265625,7130411.0
2019-03-26,743.3690870109904,756.8459959294318,737.650098369447,753.0167236328125,7300104.0
2019-03-27,757.1941085244983,765.8471994123005,751.7734895822674,755.2048950195312,7456768.0
2019-03-28,756.9952327301802,783.402092586103,753.0665843232158,776.4895629882812,16643818.0
2019-04-01,776.7381981788459,778.7771299922908,756.4979132299143,761.470947265625,6021202.0
2019-04-02,765.0018534242055,770.7705607902866,756.8957836272762,763.2612915039062,6592678.0
2019-04-03,765.8472240746061,768.5823927320154,754.6081795508112,757.39306640625,5591613.0
2019-04-04,758.8850033306463,767.7370283071975,755.9011828719413,758.0396118164062,7009879.0
2019-04-05,759.8298562861412,764.6039566547898,752.0221566954118,758.0892944335938,5343947.0
2019-04-08,760.1779098017447,763.8579668352454,744.5128538412563,750.5302124023438,4918795.0
2019-04-09,750.9281157151052,761.8687902487027,746.9496886119787,759.2828369140625,5483424.0
2019-04-10,757.1443879782438,763.7585471441232,753.9119160427045,756.7465209960938,5933250.0
2019-04-11,756.3985252987603,757.2439168566079,742.9713325419776,748.2427368164062,5365803.0
2019-04-12,749.3367655551268,762.6147416656087,747.54642480254,760.2276611328125,4671869.0
2019-04-15,759.8796009195959,766.0461752672078,755.9011736896502,758.7357788085938,3707106.0
2019-04-16,760.9735827806854,771.8148203907296,760.9735827806854,766.9412231445312,7088601.0
2019-04-18,774.2019525406009,774.798692334461,764.8526243969197,767.040771484375,6098041.0
2019-04-22,764.7531079271331,764.7531079271331,746.5020387491186,751.4253540039062,4185156.0
2019-04-23,753.364983050136,755.2049814704701,744.9605428883692,749.1876220703125,5098170.0
2019-04-24,750.6297317759106,751.6243385330787,734.367874872626,748.7896728515625,7825049.0
2019-04-25,749.9335612286643,754.4590102328128,734.5668733301958,736.9042358398438,10282068.0
2019-04-26,757.8903466787125,761.0233822367444,743.2198970546823,755.8016967773438,23294204.0
2019-04-30,755.8514221182177,765.5488380630508,751.7237797669995,762.7141723632812,12434805.0
2019-05-02,761.2720249521676,763.6590447104562,744.0155615471062,748.2923583984375,7033021.0
2019-05-03,750.082662544591,759.680580717877,749.3864257176126,753.2156372070312,5970814.0
2019-05-06,741.9766313216134,749.3367455125568,740.0868542248642,743.4188232421875,5909936.0
2019-05-07,747.7950666018675,751.425405550386,736.0090008038195,737.8489990234375,5071941.0
2019-05-08,737.8987716385027,740.7333765918102,729.3948353666237,731.5332641601562,6739894.0
2019-05-09,729.9419400966261,736.5063205619844,725.4662095867964,727.0575561523438,4193451.0
2019-05-10,730.4392353831595,734.5170988533727,725.5656379330202,731.085693359375,3913815.0
2019-05-13,730.0413885235895,738.843634388927,726.0629613381748,728.151611328125,5891071.0
2019-05-14,725.4662050045455,734.5171023626411,718.603393983762,727.4056396484375,7049134.0
2019-05-15,731.8316764794987,733.7214536952692,712.2379102395967,718.056396484375,4849130.0
2019-05-16,717.0617765272209,731.0359897686777,714.8239112524188,727.9029541015625,5142617.0
2019-05-17,727.8532358915111,748.0935204668699,723.2780689454934,744.9107666015625,9072242.0
2019-05-20,756.1000765151854,786.3858647155604,756.1000765151854,778.1803588867188,15866697.0
2019-05-21,785.4409743464621,787.529624270264,766.8915338995419,768.7813110351562,9251548.0
2019-05-22,770.6213001768994,779.7716944468076,766.0461333949345,774.9478759765625,5928186.0
2019-05-23,783.7501215750466,799.9621995121165,766.443939785795,772.2127075195312,14776218.0
2019-05-24,775.2462157806972,791.6075083758918,774.3013272606996,788.9220581054688,9323114.0
2019-05-27,789.717798462955,811.9970150445542,782.9544843704634,809.510498046875,9128216.0
2019-05-28,811.8975184265893,817.6662257234589,796.6800465328877,804.0401611328125,13473187.0
2019-05-29,802.3990392291382,808.6153317549295,797.7740933075568,800.360107421875,5958128.0
2019-05-30,798.9179050871751,809.8088615927716,798.9179050871751,803.1947021484375,6414384.0
2019-05-31,806.6260631221171,814.2845471326594,788.9220753575497,803.9406127929688,11140585.0
2019-06-03,809.1622604762861,810.2563642588276,798.7686084250024,808.2671508789062,6427567.0
2019-06-04,803.1946138237456,823.2856809392352,801.1556822670541,818.3623657226562,9515354.0
2019-06-06,819.555949711022,821.4954449856356,801.4540949912578,803.3438720703125,14728937.0
2019-06-07,806.7255634998263,808.863992434829,796.978428852383,799.6638793945312,6884094.0
2019-06-10,803.0455593338814,812.3451086862812,803.0455593338814,809.7591552734375,5923875.0
2019-06-11,812.7430021418678,817.0197994050591,802.6477184514418,810.4056396484375,5471529.0
2019-06-12,809.6595958451185,811.3504394261232,804.7362803938902,809.1622924804688,4707478.0
2019-06-13,806.8747816717864,818.9592788014056,806.3774782624356,815.726806640625,9056584.0
2019-06-14,815.6769990745246,818.6608194257876,793.1491918460775,796.8789672851562,8919370.0
2019-06-17,795.7848308919451,796.6800012431488,770.9196623138193,773.5056762695312,10151212.0
2019-06-18,777.7327974300989,780.6171207192,765.946670456381,771.5662231445312,8347632.0
2019-06-19,776.5889612208828,784.7447489532277,759.2330607790102,766.54345703125,6411258.0
2019-06-20,767.8364248369561,771.2678303274881,754.75732155637,767.2396850585938,9190732.0
2019-06-21,770.5715977303043,774.052721437379,758.6860346463822,766.8915405273438,12610688.0
2019-06-24,766.8418485720005,771.0689275038176,756.8957804971367,758.7357788085938,4866859.0
2019-06-25,757.1443853084912,778.777082031591,752.4697214616143,777.4343872070312,10044436.0
2019-06-26,778.6776528536564,787.7285500427153,777.4841126063353,784.3468627929688,8715757.0
2019-06-27,784.6950779889373,802.4985039884087,777.3846812966597,796.133056640625,18439210.0
2019-06-28,796.8292770204828,808.5159071392777,789.0215770707197,804.1893310546875,9174348.0
2019-07-01,806.3774714643986,814.5829776495127,803.0952811315493,806.0791015625,5896530.0
2019-07-02,806.7255197753954,808.1677117204179,796.4313640787485,798.2713623046875,7549027.0
2019-07-03,798.3211478554149,807.1233934834713,797.1773257880496,801.8519897460938,5535230.0
2019-07-04,806.6319979523396,809.8187044215118,800.9556865512158,805.4867553710938,5553273.0
2019-07-05,804.6403541356639,809.569784303042,797.9682004290069,802.7482299804688,5871202.0
2019-07-08,798.665271956089,800.3084355438589,775.4123859192925,779.6447143554688,7485169.0
2019-07-09,775.2630343477626,785.5201952856199,773.1717903595672,782.9310302734375,6448920.0
2019-07-10,783.3791276166432,786.7151739785606,761.3709831162682,766.0514526367188,5814417.0
2019-07-11,770.2837716173472,770.2837716173472,759.8274308261615,763.2133178710938,7111401.0
2019-07-12,762.9145706326116,765.4041757590479,747.877379981486,752.6574096679688,8552548.0
2019-07-15,754.101383648065,756.4914288529956,740.906476638046,746.632568359375,6350785.0
2019-07-16,746.8815168894678,760.0266437429971,744.4416917780208,757.8855590820312,6170479.0
2019-07-17,759.9269827717799,762.366807753839,746.9312572233619,749.4706420898438,5757193.0
2019-07-18,750.8648996258588,751.8607416678029,731.5455396995933,737.3214721679688,11283488.0
2019-07-19,740.4582395499491,743.6947257553761,720.2924408853657,726.2177124023438,8091007.0
2019-07-22,726.9646167261579,735.4292732222845,717.0061973189504,724.4252319335938,7020071.0
2019-07-23,729.8526114402339,736.2259636432864,723.08083735127,724.9729614257812,7048354.0
2019-07-24,724.9729886653523,729.7530181925855,706.4005107283404,709.3382568359375,6618279.0
2019-07-25,708.2428040324327,723.2302131609399,703.4129341263232,720.1431274414062,9972204.0
2019-07-26,720.5414542488408,728.9563311568573,716.2095659377111,726.8152465820312,5450010.0
2019-07-29,733.1389421542685,736.9231298540003,707.0478678328922,717.2552490234375,10314136.0
2019-07-30,722.9315130734407,724.9729770200387,698.0852429822075,704.6577758789062,14100900.0
2019-07-31,691.1143379292448,692.0106200287332,655.0648458982752,671.2970581054688,55836793.0
2019-08-01,671.1477183542015,677.9194317000356,659.8947160731487,666.5170288085938,17001210.0
2019-08-02,664.6249635400626,678.8157117929725,658.8490314155357,671.048095703125,14426295.0
2019-08-05,662.7328013215177,666.5667684215746,647.4964320199111,659.6954956054688,13042504.0
2019-08-06,655.9611169681095,680.010664044461,651.2806475587375,676.1766967773438,12419831.0
2019-08-07,676.1767103461779,676.6746313405419,651.5296211251648,657.2059326171875,10486156.0
2019-08-08,657.8532677302801,661.5378956609403,640.5256516384875,657.3553466796875,17563795.0
2019-08-09,661.4382552082833,673.1393984721512,657.2557067364138,658.0523681640625,9289628.0
2019-08-13,659.4465577375382,665.9195304742918,642.3180638778549,646.7495727539062,7389394.0
2019-08-14,650.0856023859227,666.6663949002585,649.2889409949632,660.4423828125,7148518.0
2019-08-16,661.2390541877261,675.1808414748167,654.1187599392715,672.8406372070312,7040117.0
2019-08-19,675.977501173448,686.1351011847057,673.5376762480848,682.1517333984375,9082914.0
2019-08-20,682.3012092715481,682.3509892180942,666.7162567759602,669.5543823242188,7602499.0
2019-08-21,671.1974752179548,671.3468758232067,656.9071675284584,661.9361572265625,7892687.0
2019-08-22,662.2349071968399,667.0647164179832,655.0150529454459,658.4009399414062,9262172.0
2019-08-23,657.0067577655489,668.7576811782528,642.5670488036687,661.1395263671875,7775604.0
2019-08-26,674.434045230112,683.7949850467794,657.8034704229059,680.8572387695312,8864341.0
2019-08-27,694.1019204424024,694.6496214227747,677.6705263429767,680.1103515625,12015623.0
2019-08-28,682.2513393443908,686.4836679030567,670.6995962968166,675.3800659179688,5677087.0
2019-08-29,671.1974848882257,673.936050293927,656.1602955185598,658.4009399414062,8753540.0
2019-08-30,662.1353683645585,665.819935129734,637.4384382046591,661.1395263671875,17115901.0
2019-09-03,656.0606414936562,656.0606414936562,638.7828085796908,643.01513671875,8461431.0
2019-09-04,641.5213738484663,650.2847705448648,635.9446226552185,644.6084594726562,10786466.0
2019-09-05,649.2889708453764,657.0067461890139,641.3720149494999,646.89892578125,8108303.0
2019-09-06,650.3843541520002,669.9526728097145,650.3843541520002,668.3095092773438,11101456.0
2019-09-09,664.8739430550368,672.9900189770635,659.9942928878659,668.7576904296875,5607331.0
2019-09-11,671.7451841657155,680.6579818932323,668.2099573523905,678.865478515625,5966906.0
2019-09-12,677.2721729087983,678.8157767547394,657.803472440934,660.1437377929688,8087081.0
2019-09-13,660.7909505534855,672.5917147867738,654.317977518125,671.4464721679688,12105997.0
2019-09-16,663.8283040775023,671.5959209015872,662.1852011196203,668.1104736328125,7659588.0
2019-09-17,664.2266424146153,665.5212249137212,635.3970031250524,637.7870483398438,17297040.0
2019-09-18,642.8160133689955,651.7785914020257,638.8824252982245,645.7039794921875,9702162.0
2019-09-19,645.5048068779865,647.2973103503745,629.9696349607538,635.54638671875,9554331.0
2019-09-20,638.3844800286959,686.5832554866344,620.061024326543,677.5210571289062,38862975.0
2019-09-23,700.9732347331649,728.9563716833219,692.9566577036244,722.4833984375,31417887.0
2019-09-24,725.2219378011574,730.2011478100909,699.3300457547034,701.4711303710938,15683656.0
2019-09-25,699.0810988980297,700.5250819850767,680.8074221211506,692.0604248046875,17058681.0
2019-09-26,683.745120405908,716.657748455629,683.695340460179,696.9898681640625,15007372.0
2019-09-27,697.2885893122592,705.0063649091728,689.6205936596963,697.6868896484375,10245068.0
2019-09-30,701.1225103242663,709.4378270469225,679.2637674408455,682.1517333984375,20073726.0
2019-10-01,684.2430060237609,698.3341944743662,653.52130498938,676.3261108398438,49442205.0
2019-10-03,672.1933211798741,673.0896032539952,644.0110059444586,665.6207885742188,17615854.0
2019-10-04,667.1145823776787,674.5833974030385,648.6915053151248,653.6707153320312,15317105.0
2019-10-07,658.2017557705575,679.0646569936583,648.9902176384263,670.6497802734375,21554138.0
2019-10-09,669.1062618157048,686.6330566429916,661.5378261728617,683.4463500976562,11537721.0
2019-10-10,677.1725290920332,681.4546373403119,662.5834201453704,670.15185546875,8679981.0
2019-10-11,673.7369216523832,683.1476411096585,665.5212248023034,669.9029541015625,11042828.0
2019-10-14,674.9816478285244,691.0645193065399,670.5501390848617,680.657958984375,11099352.0
2019-10-15,679.7617507937919,691.9608157587094,678.4671683007286,687.1807861328125,9260732.0
2019-10-16,690.5167846679688,692.5084684301706,680.7077056703051,690.5167846679688,10404705.0
2019-10-17,687.6288982522532,709.437862277654,687.6288982522532,707.3465576171875,10617761.0
2019-10-18,706.898410850274,712.7241229487404,702.3175620181455,706.5996704101562,9500635.0
2019-10-22,709.4378565698705,719.993757330213,700.3756580101696,709.786376953125,9704016.0
2019-10-23,715.0145511027824,726.9646550209347,707.0975951007322,711.8776245117188,16158781.0
2019-10-24,716.9564495755765,719.9937554749017,698.6329327308866,704.7573852539062,8986203.0
2019-10-25,705.0561445935477,708.0436706299611,692.1101984357566,705.6536254882812,8226456.0
2019-10-27,708.0436820402607,712.0768300981393,705.6038569149301,707.1473999023438,965647.0
2019-10-29,703.5624118246781,739.8110869375371,701.3217672010326,735.3795776367188,10422117.0
2019-10-30,741.9023132111139,746.7819634763272,732.4418139151333,744.2923583984375,10188947.0
2019-10-31,744.8897912346434,746.8814751684258,729.0060997064542,733.2882080078125,8775411.0
2019-11-01,732.9396934637081,746.8814811111156,725.0725175501227,745.1885375976562,8484197.0
2019-11-04,751.810891570494,751.810891570494,732.4915334469181,739.51220703125,7851370.0
2019-11-05,738.7156701453314,742.4998580331996,727.5622262799992,734.9812622070312,7306253.0
2019-11-06,733.8857235627785,747.777730663242,725.7198075683431,744.1428833007812,7821243.0
2019-11-07,746.8815375526327,752.8565898530537,729.4543016764046,731.6949462890625,9871570.0
2019-11-08,732.8401799433647,732.8401799433647,719.7946127791145,722.4833984375,7427196.0
2019-11-11,720.3920713078695,732.4417342619018,718.2012069213089,730.6492309570312,6355142.0
2019-11-13,730.6492414372543,734.3338687609528,704.9066908933163,708.2427978515625,9290616.0
2019-11-14,708.0436895413932,718.7987714034685,704.3092818961327,712.92333984375,8000528.0
2019-11-15,713.769727810797,720.4916610688687,707.6452754186726,713.9191284179688,9315652.0
2019-11-18,714.8154198307051,722.4834158631293,709.2387285969653,719.9440307617188,7907958.0
2019-11-19,721.9854872140813,747.0807190638665,721.9854872140813,744.690673828125,14424251.0
2019-11-20,744.8897762546953,750.7154273313055,738.1678431133595,745.6366577148438,8798051.0
2019-11-21,745.8857283520127,745.8857283520127,731.2468374149968,734.333984375,5529542.0
2019-11-22,734.3339809364873,736.923146056025,724.4751199402137,729.0559692382812,4889776.0
2019-11-25,728.9065697500102,753.6532193307659,726.964665678567,751.6117553710938,6888402.0
2019-11-26,753.6532616161575,758.8316525034272,740.9064953576769,749.1221923828125,14624880.0
2019-11-27,751.8607141137369,760.5743316614127,745.2881811903247,749.7694702148438,8436862.0
2019-11-28,749.171886341266,752.5079933404168,742.649133729284,747.4789428710938,9235443.0
2019-11-29,746.7819734321629,753.2051059936499,733.4376657242232,735.97705078125,12674173.0
2019-12-02,736.1762101718538,742.898143778428,734.2840860293059,741.2052001953125,8285491.0
2019-12-03,741.8524254999193,741.8524254999193,727.6118986793292,730.3504638671875,5408215.0
2019-12-04,729.8028480769865,743.8940378999583,726.2676208295875,736.7737426757812,8016237.0
2019-12-05,739.9105386560733,741.9022224747976,722.28412470409,726.2177124023438,8151690.0
2019-12-06,729.7530218337423,732.1928469448144,712.027045991897,714.6162109375,7458610.0
2019-12-09,710.4835025175561,730.8484840170057,707.0478353865159,728.9563598632812,8977174.0
2019-12-10,727.9604289738666,731.7446160379774,711.0311166721488,712.7240600585938,7625748.0
2019-12-11,708.5415668117978,719.396268676347,706.1017418112666,713.570556640625,8266375.0
2019-12-12,716.0104480763317,722.2842409588337,712.1764804207405,719.0975341796875,5519774.0
2019-12-13,722.5829163612798,751.7112942757085,721.9854354858398,748.8731689453125,14834140.0
2019-12-16,749.1220929581971,751.5619178466043,743.0972614289975,744.1428833007812,7286003.0
2019-12-17,744.4914648830048,753.3544831145487,738.2674522994411,742.5496215820312,9788065.0
2019-12-18,742.6989690086795,745.4375345734469,734.5330522592797,738.765380859375,6678420.0
2019-12-19,740.0101643214728,746.8814984194807,737.5704000517334,739.4624633789062,8400708.0
2019-12-20,741.6036132594869,743.8940378999583,734.2343575139244,736.7737426757812,7019925.0
2019-12-23,733.8360456565806,745.4873492498607,731.9439214111305,740.06005859375,10250382.0
2019-12-24,741.4043407766582,741.6035213253504,734.7321874743753,737.5703735351562,3642916.0
2019-12-26,734.4334640554725,737.5703906212748,730.8484572214451,733.4376220703125,7919368.0
2019-12-27,735.9271769472675,758.8315410471148,733.2383916140556,756.9892578125,10736285.0
2019-12-30,757.7361906263535,762.5659999405916,747.9271106062218,750.9644165039062,10034206.0
2019-12-31,750.7154560076801,762.6655598265337,748.2756917697611,750.9644165039062,11660781.0
2020-01-01,751.7610850492517,756.7900745577291,744.0930901566256,745.5868530273438,4917748.0
2020-01-02,746.8814982644955,755.8440762436694,744.4914531575002,753.8026123046875,5156046.0
2020-01-03,750.0184405893136,753.1055265342933,737.4210147420089,739.86083984375,8489729.0
2020-01-06,736.375389603757,736.5247294370728,718.6991938505718,720.2427368164062,6356198.0
2020-01-07,724.9730054308043,734.9314258350736,718.0518910935623,722.7323608398438,9103360.0
2020-01-08,712.2760100749708,722.7323513623351,706.1515572941081,721.487548828125,8973215.0
2020-01-09,730.4999117110233,741.9023151538914,727.9605266812009,739.76123046875,7559853.0
2020-01-10,739.9105853296735,748.6739825285827,731.7446690015242,736.9728393554688,8550490.0
2020-01-13,736.9231495066615,743.6450836406749,732.2924594573456,734.333984375,6423758.0
2020-01-14,736.9229860235291,748.2756076883292,731.1471153163743,744.7901611328125,7237665.0
2020-01-15,743.9437809411666,745.8856850679119,734.9314226703858,743.1968994140625,7911661.0
2020-01-16,743.3960109679507,747.2798188609067,732.0433884972858,734.2342529296875,6487613.0
2020-01-17,731.7944358336166,739.3628711554161,727.8110680162597,736.823486328125,7678864.0
2020-01-20,739.8608424131603,743.0973289847127,721.985465961696,724.1763305664062,10677371.0
2020-01-21,723.329828633205,726.5663152058954,713.0726679591069,714.6162109375,8242803.0
2020-01-22,714.0186918673521,719.7447831898587,703.6619110758354,709.636962890625,13321307.0
2020-01-23,722.0352383816453,734.4832635271166,716.4087674847159,719.9937744140625,20643257.0
2020-01-24,720.392195060009,738.6160932226145,717.4046687782253,734.333984375,9541490.0
2020-01-27,729.4045024762349,745.3379748567652,727.9605193854748,737.1720581054688,9170435.0
2020-01-28,735.3297634482253,743.3960594051765,731.9438763065034,734.0849609375,7836737.0
2020-01-29,736.9230594265343,742.4001902736235,730.4998665495831,732.1928100585938,7985274.0
2020-01-30,732.6907714329091,733.3380930630683,724.2758941477072,727.8609619140625,6041343.0
2020-01-31,731.6451493832767,734.1845343958176,722.1846501269047,726.267578125,8345819.0
2020-02-03,701.7698081011009,709.836103282173,692.6578302865034,706.0021362304688,11594991.0
2020-02-04,709.487653599914,717.6037295288244,707.0478285142592,712.0270385742188,9653925.0
2020-02-05,716.4585189170947,722.6327512998155,712.2261905360627,721.0393676757812,7975101.0
2020-02-06,724.4252435983194,741.9022577831107,719.9937347344819,733.8857421875,9627252.0
2020-02-07,733.6367820044263,746.0848064690686,730.9479965637897,745.0391845703125,8438354.0
2020-02-10,743.1968842911679,743.6948052991053,735.9272497315557,738.0184936523438,4713339.0
2020-02-11,739.9106119621742,753.9519599627702,738.9147699541498,746.8317260742188,7845657.0
2020-02-12,748.8731936341443,757.5370313018777,747.8773516213329,752.1096801757812,6190440.0
2020-02-13,747.9769404412382,750.3172057306882,739.2135425458113,744.690673828125,5031706.0
2020-02-14,744.9893647856196,749.4208737758557,729.0558930230602,733.4376220703125,6155000.0
2020-02-17,734.3339309277715,740.0101818249223,727.1638562170764,735.3297729492188,4275465.0
2020-02-18,734.682415078649,734.682415078649,721.6866894961547,730.5994873046875,5215502.0
2020-02-19,737.570449642886,742.0018982063629,732.2924380740861,737.96875,4372673.0
2020-02-20,739.6616572271145,750.8648799047382,734.5330465332531,741.2052001953125,7529403.0
2020-02-24,734.881556709581,735.329697729665,719.9937078556019,722.4335327148438,6589087.0
2020-02-25,726.3671702374521,728.9563350932676,719.0476951580616,725.7198486328125,5419596.0
2020-02-26,722.28419878403,732.6907599604702,718.9979323023575,726.3671875,7136975.0
2020-02-27,725.6699892037024,736.3752894002989,713.5704860643056,732.7902221679688,8867328.0
2020-02-28,715.9107961381305,721.6866672432122,688.1267816545806,694.4005737304688,16428944.0
2020-03-02,706.3507122057714,710.2843002273073,672.4920845047851,681.3551025390625,13854352.0
2020-03-03,687.0314121479399,692.906843411004,672.1933422074056,684.2928466796875,11198145.0
2020-03-04,687.1308967882285,693.1059480646478,665.5211158489054,679.3633422851562,14802724.0
2020-03-05,683.6455154963026,691.114330305075,672.4422932831438,675.081298828125,10508008.0
2020-03-06,647.2973719199126,658.0524545586139,638.3845728733551,654.9155883789062,12969235.0
2020-03-09,636.3430466561925,639.1811720822508,612.5423982198828,620.957275390625,14336369.0
2020-03-11,611.0984684555486,631.7621899840539,609.5548647283216,616.7747192382812,11021433.0
2020-03-12,589.5384459129084,591.5301298518034,525.9539604762349,540.9911499023438,29369378.0
2020-03-13,514.8005513967412,583.214911257475,449.2243474097447,566.4349365234375,25599305.0
2020-03-16,540.0948654212513,542.7338709411276,500.26121721075253,506.4852294921875,21542970.0
2020-03-17,513.0080424584942,529.0908546610416,475.4647860353029,486.3194580078125,20590414.0
2020-03-18,487.96258800916075,503.94584021522707,390.46966068710043,471.4814147949219,36240904.0
2020-03-19,439.21609507846904,463.01674281899705,421.9880409040301,426.4693298339844,33243997.0
2020-03-20,429.6062375126545,447.83016455029184,412.4777731560565,426.3697509765625,30764236.0
2020-03-23,383.74765826138645,390.37000040439625,300.7442350054277,307.3665771484375,37622635.0
2020-03-24,330.56976364865596,336.09667458556646,289.79002164266615,301.8894958496094,50681510.0
2020-03-25,292.27960737472057,362.2375031773581,284.81079287621833,325.4411315917969,51993973.0
2020-03-26,334.5531177981375,397.34094106594307,330.6195299095065,339.9804382324219,62971564.0
2020-03-27,368.4614992439954,407.74747395479716,352.57780894463656,358.2541198730469,71042591.0
2020-03-30,343.5654955813547,380.4116501799348,338.9348362842651,366.6192321777344,61772544.0
2020-03-31,382.8016432882569,388.1791837933107,371.1005002600178,377.4241027832031,34637148.0
2020-04-01,374.68554694197525,378.22077383325984,352.52806277065577,357.1587219238281,27744593.0
2020-04-03,358.70231240047167,360.7935563569748,322.6528186538584,324.0968017578125,41317365.0
2020-04-07,345.95549267765466,404.0628774328223,340.92650290900997,387.233154296875,48093237.0
2020-04-08,382.1543729345464,425.92164161322705,371.9469922893892,389.7227783203125,64930598.0
2020-04-09,403.31601473763345,421.2411709481949,396.9924118852148,418.40301513671875,44090546.0
2020-04-13,416.21216583695104,426.1207752592518,400.3284741706714,417.2080078125,33431643.0
2020-04-15,432.1954232260935,449.77202825381016,410.73504051941313,415.5648498535156,48315019.0
2020-04-16,406.901022449657,425.22450805344863,399.0338772078354,420.7929992675781,42344330.0
2020-04-17,448.1288766025394,483.87959645780506,430.60205223950317,476.8091125488281,47831797.0
2020-04-20,479.9958081920569,481.43979114060943,449.37366897648485,454.05413818359375,42163627.0
2020-04-21,434.18708940652976,438.120677258115,411.23294465725195,418.9009094238281,33572119.0
2020-04-22,416.8096837204648,432.74315674406495,410.2869303577037,429.3572998046875,36619611.0
2020-04-23,432.79290932353814,438.0210794616844,424.2784425784325,428.2618103027344,29418000.0
2020-04-24,414.27026961688296,417.9050868178362,399.58160020138047,402.2703857421875,35773252.0
2020-04-27,413.27441052792915,427.71411884757964,407.3989490828979,425.52325439453125,35986805.0
2020-04-28,436.1787597661943,456.49392880045565,433.44019449368966,453.55621337890625,43938246.0
2020-04-29,428.9589141907014,446.98365932130883,424.1788850512923,437.2742004394531,61499689.0
2020-04-30,449.124752280467,459.97942425079333,438.5688207607045,443.05010986328125,40382553.0
2020-05-04,422.2369833964066,422.2369833964066,398.0380363627447,401.1251220703125,37853978.0
2020-05-05,412.2785878316296,417.0088373296978,384.89293284281365,387.3825378417969,50981056.0
2020-05-06,383.3991566522159,392.8098753808624,366.5196231835911,387.233154296875,67511628.0
2020-05-07,385.3908741421611,400.5774654358768,381.10876547463437,395.6978454589844,41339309.0
2020-05-08,401.82221670971853,407.7474883193324,378.07138072197387,380.4613952636719,33505509.0
2020-05-11,389.3742042956337,391.8638091824344,375.28304671447853,377.9718017578125,30141935.0
2020-05-12,374.73533421172357,390.1708852845484,368.4615417383983,385.2414855957031,38411107.0
2020-05-13,409.29106892019075,414.7184200682295,397.93847600638117,412.2785949707031,48206058.0
2020-05-14,403.36580302860955,409.2910752770954,395.99657806769466,400.2787170410156,31604212.0
2020-05-15,401.07532377458824,402.2205358773102,385.19163337075537,386.9343566894531,25435025.0
2020-05-18,387.3825467004866,387.3825467004866,350.8351323233691,357.30810546875,47864748.0
2020-05-19,367.2665299034043,370.9511575846813,348.64430210604866,353.0260009765625,42889678.0
2020-05-20,351.53223750673493,364.776924384,348.54471140894395,360.99273681640625,30720803.0
2020-05-21,361.4906232779398,367.4656749023685,354.22098929115845,355.7147521972656,24794914.0
2020-05-22,350.6359812340491,358.2541666070414,331.4660223537557,335.5489807128906,48367892.0
2020-05-26,340.57793034481017,346.25424134016356,334.9514296789463,339.8808288574219,30692834.0
2020-05-27,344.6609085262934,390.818189462772,340.0800294309316,385.3908386230469,72430787.0
2020-05-28,388.3783703403028,405.95497512500253,385.3908444146081,389.3244323730469,72693713.0
2020-05-29,380.41164965203063,387.63150425930087,373.78930633177526,383.3493957519531,51056390.0
2020-06-01,392.66049386274955,407.7973046279239,390.91777033869863,395.29949951171875,44252980.0
2020-06-02,396.3451117590009,413.2744255778527,389.9219187714564,408.3948059082031,37508638.0
2020-06-03,420.24528995015993,430.2037091432917,403.56493780166426,407.8470458984375,49055899.0
2020-06-04,405.90517151575534,412.1789634376394,389.9218905108011,392.71026611328125,45553578.0
2020-06-05,397.3409537176405,408.1956253225166,388.8762968088687,403.61474609375,39002875.0
2020-06-08,413.2744088136894,442.9007067949117,412.2785668647407,428.46099853515625,60387580.0
2020-06-09,433.14147537120306,440.6600700600209,414.7681789378502,418.30340576171875,46273705.0
2020-06-10,420.4444980380841,430.9008388759784,413.57316403206215,425.67266845703125,36163051.0
2020-06-11,424.72662222199256,433.73898036140145,407.0006463933869,411.73089599609375,45562670.0
2020-06-12,388.3783721923828,410.78481674194336,387.53190043126233,406.30352783203125,47813512.0
2020-06-15,404.262063955789,404.262063955789,382.05476956636073,387.98004150390625,39577100.0
2020-06-16,403.21641763431376,403.31600791193534,358.9014488637431,379.9635009765625,96186227.0
2020-06-17,375.8805675244892,396.0961475631409,373.7394829548428,387.98004150390625,56949066.0
2020-06-18,384.3949969839991,406.35330006994576,382.4033130618022,403.7143249511719,43773580.0
2020-06-19,405.8056086561187,420.5440578694409,405.8056086561187,415.3158874511719,52085319.0
2020-06-22,418.2536297046751,434.08751103678645,416.36153602938623,428.3614196777344,40454004.0
2020-06-23,428.7100112240579,443.1497212420575,428.6104209388996,441.8053283691406,30757220.0
2020-06-24,446.1371929188869,446.63511389312674,420.4444828043855,422.88427734375,33577082.0
2020-06-25,417.2578086136133,426.91748841559695,408.6437811726391,419.94659423828125,49853200.0
2020-06-26,424.2286777595924,426.96724316766495,416.26194202701794,423.0834655761719,32610915.0
2020-06-29,413.2744216398585,414.0710830674684,400.6770266728288,403.1168212890625,36319455.0
2020-06-30,408.2952136894661,413.0752430593124,402.36994172477154,404.9591369628906,26951915.0
2020-07-01,408.2952496968317,435.53153645596535,404.9591726760492,431.4485778808594,53380512.0
2020-07-02,439.16631322427867,439.66423421432887,419.5482140600265,421.4403381347656,50362770.0
2020-07-03,428.2120610137861,429.8054142956956,421.8884582206779,426.66851806640625,31044457.0
2020-07-06,432.34483532257127,435.78050267366984,429.30752911820605,432.1954650878906,18424079.0
2020-07-07,431.69748171145386,447.1330318072498,424.42784769357854,445.4898986816406,37991679.0
2020-07-08,448.1289044927936,459.4814973284738,439.1663264029377,442.30322265625,45877067.0
2020-07-09,445.98784999022513,455.09979829814483,444.1953161388841,451.8633117675781,29162679.0
2020-07-10,448.029316357357,449.5728897146296,435.1829604452345,437.77215576171875,25676354.0
2020-07-13,442.10405334463775,444.5438479290385,430.9506111595099,438.2202453613281,21326370.0
2020-07-14,433.0916591528812,433.987910832178,413.672741075151,415.96319580078125,25685579.0
2020-07-15,422.237031710028,442.6020139098646,420.9922291401282,424.8760070800781,43250557.0
2020-07-16,430.15400096898134,434.33651949348325,416.7101328153258,432.1954650878906,30183647.0
2020-07-17,432.1954460953249,438.0709080631838,422.83453698153596,431.2991943359375,33464985.0
2020-07-20,435.8800929603532,440.9588632836277,427.51499512997214,432.1954650878906,30400586.0
2020-07-21,438.17046371807504,449.1247253110269,436.6767007735816,444.3446960449219,43147019.0
2020-07-22,476.0124645777551,482.58502769817915,458.186899283629,476.9585266113281,89611937.0
2020-07-23,470.98347074179867,472.77597412723935,457.290643687034,458.93377685546875,40249567.0
2020-07-24,454.7014541632242,454.7014541632242,439.7140141292497,443.7471923828125,30566635.0
2020-07-27,445.1413867306695,446.13722875914976,428.11248196552,429.755615234375,21924237.0
2020-07-28,432.1954514597674,438.170503784096,422.63536166270416,435.2327575683594,33057573.0
2020-07-29,433.93813144098965,445.14135342311505,432.49414845146407,439.06671142578125,24404819.0
2020-07-30,440.06256688080236,444.04593481887827,422.9838829244389,424.0793151855469,26861618.0
2020-07-31,427.2162188645933,432.6435699318515,419.54822329280057,429.8551940917969,27499638.0
2020-08-03,429.80543425104975,430.1041747093528,413.9715517565522,415.61468505859375,23824107.0
2020-08-04,420.0959359334311,429.40706431605304,415.6146471237859,427.3655700683594,24746211.0
2020-08-05,437.1746273375468,444.99199292502266,431.3489457014948,433.1414794921875,36932321.0
2020-08-06,434.18711095373845,436.4775353919448,425.3241232532328,431.1995849609375,33465135.0
2020-08-07,429.6560077794342,435.18291826937366,425.3738692966069,431.498291015625,15569399.0
2020-08-10,432.1954308581485,435.18295687790527,427.51496127092173,429.3074951171875,14888044.0
2020-08-11,433.4900017292239,448.0293007150758,433.4900017292239,446.13720703125,30469633.0
2020-08-12,442.95051184832715,450.86746794757954,437.1248604292508,449.2243347167969,23184137.0
2020-08-13,452.21180668945516,454.8507816102616,443.49819018351144,446.23675537109375,21885850.0
2020-08-14,449.62264015662305,449.62264015662305,423.8303397451552,434.0377197265625,36725538.0
2020-08-17,437.27421755064313,439.1663112260879,423.58139038656446,436.3281555175781,30198343.0
2020-08-18,437.67255767295313,445.3903331495524,433.49000912936043,443.94635009765625,21768516.0
2020-08-19,444.1455307825622,450.070802822595,440.61030384852694,442.35302734375,18127671.0
2020-08-20,436.07919508612656,439.46505172541015,431.44853597720305,433.1414794921875,16688938.0
2020-08-21,438.1704502827128,443.00028973328403,434.43604303598516,438.61859130859375,25087973.0
2020-08-24,442.1538466593656,447.58119769918403,440.46090310822433,443.94635009765625,18196776.0
2020-08-25,449.0749453627637,454.50226582660173,445.24094772714807,449.92138671875,26273592.0
2020-08-26,450.1205880003185,462.86735355732736,447.1330619737677,461.42340087890625,25914508.0
2020-08-27,462.07071046575226,472.5270519741367,462.07071046575226,471.08306884765625,19544214.0
2020-08-28,474.46888073327295,510.86688966313557,474.07051966465417,507.08270263671875,59179945.0
2020-08-31,522.2693445981524,531.6302228494242,484.27794830990035,494.68450927734375,55830536.0
2020-09-01,492.9915795254518,501.30686646520394,477.6556185055211,483.68048095703125,33276725.0
2020-09-02,484.9750902470443,485.92115237402743,470.1370494161862,482.3858947753906,20750575.0
2020-09-03,486.3692464169532,487.91281981387044,471.1328753562443,472.9751892089844,14045705.0
2020-09-04,467.049857220377,470.98344493319723,450.71805592449624,453.3072509765625,29405304.0
2020-09-07,455.09978110108375,465.207571036461,448.7761785021768,456.792724609375,25967554.0
2020-09-08,457.88812039667204,460.47731556710494,439.4152642213732,442.50238037109375,21052285.0
2020-09-09,438.0708750784527,441.50654201988294,423.23283585258156,429.45684814453125,31657672.0
2020-09-10,434.6352536583225,446.8343181752204,428.9589420941854,444.99200439453125,34434841.0
2020-09-11,444.14552312190995,447.97952082340885,437.42358975627565,445.3405456542969,18620781.0
2020-09-14,450.1205729421745,453.10809886878184,436.1787852846735,438.7181701660156,17622727.0
2020-09-15,439.2160986781688,450.020990375972,434.08751849443684,447.6807556152344,17328721.0
2020-09-16,447.6807345637024,448.72638684116936,438.17045613789236,444.1455078125,20016188.0
2020-09-17,439.1165370012971,444.593667938246,436.6767119731092,441.05841064453125,14306232.0
2020-09-18,442.7015534570682,447.4318030052931,434.236896370771,441.5065612792969,20809690.0
2020-09-21,441.1580111290581,442.1538531406361,418.8013458128572,421.5897216796875,19013877.0
2020-09-22,422.2369681052791,424.87594307780046,404.6105542144223,410.286865234375,27558176.0
2020-09-23,416.36153600812,421.1415653339409,404.41143230288253,418.0046691894531,18612700.0
2020-09-24,412.2785738778639,412.5773143113565,399.4819985380589,400.776611328125,21177182.0
2020-09-25,405.80559368363686,414.9673517586578,398.48614928997915,413.3241882324219,20460096.0
2020-09-28,418.25362612051794,438.7679767178994,416.3117221286844,437.423583984375,19387091.0
2020-09-29,440.56049577568854,441.45674749969515,423.033670455627,425.0751647949219,19996904.0
2020-09-30,425.22451200081406,426.3199442222786,417.0088159258569,422.88427734375,18485278.0
2020-10-01,428.411235691716,443.4484254084217,425.62285988896605,441.8551025390625,21083211.0
2020-10-05,442.20363237711433,454.5520976134648,437.2244223271944,442.30322265625,24252318.0
2020-10-06,447.6309642557135,450.8176707070226,440.8592510350379,447.78033447265625,19387351.0
2020-10-07,445.1413613129657,454.05415911521527,441.6559144123049,451.21600341796875,19873734.0
2020-10-08,453.6558133347705,459.7304556449248,445.3903368474808,450.02099609375,20909290.0
2020-10-09,451.41518133384733,467.8465748758438,448.2782850085127,466.1038513183594,28048230.0
2020-10-12,471.53117752075195,478.004150390625,460.37773518869653,466.0540466308594,21261504.0
2020-10-13,463.9627704942326,471.0332546012682,457.8383484205773,459.43170166015625,15582492.0
2020-10-14,456.095615660588,472.676378143038,452.11224783822485,469.3403015136719,13984621.0
2020-10-15,471.4315950781003,479.94606238282415,458.0873184027656,460.676513671875,28971494.0
2020-10-16,463.2159059093988,473.5228768140888,461.0748516612474,470.4357604980469,16288157.0
2020-10-19,475.0664173633202,493.8380452765782,474.26975591386014,490.90032958984375,28131936.0
2020-10-20,483.82985273835476,496.57661847083335,483.08297122143557,491.89617919921875,21376064.0
2020-10-21,494.83389083483127,505.38982226470426,484.5767302436646,499.364990234375,27029535.0
2020-10-22,493.93766280676806,510.8669778626452,493.5891120068918,508.1781921386719,30022336.0
2020-10-23,511.7632178759388,513.3565407315193,502.40227895063333,505.091064453125,18810262.0
2020-10-26,506.1366843862645,507.73003762626684,488.8588200216509,491.29864501953125,17446937.0
2020-10-27,491.9459270085128,510.12004273301756,480.6431147126701,505.9873046875,24239860.0
2020-10-28,508.6760828515288,515.348236426269,491.44802836012315,502.6014709472656,30343575.0
2020-10-29,503.89604385039445,514.2029840711496,487.31528089669547,491.79656982421875,50934336.0
2020-10-30,492.94175325190355,499.46450570936736,479.59747752483725,490.4521484375,23140833.0
2020-11-02,494.7840667300176,529.4891639095291,493.04134336050817,520.476806640625,37597227.0
2020-11-03,522.8170377148457,534.7671414340422,521.8211957382459,531.9290161132812,25991938.0
2020-11-04,522.9165899408661,531.6302071084863,508.8752425890202,522.9664306640625,28905623.0
2020-11-05,532.6758880030347,540.2442625763491,525.3564131380173,537.0575561523438,23728389.0
2020-11-06,536.5098496433992,543.7297037685308,528.9912550900532,539.4973754882812,22256961.0
2020-11-09,547.7130907963995,565.6382464951907,545.9703673256836,562.7005004882812,26041462.0
2020-11-10,569.6215974938353,585.5550687524042,565.8871901676083,581.17333984375,34935409.0
2020-11-11,577.4389642297091,608.6088677161897,574.0033579259966,606.1192626953125,50289937.0
2020-11-12,599.4471265175506,607.9117838347213,586.3517794143194,597.2064819335938,34244439.0
2020-11-13,592.5259240674026,609.8037565322841,581.8704036968081,607.8120727539062,28813262.0
2020-11-14,611.3972474325335,615.4303956360088,603.0321497812413,610.6005859375,3211214.0
2020-11-17,610.600534288079,628.2767294312995,606.4677657589467,626.1854248046875,25960060.0
2020-11-18,622.4012336909848,637.3388632995684,619.4634877116893,633.6542358398438,24928180.0
2020-11-19,616.426150854552,630.3679377882576,606.5175115561093,608.9573364257812,26525371.0
2020-11-20,612.4428040767891,613.9365670135618,589.5384390462751,605.322509765625,29556191.0
2020-11-23,608.4096853732557,610.0527882133905,590.2355687741724,593.1234741210938,23728765.0
2020-11-24,600.492753005069,620.0112327702957,598.0529278390719,617.0735473632812,30742369.0
2020-11-25,622.4012234707939,627.3804332585602,593.521806701749,597.3557739257812,35115637.0
2020-11-26,599.7458905269111,615.629583802164,591.5799733439513,610.0030517578125,35476456.0
2020-11-27,609.45522955449,611.0983929663249,596.2603246662596,599.0984497070312,29921076.0
2020-12-01,608.4594286345213,612.4427964160893,593.7209799989932,601.1400146484375,21285697.0
2020-12-02,604.4760703234231,610.9490430698849,598.749979047707,605.5714721679688,19070722.0
2020-12-03,607.6130045871648,608.4594459522917,597.8537046194622,600.1939697265625,17746316.0
2020-12-04,604.0777094466376,613.8867892348264,600.6918832468456,611.9448852539062,20019707.0
2020-12-07,614.3847464086623,621.8037816140986,609.9034573185646,616.6751708984375,24658169.0
2020-12-08,616.5257931592481,621.2560429298685,609.0569777319529,618.0693969726562,16005349.0
2020-12-09,616.5756384054156,634.0526544770815,616.4262377832247,631.5630493164062,22000284.0
2020-12-10,621.9033031501071,629.8202588773072,617.77053470934,624.4426879882812,16126862.0
2020-12-11,623.7455784191999,629.023589356865,605.820423395377,610.7000732421875,17950692.0
2020-12-14,613.4386712154488,621.2062266492402,609.8536643325828,613.339111328125,14567480.0
2020-12-15,613.1897416295573,613.1897416295573,599.7956539151539,604.57568359375,22311290.0
2020-12-16,610.9988693122586,612.3432925303009,602.285251493255,603.579833984375,14860853.0
2020-12-17,604.7250347922557,608.4594421705528,600.6918869799687,602.8827514648438,14598759.0
2020-12-18,601.8869888855235,608.4595224256883,594.0198119916907,606.9657592773438,17301814.0
2020-12-21,602.7334099110616,604.7250940412922,571.0158644496883,580.0780029296875,18580262.0
2020-12-22,582.5676018042602,591.4804003471133,566.0366480143306,587.2978515625,19896386.0
2020-12-23,586.5509660800307,592.0280973422381,581.8704962996876,589.9866333007812,12247401.0
2020-12-24,592.5259706985245,611.4469680821749,591.679529338646,607.6627807617188,15488083.0
2020-12-28,611.4470611323911,618.2187753860505,611.4470611323911,615.0819091796875,8444506.0
2020-12-29,618.1191517232969,629.7705154712168,616.0278470200752,627.5796508789062,13765454.0
2020-12-30,629.6210878816455,631.3638113356477,615.6295203072164,622.5007934570312,10262221.0
2020-12-31,619.8120822700249,623.3473091975376,613.4386691867053,617.8701782226562,12306502.0
2021-01-01,617.6710107903466,622.8494014328926,614.9822251892772,621.2062377929688,6047062.0
2021-01-04,625.1895637583376,630.3679540521647,618.716591086396,622.1024780273438,14068156.0
2021-01-05,615.4303241610204,665.1228617027507,615.4303241610204,661.6871948242188,37973963.0
2021-01-06,659.2473772374738,664.3759876418237,646.4508323695056,651.5296020507812,20829645.0
2021-01-07,656.2598459778549,673.6870801274945,656.2598459778549,668.3095092773438,17887570.0
2021-01-08,675.1809047701872,676.0273461937062,665.7204053670652,669.9029541015625,12272794.0
2021-01-11,673.1891765850129,673.836498182739,657.4051055589924,664.1768188476562,7928365.0
2021-01-12,658.5502929878865,682.1517602052776,656.5088290734733,672.8904418945312,13301893.0
2021-01-13,673.1892009124215,688.3260116690936,666.2680867645176,684.9401245117188,15645903.0
2021-01-14,675.678875308065,684.9401948251348,671.8449074762747,673.1892700195312,9337503.0
2021-01-15,674.7825107958947,680.1103019324128,666.8157748442011,672.0439453125,12339771.0
2021-01-18,671.6456433861337,672.1933443252354,648.4425371382924,654.2681884765625,13460603.0
2021-01-19,660.7909090570367,669.1560056899697,657.0067218302789,665.9692993164062,9010539.0
2021-01-20,661.2391028197835,678.1186372543644,661.2391028197835,672.9402465820312,9980614.0
2021-01-21,677.9193835823777,692.11013087,666.9651225182482,673.0397338867188,15849438.0
2021-01-22,667.214162277565,671.09797051979,636.1438786838871,641.8201904296875,21392223.0
2021-01-25,651.2806246944302,665.2224117673996,636.6915160519543,655.662353515625,21325345.0
2021-01-27,657.2059785144218,661.0399461262277,624.7913316738674,629.4717407226562,24462588.0
2021-01-28,619.4137363588885,671.8946229622909,613.438684239671,667.9112548828125,64303975.0
2021-01-29,668.210034311903,673.0398440774636,650.284876908603,660.1437377929688,31273252.0
2021-02-01,662.2348861941888,714.018666768772,651.6291452831933,706.4004516601562,30648270.0
2021-02-02,716.2592750020019,741.8524235747524,701.2718668054349,711.2302856445312,28703320.0
2021-02-03,717.0062330220496,733.7363663029565,712.574724008903,730.7488403320312,23541361.0
2021-02-04,726.9646567156145,742.4002076458776,717.603717645358,740.806884765625,20490289.0
2021-02-05,745.8856270175063,763.1136807456154,714.0186843411909,716.6078491210938,31121503.0
2021-02-08,722.9812907332857,744.690634138975,722.9812907332857,733.089111328125,15662890.0
2021-02-09,732.6907859108665,746.8815350773359,723.1805065204901,739.4127197265625,22307807.0
2021-02-10,738.466623445978,743.2964936180862,723.0808523792393,731.7446899414062,15140744.0
2021-02-11,727.960506104423,741.0558527908066,727.960506104423,737.0226440429688,11897710.0
2021-02-12,732.4417763751333,751.5619545496297,731.4957143377491,747.2798461914062,15668442.0
2021-02-15,756.7403010893004,795.6776959397631,750.7652495553347,790.698486328125,20648115.0
2021-02-16,795.6777596486618,795.6777596486618,763.8108155826327,771.8273315429688,23968943.0
2021-02-17,770.781705791948,781.7359677605673,761.1220262633456,774.51611328125,16956357.0
2021-02-18,771.7776029726713,778.7484974511342,760.8233402208011,773.769287109375,19685663.0
2021-02-19,769.686284844603,773.9683931700056,738.2674219876704,746.532958984375,15634787.0
2021-02-22,746.532998443807,746.7321182237321,712.0270479608472,716.4585571289062,18123202.0
2021-02-23,729.3048556311861,731.8940812689223,709.6369763673249,712.9730834960938,16804763.0
2021-02-24,718.9979022932571,751.7611274166752,714.0684723858035,746.2839965820312,11207286.0
2021-02-25,761.8191469730317,780.2422243834907,758.9810215223482,767.4456787109375,26635119.0
2021-02-26,742.898117013188,755.5453223143247,715.6618631751858,721.7862548828125,31306177.0
2021-03-01,734.9313483286604,740.4084789733862,719.2468378460366,725.5206298828125,14301187.0
2021-03-02,727.4127502330297,737.4209494774973,718.9978737646902,728.2094116210938,14503453.0
2021-03-03,737.4210368051013,757.636618230384,732.0434654314472,750.8151245117188,13603791.0
2021-03-04,728.0600774822968,748.3254990851998,728.0600774822968,733.7363891601562,16896947.0
2021-03-05,728.9562892228661,741.0059522048501,717.5041070834358,727.7114868164062,16358252.0
2021-03-08,731.9438137423452,749.3710474028773,728.9562879719683,740.2092895507812,13898556.0
2021-03-09,755.5452467103339,755.5452467103339,736.9229913931794,742.350341796875,18951683.0
2021-03-10,747.3793514074952,762.5161605543,746.0349891452248,757.5867309570312,13377990.0
2021-03-12,769.3874657568387,773.3708335542468,741.9022522672699,747.4789428710938,16343307.0
2021-03-15,750.8648684636671,750.8648684636671,713.6701940532478,741.3048095703125,22466579.0
2021-03-16,747.8773405565645,748.8731825546424,732.8899306417652,734.6824340820312,11358574.0
2021-03-17,735.9271729613345,738.9146986973074,721.6866457761367,724.8733520507812,12380976.0
2021-03-18,732.93975,740.010204254026,704.309291015625,715.761474609375,12261544.0
2021-03-19,706.0519507718374,726.3173103777759,700.5748199830572,723.230224609375,20377672.0
2021-03-22,716.0103913161342,726.9646532138776,706.3507118500316,713.2220458984375,14802230.0
2021-03-23,715.0145247048478,736.4251267677366,711.1307167622875,727.5123291015625,15949688.0
2021-03-24,720.2427433703328,721.9854669111529,700.3756828487099,703.4628295898438,14379147.0
2021-03-25,706.549923657723,707.9441268189278,677.1725836324899,691.7118530273438,21179280.0
2021-03-26,704.0602721720342,704.0602721720342,690.267885212188,695.296875,13143312.0
2021-03-30,702.0686402611376,710.3341170611286,688.1268516602072,692.458740234375,25965218.0
2021-03-31,693.1060657016383,700.6246610109486,689.2222574002428,694.550048828125,14924620.0
2021-04-01,703.3631254000195,714.0186459406228,692.6578249204356,710.0352783203125,13090326.0
2021-04-05,704.2594387455661,705.5042411822694,674.6331407520261,682.4006958007812,16239521.0
2021-04-06,687.230522291965,690.6164093178235,672.6912537767696,675.081298828125,12062011.0
2021-04-07,677.67046926258,689.0230921784986,665.6208055838321,685.3882446289062,14433515.0
2021-04-08,688.6247290535056,692.6080969728316,676.5252246860041,678.765869140625,9026398.0
2021-04-09,676.475514701248,683.9443303223749,664.2266692388756,665.4216918945312,12509114.0
2021-04-12,648.2931444918074,652.2765125071181,624.0444160111529,632.9571533203125,14649541.0
2021-04-13,632.9571748441494,662.0855544466249,627.3804837456269,658.2515869140625,12737650.0
2021-04-15,663.678985135819,668.5585749969487,649.5877949928819,666.0689697265625,15195951.0
2021-04-16,665.8697795234526,672.4423124297656,659.5959262803503,666.41748046875,12242522.0
2021-04-19,647.2973004786572,652.5752509262857,628.3763024646657,645.4550170898438,17292072.0
2021-04-20,653.2723676639815,659.2474198072497,640.3264213535673,649.0400390625,12296248.0
2021-04-22,638.3347055046817,658.2017650475678,631.7621727870724,655.9611206054688,19385102.0
2021-04-23,653.2723219943491,674.6829240109322,648.1935523401725,668.5584716796875,19167768.0
2021-04-26,691.1143436056602,700.8735829873332,681.6538446658133,697.5375366210938,21646184.0
2021-04-27,688.2263585802627,700.9731843736818,681.2554648163361,696.6412353515625,46559967.0
2021-04-28,705.0561047651636,709.5373935666371,685.2886662534338,705.2055053710938,54060587.0
2021-04-29,709.0395578048045,723.8776290433266,704.0603474269618,716.4088134765625,25939327.0
2021-04-30,702.0685696532428,726.8152176185437,702.0685696532428,711.9274291992188,23011654.0
2021-05-03,703.0644282853633,705.056112218183,689.2222006397182,699.8279418945312,13752878.0
2021-05-04,701.0727135411338,715.6618220204102,695.1972218849893,697.4378662109375,11980155.0
2021-05-05,706.05191860334,716.0601177051252,697.0893413573174,714.2178344726562,11155033.0
2021-05-06,715.0146315531676,719.8444414509684,707.2968552376564,712.7739868164062,9484934.0
2021-05-07,718.0021040204264,723.8775963131709,711.0312098066358,713.769775390625,7131970.0
2021-05-10,720.4916975974037,721.9854606193747,711.0311984582532,712.2760009765625,7980462.0
2021-05-11,701.8694285361206,710.7324466372085,700.076925094713,704.4088134765625,12736700.0
2021-05-12,701.0728043566723,702.8155279470476,686.1849535283345,688.4255981445312,10856584.0
2021-05-14,692.1101528641082,695.695159559202,678.5667267033436,682.1517333984375,9377968.0
2021-05-17,688.6247682083986,707.3465863374713,681.5543140621202,706.3009643554688,12099197.0
2021-05-18,717.006235337283,722.981287298427,705.554052411757,708.6909790039062,19519055.0
2021-05-19,701.0727538563992,720.6908530168937,699.2802504488361,713.8195190429688,20244016.0
2021-05-20,705.6536296085293,711.4295619377517,701.6204815920967,702.9649047851562,18840413.0
2021-05-21,704.0603131540151,730.3505669817924,704.0603131540151,727.8609619140625,15883692.0
2021-05-24,727.3629971919069,744.3918705193329,723.7281496988966,738.0682983398438,15716900.0
2021-05-25,741.3047223468309,741.9022031643502,722.8318067838884,728.5081176757812,11344261.0
2021-05-26,734.9314232508832,738.3173104889789,726.466765937018,732.04345703125,9081086.0
2021-05-27,734.1347553026613,750.7154886024038,727.9605225719054,747.2300415039062,23040846.0
2021-05-28,749.4707292664432,756.5412445426185,735.4293801728503,736.7737426757812,17149692.0
2021-05-31,734.8318476376049,749.8690377608984,730.9480394641428,747.57861328125,9275086.0
2021-06-01,750.4167331780153,750.8648742380127,738.0683287442508,742.0516967773438,6660243.0
2021-06-02,741.7031022433187,742.2010232384849,731.1472014583435,733.935546875,9973043.0
2021-06-03,739.9106535270131,749.1221926187021,735.9272852711476,747.5288696289062,8170508.0
2021-06-04,747.8773365657305,756.7403546138784,737.0226345320547,738.9645385742188,10336011.0
2021-06-07,740.0101924252393,750.815114981542,738.4168694806494,747.9769287109375,6986728.0
2021-06-08,747.8773326208817,747.9768925070842,736.4251497645033,743.2466430664062,6426815.0
2021-06-09,742.8981228593167,748.1262932949888,727.1140516660741,733.6865844726562,8004726.0
2021-06-10,736.3753055063647,742.2507362506976,729.8525532141383,741.1553344726562,7795125.0
2021-06-11,743.1471335090813,743.1471335090813,733.9355945007611,735.3795776367188,4840759.0
2021-06-14,732.8401392866173,738.3172701907583,721.985437364044,733.1886596679688,5190670.0
2021-06-15,732.9397011041275,748.8731728672607,728.9563331633442,747.7777709960938,9686490.0
2021-06-16,745.6864700216307,753.702985885565,743.1470851031806,746.6823120117188,8614096.0
2021-06-17,738.8650380767981,742.3007053842639,732.9397655873101,735.5289306640625,6674329.0
2021-06-18,739.064176618933,740.1097985796451,719.2468961844447,733.2384643554688,8143792.0
2021-06-21,721.9854859213091,737.8193988216506,717.5041966983491,736.4749755859375,6464497.0
2021-06-22,740.1097849966816,745.885656428236,733.9853323970384,736.2757568359375,6727233.0
2021-06-23,740.1097309269995,740.6574318295579,727.7612667426051,729.3048095703125,6154147.0
2021-06-24,732.8401127947354,739.8607863617929,728.0600228260957,736.0765991210938,5313822.0
2021-06-25,734.4832382322553,762.765174701314,734.4832382322553,758.1842651367188,11170037.0
2021-06-28,761.3710043432311,766.3999943886732,754.5992907625407,759.22998046875,7672743.0
2021-06-29,757.8357217225494,760.3751065313118,746.9312402458263,748.8233642578125,7500655.0
2021-06-30,749.3710860481526,757.3378218466712,743.4458141417304,745.1885375976562,5459970.0
2021-07-01,746.88154061252,751.2632699633302,741.4044093146948,743.3463134765625,5695690.0
2021-07-02,744.491502708708,749.7196735445315,740.9064955909795,747.5288696289062,3557647.0
2021-07-05,753.9519899078753,758.8316402535518,750.2674229569409,757.1884765625,4680089.0
2021-07-06,753.8524149189935,763.8108351953342,752.0599114255269,755.19677734375,5529485.0
2021-07-07,752.7569506224992,760.8232460653567,749.122103210294,759.7278442382812,3573368.0
2021-07-08,756.8399356315366,763.9602303911458,748.5744590170984,751.2632446289062,4188267.0
2021-07-09,748.87318227768,749.7694643881675,737.1720388045912,744.2424926757812,5782119.0
2021-07-12,749.3710898339368,754.6490401708452,745.1885413623104,750.4664916992188,4475466.0
2021-07-13,755.8440233614782,769.7858103536531,751.8606556494283,767.545166015625,9810976.0
2021-07-14,767.7443655660431,770.2339704477143,760.8232518387233,766.8480834960938,5621924.0
2021-07-15,767.2963045250137,775.014080462806,763.3129362990566,770.93115234375,4239868.0
2021-07-16,772.7733516155182,772.7733516155182,763.3626330510399,767.9435424804688,2913553.0
2021-07-19,749.1719094335947,763.4622783161013,746.4831239311917,752.0598754882812,5554486.0
2021-07-20,751.8607084023005,752.0598889581516,741.1056269814294,742.649169921875,5815740.0
2021-07-22,746.9810659457578,755.3461631261508,737.9189279848092,743.64501953125,7876163.0
2021-07-23,745.8856809298028,760.8233113890111,737.0226625447896,752.2590942382812,6604465.0
2021-07-26,750.8648490515743,756.8399009007911,741.9022712777492,753.1552734375,7890992.0
2021-07-27,747.3794725434809,752.8566039212146,726.0684279612029,728.6576538085938,15441543.0
2021-07-28,731.744709733993,731.744709733993,709.1390835508959,719.8942260742188,11102486.0
2021-07-29,717.0062657938306,725.4709230983411,713.0228976505315,714.2677001953125,6855673.0
2021-07-30,715.0643100797221,715.6618517269321,704.2096691411597,705.952392578125,10358450.0
2021-08-02,712.0270365885923,722.5331576295341,709.0395105609479,718.1514892578125,6823345.0
2021-08-03,720.9896607136039,737.7695753278824,716.3091908151271,735.5289306640625,9265839.0
2021-08-04,737.4209636413293,753.8523558088943,735.5786803472105,750.6656494140625,9744349.0
2021-08-05,749.8690147078194,751.8606986778268,740.4085158502837,746.1843872070312,7246991.0
2021-08-06,743.8939839444209,754.499725698748,735.728067278984,737.76953125,6522599.0
2021-08-09,737.9189333559109,754.250766719792,736.6741308367544,752.358642578125,6064688.0
2021-08-10,752.3585912263414,760.8232477788548,751.8606702526641,758.3834228515625,8309248.0
2021-08-11,761.8190839479703,765.8024517071754,749.3710597004545,757.6365356445312,6429468.0
2021-08-12,755.8440913760024,760.2258205660938,750.2175596638822,754.200927734375,3572081.0
2021-08-13,754.3502505019597,761.3211439059382,751.0639843392147,756.7402954101562,4239376.0
2021-08-16,752.8565520038755,762.6157914476513,752.8565520038755,758.8316040039062,3967629.0
2021-08-17,755.8440991525489,756.8399411804179,746.1844193259451,753.6034545898438,5576110.0
2021-08-18,760.6241231534196,760.6241231534196,747.3794364361424,751.2632446289062,5370460.0
2021-08-20,742.6989691811905,745.8856758135712,733.1389100654218,737.1720581054688,6092036.0
2021-08-23,746.3835522395782,746.3835522395782,731.3463628912621,733.0392456054688,3614761.0
2021-08-24,732.9397028082143,746.5827501933915,728.4584138644141,743.2466430664062,4537435.0
2021-08-25,745.0890298003534,748.3255164447577,732.1430832227364,735.97705078125,6726509.0
2021-08-26,731.0475787193946,746.8814906333705,729.30485524125,743.2466430664062,6492155.0
2021-08-27,743.3960532952738,756.4415591879065,737.9189222930983,749.2715454101562,5841967.0
2021-08-30,752.8565607247463,786.2172681113586,750.8648767016649,780.7899169921875,12517507.0
2021-08-31,781.6364134339034,785.7193413387039,775.1634404063983,783.229736328125,12114870.0
2021-09-01,794.7814638221533,815.5945856187454,792.0927390880676,795.5781860351562,19972195.0
2021-09-02,792.1923518319709,802.7482532635049,789.105265785402,799.3624267578125,6799617.0
2021-09-03,801.1549190435195,806.5324903577286,784.4247849724095,794.6819458007812,7509746.0
2021-09-06,797.520055823533,802.5491066396626,792.0429247243902,797.4702758789062,4539192.0
2021-09-07,794.6818554874004,796.076058493785,778.7981646406207,784.5740356445312,6926921.0
2021-09-08,786.7152211170732,794.0346358870679,779.7443267527447,791.3956909179688,5903035.0
2021-09-09,785.7193204013837,790.3997898528245,780.9392910647216,786.8645629882812,4909325.0
2021-09-13,782.7318170817305,787.1633261667756,780.2422120655672,785.072021484375,4814443.0
2021-09-14,787.7109758786672,797.669395295591,786.7151339369749,791.0968627929688,6301208.0
2021-09-15,792.6902238402973,794.1342068817079,783.7276459325553,788.109375,4075592.0
2021-09-16,789.2047765676705,804.0926264648743,785.8188894912985,799.2627563476562,15446511.0
2021-09-17,805.4867438949199,817.2875075730616,793.9350014877957,803.9929809570312,14641298.0
2021-09-20,796.6736011379834,805.1880380938711,788.2089441258923,792.5408325195312,6306484.0
2021-09-21,791.9433478277285,795.6777553151275,769.0887618485729,792.0429077148438,7833561.0
2021-09-22,789.204790123755,793.4868985952813,782.7318170817305,785.072021484375,4359142.0
2021-09-23,791.0470357943221,811.1132755800915,789.2545324244522,808.7730712890625,9043492.0
2021-09-24,809.1713361910738,813.5530649313215,791.7938826113051,794.7316284179688,5184626.0
2021-09-27,799.5615020502813,805.4369329107083,789.5034621873258,793.63623046875,7715259.0
2021-09-28,798.6652835021868,802.2502903874033,774.7650755170839,785.9185180664062,7369680.0
2021-09-29,779.7442685169102,786.2172413717759,775.2629796173877,778.8978271484375,14241004.0
2021-09-30,776.6571359335118,784.0761095953475,761.6696664469031,763.3626098632812,9178187.0
2021-10-01,760.2258051994039,768.491281622329,750.8648661104123,764.9560546875,6089895.0
2021-10-04,767.8937491064602,777.902009925646,767.0970876552451,775.7609252929688,5845527.0
2021-10-05,771.1800308606078,780.7400892738625,767.9933244623998,779.3458862304688,3945224.0
2021-10-06,778.9973869752648,790.8977107638233,772.7733746152835,775.7111206054688,5092479.0
2021-10-07,786.7150981549962,786.8644987520023,770.88118768971,773.8687133789062,6622698.0
2021-10-08,778.6488894895244,781.7359753982935,772.7733973364022,778.6986694335938,4295686.0
2021-10-11,778.7484644480985,789.7027267357315,775.7609383696531,783.8770751953125,4417455.0
2021-10-12,784.7235312322508,796.3748953116443,782.1841461745129,793.8355102539062,5098502.0
2021-10-13,796.6238116202156,801.1548805159583,789.9018781913993,791.2960205078125,4381414.0
2021-10-14,795.6777210527802,800.6569308215711,784.7234595614403,798.7150268554688,7157116.0
2021-10-18,816.5904273789322,816.5904273789322,798.7150515989362,809.9182739257812,11014585.0
2021-10-19,816.5904490509306,823.5613431281946,795.1798458136195,798.3167724609375,10633732.0
2021-10-20,797.2710648093228,810.4161911005066,788.7068480945813,801.45361328125,9023067.0
2021-10-21,804.5906237696535,810.1175351785173,789.0056708454937,804.4412231445312,7405639.0
2021-10-22,808.6236688308849,821.5696142678325,803.4452784998319,813.3041381835938,10646970.0
2021-10-25,826.6483694466276,863.2954014355793,822.0177408980047,841.5859985351562,29193770.0
2021-10-26,844.8724486457061,848.1089354197311,820.0759564337027,838.3994750976562,16771909.0
2021-10-27,836.5072265625,837.3038879553335,782.3832416325807,784.2255249023438,39606414.0
2021-10-28,784.2255967618328,785.7193598032839,751.5122104666029,755.19677734375,19320926.0
2021-10-29,758.8316357553487,758.8316357553487,711.0312177550118,738.914794921875,21343427.0
2021-11-01,751.8606239629053,756.8398333931232,736.9229956722515,749.2216186523438,11694854.0
2021-11-02,749.3710461596503,758.1842228550939,744.9395374513363,752.7070922851562,11812106.0
2021-11-03,756.2921805916807,759.478886985881,745.3876990900021,747.4789428710938,10529505.0
2021-11-04,753.8524230012273,753.902202946868,748.275731899237,749.8192749023438,793433.0
2021-11-08,757.8357641072641,757.8357641072641,738.4168450532673,747.9271240234375,13872770.0
2021-11-09,746.8814561339452,750.815043959191,740.2590829103435,741.9520263671875,12120207.0
2021-11-10,739.611818449977,750.217498605672,728.9562975723588,746.234130859375,10844883.0
2021-11-11,744.8899034262635,744.8899034262635,732.0435158059594,734.9812622070312,6195359.0
2021-11-12,739.711435544917,739.711435544917,730.4501169747226,732.989501953125,9372897.0
2021-11-15,734.9314215393795,740.9064737470167,724.9730011933174,730.201171875,12849161.0
2021-11-16,730.2011916291187,730.2509715759209,718.3008668373604,723.1307373046875,8978763.0
2021-11-17,718.0020578106239,721.8858657923278,703.811309788708,709.3880004882812,18083445.0
2021-11-18,712.0270213753964,713.0228633633341,698.9815156459622,703.4129638671875,13458109.0
2021-11-22,710.0353952319665,710.0353952319665,674.5834418863711,683.5460205078125,16741079.0
2021-11-23,678.1683827842854,689.7699660681067,674.533535274729,682.799072265625,16575348.0
2021-11-24,687.1309566845052,692.2097263996253,679.2140008968663,682.3011474609375,11463429.0
2021-11-25,683.1475483330374,684.1433902402284,673.736830153809,677.0729370117188,9760486.0
2021-11-26,666.2183289565723,672.0938213421324,657.7038916172139,658.9984741210938,10252753.0
2021-11-29,662.2847082153323,662.6830693268415,646.6499766998605,648.3927001953125,12084376.0
2021-11-30,645.3056125531434,674.6331714527666,645.3056125531434,652.923828125,24699809.0
2021-12-01,662.1353417735068,678.5667340702519,657.2556918698043,676.774169921875,16184200.0
2021-12-02,672.1932944920667,675.9774816233041,665.2721810073194,673.2886962890625,8612601.0
2021-12-03,676.2762719907342,684.4919684190984,668.2099761736163,670.20166015625,9505985.0
2021-12-06,671.1975370550881,675.9277867598532,658.4009911136945,660.3428344726562,8022785.0
2021-12-07,669.2058030840611,688.6745014192952,667.214119146311,684.1434326171875,15123987.0
2021-12-08,692.1102330333028,698.6329863825933,684.7908181907528,694.2014770507812,11670826.0
2021-12-09,695.2471237947947,696.9898473127979,685.1393030778271,691.0645751953125,7021395.0
2021-12-10,687.2306121074787,689.0729564699112,680.9070390554929,685.1891479492188,5549743.0
2021-12-13,696.0935440063477,708.939929860644,690.2180520119146,701.07275390625,13634563.0
2021-12-14,698.0852318279826,711.0311776393432,694.6993447647707,707.944091796875,8612512.0
2021-12-15,709.4379156913883,717.006291118421,704.608045178223,709.5374755859375,7692888.0
2021-12-16,716.0103779113722,718.9481238852242,702.1183702448566,706.6992797851562,7309187.0
2021-12-17,704.5581578458214,705.0560788054298,682.2512745428203,686.0355224609375,7844705.0
2021-12-20,678.1186140995156,679.0148354201765,657.3552721743207,671.5460205078125,9934646.0
2021-12-21,680.160011571793,680.160011571793,659.7452528057289,663.081298828125,10116104.0
2021-12-22,667.2140940288858,674.0355869463355,661.2390424405675,666.5667724609375,7489534.0
2021-12-23,674.1850356144819,681.6538506323676,669.80330649144,675.9775390625,6884683.0
2021-12-24,678.3177539418923,679.1641952686095,659.695497721802,664.7244873046875,6028893.0
2021-12-27,660.2930861494143,671.7950501418919,653.2226316172773,669.3552856445312,6996729.0
2021-12-28,674.4838240502902,678.0190512540227,669.2058732183848,672.6415405273438,4645547.0
2021-12-29,671.6954653837358,676.7742355462889,664.4756104926579,667.7120971679688,3969894.0
2021-12-30,665.2225282471827,670.301298686219,661.737080868642,666.0689697265625,5119705.0
2021-12-31,670.1518252436034,683.6454709628533,668.4091019017462,675.728515625,5586980.0
2022-01-03,677.4214974662981,695.5956133483413,676.1766950086239,693.4545288085938,8550860.0
2022-01-04,698.085278973215,708.0934794470124,697.1392168668336,706.201416015625,9705906.0
2022-01-05,708.9399336960422,727.8609314180345,704.8071651442165,723.8775634765625,11312955.0
2022-01-06,716.9564869601546,730.4501344102309,716.0104248683791,727.263427734375,7955578.0
2022-01-07,730.9480208685773,737.8193549140866,722.2344034535909,727.5621337890625,10454143.0
2022-01-10,730.5995079459155,740.9064483380697,730.1513668894366,739.71142578125,9595787.0
2022-01-11,739.811025520687,743.9437332368342,734.2342740070868,740.1595458984375,7252279.0
2022-01-12,746.5329740755099,748.3254775059404,740.0600011235199,743.7445678710938,5294563.0
2022-01-13,745.8857163481184,745.8857163481184,733.9853913609218,737.6202392578125,5196538.0
2022-01-14,731.7447252762719,732.8899679449017,713.0726868619275,718.69921875,16302342.0
2022-01-17,716.01040102747,717.6037239216582,706.5499019874687,709.6868286132812,19680557.0
2022-01-18,714.5166961700776,732.8402148513106,711.2802093930006,722.1846923828125,24055886.0
2022-01-19,722.1846159372082,728.9065493011371,715.7116430682395,726.5662841796875,7746270.0
2022-01-20,728.010225324821,734.0848975212041,719.1472686829353,725.8692016601562,8505400.0
2022-01-21,718.9979752604166,722.2344619911595,705.1059662137219,709.5374755859375,10689060.0
2022-01-24,712.0270078410168,713.4212109101767,685.3384552278653,701.6702270507812,8812501.0
2022-01-25,711.0311520284127,751.8606719628174,705.6535811879191,749.0723266601562,38088158.0
2022-01-27,740.9064055012328,773.7691896162069,735.0309137257052,770.6322631835938,34927774.0
2022-01-28,774.8646320065294,781.4372256424338,758.3336792018738,761.5203857421875,17765524.0
2022-01-31,772.2256773944843,774.5658817405338,759.1801109564559,769.8356323242188,12319200.0
2022-02-01,774.8646166151174,790.5989684488723,765.9020388380335,778.6488647460938,15457534.0
2022-02-02,786.715182823867,802.5490949932507,784.0761772018457,800.7565307617188,13478899.0
2022-02-03,798.8644694960547,808.5241491120597,789.7524908271619,796.2254638671875,10802708.0
2022-02-04,793.6362913757429,801.1548862940741,787.8604199515255,795.2296142578125,10776387.0
2022-02-07,799.1632198473101,800.2586217551122,780.8397023943364,786.3168334960938,10939179.0
2022-02-08,790.6985453293908,797.6694393058464,772.9227900019778,795.2296142578125,12300670.0
2022-02-09,797.6693821497163,806.1340385146009,796.8229408257748,800.5075073242188,9399830.0
2022-02-10,804.1921559017477,812.5572526081872,799.7606470606145,806.4328002929688,12848281.0
2022-02-11,797.61963836871,806.5324361602936,795.179813384893,800.457763671875,9717894.0
2022-02-14,786.7151933070709,799.661139526048,766.7485730256154,770.1343994140625,8617389.0
2022-02-15,773.7691720042592,795.7772541283842,761.1219674613009,793.63623046875,7426563.0
2022-02-16,791.6943759362891,804.9390621447352,786.018064480849,793.73583984375,7457765.0
2022-02-17,793.6860735283396,798.6652835253807,777.2546805381043,779.5451049804688,6516308.0
2022-02-18,777.9020854698691,787.2629647981088,775.7610006292651,784.1260986328125,5466662.0
2022-02-21,780.2919957855303,793.4869024350471,772.8729606451878,785.5699462890625,5635224.0
2022-02-22,762.9145522829463,783.7276749519059,762.9145522829463,775.9103393554688,6923558.0
2022-02-23,780.2422375132965,782.2339215911861,769.0390145751668,773.9684448242188,6303173.0
2022-02-24,749.2715732290566,765.9519273549889,722.2842175475296,727.263427734375,13085009.0
2022-02-25,739.2135586391528,761.6697852292561,734.3339689502291,754.8980712890625,10066136.0
2022-02-28,746.7819252024416,746.7819252024416,733.1388779185617,739.3131103515625,14463418.0
2022-03-02,725.6701092821028,753.3047259902704,721.9854815647388,747.1304931640625,11691602.0
2022-03-03,752.8565623816262,756.2922294852773,729.3547151700928,734.5828857421875,8357181.0
2022-03-04,719.993774670154,729.4542737840773,707.0976084585842,712.0270385742188,11660648.0
2022-03-07,690.118482173446,702.068585760865,652.8739683467754,664.7742919921875,20147061.0
2022-03-08,662.2349167877082,670.9485341138623,634.3513413440153,667.6124877929688,24828458.0
2022-03-09,668.707882008598,677.6704597272538,656.3594172836797,671.3966674804688,20438651.0
2022-03-10,704.9565911357905,717.4046164010688,685.3882711062237,692.0604248046875,23224756.0
2022-03-11,689.0230997106047,703.7117691167635,684.5915906826417,687.9774169921875,14224356.0
2022-03-14,691.8114449296223,709.4378603680159,682.1517654379493,707.0975952148438,10720884.0
2022-03-15,710.0352987151276,715.0145083835366,692.1101439088551,695.2470703125,12157425.0
2022-03-16,708.0437244794452,722.981355797577,706.1516001999308,720.8402709960938,10038170.0
2022-03-17,733.9355639656694,743.6450235975083,733.3878630145069,736.1762084960938,13657428.0
2022-03-21,741.9022712745644,746.2840002765195,720.69084936621,722.8817138671875,7495685.0
2022-03-22,725.9687806938647,732.939674335644,703.4129362404173,728.3588256835938,11117081.0
2022-03-23,733.039247491637,739.8110214913675,721.6369055962087,723.7281494140625,5886245.0
2022-03-24,716.109960582676,727.4128037940397,716.0104006948501,719.2468872070312,7559843.0
2022-03-25,720.292501527448,723.628608673501,712.5249461367391,718.2510375976562,5430894.0
2022-03-28,722.9812774658203,734.8318213401362,712.07679562876,732.939697265625,7077669.0
2022-03-29,738.5662670600748,738.5662670600748,727.9605251108217,734.7322387695312,6174137.0
2022-03-30,743.8939837774747,762.665581411653,738.2176721465928,747.3296508789062,16618114.0
2022-03-31,759.8273906751853,759.8273906751853,748.1760279672739,757.985107421875,20449544.0
2022-04-01,756.8399777245908,772.524490420857,752.0101679687674,771.3294677734375,9321859.0
2022-04-04,776.7567936155403,782.233924852573,763.8108470552813,780.8397216796875,10959783.0
2022-04-05,772.7733574636934,792.6901965735824,772.7733574636934,779.8438110351562,7334134.0
2022-04-06,773.7692376506365,776.7069837207712,766.0016821702636,770.4829711914062,9954921.0
2022-04-07,766.3003923787808,791.6943624965961,766.0016519454334,788.806396484375,9820244.0
2022-04-08,791.5948486328125,797.3707202116711,785.7193563827998,791.5948486328125,8104237.0
2022-04-11,786.167442129292,790.9474713484954,780.7898712693325,782.7815551757812,6340427.0
2022-04-12,776.8562689130436,797.6693896599131,774.5658446196071,795.1300048828125,7672215.0
2022-04-13,802.4494261902134,802.4494261902134,787.5615769735277,789.75244140625,7640132.0
2022-04-18,776.7567833948308,798.3167876567369,772.7734152748573,795.5283813476562,11478317.0
2022-04-19,801.6528631172991,812.8063064125977,782.2837227776308,794.4827880859375,8711816.0
2022-04-20,797.5200830692322,799.1134668213324,785.3210179316574,791.3956909179688,6676491.0
2022-04-21,791.7939717477979,800.6569901050425,787.2629026789756,798.4661254882812,6851615.0
2022-04-22,792.6901770613831,794.6818609233464,774.9642028461835,777.3541870117188,6255027.0
2022-04-25,768.7900199116738,785.5201532664306,758.0847184686031,777.453857421875,8023525.0
2022-04-26,787.7109983776461,793.2876890978602,765.8024750346522,771.7775268554688,11087204.0
2022-04-27,762.41659184877,769.7360668348151,745.8856393741215,762.7153930664062,11485697.0
2022-04-28,773.669590099609,782.1840261187502,763.1634095153796,776.5574951171875,11037317.0
2022-04-29,761.8191065679225,763.6613898987086,721.9854277931292,725.5704345703125,34401710.0
2022-05-02,718.9978924052576,735.1305442526191,715.5124455584178,724.3256225585938,16136040.0
2022-05-04,729.9521713782924,732.093255947953,701.0727539567774,704.2594604492188,14548684.0
2022-05-05,713.0228322851003,718.7987034071137,695.9939593461461,699.4295654296875,12726146.0
2022-05-06,687.1309272032069,689.6205320119141,665.3219647663842,670.5999755859375,15511195.0
2022-05-09,657.4549215410943,666.2183192645323,646.1022980661894,660.9403686523438,13999329.0
2022-05-10,660.9403016502521,669.3053374004301,654.8158494630809,657.0067138671875,9523698.0
2022-05-11,658.948700892127,673.1892301427171,652.7246880394762,669.5543823242188,9352398.0
2022-05-12,664.2266262089357,664.2266262089357,641.3222597879379,646.9487915039062,11166084.0
2022-05-13,653.6706429323234,656.6581686115729,630.7662793914111,633.3056640625,9618627.0
2022-05-16,637.1894952793102,646.5006546803589,627.4302555921838,636.2932739257812,6159695.0
2022-05-17,640.2268613756639,654.7661306097336,638.4841378341171,652.2267456054688,8152237.0
2022-05-18,652.0275989365102,667.6125517307049,647.5960895442403,656.7080688476562,13013873.0
2022-05-19,640.6251864543913,655.0151164093982,638.53394243633,647.4965209960938,9216948.0
2022-05-20,657.0067424535753,672.9402140401721,655.2640189987912,670.3012084960938,9708672.0
2022-05-23,670.2016657306767,681.9525891696802,665.7701566761832,672.5418701171875,7919353.0
2022-05-24,666.9154111045085,678.6165548071242,658.4507539579354,661.2888793945312,8088546.0
2022-05-25,665.222450290766,669.8531398635722,657.3054943024384,662.2349243164062,5169619.0
2022-05-26,670.1518970058704,682.4007416497296,665.2224668690542,680.4090576171875,10114633.0
2022-05-27,686.1350897885424,690.915118896398,681.4048406209146,685.43798828125,5539060.0
2022-05-30,692.209730339595,695.0976963705883,687.2305204802069,690.7658081054688,3818060.0
2022-05-31,686.1352009746385,693.1060956144388,680.2099283745325,682.3510131835938,10410424.0
2022-06-01,680.1600817704741,689.5708007682287,677.6704767859555,683.1973876953125,6966674.0
2022-06-02,679.1642208915783,690.2678831263274,679.1642208915783,688.6744995117188,6347433.0
2022-06-03,694.4006043591922,695.097705905343,670.3510568772786,674.4837646484375,8475726.0
2022-06-06,674.1849974462752,681.1558910683195,667.5128442517592,669.4049682617188,6756864.0
2022-06-07,669.404931304969,675.1808021166554,658.3510498457442,663.081298828125,8312778.0
2022-06-08,667.2141963367413,670.7494235789666,652.7247061695846,655.861572265625,9282494.0
2022-06-09,654.2184652772966,659.9943371732351,647.2973506791442,658.5503540039062,5682743.0
2022-06-10,652.7744292815764,660.9403458163541,649.4881628465018,657.9528198242188,6758832.0
2022-06-13,644.2599640420058,649.2889537514448,637.4384101909797,646.2516479492188,6135431.0
2022-06-14,642.3180978828515,652.9736195698958,640.4259737470816,648.044189453125,5391833.0
2022-06-15,651.2806740833373,653.6208784926474,644.5089605763601,647.7952270507812,4638336.0
2022-06-16,654.7661374966569,655.4632390768826,628.4261035353835,632.2601318359375,5960283.0
2022-06-17,627.3805079735339,638.135590239662,623.9946206020784,632.5588989257812,6849201.0
2022-06-20,632.6086138743802,634.5007379372021,619.612888272196,625.6875,5305222.0
2022-06-21,629.3721048335624,642.6665703936861,625.5381376847027,633.8533935546875,10333886.0
2022-06-22,629.919878425449,631.0153411524986,618.6668753835999,624.1937866210938,5899024.0
2022-06-23,624.7911892805846,638.1852132867035,615.6792122114929,626.7330322265625,8450777.0
2022-06-24,631.7124120241225,639.7787695055246,629.0236869783666,631.3638916015625,6918584.0
2022-06-27,641.3222003007019,644.2101661984539,632.0608825458006,634.4508666992188,4552114.0
2022-06-28,631.3638810968408,642.0194035492301,629.3721969293429,639.6791381835938,10711123.0
2022-06-29,633.7039943727677,635.1479773424204,620.9074497529566,622.9489135742188,13620084.0
2022-06-30,621.4053954580756,636.6417655942831,621.0568750776588,634.1521606445312,10563138.0
2022-07-01,630.3679790022765,643.9114057393818,629.172956459268,641.2724609375,6549359.0
2022-07-04,638.8824455313942,652.425933679047,637.8368235507006,651.6292114257812,3933384.0
2022-07-05,653.3718408615937,657.1560886753184,643.3138620675115,645.803466796875,5044787.0
2022-07-06,649.2890220302634,656.6582775744454,648.2931799719347,655.2142944335938,6684686.0
2022-07-07,661.6970560340285,662.7442695673705,649.9282459651723,656.4110717773438,11171714.0
2022-07-08,665.2376753500799,675.0117699495607,659.6524958286312,667.3820190429688,12669533.0
2022-07-11,664.7888636884087,680.1481989498147,663.5920220919277,678.0537109375,14864123.0
2022-07-12,675.211265219412,683.4394674912882,671.221833814866,674.4133911132812,6446810.0
2022-07-13,678.2032880882613,683.1900769712631,675.1613590444076,678.1035766601562,9614674.0
2022-07-14,676.807004269972,678.6521527939327,663.841352380709,666.484375,8026311.0
2022-07-15,668.2297574493167,672.4186725812401,657.3585325681217,660.4503784179688,6015057.0
2022-07-18,666.2848584538747,686.1821585098612,661.6970369761839,682.69140625,12464664.0
2022-07-19,676.806969045998,701.9902531356498,676.806969045998,698.7488403320312,10171314.0
2022-07-20,704.4338395811476,712.6121861526394,700.8433756589768,703.83544921875,11620331.0
2022-07-21,706.0794678500154,716.5517247672976,702.4889432397564,713.6593627929688,8036515.0
2022-07-22,715.1056039753411,733.0580459161446,713.2105996431429,728.8192749023438,9713490.0
2022-07-25,731.5619363572848,736.8479204506648,720.5910007063917,725.4281616210938,6230411.0
2022-07-26,720.9899831615178,721.53851778069,700.1950363574366,704.5834350585938,14135744.0
2022-07-27,706.0794790469809,718.6461631974456,701.7409360166871,717.0504150390625,6106880.0
2022-07-28,723.0844702486626,731.7614960664254,721.1396101883872,723.9821166992188,6964838.0
2022-07-29,731.9609314477744,733.0081449882887,721.0897068156585,722.8350830078125,6624854.0
2022-08-01,724.0817742489264,730.3651163134986,718.4965948301711,728.8690795898438,5493105.0
2022-08-02,725.0791229353895,732.4096784394446,719.1946875468807,728.52001953125,7275626.0
2022-08-03,728.0712063454505,736.5487477891988,725.5778118031716,728.5698852539062,9458761.0
2022-08-04,733.2575240751968,734.7535608921861,710.3182928813588,719.6934204101562,7466635.0
2022-08-05,722.0870243195565,729.2680124267936,719.2944347428217,726.5751342773438,4583196.0
2022-08-08,728.0712366367144,745.3753711305094,726.176232356185,743.5801391601562,8191870.0
2022-08-10,743.0315711985421,745.8740166180007,734.2049788969476,737.0474243164062,9069541.0
2022-08-11,741.0867888083786,758.6403246898305,741.0867888083786,756.8450317382812,12384073.0
2022-08-12,756.6953787191655,759.9866473004131,751.4093945282057,758.5404663085938,4614341.0
2022-08-16,762.97881166594,769.9603171321643,756.4461294401809,762.6297607421875,7051498.0
2022-08-17,769.3618347593822,771.7056012504579,764.2254177165278,770.0599365234375,7674390.0
2022-08-18,769.9602748524701,773.9497063283897,760.0864076000119,763.0286254882812,9449924.0
2022-08-19,769.9602232879538,770.6085302089307,748.2676910903981,755.49853515625,7553270.0
2022-08-22,751.4094243809856,752.4566379429115,737.2469308145875,739.889892578125,4994311.0
2022-08-23,736.0500954805387,748.8661195414492,731.8611803233507,745.076171875,6594634.0
2022-08-24,743.0316124102129,750.0629732119336,740.0395388031919,748.1680297851562,6875820.0
2022-08-25,751.9080991938424,756.5956323381675,738.0448008817768,741.3859252929688,6320890.0
2022-08-26,746.0236697425413,753.005174673287,739.3413599911919,742.931884765625,4613713.0
2022-08-29,728.0712111989751,732.9582888839766,720.1422043268931,726.774658203125,5904146.0
2022-08-30,731.0632845636851,751.558975660099,731.0632845636851,749.514404296875,9193270.0
2022-09-01,731.5619528755952,752.9054343369954,731.5619528755952,742.183837890625,9353805.0
2022-09-02,747.0209929366981,752.5563165573791,738.2941121780918,748.2178344726562,7767812.0
2022-09-05,748.2179197497421,756.7951734662256,747.3701289979467,754.102294921875,5894055.0
2022-09-06,755.9972342122395,759.5378423296163,746.8215300127218,748.0183715820312,7606181.0
2022-09-07,741.1864806011506,755.997219725101,737.0972770571956,753.4041137695312,10156460.0
2022-09-08,759.7373175833538,780.1332971287648,755.0995793817956,777.6897583007812,13410790.0
2022-09-09,785.868090822061,785.868090822061,777.9390841358982,782.7762451171875,8732302.0
2022-09-12,786.9153723556004,802.8730985377165,784.7211728307806,798.8836669921875,15521649.0
2022-09-13,802.8730352047573,806.812610719981,801.0279476100538,803.4215698242188,9887516.0
2022-09-14,792.3010532561494,809.2062191088597,792.3010532561494,800.9281616210938,10494713.0
2022-09-15,803.3717045264908,804.3690623223027,785.5688922208038,787.9126586914062,5996899.0
2022-09-16,783.9731255627729,790.50580730337,774.0494027837217,787.2145385742188,11467351.0
2022-09-19,787.2144747467518,799.8809305854129,784.6213688974013,795.9912109375,11427799.0
2022-09-20,804.6683086603971,814.0434968868142,799.8810031108217,810.6026000976562,8274079.0
2022-09-21,807.1118236272765,813.8439889772724,801.227388082909,804.4189453125,6567084.0
2022-09-22,802.8731108354957,806.6630586870208,782.2277900963753,787.1148681640625,7804275.0
2022-09-23,786.9153382162519,786.9153382162519,762.2307315992022,766.5692138671875,10278805.0
2022-09-26,756.9945706982912,761.4826808012455,739.042130286474,740.6378784179688,11090327.0
2022-09-27,744.3779839512251,752.1574236394794,728.5698868677172,735.5513916015625,11358306.0
2022-09-28,731.9609751144757,731.9609751144757,705.8301863897025,714.5570678710938,13170668.0
2022-09-29,720.3416937137015,728.8690909972163,709.1214181106843,717.1002807617188,12090981.0
2022-09-30,718.0976810553522,735.8007836091473,712.512501218924,731.2628173828125,9536017.0
2022-10-03,729.068657140425,740.039594525575,719.1449334218051,720.8404541015625,6405645.0
2022-10-04,731.462275033306,742.5329228716269,730.0659496870798,740.83740234375,5438934.0
2022-10-06,748.018357914177,758.3909034934762,744.0289266719681,753.1048583984375,9376433.0
2022-10-07,751.8083648013422,755.4986011666381,740.3387490740599,753.703369140625,7500540.0
2022-10-10,746.0236745860083,776.6425728701322,743.0316010248345,774.7974243164062,14106654.0
2022-10-11,777.9391631264514,793.398210598836,772.4536946685084,783.4744873046875,15953495.0
2022-10-12,787.4140108474573,808.6577205612805,781.3800081196047,806.5632934570312,21228018.0
2022-10-13,804.8677706064428,812.7967775474184,793.4978669695091,799.8809814453125,13024911.0
2022-10-14,813.3951720065256,818.5315892179959,792.350945989795,798.3849487304688,8220645.0
2022-10-17,801.3770161317528,814.8413468321619,794.993901672373,811.9989013671875,9463827.0
2022-10-18,817.8334346909977,820.7257967973885,809.4057487075133,814.1930541992188,8470882.0
2022-10-19,816.2875663974025,836.2347239323192,814.7416738632253,827.6574096679688,10868663.0
2022-10-20,822.7205274770317,829.7020325344839,814.7915202727181,823.66796875,11813817.0
2022-10-21,857.8274276686375,903.6061754778319,853.5886569779302,898.02099609375,58057724.0
2022-10-24,913.5797394826685,916.0232782532241,902.608803746523,907.0470581054688,3085307.0
2022-10-25,903.3069838317773,908.1940005934313,889.2442021375596,900.4644775390625,13187308.0
2022-10-27,906.5982805713661,917.5193611424662,898.8687572771659,912.7320556640625,11967044.0
2022-10-28,912.5824400423613,915.5246578981507,896.5250028786047,900.6640014648438,7320207.0
2022-10-31,905.6009780176429,915.5745570707006,899.7165420267805,903.6062622070312,9038777.0
2022-11-01,901.6115073621667,901.6115073621667,866.7039821877464,869.4467163085938,29191921.0
2022-11-02,872.6880694591467,874.6827850464819,859.3234506744454,861.268310546875,11029140.0
2022-11-03,855.6333146216878,878.0738660042765,853.7383103776014,861.7670288085938,10185978.0
2022-11-04,866.703981874365,870.5937018848083,860.0216720257564,865.8063354492188,7323879.0
2022-11-07,873.9348234455263,874.4833580928819,859.0243112872834,870.6435546875,9931261.0
2022-11-09,872.7379492363614,878.4229009917846,866.2052676825034,871.3915405273438,10190209.0
2022-11-10,841.4708251953125,854.4364771678939,838.7779468416134,841.4708251953125,18956575.0
2022-11-11,844.7620953389646,852.4417629259154,841.9196498281719,848.4523315429688,19329819.0
2022-11-14,848.2528469565332,851.6438879782266,845.1111453960264,848.7515258789062,6985306.0
2022-11-15,849.0008751701187,857.5781283846885,844.9615880269072,856.38134765625,7124767.0
2022-11-16,855.7329985271361,859.3234622832887,848.3525264047356,853.139892578125,6521854.0
2022-11-17,853.1399053900328,859.124052322746,850.4470270955337,855.9324951171875,4909607.0
2022-11-18,857.02958204018,863.5124080176003,852.7409554914342,856.9298706054688,7065304.0
2022-11-21,857.7277257453736,868.6488060560957,856.7303679247394,867.7511596679688,7209207.0
2022-11-22,872.6382373386323,874.6828086961542,866.0556391981127,867.7511596679688,5535233.0
2022-11-23,871.5911028966468,875.4807622257634,866.4546853047066,872.3889770507812,5861417.0
2022-11-24,875.6801641054085,878.4727538207161,870.7930864482026,876.2286987304688,4928778.0
2022-11-25,880.6669692241182,889.4437060065,878.5725421179889,885.4044189453125,7614047.0
2022-11-28,885.3545627983984,897.1233730831884,882.960879643506,889.343994140625,7928147.0
2022-11-29,892.0367987582664,899.5169819068188,887.6484002948944,890.191650390625,5661158.0
2022-11-30,892.6352877676404,902.7085778387012,883.1105323466861,898.8687744140625,10452798.0
2022-12-01,907.0970105501652,907.0970105501652,897.1234315446659,901.4619140625,7053100.0
2022-12-02,895.9264855044502,904.6035104030498,889.0447533167863,902.7584228515625,7988851.0
2022-12-05,904.6034749176531,904.902670066443,895.2282877629985,896.8240966796875,5098164.0
2022-12-06,895.128632946124,904.5038206936671,893.3334010659682,902.259765625,5351099.0
2022-12-07,900.4146109313907,915.5744616874864,897.4723932424755,912.2333374023438,9103656.0
2022-12-08,913.2307698998422,941.4559858133865,911.3357655726234,936.8681030273438,17466047.0
2022-12-09,941.5058058572178,942.5031637024055,925.1491128465822,931.2330322265625,8018981.0
2022-12-12,927.4431016046588,938.6633775688698,919.5639501335667,936.1699829101562,7621788.0
2022-12-13,937.7157883092424,946.7917196742414,934.1252638099216,942.1041259765625,8136559.0
2022-12-14,943.1514470955915,947.6395572868431,936.0203143310465,939.9100341796875,8573479.0
2022-12-15,937.2670739526305,942.4533471378417,930.1359407137285,935.6713256835938,7359261.0
2022-12-16,929.7868270255402,942.7026229600187,926.6451255452462,932.6292724609375,6926928.0
2022-12-19,932.6292432008416,945.5948944447248,929.9364258723766,943.699951171875,4842336.0
2022-12-20,941.2564535961869,950.2326740808128,937.9651849266023,947.2406005859375,9511818.0
2022-12-21,950.5817624990193,956.3664868499249,925.5481042865168,929.8367309570312,8368960.0
2022-12-22,933.526971592218,933.526971592218,910.5378847336628,917.1204223632812,9202717.0
2022-12-23,909.5903465081575,914.8264751475959,901.6114838194894,904.20458984375,6371695.0
2022-12-26,905.6009565307057,930.4850478524462,902.708594324387,926.2462768554688,4764440.0
2022-12-27,929.9863389741026,935.3221791195604,920.1623276318431,929.7369995117188,3346083.0
2022-12-28,928.490322634285,934.9731487989412,918.8657948248916,922.2568359375,5956496.0
2022-12-29,920.3617949883478,941.5057931967825,913.380290165914,932.0807495117188,12204113.0
2022-12-30,938.7630203430911,941.0070753717997,927.8917960766807,931.2828369140625,3704449.0
2023-01-02,929.7867896608932,942.5031013457163,929.3379664854748,939.112060546875,3498198.0
2023-01-03,942.2538282071222,963.0487150172568,940.1094844813861,959.7574462890625,6927819.0
2023-01-04,960.9542909190053,967.4371169604932,952.4767491724443,954.9202880859375,9059392.0
2023-01-05,957.4634777331753,959.3584818824108,935.770945815783,947.0410766601562,6998980.0
2023-01-06,944.0490803274756,948.437479308072,931.831446411515,937.4166870117188,5787783.0
2023-01-09,944.2984191882836,957.4635552477184,938.862806621734,956.2168579101562,7025747.0
2023-01-10,961.4529432194536,961.4529432194536,940.2590894399791,949.63427734375,7140150.0
2023-01-11,950.4820135387191,953.2247475756881,940.3089514813648,947.2406005859375,7100355.0
2023-01-12,946.8416511641793,947.1907629362419,921.5586539997812,933.078125,8661375.0
2023-01-13,933.0282324261028,934.9730923328219,920.5612597854548,931.6818237304688,9083608.0
2023-01-16,937.9651606102153,939.2617135829371,909.2911236943571,910.7373046875,10008273.0
2023-01-17,912.532534594739,917.2699841619227,904.3043327148935,915.2752685546875,6904960.0
2023-01-18,919.4641667501235,923.1543418571546,910.8369975564799,921.55859375,5730939.0
2023-01-19,921.1597151347594,935.5216929799582,918.3172695216381,926.2462768554688,7721730.0
2023-01-20,928.7895323246271,932.3799963684853,922.2069946195888,928.0913696289062,4511360.0
2023-01-23,933.5269866413041,937.2172230154131,922.0075151668234,930.2357177734375,5236124.0
2023-01-24,932.5296295772259,932.5296295772259,901.362195433602,907.795166015625,18527897.0
2023-01-25,902.6088496225307,905.0523885172817,881.8638186236642,889.9922485351562,11921748.0
2023-01-27,889.9922375871389,890.1418656115881,848.7515155579399,871.44140625,17300736.0
2023-01-30,849.6491470072265,883.1603452440041,843.914339570577,869.54638671875,21233998.0
2023-01-31,870.6933834135348,876.9767255520502,858.8248009166462,869.2970581054688,16856151.0
2023-02-01,873.9846395179304,892.8347265366547,831.0982535510395,854.9849853515625,12409819.0
2023-02-02,848.7016937743082,869.696064815547,834.8383949970716,866.1554565429688,9567053.0
2023-02-03,870.693394455164,882.661688537022,856.9797241530351,880.2680053710938,7365732.0
2023-02-06,869.5464186317218,896.774336681514,868.2997213171303,880.3179321289062,10129098.0
2023-02-07,884.506744665385,886.052697961636,869.1973267142367,876.7772216796875,5055187.0
2023-02-08,879.7693458320437,884.1078890566288,865.9559637911517,869.4467163085938,6572818.0
2023-02-09,873.8350955880709,873.8350955880709,860.2709924440431,865.4074096679688,5993312.0
2023-02-10,869.7459237952077,870.3942307643174,862.8641909735284,864.9586181640625,4603464.0
2023-02-13,864.9586303152131,868.1501877387769,854.2370329950764,856.8301391601562,5707194.0
2023-02-14,860.2709943420871,869.5963266880356,851.99293642923,868.4493408203125,7527755.0
2023-02-15,869.6960345142812,869.8955182566087,859.323488652169,866.0057983398438,7322266.0
2023-02-16,870.4939285640548,871.9899653549671,859.971815309417,862.4652099609375,5843235.0
2023-02-17,858.7250937802401,865.955938065846,847.754157622769,852.6412353515625,8420479.0
2023-02-20,857.4284906632998,858.9245273246152,840.2739247721066,844.5126953125,5992322.0
2023-02-21,846.7568188104417,846.7568188104417,835.1874920431541,841.8198852539062,9677064.0
2023-02-22,837.7805863154392,840.7726598379944,827.3581847037606,831.1481323242188,6984037.0
2023-02-23,830.8489480155665,846.0087995696058,828.006502481512,842.1190795898438,8437003.0
2023-02-24,847.8538987685147,852.3420091720334,842.2188633417659,849.1505126953125,7763814.0
2023-02-27,849.5992567522266,856.1818550600585,843.714881985254,852.0926513671875,8064267.0
2023-02-28,853.6884782219203,855.3340821777266,837.7806080724329,841.8697509765625,13012372.0
2023-03-01,843.814565001129,866.4545995172498,842.8172071887351,862.8641357421875,12345125.0
2023-03-02,863.7118776816358,864.5097517679955,841.2713265871361,843.2161865234375,13900508.0
2023-03-03,847.5048546086999,856.3314474563028,843.3657950762932,850.397216796875,7977804.0
2023-03-06,854.6858146198489,861.4678357686325,853.3393450092184,857.2290649414062,10781567.0
2023-03-08,856.2316930866406,860.2211243881509,850.7960807635548,858.6752319335938,8785735.0
2023-03-09,860.2211566155239,871.9401115027498,859.7224776841525,865.5071411132812,14746065.0
2023-03-10,857.3287150190869,859.3234305597306,843.2659948071041,849.6491088867188,11198583.0
2023-03-13,843.365747946297,854.7356514398607,826.2610978636376,830.1507568359375,8315798.0
2023-03-14,825.8123137927512,833.4919815426556,815.2403447531742,830.6494750976562,12573734.0
2023-03-15,835.8357518979154,841.2713644714725,817.1851475291634,821.8727416992188,6652641.0
2023-03-16,819.3294536392584,835.6861463268352,812.1484651209591,828.3555297851562,8791383.0
2023-03-17,832.7938167758774,839.276642894492,820.8255224030504,835.1875,7762461.0
2023-03-20,833.7911436751785,838.7779328119918,823.3687422044607,835.3370361328125,10744023.0
2023-03-21,837.8803087329111,855.0847317131189,836.5338999796693,853.33935546875,11489951.0
2023-03-22,853.3393206214389,857.5282356116426,844.8119234933862,847.4050903320312,8018924.0
2023-03-23,844.7620800965633,858.8747177086536,842.8670758742992,846.5573120117188,9857892.0
2023-03-24,844.0141063949059,850.2475931481916,835.0378854701742,837.680908203125,8078718.0
2023-03-27,838.8277998735553,839.9747857400914,827.0091338090191,831.1481323242188,10602508.0
2023-03-28,835.1874828184127,835.1874828184127,823.867434765989,830.2505493164062,11002402.0
2023-03-29,830.3004281081028,846.2082983349227,827.8070334290995,840.3737182617188,17121194.0
2023-03-31,852.6412256465586,858.6253725734296,845.2607534205282,856.231689453125,12946752.0
2023-04-03,861.7171614119438,864.5097511491489,854.1871220026246,862.3155517578125,13266882.0
2023-04-05,868.6986979828679,868.6986979828679,854.7356879119607,858.2264404296875,11890015.0
2023-04-06,859.5229861540353,860.9691672166958,846.756817801303,849.6990356445312,19677316.0
2023-04-10,852.5414731343576,852.6911011605596,841.7201648732404,845.1111450195312,15656078.0
2023-04-11,846.0087653724299,853.439093258407,841.8198503806001,851.04541015625,23930907.0
2023-04-12,852.6412558734322,854.3866321223113,844.4130535572876,848.8013916015625,13480335.0
2023-04-13,851.3944826947454,865.4073471552986,842.7673136551116,862.066162109375,23934570.0
2023-04-17,879.6695920665803,879.6695920665803,858.725077969757,862.2656860351562,22577380.0
2023-04-18,863.063563291869,869.696017129858,854.8353612949408,861.06884765625,17238709.0
2023-04-19,862.7145161360205,872.1894154461849,860.2709772970421,871.0923461914062,23494247.0
2023-04-20,872.488653826795,873.2865279492286,861.8668290194934,866.4546508789062,19444753.0
2023-04-21,868.4991631302372,871.5410922561947,855.2343165182021,861.9166259765625,15520786.0
2023-04-24,865.7066661280058,882.0633602062501,858.226481800863,879.9688720703125,18201632.0
2023-04-25,882.6617513334481,893.4332045986704,872.0897818252274,876.029296875,36394389.0
2023-04-26,875.0817699116577,887.0999193895163,872.8875705471868,885.3046875,19468723.0
2023-04-27,885.6537654480087,887.6484811359546,875.1815080862924,879.0712280273438,15992383.0
2023-04-28,882.7613790119196,887.6983123782459,851.3945243829124,857.7277221679688,23004117.0
2023-05-02,867.7013024431587,874.0844168336761,861.9664949844827,868.349609375,12947953.0
2023-05-03,861.5675564094298,864.5596299665021,851.7934616311052,857.578125,15103015.0
2023-05-04,857.7277569166305,864.858889942878,855.234362274431,863.6620483398438,9756391.0
2023-05-05,864.8588814516036,882.6616946725612,860.4704825748612,863.0137329101562,14343308.0
2023-05-08,863.013687929964,879.071184955495,863.013687929964,876.1289672851562,7007882.0
2023-05-09,879.8690735863491,887.8479360793128,877.6748742260062,885.903076171875,12117151.0
2023-05-10,889.6431942064683,890.1418731269875,875.2313612286815,887.5487670898438,11893027.0
2023-05-11,888.6458302181073,897.622050725361,886.6511145498288,893.582763671875,13816121.0
2023-05-12,892.8347664423467,911.1861145008119,891.637924838255,908.2439575195312,10533272.0
2023-05-15,908.2439536374151,917.0705462913144,906.7479168571682,913.3803100585938,7339579.0
2023-05-16,913.779312757632,920.0626553019887,909.5903974367628,915.3750610351562,12567615.0
2023-05-17,915.275296639109,916.4721382149521,908.8423264336074,912.3829345703125,10248327.0
2023-05-18,917.5692487444488,927.0441485956143,910.1887760897728,912.2832641601562,13614127.0
2023-05-19,918.4668189387249,924.5506771464437,906.5483810984672,921.6084594726562,8393002.0
2023-05-22,920.5612837744666,925.2987335013665,911.984030723741,915.1256713867188,9383158.0
2023-05-23,915.1256345087245,920.0625677789012,909.9892783782489,913.7293701171875,8273445.0
2023-05-24,908.7425871157698,918.4169091117494,907.7950850275552,915.2752685546875,6248545.0
2023-05-25,914.2779119411406,921.1097885552583,910.0391412702481,918.6163940429688,8149350.0
2023-05-26,915.5744897215402,925.4483566073094,912.5824162257182,924.5008544921875,4908462.0
2023-05-29,928.5401032424976,935.2224126156907,925.5978855848356,927.34326171875,7133871.0
2023-05-30,928.3406903665873,937.2171997318495,925.5979562325213,934.97314453125,7804403.0
2023-05-31,934.8733518090171,937.4166630132827,907.7951228373205,912.4328002929688,34757004.0
2023-06-01,919.5639303932444,928.4902952545949,913.6296390581192,917.27001953125,11817533.0
2023-06-02,920.2122403047441,928.0414750407,917.8185571264956,923.653076171875,11616991.0
2023-06-05,925.1490774704517,951.3796364949906,925.1490774704517,948.337646484375,14520005.0
2023-06-06,948.5869905944751,968.1850959488153,948.5869905944751,965.641845703125,14457988.0
2023-06-07,970.3793029478247,978.657360677375,965.5420809974672,974.1692504882812,15795824.0
2023-06-08,970.4790025315168,972.274234410458,957.3637838856253,959.5579223632812,10209982.0
2023-06-09,964.4450372391158,979.1062097524826,960.7548010335363,972.174560546875,12947464.0
2023-06-12,970.4291959930815,975.3162738476396,966.040797067605,971.6260375976562,7465375.0
2023-06-13,971.7257076265167,987.0850423372962,971.7257076265167,983.2451782226562,15233785.0
2023-06-14,983.394818048502,985.589017444078,973.4212397721479,975.1167602539062,8644423.0
2023-06-15,985.7385964089794,986.3869033542694,969.6313038239398,974.5682373046875,15978311.0
2023-06-16,980.2032402270959,982.8462627643449,974.6180608592621,978.95654296875,8860900.0
2023-06-19,981.2505591803991,983.3949030447102,958.460955198749,963.0986938476562,11025846.0
2023-06-20,963.3978435029916,974.418635755126,956.0173709399359,972.2742919921875,7596593.0
2023-06-21,975.7151823757298,975.7151823757298,960.6052473193232,963.4476928710938,7805855.0
2023-06-22,959.6577434905124,970.8780193970829,956.1669909862461,964.0460815429688,10135883.0
2023-06-23,957.4635460788033,962.9490143115465,952.0279335643066,955.8677978515625,6188008.0
2023-06-26,956.9648713775646,960.9543028371896,950.5817566926072,958.0120849609375,5799528.0
2023-06-27,964.4450412674793,973.4212619204341,958.2614104206652,970.6785278320312,6921886.0
2023-06-28,976.4132915500627,981.4000805773868,964.4449978844848,975.6154174804688,10010996.0
2023-06-30,974.5183133320694,987.2346256905186,973.4212440663871,984.8410034179688,7096350.0
2023-07-03,987.3842783725233,987.3842783725233,975.41598408922,979.505126953125,5562743.0
2023-07-04,979.5050965987062,982.2478306203005,966.4397334272136,968.13525390625,7396806.0
2023-07-05,966.4397446918043,972.9225706365894,959.557951262399,963.9463500976562,8200047.0
2023-07-06,958.4609136389415,983.4945718412441,958.4609136389415,978.3582153320312,10221727.0
2023-07-07,974.6641831465856,987.8427533030938,970.2213995227613,975.1134643554688,6236524.0
2023-07-10,975.1134229796711,984.3983035132331,958.8399135165018,962.4839477539062,7138850.0
2023-07-11,966.3278064604591,970.1715283005711,949.055859137324,951.6516723632812,10616390.0
2023-07-12,955.1459770502267,955.9945719610037,945.4617212556537,948.4568481445312,10141257.0
2023-07-13,954.7466102990345,964.4308661734865,950.6033879635203,958.5903930664062,13079930.0
2023-07-14,962.8833651853291,965.4292107928754,946.2104803815384,955.495361328125,5383514.0
2023-07-17,958.4405566209024,967.3261236556458,948.906082020886,963.2826538085938,8472444.0
2023-07-18,962.4341238989889,978.3582276590016,949.75474099237,962.084716796875,14457717.0
2023-07-19,962.4340810493464,968.3245214799657,954.9462640287344,962.7335815429688,7574544.0
2023-07-20,962.3342650400326,978.3082746371382,956.0444500123637,976.3115234375,15329753.0
2023-07-21,970.0217295031625,983.3999872060559,966.427601640063,969.7222290039062,6230317.0
2023-07-24,971.868719566255,983.3500387247727,967.226248749494,969.921875,9167788.0
2023-07-25,976.0619382847129,976.0619382847129,952.2506434540315,960.9365234375,13448045.0
2023-07-26,965.2794076024823,978.408070887261,961.7351864716742,975.2132568359375,8298226.0
2023-07-27,987.7428718400173,988.3918403520264,954.1974761782315,958.3407592773438,17858061.0
2023-07-28,958.3407708775003,968.1747462458351,940.6695104216192,948.4069213867188,8504392.0
2023-07-31,953.1492132082983,957.0428415508311,946.7595848886385,952.3505249023438,6601991.0
2023-08-01,954.4470700773103,962.4340748478318,950.4535676920495,958.3407592773438,8409096.0
2023-08-02,949.9543860919007,957.3423899272404,935.0785652353426,943.7145385742188,9324465.0
2023-08-03,942.5664341596897,945.0623733042032,925.6440155086992,934.0303344726562,17076611.0
2023-08-04,945.4617140197354,953.2989382779123,933.1317994626262,950.7031860351562,12376086.0
2023-08-07,950.7031813527487,953.4487142996851,943.0156769141249,945.861083984375,10922609.0
2023-08-08,948.4567982683412,958.3407408562782,942.5164513972481,951.3521118164062,11512735.0
2023-08-09,950.453599403783,951.751475535094,942.7660948684616,948.4568481445312,7701831.0
2023-08-10,946.4600482280028,950.403643949488,935.7774173529954,938.2234497070312,13590891.0
2023-08-11,935.9771127935795,944.163804794016,931.4844226521703,935.6776123046875,9558237.0
2023-08-14,933.4811853346018,941.7676906214929,927.3911185533472,938.4231567382812,7172522.0
2023-08-16,934.4296152490268,938.4730240697854,929.7871445321507,931.5343017578125,7394623.0
2023-08-17,934.4296855182831,941.4682215409039,930.1366824853097,935.0286865234375,9336994.0
2023-08-18,933.3314350729253,944.4134411482146,929.5376198590476,941.5181274414062,6648744.0
2023-08-21,942.6662329755741,952.6998953477062,942.4166390810633,951.0525512695312,6822155.0
2023-08-22,952.3005472024149,957.5420191327795,947.1090428011483,955.495361328125,10860061.0
2023-08-23,960.4373227378255,978.8573646594484,956.8431949689281,977.6593017578125,12677151.0
2023-08-24,983.2002673424388,992.6349288407245,977.5095143009324,979.755859375,11899556.0
2023-08-25,972.4178579521714,986.5948040027422,969.2230437675902,981.5030517578125,6228241.0
2023-08-28,978.5079223942115,990.8878044769428,978.5079223942115,988.591552734375,8451441.0
2023-08-29,988.5915015078543,989.3901897765771,975.9121195828499,979.10693359375,8114141.0
2023-08-30,981.4032174251885,996.3788514652473,978.4080906171766,981.7526245117188,9023083.0
2023-08-31,980.2051453744111,993.0842149031694,967.0265753548468,971.9186401367188,21558300.0
2023-09-01,972.6674063929545,991.3869484713408,967.4259346110063,989.5399780273438,10946742.0
2023-09-04,992.1357999293365,992.9344882603159,978.4081347730815,980.6544799804688,6727188.0
2023-09-05,983.849276444457,984.5980581667087,976.311552627659,979.8557739257812,10548660.0
2023-09-06,979.8557450584462,981.5529957660837,960.2376401390118,963.4823608398438,16351052.0
2023-09-07,963.4823594503813,978.2083995329203,961.5355148454876,976.6110229492188,8686550.0
2023-09-08,976.6110161977904,985.6962097098066,970.9202631366767,978.7075805664062,6439351.0
2023-09-11,980.205140866197,1002.3690911240707,977.4097014048458,998.7749633789062,7130484.0
2023-09-12,1008.359363575727,1008.359363575727,996.4287628788912,999.274169921875,8958327.0
2023-09-13,1001.3208651433481,1015.3480307656412,992.0858904289113,1012.8021850585938,12254423.0
2023-09-14,1012.8021036052967,1020.7392015303601,1007.4108511825343,1019.2416381835938,7855558.0
2023-09-15,1019.3415327961677,1030.0740709720333,1012.9019977034457,1025.4815673828125,8986157.0
2023-09-18,1019.8906349456726,1028.22710820011,1017.344789220694,1023.08544921875,6397319.0
2023-09-20,1010.6555317748637,1045.7983624422236,1010.6555317748637,1025.6312255859375,13619788.0
2023-09-21,1024.932412581354,1031.9210420949819,1010.4559657316963,1012.8021850585938,8156588.0
2023-09-22,1008.3593486258594,1025.5813275999149,1006.3625974404616,1016.595947265625,7108110.0
2023-09-25,1013.5509522256357,1024.3333968473526,1003.5172893267603,1017.2948608398438,7123890.0
2023-09-26,1017.3447217274799,1019.0419724102037,1009.3577170426714,1012.5026245117188,6387615.0
2023-09-27,1008.3093799827367,1026.2800786094012,1002.3690333845414,1023.5345458984375,5158686.0
2023-09-28,1025.3316529177218,1036.263816047641,1023.534528243648,1029.225341796875,15818489.0
2023-09-29,1029.225485543987,1039.3090552697004,1022.8358569873276,1035.0159912109375,9528626.0
2023-10-03,1033.3186660572435,1043.0028598792167,1030.9225404282156,1039.35888671875,11589322.0
2023-10-04,1033.6681363421294,1035.31548042985,987.2436716941178,993.9328002929688,22584212.0
2023-10-05,998.3755796590767,1007.5606471791422,987.2936350992647,1001.6203002929688,7950412.0
2023-10-06,1003.3674445023389,1006.3625712023459,997.776565703396,999.3240356445312,5289753.0
2023-10-09,993.1840570274306,998.0761219518472,986.6447088875765,994.6317138671875,6823214.0
2023-10-10,998.275738170682,1013.3012780313192,994.881236921684,1010.6056518554688,5728499.0
2023-10-11,1017.3447668895379,1023.9839892029179,1010.3561374800906,1017.444580078125,7396783.0
2023-10-12,1020.3398755325106,1029.325256041114,1013.3013396546403,1016.795654296875,4920222.0
2023-10-13,1007.3609689365711,1009.8070013159382,990.6381778268708,992.4352416992188,12173162.0
2023-10-16,988.3918390260908,1007.8102565355731,988.3918390260908,1003.1677856445312,4646960.0
2023-10-17,1007.2112249339127,1013.0517589019271,1001.4705650900084,1006.4125366210938,6105067.0
2023-10-18,1008.359410492035,1012.4527262988346,987.74292886351,991.2372436523438,7818946.0
2023-10-19,978.108604901474,997.3772421369372,978.108604901474,989.7896118164062,4836625.0
2023-10-20,987.3934807466093,991.2871700097013,976.1617551061651,978.7575073242188,5664400.0
2023-10-23,978.4080906933191,983.30015552119,959.5387674269721,962.7335815429688,5896695.0
2023-10-25,958.4405458687386,972.4178038293244,949.854540353068,953.89794921875,6957048.0
2023-10-26,954.4470317750139,973.4161673437642,951.2023112172013,970.470947265625,17540495.0
2023-10-27,978.4080497382199,1003.1178448719147,971.7189212926039,1001.12109375,13443016.0
2023-10-30,1001.1211784924749,1001.1211784924749,977.6094442289194,987.5932006835938,5270567.0
2023-10-31,996.378856354625,996.378856354625,976.4113442032296,980.2550659179688,7816805.0
2023-11-01,976.2615959865412,977.7092528529108,966.4276202990195,970.221435546875,5703984.0
2023-11-02,976.4113609898953,986.7445243314878,972.4178584909591,981.3533325195312,5193982.0
2023-11-03,984.3983063600134,989.7895587814189,979.905616320845,987.24365234375,4268048.0
2023-11-06,993.3836824986804,1014.5492565642459,991.4867445597067,1007.7603149414062,6552178.0
2023-11-07,1006.3625690269995,1020.5395142302563,1003.6170362245946,1019.2416381835938,6559859.0
2023-11-08,1022.336595889503,1025.2817551073692,1013.9502166269431,1020.0403442382812,7643314.0
2023-11-09,1023.0853973586273,1027.1787129492586,1014.998579363083,1020.2400512695312,4407935.0
2023-11-10,1016.2465054827999,1029.3252009261782,1014.9985360345382,1027.528076171875,3294063.0
2023-11-13,1028.3767642900284,1030.1737671223318,1021.8373558142246,1023.684326171875,5985481.0
2023-11-15,1043.302420224086,1043.302420224086,1029.8743182054134,1039.6583251953125,7240388.0
2023-11-16,1041.1060904652536,1042.304092397363,1020.4896106234117,1024.6827392578125,6908825.0
2023-11-17,1013.2514705826267,1018.3431620183127,990.2388631234999,992.7348022460938,13268353.0
2023-11-20,979.4064896291164,993.1341544939486,978.7575210974649,987.093994140625,8215656.0
2023-11-21,988.3419333306163,995.8796568923234,985.0473060514076,990.1889038085938,7061614.0
2023-11-22,989.3901954825055,998.2757624803141,986.395068755515,996.4786376953125,6103988.0
2023-11-23,997.3772174309884,1001.7700944146982,993.783089670506,997.4271240234375,3112891.0
2023-11-24,1000.3723748528136,1009.1081615593627,998.0761231057231,1006.86181640625,6956281.0
2023-11-28,1011.4043930220315,1020.28996026832,1007.6105779156203,1019.4912719726562,6173384.0
2023-11-29,1025.481581791897,1061.7725125965069,1019.4913278421283,1058.427978515625,9422396.0
2023-11-30,1060.97371777571,1079.144227099871,1053.7354945637944,1072.5050048828125,24755589.0
2023-12-01,1073.6532244199786,1107.198622699033,1068.4615977908677,1102.855712890625,14428758.0
2023-12-04,1118.67979349121,1127.165985588198,1097.3145325432133,1123.771484375,14043213.0
2023-12-05,1134.953382736085,1149.9788617561794,1125.319034229928,1130.6103515625,15804808.0
2023-12-06,1133.2560683014217,1143.8388248118424,1116.1339031558173,1118.6798095703125,7342767.0
2023-12-07,1117.4319299515028,1127.7650934037656,1106.6993918706642,1116.0341796875,6439419.0
2023-12-08,1114.037385715821,1132.5073342632686,1109.6944762425824,1129.3624267578125,7300989.0
2023-12-11,1127.166096859431,1137.5492278833829,1112.0406815484266,1114.6864013671875,6924589.0
2023-12-12,1118.1807098253757,1132.0581555092208,1107.1985778538765,1129.162841796875,9044111.0
2023-12-13,1148.1319907660816,1149.130366410226,1109.6445609355035,1113.0390625,8184523.0
2023-12-14,1130.560544254832,1136.7504241736842,1116.084098177239,1118.6298828125,9421193.0
2023-12-15,1117.3818730335781,1126.0178459635727,1106.7991165190488,1118.530029296875,12048410.0
2023-12-18,1117.8810894625565,1118.1806508857087,1105.401394698207,1109.544677734375,7922468.0
2023-12-19,1121.974580081625,1125.0195526254015,1112.3900765501955,1118.4302978515625,6824641.0
2023-12-20,1120.1774467497467,1122.0244172741716,1100.908748515848,1108.446533203125,9848057.0
2023-12-21,1102.106797671874,1102.106797671874,1075.4500972753222,1093.62060546875,10914682.0
2023-12-22,1093.6206690285596,1104.5029875664939,1084.0362875341675,1086.5322265625,10600025.0
2023-12-26,1089.4273180263838,1098.862039807972,1084.9346281890596,1092.472412109375,5687517.0
2023-12-27,1094.2696605556087,1108.7461072242813,1087.8800321343413,1104.5528564453125,6132936.0
2023-12-28,1105.4512920325003,1111.1919512595825,1096.2163184932808,1106.05029296875,14097667.0
2023-12-29,1099.6606827129087,1105.0519349686435,1092.1728662110586,1100.5093994140625,8786731.0
