Date,Open,High,Low,Close,Volume
2013-01-01,1522.2663325951512,1524.3933931437239,1504.8953381151414,1511.56005859375,145037.0
2013-01-02,1520.1392716256103,1570.4797045945554,1515.211615976241,1561.439697265625,561496.0
2013-01-03,1570.4796626628734,1580.4059449550991,1563.3894610255693,1570.40869140625,411809.0
2013-01-04,1570.4795391104276,1571.2240448438981,1554.278360403513,1563.8148193359375,220400.0
2013-01-07,1562.4320036231088,1570.479450635228,1550.1306093035512,1557.6461181640625,212741.0
2013-01-08,1562.6804578998585,1570.8341898716592,1548.9608483418388,1558.745361328125,276672.0
2013-01-09,1559.8445731855086,1562.680654227664,1524.3935601585654,1529.9947509765625,690334.0
2013-01-10,1530.4200852331312,1543.5369587919974,1511.4183094574576,1515.991455078125,560339.0
2013-01-11,1521.0253387809776,1524.3931841879044,1492.5582515816184,1501.7755126953125,621682.0
2013-01-14,1506.6679596686029,1519.4303235622663,1477.6336164306463,1484.2275390625,510151.0
2013-01-15,1480.4341563030832,1507.6251498221786,1473.9820033356473,1499.825927734375,685850.0
2013-01-16,1503.1226485372022,1527.0165918678829,1459.411627549939,1472.2802734375,1093325.0
2013-01-17,1474.7618381591767,1496.032441594165,1450.6551542661903,1455.4410400390625,795106.0
2013-01-18,1464.1266707197706,1479.016094489802,1451.2225380725358,1460.0498046875,604750.0
2013-01-21,1465.4028154102982,1465.4028154102982,1440.9416213241452,1459.234375,452426.0
2013-01-22,1459.163292487132,1476.6760534571147,1457.1072035406803,1465.6507568359375,299784.0
2013-01-23,1471.2168259329276,1471.2168259329276,1427.2930618221874,1441.615234375,294771.0
2013-01-24,1440.7645973009176,1449.7336339969868,1421.5855654019251,1427.293212890625,246404.0
2013-01-25,1415.204033954327,1487.5240797776444,1415.204033954327,1474.76171875,303781.0
2013-01-28,1478.200830833497,1491.778498401412,1464.2329944354476,1479.4769287109375,141452.0
2013-01-29,1475.470915892331,1495.571706163597,1436.1202980009211,1440.62255859375,241736.0
2013-01-30,1452.0732543451609,1456.610914024741,1429.9872595581203,1438.1409912109375,208916.0
2013-01-31,1442.714304920401,1471.1459104363942,1432.327141915479,1437.290283203125,512056.0
2013-02-01,1439.523663103622,1472.4221292333343,1439.523663103622,1457.7099609375,450922.0
2013-02-04,1460.5814557667488,1477.8106794039263,1450.4070342951343,1463.843017578125,375365.0
2013-02-05,1452.5340362716986,1495.323470834303,1452.5340362716986,1485.1844482421875,443426.0
2013-02-06,1488.9422171997758,1501.917319712639,1470.5076945106357,1476.0380859375,479356.0
2013-02-07,1468.4516383269665,1475.7898927013748,1458.4543854045598,1463.2757568359375,179174.0
2013-02-08,1466.9625020463336,1484.6880035210354,1445.1956208555196,1451.2576904296875,432759.0
2013-02-11,1447.3939644971254,1462.1770194898186,1441.2964076199614,1449.7691650390625,310628.0
2013-02-12,1448.0319965294136,1478.2361533444157,1446.5429848614995,1472.0322265625,245407.0
2013-02-13,1471.216895200813,1476.3218059519859,1428.6756837733196,1431.3699951171875,223590.0
2013-02-14,1435.7658583363825,1437.1130139826623,1411.021036850547,1419.8837890625,210882.0
2013-02-15,1414.6726883726128,1425.2371076657637,1385.2838329122796,1397.01806640625,285502.0
2013-02-18,1396.8404386331601,1403.8597547168047,1371.9538512005138,1380.178466796875,244636.0
2013-02-19,1386.1344749935927,1415.3460722761445,1374.7546662948741,1409.567626953125,214900.0
2013-02-20,1411.1274290311987,1419.7420416246327,1396.4507457611373,1405.7742919921875,320502.0
2013-02-21,1400.3149177666255,1419.4584634778655,1397.159812445456,1406.3770751953125,265026.0
2013-02-22,1396.769620905143,1432.1497418107203,1393.969026082334,1413.5379638671875,219110.0
2013-02-25,1418.0403461644391,1432.2207496260835,1400.5629815878995,1424.8115234375,281372.0
2013-02-26,1403.8599197408012,1417.260418102935,1350.6834076294072,1362.453125,364896.0
2013-02-27,1373.3723586469457,1400.8823816591803,1354.2288100235758,1392.5867919921875,440033.0
2013-02-28,1403.7888622675234,1413.644258609307,1386.4178704490184,1398.8966064453125,586457.0
2013-03-01,1398.8967422881092,1447.9609015688147,1380.4622185681442,1438.1055908203125,494169.0
2013-03-04,1435.553027195739,1436.084792294945,1393.9690656780963,1410.3828125,499009.0
2013-03-05,1402.4420177466504,1417.2605578933703,1383.085730808785,1399.1805419921875,785020.0
2013-03-06,1401.023939093145,1408.1850259252071,1393.9337369722282,1399.109619140625,404202.0
2013-03-07,1395.3517211592705,1420.1319419530246,1384.0073982230163,1413.9635009765625,603905.0
2013-03-08,1408.5749710846728,1433.745187710147,1399.2513383203845,1427.57666015625,529097.0
2013-03-11,1429.739280422474,1433.2488959080197,1399.5704352980183,1408.326904296875,364827.0
2013-03-12,1409.6031235221144,1409.6386091542859,1372.0605363892812,1386.80810546875,435128.0
2013-03-13,1382.412185082395,1388.970622170233,1337.5311701746834,1343.876953125,458436.0
2013-03-14,1340.26079087162,1341.182465113538,1306.7241039895825,1315.090576171875,682108.0
2013-03-15,1318.9901032177902,1336.4673791320558,1306.9012761074305,1311.89990234375,514417.0
2013-03-18,1304.597233643228,1320.514703314018,1279.2142745859105,1284.8155517578125,311058.0
2013-03-19,1291.8349087311822,1315.9415974780868,1282.7949004510929,1301.6903076171875,534689.0
2013-03-20,1295.1316444243992,1311.687247234842,1287.0133119640304,1304.5970458984375,397439.0
2013-03-21,1311.6872636987116,1313.4952996823124,1234.9713188960247,1244.5430908203125,464790.0
2013-03-22,1247.9110773687064,1306.0152499888534,1247.9110773687064,1290.877685546875,486269.0
2013-03-25,1301.7609635055478,1303.8880239034327,1273.258388794014,1278.0087890625,313615.0
2013-03-26,1272.69093931623,1283.326239644778,1243.8338590448884,1277.122314453125,294742.0
2013-03-28,1269.8197153288954,1300.0594447109465,1248.2300844720705,1275.9173583984375,653941.0
2013-04-01,1274.8182633300462,1289.1759217463052,1255.0011842348908,1262.9776611328125,362092.0
2013-04-02,1264.8919503238515,1264.8919503238515,1233.6950636566714,1242.6995849609375,471386.0
2013-04-03,1242.699502236154,1245.9255783309702,1194.3798513664224,1199.91015625,644268.0
2013-04-04,1194.6991815760186,1209.446838140827,1174.1375932877665,1186.6163330078125,374503.0
2013-04-05,1184.134585140743,1220.2946143156373,1182.6456600730162,1206.2205810546875,531759.0
2013-04-08,1212.9562056234015,1224.9031776833551,1191.1893219254555,1209.1983642578125,265143.0
2013-04-09,1214.1261780726813,1220.223734333372,1194.6990077581243,1207.7803955078125,412277.0
2013-04-10,1200.0877127777796,1223.0599872394735,1200.0877127777796,1220.4720458984375,385798.0
2013-04-11,1226.60485424698,1229.4409348348343,1199.3075785888825,1206.504150390625,402527.0
2013-04-12,1194.698908360873,1226.5693282991008,1191.1538077425917,1220.2236328125,287722.0
2013-04-15,1211.715584869481,1243.6214955301755,1211.715584869481,1222.84716796875,487403.0
2013-04-16,1217.6004253430176,1262.055957309,1214.7997436199223,1255.4266357421875,299096.0
2013-04-17,1259.2197370606623,1279.7813206050087,1247.8754151051608,1270.351318359375,264905.0
2013-04-18,1270.9541207673956,1288.4313984483083,1255.532932307546,1270.635009765625,341542.0
2013-04-22,1272.6912569374974,1287.5806811133677,1238.8355424423632,1249.896240234375,249317.0
2013-04-23,1244.3657314691518,1286.5169407894737,1244.3302458448754,1279.78125,226371.0
2013-04-25,1290.4165931676755,1314.5232767763025,1284.8153170191392,1303.178955078125,320107.0
2013-04-26,1301.0521067738239,1350.6835222910815,1299.1731858763208,1344.089599609375,333109.0
2013-04-29,1347.1383056640625,1371.2449911338404,1334.8722222607855,1347.1383056640625,257661.0
2013-04-30,1350.6833327739635,1359.2270598664888,1319.5573320997144,1333.241455078125,268297.0
2013-05-02,1333.241901499959,1346.4296628784325,1316.4735526853763,1318.8133544921875,471887.0
2013-05-03,1318.777262707469,1322.3223628760372,1276.2360606846473,1281.5537109375,436707.0
2013-05-06,1283.4682258889234,1305.9796153879633,1280.4903759138988,1295.45068359375,162518.0
2013-05-07,1298.4640296255102,1316.86315438065,1288.3250934479192,1310.5882568359375,501159.0
2013-05-08,1310.269336241979,1313.2471864769473,1293.9618715593137,1303.6400146484375,195615.0
2013-05-09,1304.5970403178894,1317.3239170421712,1291.125657836346,1295.0252685546875,159331.0
2013-05-10,1295.3799076626688,1319.4865945047766,1295.0962822721099,1317.39501953125,296787.0
2013-05-13,1312.3964387783817,1324.024387798854,1284.74464995485,1289.9205322265625,156428.0
2013-05-14,1290.5940230612316,1293.2528488194953,1259.9288993159228,1267.515380859375,371941.0
2013-05-15,1267.7280677765068,1303.888096555367,1264.4665922947509,1291.8702392578125,524631.0
2013-05-16,1301.0166844413811,1335.6169075626697,1272.4077344149343,1280.8450927734375,1656463.0
2013-05-17,1281.19921837156,1301.0517795859505,1264.714502363182,1298.960205078125,503587.0
2013-05-20,1290.5940585528792,1331.5399763561638,1290.5940585528792,1321.471923828125,574827.0
2013-05-21,1327.959383115964,1338.6301720204713,1308.1423026365303,1314.4171142578125,361919.0
2013-05-22,1315.1968136509029,1325.1585807803694,1300.3428770204375,1311.226318359375,253432.0
2013-05-23,1315.2322806029329,1329.7671925988143,1279.6749054102643,1285.7724609375,516453.0
2013-05-24,1309.5603134480675,1309.5603134480675,1267.0191013165656,1279.5333251953125,366597.0
2013-05-27,1279.2851534626034,1292.4729115837158,1242.9478690084234,1289.069580078125,474528.0
2013-05-28,1293.1109744375228,1310.2692273179912,1268.2242981199684,1305.0224609375,422707.0
2013-05-29,1301.2649120975473,1318.7776778226973,1287.722555950614,1293.6429443359375,527462.0
2013-05-30,1289.6368922211047,1307.2205417026419,1283.362080599967,1303.1082763671875,330724.0
2013-05-31,1303.1079622266777,1303.1079622266777,1270.4221553566101,1290.77099609375,418116.0
2013-06-03,1290.4520759763925,1290.6647300775855,1235.1130221931392,1247.5208740234375,454501.0
2013-06-04,1247.5210210614534,1258.1563238838016,1233.0569919129966,1253.51220703125,429041.0
2013-06-05,1250.0026542071848,1250.711674430785,1238.1620510931893,1244.9686279296875,519225.0
2013-06-06,1240.6434917906033,1243.9049671671248,1229.0155440327208,1237.8782958984375,467062.0
2013-06-07,1234.4040318180294,1240.7852129130104,1227.4202009296948,1237.2401123046875,357068.0
2013-06-10,1243.124960348592,1258.3688923072768,1243.0894747239154,1252.8385009765625,367490.0
2013-06-11,1251.597829856488,1268.720683926802,1244.720368966284,1264.32470703125,271665.0
2013-06-12,1264.891797097806,1264.891797097806,1221.6415730939011,1235.9283447265625,306650.0
2013-06-13,1230.0791582289198,1230.0791582289198,1201.7892350322566,1211.21923828125,454593.0
2013-06-14,1214.5515755277752,1258.0854321474737,1211.2192152821801,1251.1724853515625,204276.0
2013-06-17,1253.3351486034342,1288.7152788528313,1235.4678716790538,1282.4759521484375,398034.0
2013-06-18,1272.8685501651412,1304.0654398502916,1261.4533419313207,1296.6207275390625,414459.0
2013-06-19,1294.138869350886,1305.2350506414095,1283.3971980916867,1301.5126953125,374627.0
2013-06-20,1286.1622910526187,1315.2321113024298,1276.2360109673173,1290.66455078125,451241.0
2013-06-21,1279.8877393769028,1302.9308942211942,1268.0470509574957,1297.5423583984375,307812.0
2013-06-24,1297.5070475018151,1297.5070475018151,1259.2554399291996,1272.372314453125,446107.0
2013-06-25,1271.9822615977816,1283.3265850011064,1245.1812629372996,1275.9173583984375,657806.0
2013-06-26,1264.0412309296973,1271.840453029431,1247.8755359573954,1267.0899658203125,500188.0
2013-06-27,1267.0898885466434,1326.5766962441364,1267.0190038419412,1303.32080078125,1030259.0
2013-06-28,1306.3697238588572,1375.499193642433,1306.3697238588572,1364.119384765625,794222.0
2013-07-01,1366.990863422246,1371.954004523883,1337.2120168124254,1363.3748779296875,496573.0
2013-07-02,1354.2286799958708,1396.699010359209,1347.1384774828034,1356.5684814453125,592561.0
2013-07-03,1340.75727484275,1352.5978782394766,1323.0317688294929,1340.083740234375,434707.0
2013-07-04,1356.607400429826,1375.7457294514234,1351.6684367707842,1362.9989013671875,406242.0
2013-07-05,1375.2008696329992,1375.2008696329992,1358.2051299537359,1365.1051025390625,286679.0
2013-07-08,1351.7773363244542,1361.8367527391042,1335.1447523854179,1353.1573486328125,329807.0
2013-07-09,1361.8365891205265,1390.8891030217644,1359.0403023897798,1378.68701171875,188148.0
2013-07-10,1379.2680909557528,1392.4143357018095,1337.8682588417569,1352.68505859375,399958.0
2013-07-11,1353.847140690593,1371.7144189138119,1353.847140690593,1362.96240234375,185148.0
2013-07-12,1365.250196437431,1366.1944385846257,1340.482946569606,1357.9508056640625,208815.0
2013-07-15,1354.3556699378562,1384.9697773267308,1344.042061911866,1381.229248046875,153038.0
2013-07-16,1368.954652250566,1393.068206173428,1359.3310058836223,1385.478271484375,332357.0
2013-07-17,1394.5207202132272,1394.5207202132272,1365.540818764048,1386.9307861328125,257814.0
2013-07-18,1387.257653384663,1394.3755553429664,1368.9546035793733,1377.59765625,183219.0
2013-07-19,1370.1890428917577,1443.7282109769897,1352.7575363826656,1427.930908203125,1609280.0
2013-07-22,1416.3100874342804,1459.1625464899842,1414.1311488382275,1441.9852294921875,418429.0
2013-07-23,1452.6254725860542,1459.3438653967646,1429.3834650246772,1434.830810546875,415840.0
2013-07-24,1425.0259380808752,1459.888957972762,1419.5785912227677,1453.9332275390625,277794.0
2013-07-25,1449.4301484196033,1473.6890194037437,1441.4044432800251,1453.9696044921875,505006.0
2013-07-26,1457.6735474455536,1488.941351287077,1457.6735474455536,1475.9766845703125,361112.0
2013-07-29,1470.7835688781236,1488.9413907161252,1443.3289067945695,1449.86572265625,142531.0
2013-07-30,1453.424705834725,1463.520472733722,1393.7944353230832,1398.7333984375,286047.0
2013-07-31,1397.4260230246155,1419.6875311964193,1391.7607469262348,1405.23388671875,1000215.0
2013-08-01,1418.2711884263877,1428.0764127427328,1385.8413878202123,1404.5439453125,319950.0
2013-08-02,1405.4153238985573,1415.5837035029913,1372.8764736998749,1386.7127685546875,289389.0
2013-08-05,1394.520854082912,1394.557205194653,1357.4788938963345,1362.5267333984375,214153.0
2013-08-06,1357.478733546238,1357.478733546238,1300.1363687895048,1313.7183837890625,391496.0
2013-08-07,1318.039913998514,1325.5209719347506,1269.7764598273577,1286.6995849609375,557125.0
2013-08-08,1274.6789495392038,1303.7314612096131,1271.773698372163,1294.50732421875,360718.0
2013-08-12,1297.1948378222673,1320.2916234786726,1290.5490570631018,1312.8831787109375,414841.0
2013-08-13,1311.720841331583,1358.059630770024,1304.7482565849891,1350.0701904296875,516681.0
2013-08-14,1357.9873735128149,1389.436761712364,1357.9873735128149,1386.240966796875,472360.0
2013-08-16,1376.5443121151063,1398.1157664645277,1327.4455853550787,1342.480224609375,391479.0
2013-08-19,1329.1888388396596,1332.0577390727324,1256.7027824594302,1280.52587890625,419333.0
2013-08-20,1278.3107122527394,1296.2143430855733,1250.020860079598,1275.9501953125,641187.0
2013-08-21,1285.5737797332174,1310.9947301799195,1243.66556260415,1259.7896728515625,470325.0
2013-08-22,1252.8896043800482,1303.00518855525,1236.1844096549808,1290.43994140625,409880.0
2013-08-23,1289.9314344297688,1305.1476509648871,1273.4078194898605,1292.546142578125,253568.0
2013-08-26,1298.647464109519,1320.3278864240651,1272.86335618117,1293.30908203125,196958.0
2013-08-27,1279.7630522502623,1294.8340416567282,1235.639553144585,1254.8868408203125,431297.0
2013-08-28,1241.9947896412875,1266.9436146132407,1220.2417584684924,1254.8868408203125,457301.0
2013-08-29,1270.9024250814982,1275.6234592182627,1240.5425085528827,1264.111328125,466893.0
2013-08-30,1264.1111537880818,1343.6787613072859,1240.7239156773899,1334.2366943359375,900898.0
2013-09-02,1334.236695332134,1358.205019200376,1332.8204207498686,1348.1092529296875,272132.0
2013-09-03,1353.8471019583524,1369.2086358957595,1320.4367121031569,1334.85400390625,489186.0
2013-09-04,1354.57343446238,1379.1228436989,1337.1419264585747,1371.8233642578125,503110.0
2013-09-05,1383.48072737007,1406.8679652567728,1372.0049490810757,1380.720703125,179794.0
2013-09-06,1385.8051478364548,1398.1524683360458,1361.255733966885,1387.8751220703125,244046.0
2013-09-10,1401.2027962069046,1444.09160795701,1393.068127278534,1438.60791015625,396920.0
2013-09-11,1421.3941406739136,1460.615031627614,1421.1035978234922,1450.08349609375,349393.0
2013-09-12,1439.5522637019872,1459.9616398193973,1431.2722783581316,1437.1553955078125,373073.0
2013-09-13,1424.662568480232,1462.7213772338212,1424.662568480232,1455.0950927734375,509168.0
2013-09-16,1460.615236694046,1485.9635745459475,1440.1695108996705,1452.807373046875,392924.0
2013-09-17,1439.2253504970245,1470.7109967180752,1439.2253504970245,1462.3583984375,246637.0
2013-09-18,1456.511400696646,1484.0386743984018,1454.8045832962187,1465.154541015625,233615.0
2013-09-19,1488.9413114757217,1497.657065494116,1468.967708516901,1491.2291259765625,324702.0
2013-09-20,1492.5728709146772,1497.9838660527696,1438.2809866806763,1447.1419677734375,735104.0
2013-09-23,1438.5351479366789,1462.5760844524589,1426.042602946004,1437.4456787109375,249275.0
2013-09-24,1434.4679780833435,1481.678316602542,1432.2890393824573,1475.5772705078125,610324.0
2013-09-25,1485.3099216956691,1488.0699462567165,1441.7311464869942,1456.5115966796875,373385.0
2013-09-26,1457.128900593487,1472.163630779765,1438.0631870198044,1449.5753173828125,302620.0
2013-09-27,1459.8888668066932,1470.7472087346155,1441.7310450802418,1447.6505126953125,434334.0
2013-09-30,1436.6468767946324,1462.7941404774467,1436.6468767946324,1443.510498046875,367076.0
2013-10-01,1452.6257203357054,1479.499296161916,1439.4068617451455,1467.1519775390625,312138.0
2013-10-03,1488.941370306997,1543.414835074326,1470.7835487178872,1539.347412109375,572208.0
2013-10-04,1543.4148268029737,1563.0252740141175,1528.888569609534,1538.2579345703125,339869.0
2013-10-07,1539.0571437371443,1552.1307768599706,1520.4634612556815,1545.8118896484375,337002.0
2013-10-08,1565.3857342465237,1568.8357202053085,1522.6421530702758,1536.914306640625,275097.0
2013-10-09,1531.7936563333178,1582.6355510432904,1525.9831540807495,1564.405029296875,583959.0
2013-10-10,1569.0171160525376,1580.3838396455913,1537.6404407597215,1555.3260498046875,1403631.0
2013-10-11,1555.3990968131388,1573.1210608886922,1537.894884752602,1555.108642578125,1128733.0
2013-10-14,1553.5832357501752,1555.0358614965521,1535.9337974671992,1552.748046875,173698.0
2013-10-15,1543.01505686079,1568.4360026262282,1533.318888226583,1543.8865966796875,387382.0
2013-10-17,1574.6464915712925,1594.2569414201969,1551.5497040625273,1563.9697265625,2386073.0
2013-10-18,1567.6011064435856,1575.0458133784582,1556.0526253901498,1563.7879638671875,435157.0
2013-10-21,1572.4674870792314,1575.3000365657583,1555.0359768298542,1562.0811767578125,249234.0
2013-10-22,1568.8359853499649,1568.8359853499649,1547.990838972083,1554.091796875,297322.0
2013-10-23,1561.3544639067748,1561.3544639067748,1498.5647629100622,1521.552490234375,157062.0
2013-10-24,1514.3622542985481,1540.5095162432713,1494.7518078400058,1512.4012451171875,224947.0
2013-10-25,1510.8035915830862,1531.5396838074319,1483.094647002507,1511.166748046875,387226.0
2013-10-28,1514.5439775288291,1532.084363167307,1490.720878900229,1503.903564453125,319532.0
2013-10-29,1505.646504191505,1533.9727047045146,1492.645575397855,1520.9354248046875,432986.0
2013-10-30,1528.9249876407212,1559.393777973138,1528.9249876407212,1551.9127197265625,270065.0
2013-10-31,1547.046335024822,1566.6567815251367,1533.5006716119256,1546.9736328125,313985.0
2013-11-01,1540.6549627603717,1557.1422309257543,1534.9171615009964,1543.34228515625,314887.0
2013-11-05,1546.3202337844878,1547.046546717219,1508.951468859972,1519.4466552734375,336581.0
2013-11-06,1525.293424779497,1525.293424779497,1481.6783001369492,1508.188720703125,384191.0
2013-11-07,1517.993845794539,1532.0480702719128,1493.299209068695,1526.0921630859375,353237.0
2013-11-08,1521.6253985794722,1531.793778331316,1493.2991978421933,1500.4896240234375,146711.0
2013-11-11,1491.1203571903718,1493.008841625792,1473.1077621261086,1480.11669921875,169102.0
2013-11-12,1474.4149388057913,1492.2823040670999,1463.5202471397386,1471.61865234375,165926.0
2013-11-13,1463.520385010952,1497.6570887804382,1454.2235451156187,1468.09619140625,226050.0
2013-11-14,1477.8287870405463,1496.2045384382895,1458.7630738686992,1477.9014892578125,136260.0
2013-11-18,1496.2043262335865,1496.2043262335865,1467.1518150445847,1474.4512939453125,233351.0
2013-11-19,1474.415159073895,1483.0583001524385,1454.877324701702,1462.64892578125,246966.0
2013-11-20,1469.9847078351959,1470.0936725033187,1428.6574857613998,1434.0684814453125,265878.0
2013-11-21,1427.2047353821138,1441.5857651267943,1394.5206574725996,1403.853759765625,237839.0
2013-11-22,1409.1195321385173,1416.3100470326224,1368.373399286903,1372.2591552734375,240050.0
2013-11-25,1384.352432893114,1414.1312627717173,1381.0840247357064,1408.574951171875,256110.0
2013-11-26,1402.0016860269168,1415.5837004331777,1393.6490885128164,1408.030029296875,246097.0
2013-11-27,1409.8458692133938,1426.4784513735715,1397.7890935175346,1415.6563720703125,272809.0
2013-11-28,1416.2737102403576,1437.3731340546694,1413.5500370454586,1416.6732177734375,276225.0
2013-11-29,1409.773350209902,1437.373240631322,1409.773350209902,1434.0684814453125,138619.0
2013-12-02,1428.1850563933863,1450.4465598844993,1419.0698845893444,1424.58984375,170993.0
2013-12-03,1422.8470914685674,1427.204969237231,1411.5892405661873,1418.3802490234375,252930.0
2013-12-04,1410.8991463528084,1421.2491050823949,1397.4260067175164,1403.054931640625,345248.0
2013-12-05,1430.8364469835153,1433.0153857352668,1405.4154948797473,1409.2286376953125,304627.0
2013-12-06,1409.0469300881412,1430.836315604968,1409.0469300881412,1416.31005859375,227760.0
2013-12-09,1443.1836092343453,1443.7646949692912,1420.9221030154185,1437.1915283203125,171546.0
2013-12-10,1438.0995722549196,1459.1626467980473,1434.4680076785182,1443.6558837890625,243976.0
2013-12-11,1448.9578290796571,1462.3583547698665,1441.5494732469524,1450.8463134765625,247332.0
2013-12-12,1436.1023209936227,1436.647055721525,1416.3102925464984,1417.3271484375,148544.0
2013-12-13,1387.9840386939666,1407.594488220255,1376.3630315672772,1383.8077392578125,338750.0
2013-12-16,1388.7101942427016,1401.4932829009726,1373.457624117651,1381.5560302734375,274980.0
2013-12-17,1388.7103235606976,1397.7892351948549,1348.7994634814406,1353.193603515625,309323.0
2013-12-18,1361.836580555106,1411.4437831939542,1352.576091807331,1400.6217041015625,427615.0
2013-12-19,1398.1158376915175,1412.6784453042633,1369.099675783309,1377.8154296875,291251.0
2013-12-20,1375.34598270528,1410.4269285104654,1364.9234111334088,1403.0911865234375,301800.0
2013-12-23,1404.180807850358,1426.0428090747191,1404.180807850358,1413.913330078125,265193.0
2013-12-24,1414.929982665792,1448.6309151449557,1412.6784306627922,1445.61669921875,193334.0
2013-12-26,1459.8889526461112,1462.8668178520957,1409.0470488226147,1415.947021484375,366298.0
2013-12-27,1418.852253627124,1427.2048519975933,1401.7112868773656,1405.23388671875,209220.0
2013-12-30,1408.574817186709,1410.6447910905865,1375.1281634207999,1380.5028076171875,238040.0
2013-12-31,1384.3525218953264,1395.356181131624,1380.9025352851465,1387.8751220703125,131618.0
2014-01-01,1390.889033669034,1397.7163918276453,1372.9491426940358,1392.6322021484375,90587.0
2014-01-02,1393.0681650938216,1400.8760288971366,1376.6897734651602,1380.0308837890625,268521.0
2014-01-03,1374.9101959088237,1386.5312012625168,1358.2050007128898,1376.7623291015625,236545.0
2014-01-06,1377.0892780468544,1379.921916129516,1361.836706929247,1371.4967041015625,284336.0
2014-01-07,1365.4682902663465,1379.8493215538624,1365.4682902663465,1372.695068359375,247757.0
2014-01-08,1376.2903924727632,1396.6997681281377,1376.2903924727632,1393.2861328125,578916.0
2014-01-09,1390.308263002711,1392.8140959663162,1376.4357028952772,1386.8582763671875,266751.0
2014-01-10,1383.7712645293757,1389.7633457937834,1354.5735221963946,1380.21240234375,450989.0
2014-01-13,1376.5444621849258,1392.3417670536883,1370.8429239070686,1376.9439697265625,274307.0
2014-01-14,1371.2789851644,1378.977885463262,1354.5374345473335,1358.6048583984375,261322.0
2014-01-15,1361.110459840285,1382.8998482048573,1359.0041345661268,1375.63671875,350260.0
2014-01-16,1379.994609774276,1392.9956293565044,1374.1841061541738,1385.62353515625,683523.0
2014-01-17,1385.623466363218,1408.3207450023745,1384.570348098859,1404.2896728515625,505335.0
2014-01-20,1407.7394292260617,1417.6173542050878,1398.1884868640125,1402.8731689453125,240785.0
2014-01-21,1405.4151848579017,1413.4046251852594,1399.6772963451,1410.7899169921875,148033.0
2014-01-22,1411.952215203386,1418.4890310145129,1399.6048964490353,1416.0921630859375,230050.0
2014-01-23,1415.5838335107157,1415.8743764012013,1391.6155079561474,1408.3570556640625,779924.0
2014-01-24,1405.1974933272763,1407.5943612955264,1388.6012617532278,1403.0185546875,584605.0
2014-01-27,1394.5206768392775,1397.4259282493595,1373.2760259030542,1389.291259765625,451184.0
2014-01-28,1384.933624442255,1414.8576837259625,1384.933624442255,1412.4608154296875,342624.0
2014-01-29,1416.310073342375,1429.3837047886125,1385.1875851039965,1389.400146484375,213569.0
2014-01-30,1386.5313930454397,1401.7839646818747,1366.9572949098472,1395.13818359375,510937.0
2014-01-31,1390.8892085606758,1393.104498378233,1373.4576988972522,1381.083984375,325157.0
2014-02-03,1380.7572486309434,1404.2534544835203,1319.8921888570637,1329.7337646484375,208407.0
2014-02-04,1321.889365517948,1366.9207614861418,1302.424145989783,1356.9339599609375,323893.0
2014-02-05,1364.0155085417007,1378.5417652886838,1342.2624745275878,1376.1448974609375,202518.0
2014-02-06,1372.8765628911858,1382.173403169433,1352.7940827967225,1377.7791748046875,196282.0
2014-02-07,1380.9750387048118,1408.9018233923437,1376.2903558828186,1405.669677734375,313921.0
2014-02-10,1401.7839213840307,1410.2091334383388,1387.8023978158221,1405.669677734375,116609.0
2014-02-11,1410.4631301039508,1412.6784196455228,1394.7385286497356,1406.5047607421875,196706.0
2014-02-12,1411.0079374273462,1423.1736776579214,1377.9244403254197,1399.968017578125,269629.0
2014-02-13,1408.829065159202,1408.829065159202,1376.3629147197546,1382.064453125,115962.0
2014-02-14,1383.4079452240321,1383.4079452240321,1320.436661359656,1336.125,473215.0
2014-02-17,1340.0471998379055,1357.7328998921369,1314.6262502474844,1340.3013916015625,369333.0
2014-02-18,1343.6787246268093,1350.5786964559738,1330.6050937926025,1339.79296875,223017.0
2014-02-19,1351.6682184726724,1351.6682184726724,1319.1657183240145,1322.5430908203125,207356.0
2014-02-20,1318.2580641506518,1353.8474003178042,1318.2580641506518,1338.1590576171875,291358.0
2014-02-21,1342.9527455433881,1354.573753617317,1332.7843634787005,1352.9031982421875,182566.0
2014-02-24,1352.9031224572911,1363.943132705854,1343.6789832798163,1352.24951171875,133340.0
2014-02-25,1352.249222398243,1386.7490808037394,1347.34661094062,1381.6285400390625,246928.0
2014-02-26,1382.3551192732239,1403.9629294917333,1365.468343220103,1395.174560546875,375745.0
2014-02-28,1398.1524160777958,1422.084392098888,1387.9840348699572,1413.6591796875,358544.0
2014-03-03,1410.4996451329728,1418.4527358858838,1387.2576324428312,1392.378173828125,231994.0
2014-03-04,1390.1628597563586,1399.6412783555575,1369.136137232377,1395.93701171875,220106.0
2014-03-05,1401.7839279545874,1402.5102408706261,1385.0787308856986,1394.992919921875,134918.0
2014-03-06,1398.3705521207517,1426.4788317212226,1394.5210574871421,1422.04833984375,181924.0
2014-03-07,1427.2048130313917,1456.2573283093845,1414.8574940382448,1419.7237548828125,407477.0
2014-03-10,1422.1206188629988,1463.520453017846,1416.528045152191,1456.25732421875,393372.0
2014-03-11,1459.8888122012916,1480.3707988781289,1436.6831523673623,1442.8568115234375,393531.0
2014-03-12,1441.0047457248595,1450.3741995558225,1419.0337812298108,1422.846923828125,334556.0
2014-03-13,1431.0178992187177,1458.2546312175514,1421.6121832329486,1428.439453125,162751.0
2014-03-14,1433.6690518341536,1446.0163711409737,1419.9417202843226,1433.9595947265625,208702.0
2014-03-18,1445.3624363542751,1453.3518769572383,1433.051470162382,1448.92138671875,223972.0
2014-03-19,1454.114913907698,1462.7943184159237,1451.1733109210604,1458.94482421875,325884.0
2014-03-20,1461.95878959212,1463.4840288315204,1429.45628983915,1432.942626953125,143305.0
2014-03-21,1432.9426286810074,1443.510427371997,1432.2889293886944,1436.537841796875,280359.0
2014-03-24,1440.4238510775285,1470.5658394253978,1437.9181067878087,1468.205322265625,158949.0
2014-03-25,1462.7940932286117,1478.5550467527269,1453.2067989857492,1462.8304443359375,233046.0
2014-03-26,1471.5099793798368,1495.260376455181,1467.8784147712981,1481.3878173828125,248113.0
2014-03-27,1480.661292221424,1514.1442953804087,1472.744464777368,1505.1744384765625,500824.0
2014-03-28,1510.730713602405,1522.9328048306113,1488.6508741018201,1494.7518310546875,347600.0
2014-03-31,1502.5234127966994,1525.257041305414,1497.2212933314752,1513.3455810546875,273254.0
2014-04-01,1513.345709776061,1513.6361640224993,1485.3463105289002,1499.9814453125,129157.0
2014-04-02,1505.9733561450855,1510.7307408174431,1471.0740766032327,1491.55615234375,217385.0
2014-04-03,1499.8361079728463,1502.7413595137139,1470.7835925641714,1491.3746337890625,402747.0
2014-04-04,1492.500257040584,1492.7908885842921,1465.1182970968105,1473.6162109375,297397.0
2014-04-07,1457.3831368103172,1494.6791965996347,1457.3831368103172,1469.0404052734375,218150.0
2014-04-09,1485.3098258997225,1491.846641759428,1448.9215686796103,1475.359375,300812.0
2014-04-10,1480.951977467806,1482.912986799368,1461.2689159507272,1468.713623046875,219894.0
2014-04-11,1465.6270632482933,1472.962807030345,1445.8350334200998,1458.1097412109375,255157.0
2014-04-15,1459.670938214322,1464.3193583108753,1419.5058897319896,1455.821533203125,217260.0
2014-04-16,1450.446822364406,1471.2919665703446,1445.6168239768133,1453.0252685546875,205618.0
2014-04-17,1446.63352244276,1470.6381959977423,1446.1977524940896,1464.282958984375,164096.0
2014-04-21,1460.2884894397519,1478.7005043892427,1457.2742730633518,1462.9031982421875,161232.0
2014-04-22,1467.151964638332,1474.4150931761455,1452.2625511358142,1455.058837890625,179445.0
2014-04-23,1452.6258011082998,1464.0288781825027,1446.1615985611193,1456.003173828125,362968.0
2014-04-24,1456.003173828125,1456.003173828125,1456.003173828125,1456.003173828125,0.0
2014-04-25,1466.425557323234,1466.425557323234,1439.769912771004,1449.7567138671875,404437.0
2014-04-28,1451.7178812867749,1451.8994595083243,1436.6105377893755,1441.7310791015625,356855.0
2014-04-29,1442.6389652025027,1445.29002496017,1402.5101783793746,1408.683837890625,399483.0
2014-04-30,1408.6838537268072,1415.5838261993026,1379.9944944990636,1388.8192138671875,268227.0
2014-05-02,1390.8892726780807,1400.367691959002,1382.2461310059518,1384.86083984375,170700.0
2014-05-05,1387.257573674621,1398.0796531072622,1381.7012625190168,1393.6854248046875,257053.0
2014-05-06,1394.484371874767,1396.6633105044282,1374.002384220449,1380.2486572265625,261490.0
2014-05-07,1379.9944981290698,1385.5870719464647,1351.6682952727363,1356.8614501953125,145721.0
2014-05-08,1372.731202503492,1372.731202503492,1358.9676103026718,1364.92333984375,165120.0
2014-05-09,1358.2052010938294,1399.6050387742293,1358.2052010938294,1394.4844970703125,363002.0
2014-05-12,1388.0565034565677,1422.8469075448118,1388.0565034565677,1414.9664306640625,469596.0
2014-05-13,1423.5734220222419,1452.6259408390224,1406.1419107321735,1436.138671875,426350.0
2014-05-14,1446.4521181553337,1485.3462088180315,1445.4716134876273,1482.9493408203125,215003.0
2014-05-15,1485.3097822848908,1495.3329351066136,1412.6784970875856,1416.6732177734375,501935.0
2014-05-16,1448.9941954512772,1521.4075541153486,1385.8049748977628,1403.0185546875,863171.0
2014-05-19,1430.1101834138394,1430.1101834138394,1358.2052021248755,1364.2698974609375,482763.0
2014-05-20,1374.9101124565545,1379.9943019902025,1336.4881481057394,1355.5902099609375,539345.0
2014-05-21,1358.9314433115783,1433.7416724195914,1358.2051304076172,1424.4085693359375,606062.0
2014-05-22,1460.6877756113,1473.4708642202818,1438.099463388307,1443.0020751953125,363882.0
2014-05-23,1452.3715939170947,1452.3715939170947,1427.20483444764,1435.3758544921875,172627.0
2014-05-26,1445.3626712062317,1461.9952543508534,1416.3101552020864,1424.44482421875,199733.0
2014-05-27,1430.0373883265738,1445.2899581790198,1408.3206163758439,1432.2889404296875,149266.0
2014-05-28,1445.362420826433,1445.362420826433,1401.7836543693545,1415.1478271484375,326190.0
2014-05-29,1419.9053815692541,1425.715884823184,1402.582836475725,1409.9185791015625,294271.0
2014-05-30,1412.8603800710564,1420.5592802304661,1389.218856175086,1411.9161376953125,299515.0
2014-06-02,1414.8211969052795,1445.3990413309084,1397.571265300884,1434.0322265625,191334.0
2014-06-03,1435.19422503925,1447.4689302224913,1423.827410939662,1430.9453125,149881.0
2014-06-04,1430.9452045104922,1470.7834445224719,1430.9452045104922,1454.44140625,254176.0
2014-06-05,1467.1521000711778,1467.1521000711778,1438.099583238085,1453.279541015625,254275.0
2014-06-06,1459.1626390930612,1491.8467201080875,1440.7142734101087,1487.779296875,384106.0
2014-06-09,1493.9527217325785,1581.5461160097975,1484.8012868807168,1570.106689453125,546835.0
2014-06-10,1582.998998513039,1604.3525272886927,1547.0465092143945,1563.3885498046875,541126.0
2014-06-11,1561.572548893612,1590.5161854381374,1540.0374449041346,1583.9793701171875,448085.0
2014-06-12,1571.4139677994704,1592.6222643930253,1565.9666222366166,1587.42919921875,218573.0
2014-06-13,1590.6251735566916,1618.2250624129263,1570.6879208868804,1576.6072998046875,378480.0
2014-06-16,1578.2778752389927,1605.1514515776225,1566.7295714711138,1575.9173583984375,542031.0
2014-06-17,1576.098813578438,1579.6576754543064,1550.0967792539873,1569.0899658203125,326682.0
2014-06-18,1578.2780057869022,1583.543774559086,1550.8233414136391,1562.0086669921875,275222.0
2014-06-19,1565.2043132960775,1578.241594501494,1555.108634826086,1569.0174560546875,244875.0
2014-06-20,1572.5401546175503,1600.4304994724175,1558.3770528523075,1583.2169189453125,295439.0
2014-06-23,1583.362172032501,1599.3410563374161,1569.9980851792047,1591.42431640625,312504.0
2014-06-24,1607.91158433934,1624.0356957648144,1598.2879381099642,1613.2498779296875,231873.0
2014-06-25,1619.5326238731486,1665.2539878347527,1609.3642427458183,1652.9793701171875,353844.0
2014-06-26,1676.3300958302616,1685.0458502279926,1651.0543726123462,1662.5301513671875,375288.0
2014-06-27,1666.8518380168252,1683.5933866662494,1650.2918676015108,1677.1292724609375,469474.0
2014-06-30,1668.776454154518,1691.4373793257464,1665.4353441574424,1682.2857666015625,300379.0
2014-07-01,1681.3778557411417,1708.796165161653,1679.235268350258,1695.7225341796875,196804.0
2014-07-02,1703.203604320971,1717.62098507758,1694.4878502690087,1706.68994140625,311591.0
2014-07-03,1720.9381604379903,1721.531879523171,1693.8513804224722,1706.9124755859375,264883.0
2014-07-04,1706.9123866432558,1714.259139053868,1692.7381368752697,1706.244384765625,197560.0
2014-07-07,1714.2595563610525,1721.4579260548285,1691.9964452394804,1708.8421630859375,278231.0
2014-07-08,1714.259424767722,1725.094210486231,1632.6280235883066,1652.1453857421875,580917.0
2014-07-09,1651.9224649669188,1661.5698108988909,1606.6541494399726,1610.1048583984375,340245.0
2014-07-10,1607.3962161265085,1628.1751145805908,1588.0643832935266,1597.1551513671875,252737.0
2014-07-11,1585.2819159719609,1612.9624207110699,1560.4214415786685,1583.6121826171875,182285.0
2014-07-14,1583.612184267322,1598.4913999686728,1569.029918758172,1578.86279296875,236852.0
2014-07-15,1581.0518001400235,1609.622790191838,1581.0518001400235,1599.7899169921875,306742.0
2014-07-16,1599.2334123525943,1603.1665980477394,1574.3729393531455,1585.9498291015625,544762.0
2014-07-17,1582.387599108189,1599.975418821674,1536.8966105657175,1549.2525634765625,1019519.0
2014-07-18,1544.9114891611134,1550.996703148461,1522.4257112483576,1544.5032958984375,565282.0
2014-07-21,1545.950245569044,1554.8183477108023,1529.0302465718291,1536.6739501953125,420580.0
2014-07-22,1539.8650221231999,1547.211775540827,1531.442073507035,1536.2657470703125,419573.0
2014-07-23,1551.2562956882657,1567.6566761500553,1534.8928754634842,1562.3507080078125,399959.0
2014-07-24,1568.0648609190328,1575.4116138730149,1547.2859607270152,1564.873779296875,224953.0
2014-07-25,1564.873685883111,1567.9163828435064,1546.8776751839234,1558.9739990234375,268072.0
2014-07-28,1552.4807421134456,1564.3915412127021,1536.8965664038938,1546.5810546875,234341.0
2014-07-30,1539.1972446417506,1557.6755529561165,1537.045035361759,1543.1302490234375,602599.0
2014-07-31,1542.0913269918003,1554.410319591858,1533.9281871472817,1540.5328369140625,806232.0
2014-08-01,1538.9744827104896,1542.8333851969555,1517.7502472684714,1527.1749267578125,594237.0
2014-08-04,1532.4440035132118,1563.7978820354554,1515.0045681221413,1549.586669921875,704465.0
2014-08-05,1554.707156980512,1603.6859982028097,1554.707156980512,1599.6787109375,532954.0
2014-08-06,1612.5540331345744,1616.3016926703717,1585.3560077927898,1590.8846435546875,487226.0
2014-08-07,1591.812261822375,1600.5691207569728,1569.5491532654187,1587.545166015625,317652.0
2014-08-08,1576.9702505489468,1582.8699383095884,1565.0965921918723,1574.484130859375,194925.0
2014-08-11,1588.101604599975,1594.706253755532,1559.307950486656,1580.1611328125,303062.0
2014-08-12,1590.291055344152,1591.7011610520772,1574.0761985354447,1584.799560546875,447923.0
2014-08-13,1585.8753448367772,1598.787874611939,1573.2595840215104,1594.0013427734375,367812.0
2014-08-14,1598.0458695458306,1606.654344045027,1565.6531188678964,1584.3912353515625,335934.0
2014-08-18,1577.044440200022,1606.2461082898892,1577.044440200022,1584.0201416015625,387854.0
2014-08-19,1588.4728911939335,1640.0490957900458,1585.8755283725466,1631.292236328125,331863.0
2014-08-20,1632.6280369764004,1643.7224503557782,1619.5669402095293,1631.737548828125,277837.0
2014-08-21,1642.2753327715066,1690.9574033581587,1629.7338538987601,1683.128173828125,786442.0
2014-08-22,1688.285700858669,1688.285700858669,1661.5699710868396,1681.8665771484375,213372.0
2014-08-25,1688.2115244358274,1689.8071559932455,1662.423422544529,1670.920654296875,173103.0
2014-08-26,1666.6905626402493,1695.7068886545906,1650.7353337098011,1677.154296875,175593.0
2014-08-27,1684.5750472505192,1710.2519023801005,1677.1540118000762,1692.21875,382791.0
2014-08-28,1692.21921067335,1709.6586487294342,1669.733430901673,1676.189697265625,572472.0
2014-09-01,1691.7733436024826,1705.9475931823176,1668.4342243368849,1677.5621337890625,426742.0
2014-09-02,1681.5699544365127,1711.6994391281892,1669.7334358710943,1676.1156005859375,599440.0
2014-09-03,1680.9388439880777,1691.9589731328228,1647.5441838325587,1651.811279296875,408269.0
2014-09-04,1647.6184600558538,1717.9699211397854,1638.527690494747,1708.248291015625,393793.0
2014-09-05,1708.5454735244748,1743.2016818797383,1693.4807313961528,1736.262939453125,415637.0
2014-09-08,1740.2330961879686,1768.395894067719,1732.8120595304506,1750.84521484375,297676.0
2014-09-09,1757.857770514745,1762.2361089549513,1718.1180894829924,1722.5335693359375,181985.0
2014-09-10,1736.5225092642695,1755.0379587578616,1722.051488353734,1747.431396484375,193868.0
2014-09-11,1751.7357493734137,1761.2718542017944,1723.7584766695775,1733.96240234375,119290.0
2014-09-12,1745.427716981291,1754.9638209843247,1722.42250472516,1742.793212890625,178695.0
2014-09-15,1745.3167792547886,1745.3167792547886,1718.712287310455,1730.994140625,138487.0
2014-09-16,1725.539282255163,1747.654006126603,1701.9403511598364,1708.8048095703125,173221.0
2014-09-17,1712.2929023336894,1730.8824535313254,1706.8383681210269,1721.865966796875,175159.0
2014-09-18,1718.712095419108,1784.759321883832,1709.0647477332495,1776.18798828125,282872.0
2014-09-19,1784.6849281908203,1801.975978820054,1757.3013770083269,1790.2137451171875,262187.0
2014-09-22,1797.3377618539919,1810.7327679507944,1777.3381062467838,1790.362060546875,198779.0
2014-09-23,1783.8688597666228,1823.3487392528048,1768.1362980077872,1776.2994384765625,190192.0
2014-09-24,1781.7910841363562,1792.1062536767392,1737.264859626493,1755.0382080078125,181767.0
2014-09-25,1752.106497379501,1773.0337814430447,1736.522322688705,1744.57421875,194849.0
2014-09-26,1742.4963397991678,1773.2564968230326,1706.8382266972064,1737.1160888671875,179841.0
2014-09-29,1743.9064410797441,1750.0287962097898,1705.614001336593,1710.5860595703125,144110.0
2014-09-30,1715.0016213403565,1749.3981997175754,1703.870066030921,1745.131103515625,306438.0
2014-10-01,1748.3962082070793,1759.78757176302,1728.3594095561493,1733.62841796875,139949.0
2014-10-07,1717.228117316235,1749.101437882226,1717.228117316235,1733.814208984375,154957.0
2014-10-08,1730.5858551668618,1749.0272048681575,1720.1964032061687,1742.83056640625,122320.0
2014-10-09,1748.3960235935122,1766.7630870841485,1731.1792568802398,1763.3123779296875,142715.0
2014-10-10,1753.5910859857581,1757.4128476631583,1715.038834063458,1746.65234375,143162.0
2014-10-13,1729.2500212395848,1754.9640233851633,1729.138778154637,1743.05322265625,88360.0
2014-10-14,1772.8855957739784,1802.5697413708638,1758.7856266154579,1789.9539794921875,484629.0
2014-10-15,1789.9539794921875,1789.9539794921875,1789.9539794921875,1789.9539794921875,0.0
2014-10-16,1755.149075967652,1811.400376827025,1742.125123191025,1753.998779296875,565835.0
2014-10-17,1762.49610107455,1784.7592097197023,1747.6540286444485,1761.1602783203125,356058.0
2014-10-20,1768.4328314786164,1801.270914899904,1767.1341502133675,1790.399169921875,165916.0
2014-10-21,1795.890898936077,1806.9853126753785,1777.3754484243127,1789.9912109375,192702.0
2014-10-22,1801.4566505791602,1861.6413304083962,1801.4566505791602,1851.474365234375,406284.0
2014-10-27,1881.6780297759046,1888.6165899842895,1856.8175582623724,1868.208740234375,126144.0
2014-10-28,1870.1012881989595,1872.2163561745333,1833.3300143323731,1854.70263671875,144763.0
2014-10-29,1866.3909747634432,1899.7856442920138,1852.699196492265,1893.292236328125,225834.0
2014-10-30,1896.0747631528097,1918.3378719178133,1881.2326906428073,1912.7720947265625,231014.0
2014-10-31,1916.0747522236138,1950.4341922840324,1902.8283089156573,1937.6700439453125,256645.0
2014-11-03,1937.6320420711888,1937.6320420711888,1892.6605020591655,1910.3597412109375,242127.0
2014-11-05,1925.0167583021064,1947.8364442380314,1900.7128651508365,1907.7257080078125,347958.0
2014-11-07,1910.9163807528707,1918.0776065630987,1879.5996514475087,1884.7200927734375,237582.0
2014-11-10,1888.6538690252785,1910.6571707061214,1870.5466116715015,1887.4664306640625,113533.0
2014-11-11,1885.7596559060962,1899.6369579139396,1882.4942911422427,1892.0303955078125,130258.0
2014-11-12,1892.0300776705415,1947.9846109629425,1892.0300776705415,1929.13525390625,197549.0
2014-11-13,1929.469656935561,1946.4637595198121,1925.9075228718393,1936.7423095703125,515905.0
2014-11-14,1948.0222801722132,1976.704516702539,1938.3749317370746,1968.68994140625,444633.0
2014-11-17,1962.863805738777,1987.5016063087462,1961.2683556456127,1972.2513427734375,412309.0
2014-11-18,1973.995883881049,1984.2740928151798,1955.5175738300704,1962.0850830078125,435031.0
2014-11-19,1964.34808587887,1994.7743312589357,1964.2368428180412,1985.08984375,886479.0
2014-11-20,1992.5482541596448,1992.5482541596448,1961.3799015806112,1970.5078125,322054.0
2014-11-21,1973.2533245890968,1992.5480167437852,1968.4296515504245,1983.9766845703125,476658.0
2014-11-24,1974.7375613408888,1999.9690822298742,1965.8323186741882,1985.2012939453125,266487.0
2014-11-25,1981.5651499023054,1989.060469313667,1940.044486503197,1962.1220703125,187589.0
2014-11-26,1944.311337969464,1947.8734713127199,1907.3174028275052,1940.192626953125,565178.0
2014-11-27,1942.2338070939347,1969.5432600475344,1922.0486222769835,1966.278076171875,316876.0
2014-11-28,1969.5430461941455,1985.5354157550264,1952.2519952727373,1959.747314453125,379312.0
2014-12-01,1961.0092102588515,1974.589745471771,1939.1542904897992,1956.408203125,199683.0
2014-12-02,1919.080155163236,1940.4527778135791,1896.594376970455,1931.213623046875,391070.0
2014-12-03,1944.3113585871108,1950.3224699911991,1919.079837139797,1936.8160400390625,303233.0
2014-12-04,1936.5934645013003,1953.921473400455,1921.157674681231,1948.0960693359375,274078.0
2014-12-05,1948.021983513355,1957.6321890631598,1937.818058837809,1944.2371826171875,108559.0
2014-12-08,1948.0222766831946,1957.3357146605847,1927.3176552420857,1940.3414306640625,265082.0
2014-12-09,1929.469419840256,1960.0440528729653,1925.7589017251785,1936.037109375,579980.0
2014-12-10,1936.0742624060704,1942.345183587116,1896.6315233861922,1906.83544921875,515235.0
2014-12-11,1905.7594316445795,1923.9781136063598,1885.3887214367096,1902.16015625,185957.0
2014-12-12,1894.5905343526235,1909.1358377180438,1862.9027461397156,1871.10302734375,221415.0
2014-12-15,1855.2588992213757,1888.6907008208702,1853.8118335155084,1868.54248046875,171678.0
2014-12-16,1852.2905445184888,1882.5684069624906,1836.7063692641266,1851.3629150390625,219221.0
2014-12-17,1844.239006725135,1862.3093049686613,1814.3323714360529,1827.838623046875,280480.0
2014-12-18,1840.7883464115816,1876.4836091517084,1833.7383608075058,1857.596923828125,287186.0
2014-12-19,1859.5632118688213,1873.2178454523819,1821.3077355726766,1835.63037109375,283580.0
2014-12-22,1862.6800821640165,1862.6800821640165,1820.454458748566,1838.413330078125,281967.0
2014-12-23,1836.706470286218,1874.7764224513153,1829.6936272715627,1869.5445556640625,165201.0
2014-12-24,1878.2269756485077,1884.20094556335,1827.1332540667674,1838.7099609375,414127.0
2014-12-26,1842.6436424675771,1854.5173026687373,1825.6495387757368,1840.936767578125,86469.0
2014-12-29,1855.036397532043,1858.969582985065,1840.1571835963746,1843.9791259765625,93039.0
2014-12-30,1847.8380977904978,1848.3203926943631,1818.896055294984,1821.901611328125,89969.0
2014-12-31,1796.6702171592515,1817.1893121992002,1791.8094016399161,1805.130126953125,202699.0
2015-01-01,1804.0537279149376,1824.3131910414859,1802.1613276291523,1819.7491455078125,72928.0
2015-01-02,1823.348925572136,1837.7456659444115,1804.7963317018457,1819.452880859375,164726.0
2015-01-05,1819.6380950264345,1841.307484718627,1818.1538877711112,1826.0943603515625,118873.0
2015-01-06,1821.3449096223894,1832.9216171260643,1803.3117558285762,1811.845947265625,580496.0
2015-01-07,1812.2169033666207,1837.1516555891537,1804.833009140026,1816.0758056640625,189191.0
2015-01-08,1816.4097766542388,1829.285346390965,1807.838625145711,1818.4505615234375,4301348.0
2015-01-09,1821.8643820129348,1832.179549831076,1743.943502130508,1763.126953125,245974.0
2015-01-12,1769.9172330331678,1778.0803733113082,1723.9810888481477,1732.0699462890625,203022.0
2015-01-13,1736.52239704674,1747.7651939411812,1717.079319264051,1724.7230224609375,161658.0
2015-01-14,1720.4187782085944,1758.7112145073245,1720.4187782085944,1753.9246826171875,217775.0
2015-01-15,1766.280751718052,1808.7661804340266,1749.6946647177083,1794.3692626953125,726566.0
2015-01-16,1795.8905879934237,1812.2168660660911,1776.447511251499,1796.0018310546875,270014.0
2015-01-19,1795.96509502657,1795.96509502657,1780.6776875426426,1783.94287109375,368777.0
2015-01-20,1786.2434216832823,1794.1097925630816,1762.6816316382285,1784.20263671875,197434.0
2015-01-21,1795.8906151368092,1822.977395075856,1780.6403507438204,1815.6676025390625,201858.0
2015-01-22,1822.049826141075,1848.7655551874363,1809.3228221358754,1813.923828125,748394.0
2015-01-23,1833.663720729286,1835.964314370328,1795.8907197963597,1811.845947265625,356732.0
2015-01-27,1801.9758751262511,1810.6955921835367,1771.5867697876631,1795.7794189453125,507659.0
2015-01-28,1791.734788047284,1791.734788047284,1768.6554757125593,1780.1580810546875,963742.0
2015-01-29,1778.5995485314886,1793.5159024119002,1763.4607085273656,1784.536376953125,391136.0
2015-01-30,1785.835065533461,1793.0705752021627,1761.9022258600623,1774.8890380859375,261718.0
2015-02-02,1773.6276533911937,1796.8183915369991,1725.3909180479186,1743.424072265625,444651.0
2015-02-03,1743.9807071635566,1757.3014313557449,1674.5568749384452,1677.7108154296875,727453.0
2015-02-04,1693.332144549022,1693.332144549022,1655.1509479978354,1666.245361328125,399841.0
2015-02-05,1671.9595231967296,1684.5752852448186,1662.349317166215,1666.245361328125,272367.0
2015-02-06,1662.3494264055807,1675.5217670566904,1499.7173827277752,1649.919189453125,296601.0
2015-02-09,1640.0493364956546,1688.1005557436608,1628.9549213372493,1683.9447021484375,274052.0
2015-02-10,1663.1284599404655,1690.9573450995852,1660.8278662962564,1683.0538330078125,258202.0
2015-02-11,1683.0911933600946,1702.385889580272,1672.6274587080877,1692.4417724609375,212912.0
2015-02-12,1695.706886104935,1717.8957133689007,1675.5217025146214,1678.972412109375,638711.0
2015-02-13,1686.3192579762451,1694.7420254795222,1669.7331693562487,1677.7479248046875,543888.0
2015-02-16,1679.5291971919708,1692.6274372921764,1672.1824424224383,1678.5274658203125,1062376.0
2015-02-18,1679.529013926359,1680.1227331064508,1654.9283493821924,1662.534912109375,318828.0
2015-02-19,1664.2784928503986,1664.2784928503986,1632.627848173897,1641.9412841796875,924708.0
2015-02-20,1654.8910842761957,1662.3121205285554,1633.1474118212534,1637.67431640625,506875.0
2015-02-23,1643.7598108459938,1649.3998718328328,1611.144387177835,1618.6395263671875,427575.0
2015-02-24,1619.2699943929372,1635.5962729798505,1612.8137295509111,1626.2828369140625,280197.0
2015-02-25,1632.7022762155668,1634.8543042812385,1612.5911952805861,1617.748779296875,407474.0
2015-02-26,1618.5279151236696,1622.4239589358654,1579.196425210073,1584.2799072265625,735318.0
2015-02-27,1588.1759938251914,1604.3167471962734,1564.577063005737,1595.893798828125,424147.0
2015-03-02,1608.8805601798842,1639.566615659903,1523.538648546726,1539.308349609375,789363.0
2015-03-03,1533.9280668904958,1576.0795855640379,1527.3234176415058,1571.404296875,325920.0
2015-03-04,1571.4416294419989,1587.3597165916447,1565.8758520345948,1574.8182373046875,421933.0
2015-03-05,1576.2281394654754,1587.805028780066,1562.5735048903173,1572.2578125,237799.0
2015-03-09,1565.8387821446697,1595.1890192493113,1552.2953898346507,1565.7275390625,334555.0
2015-03-10,1573.2598085079842,1599.9755411052895,1566.8035426991667,1580.124267578125,401075.0
2015-03-11,1588.1015649642911,1594.7804967795614,1549.5121811427289,1557.1558837890625,338536.0
2015-03-12,1562.1281547762633,1568.0649838680497,1533.9282165902785,1538.1953125,475656.0
2015-03-13,1542.833339598455,1547.21167824026,1492.3702962638254,1501.3497314453125,828945.0
2015-03-16,1491.6282534405084,1527.991330265675,1491.6282534405084,1503.130859375,371543.0
2015-03-17,1513.8912655922586,1526.507026138861,1504.7633555494858,1519.234375,256565.0
2015-03-18,1521.3866746585552,1524.7261408845168,1503.5019052884616,1507.39794921875,634025.0
2015-03-19,1513.9656824775996,1519.0862159299604,1499.6801867977501,1503.0196533203125,500745.0
2015-03-20,1510.180830245102,1510.180830245102,1489.5874552872142,1497.4537353515625,579513.0
2015-03-23,1492.9639909856064,1515.2270979756165,1491.6653097445226,1507.7689208984375,420806.0
2015-03-24,1509.4388279660918,1514.5593612819719,1499.0493768394815,1504.9862060546875,1002496.0
2015-03-25,1507.9548038725254,1510.181115098715,1490.255647742084,1496.7119140625,722561.0
2015-03-26,1498.3073253270281,1508.3257249763174,1476.7863186729996,1487.3984375,1046160.0
2015-03-27,1490.8863858829611,1500.5337343232193,1469.3653778239238,1496.7490234375,439910.0
2015-03-30,1506.470413358489,1516.637197153999,1482.9457638287656,1504.9862060546875,235638.0
2015-03-31,1510.1808475999408,1510.1808475999408,1487.8435470382165,1496.526123046875,263684.0
2015-04-01,1504.2813749923064,1510.1810633038324,1486.3966029509097,1498.901123046875,208545.0
2015-04-06,1506.4703672881299,1519.234513474944,1479.494918484257,1511.2198486328125,281023.0
2015-04-07,1513.8542389411564,1556.9333901912714,1504.1698410818672,1554.3731689453125,374689.0
2015-04-08,1551.9985585142867,1579.1965851244343,1545.05981683697,1558.046630859375,243842.0
2015-04-09,1559.27103561766,1563.6124145077383,1542.3140756619339,1557.3416748046875,219282.0
2015-04-10,1562.8703640327203,1562.8703640327203,1541.7575503837643,1557.4901123046875,156593.0
2015-04-13,1569.5492151973779,1569.5492151973779,1543.5755875227167,1554.9298095703125,250008.0
2015-04-15,1559.1599312876506,1569.772050825142,1528.7336784638555,1539.865234375,190435.0
2015-04-16,1534.299173455301,1554.4102532301704,1521.3123606207337,1549.5494384765625,252040.0
2015-04-17,1531.4420463102765,1543.5755128365622,1513.891368358936,1532.6666259765625,178998.0
2015-04-20,1532.443993329403,1545.8390000635252,1484.6525015213656,1500.5706787109375,257106.0
2015-04-21,1503.2792233029868,1525.2455622904752,1469.3651250857768,1475.6358642578125,260092.0
2015-04-22,1480.5709615708229,1502.7598786373565,1441.9073798480906,1472.1109619140625,326374.0
2015-04-23,1478.270514010389,1497.2683498879378,1464.4674038346839,1477.5655517578125,145385.0
2015-04-24,1477.1574559565777,1490.107129646411,1455.2653961973617,1483.35400390625,269572.0
2015-04-27,1488.6599729808433,1491.591246263395,1461.9813820834424,1472.6676025390625,228380.0
2015-04-28,1473.075852883608,1484.20740844696,1442.4640750843894,1476.897705078125,217394.0
2015-04-29,1476.934768896473,1486.2110652808315,1462.6864138856313,1468.363525390625,152835.0
2015-04-30,1467.732434209107,1467.732434209107,1419.273036264777,1446.10009765625,1262699.0
2015-05-04,1453.6326395752244,1557.452865862193,1434.4491880984833,1549.4381103515625,610067.0
2015-05-05,1549.4382297742507,1549.4382297742507,1505.91392060506,1529.9580078125,291839.0
2015-05-06,1526.43285631367,1526.43285631367,1496.192224529999,1499.27197265625,649622.0
2015-05-07,1491.6284327089982,1550.9224456973611,1489.364980194977,1534.5592041015625,433821.0
2015-05-08,1542.2025112158608,1594.1128025520693,1521.1639830350546,1575.5230712890625,338090.0
2015-05-11,1581.4227211098198,1627.6186687349189,1581.4227211098198,1619.5667724609375,312569.0
2015-05-12,1619.5669249534744,1621.4964669046033,1576.9702481337674,1579.8643798828125,267754.0
2015-05-13,1591.8124367369242,1611.8492366399064,1552.7407493971732,1577.63818359375,287030.0
2015-05-14,1577.712255287318,1617.0437461293818,1563.7606713568698,1607.28515625,424064.0
2015-05-15,1606.654390779535,1626.6911891864854,1597.0070433984108,1622.609619140625,175574.0
2015-05-18,1626.691163916571,1653.332611876446,1615.3740835106732,1647.989501953125,275731.0
2015-05-19,1647.469902514451,1665.0948620571169,1629.102839412094,1634.557373046875,212926.0
2015-05-20,1640.049087430336,1649.6964350034555,1585.133416629501,1596.5247802734375,399901.0
2015-05-21,1591.1444831070264,1717.2278187638776,1575.708691197215,1707.06103515625,2610990.0
2015-05-22,1699.4173927120194,1737.1903967863914,1673.4437644391282,1712.3670654296875,920884.0
2015-05-25,1706.8383320465289,1724.6116775729631,1692.515695894262,1705.9849853515625,414481.0
2015-05-26,1714.2594560711482,1729.1015292838856,1695.7811473923512,1722.645263671875,275643.0
2015-05-27,1709.3987354490528,1734.1108249512488,1709.3987354490528,1716.04052734375,504244.0
2015-05-28,1715.929310728756,1732.8121702028957,1688.2859474139561,1709.0277099609375,418946.0
2015-05-29,1716.6713090294606,1729.8436491290058,1696.4861255068151,1718.786376953125,549255.0
2015-06-01,1720.6044295605664,1744.6856564262846,1711.5136599768905,1734.852783203125,284450.0
2015-06-02,1738.006879095285,1741.7545390453483,1678.7498257122822,1685.0948486328125,516279.0
2015-06-03,1670.4752737317765,1700.0481759043942,1654.3345197541373,1662.3121337890625,231100.0
2015-06-04,1665.8741296790843,1677.8961712740047,1625.6150110184851,1645.9857177734375,193842.0
2015-06-05,1635.3737953652949,1659.3437797610586,1626.2089238929725,1631.514892578125,187374.0
2015-06-08,1632.6281625799656,1662.6833628456423,1632.6281625799656,1650.5870361328125,372632.0
2015-06-09,1646.5052191347697,1656.74628503817,1615.8563042555352,1625.726318359375,296262.0
2015-06-10,1619.2701974731121,1681.7924312664713,1617.0438864775028,1672.07080078125,409711.0
2015-06-11,1681.606769540542,1690.0666781695584,1637.8226568296452,1642.6834716796875,350425.0
2015-06-12,1647.4698849988013,1704.6118584874985,1633.666686464248,1696.67138671875,575268.0
2015-06-15,1696.6717902021708,1735.8918635351697,1678.3418643491875,1730.845703125,501630.0
2015-06-16,1728.3593831332132,1783.3862957455926,1717.376212990268,1774.444091796875,457467.0
2015-06-17,1777.3380352875838,1787.3564333988081,1752.8486176823687,1760.2696533203125,366641.0
2015-06-18,1758.7857483623422,1790.2508724020647,1758.117927511243,1778.0804443359375,308116.0
2015-06-19,1788.4323962456886,1799.6010907972952,1773.7758512794012,1786.7998046875,327523.0
2015-06-22,1784.7962342063315,1808.0982139239172,1778.97064868812,1799.6383056640625,244573.0
2015-06-23,1799.638502954976,1809.2487090418792,1782.7556448209716,1791.660888671875,291949.0
2015-06-24,1792.1429122909688,1792.1429122909688,1772.5885926683127,1775.5570068359375,263531.0
2015-06-25,1781.0487488658423,1877.522222762742,1773.6277124122348,1858.4501953125,927513.0
2015-06-26,1850.80611120966,1895.3323207816645,1833.7377308737248,1888.5050048828125,662174.0
2015-06-29,1855.259015079596,1910.2118233417814,1840.750853346146,1898.931884765625,579466.0
2015-06-30,1894.182469366032,1917.5958763048984,1878.3386647757548,1886.390380859375,629086.0
2015-07-01,1886.3901255061282,1896.0746132889813,1867.1325741820262,1874.7391357421875,251469.0
2015-07-02,1892.363945731939,1919.2280564907285,1876.0376685530755,1904.385986328125,338991.0
2015-07-03,1914.6272582064455,1936.1482622715566,1910.916740264185,1920.5640869140625,346267.0
2015-07-06,1908.6907269367148,1931.6588003429752,1906.835467676473,1926.0189208984375,254273.0
2015-07-07,1930.95379199991,1939.0426497105527,1918.338029331194,1932.21533203125,184985.0
2015-07-08,1921.3434450295476,1935.406272623086,1899.7852982803297,1908.2823486328125,184524.0
2015-07-09,1926.1057703712202,1935.9444246010141,1892.162339370271,1900.5631103515625,239855.0
2015-07-10,1907.1092428207587,1909.7581108744716,1856.9699546611928,1866.9222412109375,332514.0
2015-07-13,1876.91231275969,1898.0653802982079,1846.3368796374023,1889.664794921875,295109.0
2015-07-14,1892.048599491435,1907.941807727163,1881.1125955404486,1891.064697265625,341879.0
2015-07-15,1884.4801928173438,1922.3211605445997,1884.4801928173438,1916.455810546875,350064.0
2015-07-16,1922.3211900264312,1938.2143967156262,1920.6562243749672,1926.7486572265625,224838.0
2015-07-17,1933.6736878955298,1943.2096868398762,1880.6963265833235,1914.3369140625,259098.0
2015-07-20,1917.0236418718105,1930.040899288125,1901.6222923568355,1907.9039306640625,131942.0
2015-07-21,1898.103393429464,1947.2587852645572,1898.103393429464,1924.55419921875,226485.0
2015-07-22,1928.3759976448246,1988.9215548707216,1928.3759976448246,1982.034423828125,493192.0
2015-07-23,1990.4352673021258,2010.1125741271658,1876.9123433115103,1883.7615966796875,1651767.0
2015-07-24,1886.6752183694234,1906.2769538736316,1874.7553114925445,1890.043212890625,399738.0
2015-07-27,1887.5079363704724,1913.9966203211407,1862.3436866173377,1898.8602294921875,405369.0
2015-07-28,1904.914708262773,1910.893508488617,1870.3280935809316,1878.426025390625,248738.0
2015-07-29,1880.3932869583412,1903.211314705791,1870.7815341329217,1890.421142578125,220012.0
2015-07-30,1892.0486666043255,1917.7805284701442,1892.0486666043255,1912.6719970703125,332527.0
2015-07-31,1917.0238846056834,1934.1280800267066,1902.8335183062927,1911.1964111328125,245751.0
2015-08-03,1910.9691027936458,1940.9392267891724,1882.4370466089795,1895.7569580078125,294753.0
2015-08-04,1910.893340272127,1910.893340272127,1874.7552118206602,1901.0546875,276076.0
2015-08-05,1896.5896155736075,1957.7785443976122,1896.5896155736075,1950.058837890625,577916.0
2015-08-06,1949.566737449628,1973.784957790617,1938.176568741435,1951.3453369140625,369433.0
2015-08-07,1951.345542621318,1954.1078597620171,1913.6180183610613,1920.3536376953125,191394.0
2015-08-10,1926.0673101679945,1947.7879879086756,1923.6076473541293,1933.3707275390625,226672.0
2015-08-11,1937.45774999207,1942.7554860272044,1911.1203967490412,1922.24560546875,184804.0
2015-08-12,1918.5374139912947,1927.4679209592166,1855.267230493527,1863.44091796875,243929.0
2015-08-13,1869.3441969861394,1899.6169775041337,1833.0168603645466,1882.0966796875,195819.0
2015-08-14,1888.2642865103578,1947.1448691520054,1873.6955139591257,1936.3980712890625,255379.0
2015-08-17,1944.269270098184,1945.0260895882961,1914.715432055227,1918.8023681640625,157272.0
2015-08-18,1922.3211552562552,1944.268916477685,1907.1847682069933,1912.3311767578125,154551.0
2015-08-19,1906.4280948967357,1933.6735936725524,1889.5131071652706,1924.629638671875,176926.0
2015-08-20,1895.8702631564568,1927.0511819994938,1878.1228871629007,1885.8424072265625,209161.0
2015-08-21,1873.166054040977,1898.5573840490374,1805.0144242549688,1821.0589599609375,604347.0
2015-08-24,1770.7305214740747,1782.8396332981763,1641.5414716547677,1658.6077880859375,524739.0
2015-08-25,1678.2471554873277,1699.7407542807962,1621.750656607596,1663.6405029296875,622800.0
2015-08-26,1660.8024982381107,1717.9802478462784,1614.7878361434816,1698.7947998046875,436233.0
2015-08-27,1717.980086874,1718.0558427242997,1646.9903881803755,1655.731689453125,777058.0
2015-08-28,1676.3172733366507,1736.03044128005,1666.5543759349541,1725.2078857421875,568948.0
2015-08-31,1711.1687596000454,1717.9801345829735,1680.9717377505463,1689.750732421875,459532.0
2015-09-01,1674.7280526159723,1709.5794416952983,1673.3657406040866,1702.76806640625,570898.0
2015-09-02,1699.0594932533647,1727.4023418326292,1659.3264761505577,1667.6514892578125,396461.0
2015-09-03,1678.7390236662309,1714.1203336820558,1674.4630675938597,1701.6328125,324122.0
2015-09-04,1691.5673043508434,1691.5673043508434,1652.4395891711592,1673.327880859375,288883.0
2015-09-07,1683.9230869080889,1683.9230869080889,1647.7470843116782,1659.0238037109375,201054.0
2015-09-08,1662.051573475038,1679.3826681566848,1646.498893965472,1669.279052734375,264656.0
2015-09-09,1680.29045804911,1725.5482968233757,1680.29045804911,1717.9801025390625,218609.0
2015-09-10,1695.2757245416838,1755.7455302723133,1676.0902758044508,1742.728271484375,280684.0
2015-09-11,1761.1190840013576,1766.5681477798994,1720.2508285066979,1760.2109375,311139.0
2015-09-14,1774.7414845365481,1774.7414845365481,1737.695212037288,1751.5450439453125,155057.0
2015-09-15,1752.0371215176947,1752.0371215176947,1726.3810146831054,1737.960205078125,188695.0
2015-09-16,1744.5442324890676,1792.9049115779058,1739.6249070668403,1778.6387939453125,340725.0
2015-09-18,1797.446233274109,1800.1329793347627,1720.2506476766528,1738.792724609375,406288.0
2015-09-21,1721.7641759750622,1748.1770997555004,1710.6768454093472,1742.6524658203125,165733.0
2015-09-22,1765.583862029242,1765.6596178755706,1695.5403760545357,1709.7684326171875,241130.0
2015-09-23,1696.7892613668082,1707.4604898625032,1672.6844872023973,1694.7080078125,344990.0
2015-09-24,1701.329961416808,1736.067896952185,1693.004948260409,1727.78076171875,403540.0
2015-09-28,1740.6845867009479,1748.2527805561692,1712.2659818205195,1721.3099365234375,177328.0
2015-09-29,1708.898390460568,1735.538399274522,1668.7869579121136,1703.335693359375,265626.0
2015-09-30,1714.952835382639,1757.675255426513,1704.130280535374,1749.84228515625,306730.0
2015-10-01,1749.009881151366,1761.383954002327,1728.6515103156994,1752.1129150390625,182986.0
2015-10-05,1759.6051782341544,1820.1507327540392,1749.501564915501,1807.8524169921875,226860.0
2015-10-06,1812.5825848614013,1815.458535728826,1772.58460297416,1798.7706298828125,214337.0
2015-10-07,1794.4948903312006,1865.560171432162,1781.5910801832397,1855.5701904296875,297092.0
2015-10-08,1876.836596760401,1876.836596760401,1821.0211588549187,1839.75244140625,215467.0
2015-10-09,1852.6941662392678,1881.4533077086683,1845.7314636797014,1853.9051513671875,226253.0
2015-10-12,1854.5860823112469,1860.9811697789346,1820.6805336299553,1833.2059326171875,109815.0
2015-10-13,1839.0712562180445,1875.966204259456,1835.287158983028,1863.365234375,240921.0
2015-10-14,1858.9756176858484,1876.0040549966268,1839.865926925975,1845.8447265625,110664.0
2015-10-15,1854.207482131155,1861.775675935772,1846.9419421705802,1854.6993408203125,132541.0
2015-10-16,1859.3162403157057,1882.7776439789955,1843.6501141784881,1862.9111328125,187013.0
2015-10-19,1862.91102695925,1877.1013912718583,1839.1469707652157,1865.862548828125,202855.0
2015-10-20,1869.34393383054,1873.1280308625855,1816.3665753819012,1845.92041015625,243441.0
2015-10-21,1849.6669648825373,1920.883757855936,1842.8555889889437,1906.46630859375,1213789.0
2015-10-23,1916.9103878467213,1940.6365688462138,1896.627587833815,1903.8929443359375,497453.0
2015-10-26,1914.7531209068577,1954.0319746568405,1914.7531209068577,1949.26416015625,521901.0
2015-10-27,1942.0368735343018,1963.9467628945947,1933.7118583544016,1954.2215576171875,380147.0
2015-10-28,1952.6700321912965,1956.3783737692052,1936.171330421681,1945.3287353515625,317563.0
2015-10-29,1946.5398448992344,1967.7307918888062,1939.4635083356304,1950.551025390625,395616.0
2015-10-30,1948.8858125851568,1954.8646122491216,1922.2834984242288,1930.2301025390625,167715.0
2015-11-02,1923.8351914978261,1948.810235289891,1810.3122651702597,1841.076904296875,535525.0
2015-11-03,1850.3854521256833,1854.320875832655,1824.7672277232261,1834.9464111328125,192324.0
2015-11-04,1842.8555403387534,1872.3715017651236,1842.8555403387534,1853.4888916015625,261171.0
2015-11-05,1854.1698719560802,1868.0197055725605,1820.377955646948,1827.1893310546875,201885.0
2015-11-06,1824.7676239962027,1853.3375609610002,1824.7676239962027,1838.6551513671875,178321.0
2015-11-09,1812.4317146321266,1839.0717290619857,1803.1606740226578,1823.2542724609375,157878.0
2015-11-10,1817.123644917425,1873.1282887008026,1802.4791134794273,1859.8460693359375,273391.0
2015-11-13,1846.6393103079763,1869.343891992091,1791.4293728001765,1801.5706787109375,255389.0
2015-11-16,1796.6891118389574,1823.064339726703,1774.097980648429,1795.629638671875,285955.0
2015-11-17,1804.2575894620595,1829.8381241190784,1782.3098251607175,1790.1051025390625,254396.0
2015-11-18,1792.9051598715284,1804.4466557297137,1768.3085293540844,1773.152099609375,245945.0
2015-11-19,1786.8507182505084,1848.2288494437555,1786.8507182505084,1837.746826171875,289124.0
2015-11-20,1837.5198801860708,1899.616957524567,1835.4765044766757,1874.376953125,378408.0
2015-11-23,1877.668903795771,1913.9962344617109,1877.668903795771,1909.26611328125,545369.0
2015-11-24,1903.4010689333525,1926.0298983894545,1870.1010104709,1874.4906005859375,325768.0
2015-11-26,1888.1133583377516,1909.3043047056942,1820.1509291036298,1852.8076171875,393155.0
2015-11-27,1841.3798442457141,1863.8952258724485,1835.36316577349,1852.580810546875,170413.0
2015-11-30,1860.2623123487444,1903.4010234162297,1855.7213953942723,1876.3447265625,565457.0
2015-12-01,1884.4804915323175,1892.0486862774271,1861.7759072969884,1865.2950439453125,153290.0
2015-12-02,1869.3438171774783,1903.4006883406307,1836.308726057361,1892.5025634765625,401153.0
2015-12-03,1891.2917185218596,1897.3083959184264,1872.1820282886956,1877.0634765625,246228.0
2015-12-04,1858.1431559259497,1884.0642231938466,1858.1431559259497,1871.2740478515625,187184.0
2015-12-07,1870.1387237256638,1880.6963180135567,1848.2288377797413,1854.0184326171875,187375.0
2015-12-08,1847.0178949141937,1879.9395414738196,1839.071290572215,1863.7813720703125,186909.0
2015-12-09,1864.0463568810044,1870.5550782390853,1803.690004074971,1808.268798828125,206433.0
2015-12-10,1810.0093509221435,1855.6832908492706,1810.0093509221435,1849.0989990234375,194126.0
2015-12-11,1857.764834658013,1857.764834658013,1820.1130636217554,1828.6651611328125,189746.0
2015-12-14,1825.4485992872173,1837.55771105695,1797.5220341764239,1823.3294677734375,184395.0
2015-12-15,1823.2537979516176,1850.4614200317728,1809.5552920957757,1844.5960693359375,166399.0
2015-12-16,1863.2893116731314,1864.8029504315987,1839.071091537656,1856.2508544921875,153649.0
2015-12-17,1861.7759963794153,1923.6081134514345,1858.446064440388,1915.5859375,275504.0
2015-12-18,1884.6697890477938,1894.3192378221574,1861.775998818421,1869.003662109375,452519.0
2015-12-21,1883.7236410502235,1897.3463913671796,1871.501080646216,1884.10205078125,176689.0
2015-12-22,1884.4426085690186,1891.670271485361,1869.344097046946,1874.07421875,167772.0
2015-12-23,1888.188855221179,1894.281289016608,1867.9818119685324,1871.917236328125,252059.0
2015-12-24,1889.702651383332,1889.702651383332,1867.5656796524754,1879.107177734375,100232.0
2015-12-28,1879.1827375229993,1891.2918490011984,1879.1827375229993,1886.410400390625,151653.0
2015-12-29,1889.0212363610683,1919.2561346604512,1889.0212363610683,1915.0936279296875,215967.0
2015-12-30,1922.3215582659523,1926.105655821594,1899.6169729321025,1902.68212890625,207046.0
2015-12-31,1903.400793813793,1926.9379510967324,1895.0757804014859,1916.2667236328125,243382.0
2016-01-01,1914.8292213415607,1914.8292213415607,1900.373893998368,1905.671630859375,70853.0
2016-01-04,1884.480652002467,1928.0735313545376,1873.4688907565665,1879.4478759765625,190056.0
2016-01-05,1892.0486708490632,1909.7204793429448,1885.577827440684,1893.8272705078125,192154.0
2016-01-06,1886.145360295285,1902.7575099512837,1871.9928738047865,1881.07470703125,222912.0
2016-01-07,1873.1281084598952,1880.6963028375108,1821.550937684592,1830.9354248046875,221180.0
2016-01-08,1840.9632234072876,1849.590890813363,1786.093815926495,1798.0894775390625,206203.0
2016-01-11,1786.0183685449845,1795.7435735966335,1763.3137822177698,1786.4725341796875,159001.0
2016-01-12,1787.229012587194,1799.300245059658,1768.800386294337,1774.2496337890625,199864.0
2016-01-13,1782.309606728255,1807.2088899586952,1765.0540882313376,1793.434814453125,246183.0
2016-01-14,1777.7688138234575,1797.1811579972916,1758.1672647950234,1787.947998046875,205015.0
2016-01-15,1793.6242494748321,1793.6242494748321,1750.5234180088453,1757.4482421875,334940.0
2016-01-18,1748.252990855713,1767.249233625544,1692.85384212553,1702.76806640625,329495.0
2016-01-19,1710.3741760228756,1733.8734582314644,1691.037401025231,1715.1800537109375,153092.0
2016-01-20,1695.654232365372,1729.256947083421,1687.7076269470117,1724.2999267578125,176561.0
2016-01-21,1725.5861382206353,1740.6088926947652,1707.4224723227833,1720.212646484375,190801.0
2016-01-22,1724.7915975030558,1762.859654358143,1721.1209491114064,1754.950927734375,161259.0
2016-01-25,1758.3186694581889,1777.0120729650323,1752.037031053684,1761.345947265625,214198.0
2016-01-27,1765.6597064036434,1765.6597064036434,1729.3702521780963,1742.8416748046875,256991.0
2016-01-28,1741.4414691864401,1748.707009458858,1707.1575128259587,1712.9849853515625,172772.0
2016-01-29,1717.980106492205,1786.0180993565903,1713.0986581216644,1772.4332275390625,234367.0
2016-02-01,1786.094028806057,1787.569789884256,1748.3288094780157,1761.800048828125,155264.0
2016-02-02,1748.2528940902087,1804.5601861215896,1740.684699743498,1789.1968994140625,281676.0
2016-02-03,1774.7414507880326,1812.5824198879907,1767.173256968041,1776.7469482421875,179941.0
2016-02-04,1793.6618078737401,1808.6847454469805,1736.9003582574826,1748.7445068359375,1147152.0
2016-02-05,1754.6099006187405,1800.435349045206,1743.0684055740826,1790.8995361328125,261889.0
2016-02-08,1790.8619975896995,1807.8904361284738,1777.0121639574197,1782.3477783203125,80466.0
2016-02-09,1773.9845971371672,1808.7982880366167,1769.3679250880118,1798.656982421875,166296.0
2016-02-10,1789.0834799087027,1807.2092705858618,1772.471328282169,1792.2620849609375,194080.0
2016-02-11,1798.732786569727,1806.490186090541,1732.397634331599,1763.3135986328125,310125.0
2016-02-12,1748.2530335883016,1762.481277049504,1703.6006833797692,1744.0147705078125,326424.0
2016-02-15,1760.3620081720028,1795.4027850135935,1744.4688000156777,1772.546875,308865.0
2016-02-16,1789.8782566315688,1792.6784520451577,1762.2922206663166,1763.276123046875,293481.0
2016-02-17,1763.0108741714448,1792.905241859692,1713.2878742364594,1784.1639404296875,248046.0
2016-02-18,1793.7000498464347,1829.7245463189356,1789.1970108836697,1821.2103271484375,318053.0
2016-02-19,1823.9348015902642,1867.073508515843,1821.020972916092,1858.59716796875,310736.0
2016-02-22,1861.0193334140317,1880.6966423480558,1855.1539817125438,1874.452880859375,199748.0
2016-02-23,1876.912233559997,1876.912233559997,1806.3388199392432,1813.679931640625,220555.0
2016-02-24,1806.3388606526642,1822.4212743067417,1763.6543166742288,1768.98974609375,297923.0
2016-02-25,1769.4439505906478,1780.682793817137,1734.781581328166,1757.3348388671875,530719.0
2016-02-26,1764.2976791132553,1779.9638066764178,1681.5395730691944,1693.837890625,524806.0
2016-02-29,1695.2757678889411,1716.466714987553,1643.774161289843,1665.9111328125,660576.0
2016-03-01,1668.862679800717,1715.7097308777138,1668.862679800717,1709.0496826171875,481942.0
2016-03-02,1725.510335059617,1754.3073498663264,1674.3871481989574,1687.934326171875,809509.0
2016-03-03,1702.843564660697,1730.240388613612,1696.032190402054,1725.6239013671875,557055.0
2016-03-04,1732.9655159619572,1758.9244645807996,1712.3800602839246,1745.4151611328125,339975.0
2016-03-08,1746.7395566059913,1770.200963128862,1736.9766581223766,1760.551513671875,203818.0
2016-03-09,1757.599799144577,1767.1734916903356,1740.6848098020437,1753.3994140625,295112.0
2016-03-10,1774.5145727759245,1774.5145727759245,1744.1662229181563,1759.3026123046875,139845.0
2016-03-11,1765.621868868563,1776.255218914134,1748.3286555926566,1760.2862548828125,122688.0
2016-03-14,1765.6600580642807,1765.6600580642807,1742.3499783376412,1753.248291015625,214060.0
2016-03-15,1746.7392959101876,1761.875684956203,1716.5422736715363,1724.375244140625,379744.0
2016-03-16,1737.6460134570598,1748.517756440401,1712.4200483398438,1741.0506591796875,364016.0
2016-03-17,1746.1190981337845,1766.8182560803746,1741.1666628828914,1756.44921875,379252.0
2016-03-18,1757.300612739045,1785.9312259805001,1755.2501173571115,1782.3331298828125,284447.0
2016-03-21,1785.8535362263356,1795.2165948954544,1771.5382314825572,1790.728515625,179791.0
2016-03-22,1781.288541080188,1797.3836273666552,1777.961161539083,1788.0980224609375,394338.0
2016-03-23,1791.2699825749776,1829.2636474345652,1783.5319806822763,1823.3826904296875,258677.0
2016-03-28,1838.162809586373,1838.162809586373,1805.0828432172643,1824.118408203125,210492.0
2016-03-29,1823.7699712188328,1837.0020327838427,1804.5024180505145,1819.939697265625,143428.0
2016-03-30,1829.263962637902,1888.072787155872,1828.4901623152973,1874.4925537109375,379072.0
2016-03-31,1871.049307893608,1901.2275225370533,1856.0376561758758,1861.7249755859375,487678.0
2016-04-01,1864.858704445027,1878.3227539646266,1840.0970950914,1872.480712890625,238387.0
2016-04-04,1880.3349301238768,1917.245170598642,1878.1682512689072,1894.456787109375,188472.0
2016-04-05,1895.7332979872076,1911.286759736112,1846.519711774426,1853.1357421875,189320.0
2016-04-06,1855.495839435475,1876.4659051168317,1846.6745907469356,1853.4066162109375,110752.0
2016-04-07,1847.061465453503,1853.4065906433523,1821.7582313806995,1840.4454345703125,140705.0
2016-04-08,1833.867925871713,1860.8736688471174,1818.8175482904333,1848.95703125,214592.0
2016-04-11,1855.5345405642647,1887.2990832125429,1836.2282593125724,1883.3140869140625,134590.0
2016-04-12,1883.3141458240962,1909.7780812531971,1883.2366902190197,1903.3167724609375,171855.0
2016-04-13,1914.9236419761285,2023.1009660689435,1913.6082191962123,1998.33935546875,474377.0
2016-04-18,2015.7497636985063,2019.541309568587,1958.4885420041917,1968.8961181640625,238512.0
2016-04-20,1970.6370957660795,1990.52372477998,1944.0184422344255,1959.88134765625,215577.0
2016-04-21,1959.262423525438,1971.64322872939,1922.8938082388281,1931.7537841796875,177164.0
2016-04-22,1926.4917502282894,1976.2858727450518,1918.250852989422,1951.6402587890625,223129.0
2016-04-25,1944.3666831426597,1980.8512913331351,1944.3666831426597,1968.3544921875,251692.0
2016-04-26,1966.226766927105,1980.5420739669125,1939.569381601063,1971.7208251953125,280095.0
2016-04-27,1974.1580708871516,1998.8422255848197,1963.3248663825282,1971.836669921875,204441.0
2016-04-28,1962.396289434541,1987.5835269934928,1919.798545118169,1924.8282470703125,285060.0
2016-04-29,1924.441576425731,1935.0813318241444,1905.7543725105988,1928.2718505859375,176707.0
2016-05-02,1922.1198839412027,1953.8456952300874,1895.8881301736558,1917.4383544921875,185691.0
2016-05-03,1915.1557484986372,1933.6495001601277,1895.888196534723,1905.754150390625,334288.0
2016-05-04,1899.2928043414818,1919.4503395999873,1896.5845033371245,1903.7808837890625,132511.0
2016-05-05,1905.8704503768988,1925.4476389496215,1892.9867488427478,1898.3646240234375,127867.0
2016-05-06,1893.1413524341958,1898.7126773721477,1880.4123740002917,1884.358642578125,118418.0
2016-05-09,1884.2037756276902,1963.1314081180492,1881.1473021527038,1955.5093994140625,180905.0
2016-05-10,1957.559967900551,1965.452692899846,1934.5006819880373,1957.75341796875,159486.0
2016-05-11,1934.50082128625,1976.9051170720636,1931.7537923368043,1947.848876953125,191358.0
2016-05-12,1944.018888440768,1979.3815308609624,1944.018888440768,1972.4560546875,166196.0
2016-05-13,1965.9172852844745,1969.3219313281872,1941.0782179712212,1948.1971435546875,168060.0
2016-05-16,1950.0542942639888,1954.7743629444308,1899.6798170320565,1943.8638916015625,163404.0
2016-05-17,1953.8456689012742,1961.5836715503883,1931.5989112850716,1939.569091796875,164096.0
2016-05-18,1925.2151211484777,1936.0095974086773,1899.6797115834054,1904.8641357421875,293238.0
2016-05-19,1909.739240825843,1912.5249976187706,1874.531325324394,1884.552001953125,226925.0
2016-05-20,1885.7513969163238,1904.7482327275675,1878.0133936462528,1898.1322021484375,137638.0
2016-05-23,1904.3226823652708,1906.6440834408886,1863.7756191442516,1873.98974609375,270512.0
2016-05-24,1873.3707132510065,1873.3707132510065,1829.5349974479043,1841.1805419921875,208394.0
2016-05-25,1860.8737455583062,1938.3310430102342,1838.8977034697411,1915.387939453125,1132838.0
2016-05-26,1929.8577985934055,1948.2355542937235,1915.155594033151,1938.485595703125,581544.0
2016-05-27,1938.3699477616951,1997.9138490923508,1924.4415409514315,1983.7919921875,326701.0
2016-05-30,1998.7262497698732,2023.4491324977448,1989.1312012568897,2017.4134521484375,281067.0
2016-05-31,2015.7501329633237,2044.3807490553172,2014.202532093486,2026.0804443359375,447826.0
2016-06-01,2038.9638210004252,2038.9638210004252,2011.8808100952963,2014.8212890625,163603.0
2016-06-02,2000.3125967697201,2013.4672024844144,1978.2980149892305,2007.97314453125,219851.0
2016-06-03,2008.476164872398,2057.651023554363,2008.0118091188817,2042.2137451171875,293506.0
2016-06-06,2044.225852841592,2050.570978084898,2026.6606222465011,2035.094970703125,200798.0
2016-06-07,2050.455111512878,2056.7615093479303,2031.3808178752365,2043.4134521484375,238210.0
2016-06-08,2043.4131771427587,2055.0201818410987,2030.452021896279,2036.913330078125,235110.0
2016-06-09,2038.4223128891556,2039.234841045098,1994.1609703679085,2005.96142578125,226078.0
2016-06-10,2004.142574739945,2030.1423377624587,1984.7975691922622,1996.3658447265625,134463.0
2016-06-13,1985.5719269699443,2007.7799617915666,1976.286321699625,1999.306884765625,122703.0
2016-06-14,2000.3125406982238,2001.0863410126915,1973.1908018929087,1981.5091552734375,164026.0
2016-06-15,1989.0536699345967,2019.6962373623082,1984.913762765691,2014.6278076171875,220412.0
2016-06-16,1997.9522778373653,2003.7945076026388,1973.1906694365925,1986.4227294921875,223474.0
2016-06-17,1990.988190096406,2003.3689950095588,1977.5241403197883,1997.488037109375,137960.0
2016-06-20,1973.190725696121,2030.8001191003848,1973.190725696121,2025.731689453125,150107.0
2016-06-21,2027.3565328280586,2053.51101748516,2021.359581251945,2039.9307861328125,255537.0
2016-06-22,2039.9307129270105,2042.4842912897043,2022.3267589320976,2036.758056640625,142146.0
2016-06-23,2035.0950436138999,2062.951857899109,2012.6548321063703,2052.11865234375,276005.0
2016-06-24,2011.8811760272283,2077.460764361193,1976.9441611715135,2072.856689453125,341530.0
2016-06-27,2081.5225297152456,2091.5819322752077,2045.6182761445755,2049.37109375,274105.0
2016-06-28,2059.8563182505823,2065.81454254495,2023.4877055692234,2030.7613525390625,277647.0
2016-06-29,2048.86861411729,2050.5709371120493,2036.64253074676,2047.3597412109375,329314.0
2016-06-30,2056.76100720319,2089.260616797823,2054.439606517859,2081.48388671875,457899.0
2016-07-01,2087.3266656399887,2104.698447557828,2062.216879400964,2067.014404296875,307070.0
2016-07-04,2073.7851266198777,2081.523130823683,2046.7021119065582,2052.73779296875,185737.0
2016-07-05,2046.7020108948511,2049.7584846212835,2013.9314891426243,2021.2825927734375,209086.0
2016-07-07,2018.4579832032973,2031.2256875248825,2004.1426783578838,2020.0443115234375,205355.0
2016-07-08,2027.3567564973405,2038.9637608284322,2011.8807507225517,2015.4403076171875,147732.0
2016-07-11,2031.9995589147018,2056.7611681627104,2031.9995589147018,2049.835693359375,180070.0
2016-07-12,2055.9873467250695,2069.9157517838016,2039.0411961367126,2051.963623046875,193652.0
2016-07-13,2058.308397992481,2064.4987991894504,2035.2491157505574,2056.064453125,147655.0
2016-07-14,2049.0102491240123,2073.043286476583,2047.4597305851369,2066.1435546875,134930.0
2016-07-15,2068.7792178968584,2093.1998832008685,2067.9263570503504,2089.788818359375,207722.0
2016-07-18,2104.4018985904004,2142.040763468515,2097.850997446906,2136.110107421875,362174.0
2016-07-19,2139.793048634286,2142.8164838831,2128.0865587044536,2138.823974609375,343673.0
2016-07-20,2141.0719162484415,2165.298764219027,2129.055399655031,2154.716552734375,380227.0
2016-07-21,2160.7248816150855,2172.1599542307495,2141.2658009805455,2147.93310546875,239917.0
2016-07-22,2143.746859452675,2145.2973779665667,2105.2165122369133,2109.17041015625,214012.0
2016-07-25,2108.704778823074,2135.141190178246,2077.6944144286167,2093.858642578125,300696.0
2016-07-26,2097.075984667974,2105.4488212782153,2062.344337159873,2073.004150390625,291824.0
2016-07-27,2073.8179434016884,2114.170214509987,2032.1089689659304,2070.057861328125,1179297.0
2016-07-28,2071.2597686518316,2102.3089344961663,2056.762460853076,2062.576904296875,473920.0
2016-07-29,2062.1894553995457,2111.961057784435,2062.1894553995457,2093.820068359375,321171.0
2016-08-01,2101.0299914600196,2155.220532743478,2101.0299914600196,2121.225341796875,458487.0
2016-08-02,2131.8852023438753,2155.2205800162674,2113.5115971240893,2130.140869140625,285707.0
2016-08-03,2126.61347357326,2138.5523889062847,2097.0760239229658,2104.71240234375,180584.0
2016-08-04,2122.659480414655,2151.266466366567,2111.8058526842656,2127.31103515625,251834.0
2016-08-05,2135.296876821627,2233.5221991302346,2131.9632237445835,2218.869873046875,419350.0
2016-08-08,2226.6219519489177,2262.2450731812764,2217.3574533910146,2226.117919921875,242032.0
2016-08-09,2226.466892077014,2243.406381848433,2196.9296291743985,2222.51318359375,225096.0
2016-08-10,2218.9464609330566,2249.801809615448,2205.7282560028198,2214.139892578125,203530.0
2016-08-11,2217.2411471311,2239.568648285332,2190.1070771487266,2206.658935546875,152651.0
2016-08-12,2206.38749535646,2251.3525251283063,2201.7359405524758,2223.98583984375,179931.0
2016-08-16,2226.7384899601348,2246.158772979011,2201.7363779221105,2235.111328125,196703.0
2016-08-17,2242.359723992207,2288.410235876082,2235.1111637458607,2278.99072265625,289452.0
2016-08-18,2273.8352396814316,2293.410534533786,2267.633166064844,2283.9912109375,139176.0
2016-08-19,2283.99070113156,2286.2000758009585,2264.143994279525,2273.98974609375,92809.0
2016-08-22,2273.8353395841036,2287.0147465983996,2254.492659496989,2267.5556640625,167024.0
2016-08-23,2266.7799895496173,2266.7799895496173,2223.44308189795,2231.81591796875,164538.0
2016-08-24,2236.622242889852,2248.8325722921104,2210.2634365611675,2224.7607421875,189493.0
2016-08-25,2243.6000724984415,2251.3138635041687,2208.7522101252484,2219.101806640625,196374.0
2016-08-26,2230.7309046494806,2230.7309046494806,2205.651381313358,2215.884765625,172603.0
2016-08-29,2223.2882911388124,2251.352635308523,2177.741814787443,2238.832275390625,129976.0
2016-08-30,2245.964584977634,2333.530069153373,2245.964584977634,2309.41943359375,421580.0
2016-08-31,2311.8230264486633,2355.04372856956,2302.44231404625,2309.109619140625,345001.0
2016-09-01,2309.1091421749957,2339.9644910445727,2291.1619703964457,2325.001953125,193060.0
2016-09-02,2302.5588535250918,2337.4067201720386,2267.090741602083,2324.26611328125,350046.0
2016-09-06,2322.676460783247,2353.260397020217,2318.024905788354,2329.498779296875,214998.0
2016-09-07,2341.282870736544,2341.282870736544,2310.2725015877154,2314.76904296875,159864.0
2016-09-08,2310.2725700846117,2418.8088653234863,2310.2725700846117,2394.543212890625,406556.0
2016-09-09,2397.023727208435,2408.885230241138,2339.150706475739,2354.03564453125,233241.0
2016-09-12,2302.5194761415714,2308.488933225269,2268.40807649503,2290.81298828125,161009.0
2016-09-14,2297.8684344510925,2321.4750409384164,2278.9133834990944,2303.7216796875,257712.0
2016-09-15,2303.295135224802,2308.721949747378,2267.7494243930205,2272.8662109375,232030.0
2016-09-16,2273.7574243029735,2349.810420585764,2273.7574243029735,2311.5126953125,349528.0
2016-09-19,2314.0319769815515,2335.312799367968,2279.261533993878,2283.796875,192976.0
2016-09-20,2266.7028988651623,2291.666207383424,2228.8702118495753,2238.134521484375,315212.0
2016-09-21,2239.7241824423973,2299.80677992917,2214.954684945858,2250.306396484375,472910.0
2016-09-22,2276.1604034979073,2304.8061854354423,2261.1590662741423,2268.9892578125,271251.0
2016-09-23,2268.408416741348,2290.270688303199,2258.020019181514,2271.238037109375,334216.0
2016-09-26,2266.8575765911396,2273.8349083932326,2231.195658491553,2241.7392578125,287196.0
2016-09-27,2262.2063793898387,2269.8039575177745,2224.9939372340086,2229.490478515625,176614.0
2016-09-28,2231.9711189481586,2267.633040265149,2226.1954760675753,2259.027587890625,302892.0
2016-09-29,2280.036846846182,2290.0764136046773,2198.014402192578,2206.697265625,480296.0
2016-09-30,2215.652050646088,2215.652050646088,2183.750209441895,2192.123046875,229858.0
2016-10-03,2193.9834753172117,2254.725107666082,2193.9834753172117,2233.444091796875,281923.0
2016-10-04,2250.5774457316006,2261.4310744743643,2229.684248256234,2243.755126953125,260010.0
2016-10-05,2248.2517883955657,2256.0043807693432,2206.2327755841447,2215.652099609375,188728.0
2016-10-06,2224.2573811508178,2224.2573811508178,2179.4085620217243,2188.595458984375,176396.0
2016-10-07,2191.696615821633,2248.2517380678864,2159.0969277651943,2235.4599609375,325112.0
2016-10-10,2242.049195135453,2253.48426623789,2214.2174706696,2229.955078125,121601.0
2016-10-13,2221.1949322204887,2233.0562450812986,2182.393176252046,2190.30078125,185672.0
2016-10-14,2200.185217605171,2208.713067285811,2164.833328674715,2169.407470703125,181609.0
2016-10-17,2174.6019400218265,2197.7821131566507,2127.0397149295595,2134.947509765625,194876.0
2016-10-18,2136.8079869957182,2178.4781654269273,2136.265343456645,2165.02734375,198776.0
2016-10-19,2171.7338201151147,2186.231130537628,2146.5766947830652,2161.384033203125,305702.0
2016-10-20,2168.59391314581,2189.7973291083754,2162.9732836452977,2168.05126953125,151814.0
2016-10-21,2178.4785091614476,2182.3548054410944,2156.7712499954264,2172.5478515625,142333.0
2016-10-24,2177.315439575633,2182.0445963532266,2159.174450201373,2162.97314453125,148446.0
2016-10-25,2168.400266698062,2179.641526571899,2159.8724143799786,2171.927734375,207170.0
2016-10-26,2166.8492549299513,2205.612211189879,2163.011760114668,2189.29296875,157120.0
2016-10-27,2190.0295289433047,2197.006861394673,2132.970568237692,2140.878173828125,214627.0
2016-10-28,2142.8162558339245,2215.302985182865,2141.2657375590807,2208.015625,777805.0
2016-11-01,2194.2936025732743,2220.3423878604326,2185.9209544837945,2190.572509765625,337967.0
2016-11-02,2185.2229354852166,2193.9058001395124,2147.4678526096704,2185.300537109375,297340.0
2016-11-03,2178.4784600484545,2211.7758064854875,2162.9732752794266,2193.867431640625,354196.0
2016-11-04,2193.905696221966,2209.488480159356,2174.9894495042367,2181.811767578125,223620.0
2016-11-07,2193.9833770678815,2209.4109583214017,2155.9956790197098,2189.409423828125,286013.0
2016-11-08,2197.08463984784,2229.0640828237483,2185.649566298879,2221.11767578125,278172.0
2016-11-09,2128.861952627643,2189.293374790421,2060.7167385929397,2154.0966796875,605617.0
2016-11-10,2162.9728843280636,2207.0076389673986,2101.4173876299174,2113.821533203125,294318.0
2016-11-11,2100.2541092943543,2145.9167860044245,2041.2568271494397,2052.57568359375,277559.0
2016-11-15,2040.481926998345,2061.413922450076,1946.1717343108317,1997.14501953125,410208.0
2016-11-16,2016.4493193970209,2064.4765923217446,1992.5712965224081,2020.05419921875,493925.0
2016-11-17,2007.921239994596,2066.065677446177,1955.2036167051624,1976.755859375,331352.0
2016-11-18,1981.5624189947243,2000.129838078819,1973.0345682087532,1996.1373291015625,176488.0
2016-11-21,1996.2925239329197,2003.9675146267039,1945.9006738142245,1957.0643310546875,271829.0
2016-11-22,1969.15809474328,2027.14751271064,1949.6604042778474,2015.2860107421875,301790.0
2016-11-23,2046.4516480945358,2046.4516480945358,1993.1913795411788,2015.9453125,253894.0
2016-11-24,2008.6967477579688,2060.639118309796,1976.9111180172983,2039.6295166015625,609817.0
2016-11-25,2031.1786618266767,2051.335396638697,2018.1154714415354,2025.7906494140625,238138.0
2016-11-28,2031.1403132280054,2066.065778215139,2024.9770404119859,2044.3585205078125,245346.0
2016-11-29,2047.3045493816596,2083.1214868500465,2042.8468089464575,2065.40673828125,254430.0
2016-11-30,2085.4473388520887,2085.486139668232,2065.290598773964,2081.687255859375,480765.0
2016-12-01,2080.7956004134694,2107.154412043148,2067.887611015485,2089.245849609375,252658.0
2016-12-02,2073.43055442835,2104.8285493636085,2056.8012838541263,2094.246337890625,220351.0
2016-12-05,2086.9978603455943,2143.979414110602,2084.7108834571,2124.791748046875,238386.0
2016-12-06,2128.3192241381344,2135.6453860834754,2112.5814237507834,2119.01611328125,204792.0
2016-12-07,2121.3415365588266,2124.907614894775,2082.57858113171,2092.463134765625,182325.0
2016-12-08,2104.8289324291245,2162.3919336198655,2104.8289324291245,2154.135498046875,193573.0
2016-12-09,2156.4223186771696,2160.1436007831917,2105.6816406430557,2108.8212890625,182787.0
2016-12-12,2104.8285337659145,2105.8364084873606,2051.45186706262,2058.42919921875,350356.0
2016-12-13,2058.313023704452,2066.763272650308,2046.6841365648788,2061.5302734375,243253.0
2016-12-14,2069.166738874894,2069.3993544819355,2040.1721214275888,2053.27392578125,165794.0
2016-12-15,2068.3914397153226,2092.4632744974956,2038.0401192979677,2070.44580078125,247366.0
2016-12-16,2078.4698299286756,2078.4698299286756,2053.661536546461,2061.8017578125,181030.0
2016-12-19,2053.6614682330746,2060.6388005147273,2041.2573219545811,2048.312255859375,152159.0
2016-12-20,2050.44449952022,2063.972735554835,1996.680194916924,2004.7816162109375,205165.0
2016-12-21,2015.7516894593207,2040.482384289479,1999.3936432684523,2004.239013671875,140989.0
2016-12-22,2004.8203490930666,2007.9213859826152,1977.6862763095178,1987.880859375,137600.0
2016-12-23,1988.6175187349174,2041.4513593420284,1979.8570516160312,2030.2489013671875,197018.0
2016-12-26,2029.3958361951945,2054.436744558796,1998.38547023959,2016.2164306640625,121218.0
2016-12-27,2011.797591222506,2049.552675792923,1992.4161115382815,2041.877685546875,169834.0
2016-12-28,2042.0328253556527,2057.731824867214,2033.8150017542716,2041.373779296875,275831.0
2016-12-29,2035.2102387676705,2067.4610944199953,2024.0077821465795,2055.560791015625,190486.0
2016-12-30,2056.064978513165,2066.841005571493,2036.605897087889,2040.63720703125,130704.0
2017-01-02,2048.7776526438174,2057.7707359622896,1978.4616741028478,2014.51123046875,323342.0
2017-01-03,2011.0221023144238,2040.6369620345365,1985.787380793694,2030.55859375,420196.0
2017-01-04,2035.2104106471672,2092.0757485827967,2028.0392630589301,2080.873291015625,343922.0
2017-01-05,2088.548312562383,2116.457644133373,2081.570979669636,2111.30224609375,188686.0
2017-01-06,2109.4801609767105,2124.1324832988485,2090.6413256537794,2098.89794921875,159484.0
2017-01-09,2106.3789607910044,2128.861474542546,2099.4016289370775,2111.146728515625,116789.0
2017-01-10,2115.101007610649,2129.8697338899124,2102.5030450435556,2124.791748046875,154097.0
2017-01-11,2129.249512693148,2130.800031180454,2095.952166032704,2107.5810546875,225842.0
2017-01-12,2104.8285739668117,2126.8846587382754,2099.130343554907,2122.00048828125,243299.0
2017-01-13,2118.0076672350406,2134.8695511158467,2086.3770609972908,2099.827880859375,247719.0
2017-01-16,2095.5256224547848,2116.457620903279,2082.8500587965127,2109.984130859375,116324.0
2017-01-17,2101.7274299414166,2125.760462153952,2093.1995798014846,2115.6044921875,139584.0
2017-01-18,2126.5357992890376,2126.5357992890376,2083.3927042978153,2092.967041015625,161391.0
2017-01-19,2092.34697189068,2102.502943084248,2078.857537566523,2089.55615234375,235309.0
2017-01-20,2084.671761678333,2108.7047942599725,2079.2449478695758,2094.013671875,204961.0
2017-01-23,2089.7116488138367,2104.829206651666,2081.5714253626975,2098.239501953125,147551.0
2017-01-24,2102.502637402646,2178.4780276922697,2094.4786301682657,2169.911376953125,270474.0
2017-01-25,2182.354388637036,2221.892603138098,2149.599691329784,2209.217041015625,451576.0
2017-01-27,2201.7360065024327,2236.777682554288,2193.983414930241,2212.667236328125,194917.0
2017-01-30,2209.527475697999,2211.0391932526777,2177.470432723667,2190.14599609375,280860.0
2017-01-31,2187.0836222271055,2262.9814158614163,2162.430343870979,2196.657958984375,902056.0
2017-02-01,2200.4180666755597,2226.5442619787286,2180.028713330148,2212.705810546875,369867.0
2017-02-02,2211.0397970661734,2216.3890111888595,2171.579169524514,2176.501953125,253057.0
2017-02-03,2164.6400785541196,2182.6648564444963,2162.19808758111,2177.005615234375,236258.0
2017-02-06,2182.626524592969,2190.1077017413227,2158.3996694852112,2170.260986328125,316141.0
2017-02-07,2172.2762968791553,2178.2457549154833,2135.839114169191,2147.31298828125,321618.0
2017-02-08,2149.17338345458,2161.422515911398,2139.7928612781448,2156.693359375,282631.0
2017-02-09,2168.7097357487455,2178.4780761406932,2132.8153907518363,2158.553955078125,213997.0
2017-02-10,2166.849649806221,2180.649302603987,2150.297788758001,2171.34619140625,165244.0
2017-02-13,2182.354840500011,2183.9053590367785,2159.097062448501,2175.76513671875,116262.0
2017-02-14,2176.036259552297,2179.1759077477823,2135.9552093672955,2153.74755859375,287490.0
2017-02-15,2154.9107373968473,2172.5090849288913,2143.630677191132,2162.663330078125,265709.0
2017-02-16,2169.950106956515,2169.950106956515,2143.591298940609,2158.0498046875,235740.0
2017-02-17,2149.7939659160734,2164.5238921160035,2132.738261895102,2154.367919921875,437855.0
2017-02-20,2158.631813998122,2187.3552075175853,2143.1266287538538,2164.13623046875,155317.0
2017-02-21,2164.5234144748592,2175.3770419113375,2150.723764594031,2170.14404296875,100217.0
2017-02-22,2165.686125147544,2177.3150107309384,2152.9331518121994,2170.531494140625,422928.0
2017-02-23,2174.6018046677264,2189.680556510528,2159.8718815701554,2181.65673828125,605474.0
2017-02-27,2178.4782703448695,2205.612341327813,2157.972703127926,2166.88818359375,318398.0
2017-02-28,2161.4225155795903,2174.0204767984455,2132.737926958197,2136.53662109375,280728.0
2017-03-01,2136.6142578125,2166.849365234375,2133.552021966531,2146.692626953125,283157.0
2017-03-02,2174.989585241546,2205.4573082501565,2164.1747577550177,2195.57275390625,705809.0
2017-03-03,2197.8598292584193,2200.960866054551,2176.1525716854967,2196.154296875,186815.0
2017-03-06,2205.534849126674,2245.150670436164,2203.829316720437,2235.14990234375,400007.0
2017-03-07,2236.9323334604437,2242.8243778078886,2225.38104960164,2232.319580078125,194245.0
2017-03-08,2233.056253789717,2234.9944015552173,2210.3413133958497,2224.954833984375,174051.0
2017-03-09,2217.241385234216,2236.5840650586406,2211.039311429365,2225.53662109375,156617.0
2017-03-10,2230.265724112001,2240.421506158337,2212.0083319363002,2220.768798828125,114745.0
2017-03-14,2249.801987786922,2256.004060806321,2212.62835048135,2222.435302734375,309456.0
2017-03-15,2224.7612220321344,2240.499021177208,2214.1790099766545,2227.397216796875,221254.0
2017-03-16,2233.7540410740708,2283.060405352247,2219.179132411124,2276.470703125,431866.0
2017-03-17,2283.836210897511,2286.006974710927,2240.615506536091,2257.942626953125,296053.0
2017-03-20,2260.771758135354,2273.4473201818373,2252.2439079999745,2266.5087890625,190575.0
2017-03-21,2268.8738706863955,2271.6258896957434,2240.576907139386,2253.5625,214599.0
2017-03-22,2240.6927280947784,2251.430142886496,2205.728465192011,2212.4345703125,376780.0
2017-03-23,2208.131711673746,2228.869892411839,2208.131711673746,2221.853759765625,364883.0
2017-03-24,2232.74635618185,2232.74635618185,2197.898495178532,2204.061767578125,218228.0
2017-03-27,2206.1549980720542,2211.814427908185,2166.9269973514442,2177.23779296875,242914.0
2017-03-28,2186.2308840710402,2200.728192859187,2178.517093096944,2189.990966796875,97374.0
2017-03-29,2192.2777886770045,2209.4885033751616,2168.050941052277,2194.836181640625,507170.0
2017-03-30,2201.7750952214683,2207.1631092142334,2182.354812939258,2188.440673828125,369748.0
2017-03-31,2188.168643961082,2196.0762483275057,2170.7253155326944,2174.950439453125,227360.0
2017-04-03,2177.237750369589,2199.7978676462462,2151.3441701209986,2158.011474609375,247337.0
2017-04-05,2160.2595887656316,2169.911527182537,2135.6451111258298,2140.374267578125,407700.0
2017-04-06,2161.30612680417,2182.354335359936,2156.034327144945,2175.609619140625,373610.0
2017-04-07,2176.9275027099184,2206.3485470235055,2167.159162565787,2194.33203125,413979.0
2017-04-10,2213.3648206181706,2215.264167636055,2187.781269276524,2199.41015625,128113.0
2017-04-11,2183.2457129095847,2197.6656070472905,2173.865191903641,2188.1298828125,266234.0
2017-04-12,2186.2310774894345,2209.101225285867,2176.152707274058,2201.3486328125,324376.0
2017-04-13,2205.186265960159,2223.8312898775607,2201.7363999485,2208.0546875,372385.0
2017-04-17,2205.5353752504066,2216.2727935709477,2188.983700744624,2211.156005859375,145680.0
2017-04-18,2208.7132963117338,2219.334308706308,2170.7255983407704,2189.641845703125,272356.0
2017-04-19,2186.385694569612,2194.758530775305,2161.4611900014247,2177.47021484375,142477.0
2017-04-20,2174.6016313060104,2208.2865991129715,2170.6865352561654,2195.14599609375,127818.0
2017-04-21,2191.773828137055,2204.216775337217,2181.88927398392,2189.564453125,169580.0
2017-04-24,2191.851996338593,2225.924606901882,2178.5949857504115,2223.25,172269.0
2017-04-25,2229.6458084937303,2248.2520322085597,2210.690755938707,2245.771240234375,272704.0
2017-04-26,2259.880627505171,2259.880627505171,2216.2722963569154,2236.9716796875,165523.0
2017-04-27,2225.1100897424603,2259.841739328781,2211.0392111448164,2221.931640625,312224.0
2017-04-28,2221.117544334028,2249.8021339118145,2212.6672950051516,2220.34228515625,136681.0
2017-05-02,2227.7846809323282,2263.7566283589977,2227.7846809323282,2246.700927734375,154197.0
2017-05-03,2255.694006156141,2282.2852424941666,2249.4531323998153,2274.02880859375,176248.0
2017-05-04,2285.154110515259,2285.154110515259,2262.9816215225073,2281.239013671875,183545.0
2017-05-05,2279.14592943133,2279.14592943133,2234.297107140846,2238.67724609375,146931.0
2017-05-08,2248.2123585837235,2254.763259452327,2210.263467385719,2214.876220703125,140340.0
2017-05-09,2220.5358167815534,2238.4055764049854,2197.859488723297,2227.435546875,274565.0
2017-05-10,2232.7461928460443,2255.1899057842675,2215.768094380174,2251.97265625,150174.0
2017-05-11,2252.3603718681748,2330.0024974642956,2245.9644840921746,2324.57568359375,416000.0
2017-05-12,2329.6537932755864,2340.0809912013538,2302.519722472044,2329.498779296875,414871.0
2017-05-15,2329.653833379006,2343.492285435935,2314.2262514226045,2325.544921875,106401.0
2017-05-16,2319.730508981795,2348.260085010024,2300.2716168885827,2344.3837890625,159021.0
2017-05-17,2326.7467406820433,2362.60247970963,2326.7467406820433,2356.555419921875,303412.0
2017-05-18,2339.732156450359,2351.361043907866,2296.35644408831,2304.923095703125,513008.0
2017-05-19,2305.1168074175907,2340.5073109551645,2283.9909961477897,2304.573974609375,246957.0
2017-05-22,2316.2412847751225,2328.839243570427,2248.6387375864565,2259.220947265625,209411.0
2017-05-23,2269.9588548780807,2269.9588548780807,2180.0287909553153,2190.068359375,482580.0
2017-05-24,2182.3546763619893,2222.1643125082637,2131.962827707094,2143.049072265625,307723.0
2017-05-25,2142.8163345193543,2196.890661340167,2140.4129553961934,2188.401611328125,389540.0
2017-05-26,2186.2306913237035,2197.8595779796806,2168.4385325945073,2181.65673828125,237938.0
2017-05-29,2180.8040500357743,2210.1862969348895,2161.2287559499573,2200.146728515625,155372.0
2017-05-30,2199.4100750950356,2220.3032700653357,2187.7811885506485,2210.57373046875,98514.0
2017-05-31,2209.488959047907,2221.8931075899304,2197.86006978976,2206.34912109375,430019.0
2017-06-01,2207.938583546762,2239.14277174471,2192.6660125192443,2201.232666015625,246574.0
2017-06-02,2173.8269952420455,2224.994107112935,2149.67774466644,2211.698486328125,381642.0
2017-06-05,2209.4887602147132,2271.858326135443,2209.4887602147132,2247.01123046875,297406.0
2017-06-06,2248.2516615674294,2263.756845440308,2219.5670714026037,2227.74609375,136966.0
2017-06-07,2211.0392866068323,2246.3523817912096,2211.0392866068323,2229.6455078125,131500.0
2017-06-08,2226.6994078867674,2244.375355274992,2219.722075176068,2223.5595703125,142325.0
2017-06-09,2226.544117355154,2231.9709310116605,2195.96018395972,2221.737548828125,178737.0
2017-06-12,2213.480641715853,2222.2023054011333,2185.0286744814257,2189.796630859375,365323.0
2017-06-13,2190.1072362047066,2214.9155305617155,2187.5488429946868,2197.7822265625,146666.0
2017-06-14,2170.725938042212,2200.9222485044497,2170.725938042212,2190.2236328125,157837.0
2017-06-15,2185.4559168450614,2208.0934500341928,2177.3544951993304,2181.8896484375,131874.0
2017-06-16,2182.354796588148,2193.7510697496236,2171.8111950413686,2178.323486328125,209497.0
2017-06-19,2213.3648250493156,2243.5999312408826,2182.354459724632,2192.239013671875,500836.0
2017-06-20,2178.4782467871178,2192.3941109005773,2175.764839718166,2182.587158203125,274896.0
2017-06-21,2180.0287991487353,2192.510547569693,2163.3607268935084,2184.292724609375,143712.0
2017-06-22,2184.292516369485,2210.2636962446854,2176.4237122057457,2206.15478515625,223966.0
2017-06-23,2209.4885754066727,2209.8374041693914,2183.9050234809115,2189.564453125,154968.0
2017-06-27,2192.7818933019844,2193.324536899142,2140.490696997623,2154.677978515625,322785.0
2017-06-28,2162.197658120844,2171.5007674422673,2147.6227489961652,2152.933349609375,284660.0
2017-06-29,2161.267400376646,2180.028633120173,2154.6388970836556,2171.7333984375,224331.0
2017-06-30,2167.624602119087,2170.4930231444073,2143.1651378709103,2163.9033203125,266443.0
2017-07-03,2146.69239612722,2165.686243619137,2132.3889039316323,2162.468994140625,335713.0
2017-07-04,2162.973133379511,2162.973133379511,2135.8390618138187,2147.196533203125,331944.0
2017-07-05,2140.723220699372,2158.670395083851,2132.738013256935,2148.43701171875,251283.0
2017-07-06,2162.4766573976863,2168.0133569594213,2153.6969565650325,2158.20556640625,488894.0
2017-07-07,2148.2392919782146,2161.6855614788146,2131.233715845103,2142.109375,290037.0
2017-07-10,2152.312811928897,2166.352300300645,2145.2337845821226,2159.826904296875,20707.0
2017-07-11,2163.821173949545,2217.0526223032853,2163.821173949545,2208.9453125,393672.0
2017-07-12,2215.47022419555,2228.916491175673,2194.3517140888866,2203.4873046875,288437.0
2017-07-13,2210.725034427788,2220.0187801002485,2199.2165703145565,2206.572509765625,303857.0
2017-07-14,2214.67973465152,2228.046831522339,2189.0132170619545,2222.43115234375,150816.0
2017-07-17,2230.3802862141583,2237.261573840371,2214.679711730173,2231.487548828125,134022.0
2017-07-18,2236.668238945669,2252.566358752439,2228.916821739538,2239.79248046875,195878.0
2017-07-19,2241.572188874599,2242.36314589255,2216.5778698654344,2233.42529296875,247730.0
2017-07-20,2233.1880408900765,2258.8547514528505,2214.7588962478294,2229.3916015625,675692.0
2017-07-21,2229.3914760320467,2246.8715098581506,2219.702252788174,2227.1767578125,319397.0
2017-07-24,2226.5441450815865,2242.3236999577507,2216.419855996322,2235.837890625,204810.0
2017-07-25,2246.317872865291,2264.035232367123,2229.9055151674197,2252.408203125,220402.0
2017-07-26,2251.063370443979,2256.441916063874,2237.7752557079766,2247.385498046875,252553.0
2017-07-27,2253.8321863947413,2269.335022314775,2234.493324521798,2246.555419921875,306789.0
2017-07-28,2222.589032796845,2267.6735790137204,2218.1991830968886,2236.94482421875,136729.0
2017-07-31,2250.272727644145,2250.272727644145,2202.8153063230034,2221.4423828125,173664.0
2017-08-01,2224.171398588422,2238.8041051580826,2213.1375854987386,2233.188232421875,190726.0
2017-08-02,2206.730290711522,2228.6793459415353,2203.606049398825,2216.97314453125,298840.0
2017-08-03,2218.634284191833,2245.289495259752,2214.7190858406752,2241.769775390625,325945.0
2017-08-04,2233.662711984459,2293.7754478593947,2223.498836637389,2273.724609375,257208.0
2017-08-07,2274.001809813587,2296.5836751024294,2268.7420219997534,2285.27294921875,169287.0
2017-08-08,2285.865691300474,2357.8427770819076,2274.7922934879457,2302.950439453125,763401.0
2017-08-09,2309.1990004648,2316.752678563206,2220.295509406561,2239.31787109375,305248.0
2017-08-10,2228.9169746364237,2239.3179826381256,2183.8324226299383,2211.674072265625,497306.0
2017-08-11,2198.8603828547466,2213.4535003718115,2175.1316736872495,2205.34619140625,321890.0
2017-08-14,2213.0975967548165,2247.7415505787144,2203.606113137569,2239.673828125,165120.0
2017-08-16,2239.990061628971,2262.9278129662735,2222.6285953584056,2253.594482421875,129201.0
2017-08-17,2254.2275113908095,2268.5439107225916,2227.334972658428,2235.1259765625,152160.0
2017-08-18,2228.758616320683,2233.8998366894275,2207.560930640913,2223.656982421875,128913.0
2017-08-21,2223.380204921042,2230.4988181705226,2183.120569451989,2188.1826171875,77884.0
2017-08-22,2198.7815160314312,2198.7815160314312,2160.538856961818,2167.657470703125,80340.0
2017-08-23,2180.6681521106975,2190.871418779669,2151.442333560624,2178.809326171875,117188.0
2017-08-24,2186.442484372124,2186.442484372124,2143.572653384232,2158.165771484375,213909.0
2017-08-28,2167.2222494770704,2177.662843590829,2138.747796564233,2168.84375,227147.0
2017-08-29,2167.222036873775,2176.0807160677887,2147.4481131796715,2156.623291015625,175171.0
2017-08-30,2163.267231350121,2188.5382669674354,2163.267231350121,2175.566650390625,147597.0
2017-08-31,2183.0412817551965,2237.182248835751,2160.380441344087,2226.1484375,508660.0
2017-09-01,2236.7474552748804,2321.459036011442,2236.7474552748804,2306.707763671875,722050.0
2017-09-04,2306.4309357081397,2320.351858103839,2285.82646434535,2305.758544921875,345756.0
2017-09-05,2315.1310672859913,2348.9048915188587,2297.769600294731,2333.876708984375,353285.0
2017-09-06,2323.8317022600404,2324.6226592723824,2293.8149222626193,2310.029541015625,171348.0
2017-09-07,2325.4133974418764,2354.6788041443765,2294.5264903957263,2345.543212890625,292925.0
2017-09-08,2334.9051231723365,2360.6112263237937,2298.679253033335,2305.99560546875,177449.0
2017-09-11,2325.4133748323493,2331.74103027407,2301.6846669258966,2317.1875,153148.0
2017-09-12,2324.6226121911723,2330.9106816909875,2305.639644279438,2322.052001953125,139203.0
2017-09-13,2316.7130339627442,2352.3060986702635,2309.5944210212406,2321.419189453125,168435.0
2017-09-14,2329.3683312265384,2338.8202286185483,2306.4701650294855,2316.198974609375,128663.0
2017-09-15,2308.012576598554,2401.3850911165064,2294.9617858124416,2393.11962890625,578878.0
2017-09-18,2408.543165425576,2490.723518009399,2408.543165425576,2481.54833984375,719616.0
2017-09-19,2482.0228852501823,2495.508739739041,2458.531502681856,2464.186767578125,232404.0
2017-09-20,2463.831293542018,2467.5487531809863,2439.4697769624495,2444.492431640625,179312.0
2017-09-21,2444.4919503216297,2479.6499468320044,2427.1698778924133,2435.23779296875,339952.0
2017-09-22,2423.4921829981445,2439.8253673681684,2379.238178656053,2406.447021484375,277811.0
2017-09-25,2419.0627274887624,2419.0627274887624,2376.6675496249577,2407.752197265625,412640.0
2017-09-26,2398.181498102536,2418.7463790229403,2396.5995841855815,2408.384765625,210821.0
2017-09-27,2416.532252358427,2425.0746282216496,2378.40815625,2397.5888671875,271027.0
2017-09-28,2399.763541714275,2417.164595741208,2387.938773166921,2404.07421875,324106.0
2017-09-29,2423.4920002996205,2482.497463710682,2413.3281266465556,2459.4013671875,368325.0
2017-10-03,2519.989368741831,2541.3056243731044,2488.0741719052194,2501.16455078125,481726.0
2017-10-04,2493.4518821930274,2538.180530664093,2474.983155615521,2510.1015625,203556.0
2017-10-05,2511.288879694149,2523.1532366060896,2468.814520570354,2476.32861328125,131961.0
2017-10-06,2487.638746301507,2495.2714035216154,2476.486176218774,2484.830810546875,125550.0
2017-10-09,2482.0229841906357,2493.0172088863633,2466.2038447120462,2472.096435546875,113070.0
2017-10-10,2485.898650504038,2485.898650504038,2456.4355025806117,2479.412841796875,213575.0
2017-10-11,2479.4129313045355,2544.4295597100568,2456.7125034576043,2486.689697265625,432980.0
2017-10-12,2507.2941369628847,2510.1020729712745,2465.4130018753626,2496.18115234375,311670.0
2017-10-13,2502.5876283961757,2515.2429387799743,2480.440835224528,2500.09619140625,255125.0
2017-10-16,2511.2885246564388,2561.9097736573876,2507.4129125216996,2550.67822265625,255885.0
2017-10-17,2558.7461284206893,2622.022694193071,2545.813903049057,2578.48046875,920067.0
2017-10-18,2570.5708324173734,2582.474774670418,2537.5483754977745,2552.26025390625,288969.0
2017-10-19,2556.293575966667,2563.2144489718885,2529.559386727413,2545.259765625,60297.0
2017-10-23,2524.7347353396117,2554.000144239225,2497.842197431859,2545.022705078125,300953.0
2017-10-24,2539.4069530966244,2554.0000706551727,2527.3052727658537,2539.011474609375,166189.0
2017-10-25,2581.683932438704,2581.683932438704,2546.525928536095,2556.571044921875,123563.0
2017-10-26,2557.875705582248,2606.203254400428,2540.3560856815097,2597.028076171875,185904.0
2017-10-27,2610.1582891520525,2645.6721837837663,2590.9379940382555,2610.27685546875,277293.0
2017-10-30,2618.6211304513126,2629.0617235492655,2590.38400601433,2596.078857421875,139317.0
2017-10-31,2586.4689285580594,2606.9942237068926,2570.9660944033462,2576.22607421875,195420.0
2017-11-01,2586.429378834208,2605.3727602814806,2554.672532663199,2562.5029296875,282258.0
2017-11-02,2591.966079737888,2592.757036735062,2544.152767879691,2563.57080078125,199530.0
2017-11-03,2553.209136730362,2573.7740182529733,2539.7628680425005,2544.864501953125,183308.0
2017-11-06,2539.7627947451183,2566.259852865318,2530.271311239375,2538.853271484375,154249.0
2017-11-07,2561.909852327214,2561.909852327214,2488.390434086844,2500.729248046875,281480.0
2017-11-08,2511.208724069434,2539.880908720143,2501.638262435047,2522.40087890625,250148.0
2017-11-09,2529.4412434492074,2544.4298420162127,2524.774673756603,2531.062744140625,267945.0
2017-11-10,2531.0626170949686,2590.384397183132,2516.3903248655456,2573.26025390625,416184.0
2017-11-13,2584.847706850663,2596.474737168117,2543.0061550557225,2549.254638671875,246148.0
2017-11-14,2562.4634104364322,2599.9548889209145,2533.5144994648476,2583.70068359375,230037.0
2017-11-15,2578.5202355306055,2595.9212923347995,2536.797247056912,2541.3056640625,165929.0
2017-11-16,2550.836133207035,2570.6100567202675,2521.214834405156,2538.062255859375,159508.0
2017-11-17,2554.791291499566,2567.802496452971,2525.7236196845165,2536.480712890625,247099.0
2017-11-20,2531.062519278223,2574.5651563283177,2531.062519278223,2564.28271484375,209888.0
2017-11-21,2574.32758466369,2615.694672382182,2571.4010825263,2610.355712890625,218921.0
2017-11-22,2623.564965910448,2648.1242210980326,2615.774154778729,2620.598876953125,304485.0
2017-11-23,2629.1408816298763,2633.570317757785,2570.6100677789104,2582.197509765625,149829.0
2017-11-24,2618.067781746021,2632.2258354084292,2593.50852722682,2600.904052734375,336075.0
2017-11-27,2601.4575413663665,2601.4575413663665,2575.158221436165,2587.53662109375,208372.0
2017-11-28,2590.383721246125,2616.327144922599,2579.389498113862,2601.57568359375,231860.0
2017-11-29,2610.949192331044,2634.638317087954,2605.412493044065,2622.734375,287207.0
2017-11-30,2613.678001393296,2668.5309503914605,2598.9663160352875,2614.508544921875,489763.0
2017-12-01,2640.2146646487186,2641.2429474470337,2532.802657346134,2544.4296875,438600.0
2017-12-04,2568.158021587477,2568.2371945236846,2517.4577973921128,2530.033935546875,177911.0
2017-12-05,2529.2431744330565,2529.2431744330565,2487.9948438941196,2502.5087890625,272147.0
2017-12-06,2495.4694667393487,2495.4694667393487,2454.0627883615375,2459.5205078125,212605.0
2017-12-07,2460.3906244000837,2538.1021594285585,2460.3906244000837,2527.9384765625,292357.0
2017-12-08,2559.2997140428893,2562.661281539512,2531.0625856922106,2541.068115234375,268936.0
2017-12-11,2543.7968112390613,2560.6046470020788,2510.3392924874975,2539.644287109375,175534.0
2017-12-12,2539.248964241503,2539.644442754282,2496.2603726605375,2503.9326171875,219008.0
2017-12-13,2499.424256404595,2527.898709958571,2477.2774591959464,2492.54296875,240391.0
2017-12-14,2499.4241977258052,2508.12472499637,2478.2265108456636,2501.638916015625,168975.0
2017-12-15,2521.5706637430035,2582.474346650222,2502.350371944847,2530.113037109375,679114.0
2017-12-18,2515.164287480246,2563.4522547990446,2403.6393415933244,2552.220703125,315433.0
2017-12-19,2558.7461373634064,2634.519863761611,2554.9099183081466,2625.8193359375,423748.0
2017-12-20,2625.0676844758873,2641.796347578691,2585.677987738348,2611.107177734375,261149.0
2017-12-21,2610.1581115704375,2625.9772516405615,2592.7570574933015,2601.8134765625,130594.0
2017-12-22,2591.966216927304,2656.073323562277,2575.0002270608893,2633.056396484375,307746.0
2017-12-26,2649.7061906352033,2677.3896881493024,2620.0057139669834,2664.734375,301225.0
2017-12-27,2677.389603698949,2677.389603698949,2625.977395651554,2641.045166015625,206665.0
2017-12-28,2631.5140805311785,2644.920763781285,2594.33909953179,2606.322021484375,251949.0
2017-12-29,2606.2033570653207,2642.5873796525757,2598.68926544404,2636.734375,165478.0
2018-01-01,2641.7965884961427,2645.7909602823343,2591.4916420840764,2601.655517578125,174560.0
2018-01-02,2617.2767526551474,2648.1240761225245,2594.3389993076103,2606.005615234375,297721.0
2018-01-03,2618.0676970934305,2618.22584987412,2556.0171584222394,2563.53125,372267.0
2018-01-04,2565.8647612960613,2589.7912129080237,2546.0908343440265,2582.039794921875,256909.0
2018-01-05,2580.8925130706807,2605.4121783802702,2565.9039175749567,2594.22021484375,113508.0
2018-01-08,2598.3728198345348,2607.547804825271,2582.6722467354502,2590.977294921875,120330.0
2018-01-09,2591.1753428732463,2597.898477920384,2555.6218614508048,2565.46923828125,324363.0
2018-01-10,2553.4068131061367,2562.700557411564,2531.2204316964894,2536.915283203125,296961.0
2018-01-11,2538.9720046366383,2547.1189004687258,2515.3618606226546,2525.842041015625,324132.0
2018-01-12,2538.101883002707,2542.135841012856,2493.2942454364575,2511.5654296875,193239.0
2018-01-15,2516.9838777401364,2522.3624251384335,2495.0744026651582,2504.17041015625,109156.0
2018-01-16,2512.0791027819614,2519.197714849039,2483.6442409794113,2499.46337890625,175692.0
2018-01-17,2497.8425249162324,2544.1926882759617,2494.9556087395354,2526.435546875,224799.0
2018-01-18,2538.9719347336413,2564.2033854412816,2523.943751942383,2532.011474609375,282478.0
2018-01-19,2537.2322016397297,2549.847928652592,2510.0627482522764,2539.28857421875,143928.0
2018-01-22,2531.062709955718,2596.7121489951946,2531.062709955718,2589.989013671875,223845.0
2018-01-23,2594.3388647777433,2629.1409715003715,2588.0507954794866,2606.95458984375,324780.0
2018-01-24,2606.203373145109,2649.666422643834,2592.005733299303,2643.0224609375,402759.0
2018-01-25,2644.960057643639,2646.4627986163196,2606.2031668468276,2619.412109375,246647.0
2018-01-29,2623.604148235219,2671.8129347077133,2605.0562467668906,2660.699951171875,365342.0
2018-01-30,2668.6491509235,2693.1688162640885,2642.666331094775,2656.270751953125,425678.0
2018-01-31,2648.123707674743,2678.0219171887875,2575.474238990228,2639.541748046875,275934.0
2018-02-01,2641.7963090517987,2706.0219771060038,2602.248460113897,2699.49658203125,439064.0
2018-02-02,2704.282026443232,2743.3158322621894,2504.921272769632,2563.72900390625,1269438.0
2018-02-05,2531.0625916758363,2557.1641746524933,2484.079819559754,2519.63330078125,585934.0
2018-02-06,2376.825670080373,2497.8024987601907,2376.825670080373,2479.729248046875,270751.0
2018-02-07,2529.7180047560596,2529.7180047560596,2471.8989664021697,2480.08544921875,223029.0
2018-02-08,2495.469449738666,2523.113359538752,2477.1982649566844,2497.802734375,202895.0
2018-02-09,2474.904259929948,2485.5821785969515,2436.8197605928567,2451.373291015625,175504.0
2018-02-12,2478.859255306484,2501.71783552418,2437.7294910193314,2494.757568359375,239055.0
2018-02-14,2495.4692701162926,2499.384468543548,2451.966636247387,2459.678466796875,286070.0
2018-02-15,2471.74082944593,2505.0401991421263,2450.0290966210273,2486.37353515625,148715.0
2018-02-16,2497.8421189824357,2497.8421189824357,2448.446894674169,2455.05126953125,132450.0
2018-02-19,2459.876374106626,2465.8085518576872,2380.7806707591462,2397.074462890625,219206.0
2018-02-20,2398.18163322256,2428.633477839667,2381.373796907923,2412.30029296875,236222.0
2018-02-21,2436.8593673353644,2437.3736052531185,2375.3230666313493,2382.837158203125,275688.0
2018-02-22,2384.5769682474897,2384.5769682474897,2345.9782318138305,2352.543212890625,369716.0
2018-02-23,2363.3793778991903,2379.1589305061866,2341.3117561305758,2362.11376953125,377558.0
2018-02-26,2376.034981886432,2407.673263935519,2373.582937785728,2379.75244140625,203189.0
2018-02-27,2404.509249339367,2418.746475157824,2390.2720235209104,2400.317138671875,325597.0
2018-02-28,2380.780573467768,2417.6786403296182,2364.9614334447265,2389.164794921875,519406.0
2018-03-01,2425.9439744291717,2436.1472411518516,2379.237931071211,2389.401611328125,503301.0
2018-03-05,2389.40209207676,2389.40209207676,2318.888347810249,2328.2216796875,287300.0
2018-03-06,2349.0632014121425,2353.927702999667,2280.5268521429207,2293.142578125,258501.0
2018-03-07,2292.1932944096093,2325.413487082212,2274.001284136517,2296.85986328125,185188.0
2018-03-08,2309.3569745001428,2329.368224009865,2286.7357215321854,2312.678955078125,143854.0
2018-03-09,2320.668371952754,2346.6907859982466,2308.131623376332,2321.775634765625,205178.0
2018-03-12,2338.0689502155356,2345.978520412476,2318.295024723185,2339.453125,246428.0
2018-03-13,2340.4414227629186,2376.0344825886473,2335.656094987629,2350.526123046875,287288.0
2018-03-14,2343.6056771723825,2348.351419346879,2322.2498373871463,2333.75830078125,225181.0
2018-03-15,2341.2327389783804,2350.645050112784,2322.6452493277075,2332.33447265625,181457.0
2018-03-16,2325.4135895513227,2339.6508156098002,2286.1426515819176,2302.040771484375,338593.0
2018-03-19,2304.4926539249022,2310.2666782648903,2248.413690462044,2253.792236328125,231927.0
2018-03-20,2249.402749597217,2284.48177313481,2238.6458492341085,2272.419677734375,227109.0
2018-03-21,2285.8263015820453,2286.2217801093902,2242.64016225879,2255.6513671875,231405.0
2018-03-22,2255.729923124117,2273.01240876321,2232.080388875086,2242.3232421875,325295.0
2018-03-23,2226.464561180674,2228.3233871881625,2171.176749607421,2206.730224609375,451122.0
2018-03-26,2205.188440247616,2265.8943989237296,2160.9344282115194,2253.159912109375,299008.0
2018-03-27,2262.9276754677285,2265.2213732202013,2207.5606928453094,2213.334716796875,304403.0
2018-03-28,2194.9057336267133,2208.5893287131544,2163.7025177642117,2170.939697265625,680019.0
2018-04-02,2179.0864549602065,2227.295243718507,2174.3407131345216,2221.758544921875,396178.0
2018-04-03,2206.76989273902,2238.328997834151,2202.8151079850077,2208.351806640625,324121.0
2018-04-04,2220.2165948367174,2227.3352087852495,2172.1659506841233,2187.787353515625,308672.0
2018-04-05,2206.769940694731,2227.29523539315,2200.7585904961084,2221.125732421875,341534.0
2018-04-06,2226.504469416048,2233.702255684087,2195.89447075,2203.922607421875,282872.0
2018-04-09,2205.1880917104727,2217.803817100567,2188.854907082273,2192.888671875,270316.0
2018-04-10,2206.7701433338343,2213.888756699427,2184.9792382437645,2188.14306640625,298049.0
2018-04-11,2194.905558588123,2198.860343378372,2175.9225915949282,2179.521484375,275482.0
2018-04-12,2196.487510455628,2198.8603813707764,2180.668371021306,2185.572265625,349414.0
2018-04-13,2190.5158742491853,2219.425391869719,2182.4481512888533,2203.764404296875,400416.0
2018-04-16,2201.787057364945,2247.464826087575,2195.7758997681904,2244.973388671875,479220.0
2018-04-17,2250.272891209957,2274.238929340104,2246.3181058124,2265.459228515625,562666.0
2018-04-18,2277.1654731822355,2277.1654731822355,2250.826563336216,2263.7587890625,352687.0
2018-04-19,2266.091910731125,2266.091910731125,2247.227508159057,2260.515625,283973.0
2018-04-20,2257.2329228326266,2270.0859729301947,2215.509944823598,2256.36279296875,466032.0
2018-04-23,2256.442704832009,2277.9567017273666,2230.49927044138,2255.928466796875,235602.0
2018-04-24,2259.0523754053515,2291.6397653353424,2254.227460441109,2283.334716796875,261691.0
2018-04-25,2281.91097872243,2303.2272315664977,2265.73594645434,2294.05224609375,319384.0
2018-04-26,2312.7579996369564,2312.7579996369564,2275.5830249505893,2281.87109375,387123.0
2018-04-27,2285.8654928962587,2341.2324771532612,2285.8654928962587,2331.068603515625,365533.0
2018-04-30,2351.4757430532068,2355.0746362820773,2316.5946527162114,2335.3798828125,122656.0
2018-05-02,2388.4133187398884,2407.1985482050804,2333.3628253068455,2345.93896484375,523589.0
2018-05-03,2368.876772795103,2368.876772795103,2334.1934220957073,2353.25537109375,382125.0
2018-05-04,2361.00663544601,2361.797592442809,2281.9109357660764,2284.7978515625,266727.0
2018-05-07,2289.0297729625377,2327.747083127529,2286.3799895218026,2305.877197265625,235635.0
2018-05-08,2305.63978054229,2317.3459834006408,2282.702026293327,2287.6455078125,132638.0
2018-05-09,2285.8656434295567,2297.49267226827,2266.170892117332,2271.62841796875,155763.0
2018-05-10,2279.538313370358,2289.781168974995,2230.538560695926,2236.43115234375,222907.0
2018-05-11,2250.2724741922166,2250.2724741922166,2215.4703691431982,2226.899658203125,286976.0
2018-05-14,2238.4078680879375,2254.2270049648837,2208.7469864436625,2239.9501953125,142564.0
2018-05-15,2229.7078692371474,2275.5833770114486,2220.8096026429944,2233.3857421875,256661.0
2018-05-16,2224.9616825360827,2235.8769259984733,2203.0522157868677,2224.091552734375,262982.0
2018-05-17,2231.289507801843,2238.4872931334144,2204.396972082147,2226.899658203125,162490.0
2018-05-18,2250.2727539062503,2305.63974609375,2179.561272554398,2204.792724609375,1811320.0
2018-05-21,2194.8661189195022,2194.8661189195022,2138.3522791079504,2151.838134765625,393470.0
2018-05-22,2159.3124674884834,2235.2443344770895,2155.397269217828,2221.402587890625,512096.0
2018-05-23,2231.9221291710323,2240.1084168935786,2187.786697307234,2194.86572265625,243631.0
2018-05-24,2190.9509057404402,2226.2276654357734,2148.3577937425443,2161.52734375,275197.0
2018-05-25,2179.0468005478674,2195.380177351494,2153.7757647349954,2181.854736328125,298273.0
2018-05-28,2184.623308804498,2224.171160158671,2175.92278150658,2206.888671875,160044.0
2018-05-29,2219.346475726188,2242.3238183721323,2184.3466236399277,2211.5556640625,261407.0
2018-05-30,2209.933800236426,2209.933800236426,2180.6683920013697,2185.3349609375,345195.0
2018-05-31,2194.9054941537365,2202.7754770343527,2162.5554327610703,2175.368896484375,447005.0
2018-06-01,2198.8605501105885,2302.7922269278747,2197.792680874932,2291.046630859375,1799352.0
2018-06-04,2285.8657810939403,2311.611470640358,2270.8771842298606,2276.769775390625,759197.0
2018-06-05,2276.7698770916095,2281.634185725726,2246.3180305506935,2252.289794921875,367916.0
2018-06-06,2254.2271676793607,2324.9386373815228,2241.2949451071045,2282.1083984375,654288.0
2018-06-07,2286.6565202008906,2316.7128840084433,2264.153833813286,2284.75830078125,513700.0
2018-06-08,2284.284056832977,2294.210606850484,2267.6739580817675,2273.250244140625,269022.0
2018-06-11,2283.216073124689,2304.809239040256,2273.0523909752355,2278.826416015625,413241.0
2018-06-12,2282.7017335104774,2303.6620924633626,2270.0860089126095,2283.6904296875,539628.0
2018-06-13,2300.1028188904625,2320.6676996645865,2287.09161563701,2300.063232421875,362419.0
2018-06-14,2297.730157672432,2301.6849427975135,2278.0747983588794,2286.41943359375,333925.0
2018-06-15,2288.5945422953605,2296.939177445942,2256.600369577573,2275.701904296875,370164.0
2018-06-18,2277.9561804982804,2307.7752210456606,2266.0522389202147,2290.057861328125,427791.0
2018-06-19,2288.238144620378,2288.238144620378,2245.1705831809722,2254.06884765625,523480.0
2018-06-20,2258.3006554905405,2277.1650559643685,2258.3006554905405,2269.76953125,502478.0
2018-06-21,2272.4586186656084,2276.334229992399,2232.6338639885116,2238.487060546875,300367.0
2018-06-22,2234.453585566584,2243.8265035125387,2219.4254021592337,2240.1484375,553549.0
2018-06-25,2246.15960653571,2246.15960653571,2210.882848989221,2215.707763671875,339572.0
2018-06-26,2218.634479034832,2232.4762271215022,2203.250403353739,2224.131591796875,249490.0
2018-06-27,2232.8320793988805,2232.8320793988805,2181.6176123903315,2187.35205078125,289628.0
2018-06-28,2183.041118458901,2202.8150416333474,2139.854793004022,2148.239013671875,417993.0
2018-06-29,2151.5217654685744,2236.826561470956,2151.5217654685744,2222.82666015625,425210.0
2018-07-02,2226.543740539513,2303.2665621495776,2226.543740539513,2242.4814453125,1007694.0
2018-07-03,2248.651081787024,2279.5379901214474,2242.363012489349,2264.03515625,510764.0
2018-07-04,2270.007049422845,2364.170520797539,2258.815084888466,2356.300537109375,845034.0
2018-07-05,2369.1753478486585,2409.5360863128603,2351.174419078841,2394.9658203125,752721.0
2018-07-06,2407.9218793678097,2484.8090932497353,2381.2837895189537,2437.86962890625,1511538.0
2018-07-09,2475.4048790688744,2488.643122395417,2418.899845475725,2436.295166015625,643119.0
2018-07-10,2461.1979120825445,2514.433688444028,2445.8608309642864,2497.482177734375,959927.0
2018-07-11,2484.6073351529594,2562.8667762914783,2467.6962232774763,2552.090576171875,1155857.0
2018-07-12,2578.9706060831627,2579.011006239834,2478.1495516861564,2499.7021484375,932430.0
2018-07-13,2520.931864255428,2548.3367677773927,2468.462901342651,2533.564697265625,852168.0
2018-07-16,2532.2331440771627,2554.835161301951,2495.060858476605,2503.859619140625,374574.0
2018-07-17,2508.097271559513,2523.3131528269037,2490.2577450265085,2497.68408203125,563857.0
2018-07-18,2505.594653824735,2551.484892470648,2503.17300950725,2508.662109375,658396.0
2018-07-19,2508.662213904402,2538.2061575643897,2502.3658990018057,2514.47412109375,755100.0
2018-07-20,2526.582336586306,2545.7940883367955,2273.4800953706786,2292.167236328125,4976986.0
2018-07-23,2292.4496533071924,2293.781675984018,2143.1553140642795,2166.685546875,2974676.0
2018-07-24,2172.215168860904,2199.6604738558026,2110.866840048779,2138.029541015625,2843387.0
2018-07-25,2155.263457388645,2178.1076750221923,2119.7460071545247,2129.9169921875,1114670.0
2018-07-26,2135.8905476134355,2152.801659737763,2102.7947379187453,2113.692138671875,1256232.0
2018-07-27,2128.6257260383713,2177.0586208287777,2122.975221646157,2168.78466796875,958294.0
2018-07-30,2168.945755939442,2178.6727336426275,2143.558890028899,2157.80615234375,546935.0
2018-07-31,2161.7211387050206,2191.588084982872,2148.159891250564,2179.520263671875,721932.0
2018-08-01,2193.202791357336,2234.3707495315075,2150.5012037670367,2164.062255859375,1408788.0
2018-08-02,2163.3358325253344,2179.116922509477,2123.8227044020196,2162.205810546875,617961.0
2018-08-03,2169.793359269617,2179.479936766357,2159.6223740684713,2171.77099609375,343254.0
2018-08-06,2176.251165387999,2192.3954618671387,2159.461057634908,2169.712646484375,352383.0
2018-08-07,2179.4801747750926,2186.2204978488826,2164.587099662252,2168.66357421875,272481.0
2018-08-08,2176.2511064141463,2179.479965622476,2142.146281026165,2147.67578125,391732.0
2018-08-09,2151.2276197548013,2168.8653434217676,2131.894863112131,2146.0615234375,448329.0
2018-08-10,2153.5280280947,2161.075368037888,2114.9027220700737,2122.732666015625,417567.0
2018-08-13,2122.0873942145818,2145.5774290963536,2103.6022498965754,2123.66162109375,418212.0
2018-08-14,2131.0472825055117,2144.5681317411054,2126.0425896659317,2136.21337890625,227189.0
2018-08-16,2131.0474387886597,2161.7216064681934,2122.975289399309,2153.245849609375,654766.0
2018-08-17,2156.0707942195545,2161.680897829787,2131.8543495072417,2148.28125,331427.0
2018-08-20,2158.492428682129,2217.096303443759,2150.581684031335,2208.01513671875,580539.0
2018-08-21,2219.8407140126783,2235.985010114589,2194.49424796225,2202.485595703125,463379.0
2018-08-23,2211.7687279096854,2211.7687279096854,2159.461165294697,2167.81591796875,442939.0
2018-08-24,2166.483925324249,2177.058519021897,2150.420428132864,2165.152099609375,551229.0
2018-08-27,2172.9416862122284,2185.937924786662,2159.2998333841656,2177.54296875,270591.0
2018-08-28,2180.2875420793353,2183.5164018232513,2156.1518943231463,2166.8876953125,358078.0
2018-08-29,2171.4078109744614,2181.0943885698866,2163.335662978274,2170.681396484375,296377.0
2018-08-30,2179.4801859902236,2197.6425208734754,2166.1207402501977,2180.81201171875,582960.0
2018-08-31,2195.6242274017054,2223.8767450337127,2184.1618168057903,2215.68359375,512215.0
2018-09-03,2231.9490951057196,2266.4171303242097,2219.840872166629,2237.518798828125,876984.0
2018-09-04,2244.016772418665,2248.0932466253566,2200.9115803793693,2208.176513671875,549748.0
2018-09-05,2200.467949487382,2244.0979568661487,2200.1853454258385,2237.842041015625,461142.0
2018-09-06,2245.67131116608,2266.6588935134264,2237.5991641094083,2246.559326171875,636038.0
2018-09-07,2295.678247105622,2366.753542107921,2285.2652561216805,2359.9326171875,1417855.0
2018-09-10,2360.2962852259607,2380.4766570216684,2300.6431850274266,2315.57666015625,1050199.0
2018-09-11,2320.742799393633,2344.9592459960013,2280.704862181472,2287.40478515625,595570.0
2018-09-12,2289.2610417035726,2330.1867903051407,2269.4842802361054,2315.051513671875,448143.0
2018-09-14,2328.814608815025,2348.914177735716,2313.073920817835,2322.760498046875,393663.0
2018-09-17,2311.863428379184,2324.6980662085543,2292.530671317129,2309.1591796875,133182.0
2018-09-18,2300.561968791932,2315.899048583878,2229.728876594917,2239.05224609375,409367.0
2018-09-19,2242.4428266795003,2284.3775982243965,2240.0211821582484,2252.210205078125,327618.0
2018-09-21,2265.044764203081,2294.9117122699067,2157.68519412503,2259.5556640625,466306.0
2018-09-24,2260.20150427005,2271.260307929728,2219.8407631223704,2227.347900390625,485510.0
2018-09-25,2201.3555214181756,2261.694826663124,2201.3555214181756,2251.079833984375,348703.0
2018-09-26,2257.376270408472,2267.264652068584,2214.6746847629483,2238.64892578125,494874.0
2018-09-27,2238.729259645,2281.188833391908,2226.6210386609664,2246.922607421875,565518.0
2018-09-28,2258.587000393812,2266.618748203444,2127.8182033731555,2169.349365234375,892679.0
2018-10-01,2168.986304839083,2215.804766201445,2114.5801027061893,2203.77734375,610220.0
2018-10-03,2207.73246811218,2235.904185676436,2181.0943798314843,2204.826416015625,504580.0
2018-10-04,2168.986466872589,2195.220951492373,2119.9481610063776,2144.77001953125,638156.0
2018-10-05,2127.010957694997,2127.010957694997,2034.1812574540388,2052.78759765625,947343.0
2018-10-08,2039.064969915819,2102.068124005929,2019.046003608682,2085.923828125,667297.0
2018-10-09,2090.6865400585625,2090.7269402173683,2042.4958511175616,2057.4697265625,309578.0
2018-10-10,2066.470059298994,2122.0870847997685,2063.241199831339,2084.0673828125,699121.0
2018-10-11,2050.325569800797,2063.160206152264,2022.4362593479739,2038.8631591796875,386992.0
2018-10-12,2057.994297521792,2138.271776400215,2042.3344079764233,2117.364990234375,510424.0
2018-10-15,2134.2758160699495,2137.0202674123343,2079.466012936146,2115.265869140625,176677.0
2018-10-16,2129.432783470599,2137.5049320053627,2102.79469330588,2107.234375,257469.0
2018-10-17,2129.4328116446204,2138.836785982466,2048.711325228979,2056.6220703125,285116.0
2018-10-19,2046.4914059874047,2052.6263175496492,2001.8927864505526,2026.31103515625,470172.0
2018-10-22,2042.3343294145507,2078.3359927504002,2015.3732357267143,2063.967529296875,321452.0
2018-10-23,2050.3258354678137,2097.7093104396226,2039.024826925865,2087.861328125,342563.0
2018-10-24,2110.866860277363,2114.8221342643674,1983.004105199507,1997.977783203125,1669762.0
2018-10-25,1981.7124271226626,2016.9876761254968,1953.4599077950484,1999.9151611328125,913688.0
2018-10-26,2004.3146161929699,2045.1597693597896,1975.0126756232037,2029.136474609375,498124.0
2018-10-29,2044.6751492225828,2065.1381238408617,1997.2512783118736,2057.67138671875,388894.0
2018-10-30,2061.6268816855136,2085.036114093062,2044.594568242164,2063.443115234375,270336.0
2018-10-31,2058.39760650502,2110.059350354558,2006.8568660380645,2093.6728515625,552796.0
2018-11-01,2109.333133497117,2114.0956221247943,2072.96806629435,2097.830322265625,356883.0
2018-11-02,2114.902643213244,2179.479823158687,2114.902643213244,2145.375,769311.0
2018-11-05,2155.263584264392,2169.3494435557536,2116.9612802060155,2157.322021484375,222067.0
2018-11-06,2157.8468316766644,2177.8658006152714,2146.344019349471,2158.97705078125,278587.0
2018-11-07,2174.636730670973,2175.4439454930484,2164.2639413777324,2173.46630859375,38824.0
2018-11-09,2163.335680412172,2215.8046428102284,2158.0887841723666,2173.869873046875,344335.0
2018-11-12,2179.4799362029253,2200.4675207737682,2131.8138633685912,2140.975830078125,272808.0
2018-11-13,2138.3123016099817,2158.0082666306394,2109.2525647817597,2151.63134765625,305897.0
2018-11-14,2159.299431794963,2191.5072211256297,2140.7334927552306,2160.51025390625,302299.0
2018-11-15,2164.1432761505394,2178.673145218316,2148.079777510749,2154.335693359375,240745.0
2018-11-16,2163.3357360775944,2184.2425212645926,2159.4206653375827,2175.7265625,317881.0
2018-11-19,2182.7084906256882,2185.9373493396315,2155.26319155717,2163.052734375,209883.0
2018-11-20,2163.0532734002,2163.0532734002,2143.1555054466294,2152.4384765625,146989.0
2018-11-21,2157.6854241859746,2157.6854241859746,2091.574602813223,2102.51220703125,381149.0
2018-11-22,2098.7582932974833,2118.1314467740754,2083.259809930991,2090.96875,373650.0
2018-11-26,2103.601973102236,2149.5324208534403,2079.3855267503304,2138.7158203125,376778.0
2018-11-27,2132.661703057597,2134.2357326514993,2075.268646526507,2098.47607421875,437591.0
2018-11-28,2108.4452576110766,2118.9390510065373,2085.8432410670066,2101.90673828125,285713.0
2018-11-29,2125.396719463421,2209.3470646302258,2100.413459042511,2198.853271484375,763933.0
2018-11-30,2196.4314628333527,2235.742784035982,2181.0943816889817,2216.36962890625,690175.0
2018-12-03,2227.912951017681,2231.908625047654,2190.7810685007194,2208.539794921875,386060.0
2018-12-04,2211.8494000394235,2252.1293405990605,2200.669395988598,2231.020751953125,395469.0
2018-12-05,2227.1057816659854,2239.6176119000643,2204.5845660742198,2231.22265625,178352.0
2018-12-06,2211.7685010551195,2259.7169802411254,2184.2021950996395,2194.090576171875,468440.0
2018-12-07,2197.238856932557,2254.551112201555,2192.637771628567,2249.06201171875,417465.0
2018-12-10,2189.97358961334,2235.944429641418,2181.7400386801473,2199.740966796875,274974.0
2018-12-11,2187.5521632680125,2227.9129042877175,2167.3717927581597,2211.44580078125,370479.0
2018-12-12,2213.383168798683,2307.0200935181024,2210.678920160399,2299.270751953125,552031.0
2018-12-13,2308.6346426763066,2329.33962628891,2277.7182722074945,2289.34228515625,466453.0
2018-12-14,2289.2612169439644,2290.35103577455,2248.2546648984476,2278.888427734375,465457.0
2018-12-17,2286.839517722249,2302.983813646868,2281.2698144578258,2293.2568359375,225455.0
2018-12-18,2292.4901382102908,2319.77403912913,2278.000671293784,2293.216552734375,443162.0
2018-12-19,2303.7101748976056,2326.392988977089,2296.5664423604007,2311.055908203125,393269.0
2018-12-20,2304.5980571066852,2340.922720003288,2286.032118292866,2330.59033203125,288162.0
2018-12-21,2338.5013738968382,2344.959092568283,2261.008749839504,2267.0224609375,386367.0
2018-12-24,2280.785375459469,2286.5972824978107,2192.2743530966363,2199.377685546875,348337.0
2018-12-26,2190.5385181521765,2219.6790479999668,2155.2632747554176,2207.409423828125,410582.0
2018-12-27,2231.060923278049,2231.1417235882127,2176.7355244981577,2209.346923828125,558049.0
2018-12-28,2222.9889882343014,2227.872677692933,2188.964959733642,2193.6064453125,358369.0
2018-12-31,2210.15397926391,2230.33434795697,2187.5519663276827,2195.7451171875,406069.0
2019-01-01,2207.7325100072903,2214.5130355960227,2183.516065656205,2200.9921875,304150.0
2019-01-02,2195.6244776188705,2217.621083139133,2160.914237715337,2173.0224609375,599274.0
2019-01-03,2171.4886575296396,2198.732157596971,2165.0309389951613,2180.56982421875,310511.0
2019-01-04,2190.7807280162488,2213.38273994862,2181.174951774553,2207.08642578125,362393.0
2019-01-07,2211.687803363613,2211.7686036750715,2135.0831958834174,2146.02099609375,462215.0
2019-01-08,2152.842227461849,2179.4803202650887,2127.414957058756,2175.3232421875,486654.0
2019-01-09,2181.498020821433,2187.5521318875426,2157.2815765569953,2176.9775390625,285560.0
2019-01-10,2179.4802554083735,2202.8894877812786,2163.3359572201634,2199.90283203125,277585.0
2019-01-11,2202.0822619197056,2210.7194219926505,2180.166456067791,2196.391357421875,259834.0
2019-01-14,2194.0095328046536,2217.5801623957223,2160.4697229380586,2178.79345703125,170937.0
2019-01-15,2183.5161712202384,2207.5712131867313,2183.5161712202384,2200.3466796875,169721.0
2019-01-16,2208.539792600179,2208.539792600179,2184.323347505879,2193.56591796875,218357.0
2019-01-17,2197.2389473738817,2211.607411940492,2180.1260309898744,2203.4140625,230784.0
2019-01-18,2212.575836543376,2217.015518083321,2176.7757802053397,2196.229736328125,269686.0
2019-01-21,2199.4586697701243,2199.4586697701243,2155.263656587295,2167.049072265625,303893.0
2019-01-22,2167.3719232343115,2175.444071924197,2139.200203136187,2170.076171875,273441.0
2019-01-23,2178.6725660848597,2178.6725660848597,2151.3080654441465,2158.572998046875,205104.0
2019-01-24,2166.564403906103,2166.564403906103,2127.0108808839723,2140.450927734375,183566.0
2019-01-25,2116.759549023406,2156.878087813838,2110.10002648431,2120.02880859375,304062.0
2019-01-28,2122.9345050008606,2126.2037643266262,2054.361647764337,2070.949951171875,332409.0
2019-01-29,2068.891549509779,2096.4578563281825,2036.1589496842946,2072.64501953125,424856.0
2019-01-30,2075.3495056682095,2141.8237314413045,2005.929024342863,2017.7950439453125,2450943.0
2019-01-31,2018.9651691238525,2074.5419855827486,1986.6363748286744,2062.070556640625,1102133.0
2019-02-01,2066.4698395927385,2155.263465512739,2052.747188314193,2100.978271484375,1028186.0
2019-02-04,2106.8309447433776,2157.2010770065103,2070.8694805821046,2133.0654296875,817279.0
2019-02-05,2136.697756750491,2195.6244421463302,2135.0833270136186,2188.076904296875,469089.0
2019-02-06,2191.588140484134,2248.093175413743,2190.9019290875626,2236.10595703125,495030.0
2019-02-07,2248.0932468973797,2318.3209354000987,2237.720457754476,2303.46826171875,983573.0
2019-02-08,2302.1765463681404,2324.052145676873,2285.3864395745145,2301.692138671875,1004870.0
2019-02-11,2300.562209571825,2316.7065057793466,2275.5789506054707,2303.46826171875,712787.0
2019-02-12,2297.010782900311,2303.7913091853625,2275.942395321699,2286.315185546875,280913.0
2019-02-14,2276.346187606467,2320.7430104143946,2269.283056705206,2278.8486328125,372416.0
2019-02-15,2280.502870369704,2300.5622374804652,2264.2779707286736,2281.148681640625,867192.0
2019-02-18,2284.41793064536,2288.454004727772,2234.209208474937,2254.95458984375,296237.0
2019-02-19,2261.0088396268898,2280.3819964105546,2242.039290276218,2250.39404296875,185862.0
2019-02-20,2250.5148045726723,2258.586952365257,2209.548654525304,2239.77880859375,428139.0
2019-02-21,2235.9848650942886,2284.3369499539463,2221.212795704334,2271.4619140625,281964.0
2019-02-22,2280.382189682659,2298.14091823948,2261.6952427808606,2273.803466796875,431535.0
2019-02-25,2273.924504900517,2304.3564689769387,2273.8437045762607,2298.5849609375,322524.0
2019-02-26,2287.6470038960206,2316.7067400076144,2269.888276272269,2308.069580078125,369292.0
2019-02-27,2316.7063580512004,2374.018605933303,2316.7063580512004,2352.788818359375,861033.0
2019-02-28,2365.1390152125377,2368.2064704149648,2311.8628462691836,2341.406982421875,1246854.0
2019-03-01,2352.224066612919,2375.63329720035,2305.5670089928376,2311.459716796875,1008494.0
2019-03-05,2288.4945727667314,2354.9685995362206,2272.148471533816,2343.9501953125,632301.0
2019-03-06,2337.411719163991,2374.8262081733233,2321.751829115745,2363.202392578125,748391.0
2019-03-07,2362.717631821644,2362.717631821644,2340.922833031352,2356.986328125,392086.0
2019-03-08,2348.994607628418,2393.068605900073,2340.962861357318,2385.88427734375,754427.0
2019-03-11,2397.4281692980608,2431.3311939143973,2370.709278211323,2422.088623046875,1147194.0
2019-03-12,2431.331465236465,2438.43499631596,2406.590405483881,2418.496826171875,503545.0
2019-03-13,2423.2588343217917,2459.744903938101,2413.5722567029175,2429.716552734375,565499.0
2019-03-14,2431.3307793190884,2441.8245708632944,2397.4277604839617,2435.245849609375,985558.0
2019-03-15,2423.339436682729,2447.6364819810296,2405.4999121956066,2440.85595703125,538508.0
2019-03-18,2443.358681742076,2460.229591256704,2415.267761113913,2425.8017578125,341148.0
2019-03-19,2428.1019703027755,2428.1019703027755,2377.247441004546,2401.2216796875,545621.0
2019-03-20,2397.2667182926934,2397.2667182926934,2357.107779214582,2381.001220703125,834351.0
2019-03-22,2389.3559835579285,2420.716359671703,2365.179937936379,2381.08203125,622630.0
2019-03-25,2369.0142265691593,2393.8764838401403,2353.233136534612,2387.701171875,319510.0
2019-03-26,2390.203712359457,2395.81381648394,2372.404584449562,2383.544189453125,322020.0
2019-03-27,2393.392274519538,2417.6087224910684,2381.2840505337736,2405.581298828125,402423.0
2019-03-28,2412.76518305372,2438.152050633593,2353.0312842427547,2380.315185546875,1800550.0
2019-04-01,2379.628987379597,2381.2838172436564,2342.1338968584637,2353.555908203125,679984.0
2019-04-02,2355.4528606064982,2371.8797611335835,2294.104533873772,2303.064697265625,938624.0
2019-04-03,2308.634401371022,2322.4378537192815,2285.22517142705,2298.3828125,484790.0
2019-04-04,2310.2483143444288,2328.0474366841872,2300.5617386029426,2307.907470703125,662281.0
2019-04-05,2316.424027427076,2324.7787799972666,2302.378567794168,2309.96630859375,272382.0
2019-04-08,2321.549939327418,2321.549939327418,2294.1046340641597,2303.2666015625,213351.0
2019-04-09,2308.6348133607225,2365.0188578243115,2290.8760840271784,2360.9423828125,492843.0
2019-04-10,2355.412035110292,2382.8977343676243,2349.2773217891845,2375.552001953125,530788.0
2019-04-11,2373.9376184261105,2421.6440857448442,2372.403989334699,2416.55859375,400118.0
2019-04-12,2415.025300672005,2442.5916075205987,2401.665856192106,2428.22314453125,438822.0
2019-04-15,2432.1381305571745,2458.7762182798383,2415.1866201882062,2449.937255859375,271376.0
2019-04-16,2457.9692881440246,2482.104934015763,2447.6368983554285,2476.8984375,371767.0
2019-04-18,2477.3422422059525,2494.212952839433,2454.9016311608884,2477.745849609375,365773.0
2019-04-22,2466.444940175064,2485.4144888885685,2455.143932430848,2462.973876953125,186563.0
2019-04-23,2462.0051857441763,2478.149482044138,2430.2816040999655,2453.246826171875,360759.0
2019-04-24,2449.897136772961,2488.5224472317263,2441.986391611755,2482.83154296875,524013.0
2019-04-25,2481.338161969184,2510.4382980543464,2443.9238702087873,2492.719970703125,509586.0
2019-04-26,2486.22189313574,2498.3301166412716,2445.861148117303,2457.686767578125,268298.0
2019-04-30,2457.9691179832175,2462.005192068576,2375.5524063306284,2408.809814453125,654107.0
2019-05-02,2412.7653569811905,2453.9333172374772,2388.306705884724,2446.30517578125,670855.0
2019-05-03,2444.246418339938,2474.9205807893823,2437.788699929529,2469.87548828125,446730.0
2019-05-06,2465.234068517016,2465.234068517016,2432.1382607864343,2442.79345703125,259117.0
2019-05-07,2442.6320940375854,2464.4268946122766,2438.838223722704,2448.322998046875,244684.0
2019-05-08,2447.475499350224,2448.2827142246797,2382.7369058336512,2387.539794921875,427476.0
2019-05-09,2381.284016527148,2416.3978655844126,2366.996351842776,2407.84130859375,348293.0
2019-05-10,2405.903807217631,2428.1022151017055,2384.7952181865294,2394.360595703125,241374.0
2019-05-13,2397.7107124051918,2420.8373390655224,2379.0639705104572,2399.64794921875,233316.0
2019-05-14,2389.356200030738,2396.621134422723,2341.7305190166117,2370.95166015625,309971.0
2019-05-15,2370.9921873448966,2380.8401706335185,2342.01324854722,2352.587646484375,320831.0
2019-05-16,2363.524967780057,2388.10461937241,2347.3806715520514,2375.3505859375,218733.0
2019-05-17,2381.283893529135,2542.686469202872,2369.296673743995,2453.9736328125,1993105.0
2019-05-20,2492.638992444172,2492.638992444172,2382.0909609986516,2426.72998046875,1022048.0
2019-05-21,2432.945619321731,2457.08126511648,2396.661350312992,2404.935302734375,447168.0
2019-05-22,2405.5407173921612,2465.2342177288624,2399.970816534066,2459.7451171875,493470.0
2019-05-23,2482.1854289865414,2490.2575767230833,2444.81134555157,2474.11328125,576440.0
2019-05-24,2474.1133750421786,2501.4778780768593,2425.680486786867,2484.5263671875,529984.0
2019-05-27,2490.3384395648077,2494.2937132254665,2446.6680403839446,2475.64697265625,341393.0
2019-05-28,2475.7277313191566,2509.106141316005,2391.2929864654657,2411.957763671875,921394.0
2019-05-29,2413.572438705723,2413.572438705723,2357.067398334686,2361.507080078125,531761.0
2019-05-30,2374.826158113593,2405.500323310165,2357.592041732783,2377.247802734375,938395.0
2019-05-31,2383.7054350933363,2404.4912173329753,2353.2734748796042,2361.829833984375,376941.0
2019-06-03,2377.2476906563156,2484.566863626166,2344.636290130197,2449.57421875,1302391.0
2019-06-04,2442.7934192460907,2445.2958639873164,2397.750793421525,2408.648193359375,450220.0
2019-06-06,2423.2588046579517,2444.165588933193,2389.355783406908,2414.904052734375,481570.0
2019-06-07,2421.603762609375,2427.012061824758,2384.068278086592,2390.485595703125,212676.0
2019-06-10,2402.2712848314595,2420.8372255408426,2392.2618999742335,2413.410888671875,155660.0
2019-06-11,2424.7117283336106,2441.8246417802293,2406.3071924452443,2411.271484375,355284.0
2019-06-12,2414.379482586045,2419.263171572761,2366.188798125743,2376.843994140625,273834.0
2019-06-13,2382.091164158169,2385.3200237503856,2341.932222979968,2359.20654296875,224615.0
2019-06-14,2362.7179474016793,2369.175666424301,2312.670624976362,2318.76513671875,353978.0
2019-06-17,2312.711080171607,2316.706754497152,2282.642325256966,2289.4228515625,314402.0
2019-06-18,2290.0684888981677,2326.433556661514,2290.0684888981677,2305.082763671875,308511.0
2019-06-19,2316.706418401816,2328.0074253208495,2262.6230281464427,2278.6865234375,294638.0
2019-06-20,2290.794971434843,2346.4927967522412,2265.165899640243,2338.74365234375,301774.0
2019-06-21,2336.806011343566,2349.7214479537324,2295.7996577654267,2321.1865234375,529699.0
2019-06-24,2304.598718913866,2322.43824842226,2261.1705144981743,2273.84375,434882.0
2019-06-25,2271.502806840265,2303.7510037912402,2248.9007888617543,2295.47705078125,424591.0
2019-06-26,2292.4495576727536,2325.86836755584,2271.5023737052875,2315.656982421875,265442.0
2019-06-27,2314.486955640582,2348.9145927960285,2301.3697133250676,2313.35693359375,621516.0
2019-06-28,2312.670135670525,2315.898994498686,2274.166033559482,2282.036376953125,303973.0
2019-07-01,2291.1984039847557,2357.188213726184,2289.422570843808,2350.569091796875,628760.0
2019-07-02,2356.2600124917226,2363.484545571559,2311.8631982789634,2327.644287109375,334846.0
2019-07-03,2340.923167085454,2348.995315937473,2318.3211502998015,2339.10693359375,274468.0
2019-07-04,2340.923063740454,2348.1879973865452,2322.3571222004434,2336.7255859375,249409.0
2019-07-05,2339.3088563726883,2355.4531548983796,2281.956196445378,2294.548828125,324849.0
2019-07-08,2282.440433723248,2282.440433723248,2217.096429736763,2242.281494140625,363327.0
2019-07-09,2239.2140033193455,2257.376337520746,2223.8769211048293,2249.223388671875,253454.0
2019-07-10,2252.1292405893514,2255.3176995617814,2196.0682134238737,2212.09130859375,378373.0
2019-07-11,2244.7727498831155,2248.486528329613,2195.462024954617,2237.9228515625,653802.0
2019-07-12,2244.7729264905865,2271.099410732845,2222.7791841101202,2246.87744140625,298498.0
2019-07-15,2251.37551310911,2272.8329043630824,2232.97163339035,2239.821533203125,299859.0
2019-07-16,2236.520018781079,2265.4049636730856,2210.1109263083877,2255.047607421875,315367.0
2019-07-17,2248.8990587246535,2257.7708623508147,2221.1283307587687,2225.70849609375,267305.0
2019-07-18,2228.2673412178838,2238.047039587389,2163.1524983964546,2171.15771484375,365949.0
2019-07-19,2178.750183230724,2191.0881411303503,2104.474608802404,2111.283203125,456542.0
2019-07-22,2112.7276059624082,2153.9505125082264,2075.1358693951756,2115.120849609375,407638.0
2019-07-23,2120.1550547559464,2120.98033893452,2075.7547256516,2082.8935546875,602971.0
2019-07-24,2082.8934215635345,2098.6975319789753,2048.3552003035065,2081.86181640625,481139.0
2019-07-25,2085.0391493199572,2119.2471378418245,2073.9391175394767,2101.998779296875,549808.0
2019-07-26,2101.9986018073855,2211.7200825587174,2068.368274746667,2161.130126953125,2105536.0
2019-07-29,2137.4859810387525,2137.4859810387525,2022.7714824424643,2053.01806640625,1009207.0
2019-07-30,2054.957565103999,2075.5896691713083,2018.1911153589756,2033.37646484375,784779.0
2019-07-31,2032.674455236067,2092.9201861464335,2015.5085080494682,2076.8271484375,651778.0
2019-08-01,2050.8724014972604,2106.620385698514,2041.4229383494405,2094.2822265625,625372.0
2019-08-02,2077.3229447568556,2160.594040116776,2045.1779639113356,2146.19287109375,1021098.0
2019-08-05,2116.8537801048524,2180.9370118012034,2100.760739671307,2162.0380859375,906097.0
2019-08-06,2145.7383485717755,2186.177263602551,2139.8787517180754,2153.826171875,765470.0
2019-08-07,2175.0365576932268,2175.0365576932268,2133.3597046621103,2149.947998046875,459833.0
2019-08-08,2155.6420025716598,2246.0519132292716,2147.430466327544,2231.36181640625,592914.0
2019-08-09,2236.9740988417757,2262.5166041948255,2215.8880475152678,2234.53955078125,673080.0
2019-08-13,2228.225920113846,2263.6307313518005,2180.895994585862,2203.962646484375,706218.0
2019-08-14,2205.1594412230006,2275.3086000942412,2205.1594412230006,2239.73876953125,522580.0
2019-08-16,2238.2119563157903,2277.784291665583,2196.370089515968,2270.3154296875,600082.0
2019-08-19,2281.704167826682,2288.5127615094993,2239.6559841068397,2249.311767578125,461203.0
2019-08-20,2253.0257452455126,2284.9642017766405,2243.576281959052,2263.713134765625,537366.0
2019-08-21,2266.1891614828282,2287.2752135810993,2257.1523395793997,2281.745849609375,429633.0
2019-08-22,2279.434435709324,2290.1631278397444,2254.098256898402,2264.78564453125,428855.0
2019-08-23,2264.5383967135467,2281.9106683191662,2239.944888815778,2268.829833984375,332505.0
2019-08-26,2306.421317555824,2306.421317555824,2216.7129807109463,2258.637451171875,577286.0
2019-08-27,2272.8321433261226,2309.4746724500937,2265.487196296588,2283.148193359375,514940.0
2019-08-28,2277.7840687686366,2322.3081047433257,2269.985174482427,2283.354736328125,479960.0
2019-08-29,2279.434414231155,2299.860193286992,2259.957631183772,2275.96826171875,438739.0
2019-08-30,2282.8188664895047,2308.2374604458087,2249.8485991963616,2301.14013671875,391007.0
2019-09-03,2290.410978145258,2315.0044843551623,2275.8034900310213,2281.250244140625,493182.0
2019-09-04,2289.668191610021,2301.2634738420993,2248.899236503883,2257.729736328125,340167.0
2019-09-05,2261.319912301982,2290.534891093229,2261.319912301982,2277.1240234375,383992.0
2019-09-06,2288.430456187595,2364.2741943496494,2265.8177499131984,2343.270751953125,1005180.0
2019-09-09,2318.223298646674,2342.610486852265,2308.3198883284963,2325.48583984375,471251.0
2019-09-11,2342.899099078543,2410.2010619873045,2320.699035978593,2400.25634765625,1253636.0
2019-09-12,2402.402238164054,2402.7322712405476,2349.336425309796,2353.87548828125,314580.0
2019-09-13,2360.312632670142,2384.2458726517625,2356.186211983656,2375.332763671875,355911.0
2019-09-16,2359.4874370070975,2383.1730523385963,2352.059879492909,2372.238037109375,305963.0
2019-09-17,2372.5267225533858,2373.3933111377737,2279.8885842191467,2288.636474609375,439334.0
2019-09-18,2309.1448860142295,2326.475851920698,2269.6138586598154,2291.855224609375,524048.0
2019-09-19,2288.512963159401,2290.9888156258553,2245.9695246470806,2260.32958984375,228796.0
2019-09-20,2253.0257543459825,2492.440769495365,2248.899333550477,2417.463623046875,1423536.0
2019-09-23,2439.622426225524,2498.2587007657526,2417.2571463598297,2471.849609375,807027.0
2019-09-24,2476.677715134516,2479.97885170917,2417.4222733223905,2441.314208984375,479273.0
2019-09-25,2426.335604452673,2446.967709932713,2401.5770778766255,2427.160888671875,439376.0
2019-09-26,2427.985970976174,2470.0754626552307,2422.2089819221856,2451.341552734375,647497.0
2019-09-27,2446.1421789148353,2467.2282288850815,2423.1579351348587,2440.77783203125,326785.0
2019-09-30,2442.9240313965697,2455.179381830416,2395.38757717779,2427.8212890625,384245.0
2019-10-01,2430.462096958226,2457.4488514219365,2383.4621995908697,2401.5771484375,546876.0
2019-10-03,2405.7027684885625,2426.087242216079,2378.8810395088444,2391.59033203125,292132.0
2019-10-04,2405.7032602072404,2422.2089429530874,2356.1862119696984,2363.242431640625,342652.0
2019-10-07,2360.2296711941167,2393.3649452495306,2356.1445556216286,2386.968994140625,276023.0
2019-10-09,2384.245760116194,2405.7031466731414,2374.9613140098227,2386.597900390625,355878.0
2019-10-10,2377.6438203767866,2419.7333152880037,2364.43927295366,2381.9765625,313632.0
2019-10-11,2391.6737166889084,2413.956391067997,2379.748399771996,2392.333984375,198610.0
2019-10-14,2384.32862910531,2455.2204602889046,2383.4207359039856,2441.23193359375,367105.0
2019-10-15,2446.1420239545487,2500.5281644732895,2437.43523657491,2485.71435546875,636441.0
2019-10-16,2504.7373722000066,2517.116634336086,2488.4380103875023,2495.41162109375,572575.0
2019-10-17,2483.279958326219,2591.392179841917,2471.725980454313,2567.87158203125,707480.0
2019-10-18,2574.061146468002,2574.8451260776733,2537.7486455239195,2547.693359375,398223.0
2019-10-22,2550.169013275367,2603.2759208824427,2549.83877876489,2576.784423828125,379635.0
2019-10-23,2576.867031281567,2671.7336011651414,2554.254327201944,2610.084716796875,2111842.0
2019-10-24,2612.0240805104136,2641.734307018589,2594.2391685119183,2614.376220703125,656713.0
2019-10-25,2630.3041782602127,2630.3041782602127,2566.6335895822513,2582.850341796875,369730.0
2019-10-27,2607.0725986205066,2618.874202121216,2587.389491284631,2594.156982421875,72198.0
2019-10-29,2595.5187950862855,2639.7952115847743,2589.2054515842897,2625.022705078125,383452.0
2019-10-30,2640.413928679995,2665.1724522401078,2618.7091175472674,2659.80810546875,572787.0
2019-10-31,2665.420186087927,2686.299915435858,2651.637981043137,2679.986572265625,446046.0
2019-11-01,2682.1734969753643,2714.359578939069,2632.6564478004348,2667.854736328125,748062.0
2019-11-04,2670.619519073265,2680.729249947384,2625.4765162018302,2650.85400390625,330025.0
2019-11-05,2661.541523571945,2686.8777080108835,2633.605573032697,2679.1201171875,305513.0
2019-11-06,2677.221745719309,2699.9170595316646,2653.0821846643494,2680.7705078125,348652.0
2019-11-07,2677.22161226626,2704.4559874835186,2659.849341716964,2695.254150390625,326912.0
2019-11-08,2688.6107072612263,2714.1945155600442,2670.2481351757847,2678.5009765625,483871.0
2019-11-11,2672.269996665205,2685.474542664786,2658.24016654065,2671.733642578125,278347.0
2019-11-13,2665.667658357864,2678.046919929185,2633.316561748553,2645.86083984375,305804.0
2019-11-14,2645.035775023961,2677.675804370087,2633.564405610994,2668.391357421875,310906.0
2019-11-15,2673.920565670322,2684.1953127320717,2640.9092006620467,2653.577392578125,311463.0
2019-11-18,2661.5415339910674,2661.5415339910674,2596.963045608183,2605.339599609375,441118.0
2019-11-19,2604.5966791994324,2617.388583042142,2576.6196281634006,2608.764404296875,285669.0
2019-11-20,2595.9727442912313,2615.2430093859916,2583.5521768382923,2609.878662109375,238889.0
2019-11-21,2601.62555273495,2648.336714044248,2594.6932467918714,2631.294677734375,347577.0
2019-11-22,2624.4037442303784,2629.355449408172,2586.0280291024815,2601.584716796875,285777.0
2019-11-25,2601.584450937228,2646.1084884804964,2562.6721841669973,2637.319091796875,332892.0
2019-11-26,2640.8268848410585,2664.0174519281513,2615.119362080957,2622.876953125,628851.0
2019-11-27,2631.1295917585735,2655.1454412047165,2624.4036065058663,2650.85400390625,308282.0
2019-11-28,2649.162177694113,2654.7328458247785,2626.7144886350297,2637.938232421875,194094.0
2019-11-29,2629.3551359008484,2637.6079768798213,2597.251665086793,2621.102294921875,203765.0
2019-12-02,2610.4562329919954,2655.268998703002,2593.0839622855196,2607.27880859375,474666.0
2019-12-03,2613.674629656703,2698.6788882151623,2613.674629656703,2690.2197265625,864612.0
2019-12-04,2690.2198382896377,2705.281273077209,2664.017068179753,2683.122314453125,458892.0
2019-12-05,2673.920786453331,2712.213892430602,2662.2430957115907,2676.479248046875,692533.0
2019-12-06,2676.479117176488,2688.775770461978,2635.2149095266727,2645.943603515625,275871.0
2019-12-09,2660.6335215735335,2673.7969651076305,2642.8075046171853,2661.995361328125,217098.0
2019-12-10,2665.667746700986,2673.9205880220416,2650.1936692240065,2667.73095703125,278890.0
2019-12-11,2674.044101249226,2702.6816196925756,2657.456012318355,2697.564697265625,327568.0
2019-12-12,2703.878597534468,2709.6555867908432,2687.6205394957487,2691.623046875,263581.0
2019-12-13,2702.723216602521,2702.723216602521,2657.6215144882653,2668.061279296875,360095.0
2019-12-16,2669.381459617408,2706.931886704312,2651.7615632363245,2657.744873046875,376835.0
2019-12-17,2661.541528096967,2667.070891904771,2636.28775114319,2640.166748046875,336920.0
2019-12-18,2640.125531791872,2657.4151959529318,2634.472254274642,2652.174560546875,315871.0
2019-12-19,2645.8607961454545,2667.318182514694,2626.053977958464,2656.09423828125,409369.0
2019-12-20,2667.3184281115878,2673.7556849121534,2638.9287333570323,2644.004150390625,304173.0
2019-12-23,2645.0355776475626,2661.541259879373,2628.1172533599574,2657.002197265625,242195.0
2019-12-24,2657.4151713943984,2669.79443461518,2649.162329247211,2662.98583984375,172853.0
2019-12-26,2662.3665434266914,2673.0952368750936,2644.2102929755483,2665.708984375,241386.0
2019-12-27,2658.446686925932,2688.775880793073,2657.8277237857865,2675.530029296875,211224.0
2019-12-30,2673.9208529257576,2690.426537203077,2664.8840310810056,2683.782958984375,332557.0
2019-12-31,2682.998783436151,2682.998783436151,2620.731134342193,2628.530029296875,526252.0
2020-01-01,2626.8797988965193,2635.751604689211,2593.1257532654677,2599.72802734375,320021.0
2020-01-02,2603.730271548959,2618.2140491391483,2568.325660982181,2575.7119140625,452413.0
2020-01-03,2579.425358041255,2581.6948892313408,2529.4956718593653,2535.31396484375,424311.0
2020-01-06,2533.622339239624,2534.942874473122,2499.001709461424,2506.92431640625,355754.0
2020-01-07,2513.402810460095,2535.272839840228,2500.693515489945,2507.171875,225535.0
2020-01-08,2475.852642727997,2536.4284234592474,2475.852642727997,2524.750732421875,393614.0
2020-01-09,2538.574129480062,2566.6337915094255,2530.3625922126657,2546.579345703125,333029.0
2020-01-10,2556.730224841301,2572.4106232505924,2546.620494287942,2559.37109375,455081.0
2020-01-13,2563.3325642580908,2574.8452378281736,2542.0401929378777,2553.470458984375,154993.0
2020-01-14,2551.0356890730754,2573.2357501333818,2536.923250772936,2559.701171875,278534.0
2020-01-15,2559.205965564804,2589.7414769243323,2551.778408747621,2577.816162109375,553613.0
2020-01-16,2582.9741873268213,2599.6448856616084,2559.6186072633263,2568.36669921875,287553.0
2020-01-17,2568.284289577503,2589.7416776009654,2556.730311411023,2573.318603515625,272072.0
2020-01-20,2583.1390929818126,2595.2294237973097,2544.4744543984657,2561.43408203125,365554.0
2020-01-21,2555.079700417413,2574.061235659532,2546.414216937315,2555.9462890625,215722.0
2020-01-22,2562.5070133690087,2566.633433680392,2533.7046801897004,2538.90380859375,269339.0
2020-01-23,2535.272861083329,2550.0866709999386,2518.024503267118,2529.660888671875,256329.0
2020-01-24,2531.971215047859,2552.562009762343,2528.6700791742633,2537.046630859375,209961.0
2020-01-27,2533.45731869864,2577.3210905857677,2512.2062518803323,2544.02099609375,308445.0
2020-01-28,2549.9631387463173,2566.3038060578624,2515.4662191964776,2526.1123046875,239986.0
2020-01-29,2541.0498036278277,2557.5554860157968,2525.369405359257,2551.65478515625,243945.0
2020-01-30,2565.395640457971,2628.529874492082,2509.771572373702,2595.93115234375,2400831.0
2020-01-31,2599.6449959444885,2673.8792627538273,2599.6449959444885,2624.44482421875,1141144.0
2020-02-03,2593.868046396308,2735.94063019513,2570.8426995343825,2710.645751953125,921166.0
2020-02-04,2698.67941290464,2734.1666345422236,2600.4705902331866,2610.208984375,1546450.0
2020-02-05,2628.530164939136,2658.157786989031,2599.645218071673,2609.135986328125,646723.0
2020-02-06,2616.1506795174946,2649.9873286847555,2592.5474729188622,2599.47998046875,514236.0
2020-02-07,2611.859063286018,2631.8308974695856,2563.82757074122,2587.141845703125,454698.0
2020-02-10,2589.741566693155,2600.346548221663,2551.5308716676236,2561.104248046875,386072.0
2020-02-11,2579.012630083307,2599.6447311239735,2558.380529042641,2595.8896484375,274244.0
2020-02-12,2611.7764548809105,2628.2408317730806,2588.792414432761,2596.59130859375,345354.0
2020-02-13,2598.8200486444216,2617.966602545038,2575.2168389962,2588.42138671875,268031.0
2020-02-14,2595.518510971818,2645.035557286066,2588.7512216059467,2596.673828125,381580.0
2020-02-17,2601.7492183823956,2607.443597615626,2533.621981165071,2538.24365234375,269986.0
2020-02-18,2529.2483779092777,2550.582054486936,2503.49955187424,2543.9384765625,337054.0
2020-02-19,2551.7784985947437,2568.242876488795,2535.6028492514138,2550.87060546875,220584.0
2020-02-20,2550.9531921376765,2558.422053654049,2523.429886387332,2529.908447265625,256115.0
2020-02-24,2539.3994455988664,2545.712789040727,2451.1353420198334,2459.759521484375,499562.0
2020-02-25,2469.2503837217487,2481.629647009124,2418.90804635309,2432.442626953125,527499.0
2020-02-26,2423.8596618984707,2454.395176876422,2409.829830692385,2431.782470703125,445577.0
2020-02-27,2430.296585997494,2451.052399903606,2404.4651541354838,2423.529296875,416726.0
2020-02-28,2385.07080078125,2405.7029011340287,2352.4307777260824,2385.07080078125,925702.0
2020-03-02,2409.8294993962936,2430.0489592371187,2287.6874562762077,2304.358154296875,1281846.0
2020-03-03,2328.331611570248,2354.2019628099174,2287.801394628099,2321.6484375,1459848.0
2020-03-04,2345.5782229623824,2383.952572565995,2288.232284790692,2338.248291015625,954038.0
2020-03-05,2345.535269686992,2370.586434353878,2325.0545756833885,2331.47900390625,384427.0
2020-03-06,2276.5907095257285,2378.3474154818027,2259.3438102111395,2358.556640625,658891.0
2020-03-09,2306.773012934372,2319.708188707836,2206.3961331456776,2219.11572265625,706890.0
2020-03-11,2224.850175539513,2267.967427003457,2209.9315644262974,2234.810302734375,641982.0
2020-03-12,2173.066463113901,2186.044798799265,1999.8214190910867,2016.9388427734375,799317.0
2020-03-13,1939.4137304574092,2097.6108643633565,1759.1836416776855,2032.63330078125,883265.0
2020-03-16,1996.3286559237351,2060.142185313954,1974.7700311297424,2017.499267578125,963321.0
2020-03-17,2022.3712944746867,2046.0857801287837,1940.3192583248842,1957.9110107421875,658935.0
2020-03-18,1974.770141432724,1991.9307235138874,1860.2075186650452,1870.4263916015625,593949.0
2020-03-19,1827.9556241107844,2050.1387060972697,1752.586657876509,1868.3565673828125,1010352.0
2020-03-20,1888.4491070510896,1982.4447058673945,1857.4478484472609,1933.6361083984375,718313.0
2020-03-23,1769.5321029367637,2060.1423946958716,1638.4556508673738,1669.112060546875,797154.0
2020-03-24,1724.6899373771712,1774.6196268508643,1542.4333492981825,1670.4915771484375,1210613.0
2020-03-25,1653.1153776551664,1715.2042181304778,1609.6531682691036,1678.7701416015625,606235.0
2020-03-26,1723.137753562617,1840.1579290879586,1667.7752461337402,1816.8316650390625,989242.0
2020-03-27,1853.179330088429,1868.7015394609705,1730.8557178364943,1770.7822265625,938567.0
2020-03-30,1738.4875766249754,1742.6268748664877,1677.3042389888378,1713.2208251953125,462909.0
2020-03-31,1756.8985538262164,1766.4274028572245,1664.5845853074238,1743.96337890625,762791.0
2020-04-01,1724.6899470153808,1807.3026375841057,1716.0664972803038,1768.755859375,869738.0
2020-04-03,1768.755959806401,1773.2401118165667,1688.083540847423,1753.794189453125,692217.0
2020-04-07,1780.7424793221178,1986.4549274541312,1780.7424793221178,1966.1898193359375,1069857.0
2020-04-08,1879.9121291944687,2055.3561800623725,1870.038320897821,1933.1187744140625,840875.0
2020-04-09,1974.7699463531044,2177.3778513624266,1974.683627644256,2100.629150390625,1788927.0
2020-04-13,2095.627702681504,2095.627702681504,2002.149585096888,2067.515380859375,654478.0
2020-04-15,2078.2514411736233,2141.7201171174493,2000.683550859745,2013.704833984375,986750.0
2020-04-16,2009.2639503731918,2039.4460268809437,1952.7803500515422,2012.3253173828125,944544.0
2020-04-17,2052.3810266559317,2091.229709624321,2023.9668020280342,2051.64794921875,690554.0
2020-04-20,2078.2515792971467,2082.5633045653976,2027.9768205626438,2050.915283203125,427667.0
2020-04-21,2021.3365285026364,2030.3479909705459,1979.0816266696033,2003.44287109375,702627.0
2020-04-22,2003.4429822572538,2080.0624182293986,1980.0304001763088,2052.122314453125,712519.0
2020-04-23,2052.122401244225,2110.1151038182256,2042.0330066205688,2096.058837890625,1179211.0
2020-04-24,2078.2516133438044,2131.7170075460103,2053.2436063782566,2108.735595703125,669287.0
2020-04-27,2129.99245095655,2200.575483392934,2115.5481701656504,2160.8212890625,1128257.0
2020-04-28,2165.219267897576,2195.8754676249996,2096.6628327848084,2124.5595703125,646907.0
2020-04-29,2133.441743960202,2173.1096179384435,2112.745461884598,2155.129638671875,525256.0
2020-04-30,2177.5072247471817,2288.6633998561383,2164.6149998668425,2262.189453125,1118513.0
2020-05-04,2198.979825745078,2203.248391535422,2082.9081005335443,2105.975830078125,574557.0
2020-05-05,2134.3041679947046,2146.2906809268197,2070.3182023174777,2089.289794921875,663761.0
2020-05-06,2091.1866976180427,2151.5508497142337,2036.2553613172,2131.587646484375,778602.0
2020-05-07,2129.9921144167392,2143.574047939842,2069.6279654251716,2075.2763671875,422145.0
2020-05-08,2109.339225366724,2112.745446326557,2070.533696760726,2086.055908203125,455821.0
2020-05-11,2095.497998632934,2263.612086087359,2093.773308922125,2213.03564453125,1627625.0
2020-05-12,2182.595284167474,2290.3020948543353,2150.9041041227665,2266.975830078125,1335103.0
2020-05-13,2392.1449889231153,2392.1449889231153,2303.625360406515,2324.882080078125,1257856.0
2020-05-14,2243.3903490895345,2354.2016732709703,2243.3903490895345,2330.616455078125,893108.0
2020-05-15,2332.6428881625898,2336.9546125399697,2285.2139200114093,2296.94189453125,645362.0
2020-05-18,2285.2144317370503,2288.1033719301786,2122.2312137754266,2136.416748046875,1172714.0
2020-05-19,2171.384928507652,2203.291696718448,2144.565912095461,2163.882568359375,641584.0
2020-05-20,2152.413040025413,2225.238030462854,2136.4164987630875,2205.662841796875,947430.0
2020-05-21,2271.848019542345,2349.200327920735,2260.4219477036904,2276.892822265625,3481384.0
2020-05-22,2261.931016447167,2271.847984304255,2192.770987063556,2202.213623046875,1328364.0
2020-05-26,2224.8500869914847,2240.3291375442905,2184.8373634388145,2211.78564453125,686475.0
2020-05-27,2215.3640928471355,2246.4085098741875,2190.6148358239207,2225.32421875,563888.0
2020-05-28,2231.7487841796874,2258.912650756836,2112.7451782226562,2242.096923828125,1087116.0
2020-05-29,2244.6841386866467,2363.6877541836725,2234.5515844686033,2337.38623046875,2057601.0
2020-06-01,2354.2020377594363,2405.9427418860173,2350.278325589811,2378.6064453125,1008549.0
2020-06-02,2379.98606516145,2426.8546037458354,2350.9250785229233,2411.203125,1283507.0
2020-06-03,2436.12461259318,2480.535379867002,2388.781956547668,2400.2509765625,750002.0
2020-06-04,2395.594365626941,2443.1957666385415,2376.622775978348,2429.44140625,709462.0
2020-06-05,2450.784441234729,2451.560467505909,2381.796842607432,2394.12841796875,723898.0
2020-06-08,2414.5659312159805,2426.6387608720606,2367.136957567095,2415.471435546875,727119.0
2020-06-09,2418.9644535273255,2427.156732415238,2385.2466741015783,2406.9345703125,619517.0
2020-06-10,2406.115004070409,2417.972247954337,2331.220466294543,2343.163818359375,687626.0
2020-06-11,2343.16387499533,2378.347594349836,2331.263471466584,2344.328125,661173.0
2020-06-12,2250.936072058321,2413.7468527550354,2250.936072058321,2399.173095703125,895700.0
2020-06-15,2392.1452011029564,2392.1452011029564,2335.1872676722373,2352.95166015625,517425.0
2020-06-16,2383.521555674562,2403.3123311158947,2330.78924367611,2344.24169921875,611383.0
2020-06-17,2344.241646763315,2360.9281061830166,2306.0828817566025,2319.233642578125,600388.0
2020-06-18,2319.233768622644,2325.873783160478,2281.894187203239,2309.661865234375,579578.0
2020-06-19,2319.708017189486,2336.9549169455413,2289.5259426163884,2306.21240234375,929078.0
2020-06-22,2319.708155455277,2478.336483309923,2293.4497911182457,2462.641845703125,1872829.0
2020-06-23,2492.1767903518494,2509.5100072593623,2453.3281100426207,2468.160400390625,1089848.0
2020-06-24,2500.6280267881157,2569.7017336886106,2419.4381202219097,2429.44140625,1616696.0
2020-06-25,2405.7701375391925,2492.1770649508685,2391.0239537373495,2432.200927734375,1341923.0
2020-06-26,2460.873873934003,2500.800489370995,2436.124614645883,2472.860595703125,1227656.0
2020-06-29,2436.124586254426,2474.93011063724,2427.5011363915783,2465.87548828125,680236.0
2020-06-30,2502.870191759984,2512.3991466800394,2427.501318517445,2437.0302734375,751691.0
2020-07-01,2447.378256736537,2476.65482722888,2439.229138635248,2450.82763671875,525799.0
2020-07-02,2464.495695355205,2503.775552276741,2446.559087752352,2482.9931640625,754915.0
2020-07-03,2499.9382387639444,2552.5412855264835,2490.1075896479338,2528.740478515625,1394992.0
2020-07-06,2537.0621706562342,2540.4683913281415,2487.0030008792805,2498.2998046875,1126381.0
2020-07-07,2501.6627015983468,2564.6138829898255,2437.4611621352315,2455.225341796875,2168021.0
2020-07-08,2485.2784813972708,2499.938347526262,2424.569472935303,2459.796142578125,1348810.0
2020-07-09,2481.8291840722045,2496.489050691116,2449.232497365813,2485.278564453125,700469.0
2020-07-10,2479.2418264083967,2513.7356257323395,2463.202125509386,2496.22998046875,688336.0
2020-07-13,2499.852117429931,2509.4242322198274,2480.7944171066943,2500.80078125,481601.0
2020-07-14,2499.075867236,2509.337688757646,2455.096271228741,2500.369384765625,612986.0
2020-07-15,2513.735780523469,2548.229581971476,2500.800604980467,2537.062255859375,905297.0
2020-07-16,2538.743532198591,2543.917601897365,2499.85169074943,2537.277587890625,525135.0
2020-07-17,2543.9176214915487,2587.0348693134392,2522.358997580603,2582.72314453125,687105.0
2020-07-20,2587.8974539464134,2604.2820096361775,2564.614137966222,2589.234130859375,766788.0
2020-07-21,2599.970213592773,2636.1887041303835,2578.4115882727665,2590.7431640625,834544.0
2020-07-22,2596.520695445069,2613.0345173485225,2506.448805755265,2574.444580078125,2050770.0
2020-07-23,2556.852875989514,2630.1521995844914,2534.992346445164,2614.71630859375,1057181.0
2020-07-24,2612.9053584839744,2612.9053584839744,2568.063418338375,2574.531005859375,543609.0
2020-07-27,2578.4116116368878,2617.217137564533,2530.1634498402054,2604.713134765625,621957.0
2020-07-28,2605.144336737561,2699.139945047523,2602.5573016464614,2689.9560546875,1263659.0
2020-07-29,2696.596090404832,2715.5245218627283,2656.755791796992,2672.666015625,582910.0
2020-07-30,2681.892783111886,2699.0965226846465,2620.9681968664636,2629.24658203125,570166.0
2020-07-31,2646.4074365149777,2654.211490040531,2579.7912878060806,2591.303466796875,561196.0
2020-08-03,2578.411560790385,2647.3128423653507,2509.4239605016787,2515.848388671875,1246016.0
2020-08-04,2534.4320454355825,2586.1727472818347,2519.815339270707,2561.12158203125,706322.0
2020-08-05,2575.1346341866956,2617.605126051758,2562.889377116048,2594.796142578125,678314.0
2020-08-06,2608.4212527840195,2651.7109305847616,2566.6836275890532,2579.9638671875,853222.0
2020-08-07,2579.9638451697815,2603.4195873545937,2565.4764068830464,2588.5009765625,515510.0
2020-08-10,2588.5006729942256,2608.593351494238,2562.026726376655,2581.688232421875,442147.0
2020-08-11,2604.9718628172222,2638.775745290727,2583.37007808977,2593.45947265625,696792.0
2020-08-12,2593.4596327105933,2617.217281441242,2571.944165370183,2606.869140625,489280.0
2020-08-13,2621.528910313074,2621.528910313074,2587.035108861586,2602.51416015625,462333.0
2020-08-14,2606.0068180081644,2611.3964747297236,2566.338944537491,2576.299072265625,542458.0
2020-08-17,2599.107831698128,2695.6904717612306,2580.1362416857332,2686.72216796875,1577193.0
2020-08-18,2693.9659182901096,2713.799854308251,2667.2332219178325,2677.408935546875,825757.0
2020-08-19,2681.8931964971352,2724.148105380852,2629.074560392489,2638.603515625,953142.0
2020-08-20,2637.91367746233,2643.0877480948157,2608.895848878528,2618.89892578125,563069.0
2020-08-21,2640.5004900964377,2651.710975521406,2619.80420931188,2632.86865234375,395723.0
2020-08-24,2641.276317280763,2669.8200199242074,2610.1026309126596,2620.96826171875,562548.0
2020-08-25,2633.946392800135,2633.946392800135,2579.8774052745725,2595.140869140625,652358.0
2020-08-26,2656.0659641954,2706.0388186926716,2648.520444863481,2657.919921875,2026040.0
2020-08-27,2657.9198503879943,2663.568252528376,2608.766182919239,2624.115966796875,711504.0
2020-08-28,2624.9781426439326,2640.8883655608247,2588.7596531593576,2599.237060546875,679405.0
2020-08-31,2608.593647143316,2612.0430271725963,2540.5547102791393,2558.57763671875,2787032.0
2020-09-01,2541.330484915915,2590.4841454656967,2526.6706212431727,2551.1611328125,755670.0
2020-09-02,2543.9178977946194,2560.906053174895,2455.1395169935295,2484.028076171875,1946352.0
2020-09-03,2508.6045905957103,2521.2378597572756,2488.7706569695274,2497.69580078125,785527.0
2020-09-04,2483.5537703393015,2523.307961779298,2449.059967973478,2486.313232421875,1499317.0
2020-09-07,2499.377769088497,2506.70770174723,2440.4795622063416,2499.248291015625,807657.0
2020-09-08,2500.7573072265527,2516.3226763752477,2471.696323221574,2502.3095703125,798195.0
2020-09-09,2479.241880057792,2519.5133495332584,2459.40794501733,2509.55322265625,677328.0
2020-09-10,2515.546560859611,2521.798561804277,2476.2235465666818,2513.476806640625,686071.0
2020-09-11,2512.8735513424867,2536.976054108828,2504.1637818619215,2514.900146484375,683992.0
2020-09-14,2519.7721857647944,2576.6869579278596,2496.488869879904,2550.557861328125,1185683.0
2020-09-15,2550.2991268999504,2552.541308208381,2518.9530111411814,2533.00927734375,632573.0
2020-09-16,2537.4504335335487,2629.2901858432588,2533.0523893504,2619.76123046875,1865973.0
2020-09-17,2599.9697464380592,2612.861759956335,2574.3149869168215,2603.591552734375,687069.0
2020-09-18,2606.9554955298704,2647.399395567995,2583.5858596487665,2630.9716796875,937014.0
2020-09-21,2626.659862166182,2626.659862166182,2552.6276659655905,2575.56591796875,779499.0
2020-09-22,2573.4097681785106,2595.1839782548127,2537.1051719555094,2574.832763671875,690800.0
2020-09-23,2580.998509419346,2628.0826292539377,2548.22940037894,2575.134521484375,949248.0
2020-09-24,2556.7669390955707,2588.6737082488075,2511.8388850674496,2528.2666015625,736921.0
2020-09-25,2548.186369078012,2585.7415367222216,2523.2646822687902,2550.299072265625,559314.0
2020-09-28,2567.114660864265,2606.265248881573,2546.3754327311335,2558.01708984375,902239.0
2020-09-29,2580.739981814455,2596.520938292035,2492.1771875337035,2498.644775390625,1189292.0
2020-09-30,2498.687975564117,2534.4321362638684,2474.9303270082687,2484.50244140625,1095715.0
2020-10-01,2535.2942027925947,2685.299067684469,2535.2942027925947,2574.444580078125,4741959.0
2020-10-05,2601.1778087512503,2604.2823354837633,2526.714431869677,2545.901611328125,904969.0
2020-10-06,2574.099879451331,2580.9986395972646,2544.780148831115,2563.10498046875,678723.0
2020-10-07,2565.4762344873434,2671.501504323587,2547.8413223099074,2653.7802734375,2126243.0
2020-10-08,2647.3990422093175,2682.5827588834773,2631.014487876426,2651.32275390625,1009344.0
2020-10-09,2656.0228441193494,2671.2431505548934,2610.8360461795364,2638.603515625,698666.0
2020-10-12,2631.014566296729,2651.4089411108557,2596.607085385479,2606.6533203125,632718.0
2020-10-13,2608.5935578477197,2631.1008459817,2583.7579803803656,2616.74267578125,456767.0
2020-10-14,2619.7612526680095,2651.7111807081137,2604.282200240164,2633.731201171875,822555.0
2020-10-15,2638.732456903411,2699.139764343081,2603.807485511751,2610.6630859375,1076100.0
2020-10-16,2612.9056539111893,2666.371050129834,2612.0433088108884,2625.625244140625,548742.0
2020-10-19,2647.3991355127937,2649.0806661469023,2561.3370628770567,2569.7880859375,598192.0
2020-10-20,2569.7880319406354,2603.0314729168913,2549.9540974659258,2590.65673828125,899774.0
2020-10-21,2612.9055136951724,2620.7958867261154,2580.1795610016234,2602.557373046875,982019.0
2020-10-22,2595.486118123906,2621.0545640965533,2567.201158981743,2592.381591796875,1701072.0
2020-10-23,2612.9056041332933,2669.389207126934,2584.577483914699,2657.963134765625,1217651.0
2020-10-26,2671.501780681859,2685.126874451766,2487.86544609983,2496.6181640625,2140237.0
2020-10-27,2509.4243811434826,2563.1053666163975,2460.313867062509,2541.633056640625,1812330.0
2020-10-28,2541.330740903615,2558.5776410794115,2492.349502297663,2538.786865234375,1197897.0
2020-10-29,2517.1417546609273,2530.1200882907146,2487.8651856573656,2522.660888671875,714820.0
2020-10-30,2535.294513825333,2555.3008774059695,2483.64012818221,2489.50390625,722940.0
2020-11-02,2516.322765295921,2530.8533630786083,2433.925656628564,2452.25048828125,926407.0
2020-11-03,2462.1674389678788,2526.627728688502,2462.1674389678788,2513.6064453125,951287.0
2020-11-04,2505.1122970911215,2541.9775469020146,2485.6232153168935,2523.307861328125,710858.0
2020-11-05,2544.7799091299885,2561.164462933265,2524.0836306416386,2543.31396484375,507235.0
2020-11-06,2552.541179769799,2587.034979496418,2548.2294548039717,2567.5458984375,889565.0
2020-11-09,2578.411572003126,2606.0066122386106,2569.788121929537,2588.716552734375,550477.0
2020-11-10,2599.970187965883,2606.4377754981365,2558.577627759461,2584.879150390625,664054.0
2020-11-11,2602.298532823102,2621.5288689354707,2575.4365695801216,2606.955322265625,782511.0
2020-11-12,2608.5937549936384,2622.3049569635277,2583.801335008162,2602.0830078125,646257.0
2020-11-13,2595.6584285782187,2628.4275383077775,2583.24074489408,2622.175537109375,557563.0
2020-11-14,2635.0244803721257,2643.087490535427,2612.9054147870615,2623.167236328125,59697.0
2020-11-17,2616.354664267445,2629.203520231255,2583.973568224289,2625.9697265625,501135.0
2020-11-18,2635.1538751523963,2635.1538751523963,2590.3980436372663,2619.7177734375,455293.0
2020-11-19,2615.492625291593,2635.757734653397,2595.6586884694016,2616.570556640625,888406.0
2020-11-20,2615.4919491585965,2660.3338816862088,2606.006155739294,2637.52490234375,820220.0
2020-11-23,2645.674655161035,2660.3345212424356,2613.4230339953383,2654.08251953125,493600.0
2020-11-24,2653.43571314387,2692.24124031042,2632.739431988377,2669.5615234375,858928.0
2020-11-25,2673.26954405213,2725.010244904752,2622.3911882137186,2631.230224609375,1219151.0
2020-11-26,2632.7393038091072,2716.3867694067108,2632.7393038091072,2698.449951171875,1264680.0
2020-11-27,2711.9885153877767,2801.7587077821663,2704.0549840529134,2736.69482421875,2548347.0
2020-12-01,2738.0314436077406,2801.7154897204496,2725.87229600504,2797.14501953125,1400851.0
2020-12-02,2797.14535797433,2887.1311456058634,2778.044499871353,2878.636962890625,1707284.0
2020-12-03,2904.981702593232,2907.1375651995045,2829.354084471888,2840.909423828125,965142.0
2020-12-04,2844.272498842394,2884.1559542964237,2835.5627303028396,2855.569091796875,739106.0
2020-12-07,2855.5691739773065,2875.9206003702175,2817.9710579656994,2862.597412109375,481597.0
2020-12-08,2862.985534106252,2918.822375471728,2846.2129651772907,2868.33203125,823352.0
2020-12-09,2875.920636559079,2892.0032869399492,2845.7385609130315,2851.386962890625,397850.0
2020-12-10,2851.0852593201885,2862.942504161583,2821.6362590729473,2837.848388671875,469288.0
2020-12-11,2841.944286371346,2877.774552948733,2833.2776769531843,2869.582275390625,611154.0
2020-12-14,2869.5822353548974,2875.532542134154,2815.5564056888256,2836.252685546875,425416.0
2020-12-15,2831.941305954818,2886.4414741210667,2812.9697137711987,2821.291259765625,746643.0
2020-12-16,2836.2528328737512,2853.025401773261,2804.34606643522,2848.7568359375,616704.0
2020-12-17,2851.8611734174783,2871.6087892865826,2809.519950599305,2820.256103515625,678073.0
2020-12-18,2824.956015983787,2900.0663527467505,2820.6442908087247,2886.7431640625,1362381.0
2020-12-21,2891.011688366715,2893.16755092329,2758.2105548817117,2792.48876953125,797760.0
2020-12-22,2798.309539847304,2832.8033400303216,2735.358354513297,2815.815185546875,825331.0
2020-12-23,2829.353716412544,2862.0796644118795,2812.1068178059454,2854.059814453125,816586.0
2020-12-24,2861.2604126636697,2952.28096006169,2859.5788821951005,2910.198486328125,1567636.0
2020-12-28,2921.624602557403,2950.9443299738587,2909.5517736212155,2944.649169921875,536954.0
2020-12-29,2960.4305339874863,2983.627531441526,2949.263207782166,2959.18017578125,682613.0
2020-12-30,2964.052237259042,2994.7949632996374,2936.5003561940416,2973.494873046875,639180.0
2020-12-31,2987.9823997517874,2987.9823997517874,2955.127180097227,2969.95947265625,410959.0
2021-01-01,2971.6406708651257,3013.0332280913376,2971.6406708651257,3002.038330078125,421643.0
2021-01-04,3009.5838433097415,3042.3529510592457,2988.0252197903305,3037.56689453125,647829.0
2021-01-05,3018.4232914244994,3022.519430452931,2996.6490786944178,3011.869384765625,561562.0
2021-01-06,3011.86942910725,3041.491066520231,2962.9313463102494,2986.042236328125,591620.0
2021-01-07,3018.2075243986174,3024.545844413234,2956.3342701484457,2964.698974609375,531361.0
2021-01-08,2991.4749997890062,3056.668370247432,2964.7854624078145,3043.344970703125,675643.0
2021-01-11,3044.940232708222,3134.236100670742,3036.31678260143,3119.40380859375,788461.0
2021-01-12,3114.74711783238,3141.3505464675072,3068.3099638571234,3125.35400390625,863270.0
2021-01-13,3125.3538574850336,3132.8993762138725,3084.608056349304,3105.218017578125,515154.0
2021-01-14,3104.4421843698797,3155.0186374101886,3057.013206553118,3083.7890625,743848.0
2021-01-15,3094.093871840596,3124.275946956098,3053.5636566854932,3087.453857421875,684649.0
2021-01-18,3063.049574710628,3120.0075065722845,3022.5193579281395,3073.18212890625,602004.0
2021-01-19,3074.906635471963,3159.632030391719,3070.896815498299,3139.798095703125,586410.0
2021-01-20,3138.9358203502316,3184.467678752111,3129.7519302540695,3142.342041015625,549040.0
2021-01-21,3166.5310188066665,3282.9476003804407,3152.043579881905,3193.5224609375,1533886.0
2021-01-22,3233.7505328312004,3561.484786328746,3225.2134016972036,3526.559814453125,8537143.0
2021-01-25,3578.7316365288866,3630.4723348883404,3501.120588989706,3595.0732421875,2368224.0
2021-01-27,3564.4166924839365,3653.4538125773215,3542.5995326941047,3575.584228515625,2062088.0
2021-01-28,3518.367644937178,3613.2255961487194,3515.43575611311,3566.486328125,1262871.0
2021-01-29,3594.2541606387763,3626.4628324001105,3440.7567420702294,3454.3818359375,1406268.0
2021-02-01,3504.569957229854,3570.9705199037467,3427.8644142736493,3548.291015625,745011.0
2021-02-02,3583.732739853398,3683.204307528462,3550.4895126368897,3623.09912109375,1167922.0
2021-02-03,3626.160712628853,3672.856610006165,3587.441506474328,3653.1953125,681937.0
2021-02-04,3653.19523084978,3761.0313018949496,3621.8489066939446,3642.114013671875,1163598.0
2021-02-05,3673.5897825886263,3684.6276304100184,3588.2176256693133,3648.79736328125,729191.0
2021-02-08,3648.9699728918754,3672.296237061691,3617.5373287481025,3654.14404296875,616236.0
2021-02-09,3646.3396349975696,3654.618231486144,3574.420143820214,3582.957275390625,721336.0
2021-02-10,3587.3555879804862,3634.784568110036,3535.7012011073284,3580.068603515625,989105.0
2021-02-11,3583.0437247527043,3623.9187963884838,3558.423941713363,3606.24072265625,546983.0
2021-02-12,3603.7397908420035,3618.2270185593325,3550.2744003102484,3566.701904296875,360063.0
2021-02-15,3580.6286878292362,3617.2349764560786,3545.6603492439003,3554.84423828125,287922.0
2021-02-16,3561.4851034554626,3602.532812590029,3556.3110330872464,3563.94287109375,318280.0
2021-02-17,3550.274381827316,3626.1607421869967,3545.1003118027925,3592.270751953125,554383.0
2021-02-18,3621.8490914453705,3621.8490914453705,3537.4255980272033,3548.93798828125,440460.0
2021-02-19,3540.7885182456534,3541.3923281635853,3429.7184417624326,3450.32861328125,762200.0
2021-02-22,3458.0035597424526,3483.8739105634686,3386.299654930252,3424.846435546875,762310.0
2021-02-23,3407.9874422886446,3448.2589117089997,3354.694479146166,3373.709228515625,802871.0
2021-02-24,3386.4288705929603,3406.2628059185618,3324.64193454202,3390.611328125,399843.0
2021-02-25,3394.189642825513,3432.1328197270177,3371.811834009607,3401.7783203125,632973.0
2021-02-26,3372.200255985501,3400.312788311689,3253.6709731503156,3275.7900390625,732210.0
2021-03-01,3275.789776044219,3327.6167926478515,3234.6559633253614,3289.02685546875,724589.0
2021-03-02,3295.8825866866187,3416.7401541017407,3260.9576142217293,3401.1318359375,735847.0
2021-03-03,3436.4444023889996,3436.4444023889996,3331.755816476891,3364.09375,615104.0
2021-03-04,3341.5868064181154,3386.946236700549,3312.2670770198665,3345.079345703125,611769.0
2021-03-05,3321.839325221426,3374.5716388138244,3295.6670697340405,3322.486083984375,719936.0
2021-03-08,3318.303498272458,3318.303498272458,3251.040589523692,3275.8330078125,818275.0
2021-03-09,3278.8080559004684,3302.522542959328,3256.214659427443,3275.8330078125,526071.0
2021-03-10,3294.1582900845474,3345.036651109413,3278.6360782464526,3335.162841796875,545219.0
2021-03-12,3344.173894677794,3344.173894677794,3220.6861333502748,3230.689208984375,1119478.0
2021-03-15,3255.3524851359784,3255.3524851359784,3122.5945100011636,3160.192626953125,1024257.0
2021-03-16,3167.5225383457887,3182.053136202806,3134.6241599179402,3151.396728515625,858553.0
2021-03-17,3147.5592606621044,3171.704920743896,3066.326403493624,3078.226806640625,773240.0
2021-03-18,3102.7170505760505,3184.5966593732546,3074.2596679554254,3160.06298828125,1285600.0
2021-03-19,3150.965356086228,3167.3930698456684,3078.7439649619223,3147.602294921875,1132705.0
2021-03-22,3147.7316468567888,3177.7412946771183,3134.020445701004,3160.27880859375,502724.0
2021-03-23,3160.968777757824,3199.2568117976152,3140.0137520125745,3172.0068359375,581531.0
2021-03-24,3157.0450969269195,3188.9518624517204,3096.637786576654,3107.50341796875,507559.0
2021-03-25,3117.377495319174,3117.377495319174,3015.620774863389,3019.587646484375,808505.0
2021-03-26,3032.953632975212,3121.0420890382043,3032.953632975212,3104.485107421875,691000.0
2021-03-30,3108.1070447158804,3168.902368750692,3088.35942793072,3161.96044921875,749230.0
2021-03-31,3147.5590959839915,3176.5339707795747,3114.833146942023,3165.323486328125,694645.0
2021-04-01,3194.1259223066604,3246.12536860209,3182.2255190423484,3227.800537109375,861229.0
2021-04-05,3190.7196130867846,3225.1702532305126,3083.7888346374307,3103.1484375,723573.0
2021-04-06,3138.8923969753155,3138.9355563286545,3106.38203510574,3117.80810546875,501882.0
2021-04-07,3108.7537483998217,3185.028122117255,3101.208229593026,3173.60205078125,346982.0
2021-04-08,3189.7711373096417,3189.7711373096417,3143.2476646000982,3147.386962890625,414020.0
2021-04-09,3138.9358790697206,3185.502510242733,3126.000703743884,3148.680419921875,484807.0
2021-04-12,3086.7642508212944,3103.579980082648,3001.004073695085,3053.56396484375,724230.0
2021-04-13,3077.7092895019427,3124.879518657724,3031.315086628875,3106.5546875,412122.0
2021-04-15,3106.554942925909,3152.3455501736826,3040.7150234140563,3102.286376953125,614450.0
2021-04-16,3087.194713211584,3154.026442338371,3078.5281049407163,3134.32177734375,526787.0
2021-04-19,3039.938488221701,3071.672825663714,2972.5031527408255,3031.616943359375,601819.0
2021-04-20,3091.808721292489,3125.397016841602,3065.7227851156463,3105.218017578125,676558.0
2021-04-22,3099.9577699528195,3185.5023496894423,3081.1586073200806,3174.63671875,1005711.0
2021-04-23,3173.4295013614706,3198.95499678145,3138.935702433628,3166.9619140625,631762.0
2021-04-26,3175.3267400117575,3232.931428537847,3169.980243079521,3224.1787109375,480016.0
2021-04-27,3224.178431439063,3275.1860499252907,3214.1319866667586,3264.40673828125,518487.0
2021-04-28,3285.577543469319,3409.712061623297,3282.9473491653744,3354.306396484375,1252958.0
2021-04-29,3400.2264097356137,3409.9709505564847,3283.0338058731463,3308.343505859375,1335444.0
2021-04-30,3281.2227180214786,3420.362167688935,3276.910993030649,3306.01513671875,1340273.0
2021-05-03,3289.846039006469,3369.0093488407565,3263.9756900758807,3321.62353515625,796444.0
2021-05-04,3343.311314839066,3352.797109129298,3289.889088193036,3303.0830078125,408324.0
2021-05-05,3313.3018044584446,3322.270318474172,3263.199687978698,3314.681640625,371452.0
2021-05-06,3321.752940363888,3423.509650375035,3321.752940363888,3398.674072265625,938078.0
2021-05-07,3410.1436825744427,3421.612914459425,3323.4348410536986,3334.472900390625,486456.0
2021-05-10,3363.1456854383982,3366.465798084843,3315.285535299467,3336.111083984375,306598.0
2021-05-11,3328.6516216600116,3358.5749503490747,3286.6123038994087,3345.294921875,453808.0
2021-05-12,3333.8257989151907,3363.1455291694892,3317.6136706678894,3341.802490234375,499840.0
2021-05-14,3346.157028992246,3358.1003797920944,3288.9835187953327,3318.9931640625,481619.0
2021-05-17,3315.7166355773375,3384.186746647399,3305.5409221312934,3332.446044921875,427552.0
2021-05-18,3362.0244553572115,3516.6429580777667,3335.0330143815086,3507.32958984375,1371585.0
2021-05-19,3514.055984108254,3545.9627500989304,3490.600241486664,3532.1220703125,788882.0
2021-05-20,3532.1220922797957,3560.6226376986547,3502.9318392619907,3510.779052734375,465579.0
2021-05-21,3520.2644461019167,3563.2092659051364,3496.895024719645,3557.64697265625,378016.0
2021-05-24,3557.1731525456094,3608.784585408651,3541.995796214702,3572.091552734375,500267.0
2021-05-25,3592.1410930174234,3610.6385619346293,3570.9706914189874,3578.818115234375,297915.0
2021-05-26,3578.8181052942205,3604.6021368443926,3571.8330265094437,3592.787841796875,261524.0
2021-05-27,3595.9784915224946,3685.662367570058,3581.103040928067,3661.60302734375,878610.0
2021-05-28,3656.515580045707,3670.140463150375,3611.1990958880433,3621.41796875,285520.0
2021-05-31,3613.2254950416063,3646.598414460751,3593.3915603432874,3615.639892578125,321021.0
2021-06-01,3626.0746423389915,3748.613959029508,3626.0746423389915,3655.437744140625,1248169.0
2021-06-02,3645.9080748205442,3713.1709799045443,3621.848735292332,3703.814453125,351583.0
2021-06-03,3703.167925699027,3708.08346057352,3658.067451105319,3685.10205078125,323999.0
2021-06-04,3677.3835226423407,3704.1595845388206,3656.342391208191,3665.0087890625,374317.0
2021-06-07,3672.3389554911555,3695.06182936656,3656.3426249338195,3664.75048828125,159646.0
2021-06-08,3664.9661282677444,3686.524752551672,3651.1686087260305,3682.126708984375,150816.0
2021-06-09,3680.488817787238,3684.369370664474,3622.711697170616,3642.976806640625,262617.0
2021-06-10,3646.8570938860003,3650.737646480582,3592.529357561853,3604.515869140625,332571.0
2021-06-11,3608.9135891392675,3636.3793598076195,3589.079655435515,3598.13427734375,188155.0
2021-06-14,3598.565766061645,3617.9685289987133,3559.0271627076154,3575.713623046875,200657.0
2021-06-15,3583.0437622989207,3597.530991033791,3562.4337993597323,3568.47021484375,138010.0
2021-06-16,3568.4699760560798,3585.6735063941815,3537.339236929691,3544.626220703125,216236.0
2021-06-17,3552.861192811176,3552.861192811176,3485.6414460878555,3495.860107421875,357704.0
2021-06-18,3496.8090661115993,3616.1145841835596,3475.2504405498753,3593.47802734375,701993.0
2021-06-21,3581.318762157709,3618.3995969212006,3541.1767710904996,3606.88720703125,374649.0
2021-06-22,3607.4475211607346,3648.236690617128,3583.301862157448,3640.4755859375,591793.0
2021-06-23,3647.719148856,3673.287592482716,3614.303281948631,3620.6416015625,418053.0
2021-06-24,3613.22545300508,3653.0659593623427,3584.552482524789,3645.0458984375,314542.0
2021-06-25,3639.095820608433,3664.1038250628512,3602.877331398586,3618.52880859375,175051.0
2021-06-28,3618.5289215409025,3626.3763453280258,3592.5293037599563,3607.577392578125,158954.0
2021-06-29,3608.9136968656076,3612.233809211106,3550.2742389476,3556.87109375,332405.0
2021-06-30,3561.4848192059535,3590.804548952443,3552.68873185525,3564.804931640625,331122.0
2021-07-01,3570.970845675223,3664.966455957425,3570.970845675223,3625.772705078125,755502.0
2021-07-02,3647.2881827602173,3647.2881827602173,3596.841000187461,3600.59228515625,375525.0
2021-07-05,3614.605203130168,3664.8797456569564,3610.509064587641,3623.142333984375,375703.0
2021-07-06,3624.867158697462,3664.103855669208,3597.703291563176,3617.882080078125,515181.0
2021-07-07,3621.8488619575596,3642.545141168746,3595.9785129435772,3611.71630859375,392794.0
2021-07-08,3629.960819503256,3674.3014879354837,3595.9247262947115,3637.633544921875,625491.0
2021-07-09,3637.366334791656,3639.9981849466367,3559.747774299413,3565.011474609375,656635.0
2021-07-12,3584.7282425318076,3595.4342502247846,3521.295059825205,3529.547607421875,512870.0
2021-07-13,3555.286924783563,3586.245088570764,3528.1204722712255,3538.425048828125,614101.0
2021-07-14,3541.0123424742374,3571.43533735465,3515.139488372007,3527.49609375,527932.0
2021-07-15,3527.6297473578284,3541.8597732108406,3506.4854244532166,3515.139404296875,310788.0
2021-07-16,3531.198032047528,3533.5177540603836,3501.7565123260606,3507.95703125,323569.0
2021-07-19,3499.0803644129705,3514.2472094397476,3457.1484987507038,3464.152099609375,408067.0
2021-07-20,3468.6573351270504,3508.4034339283053,3463.304331054539,3484.270263671875,467908.0
2021-07-22,3497.2957934275787,3580.8471734076043,3373.8199270302357,3437.698974609375,1707977.0
2021-07-23,3455.3641676614925,3501.7568701449413,3412.584786530479,3427.61767578125,709478.0
2021-07-26,3436.628836638625,3453.847711080803,3417.001153771011,3422.66650390625,408134.0
2021-07-27,3434.844197593553,3442.8737035100057,3400.941839279643,3409.328125,391373.0
2021-07-28,3420.56956048166,3427.2161635608436,3373.28469175304,3406.740966796875,235770.0
2021-07-29,3415.038384515825,3415.038384515825,3345.627717898954,3357.89501953125,355185.0
2021-07-30,3368.8237876705925,3441.981507635897,3348.4376773594245,3416.64404296875,511767.0
2021-08-02,3456.256205962394,3461.6092098952217,3402.0123892135493,3427.305419921875,351187.0
2021-08-03,3417.000964330609,3424.1383031594983,3395.27660214446,3415.39501953125,408981.0
2021-08-04,3421.4616581990476,3448.0929397177847,3404.5104791884132,3418.78515625,363955.0
2021-08-05,3427.7070024805644,3441.9816802628884,3402.3695365426584,3406.964111328125,333818.0
2021-08-06,3419.6772538870823,3454.7841241957994,3387.782272977491,3432.926025390625,504011.0
2021-08-09,3442.1152226352124,3478.4710405460655,3423.2906230681024,3439.438720703125,396098.0
2021-08-10,3441.089012736428,3445.326807087088,3376.942275901608,3388.406494140625,253258.0
2021-08-11,3390.2356848101645,3395.8117303443914,3296.7365097293864,3325.2412109375,497724.0
2021-08-12,3342.7722104636196,3369.715617162431,3333.136760846927,3362.890625,316454.0
2021-08-13,3372.3923311605568,3443.7657138306213,3354.5489854930406,3413.208984375,581862.0
2021-08-16,3413.4322498277443,3416.1087518532236,3340.274527797981,3344.24462890625,294567.0
2021-08-17,3344.7354297749034,3407.6332286010256,3338.0888265114563,3396.882568359375,319770.0
2021-08-18,3399.1576666066035,3440.2420173997084,3367.9318087768843,3419.72216796875,493285.0
2021-08-20,3372.3925898390644,3412.540120670482,3324.0371629338606,3346.9658203125,301943.0
2021-08-23,3379.4406070516193,3379.4406070516193,3253.868052943681,3272.69287109375,455643.0
2021-08-24,3292.097326194352,3320.6466797006447,3259.711609747795,3314.178466796875,276602.0
2021-08-25,3329.077547914862,3354.50431535302,3283.1755849972533,3291.784912109375,398715.0
2021-08-26,3291.785386724959,3318.5504089399446,3274.254384299867,3293.3466796875,283891.0
2021-08-27,3307.6210068832597,3345.538117660457,3282.283542336682,3300.5283203125,274822.0
2021-08-30,3316.9888199623815,3351.5158697898933,3305.479948562737,3319.21923828125,561903.0
2021-08-31,3330.4161338271065,3335.81378996801,3306.015486993454,3325.8662109375,693952.0
2021-09-01,3349.1963515388497,3399.157724923553,3327.8736382378847,3353.03271484375,585605.0
2021-09-02,3380.4219909033595,3380.4219909033595,3316.185943570279,3319.7099609375,474397.0
2021-09-03,3324.2155758794906,3398.711550271852,3323.3234085214985,3352.31884765625,740269.0
2021-09-06,3376.36265334416,3416.1087519869398,3363.470878817123,3373.3740234375,779715.0
2021-09-07,3387.3806228094304,3390.8153359973185,3356.466897232834,3364.094970703125,450262.0
2021-09-08,3363.2478856132047,3363.2478856132047,3317.0782250042826,3323.6357421875,396710.0
2021-09-09,3323.233934799045,3326.847255977085,3296.558219284272,3301.554443359375,479537.0
2021-09-13,3300.1269401888967,3318.8624540423616,3283.175760988143,3300.61767578125,342427.0
2021-09-14,3316.5428904689006,3360.7944790980077,3292.0975916834745,3346.564453125,741880.0
2021-09-15,3356.8688388578785,3391.6633642705065,3352.809433996881,3371.589599609375,510406.0
2021-09-16,3388.4511928735906,3420.5692136591224,3372.4368344058807,3402.27978515625,558125.0
2021-09-17,3425.9223692588994,3461.073673109438,3399.558782463856,3410.041748046875,1304667.0
2021-09-20,3402.190726480885,3402.190726480885,3332.244896633096,3368.868408203125,399648.0
2021-09-21,3369.716045299059,3384.7491521132292,3297.4504907136143,3326.713623046875,354217.0
2021-09-22,3329.5684267613196,3363.4707848044413,3320.691405520781,3352.00634765625,245919.0
2021-09-23,3352.006535455502,3408.079341591437,3352.006535455502,3389.522216796875,228970.0
2021-09-24,3390.2359643653895,3434.041468820145,3378.682440628635,3398.979248046875,363519.0
2021-09-27,3417.8929713400835,3501.578308745723,3410.577242946535,3491.407470703125,962801.0
2021-09-28,3505.325641012028,3519.421929198963,3457.505382250205,3487.214599609375,478682.0
2021-09-29,3479.452572760387,3511.481292650594,3434.844206442946,3478.783447265625,379896.0
2021-09-30,3472.5382496066195,3476.2406568571314,3400.941822210915,3419.364990234375,576711.0
2021-10-01,3408.0793194024177,3462.278486589249,3392.6001285616117,3437.1640625,407091.0
2021-10-04,3440.5988000147827,3465.713442092518,3409.1945522491064,3413.3876953125,237249.0
2021-10-05,3412.049212117836,3456.166841865758,3408.0791111663757,3447.33447265625,287612.0
2021-10-06,3458.040462954418,3465.177801371249,3354.549055910375,3363.515380859375,383507.0
2021-10-07,3403.6181212277384,3451.4828079431477,3376.8531032364326,3415.70703125,343916.0
2021-10-08,3429.0898163291768,3460.315673166429,3395.678193076175,3404.109130859375,215542.0
2021-10-11,3430.3832984265255,3461.5198503424467,3417.313134493215,3436.7177734375,239321.0
2021-10-12,3443.765825037308,3563.762328526302,3441.981490412936,3549.710693359375,1353877.0
2021-10-13,3564.1638288417344,3613.2776838855552,3529.9493424495645,3539.8076171875,648769.0
2021-10-14,3541.904311080681,3576.7434889880483,3527.8080236601218,3538.246337890625,272066.0
2021-10-18,3444.6583066137455,3541.636858733069,3444.6583066137455,3493.682861328125,463126.0
2021-10-19,3506.3959132604755,3528.5217060801688,3472.5382074565205,3489.757080078125,275481.0
2021-10-20,3482.798154600938,3488.2848964603777,3415.2164805155016,3433.6396484375,321450.0
2021-10-21,3452.6874857520456,3457.282060267578,3363.02467119957,3393.804443359375,373336.0
2021-10-22,3425.431529414387,3488.373972923469,3401.878400968438,3449.564697265625,408499.0
2021-10-25,3438.4131266086847,3465.847273895456,3332.245207027358,3357.89501953125,306195.0
2021-10-26,3372.258540759241,3400.763241457029,3356.556309690266,3382.875244140625,170050.0
2021-10-27,3385.7751156152767,3403.618462733144,3354.5492581590097,3369.27001953125,251226.0
2021-10-28,3439.2603636777226,3443.7658522026586,3291.0715026432736,3301.6435546875,706705.0
2021-10-29,3318.862438043698,3349.9545563430215,3269.7932353306865,3307.4873046875,316325.0
2021-11-01,3320.4685678557094,3345.627644177061,3284.6034830729914,3324.349365234375,228051.0
2021-11-02,3332.2447682195775,3381.313968287068,3325.1520819544953,3338.356201171875,250053.0
2021-11-03,3324.3938479704184,3358.0731645410215,3291.249918921355,3299.591552734375,261709.0
2021-11-04,3317.5238753334947,3358.920348061351,3317.5238753334947,3353.968994140625,65679.0
2021-11-08,3382.206291231006,3390.235797066163,3339.9176476248954,3369.983642578125,261609.0
2021-11-09,3372.392405720552,3430.3832804220956,3365.2550672957464,3385.2841796875,521920.0
2021-11-10,3381.3142548882015,3391.663483268986,3340.274556807764,3364.987548828125,373526.0
2021-11-11,3367.485514715528,3374.0430315758185,3324.2154001404315,3345.582763671875,446382.0
2021-11-12,3374.1766937232546,3374.1766937232546,3225.8092297039793,3243.07275390625,745428.0
2021-11-15,3257.3029987166374,3277.733543930172,3194.0037687218555,3212.828369140625,551238.0
2021-11-16,3223.311268217731,3258.0167081379086,3196.7248559626905,3219.564208984375,473529.0
2021-11-17,3220.723860116784,3251.057547441984,3190.7469525755823,3197.34912109375,348752.0
2021-11-18,3203.326844594899,3207.252293777835,3144.889883636546,3165.00830078125,384426.0
2021-11-22,3185.0371771837035,3185.0371771837035,3056.5650893645293,3072.802490234375,422572.0
2021-11-23,3069.0557564759083,3076.639179129991,3012.001696658933,3064.461181640625,713102.0
2021-11-24,3086.0067660149607,3086.0067660149607,3020.5662058371504,3039.703369140625,287005.0
2021-11-25,3035.1532341813004,3045.769938203956,3012.8937030255147,3025.9638671875,264226.0
2021-11-26,3006.6036295874474,3018.6478874507798,2961.9952671306605,2975.02099609375,341506.0
2021-11-29,2962.8876005621855,2992.6414671154043,2896.1534430209936,2942.546142578125,403739.0
2021-11-30,2940.5835701491583,2964.6274365424647,2875.5000058714886,2890.889892578125,682518.0
2021-12-01,2926.3087850879597,2938.9775173629832,2879.2916112806533,2899.142333984375,551434.0
2021-12-02,2908.4209340251127,2977.474818196201,2887.4996530509584,2969.48974609375,502905.0
2021-12-03,2975.3781033002515,2982.6491800551626,2926.844286731956,2933.3125,315536.0
2021-12-06,2942.1892370975734,2944.1519615090583,2893.0307338872735,2899.320556640625,251407.0
2021-12-07,2930.7249814477304,2959.3189874914747,2909.357617790081,2932.063232421875,286908.0
2021-12-08,2946.6950941695695,2978.0100382640526,2941.4758279133393,2972.746337890625,334037.0
2021-12-09,2988.760462752077,2988.760462752077,2949.5051014502583,2980.73095703125,237723.0
2021-12-10,2962.1739087656515,3001.429271063843,2961.9955188635176,2984.07666015625,220039.0
2021-12-13,3003.9273460326785,3008.789614330789,2939.691299429069,2949.014404296875,214515.0
2021-12-14,2944.1520766249946,2948.6129131047296,2915.602723154692,2936.702392578125,181626.0
2021-12-15,2934.918018734316,2970.783317803143,2921.847855149207,2939.2451171875,295667.0
2021-12-16,2968.9095227679722,2968.9095227679722,2879.336019303669,2902.353759765625,324140.0
2021-12-17,2897.8042012644296,2910.0715023122575,2809.524285650376,2836.333740234375,3170631.0
2021-12-20,2810.237745677266,2829.1518670557225,2700.6351214339843,2770.35791015625,595625.0
2021-12-21,2776.4249631367784,2819.293650491003,2758.5816150446394,2793.19775390625,326850.0
2021-12-22,2794.267949670371,2831.3375440981067,2788.9149459353703,2797.702880859375,294578.0
2021-12-23,2810.3270496666673,2846.8612577494764,2799.6210418584133,2831.828369140625,224147.0
2021-12-24,2838.251899610164,2850.4745481630607,2796.9445096999048,2812.156005859375,123753.0
2021-12-27,2805.8662974640674,2831.8728884213638,2785.346448547796,2813.985107421875,94069.0
2021-12-28,2820.3191001504583,2843.827794588848,2810.326870396348,2833.56787109375,214640.0
2021-12-29,2844.8987013776637,2916.4951328274665,2812.156202458184,2910.696044921875,563709.0
2021-12-30,2924.524442703343,2925.550347984313,2843.3372174788146,2855.649169921875,594987.0
2021-12-31,2881.7005344081804,2912.658697824877,2870.102358882699,2898.874755859375,248103.0
2022-01-03,2907.3056699280583,2937.5502734700235,2900.8821086370995,2923.7216796875,266680.0
2022-01-04,2929.8773494587954,2958.4267024376873,2917.9668291372027,2934.471923828125,244503.0
2022-01-05,2934.472127613644,3002.1431076715717,2927.2010508976005,2996.388671875,312215.0
2022-01-06,2984.121208909743,3059.241651511144,2973.5935912763616,3049.606201171875,410181.0
2022-01-07,3066.8252651183675,3066.8252651183675,3012.8491404522842,3026.677734375,263996.0
2022-01-10,3046.573041671623,3079.0924972832595,3037.339022681544,3064.68408203125,318473.0
2022-01-11,3044.9670322246443,3074.3639015571293,3044.9670322246443,3066.156005859375,225782.0
2022-01-12,3074.4977791200486,3079.7614789949366,3046.082163863981,3069.144775390625,198452.0
2022-01-13,3074.3194881417517,3099.6571724266637,3060.134113923048,3078.86962890625,291271.0
2022-01-14,3078.8692366245923,3088.8614664463203,3055.6728876960965,3062.6318359375,127752.0
2022-01-17,3077.977508210429,3146.674397524111,3063.7474818440273,3113.441162109375,646271.0
2022-01-18,3112.727030300856,3120.087410460897,3026.7668423930645,3034.21630859375,656590.0
2022-01-19,3034.216398101791,3088.950950214091,3018.246690227345,3066.20068359375,694189.0
2022-01-20,3032.3872894887345,3076.1927901870044,2939.691195958869,2951.95849609375,874508.0
2022-01-21,2951.9584719287186,3099.3444622344314,2917.386990013422,3051.03369140625,1609260.0
2022-01-24,3052.1042222692367,3081.7241319888544,2988.7603462735874,3017.577392578125,788137.0
2022-01-25,2996.7901104998273,3113.6640326419756,2969.8020483257815,3095.017822265625,571406.0
2022-01-27,3073.516223904512,3155.4172222872317,3028.1940833389435,3123.56689453125,664333.0
2022-01-28,3127.0461060819375,3178.167331350495,3109.292065529745,3120.087158203125,575466.0
2022-01-31,3140.4287352355755,3198.9994283565193,3110.987215842742,3180.263916015625,470500.0
2022-02-01,3191.282564534475,3204.9774202835083,3132.890255889119,3153.32080078125,487464.0
2022-02-02,3158.2721156183698,3198.419642511824,3141.722369302769,3153.811279296875,212256.0
2022-02-03,3167.193773797322,3257.258015154141,3141.320923250809,3230.626953125,760774.0
2022-02-04,3230.627245270989,3230.627245270989,3167.1940602070413,3180.888916015625,296588.0
2022-02-07,3185.037311514447,3185.037311514447,3094.036245471177,3101.173583984375,286849.0
2022-02-08,3101.2628295281047,3134.1390637477743,3074.3192028959793,3085.6943359375,397493.0
2022-02-09,3079.761648927355,3185.0373947481626,3079.761648927355,3179.282958984375,352729.0
2022-02-10,3179.104759326749,3195.342162277438,3163.3132222571826,3184.457763671875,239918.0
2022-02-11,3149.3509794443125,3189.4985131766052,3129.7232962863027,3182.048828125,339577.0
2022-02-14,3091.35976450171,3156.4879788764933,3088.1034409086856,3111.8349609375,282645.0
2022-02-15,3113.6637977036553,3212.6943654816223,3099.1660794478717,3202.166748046875,357052.0
2022-02-16,3210.91030232763,3247.4891637878777,3186.0189203133255,3200.114990234375,244587.0
2022-02-17,3202.969749872583,3265.3321538824994,3202.969749872583,3209.393310546875,513917.0
2022-02-18,3209.1260000647967,3249.719615022525,3179.327697309458,3240.485595703125,277299.0
2022-02-21,3233.3481233838647,3245.660076030241,3182.673193581395,3193.512939453125,344326.0
2022-02-22,3140.42890016976,3225.184793782296,3135.968063663837,3212.4267578125,432562.0
2022-02-23,3225.2740274686075,3247.399601805192,3185.0371959348677,3194.2265625,209392.0
2022-02-24,3109.649378114742,3175.4913737949073,3064.59492578515,3103.760986328125,628362.0
2022-02-25,3113.75334578104,3176.11575622846,3113.75334578104,3130.079833984375,327777.0
2022-02-28,3120.5336913200767,3177.0079280436094,3076.23766959228,3149.6630859375,387040.0
2022-03-02,3121.068838991722,3121.068838991722,2973.5935440540866,3008.65576171875,982580.0
2022-03-03,3032.476955364866,3037.6515697841896,2925.4168686794337,2941.565185546875,536758.0
2022-03-04,2900.4360518905555,2931.617257178381,2811.2193169815873,2892.495849609375,509620.0
2022-03-07,2841.552857524338,2925.4165839316497,2788.022819392011,2885.848876953125,335205.0
2022-03-08,2880.808177794369,2992.730520699244,2833.2556177011816,2959.408203125,557492.0
2022-03-09,2961.995597718254,2997.6822916666665,2937.9070793030755,2978.94677734375,508262.0
2022-03-10,3032.4766443671565,3069.0555035666425,3020.343081994785,3053.308837890625,350154.0
2022-03-11,3033.368581448108,3073.9621904057226,3021.279671920955,3053.888427734375,156038.0
2022-03-14,3035.1530975356827,3091.314984451919,3004.81940990599,3080.252197265625,245299.0
2022-03-15,3069.947749079379,3117.232617054156,3056.877584963009,3081.590576171875,229544.0
2022-03-16,3113.708544194888,3204.843347211024,3105.6343865274425,3184.85888671875,262987.0
2022-03-17,3193.959109680066,3269.6595963745976,3190.0780945858824,3256.812255859375,429272.0
2022-03-21,3256.8121901267314,3317.0781369030924,3194.182087048762,3202.033203125,432309.0
2022-03-22,3193.9591324432777,3267.1168555886265,3180.130538434096,3262.165283203125,213667.0
2022-03-23,3269.7488467208914,3286.164857457284,3202.8809441107437,3213.140869140625,281347.0
2022-03-24,3203.148233710934,3245.615265613529,3184.769500589888,3197.438232421875,385957.0
2022-03-25,3204.665028261881,3264.573976951251,3204.665028261881,3260.291748046875,492945.0
2022-03-28,3260.291786043242,3334.0293291159287,3251.994586269311,3290.090087890625,688267.0
2022-03-29,3299.05649016303,3332.2450722190597,3266.090949945837,3291.294677734375,376929.0
2022-03-30,3327.4715830038404,3327.4715830038404,3270.0160977417013,3277.911865234375,343930.0
2022-03-31,3283.175921331782,3314.5355172590002,3244.009860917701,3259.08740234375,511249.0
2022-04-01,3243.9203581521324,3342.058762826702,3243.9203581521324,3336.616455078125,391985.0
2022-04-04,3345.627423227043,3365.2551041099746,3315.650514389214,3357.805419921875,419517.0
2022-04-05,3359.010055797255,3408.034607869472,3359.010055797255,3398.889892578125,339228.0
2022-04-06,3391.1282635377866,3399.1577700812854,3338.1336074764145,3391.842041015625,240470.0
2022-04-07,3391.8863842632027,3407.7223540605883,3364.40758747446,3392.2431640625,224527.0
2022-04-08,3401.2096534837715,3422.3539762496703,3360.7944287102473,3399.469970703125,229962.0
2022-04-11,3408.079268878376,3412.5401056177457,3361.8203047653956,3378.771484375,135225.0
2022-04-12,3362.132329669322,3369.4480576610085,3279.6515097910387,3311.76953125,266145.0
2022-04-13,3311.769819834751,3343.3971084923205,3273.4512761234946,3298.6103515625,198206.0
2022-04-18,3292.097517962863,3352.987939534941,3252.1730290932596,3314.044921875,373718.0
2022-04-19,3336.7054489660195,3367.5745223308236,3228.173392277096,3262.789306640625,211918.0
2022-04-20,3270.6853342792533,3332.200226286106,3258.462685785474,3319.531494140625,174080.0
2022-04-21,3305.4796345833447,3336.2594044600314,3283.264757363269,3303.115478515625,216475.0
2022-04-22,3274.254329851579,3296.3354728117492,3232.188724428935,3249.7197265625,228316.0
2022-04-25,3213.586715546719,3323.1002550618105,3211.8023808906687,3285.8076171875,444222.0
2022-04-26,3305.435295056248,3483.913412409778,3305.435295056248,3472.404541015625,1107122.0
2022-04-27,3452.687728527295,3496.4039297412064,3431.2757116061953,3484.493408203125,541564.0
2022-04-28,3568.669518879194,3568.669518879194,3394.6968798338335,3420.926513671875,1628318.0
2022-04-29,3394.696796076154,3425.9226535959087,3311.145410152587,3327.3828125,594650.0
2022-05-02,3318.862681786548,3318.862681786548,3217.1555996027664,3232.723876953125,376660.0
2022-05-04,3234.1065454041254,3285.8522501305915,3109.559900005744,3119.81982421875,575428.0
2022-05-05,3157.2016263374003,3207.3413841060496,3131.863944798037,3143.908203125,323081.0
2022-05-06,3112.1472766729785,3171.6547927949096,3086.8988981913885,3122.362548828125,436366.0
2022-05-09,3113.6639427813047,3198.1521443134015,3104.74226959282,3183.922119140625,502719.0
2022-05-10,3180.531818026625,3253.466495843969,3158.27228713636,3205.601806640625,507087.0
2022-05-11,3211.802165042126,3236.738196621751,3155.8633208971637,3223.2666015625,437746.0
2022-05-12,3198.419921875,3259.9794684884937,3157.5586140382575,3198.419921875,777332.0
2022-05-13,3227.9061246356964,3333.137220018552,3227.9061246356964,3249.36279296875,633218.0
2022-05-16,3256.410608929416,3323.3231556882392,3256.410608929416,3315.159912109375,401803.0
2022-05-17,3323.4128077142727,3378.637881632398,3323.4128077142727,3339.293212890625,402398.0
2022-05-18,3339.3821024930844,3416.5545715995904,3333.315321474458,3382.384521484375,507061.0
2022-05-19,3293.7922986876956,3370.6079887329156,3283.2202470929155,3299.725341796875,261026.0
2022-05-20,3354.549266382504,3433.9521612516646,3332.245082430493,3379.3515625,396832.0
2022-05-23,3422.353777613849,3456.702218812528,3363.4707355589703,3377.879150390625,339483.0
2022-05-24,3405.759444886791,3427.7068481144356,3364.4076202369706,3375.336669921875,369304.0
2022-05-25,3403.216727411052,3407.186828227776,3338.712989770986,3382.919921875,225253.0
2022-05-26,3391.2174414359824,3452.6876854544003,3349.2409235577147,3441.40185546875,419826.0
2022-05-27,3457.1485454332255,3470.5310559316767,3410.8004943031156,3419.72216796875,422591.0
2022-05-30,3443.7657288139303,3482.2626601333795,3428.643536857772,3440.821533203125,271827.0
2022-05-31,3458.04053210663,3531.198252342116,3425.030341268667,3447.423828125,1154256.0
2022-06-01,3459.111266761058,3483.0213957248975,3307.5321184529503,3318.951904296875,784215.0
2022-06-02,3318.95168411332,3345.538095596209,3270.997691387833,3290.9375,346754.0
2022-06-03,3317.9699846690028,3331.263189495855,3256.4104447544664,3276.66259765625,409815.0
2022-06-06,3265.33232163471,3452.464413018011,3256.8567322752756,3405.402587890625,1136609.0
2022-06-07,3359.0098445831427,3438.1003876625555,3359.0098445831427,3420.65869140625,561644.0
2022-06-08,3420.1234732644402,3434.844234268448,3361.731164844735,3385.0166015625,346603.0
2022-06-09,3385.0164056907197,3474.991563201244,3371.8569382819346,3460.404541015625,627869.0
2022-06-10,3529.6817094637418,3542.796525868212,3434.8442771575465,3462.50146484375,1412838.0
2022-06-13,3412.539954144022,3475.036317651399,3385.2841993134266,3462.724365234375,519745.0
2022-06-14,3466.0700700005727,3493.504215342276,3214.4342315230015,3284.737060546875,1733394.0
2022-06-15,3301.0190053512747,3339.0698535169763,3251.9498039203777,3299.323974609375,753821.0
2022-06-16,3333.851003470926,3333.851003470926,3241.2439887995097,3263.7265625,438590.0
2022-06-17,3274.2538810922556,3313.464589048203,3225.7200687271156,3237.63037109375,727356.0
2022-06-20,3229.8685894222313,3246.4183359983545,3189.319630184385,3226.0322265625,268242.0
2022-06-21,3239.4592243464313,3278.7145826144683,3226.1213677704854,3252.172607421875,424763.0
2022-06-22,3251.949761416184,3320.2005588780053,3224.4263134839734,3243.60791015625,585483.0
2022-06-23,3283.2649329338924,3386.667034778363,3270.016161544098,3376.6748046875,1186420.0
2022-06-24,3390.949740460618,3427.1271704182377,3374.1322986236487,3402.146484375,558798.0
2022-06-27,3452.6877864876014,3531.5999482774096,3405.4029149930684,3444.836669921875,1819576.0
2022-06-28,3425.8778217152108,3485.8760733695162,3375.113588853862,3469.638671875,799053.0
2022-06-29,3461.609393311296,3479.4527406994985,3440.2420283767833,3450.501953125,524392.0
2022-06-30,3471.283112880489,3488.269348644182,3417.5939340679374,3431.10888671875,715926.0
2022-07-01,3395.3312648114957,3405.282276025556,3333.449995788958,3355.203369140625,756589.0
2022-07-04,3373.531433668479,3420.5094615595926,3339.836938544568,3406.254150390625,536505.0
2022-07-05,3424.9993967335045,3424.9993967335045,3390.749402766169,3409.031494140625,294980.0
2022-07-06,3408.3370764065903,3496.553993789604,3401.996109046785,3492.619873046875,333226.0
2022-07-07,3504.885197769683,3550.983882959708,3503.681774418308,3513.4013671875,534547.0
2022-07-08,3545.3371176725896,3545.3371176725896,3510.8093767845085,3540.708740234375,326804.0
2022-07-11,3536.080463795815,3571.256133330957,3512.938575943748,3562.508544921875,372417.0
2022-07-12,3566.6277341737987,3575.8844892585994,3547.23487747014,3561.860595703125,244636.0
2022-07-13,3571.255906170069,3590.648761757558,3561.999151618047,3573.801513671875,308508.0
2022-07-14,3572.089130191641,3597.1286979014462,3555.5196289835976,3576.069580078125,377688.0
2022-07-15,3575.8845782309927,3627.722407995667,3574.0332271679686,3622.492431640625,281730.0
2022-07-18,3637.904694310547,3693.4452239946777,3633.3689747843405,3687.9375,513318.0
2022-07-19,3681.4576649303917,3736.0261885658733,3671.2289058107667,3704.55322265625,512451.0
2022-07-20,3719.3643332332667,3753.6143283377046,3701.7764979093663,3704.599853515625,377717.0
2022-07-21,3707.006188421842,3768.0546665941747,3696.638668334789,3755.51171875,371547.0
2022-07-22,3762.870960073298,3786.9385234095603,3744.588868692868,3753.1513671875,280291.0
2022-07-25,3753.1513983071686,3771.155741984004,3701.128479247971,3722.280029296875,372987.0
2022-07-26,3715.6614098735154,3730.4722176856667,3625.8708875123466,3633.831787109375,882407.0
2022-07-27,3640.6819212672667,3665.675161001367,3559.361234178868,3595.18505859375,514997.0
2022-07-28,3595.3236932931864,3622.8162108364136,3561.0736993045543,3571.487548828125,423758.0
2022-07-29,3609.2088564461587,3658.501077940326,3589.769670504797,3623.510498046875,412805.0
2022-08-01,3628.6016930978362,3691.8253760283565,3624.019644493453,3677.986572265625,459482.0
2022-08-02,3677.98620523201,3707.330070956692,3648.410920651463,3699.18408203125,398168.0
2022-08-03,3701.7762970670256,3711.958727491566,3668.4983082876397,3705.8955078125,312355.0
2022-08-04,3712.8845430324864,3735.1007557058297,3680.4858995505274,3713.532470703125,310996.0
2022-08-05,3725.843816984147,3738.1090171270143,3696.268530517892,3714.828369140625,287542.0
2022-08-08,3714.735778860595,3739.6363593949045,3702.7019973691454,3723.66845703125,238574.0
2022-08-10,3715.661246442585,3763.7963697148853,3715.661246442585,3734.961669921875,218912.0
2022-08-11,3749.078462020281,3756.6226270057846,3723.390966696087,3733.712158203125,277432.0
2022-08-12,3733.712145778435,3758.2425466370264,3715.4300545725036,3737.877685546875,217139.0
2022-08-16,3737.877828057539,3795.26971149973,3737.877828057539,3787.077392578125,302627.0
2022-08-17,3790.733729506781,3814.199693204918,3758.2424299239747,3765.55517578125,313179.0
2022-08-18,3775.830229355652,3775.830229355652,3740.1917238812243,3758.843994140625,451908.0
2022-08-19,3750.837153762125,3784.5779807878616,3748.985802748422,3771.711181640625,223883.0
2022-08-22,3730.4722788402887,3770.6465052913395,3710.8480033664805,3741.210205078125,388178.0
2022-08-23,3725.8437206252024,3770.137381714356,3717.558970470263,3762.361572265625,172256.0
2022-08-24,3749.402305117262,3780.412434543769,3749.402305117262,3763.565185546875,245586.0
2022-08-25,3770.276473044482,3791.2429336198306,3750.0042691238796,3760.973388671875,374693.0
2022-08-26,3772.1278445087205,3817.810023035927,3741.071384786218,3753.058837890625,453561.0
2022-08-29,3725.797275457559,3748.9854901698272,3689.279424956011,3730.518310546875,608621.0
2022-08-30,3749.2173852762917,3822.0682316413963,3713.39378679646,3781.245849609375,740581.0
2022-09-01,3711.9584841755996,3824.659468077938,3711.9584841755996,3773.330810546875,510034.0
2022-09-02,3776.755931928681,3797.8611519287624,3726.213960676934,3731.30517578125,556543.0
2022-09-05,3748.985625342225,3754.400917199047,3651.1417740971056,3662.57373046875,799837.0
2022-09-06,3667.5264781430947,3693.4453931829753,3628.1852678147047,3637.349365234375,508096.0
2022-09-07,3624.0196623467746,3644.847361555664,3527.934498130764,3559.823974609375,724097.0
2022-09-08,3577.6430495209947,3591.5745106054696,3554.59382061345,3560.703369140625,493973.0
2022-09-09,3578.5225892824687,3591.620806723427,3549.9654107691604,3562.5546875,485613.0
2022-09-12,3554.594075765661,3600.6927628847475,3540.708942657201,3582.64208984375,369281.0
2022-09-13,3577.7355103028417,3600.8773958804795,3568.4787560717864,3579.1240234375,507487.0
2022-09-14,3531.4519704483478,3627.675891783584,3528.304764201646,3564.08203125,576311.0
2022-09-15,3577.7360871592396,3595.8794187754393,3472.5331487588883,3487.945556640625,351737.0
2022-09-16,3517.566736765849,3517.566736765849,3402.875638036135,3415.325927734375,579176.0
2022-09-19,3424.9994074656174,3454.4822630332874,3388.9907203094513,3432.63623046875,454942.0
2022-09-20,3449.8074518472467,3524.879598282873,3448.141190770829,3488.500732421875,268923.0
2022-09-21,3493.360661668462,3524.46322363355,3447.2156464648037,3453.3251953125,197924.0
2022-09-22,3443.512555738428,3480.5395724667983,3424.9990473742428,3451.7509765625,149651.0
2022-09-23,3452.769801172144,3489.796823168628,3409.2630503262753,3423.981201171875,158122.0
2022-09-26,3396.210576597336,3412.7339738191367,3300.958662952205,3308.826904296875,517637.0
2022-09-27,3323.175230923441,3327.7572797057965,3249.213844733483,3278.650146484375,344198.0
2022-09-28,3263.0064976563626,3308.2719442045664,3244.4929856129224,3282.35302734375,181128.0
2022-09-29,3298.1817376180984,3298.968652174662,3207.5118694857206,3218.2958984375,350931.0
2022-09-30,3227.367643289145,3289.804410807729,3203.9943368233335,3265.5517578125,276996.0
2022-10-03,3265.5517722253835,3295.312149399363,3216.722389195155,3254.073486328125,442640.0
2022-10-04,3286.6108483729618,3332.339127474929,3276.15067006972,3313.548095703125,317554.0
2022-10-06,3330.117513542465,3348.3069461857785,3304.6614380393607,3327.479248046875,353529.0
2022-10-07,3313.964400620804,3396.2105277797073,3313.9180716498577,3335.7177734375,591544.0
2022-10-10,3292.9517040838828,3355.4809009157575,3266.755043239163,3348.121826171875,240975.0
2022-10-11,3364.8766419841936,3364.8766419841936,3258.007454820816,3266.477294921875,258827.0
2022-10-12,3282.815254229285,3381.4923454555155,3254.5360506415645,3355.110595703125,496229.0
2022-10-13,3348.029679637908,3377.604968051364,3323.1752008989206,3336.875244140625,336605.0
2022-10-14,3387.9258932193075,3390.7492486034653,3288.1380322956434,3305.124267578125,499983.0
2022-10-17,3313.918027144616,3401.6721027830836,3312.066676291463,3359.276123046875,921084.0
2022-10-18,3376.0769289000937,3392.4615641993323,3334.37543312138,3342.8916015625,496519.0
2022-10-19,3359.6463192854394,3440.6892484784244,3354.4163434976394,3384.130615234375,456361.0
2022-10-20,3359.600361185542,3428.6092867549373,3319.472239118339,3417.455078125,310251.0
2022-10-21,3424.073795405024,3443.8370584258687,3371.0788711587584,3395.933349609375,207556.0
2022-10-24,3438.884431175381,3443.512808606303,3406.4857891589236,3424.814208984375,29986.0
2022-10-25,3424.0734793709494,3449.992391893898,3373.1613297723006,3382.5107421875,351456.0
2022-10-27,3416.2981457586025,3416.2981457586025,3338.1246677276818,3353.074462890625,333703.0
2022-10-28,3369.875511869228,3442.5873715438324,3361.12792311795,3397.877197265625,500485.0
2022-10-31,3414.909307362095,3430.8772084741904,3387.139044558451,3398.94140625,314769.0
2022-11-01,3412.5489660734825,3465.914066785987,3390.749263447732,3455.268798828125,514106.0
2022-11-02,3467.580133533839,3467.580133533839,3419.074831780956,3459.06396484375,317571.0
2022-11-03,3474.9857053351084,3530.5262333905443,3453.7414985529017,3493.036376953125,637882.0
2022-11-04,3498.544196174378,3526.730969732029,3483.2242215690558,3490.81494140625,230932.0
2022-11-07,3508.309984919669,3534.8304963865694,3479.1512080001526,3489.65771484375,272013.0
2022-11-09,3508.3098996506997,3512.0126013917557,3441.522507394391,3461.609619140625,249436.0
2022-11-10,3461.610044493048,3489.79681976135,3440.7360156639093,3447.771240234375,291055.0
2022-11-11,3465.0348666931177,3502.709814902095,3432.8676425917124,3450.59423828125,268871.0
2022-11-14,3467.858152279627,3487.9452653230674,3434.6725953843284,3449.06689453125,200313.0
2022-11-15,3449.1130049858884,3507.3842285080814,3449.1130049858884,3484.381103515625,296104.0
2022-11-16,3477.76260888345,3516.178139431404,3461.7020496901087,3468.92236328125,329588.0
2022-11-17,3470.3573748559106,3487.343610313551,3405.0045955635887,3419.583984375,185433.0
2022-11-18,3419.5841583935266,3431.340418384919,3351.8710839771315,3362.932861328125,327528.0
2022-11-21,3346.3168821876297,3374.8277323579637,3338.355982609325,3350.482421875,226673.0
2022-11-22,3365.756130296656,3372.2358588203297,3318.546679624178,3350.1123046875,322261.0
2022-11-23,3352.9817943281705,3382.557081737225,3327.803465601065,3339.698486328125,340707.0
2022-11-24,3348.353286919528,3359.8779013978706,3330.9968717428105,3351.083984375,397640.0
2022-11-25,3362.284538059983,3381.2145551648837,3333.3571812386253,3369.68994140625,224797.0
2022-11-28,3360.386999444401,3434.2559461261108,3360.386999444401,3403.430908203125,185431.0
2022-11-29,3406.8098700237515,3422.2222764890334,3380.566879561253,3388.06494140625,134922.0
2022-11-30,3401.811231205332,3492.4811038348203,3398.1548580743424,3471.93115234375,1267676.0
2022-12-01,3465.7754956666245,3465.7754956666245,3327.2019147294877,3432.03466796875,514227.0
2022-12-02,3431.4791983266323,3436.431652822569,3370.199523285756,3387.370849609375,349992.0
2022-12-05,3399.080402509514,3399.080402509514,3367.607435819611,3387.879638671875,163476.0
2022-12-06,3380.567076790049,3424.8144128626986,3371.402979329283,3420.18603515625,251515.0
2022-12-07,3420.18561609909,3432.913653232325,3359.7852944304664,3364.506103515625,167024.0
2022-12-08,3364.8769120357174,3386.630287194426,3349.0940989024193,3365.89501953125,141912.0
2022-12-09,3378.715445473032,3396.5810271371333,3333.3573477118875,3348.121826171875,166035.0
2022-12-12,3348.1221851734963,3355.203738833332,3307.9479561039475,3329.423583984375,171844.0
2022-12-13,3346.085335397225,3371.309991428645,3324.3782912774404,3366.4501953125,126272.0
2022-12-14,3378.7156012612513,3395.3314314163995,3370.3845216964974,3380.61328125,132320.0
2022-12-15,3364.8304233495383,3384.2696087389027,3341.688535981247,3350.29736328125,161541.0
2022-12-16,3345.1600732731367,3358.258292120878,3275.9658247841244,3285.778076171875,228381.0
2022-12-19,3302.2086413430975,3366.080251926643,3286.148080747641,3359.970703125,238078.0
2022-12-20,3363.9049309567686,3363.9049309567686,3315.214306885589,3345.021240234375,152284.0
2022-12-21,3346.317017650291,3385.334150570122,3325.5819763206655,3342.66064453125,149348.0
2022-12-22,3359.4149400730566,3376.771354611263,3315.3529246290514,3333.218505859375,158182.0
2022-12-23,3313.9183770170052,3332.431887503134,3270.4116273746035,3278.5576171875,122024.0
2022-12-26,3278.7424816720986,3309.104681980877,3262.126652352176,3288.184326171875,140091.0
2022-12-27,3290.776212117988,3332.431607208089,3286.1478348857545,3324.05419921875,115917.0
2022-12-28,3313.918553407364,3337.0141137691194,3286.14828620004,3320.259521484375,229748.0
2022-12-29,3312.9926261843007,3332.431811752859,3276.891281556978,3303.55078125,748244.0
2022-12-30,3313.918414274575,3372.3286309130026,3302.486231022861,3347.2890625,287867.0
2023-01-02,3348.1682461228816,3350.94527259188,3258.794232396605,3308.31787109375,471328.0
2023-01-03,3297.7189370416518,3350.945277779868,3297.7189370416518,3334.00537109375,218996.0
2023-01-04,3321.3235346787083,3334.792157756628,3280.130976904683,3288.7861328125,250071.0
2023-01-05,3302.810202916217,3362.516273008172,3293.877524688055,3352.009765625,294998.0
2023-01-06,3349.094116118771,3376.86438242158,3330.5806052502317,3371.541748046875,173591.0
2023-01-09,3388.4352504606695,3396.3034924027306,3337.985934479217,3351.6396484375,200031.0
2023-01-10,3360.757550037642,3365.7561073237885,3298.459543886253,3308.54931640625,247609.0
2023-01-11,3318.5463529060085,3323.128400997637,3268.60620961427,3275.0859375,308958.0
2023-01-12,3275.0861747765834,3313.9182159346974,3258.424016148979,3304.939208984375,182941.0
2023-01-13,3313.9182555196753,3348.955163228125,3290.915129186018,3337.337890625,180876.0
2023-01-16,3341.6421322780197,3351.824562492357,3295.4046875491854,3316.833984375,226147.0
2023-01-17,3323.1748366918873,3344.187624025734,3302.948737886731,3338.864990234375,106465.0
2023-01-18,3355.5734927618078,3368.3015301481455,3312.9924222329682,3341.595703125,306275.0
2023-01-19,3332.385400986186,3359.229989921969,3306.512816503973,3310.169189453125,226186.0
2023-01-20,3316.7415337779107,3320.0277268912423,3287.3050086702297,3307.20703125,191361.0
2023-01-23,3317.15809697858,3357.424980533364,3305.5871534283547,3354.2314453125,173482.0
2023-01-24,3356.499318538714,3421.3892606271584,3343.0306949931246,3412.502685546875,212778.0
2023-01-25,3414.817105934599,3462.026559012036,3400.6542248123665,3441.106201171875,375571.0
2023-01-27,3563.850486650235,3698.0734270565426,3545.3369776286754,3644.15283203125,2375899.0
2023-01-30,3647.1613127528467,3655.4460629216514,3535.0158211609914,3555.658203125,654472.0
2023-01-31,3589.7695598953214,3589.7695598953214,3518.4925469732125,3534.46044921875,359118.0
2023-02-01,3544.8280196376213,3597.5451944813035,3480.632558922768,3528.027099609375,328212.0
2023-02-02,3516.64115951953,3572.274346439538,3462.0263060287025,3508.9580078125,309024.0
2023-02-03,3503.6817566109603,3571.256067900947,3489.0560385574163,3566.211181640625,242350.0
2023-02-06,3560.657060453553,3582.0863574034775,3521.362181552369,3563.017578125,205412.0
2023-02-07,3585.1412545585413,3605.5061158031285,3534.414191350296,3591.11181640625,246673.0
2023-02-08,3609.070007334945,3609.070007334945,3550.428374113305,3591.898681640625,309039.0
2023-02-09,3591.528477695885,3601.340728928393,3547.420128116138,3559.916748046875,249061.0
2023-02-10,3559.2223604948454,3562.8787335855604,3517.6596202072224,3546.864501953125,170034.0
2023-02-13,3564.6373827794473,3621.797841588426,3539.7829066483196,3594.860595703125,372862.0
2023-02-14,3605.4595890177507,3616.5676945417244,3575.467794501016,3588.0107421875,251160.0
2023-02-15,3579.217027546446,3621.1499474727425,3563.850723638732,3615.133056640625,214072.0
2023-02-16,3619.391102697421,3638.7839586752802,3602.7289441683793,3616.243896484375,166844.0
2023-02-17,3600.877948308491,3628.648215262027,3584.215788136369,3604.8583984375,167844.0
2023-02-20,3605.4597809513393,3642.486801335687,3603.978835732964,3613.652099609375,169828.0
2023-02-21,3635.1278077507313,3635.1278077507313,3540.431155795199,3551.90966796875,177954.0
2023-02-22,3551.909403154871,3601.108963527779,3531.405556088915,3555.24169921875,477992.0
2023-02-23,3561.5363306922727,3584.909636046393,3531.6369681491924,3547.095703125,299446.0
2023-02-24,3548.623455142755,3586.9000025161536,3548.623455142755,3563.804443359375,263732.0
2023-02-27,3517.5205807208417,3517.5205807208417,3356.5457012251677,3369.320068359375,822866.0
2023-02-28,3375.938461251211,3464.8033069545604,3356.129096461168,3389.0830078125,723245.0
2023-03-01,3397.229071057214,3469.75583658255,3366.5891217349667,3454.296875,432887.0
2023-03-02,3453.7416851740973,3478.086996486214,3406.485904801157,3439.115966796875,276614.0
2023-03-03,3443.5593163149406,3469.4319022976956,3422.6389588433194,3454.62109375,281411.0
2023-03-06,3445.0866733819876,3493.4995501853064,3441.8004799574537,3446.33642578125,186747.0
2023-03-08,3447.0303800307715,3534.0438747066905,3435.228017721006,3527.934326171875,478922.0
2023-03-09,3527.9341337458713,3553.4365368977246,3518.4922896120484,3530.063232421875,295897.0
2023-03-10,3545.3374179517177,3559.5927312708036,3515.715799838283,3537.83935546875,530973.0
2023-03-13,3538.8109663093314,3552.742427227394,3488.2228926510525,3497.618408203125,247745.0
2023-03-14,3497.618337961474,3512.4291450730057,3458.2308026002474,3473.96728515625,278919.0
2023-03-15,3494.3322697938606,3505.995871208948,3444.0219431861797,3452.76953125,317890.0
2023-03-16,3462.9056803233852,3527.7492936194826,3462.9056803233852,3517.751953125,377544.0
2023-03-17,3534.0439166252636,3543.43943241276,3510.2077728541844,3530.896484375,396793.0
2023-03-20,3508.3101798620237,3549.9192488014933,3503.7744602649504,3522.1953125,331370.0
2023-03-21,3523.5839208796087,3630.49944507811,3514.5585844212937,3615.410888671875,803886.0
2023-03-22,3630.268002396516,3652.252796189317,3599.581949037407,3632.304443359375,311063.0
2023-03-23,3612.4486460637454,3621.6127431343007,3566.6740376950693,3575.838134765625,256313.0
2023-03-24,3559.3151106370747,3594.305465266687,3528.6751598531496,3543.393310546875,281359.0
2023-03-27,3549.9193273181477,3558.5744839185854,3517.567012755098,3524.555908203125,198811.0
2023-03-28,3537.0060286300527,3548.854720038542,3489.3800701198084,3509.791259765625,144400.0
2023-03-29,3527.2863827772267,3604.5802846173788,3517.7055512529373,3590.972900390625,429300.0
2023-03-31,3587.5943285652215,3617.401261851935,3573.1075967123047,3596.01806640625,248433.0
2023-04-03,3614.577713919656,3698.0735982736696,3599.211410322324,3696.91650390625,497915.0
2023-04-05,3697.1479968653102,3727.648959802693,3665.721358415442,3724.13134765625,584697.0
2023-04-06,3728.620814440419,3762.8708070258945,3721.261739610916,3733.8046875,321813.0
2023-04-10,3735.1469035355262,3769.3505674393978,3730.5648550928677,3759.7236328125,218632.0
2023-04-11,3776.756044634242,3872.6095619808625,3768.0084563475075,3866.916748046875,685931.0
2023-04-12,3866.9163838650543,3987.208084704717,3860.529313906742,3967.44482421875,992142.0
2023-04-13,3952.6343697114535,3985.9125846037314,3943.423717726084,3969.62060546875,371608.0
2023-04-17,3990.587379829171,3990.587379829171,3907.3226815625894,3938.14794921875,718984.0
2023-04-18,3938.055056342732,3949.0244015841613,3864.7413748210247,3896.399658203125,235015.0
2023-04-19,3873.1191607589017,3977.535182046189,3869.369903585838,3948.74658203125,406755.0
2023-04-20,3948.006055542974,4008.637801530797,3936.018376876101,3993.688232421875,409146.0
2023-04-21,4001.695257371366,4014.6547146008825,3964.7143396954257,3988.087646484375,237639.0
2023-04-24,3988.0875485412644,4031.2706719125135,3964.390617495547,4010.118896484375,279716.0
2023-04-25,4017.4319444378852,4049.830589151094,3995.308388874584,4019.792236328125,367525.0
2023-04-26,4022.060077220902,4038.3981595186337,3962.8168447831254,3979.47900390625,964051.0
2023-04-27,3980.4044785585816,4093.8458254015127,3974.850425797802,4080.562744140625,667011.0
2023-04-28,4070.5189033136594,4109.7213477946725,4063.7612015457553,4102.54736328125,457064.0
2023-05-02,4109.953193582499,4171.556718459073,4095.2345912663236,4163.6884765625,522701.0
2023-05-03,4151.191047410655,4156.236158791609,4105.370118244232,4117.26513671875,351550.0
2023-05-04,4116.293564686992,4137.769416728646,4107.453544603844,4126.3837890625,191019.0
2023-05-05,4131.3818359375,4169.519390003168,4098.335044418991,4131.3818359375,180033.0
2023-05-08,4142.397506285377,4219.228566178491,4133.326067961448,4211.12890625,365732.0
2023-05-09,4232.975327730055,4236.8167906817025,4183.729210018116,4192.24560546875,329083.0
2023-05-10,4216.451970433583,4236.353994004235,4192.708483874037,4217.33154296875,229527.0
2023-05-11,4252.553124247444,4252.553124247444,4198.030929269259,4209.87939453125,293197.0
2023-05-12,4207.195050661776,4284.813029948219,4181.276137258359,4201.54833984375,620213.0
2023-05-15,4229.410940268916,4265.975118894572,4204.46380722075,4225.29150390625,534604.0
2023-05-16,4242.833709755006,4253.478978144268,4193.310069857134,4201.03955078125,321308.0
2023-05-17,4211.8236051344375,4258.107381015036,4173.870908912347,4192.70849609375,346510.0
2023-05-18,4202.520871239636,4232.605326451569,4177.805153392596,4182.8037109375,194233.0
2023-05-19,4197.012412441674,4211.961980283853,4132.261235119379,4149.98828125,398571.0
2023-05-22,4160.865088721792,4227.235747993839,4160.865088721792,4187.0615234375,368479.0
2023-05-23,4197.892484154551,4214.970926727392,4157.30152119957,4163.78125,239196.0
2023-05-24,4170.676882496506,4213.860004240427,4158.180263803017,4181.83154296875,395343.0
2023-05-25,4170.769621455084,4305.686822192511,4169.7978430004805,4298.8369140625,1016606.0
2023-05-26,4269.539548063579,4317.859538707938,4263.013264494861,4272.8720703125,484972.0
2023-05-29,4313.601360605485,4316.563250759896,4265.604999609501,4275.23193359375,301343.0
2023-05-30,4272.085228087914,4290.8301575668465,4245.796133438919,4250.609375,229574.0
2023-05-31,4248.664699249759,4284.905252147164,4214.275949111404,4227.6982421875,719613.0
2023-06-01,4246.072991399768,4322.718732489101,4227.790902544276,4298.46630859375,698733.0
2023-06-02,4326.791835391811,4357.1538056100835,4301.844704296041,4322.07080078125,606833.0
2023-06-05,4339.566575874268,4366.3650613570235,4321.978742055665,4359.9775390625,234925.0
2023-06-06,4366.873972556037,4392.283944670872,4359.977509598832,4374.9736328125,353149.0
2023-06-07,4384.87844816177,4432.041340548218,4384.87844816177,4425.4228515625,239491.0
2023-06-08,4444.029554187238,4470.920248116141,4421.766786017874,4443.84423828125,295499.0
2023-06-09,4443.844044009359,4463.4219906360795,4383.073537212428,4390.84912109375,208197.0
2023-06-12,4396.912413512766,4433.985535576869,4381.546110193982,4415.14794921875,137778.0
2023-06-13,4415.471867785687,4438.613753885193,4393.672391875938,4402.46630859375,247078.0
2023-06-14,4397.976898381522,4414.037458485169,4361.782896427852,4378.63037109375,191238.0
2023-06-15,4389.460634002486,4410.519751967881,4352.989109110964,4370.623046875,178304.0
2023-06-16,4346.046850152429,4364.328942866063,4276.621181619643,4296.93994140625,658995.0
2023-06-19,4299.762150155921,4309.01890397757,4245.748901208613,4255.65380859375,193043.0
2023-06-20,4244.2220125398835,4322.904427167123,4229.457308057959,4315.4990234375,453523.0
2023-06-21,4330.309937925178,4354.053423822132,4292.357242872819,4304.52978515625,274821.0
2023-06-22,4317.396676967437,4321.978951532998,4259.588512624223,4269.30810546875,180102.0
2023-06-23,4270.2334271431455,4309.019137358543,4263.10554551845,4279.02734375,348409.0
2023-06-26,4281.017537807113,4311.750143546111,4258.61601111893,4264.494140625,298624.0
2023-06-27,4289.487476306446,4330.91145364951,4267.363922939096,4274.8154296875,444793.0
2023-06-28,4285.877568671315,4387.701873758539,4276.713471611463,4365.76318359375,769406.0
2023-06-30,4422.716750340904,4517.162168434897,4421.762756218742,4475.7109375,587936.0
2023-07-03,4469.653749223947,4472.324746619341,4376.972841345123,4398.533203125,457367.0
2023-07-04,4399.774037094132,4459.732203999465,4399.774037094132,4412.60498046875,286373.0
2023-07-05,4434.117480863029,4674.5715300781185,4419.855081398352,4665.0791015625,891033.0
2023-07-06,4665.031208018706,4710.822925398031,4609.699549518689,4691.45703125,888595.0
2023-07-07,4651.198176531147,4687.115960784623,4598.776015063086,4611.607421875,405959.0
2023-07-10,4625.918007194097,4723.225418358006,4622.149543670066,4672.6162109375,659388.0
2023-07-11,4711.300050628779,4726.5164434572325,4679.341247004993,4691.4091796875,400593.0
2023-07-12,4702.23691065598,4719.885801475038,4643.089276559678,4654.0126953125,295827.0
2023-07-13,4694.605135107746,4760.430730377495,4626.7285456126465,4642.56494140625,501038.0
2023-07-14,4669.754061323336,4680.581522759837,4626.8718360212615,4636.0302734375,419873.0
2023-07-17,4659.260058803964,4680.676948640995,4599.301431465227,4610.796875,250127.0
2023-07-18,4622.625995803152,4765.296095136061,4607.791573647681,4636.98388671875,270028.0
2023-07-19,4656.445545552689,4683.300388284977,4596.534897980739,4601.73388671875,247325.0
2023-07-20,4605.883678206753,4664.077320371337,4562.047461429567,4644.71142578125,450566.0
2023-07-21,4619.335419241613,4654.91921665364,4612.800465793604,4638.98779296875,367833.0
2023-07-24,4638.319368287914,4692.697032622018,4627.968439018725,4658.11474609375,288534.0
2023-07-25,4659.784422872622,4684.015781104557,4557.564042925088,4625.8701171875,743269.0
2023-07-26,4665.031258139357,4677.910178790662,4618.238032766592,4646.380859375,387130.0
2023-07-27,4673.6169102939475,4682.202856852969,4602.353367527105,4627.8251953125,321326.0
2023-07-28,4631.641722322912,4674.571460222918,4607.4578768090805,4667.41650390625,255158.0
2023-07-31,4670.278557210763,4711.204814798844,4642.183241987877,4704.52685546875,325463.0
2023-08-01,4714.400342241614,4749.602631357425,4673.760100430484,4697.41943359375,391794.0
2023-08-02,4687.354454836589,4710.775289167562,4599.443992865502,4609.794921875,249850.0
2023-08-03,4614.47013171039,4687.593696929276,4584.896310316339,4604.26220703125,418377.0
2023-08-04,4607.791519035508,4640.418303696025,4483.77228560391,4495.22021484375,451353.0
2023-08-07,4525.319131677909,4525.319131677909,4450.383071432343,4455.24853515625,436583.0
2023-08-08,4455.248680380375,4481.865027032583,4423.766869845663,4436.21630859375,487053.0
2023-08-09,4436.549421351302,4474.041201965332,4403.7321185155415,4451.86083984375,282034.0
2023-08-10,4455.15286353684,4491.786147238402,4415.8481166150505,4423.28955078125,330123.0
2023-08-11,4423.289065962086,4436.0724935326525,4370.819391307399,4387.46630859375,274197.0
2023-08-14,4365.477425811227,4420.52307705721,4332.087629066605,4404.30517578125,154258.0
2023-08-16,4366.4309587669495,4402.682734260317,4349.974560681144,4388.9453125,188763.0
2023-08-17,4365.524526363517,4453.6739540873605,4365.524526363517,4443.5615234375,311184.0
2023-08-18,4435.643320681531,4435.643320681531,4383.8891379638035,4403.20751953125,243546.0
2023-08-21,4391.235173680117,4416.945502942294,4381.5042467988105,4398.72412109375,118491.0
2023-08-22,4405.497836671239,4423.241756678793,4389.947451246158,4415.466796875,96290.0
2023-08-23,4426.532746875503,4451.670585271787,4406.498870219385,4446.328125,263771.0
2023-08-24,4473.278388812626,4509.625657624175,4363.998549667542,4417.1357421875,433867.0
2023-08-25,4411.26899126067,4433.115364338499,4359.514808134396,4373.15673828125,293384.0
2023-08-28,4375.4938423676695,4407.452644007115,4375.016845328275,4388.80224609375,283469.0
2023-08-29,4402.683385362375,4456.107062411193,4393.190956416881,4449.95361328125,320941.0
2023-08-30,4473.231256879714,4503.615599267929,4447.139422541838,4459.9228515625,370694.0
2023-08-31,4459.922715080079,4486.682065043574,4390.47212629309,4401.5380859375,479472.0
2023-09-01,4409.742121457477,4482.8181608047535,4406.498634764239,4453.673828125,456071.0
2023-09-04,4467.5546906284935,4473.660160142776,4409.742550859814,4423.81396484375,328037.0
2023-09-05,4425.579185090847,4517.162630180031,4422.097199352516,4485.29931640625,353620.0
2023-09-06,4485.203264722924,4493.312214579383,4452.00445634345,4468.3173828125,224928.0
2023-09-07,4463.738391417049,4507.6221199926385,4440.842533029784,4500.18115234375,319934.0
2023-09-08,4500.181241274277,4564.480351685674,4486.348326558612,4540.58251953125,209769.0
2023-09-11,4559.138482961408,4588.712304466284,4543.874575087923,4585.27783203125,151600.0
2023-09-12,4621.100074958016,4626.7285471890755,4543.492558939184,4598.82421875,305478.0
2023-09-13,4598.25176153132,4620.193626783441,4579.410377238739,4587.08984375,207142.0
2023-09-14,4593.434171815716,4634.503432331446,4567.294360288588,4621.62451171875,249498.0
2023-09-15,4669.706156541469,4912.1161780079,4667.893660709391,4894.46728515625,1689829.0
2023-09-18,4888.265470917664,5032.223078683433,4859.88414816985,4938.4931640625,804973.0
2023-09-20,4937.873460928929,5021.2049387160905,4928.429012503699,4944.50390625,622924.0
2023-09-21,4930.241501600174,4946.983911703753,4839.707554805871,4851.2509765625,640829.0
2023-09-22,4818.6248543518695,4850.249669903826,4766.346156889819,4770.97265625,498375.0
2023-09-25,4769.970955487778,4827.3536129188005,4763.149990184926,4775.17041015625,539731.0
2023-09-26,4780.46514181366,4868.185098603595,4770.114211134958,4835.98779296875,450923.0
2023-09-27,4832.171586247941,4834.413099953789,4787.142873885203,4801.4052734375,257406.0
2023-09-28,4815.571860688676,4892.893372084282,4751.034244556915,4776.267578125,580065.0
2023-09-29,4797.636451929124,4848.675137587944,4774.645100366054,4830.740234375,248079.0
2023-10-03,4831.9802914045495,4839.612244480805,4767.204182833317,4785.6640625,464531.0
2023-10-04,4780.7028890651745,4788.287328416454,4677.480542080313,4692.3154296875,256544.0
2023-10-05,4707.96113812931,4807.462541813855,4698.516689191995,4780.51220703125,657876.0
2023-10-06,4884.450309696266,4884.450309696266,4767.586020059979,4783.8994140625,279352.0
2023-10-09,4728.99636578688,4835.5101819291,4728.99636578688,4776.9345703125,244083.0
2023-10-10,4776.934795363074,4831.026450837469,4772.069797776272,4805.74560546875,307502.0
2023-10-11,4822.440750678927,4860.600519230293,4817.670779610005,4831.408203125,575680.0
2023-10-12,4851.060137591928,4914.023749997251,4818.719829838137,4871.66650390625,472168.0
2023-10-13,4855.782720839559,4887.741524935114,4808.130526614876,4819.9599609375,387366.0
2023-10-16,4803.360349086407,4864.797476673896,4800.498366753287,4843.14208984375,158560.0
2023-10-17,4849.1520116285255,4913.069616346037,4836.750088325128,4904.72216796875,318565.0
2023-10-18,4913.0698859921495,4959.577100932366,4889.840035212365,4901.001953125,360985.0
2023-10-19,5056.169219650412,5242.198087165852,5003.6995390691345,5230.36865234375,2838352.0
2023-10-20,5199.268467613572,5256.508120468034,5186.7710502435175,5236.76025390625,763919.0
2023-10-23,5202.177453247671,5240.671209179121,5146.845794250352,5156.7197265625,451167.0
2023-10-25,5137.258736201372,5174.416996395595,5086.98305583579,5101.29296875,620266.0
2023-10-26,5088.461723399038,5101.4361368323525,4995.113303882436,5017.38916015625,746266.0
2023-10-27,5022.779084654926,5174.178139117656,5022.779084654926,5126.3349609375,843465.0
2023-10-30,5140.120206091867,5149.421648558347,5032.318872890609,5064.6591796875,360967.0
2023-10-31,5094.329090024657,5119.275945494895,5049.109857557598,5069.57275390625,400987.0
2023-11-01,5060.938754227984,5198.790903141451,5060.938754227984,5098.478515625,619765.0
2023-11-02,5136.2087820075885,5144.747215596359,5041.858857942966,5073.72216796875,304362.0
2023-11-03,5110.546848787834,5129.674245869132,5072.005576879269,5121.947265625,448715.0
2023-11-06,5132.48819292006,5177.802912095469,5129.721703228625,5158.10302734375,394137.0
2023-11-07,5158.103400095338,5194.498184015443,5156.624429661754,5169.6943359375,202689.0
2023-11-08,5184.004593331907,5185.197086107333,5133.68139820893,5149.279296875,202145.0
2023-11-09,5172.365122591183,5204.037913635427,5134.539348976367,5169.5986328125,232773.0
2023-11-10,5161.061244282874,5177.374172877699,5102.962623321685,5143.984375,149325.0
2023-11-13,5184.958331570786,5189.537317275361,5147.323075109398,5175.609375,93497.0
2023-11-15,5270.817574526231,5299.43739846031,5209.857442710131,5281.9794921875,640468.0
2023-11-16,5266.047553698491,5326.435195297079,5244.058175512289,5295.52587890625,324712.0
2023-11-17,5301.249913148661,5413.869200223421,5227.267854340852,5372.41796875,531539.0
2023-11-20,5351.954702305933,5414.8232895321225,5348.091212320055,5390.2099609375,679425.0
2023-11-21,5381.004060344054,5444.778663113786,5380.527063263977,5424.36328125,746193.0
2023-11-22,5418.686729646748,5499.680739185195,5400.846852854204,5486.94482421875,497403.0
2023-11-23,5533.165563952998,5671.494703051823,5517.043157455997,5652.6533203125,1118718.0
2023-11-24,5666.725120775572,5685.8050033371055,5628.565355652504,5657.47119140625,297211.0
2023-11-28,5695.154366684187,5761.790954458529,5640.013688465625,5722.2001953125,380535.0
2023-11-29,5733.5046436973635,5815.9296422502575,5698.492873273268,5790.69677734375,406974.0
2023-11-30,5814.594092923479,5846.93440004713,5753.53846996251,5810.3486328125,501833.0
2023-12-01,5771.664459216415,5809.8242242360275,5727.112747229039,5767.89599609375,439023.0
2023-12-04,5810.348919119308,5931.649648679876,5807.391909890377,5916.3857421875,359158.0
2023-12-05,5909.0873342944105,5909.0873342944105,5829.953798294934,5857.61962890625,565826.0
2023-12-06,5808.917692326174,5815.54813776691,5712.373767167358,5790.69677734375,699201.0
2023-12-07,5790.696920797933,5871.309425688878,5784.161967770502,5813.2587890625,427407.0
2023-12-08,5833.673910639479,5838.443881130599,5769.8038194364135,5796.18212890625,233266.0
2023-12-11,5805.054364483059,5862.294013105735,5741.422768770536,5855.99755859375,175955.0
2023-12-12,5880.419758846438,6010.115445857251,5867.016327780197,5966.47021484375,810900.0
2023-12-13,5971.907804119411,6037.828892139407,5937.993498881284,6025.5224609375,373989.0
2023-12-14,6034.013220363883,6067.403016840205,5995.090443941332,6043.41015625,419212.0
2023-12-15,6075.941347858498,6107.566161391521,5968.330526124674,5986.50439453125,553522.0
2023-12-18,5986.504346667072,6188.3216251412005,5974.054443372981,6168.240234375,851061.0
2023-12-19,6172.34217843268,6172.580676971259,6101.651118434279,6123.6884765625,377109.0
2023-12-20,6137.998052690443,6168.5258639565445,6057.862548116927,6071.64794921875,385863.0
2023-12-21,6041.836425380664,6053.093370933417,5945.292023271403,5958.98193359375,397717.0
2023-12-22,5998.715286924713,6100.792662195219,5976.057925591305,6078.9462890625,237213.0
2023-12-26,6086.33955465562,6177.112003128843,6076.99013267393,6167.142578125,302139.0
2023-12-27,6172.342190509049,6430.159111217715,6167.763204886351,6400.966796875,1017894.0
2023-12-28,6400.966647319969,6428.632477202901,6359.324896538975,6394.90869140625,406228.0
2023-12-29,6420.3330022642895,6519.54839210485,6359.3248911266965,6484.53662109375,345626.0
