Date,Open,High,Low,Close,Volume
2013-01-01,28.91787577861778,28.994720238269835,28.578140916414434,28.82080841064453,3134094.0
2013-01-02,29.06347912405639,29.81979339188739,28.84507983618341,29.64183807373047,5924406.0
2013-01-03,29.73081803405714,30.009886083903346,29.37895083082048,29.625661849975586,3592554.0
2013-01-04,29.540723292450846,30.713616845698997,29.540723292450846,30.252548217773438,10694964.0
2013-01-07,30.49521132922597,31.8137066760952,30.41432155573429,31.182769775390625,12833436.0
2013-01-08,31.376906609441445,31.5305955231858,30.519479766200554,30.798547744750977,8416686.0
2013-01-09,30.907751458163077,31.781352247248073,30.301082700682283,31.198951721191406,10268136.0
2013-01-10,31.546775341219345,32.019976230775185,30.665083908724334,30.806638717651367,19261848.0
2013-01-11,30.899663477747943,30.960330358727035,29.831927853640902,29.989660263061523,7385700.0
2013-01-14,30.171656092086856,30.44668059967631,29.75103331506543,30.18379020690918,6698568.0
2013-01-15,30.25254486154505,31.2677059056806,30.022011498860792,31.15850257873535,8638002.0
2013-01-16,31.4173567033868,31.44566841092366,30.576110934748733,30.91584587097168,6631530.0
2013-01-17,31.10188830039922,32.99469198924781,30.859218929621363,32.044246673583984,39735360.0
2013-01-18,32.840992417905106,35.42944635382484,32.78437273045147,35.182735443115234,54611460.0
2013-01-21,35.583136437647084,36.319229427447375,34.7823331155426,35.664024353027344,19793598.0
2013-01-22,35.59123426185846,35.89861210513468,34.82278595085573,35.0897216796875,10802844.0
2013-01-23,35.105900378254645,35.2151000152138,33.26971649937508,34.341495513916016,12683658.0
2013-01-24,34.39407836851976,34.620568306500665,33.38296244171882,33.641807556152344,4931478.0
2013-01-25,33.504292190818276,34.523494938219805,33.32229156796757,33.96940612792969,6778632.0
2013-01-28,33.993674288751464,34.22825486921662,33.32633860031616,33.62967300415039,5403480.0
2013-01-29,33.42744937659183,33.81976234332246,32.84504883591045,33.124114990234375,5213730.0
2013-01-30,33.22926306374329,33.932997187552836,32.760105746933114,33.11197280883789,7766466.0
2013-01-31,33.1119834792769,34.098831180345144,32.97042865544415,33.20096206665039,9905052.0
2013-02-01,33.326331107322694,34.442602943578414,33.217131487056996,34.187801361083984,6523680.0
2013-02-04,34.53159013793439,34.71359078479334,33.674163140308536,33.87638854980469,6018024.0
2013-02-05,33.973453709336574,33.973453709336574,32.92189566212798,33.30611801147461,5809608.0
2013-02-06,33.569005669661166,34.17972164318877,33.1645622718904,33.83998489379883,6463020.0
2013-02-07,33.54070007048528,34.0139047824549,33.010875642321665,33.23332214355469,4225542.0
2013-02-08,33.28589515409966,33.31420315489095,32.36375786265979,32.46891403198242,4434096.0
2013-02-11,32.50126474009764,32.71157704983982,31.874374984267128,32.56193161010742,5581800.0
2013-02-12,32.517448349573925,33.362741215729535,32.33140423449305,33.18882751464844,4291362.0
2013-02-13,33.31825043961522,33.39913837674294,32.25860180058621,32.472957611083984,5279826.0
2013-02-14,32.76010771657061,33.05939857695325,31.081656519043662,31.332414627075195,10744224.0
2013-02-15,31.38499978619831,31.89864655949425,30.090774174264297,30.69744300842285,12565236.0
2013-02-18,31.49419692114727,31.639798910844895,30.495217011693853,30.681262969970703,9797484.0
2013-02-19,30.73788174593486,30.996726824243417,30.240414497481424,30.879438400268555,4026966.0
2013-02-20,30.859208314515325,31.890546768485923,30.81876435900092,31.781343460083008,9150120.0
2013-02-21,31.789442060254487,32.258599467285414,31.328375297757333,31.56699562072754,10447020.0
2013-02-22,31.627665506171148,31.82584373377755,31.178732816325518,31.48611068725586,6378330.0
2013-02-25,31.554864057803485,31.607443994495835,30.377928825569228,30.968420028686523,5465262.0
2013-02-26,30.875388697201252,31.19894592488082,30.013920332470498,30.418365478515625,8341722.0
2013-02-27,30.535664927697358,31.097844494950927,30.11099672279581,30.741933822631836,8809578.0
2013-02-28,31.045264956699537,31.12615289572168,29.807659124191957,30.086727142333984,16710564.0
2013-03-01,30.1716540866651,31.45374894289278,30.1716540866651,31.182769775390625,8986242.0
2013-03-04,31.380952781784103,31.943132257958784,31.146375920297903,31.324329376220703,9225384.0
2013-03-05,31.356687701057975,31.66406928871071,30.919887256589504,31.417354583740234,5790462.0
2013-03-06,31.846073892186457,31.846073892186457,31.00482437300531,31.081668853759766,6052704.0
2013-03-07,31.287928671118568,31.781350593358933,30.964371400164566,31.599349975585938,5832984.0
2013-03-08,31.728765859975805,33.04321564803738,31.631700370974105,32.792457580566406,9891312.0
2013-03-11,32.95020133561629,33.20095948991769,32.238380097498236,32.34353256225586,5421996.0
2013-03-12,32.36376799814516,32.74394697466221,31.902697356623758,32.09278869628906,3784284.0
2013-03-13,32.11299255926444,32.27477209979963,31.49014632699961,31.591259002685547,3100086.0
2013-03-14,31.60339641739305,32.436555028538855,31.429482745159312,32.13322067260742,3882630.0
2013-03-15,32.371844921519845,32.9785137071766,32.1696232272384,32.35971450805664,7459068.0
2013-03-18,31.890556067699542,32.00784264718901,31.437576228227883,31.716642379760742,4379352.0
2013-03-19,31.85819475017167,32.11299635320396,30.11098957665485,30.91988182067871,8004990.0
2013-03-20,30.59228709103873,31.000777689707718,30.414329910752183,30.76215362548828,4253784.0
2013-03-21,30.584193417180067,31.041216709518938,29.67014498109625,29.835968017578125,4810464.0
2013-03-22,29.84810586752878,30.10695098321144,29.233348254930885,29.609481811523438,6681426.0
2013-03-25,30.495227982397864,30.68531748021452,29.840026198673556,30.102916717529297,7629390.0
2013-03-26,30.03009422729719,30.402184160289192,29.77933800835488,30.309162139892578,4981668.0
2013-03-28,30.244462007171602,31.04526557939689,30.094816539869708,30.551841735839844,8850438.0
2013-04-01,30.495216369628906,30.705528704625248,30.208059570246864,30.495216369628906,1699896.0
2013-04-02,30.252550801236058,30.940109405152658,30.09886186260508,30.551841735839844,4195404.0
2013-04-03,30.252552890351506,30.6893552056211,30.171663092714734,30.33344268798828,4001844.0
2013-04-04,30.373879211034737,30.543747559266215,29.730810013499347,29.892589569091797,3302088.0
2013-04-05,29.892593456372854,30.802596632146322,29.892593456372854,30.45477294921875,4347108.0
2013-04-08,30.41837566329664,30.89966541863896,30.272775510082532,30.774288177490234,1895394.0
2013-04-09,30.940106319283306,31.170639704237093,30.030103192245562,30.12717056274414,4880304.0
2013-04-10,30.4669107129103,30.47095418453673,29.60948366777476,29.888551712036133,4404636.0
2013-04-11,30.236370369184574,30.236370369184574,29.524545450026253,29.629701614379883,4679934.0
2013-04-12,29.694418771785312,30.398153163771777,29.68632812572424,30.280864715576172,3390996.0
2013-04-15,30.572058580431385,32.836955782945175,30.572058580431385,31.935043334960938,15817716.0
2013-04-16,32.036143000965964,33.07557018090936,32.036143000965964,32.88547897338867,10868310.0
2013-04-17,33.05940500420993,33.05940500420993,32.11704666063994,32.464866638183594,4846542.0
2013-04-18,32.54575414988872,33.27780006340034,32.54575414988872,32.788421630859375,5922588.0
2013-04-22,32.942124722383504,34.15950612188338,32.85718958635693,33.54475021362305,7399998.0
2013-04-23,33.3425131662049,33.569003080726496,32.78438087598845,33.42744827270508,3202530.0
2013-04-25,33.2616310379131,33.97345607879927,33.148387912296435,33.710567474365234,5440020.0
2013-04-26,33.32633884148559,33.916830065410196,33.1766933741361,33.41127395629883,2262666.0
2013-04-29,33.269707438416255,33.714596509920455,33.269707438416255,33.51237487792969,3409308.0
2013-04-30,33.52855987316383,33.79953536476036,32.201975602364854,33.50833511352539,5461140.0
2013-05-02,33.67011043651778,34.13522430744893,33.568997759494934,33.71864318847656,3868398.0
2013-05-03,33.39913189488171,33.564954910921124,32.46486066542036,32.622596740722656,3641244.0
2013-05-06,32.743940786998536,33.12816316331475,32.24647158220205,33.0391845703125,3148416.0
2013-05-07,33.09175971673092,33.265669703074735,32.64686681620055,32.89762496948242,3362454.0
2013-05-08,33.0027731969104,33.399129538165106,32.90166052514939,33.11197280883789,2997360.0
2013-05-09,33.403174335192624,33.403174335192624,32.873350134840805,33.14837646484375,4056204.0
2013-05-10,33.221180601274504,33.730783852838,33.221180601274504,33.57305145263672,10247400.0
2013-05-13,33.88852418728124,34.054347271276484,32.88145526723297,33.13220977783203,3931236.0
2013-05-14,33.28589521873272,33.56900484969444,33.00682535610628,33.14433670043945,4681062.0
2013-05-15,33.237360444869445,33.90874331610532,33.18882768019052,33.641807556152344,5957592.0
2013-05-16,33.690341556112095,34.64483410771182,33.378920194227724,34.12714385986328,6074976.0
2013-05-17,34.12714533612947,34.450700829327936,33.569009240682135,33.83190155029297,3900696.0
2013-05-20,33.912785061933555,33.96131782414307,32.92998089023811,33.14433670043945,4365612.0
2013-05-21,33.23735356382676,33.362734475139106,32.42037627050338,32.545753479003906,4369458.0
2013-05-22,32.65899766192933,32.747976233125684,30.6084581621978,31.518461227416992,17432802.0
2013-05-23,31.599343000103694,31.611477112505725,30.20400708993394,30.729785919189453,18219108.0
2013-05-24,30.94010527397746,31.611484348715187,30.834949113773853,30.936059951782227,6878490.0
2013-05-27,31.328372329370694,31.42139436722838,30.418367451776398,30.531612396240234,8471316.0
2013-05-28,30.72171242415298,31.061447375099437,30.576112259863507,30.78642463684082,5519850.0
2013-05-29,30.980548571358955,31.287928252362203,30.543748205393495,30.636770248413086,4561608.0
2013-05-30,31.134247336966848,31.134247336966848,30.18784352377069,31.037179946899414,7588122.0
2013-05-31,31.162555432630317,31.300066781200446,30.333440167124735,30.48308563232422,4944264.0
2013-06-03,30.737881494503494,30.843037653844814,29.564988007318775,29.75507926940918,9184224.0
2013-06-04,29.888545394996452,30.30512471182671,29.67418960472056,30.038190841674805,5793606.0
2013-06-05,29.989654994592325,30.373879123762975,29.945167560908484,30.22423553466797,4300278.0
2013-06-06,30.26872110437648,30.29298748072949,29.840009567922433,30.171653747558594,2803212.0
2013-06-07,30.090770872432202,30.77832757476271,30.090770872432202,30.430505752563477,4617864.0
2013-06-10,30.721705373028325,30.721705373028325,29.447700987938475,29.629701614379883,4693254.0
2013-06-11,29.605442077564966,29.900687729907673,28.51343806650724,29.043262481689453,11963790.0
2013-06-12,29.116054535048118,29.718679811179328,28.772276195534197,29.3385009765625,3340914.0
2013-06-13,29.12819282573537,29.294015887212662,28.61859137546756,28.901702880859375,5081082.0
2013-06-14,29.221214378260555,30.07459605388042,29.132237641854896,29.840017318725586,5464110.0
2013-06-17,30.14335584811788,30.14739932007642,29.25761887462883,29.67824363708496,5620086.0
2013-06-18,29.52859251981564,29.6054369864509,29.281879680938978,29.512414932250977,4628076.0
2013-06-19,29.294011578186904,29.686322675426528,29.002809469863937,29.504322052001953,4458438.0
2013-06-20,29.047292187011927,29.107959047762918,28.35569034473177,28.42040252685547,5331042.0
2013-06-21,28.31929681330938,28.776320116171707,27.86227351044705,28.17774200439453,3291474.0
2013-06-24,28.31120482656335,28.448716149007197,27.081689865576845,27.41737937927246,5785620.0
2013-06-25,27.34458531211762,28.55387759034276,27.34458531211762,27.902719497680664,6566046.0
2013-06-26,28.11707757386039,28.561966799718526,28.01192140006664,28.19392204284668,5036970.0
2013-06-27,28.70352310623058,28.70352310623058,27.720718907191706,27.95934295654297,7713090.0
2013-06-28,28.472985552603337,29.868323683494182,28.331430744609783,29.682279586791992,9664824.0
2013-07-01,29.92899566817652,30.38197557446248,29.176726656855745,30.280864715576172,6935214.0
2013-07-02,30.426460940394875,30.628684483451465,29.93708244708221,30.054370880126953,5272596.0
2013-07-03,29.686321444892663,29.767211224641525,28.57409669322738,28.909786224365234,4719666.0
2013-07-04,29.12010103266542,30.74192912869997,28.845078349954115,29.653968811035156,3858606.0
2013-07-05,30.00987796608573,30.08267895118962,29.176719365034362,29.556900024414062,3100614.0
2013-07-08,29.289969110196868,29.289969110196868,27.866319156744357,27.96338653564453,8082120.0
2013-07-09,28.311208023366092,28.622631194984532,27.87036230710386,27.95529556274414,4045914.0
2013-07-10,27.987652217205305,27.991697539786127,27.0169821553044,27.101917266845703,4420080.0
2013-07-11,27.647917669490717,27.8784510560626,27.34862676263657,27.449739456176758,5166516.0
2013-07-12,27.59128982657152,27.898669477295314,27.170667087661176,27.82182502746582,2971194.0
2013-07-15,28.068537863783,28.092804241468023,27.41333640925766,27.54275894165039,4476006.0
2013-07-16,27.178762192492794,28.335476381720913,27.178762192492794,28.06854248046875,5982888.0
2013-07-17,27.90676105043788,28.185829031223456,27.097868808652173,27.68027114868164,7051560.0
2013-07-18,27.74498519515552,28.064499034098958,27.51040832067015,27.789474487304688,4004406.0
2013-07-19,27.6681360282193,28.270761254099437,27.591291573524373,28.04022789001465,3777972.0
2013-07-22,27.910813767156032,28.5538831920638,27.56703532993152,28.00788116455078,6417972.0
2013-07-23,28.11304171795937,28.917889029091004,28.104952921205733,28.53366470336914,8577672.0
2013-07-24,28.392096924638196,28.877431914802948,27.963383486003167,28.153472900390625,6907116.0
2013-07-25,28.31120916079595,29.443656934777806,27.801607755074425,28.32334327697754,11431242.0
2013-07-26,28.55387337753923,28.97854147519374,28.040228559978637,28.33951759338379,7201812.0
2013-07-29,28.311210946175684,28.351654916987833,27.239429982700056,27.53467559814453,6435198.0
2013-07-30,27.591301354136363,27.62770185910726,24.86533657581782,25.180803298950195,15023274.0
2013-07-31,24.99475348029421,26.28897896344967,23.356747791051628,26.187868118286133,13281558.0
2013-08-01,26.503337111254318,26.503337111254318,24.11306246859402,24.634796142578125,12357882.0
2013-08-02,24.266747027339473,24.428524723719782,22.822876319775123,23.445722579956055,8653662.0
2013-08-05,23.93915104100209,23.93915104100209,22.568079192874187,22.798612594604492,10875852.0
2013-08-06,22.648964186874387,23.12216689669548,20.703580822938996,21.14847183227539,14497224.0
2013-08-07,21.19296598905285,22.648971370807928,21.031188230437813,22.135326385498047,19404390.0
2013-08-08,22.24452295647738,22.891635752392492,21.540786749503635,22.32541275024414,8079654.0
2013-08-12,22.406295718691467,23.110031769444742,22.034207563619656,22.96038818359375,6901284.0
2013-08-13,22.648965396829436,23.33652392955177,22.28900946971753,23.13834571838379,9527664.0
2013-08-14,23.781418109762257,24.73591064809669,23.457860783650453,24.630754470825195,15142986.0
2013-08-16,24.266749959046553,24.630751208432255,23.259679465464902,23.474035263061523,9352428.0
2013-08-19,23.017014601797378,23.69243909624714,22.361813018431462,23.32843780517578,5524134.0
2013-08-20,23.053408439999394,24.40021356837219,22.669184348864146,24.076656341552734,9379182.0
2013-08-21,24.392128570204534,24.56604041158514,22.620656833056533,23.00892448425293,9719454.0
2013-08-22,22.891633726558283,24.169683468219553,22.657056863065975,23.890615463256836,8002008.0
2013-08-23,23.95128484026216,24.553910203150497,23.643906951599405,24.355731964111328,11301348.0
2013-08-26,24.630747123420765,25.237415771780885,24.104966393904807,24.695457458496094,7485792.0
2013-08-27,24.388085408115813,24.64693051219356,23.336525552819523,23.4659481048584,8385126.0
2013-08-28,22.325410651927,22.64896609377112,20.735937739950174,21.59336280822754,27202758.0
2013-08-29,22.23643317234965,22.398212752681285,21.451809057944313,21.84816551208496,24621858.0
2013-08-30,22.216216314387008,22.28497014963068,21.35474571814904,22.082748413085938,21660060.0
2013-09-02,22.487187741137035,22.63278787101729,21.888607783712782,22.357765197753906,12525702.0
2013-09-03,22.64896609377112,22.64896609377112,21.156562406316137,21.59336280822754,11250162.0
2013-09-04,21.556959780551246,22.11509572187261,21.395182078625982,21.908828735351562,10263102.0
2013-09-05,22.151497768703642,23.381012833006654,22.08274210170416,23.239456176757812,13341936.0
2013-09-06,23.67682828630139,25.527238343756135,23.180583921577956,25.20341682434082,16131576.0
2013-09-10,25.493589888433014,25.55246564135556,24.770247658988012,25.102479934692383,8872500.0
2013-09-11,24.976314309493162,26.49449163321114,24.946877397206247,26.275806427001953,10541934.0
2013-09-12,26.284224370244154,26.650101937478965,25.417896057168434,25.552471160888672,8628870.0
2013-09-13,25.333790866973835,25.85526969723779,24.896420283452862,25.66602325439453,6749034.0
2013-09-16,26.24216915898363,27.083263040926294,25.775361727236056,26.734209060668945,9172170.0
2013-09-17,26.830938008157517,27.041212468761717,26.221144575053945,26.38515853881836,6340200.0
2013-09-18,26.410392439682365,26.881406332841646,26.39357078994302,26.557584762573242,7490538.0
2013-09-19,27.028590365248196,28.815916090871333,26.751027454342704,28.294437408447266,20351928.0
2013-09-20,28.1935098563505,29.148152768183383,27.137937061859247,28.42481231689453,12199572.0
2013-09-23,28.037906780675247,28.63087846460264,26.931865268684565,27.201017379760742,9344748.0
2013-09-24,27.06643624157838,27.167368027228733,26.288424645149632,26.5239315032959,8560134.0
2013-09-25,26.07394836867776,26.170675722685782,24.993143154296202,25.69545555114746,17887980.0
2013-09-26,25.737514058985482,26.229553998890996,25.573500103978912,26.006664276123047,9627438.0
2013-09-27,26.490291981266175,28.588826138497687,26.48608753206424,27.63838768005371,47210010.0
2013-09-30,27.75614417324182,28.344909584416197,27.508020039510967,27.86128044128418,18153786.0
2013-10-01,27.63417482577954,27.63417482577954,26.952888655008366,27.449134826660156,8148858.0
2013-10-03,27.33980136049985,28.399582555542544,27.22625426911977,28.201923370361328,8336538.0
2013-10-04,28.100988364114215,29.522438598064724,28.04631705318428,28.719192504882812,16336194.0
2013-10-07,28.719190417333266,29.94298333823207,28.260793868704276,29.67803955078125,14831244.0
2013-10-08,29.678042223365782,30.001863720598063,28.656110868719015,28.74022102355957,8423508.0
2013-10-09,28.580413575994474,29.21964771820816,28.49209896592354,28.618263244628906,9498840.0
2013-10-10,28.874797323235793,29.110304226542635,28.54676943824825,28.853769302368164,3366900.0
2013-10-11,29.169180909452393,29.186002556631223,28.22294881728732,28.508920669555664,3489072.0
2013-10-14,28.50892500638788,28.975732524511475,28.31126773429745,28.820131301879883,4130400.0
2013-10-15,29.000964758005917,29.064046902367846,28.058937042140172,28.85797882080078,4865748.0
2013-10-17,28.883210564958468,29.68225039834944,28.74022463136008,29.27431869506836,6348342.0
2013-10-18,29.539262051620366,30.69156217541611,29.400480578816484,30.464466094970703,10630740.0
2013-10-21,30.61585294317253,31.187798371066368,30.077552722881933,30.514923095703125,12946866.0
2013-10-22,30.48129030684838,31.255097621189087,30.199522906210092,30.363534927368164,10798422.0
2013-10-23,30.657921529200653,30.935482573660284,29.488799657774628,29.951400756835938,6637608.0
2013-10-24,30.060737847470403,30.60745093654675,29.7116839002928,30.02288818359375,4992996.0
2013-10-25,30.022889269639975,30.195314025115657,28.975725465113253,29.3373966217041,6431550.0
2013-10-28,29.543468297976357,29.64860648381067,29.059839188526727,29.16918182373047,5387454.0
2013-10-29,29.270111921104867,30.01027592751583,29.24487945102328,29.543466567993164,7569204.0
2013-10-30,29.85887309032754,30.51913322012455,29.371039628146335,30.418203353881836,5518344.0
2013-10-31,30.67474323396762,30.91025015852399,29.888318668951584,30.241579055786133,7152750.0
2013-11-01,30.275212807218548,30.447637534233717,29.74111890842377,29.926158905029297,4385460.0
2013-11-05,30.699968694431707,31.831242563819426,29.97662836291943,31.36443519592285,15162480.0
2013-11-06,31.50742527780709,32.08357533536161,30.969122962446438,31.1079044342041,7848828.0
2013-11-07,30.994354255633485,31.24668279462162,29.480383021704665,30.07335662841797,8289948.0
2013-11-08,29.86728322381188,30.144844181916387,29.480377736619385,29.598133087158203,7118514.0
2013-11-11,29.421505442824476,29.421505442824476,28.445834639000438,28.521533966064453,6774732.0
2013-11-12,28.614059691792807,28.933674847798127,28.25238849149213,28.576210021972656,5575758.0
2013-11-13,28.420602056542467,28.849559774530434,27.67202731182935,28.025287628173828,9561048.0
2013-11-14,28.572004467838816,29.345813758788886,28.471072653791918,28.946292877197266,6797190.0
2013-11-18,29.354220747771333,29.753741603367462,28.807509517835133,29.648605346679688,6562134.0
2013-11-19,29.52243644885352,29.913546419717186,28.681340751626024,29.059833526611328,10188618.0
2013-11-20,29.021983922288022,29.09347879892372,28.100986374734614,28.222944259643555,14412102.0
2013-11-21,28.17668545215143,28.542562978886274,27.76454936294829,27.84865951538086,6038574.0
2013-11-22,27.932773186081853,28.210336165665076,27.541665040048375,27.9958553314209,4316862.0
2013-11-25,28.689749347854374,29.58130990919314,28.496298526820972,29.219640731811523,11169258.0
2013-11-26,29.186000357526435,29.21543920042829,27.05802942280265,27.322975158691406,15360792.0
2013-11-27,27.33559392743792,27.865485467001108,27.255690136580416,27.772964477539062,6390306.0
2013-11-28,27.924357428604264,28.386960387738736,27.90753578283413,28.075754165649414,7421814.0
2013-11-29,28.3743355550654,28.803295107222734,28.155650368675914,28.597225189208984,10309908.0
2013-12-02,28.76545409653433,29.139740539462345,28.60564653158399,29.05142593383789,5464824.0
2013-12-03,28.857965191980686,29.547662079559654,28.698155756653588,29.44252586364746,6919554.0
2013-12-04,29.236464489405943,29.73691514642069,28.815915680449535,29.497203826904297,7651152.0
2013-12-05,29.85887668353313,30.493904423188454,29.715890764035276,30.140644073486328,6527136.0
2013-12-06,30.212136439928635,30.750438739666695,30.07756134627262,30.641096115112305,5145468.0
2013-12-09,31.532657539408067,31.532657539408067,30.624275155587117,30.733617782592773,7443138.0
2013-12-10,30.82613775592148,30.956508407422167,29.993454681422406,30.085973739624023,4699356.0
2013-12-11,29.8925224421958,30.102796876203914,29.068248277979812,29.446741104125977,8038110.0
2013-12-12,29.337395992520392,29.732710431912118,29.10188910839045,29.43832778930664,4813740.0
2013-12-13,29.236466459920788,29.404684839772862,28.534150248148507,28.769657135009766,6697626.0
2013-12-16,28.626673451634595,28.925262494821435,28.058934209688534,28.513126373291016,6654402.0
2013-12-17,28.605645129083108,28.971520730923395,28.26079562152813,28.769657135009766,6071064.0
2013-12-18,28.59723339549223,29.32898655023986,28.49209714499505,29.1145076751709,6929424.0
2013-12-19,29.270107239467727,29.480379714962776,27.941176184806622,28.445833206176758,11727372.0
2013-12-20,28.26920358208656,29.064038763489968,28.075750828496396,28.93366813659668,8705640.0
2013-12-23,29.03880342194481,29.669624668259523,29.03880342194481,29.194406509399414,6548760.0
2013-12-24,29.354219315184185,29.94298655915291,29.14394681207065,29.270111083984375,8806656.0
2013-12-26,29.438333650441873,30.34671615214811,29.4088967279002,29.8126220703125,10993716.0
2013-12-27,29.858873821005428,30.321476753060132,29.530847897461857,29.57710838317871,4329528.0
2013-12-30,29.690661045257194,29.75374318765159,29.15236061018881,29.29955291748047,3497844.0
2013-12-31,29.44674738421201,29.800007815644168,29.143953828764147,29.261707305908203,5177616.0
2014-01-01,29.44673774576589,29.64860133340054,29.09768380371508,29.37104034423828,3811662.0
2014-01-02,29.83364265147352,29.83364265147352,28.479480936207256,28.550973892211914,5679786.0
2014-01-03,28.50471625913356,28.68134547986591,27.58792108572596,27.697263717651367,6387210.0
2014-01-06,28.227152360012607,28.336494980820337,27.592124654587373,27.739316940307617,5477658.0
2014-01-07,27.79818954645297,27.915942976649923,27.104286160515606,27.2136287689209,5782632.0
2014-01-08,27.264096819042592,27.47857567179538,26.59963031771334,26.708972930908203,7563474.0
2014-01-09,26.74681808499401,27.529035964721142,26.582804192846353,27.356611251831055,9882426.0
2014-01-10,27.411289645942155,27.873892606996865,27.125317816434936,27.44493293762207,7194876.0
2014-01-13,27.60894479346409,28.004259216280474,27.558479859743887,27.882301330566406,6502374.0
2014-01-14,27.680437542848495,28.05051949609593,27.520629995457092,27.604740142822266,3028518.0
2014-01-15,27.46595345102085,27.84444615431957,27.449131809778258,27.529035568237305,6011028.0
2014-01-16,27.672034476558107,28.05893818269742,27.35241929219336,27.78558349609375,4482000.0
2014-01-17,27.924359779052022,28.832742202897187,27.924359779052022,28.605648040771484,10439388.0
2014-01-20,28.51312325448787,28.97572426576796,28.0336986731507,28.81171226501465,6983874.0
2014-01-21,28.84956859675437,29.005171746498114,28.100995548240792,28.370145797729492,5761176.0
2014-01-22,28.361734536727717,29.10189674888539,28.143049240462233,28.929473876953125,3082014.0
2014-01-23,28.841154957983676,29.41309866289213,28.702373480996943,29.21123504638672,6180630.0
2014-01-24,28.933681320391795,29.34581948102121,28.601448891753154,28.8621883392334,6313872.0
2014-01-27,28.504718173809657,28.68134740640628,27.911746407104697,28.399581909179688,6206490.0
2014-01-28,28.403779566570375,28.946286258551904,28.079958100835128,28.782272338867188,16153470.0
2014-01-29,29.064045059359607,30.422413301785863,28.87059226386359,29.8504695892334,11116836.0
2014-01-30,29.522441068608707,29.909344726352096,28.56779815954592,29.648605346679688,12404136.0
2014-01-31,29.657023888264895,30.699981678377778,29.127134167489128,30.50653076171875,8542596.0
2014-02-03,30.7840849651505,30.7840849651505,29.791592351668676,29.980838775634766,5411214.0
2014-02-04,29.6906586185013,30.447644265362072,29.480384186001956,29.884111404418945,5165778.0
2014-02-05,29.64860803887764,30.102800251221055,29.60655199229241,29.825237274169922,4547946.0
2014-02-06,29.879901209060858,30.228957068891702,29.093478743809836,29.67803955078125,6201480.0
2014-02-07,29.846259575820113,29.93036972775206,29.400478273228877,29.619163513183594,6422898.0
2014-02-10,29.455152615874365,30.00607022126672,29.455152615874365,29.842056274414062,2174532.0
2014-02-11,29.955605875654204,30.430824153452356,29.66542764470064,30.249988555908203,3928212.0
2014-02-12,30.468667346043624,31.18780320893992,29.997653617668657,30.678939819335938,16490322.0
2014-02-13,30.678946930579293,30.678946930579293,29.73692118058572,29.85887908935547,4701402.0
2014-02-14,30.06914479447758,30.06914479447758,29.42570829196032,29.926158905029297,2595438.0
2014-02-17,29.938787900597248,30.25419864138501,29.577116661145364,30.069156646728516,1322922.0
2014-02-18,29.858879089355465,30.23737193915108,29.63598936895072,29.85887908935547,3998040.0
2014-02-19,29.86727835338075,30.027085860000394,29.244868041947417,29.556072235107422,2601030.0
2014-02-20,29.488798905488665,29.488798905488665,28.782278151147928,29.16918182373047,3385602.0
2014-02-21,29.122926131005876,30.49391182132011,29.122926131005876,30.38456916809082,7908132.0
2014-02-24,30.29624676539136,30.99435470669056,30.220547432547683,30.615861892700195,5172486.0
2014-02-25,30.720997259142255,31.524243303161015,30.720997259142255,31.276119232177734,5048892.0
2014-02-26,31.36443413938625,32.20132342956669,30.96491336224491,31.74713134765625,11284344.0
2014-02-28,31.801812542634178,32.38216713321416,31.297155372504978,31.79340171813965,9688374.0
2014-03-03,31.70928463404029,32.121422644865156,31.305559370989926,31.679847717285156,6199740.0
2014-03-04,31.616768814938393,32.24338383018429,31.49480898622871,31.974233627319336,4705032.0
2014-03-05,32.12983729281171,32.718606535111206,31.85227624510804,32.588233947753906,8738040.0
2014-03-06,32.73543032274358,33.98025163179198,32.44525013215603,33.736331939697266,8615376.0
2014-03-07,34.03912709560838,35.30497841421038,33.870910593311294,35.15357971191406,10474584.0
2014-03-10,34.926478097665836,35.603559963871525,34.24098348301592,35.225067138671875,9217992.0
2014-03-11,35.33441138986789,35.62038712784513,34.741441515345684,34.876014709472656,6451350.0
2014-03-12,34.87600351778699,34.89703346029237,34.40499363926064,34.72881317138672,5730618.0
2014-03-13,34.75404696613424,38.58943945561673,34.75404696613424,37.327796936035156,36419730.0
2014-03-14,37.42030914785642,38.39177135056321,37.07545975980413,37.407691955566406,23358216.0
2014-03-18,37.45396848606866,38.45907824924614,37.44135128836884,37.7904052734375,12680454.0
2014-03-19,37.76517022088476,38.69037223828062,37.453964015830735,37.697879791259766,7061094.0
2014-03-20,36.76846937558189,37.146962159009995,36.09980033161665,36.26802062988281,14370120.0
2014-03-21,36.26802354785943,36.48670879813166,35.830653047314975,36.00728225708008,7736328.0
2014-03-24,36.41941651821769,36.982951261506074,36.17129628741139,36.5035285949707,7369764.0
2014-03-25,36.5035246065656,37.849275335070075,36.26801774779889,37.4749870300293,10169790.0
2014-03-26,37.54227890459414,38.00908823972771,37.23948542920682,37.441349029541016,6528270.0
2014-03-27,37.19322633689637,39.06886879542542,37.08809200899272,38.23197937011719,14669880.0
2014-03-28,38.34552323077112,38.85859303076412,38.051142517053535,38.543182373046875,8202048.0
2014-03-31,38.770275553935114,39.476796179908234,38.059550479356474,38.694580078125,7880052.0
2014-04-01,38.61467491345826,39.00999321348327,37.43293986316826,37.588539123535156,11983386.0
2014-04-02,37.49181326130507,38.774485871436916,37.49181326130507,37.760963439941406,11234430.0
2014-04-03,37.92918941488411,37.933393864336985,36.78109364757292,36.974544525146484,14182242.0
2014-04-04,36.76426485516407,38.48850847067225,36.305868297255685,37.310977935791016,17728080.0
2014-04-07,37.47078970507103,38.25300975079002,36.680160761133614,36.8483772277832,8117334.0
2014-04-09,37.16799324360153,37.428730671178656,36.58763685448483,37.01239013671875,11608662.0
2014-04-10,37.172194157831505,38.101604411753684,36.722206525290744,38.004878997802734,8125722.0
2014-04-11,38.01750787197154,38.48851789107121,37.17641002664444,37.37406921386719,7454532.0
2014-04-15,37.44976212234488,37.90395041449322,36.71800704567527,37.48760986328125,8212584.0
2014-04-16,37.1091110921962,37.34461794855359,36.39838607485713,36.70117950439453,10377132.0
2014-04-17,36.77689128754021,38.017508114668956,36.55820600036826,37.83246612548828,7032708.0
2014-04-21,37.773589083973185,39.413724915978015,37.51285159490466,39.01420593261719,11811264.0
2014-04-22,39.00999468311762,40.96133261192023,38.71981454559088,40.60807418823242,13965432.0
2014-04-23,40.79311119993903,41.524862353196056,39.586138006666765,39.960426330566406,14017668.0
2014-04-24,39.960426330566406,39.960426330566406,39.960426330566406,39.960426330566406,0.0
2014-04-25,40.33051081366498,40.33051081366498,38.43804674237369,38.74504852294922,9436782.0
2014-04-28,38.37917132152992,39.459976481950775,38.07216955362787,38.39178466796875,10168944.0
2014-04-29,38.55579715454272,38.98475485212578,37.9670280635283,38.72822189331055,5707266.0
2014-04-30,38.94269591673559,39.75855906623046,37.193218118449,38.261409759521484,11533734.0
2014-05-02,38.438047627706474,39.279145356694045,38.33711774833745,38.909061431884766,6271536.0
2014-05-05,39.026818576986706,39.952020730489735,39.026818576986706,39.33381652832031,7778094.0
2014-05-06,39.53147003182522,39.8679067803174,39.22026382558903,39.32119369506836,6745632.0
2014-05-07,39.94361443610626,40.43144994076279,39.48942222829107,39.72913360595703,10309272.0
2014-05-08,39.77538394247479,39.85949216309572,38.774482641289346,38.89643859863281,8933028.0
2014-05-09,38.85018539194383,41.20525451274422,38.57683073605182,40.86040496826172,8032110.0
2014-05-12,40.96133551372511,42.5173629382988,40.45667838686103,42.26082992553711,10808316.0
2014-05-13,42.9336991832545,44.31730169278934,42.58044077028846,42.84538650512695,11534622.0
2014-05-14,42.86221526756123,43.90517288400913,42.51736569514677,43.62340545654297,4846716.0
2014-05-15,43.736937137160446,44.157485905382686,42.41642085834705,43.42993927001953,6402576.0
2014-05-16,44.578049592168476,48.69941503919141,44.18693953035724,46.436866760253906,15020892.0
2014-05-19,47.01721332191525,49.540498542236776,47.01721332191525,48.438663482666016,12917886.0
2014-05-20,48.77089774026816,49.498448344901036,46.56723138278119,46.99618911743164,8145462.0
2014-05-21,47.0592736259328,47.496644130506304,46.277053596616966,47.12656021118164,9222096.0
2014-05-22,47.593362817538114,47.593362817538114,46.44526733077974,47.07188415527344,9634314.0
2014-05-23,47.20646104441702,47.81625627326368,46.462092653480376,46.781707763671875,12715854.0
2014-05-26,47.05086346108981,48.75408123275897,45.97005818783137,46.916290283203125,11649984.0
2014-05-27,47.10132396791958,47.16440609651491,45.09530919840614,46.60507583618164,7767228.0
2014-05-28,46.520971237703485,46.84058635408307,45.12475155262088,45.612586975097656,13044684.0
2014-05-29,46.310700831674254,46.62190709028518,44.75047278969739,45.09111404418945,8295654.0
2014-05-30,45.17942792229148,46.226589871068256,43.472001900074304,43.89675521850586,9754146.0
2014-06-02,44.15750071583509,46.853211254312264,44.05236252595932,46.727046966552734,7093182.0
2014-06-03,46.78591032716458,48.59426199754321,46.65553777958756,48.249412536621094,9265230.0
2014-06-04,48.362982077743446,48.8760481683671,47.648048490486254,48.42185592651367,6657216.0
2014-06-05,48.32932052160115,52.77030401777114,48.32932052160115,52.10163497924805,20417142.0
2014-06-06,52.4422912905914,54.67119642871937,51.866143056746175,52.82919692993164,23704032.0
2014-06-09,53.36749096008833,53.413751453221046,51.23531537735506,51.73155975341797,9418644.0
2014-06-10,51.9796818309533,52.766106333183416,50.919902680173664,51.6474494934082,9740598.0
2014-06-11,52.1184527957279,52.51797164000696,50.67597280756748,51.05867385864258,9055368.0
2014-06-12,51.13858050714095,52.227798344122476,49.97786779387968,50.385799407958984,9335814.0
2014-06-13,50.12926897376858,50.137677871268515,46.69759944413609,47.92139434814453,15733314.0
2014-06-16,47.44617751843646,50.0031102277269,46.680782950540305,49.70452117919922,14948244.0
2014-06-17,49.37227776465868,51.90397166024262,48.59005787486481,51.327823638916016,12379632.0
2014-06-18,50.81055848500162,52.08902285531677,48.87603835810995,49.767601013183594,18291042.0
2014-06-19,49.38910264207481,50.970360318291135,47.109733246909705,47.475608825683594,23785062.0
2014-06-20,47.04245545451082,47.866727735379776,46.11304498875329,46.47471618652344,25713792.0
2014-06-23,46.34435032330372,47.0971277609771,45.33503600664541,46.8195686340332,16866888.0
2014-06-24,47.44617927584083,49.53630269295266,47.23590675438724,49.01482391357422,19763022.0
2014-06-25,49.20406280820103,49.37228310975799,48.245213634713615,48.89285659790039,14465664.0
2014-06-26,47.231701382524484,48.59848237084878,46.69760541524013,47.76158905029297,17009274.0
2014-06-27,48.110649095494054,48.531194149410084,47.35366337817105,47.91719436645508,5610174.0
2014-06-30,47.715325047643496,50.80214114310524,47.715325047643496,50.49934768676758,14885190.0
2014-07-01,51.31100045794871,51.33202654890151,49.384889629536964,49.59095764160156,11534376.0
2014-07-02,50.20075541759866,50.83578112994601,49.80544101551878,50.61709976196289,6307212.0
2014-07-03,50.90308938931559,51.12177468414461,50.21339020565926,50.43207550048828,8491284.0
2014-07-04,50.46570535407552,51.47501946115703,50.12926860179093,50.444679260253906,12548298.0
2014-07-07,50.465711359730555,50.54561514603492,49.237711869946686,49.897972106933594,10536630.0
2014-07-08,49.8979722945814,50.69280571139494,47.673275767122234,48.055973052978516,11648718.0
2014-07-09,48.61529610673555,49.65825347539478,47.950827667615044,49.023223876953125,11950950.0
2014-07-10,49.187233130979784,50.88624596355658,47.10131867329767,48.846588134765625,16219518.0
2014-07-11,48.53959718539242,49.082101967489145,46.80694082132037,47.20225524902344,9497004.0
2014-07-14,47.83307946782922,48.50595685075689,47.52187324507454,47.862518310546875,7861002.0
2014-07-15,48.33772857272772,49.14517898897482,47.90035815342531,48.9559326171875,6810138.0
2014-07-16,49.17883231780817,49.944230707888764,49.002203104782836,49.69190216064453,5370300.0
2014-07-17,49.195650054153596,49.86011851261507,48.829774459775265,49.71712875366211,5799540.0
2014-07-18,48.90969004554384,49.288182927711155,48.41344561903121,49.03585433959961,6601500.0
2014-07-21,49.19565254990447,49.56153201307205,48.53118790796174,48.90127182006836,4620168.0
2014-07-22,49.103140451708036,49.70031472065448,48.86763353357954,49.01482391357422,4334322.0
2014-07-23,49.195647263958094,51.05446782218782,49.11995179027681,50.48672866821289,7260366.0
2014-07-24,50.961952444041714,51.28157141891225,50.42786037006395,50.71803665161133,6659238.0
2014-07-25,50.802139982152255,51.559125530811286,49.456389179056515,49.75497817993164,8252478.0
2014-07-28,49.876939093255906,49.876939093255906,47.87933701223477,48.34193801879883,7535166.0
2014-07-30,48.522774291426536,48.842389384271456,47.942417935841874,48.228389739990234,7622454.0
2014-07-31,48.52277271985916,49.393305299927334,48.44707339762988,48.79612731933594,9784938.0
2014-08-01,48.9937968815467,49.7676042119942,48.33774108280222,48.560630798339844,7980528.0
2014-08-04,49.16200575019625,50.88625321725237,49.11995356335038,50.49934768676758,8319396.0
2014-08-05,50.91568116226122,51.130161916360635,49.393301343733455,49.864315032958984,6196242.0
2014-08-06,49.86011851906815,50.675977933584115,48.51856825579436,48.89285659790039,4763022.0
2014-08-07,49.2292984614339,49.84329429984723,49.02743486444279,49.199859619140625,6416226.0
2014-08-08,48.194760943221794,48.358772987492046,47.143390529288176,47.65225601196289,7453038.0
2014-08-11,48.12325853657654,48.85921809651622,48.07279359623152,48.232601165771484,4377432.0
2014-08-12,48.674169062552885,49.855907865920656,48.45127938739573,49.6834831237793,10202178.0
2014-08-13,50.17132635072241,51.475025166955014,49.93161499376507,50.772708892822266,11804214.0
2014-08-14,51.01242906786491,51.76941480580406,50.67178394570086,51.58857727050781,8788320.0
2014-08-18,51.895560480603365,55.3314300662769,51.811448417517504,54.54500961303711,15301728.0
2014-08-19,55.41975192673525,57.278572487035014,55.11695848099027,56.69401168823242,26929548.0
2014-08-20,56.99261408342386,57.026257379723624,55.93283484906761,56.101051330566406,13365744.0
2014-08-21,56.10946810416459,58.0271630823953,55.89078281230266,57.6486701965332,15308316.0
2014-08-22,58.02714571486831,58.3215302658391,56.35336707838178,56.52158737182617,11941020.0
2014-08-25,56.68981278077722,57.19867430532436,55.730963567007606,55.9075927734375,7093836.0
2014-08-26,55.68049862948877,56.60149625244831,54.502964169576266,55.9075927734375,7760268.0
2014-08-27,56.176734322546686,57.3584730497249,55.97487075327052,57.00521469116211,8091000.0
2014-08-28,57.20286853391049,58.81777319757713,57.194459637607046,58.39722442626953,20323512.0
2014-09-01,58.96078347273857,59.633657164856054,57.934647434542015,59.284603118896484,10414926.0
2014-09-02,59.29719802642155,59.86073270815172,58.48553929076131,59.183650970458984,9518622.0
2014-09-03,60.64295217961355,60.79855527814588,58.96496908504814,59.25935363769531,9642096.0
2014-09-04,59.09534616256534,59.29720977439615,58.372003799471365,58.93974304199219,8112240.0
2014-09-05,59.297480290690764,60.41808841499919,58.95267475555272,59.36643981933594,6827166.0
2014-09-08,60.03880528348866,60.633587119373374,59.297478534638635,60.344818115234375,11267076.0
2014-09-09,60.77149602443168,60.93958581803213,59.349184415349235,59.70691680908203,6325902.0
2014-09-10,59.28885723752807,59.702622293361706,58.19410698451674,58.34926986694336,5851686.0
2014-09-11,58.400979983931386,59.590551365899735,58.323398555375995,58.73716354370117,7718454.0
2014-09-12,58.629428797644614,59.56470731014889,58.629428797644614,58.888031005859375,8216670.0
2014-09-15,58.556147640530284,59.6336579242256,58.556147640530284,58.90525817871094,6804804.0
2014-09-16,58.79320126063092,59.306092638771396,55.72876415889414,56.03046798706055,10380300.0
2014-09-17,56.224423224362575,56.5649158191612,54.15560586013558,55.07795333862305,12280302.0
2014-09-18,54.56504902764442,57.23726970262136,54.56504902764442,57.090728759765625,7685136.0
2014-09-19,57.319167495214714,57.79327408841271,56.28907177935181,56.65542221069336,4791246.0
2014-09-22,56.45716585568867,58.13377104720577,56.211494573059994,57.7846565246582,5406630.0
2014-09-23,58.10790681174606,58.21135004732309,55.79341817936009,56.112361907958984,5529936.0
2014-09-24,56.08218549330349,56.35371853371902,54.18576713982926,55.36240768432617,6280770.0
2014-09-25,55.02624014156239,56.11237261970399,52.56090108802819,53.47031784057617,9209670.0
2014-09-26,53.09964138394064,55.52188210462844,51.491999822235385,55.12104797363281,10273296.0
2014-09-29,54.79350177997752,56.54768874205528,54.52196865024618,54.935733795166016,7123392.0
2014-09-30,54.883990845302556,56.883844341108464,54.38833546792978,56.495941162109375,10994658.0
2014-10-01,56.89677802945199,57.30192110656559,56.04770313380273,56.2761344909668,5219934.0
2014-10-07,56.37527560461323,56.94419961510158,55.54343648238996,56.077884674072266,7505598.0
2014-10-08,56.11667045818298,58.44408997027352,56.06063788393764,58.15962600708008,12987936.0
2014-10-09,58.314788912128044,58.987156127634734,57.63811271274086,57.901023864746094,6440190.0
2014-10-10,58.34927212196159,58.78889504455239,57.59070545425435,57.776039123535156,7807674.0
2014-10-13,57.84499291692518,58.525978072886275,57.2372762678183,57.90533447265625,8954280.0
2014-10-14,57.8277463740999,57.8277463740999,56.29337348512295,56.573524475097656,7199514.0
2014-10-15,56.57352447509766,56.57352447509766,56.57352447509766,56.573524475097656,0.0
2014-10-16,56.57353549070776,58.74579615613706,56.57353549070776,57.43123245239258,13594230.0
2014-10-17,57.59930388521952,58.18546754302807,56.84504650915838,57.47431182861328,4384488.0
2014-10-20,61.46112258289862,61.63783434469805,59.39230503672482,60.06897735595703,21812712.0
2014-10-21,60.31896784622788,60.31896784622788,59.047505615250714,59.28886795043945,5947722.0
2014-10-22,59.650905425452834,59.96122725879986,58.89233875173998,59.370750427246094,4487274.0
2014-10-27,59.72848041157978,59.978464618173334,58.48288020046799,59.14662551879883,5010000.0
2014-10-28,59.39230366214596,60.68531459857907,59.297482334013374,60.49998092651367,10099908.0
2014-10-29,60.77151141722959,61.89211953229953,60.280168860749306,60.74134063720703,10133724.0
2014-10-30,60.7715050797717,60.97407465886126,59.6724459453503,60.5172119140625,9686604.0
2014-10-31,60.68528772632141,62.83168177358337,60.34048233198621,62.47394943237305,9917442.0
2014-11-03,62.969624491863684,63.17650700423138,61.85332545695391,62.413631439208984,5985426.0
2014-11-05,62.91360103350751,64.26695355423807,62.840332517112806,63.81439971923828,14223966.0
2014-11-07,63.83163955170366,66.02975817710416,63.68078958880866,65.43928527832031,13713732.0
2014-11-10,65.80562462199595,66.97795619870888,65.59874606077216,66.02974700927734,10316172.0
2014-11-11,66.6159166646232,66.6676323604439,65.7237360736679,66.10733032226562,11291280.0
2014-11-12,66.46074091916647,66.89174179643622,65.59873521867199,65.96939849853516,9465678.0
2014-11-13,64.73672742910215,65.03843120860888,62.499820737287486,62.96530532836914,13405242.0
2014-11-14,62.96533829599982,63.952336611128736,62.150738848607084,63.34461975097656,15496140.0
2014-11-17,63.271327115280094,63.85749093419656,61.46973003908214,62.586029052734375,6940470.0
2014-11-18,62.409312565866685,63.07305776811394,61.935209977391594,62.05588912963867,6857886.0
2014-11-19,62.48690451378794,63.68078507137192,61.861947947345826,62.1981315612793,8041464.0
2014-11-20,62.745504410158624,62.85756561073735,61.64213623149655,62.047279357910156,6292680.0
2014-11-21,62.047270771259186,63.22822022473103,61.84901019227075,62.44810485839844,4127580.0
2014-11-24,62.06452558751905,63.09031243286651,61.892122812234966,62.0128059387207,6241938.0
2014-11-25,62.06452513998903,62.87912045406889,60.92667709080506,61.19389724731445,8815746.0
2014-11-26,61.63351182632418,62.064516730045845,60.77581494846573,60.995628356933594,8961696.0
2014-11-27,61.24560072337271,63.090295318467014,61.20250300070994,62.11191940307617,19753296.0
2014-11-28,64.47381907726998,67.66755293078027,63.590260507805674,64.32727813720703,41002374.0
2014-12-01,65.51256054135357,65.6418616502812,63.672174231489215,64.16352081298828,19348464.0
2014-12-02,63.61613462305918,63.61613462305918,61.228373504328985,61.422325134277344,8981166.0
2014-12-03,61.72401682567071,62.29294070558546,60.78011671162658,61.27577209472656,7207140.0
2014-12-04,61.54730830488705,62.92651838015428,60.887872069572175,62.629127502441406,8130864.0
2014-12-05,62.922223085131236,63.081694962987164,61.00425551253822,61.20682907104492,4380198.0
2014-12-08,61.28872308925399,61.71972808311892,59.23283633178045,59.45695877075195,9795948.0
2014-12-09,59.75003071106848,60.10345419424664,57.49587974634504,58.04325485229492,15507990.0
2014-12-10,57.737239452533565,58.23289489281859,57.00884365369005,57.663970947265625,10305672.0
2014-12-11,58.16825861595351,58.61650350850949,56.724397561072486,57.16402053833008,10196532.0
2014-12-12,57.52605092734038,57.95705585183359,57.14245666292009,57.54759979248047,9711924.0
2014-12-15,57.07350755119292,57.582094007324116,53.875459661482445,54.85383987426758,13501092.0
2014-12-16,54.306466292805716,56.28046271605157,54.293535392592275,55.8106689453125,12427308.0
2014-12-17,55.62101832222215,56.207186165222495,54.74177247665589,55.8408317565918,9781386.0
2014-12-18,56.039091714106945,56.80628028728224,55.13398408253545,56.31493377685547,7510710.0
2014-12-19,56.53043335647221,57.49587851997564,55.90547682555259,56.353721618652344,7790622.0
2014-12-22,56.16408466558931,56.75024856450795,55.61240053178869,56.483028411865234,2968716.0
2014-12-23,56.20287701560413,57.10798471878617,55.914104031794714,56.09943771362305,3476418.0
2014-12-24,55.879618658965356,56.34079437910402,54.780559415352364,55.14260482788086,15322326.0
2014-12-26,55.0822594284285,55.95288721625723,54.28490409317907,55.65980529785156,3959976.0
2014-12-29,55.470157660007715,57.039010340863435,55.37533635155553,55.780479431152344,5237058.0
2014-12-30,56.052021097791375,56.672664735716694,55.599467294233655,55.89685821533203,3856524.0
2014-12-31,55.771868483305035,56.28045090196887,55.16846079830006,55.685665130615234,3326514.0
2015-01-01,55.935646707239975,56.67697340827142,55.358100844304076,56.39250946044922,2893002.0
2015-01-02,56.10805835980336,56.539063363870504,55.37966238888256,55.54775619506836,6142290.0
2015-01-05,55.599469872569905,55.983064166581386,55.280526124921884,55.65549850463867,6566232.0
2015-01-06,56.23734888521152,56.487333082160475,54.30645456436892,55.095191955566406,13121010.0
2015-01-07,54.90985196916213,55.974431283458024,54.90985196916213,55.595149993896484,7856364.0
2015-01-08,55.944246293526504,58.780251088838284,55.944246293526504,58.40958786010742,16840194.0
2015-01-09,58.96128175716565,59.30608325914065,57.969974972765584,58.560447692871094,10079154.0
2015-01-12,59.04748662524099,59.04748662524099,57.952740472452454,58.30615997314453,3867444.0
2015-01-13,58.650965046432184,59.564690486200625,57.19417354441823,57.7156867980957,5972538.0
2015-01-14,58.26737174474331,58.26737174474331,55.93564350812884,56.177005767822266,7112274.0
2015-01-15,56.470098043816364,57.59932811883979,55.974442537188345,57.14677429199219,11808276.0
2015-01-16,57.17262299382375,58.00446199932582,56.51318673389771,56.832130432128906,7147248.0
2015-01-19,56.82782728311229,56.98299016465677,55.40120635351587,55.61670684814453,6617304.0
2015-01-20,55.70720553152924,56.37525966329119,55.44860342298203,55.827884674072266,4653270.0
2015-01-21,55.858052326344236,56.66402937909395,55.478767150483286,56.388187408447266,5534538.0
2015-01-22,56.46146804699248,56.892472945229436,55.59515321289988,56.638179779052734,4936338.0
2015-01-23,57.18556411135657,58.81906769194721,56.681290626913096,58.163944244384766,8706078.0
2015-01-27,58.521662160426246,59.896563206644046,56.96142748525035,59.65520095825195,11605284.0
2015-01-28,59.37937883219395,61.16804151309118,59.04750414981211,60.8792724609375,11438976.0
2015-01-29,61.310269211562606,63.59459123617185,60.99132939742638,63.25840759277344,19402494.0
2015-01-30,63.57302688991655,65.79269796297372,63.01272486518547,64.55140686035156,14754744.0
2015-02-02,64.30574827068955,66.14182151993795,63.38770967308714,64.5341796875,10153596.0
2015-02-03,64.56434279439965,65.2022263026801,62.43949286951685,62.7024040222168,9786834.0
2015-02-04,62.49551653278636,63.443721719242056,61.74125899932605,62.15071105957031,10960314.0
2015-02-05,62.469671997474975,66.61592916627322,62.32313101196289,64.65055084228516,18653808.0
2015-02-06,63.4437368069051,64.56434894241889,62.650690343441056,63.0084228515625,9303972.0
2015-02-09,62.15071230640296,62.58171718359191,60.905112275661004,61.357666015625,8207352.0
2015-02-10,60.77149642311078,61.68522178255172,59.39228647208904,60.19395065307617,14683530.0
2015-02-11,60.547391732030746,61.74558134313047,59.86209751250271,61.45249938964844,4827102.0
2015-02-12,61.853326945901664,62.23692120244702,60.43101506482463,60.84477615356445,4276554.0
2015-02-13,60.840477222272895,63.24547849865508,59.73710887538662,62.48691177368164,22005114.0
2015-02-16,63.09031526745403,65.27550702745819,62.15072779455572,62.56880187988281,11987340.0
2015-02-18,62.711021161838296,63.357526534640755,62.150715190090956,62.8963508605957,4127406.0
2015-02-19,63.2713255249566,64.43503516641452,63.081682901501246,63.97816848754883,7744434.0
2015-02-20,63.9178410322688,64.28850442518134,63.61613716939872,63.94369888305664,4395330.0
2015-02-23,64.21952971060705,64.99533612568534,63.31873515568904,63.758358001708984,4430634.0
2015-02-24,64.04713126767251,65.49960986627936,63.95230995695886,65.27980041503906,7384584.0
2015-02-25,65.34014035061881,66.55126060503602,64.39193121288832,64.81000518798828,9594054.0
2015-02-26,64.81001122344261,65.40048404515035,63.93076152047963,64.28849792480469,8611818.0
2015-02-27,64.56434806578707,64.6376165817549,62.95239336301971,64.15489196777344,5141580.0
2015-03-02,65.50392273728757,67.75376056218427,65.34875987517518,67.1934585571289,18558558.0
2015-03-03,67.193469470951,67.79686929996761,66.21940230602118,67.30552673339844,9442494.0
2015-03-04,67.53826777727421,68.0813339422168,65.83580471409103,66.41766357421875,10777344.0
2015-03-05,66.37454572806092,67.3141329644138,66.20214693438959,66.92192077636719,7745406.0
2015-03-09,66.80985597628349,67.30550738446745,65.0298080518217,65.85733795166016,10691736.0
2015-03-10,66.27113222649632,67.02970299750073,65.65479742101222,65.8746109008789,8797860.0
2015-03-11,65.87459105344657,66.52971441872096,64.4048685193539,64.72380828857422,3598278.0
2015-03-12,64.85310073366402,65.3875488075926,64.47381945889002,64.60742950439453,3971940.0
2015-03-13,64.98671519861367,65.07291459215506,62.6722269549184,63.04719924926758,5221908.0
2015-03-16,63.7885441014993,64.21954513833587,63.210998134828834,63.49977111816406,2856366.0
2015-03-17,64.04714108556624,65.16774921441068,63.75836812575056,64.70657348632812,6329616.0
2015-03-18,64.59882732126688,67.40896767638566,64.21954200786827,66.58575439453125,8524572.0
2015-03-19,66.9779561939484,67.22794037434281,64.56864644977806,64.94361877441406,4517646.0
2015-03-20,64.94361644270336,64.94361644270336,62.30587542243571,62.6722297668457,5789646.0
2015-03-23,62.754127720504606,63.443730874539675,61.46973484204247,61.66799545288086,4267110.0
2015-03-24,62.064519095103556,64.17643807407501,61.86194555938875,63.85749435424805,12425196.0
2015-03-25,63.78853793548527,65.17205720676796,63.09462183486432,64.53848266601562,8616528.0
2015-03-26,64.03852666528212,66.73229705218587,63.78854637070067,65.71082305908203,16437222.0
2015-03-27,65.0815506975515,66.43920821221809,64.00404028650046,64.6160659790039,10540140.0
2015-03-30,64.90914842504415,66.80125809456305,64.74536756736343,66.31421661376953,7203846.0
2015-03-31,66.37454243800777,70.33115966490834,66.31420089023608,69.89153289794922,15727752.0
2015-04-01,69.9044944659929,70.51220337537453,68.65889007798148,69.32263946533203,6395814.0
2015-04-06,69.56396923389846,70.31822277525255,68.96056166566902,69.14158630371094,5115972.0
2015-04-07,69.47777612770207,69.47777612770207,68.18476535676524,68.58991241455078,5338818.0
2015-04-08,68.37439894194884,71.71899056925925,68.16321141965808,70.65441131591797,13900224.0
2015-04-09,71.37421234031838,71.97762014774632,69.73639565839308,69.98207092285156,6251700.0
2015-04-10,70.23635001710711,71.51211702259629,69.63294233115434,70.68890380859375,8098518.0
2015-04-13,70.48202608607896,71.45178433102728,69.99499247141021,70.54667663574219,5826048.0
2015-04-15,70.18032885918441,70.9949242379856,68.60716279271554,69.16747283935547,7068102.0
2015-04-16,69.04677256902292,69.54673303207403,68.22786840889128,69.03815460205078,8001768.0
2015-04-17,68.96057907182146,70.23635404233683,68.4132039284307,68.77525329589844,6567684.0
2015-04-20,69.39156912198018,70.06824517227777,68.52955945418393,69.26226806640625,7801080.0
2015-04-21,69.65017804322572,70.56390348744566,68.49508639598263,68.88729858398438,9105102.0
2015-04-22,69.27091242075754,70.30101227483048,69.13299334678163,69.39590454101562,11554200.0
2015-04-23,69.99498466077141,70.22341605129694,68.87438051959735,69.18038940429688,5109906.0
2015-04-24,69.37000969397455,69.37000969397455,66.79260679437394,67.2796401977539,4140084.0
2015-04-27,67.3572380198433,67.40895371155781,62.09899199166942,63.12478256225586,7453998.0
2015-04-28,63.529946880439624,66.80557632530343,63.27134465968608,65.95649719238281,10898772.0
2015-04-29,65.80562167067335,65.94354465125912,64.4134806986075,65.1634292602539,6079548.0
2015-04-30,65.17205603668503,67.5080935421352,64.78415278041861,65.92200469970703,12239616.0
2015-05-04,66.8055667206268,68.30545622859195,65.85735739886951,67.55551147460938,6247296.0
2015-05-05,67.66756367246076,67.85289732799178,66.20215403920926,67.00382232666016,5669406.0
2015-05-06,66.40042086387778,66.46076242676668,63.67647991691459,64.4953842163086,9049056.0
2015-05-07,63.81009378150672,65.2108570339407,62.0946996892594,62.92222595214844,7835052.0
2015-05-08,64.21092692331368,65.37032389067278,63.55579950981831,64.48246002197266,6661260.0
2015-05-11,64.89190043107298,64.99533971374491,64.21953325583833,64.71949768066406,4596036.0
2015-05-12,64.77984132551059,64.82294300099255,62.32312079619981,62.57310104370117,6562188.0
2015-05-13,62.91789483610444,63.637668612252305,60.65081342009437,63.4307861328125,5709978.0
2015-05-14,63.57303212383207,65.48237761896182,62.92652669902715,65.22808837890625,8644740.0
2015-05-15,65.4953056143927,66.36593340734449,65.34014668688856,66.1202621459961,5713560.0
2015-05-18,67.21070525308221,68.5295779543599,66.57281776887132,68.33993530273438,9579510.0
2015-05-19,68.08994808670307,68.63732320505235,66.94348215124091,67.60722351074219,4082520.0
2015-05-20,68.09857399544406,68.6157783349236,67.55550786060815,67.83566284179688,3304956.0
2015-05-21,68.01236565804491,68.01236565804491,66.68487514344497,66.97364807128906,3487548.0
2015-05-22,66.80556051054283,67.66756244771882,66.40041344437905,67.43482208251953,3380910.0
2015-05-25,67.58135632002063,69.47776659594915,67.49515298314738,68.25371551513672,5917968.0
2015-05-26,68.3658122770831,68.68475608999714,66.80558087674883,67.38743591308594,3009906.0
2015-05-27,67.48654432252916,69.12004372192901,66.86590073043023,68.69335174560547,5004018.0
2015-05-28,68.92609686133729,71.0164670506562,68.5726733665255,70.48633575439453,17573184.0
2015-05-29,71.21042004635733,73.70162049364062,71.21042004635733,73.2835464477539,14055870.0
2015-06-01,73.36543448104315,75.11530800978096,72.33964382905498,74.197265625,7888962.0
2015-06-02,74.3696774754383,74.904117756755,72.7620318637067,72.99046325683594,6693198.0
2015-06-03,73.02923311189987,73.34817676136186,71.77932819492827,72.33963012695312,6242430.0
2015-06-04,72.82666831647262,74.93858302129588,72.27929329727702,74.71015167236328,9076686.0
2015-06-05,74.73603005009562,75.542007370881,73.61541797234028,73.761962890625,6505038.0
2015-06-08,73.83091716228547,74.12399908607253,72.40429628922124,72.67151641845703,5678730.0
2015-06-09,72.23620985469498,73.62404204706031,72.14138853149535,73.2188949584961,6719184.0
2015-06-10,73.10683081695251,73.73609236448078,72.57238269178589,72.74478149414062,6214632.0
2015-06-11,73.22748872543303,74.30500268823732,72.27928369872194,72.61546325683594,7230666.0
2015-06-12,72.61546762709035,73.63694909438217,71.56813226293333,72.19308471679688,6596406.0
2015-06-15,72.23621566990667,72.91289193870514,71.65866971626369,71.84831237792969,4985322.0
2015-06-16,71.8913936301167,73.25336382409193,69.69327547955557,70.7276840209961,13739532.0
2015-06-17,70.68458729013601,70.83974226000613,69.21916990787241,69.86136627197266,8158962.0
2015-06-18,70.55529598864975,72.16725059715982,70.26221405000355,71.87416076660156,8334918.0
2015-06-19,72.32242629661629,73.00772856958956,71.41300944042989,72.03365325927734,10627728.0
2015-06-22,72.65858888360836,73.37405380628114,72.3310272003542,72.93873596191406,8893092.0
2015-06-23,73.44301492601441,74.5636269393256,72.93873754704643,74.20589447021484,7067238.0
2015-06-24,74.30502605298744,74.90411687040086,72.8396084968405,73.1326904296875,8124672.0
2015-06-25,73.13268613425878,74.70585187140367,73.12406816695201,73.99038696289062,8971212.0
2015-06-26,73.95593309510977,75.25325330545138,73.7921521993813,74.30935668945312,6327366.0
2015-06-29,73.60679452928636,76.01610834427686,73.52921703779025,75.15409851074219,10065324.0
2015-06-30,75.89972843919325,76.19711932317927,75.21012535999093,75.80059814453125,12221166.0
2015-07-01,76.2876455775581,77.24878581561586,75.94284002905593,76.54193878173828,10567200.0
2015-07-02,76.93413734436035,78.24870086519513,76.93413734436035,77.58064270019531,11362380.0
2015-07-03,77.925462405473,78.85642397420871,77.28326591591431,77.82633209228516,9642438.0
2015-07-06,77.8392711227807,80.640797907893,77.8392711227807,80.23995971679688,14890800.0
2015-07-07,80.85627335275645,81.30882713624558,79.92531188310812,80.3692398071289,10308678.0
2015-07-08,80.36063188725453,82.1191236519161,78.3478469125826,78.96849060058594,21047976.0
2015-07-09,78.66245833255641,79.02450764697828,74.41276679068075,74.70584869384766,22729302.0
2015-07-10,74.56361262646173,76.36951845260376,74.42137672773971,76.0074691772461,13542372.0
2015-07-13,76.29194649031827,78.77883779843908,75.8566365354611,78.38231658935547,11457930.0
2015-07-14,78.8434923251312,80.40803232175875,78.42110930020506,79.90376281738281,12379488.0
2015-07-15,80.08047270396597,80.08047270396597,78.62368094467386,79.10209655761719,6911448.0
2015-07-16,79.56325908268809,81.11487198717332,79.56325908268809,80.85626983642578,9387990.0
2015-07-17,81.20107421612387,81.94240089751527,80.6019755589198,80.99850463867188,6695742.0
2015-07-20,81.75274298484057,83.46813638096995,81.26140057544045,83.0457534790039,12488844.0
2015-07-21,83.18368267402721,83.57158586974845,81.8820540551166,82.08031463623047,6307188.0
2015-07-22,81.9768732449763,84.30429235918699,81.77430368584152,83.79139709472656,6997932.0
2015-07-23,84.00259801662935,85.08010430577161,83.20523878535568,83.64054870605469,8923296.0
2015-07-24,84.04569716853581,84.8430564133359,82.49408429773207,83.2311019897461,9778230.0
2015-07-27,83.14058784971596,83.95949199416688,81.98549618876656,82.2742691040039,6139320.0
2015-07-28,82.49408562270875,83.18368872350496,81.21400182697117,81.45536804199219,8393730.0
2015-07-29,81.80448362266645,82.70959115735171,80.8217907070042,81.83033752441406,6921432.0
2015-07-30,82.19239630078533,82.34324231263344,81.30021561440736,81.64933013916016,9763290.0
2015-07-31,81.89067944935807,82.04153333645837,79.12795012102498,79.88651275634766,7913964.0
2015-08-03,80.51148280477169,81.09333772037704,77.9685586911182,78.33921813964844,10713894.0
2015-08-04,79.13224660937122,80.7657536400269,78.80899396799308,80.47266387939453,13755924.0
2015-08-05,81.01145693039331,81.9769063008073,79.96843004832132,80.21841430664062,7028724.0
2015-08-06,80.58042784580377,81.69241388335874,80.33906164111836,80.90798950195312,8748198.0
2015-08-07,81.24417982628097,83.01129730080883,79.97272177655805,82.36479187011719,11210442.0
2015-08-10,82.75268219907203,84.4379050395171,81.1191750498549,81.60621643066406,9969234.0
2015-08-11,81.86484708870957,81.88208302782124,78.80902714938172,79.75723266601562,8983368.0
2015-08-12,80.06323299002031,80.25287563261287,74.5205222997686,74.99462890625,15764058.0
2015-08-13,75.37391805484522,77.04189739293548,73.94298019427777,76.30919647216797,12599136.0
2015-08-14,76.71865332807003,78.2444126870715,75.00325918725568,75.3178939819336,14301696.0
2015-08-17,75.77042610673622,76.54623251738539,74.13691892586647,74.57654571533203,9525816.0
2015-08-18,75.31354409371427,77.75301994392785,74.60669738169099,77.27461242675781,11988600.0
2015-08-19,77.83492216220274,78.95121700448699,76.201415234355,76.46864318847656,9754836.0
2015-08-20,77.49014221564504,79.20984514662445,76.2876436483835,77.75736236572266,16790154.0
2015-08-21,76.37382688999413,77.14963323122915,74.80927936669075,76.6884536743164,12428550.0
2015-08-24,74.30502487107708,75.16702682836915,69.21055905258383,70.56391143798828,14335530.0
2015-08-25,71.56814861913226,74.94290368993641,70.43891864776467,74.36967468261719,15342618.0
2015-08-26,74.56361402749916,75.58077868505038,71.71899070253215,72.20602416992188,11131890.0
2015-08-27,74.13262273786096,76.24454581486629,73.11114885601215,75.8738784790039,10730940.0
2015-08-28,76.6788518653882,76.76289453836559,74.81672798986466,76.1613540649414,12107526.0
2015-08-31,76.37369722112307,78.46582384903621,75.32542694564921,78.12966918945312,15147240.0
2015-09-01,77.0681151859583,77.73158037884524,75.30329939266713,76.37368774414062,6153930.0
2015-09-02,77.39541985364862,77.48388457226146,74.80348377779593,75.11309814453125,10897218.0
2015-09-03,75.5465715034426,76.16138639619359,73.62694435776763,74.12676239013672,7986282.0
2015-09-04,74.30809336527885,75.61732742125726,72.5388557467044,75.24578857421875,8178066.0
2015-09-07,74.7813738645163,75.99772945980783,72.85732473867837,73.44117736816406,5877948.0
2015-09-08,73.87021449731415,74.21963517143216,71.79577626241328,72.6494369506836,6657216.0
2015-09-09,73.77732192085625,74.75040140481816,72.33539482828706,72.56096649169922,9907272.0
2015-09-10,72.5388502836204,74.57347379669535,72.36192086583036,74.28154754638672,15361362.0
2015-09-11,74.75040531666518,75.88271810971634,74.56906195246228,75.24137115478516,6733848.0
2015-09-14,76.05522543905121,78.37293147473703,75.8429117287718,77.88196563720703,9196044.0
2015-09-15,78.27118318006673,78.94350039968278,77.05041391323904,77.81118774414062,6176136.0
2015-09-16,77.97929542582973,78.51006769622916,75.46254916382685,76.28524780273438,8430468.0
2015-09-18,77.40427869308874,78.51005954085058,76.40023674559778,76.92216491699219,7152396.0
2015-09-21,76.79388813064628,77.97042934014712,76.45773349936032,77.07254028320312,5070582.0
2015-09-22,77.5811746486985,77.92617320000286,75.5553954421815,76.20116424560547,5933388.0
2015-09-23,76.16579012385385,78.24907206584459,75.77213310200794,77.55906677246094,3956502.0
2015-09-24,78.33310103299429,78.93464157412056,77.62982972824835,77.92617797851562,5856360.0
2015-09-28,77.92617197581906,79.52290992866506,77.51040491277544,78.15617370605469,5234808.0
2015-09-29,77.846578332646,77.846578332646,74.591177158761,74.99810028076172,9199632.0
2015-09-30,75.2015658482069,76.07733663115994,74.80790876832253,75.25464630126953,9221190.0
2015-10-01,75.83405533763913,76.47098016688145,74.75039305457376,75.64385986328125,7917072.0
2015-10-05,76.07732722105085,76.75406646866234,75.20155654642309,76.13925170898438,6550182.0
2015-10-06,76.42233551706303,78.20041712659945,76.02425645686156,77.46176147460938,8022018.0
2015-10-07,77.4042506760086,77.9438748387632,75.63501329849689,76.39136505126953,9349692.0
2015-10-08,76.60810917912454,76.67445569634057,74.91406197947136,75.63060760498047,6175332.0
2015-10-09,75.98887930357732,76.34272199091464,74.06483033252319,75.06002807617188,6165072.0
2015-10-12,75.19270815190697,75.45809417115024,74.23289484238123,75.1086654663086,4355766.0
2015-10-13,75.83848696999188,76.94868961559645,75.73233416815398,76.38695526123047,8031192.0
2015-10-14,76.86463709079814,77.05041054446556,76.09944127268182,76.2807846069336,4512738.0
2015-10-15,76.8734915393279,79.44773952269452,76.6302236875853,79.00543212890625,9365970.0
2015-10-16,79.78388734594017,80.91620000922293,79.47427300644631,80.61100769042969,10406160.0
2015-10-19,80.14658500315326,81.67697677158888,80.14658500315326,81.25235748291016,6140070.0
2015-10-20,81.03121521427208,81.8804457699085,80.50044307989681,80.71717071533203,5368296.0
2015-10-21,80.67735561231657,80.87639514096539,79.35042542132453,79.66889190673828,4277856.0
2015-10-23,80.0758352244964,81.19045200700357,80.0758352244964,80.51814270019531,4399380.0
2015-10-26,80.50927457781933,81.23908614886932,79.79272906848566,79.94754028320312,5264628.0
2015-10-27,79.61580582672376,81.1196572371379,79.26195510118102,80.91177368164062,11420244.0
2015-10-28,81.29661119465487,81.50891683471723,79.73967887070792,80.44737243652344,6413472.0
2015-10-29,80.23506324949513,80.41198460839256,77.41754707724749,77.7669677734375,12440094.0
2015-10-30,77.8377271228567,78.68696574313421,76.56829931246268,77.05926513671875,10099650.0
2015-11-02,77.22736101926608,77.75371123780154,76.21446688045803,77.12120819091797,6053736.0
2015-11-03,77.58119720922572,78.20042597363476,76.64792394236143,77.55465698242188,4376820.0
2015-11-04,77.7138998548612,78.83293864985905,77.43523958737025,78.37736511230469,3822780.0
2015-11-05,78.46580890330097,79.16023629901737,77.95273296770239,78.64273834228516,4922694.0
2015-11-06,78.88159315572352,79.57159860885444,78.54986054353951,79.27082824707031,4208082.0
2015-11-09,78.53657778472794,80.5712096494158,77.7138874756985,79.87236022949219,12706644.0
2015-11-10,79.62467441345947,80.6110282494252,77.13889072531734,77.56793212890625,7105122.0
2015-11-13,79.5273497726765,80.28370163010439,78.65157905287965,80.15100860595703,6901326.0
2015-11-16,80.32350401727744,80.71273902892676,79.3061962808382,79.49638366699219,7344072.0
2015-11-17,79.52736016097906,79.9475574919807,77.14330743585462,77.51485443115234,7002486.0
2015-11-18,77.49272316264582,78.57196349761226,77.22733712441757,78.2004165649414,3192474.0
2015-11-19,78.73121010600455,80.50045624250444,78.33313094013327,80.27045440673828,6606444.0
2015-11-20,80.04928618705624,81.74333343232058,79.64236303022582,81.0400619506836,5102562.0
2015-11-23,80.95161408252129,81.5531549002115,79.97853430083912,80.12007141113281,5525520.0
2015-11-24,80.08468088975515,80.9693039580051,79.26198232716625,80.27045440673828,5177028.0
2015-11-26,80.29697160960302,80.96485871649918,79.70869707347286,80.05369567871094,4895076.0
2015-11-27,80.38542804524712,80.491580839015,78.77984577979315,79.73523712158203,3201420.0
2015-11-30,79.81486582714987,81.19044660138452,79.42120871744261,79.77063751220703,8882058.0
2015-12-01,79.81042582192903,82.61466719560475,79.81042582192903,82.50851440429688,9238092.0
2015-12-02,82.71197361525655,83.764673655345,81.96005195714076,82.4598617553711,8326290.0
2015-12-03,82.71197500797489,82.80043971586457,81.12851099963896,81.38062286376953,5015892.0
2015-12-04,80.85429163208563,81.33199144702041,79.96967674328603,80.19082641601562,3626358.0
2015-12-07,81.11966994752694,81.6504420695368,80.31908974335404,80.56678771972656,5565606.0
2015-12-08,81.20812496386075,81.89813025981206,80.41638889660949,80.67735290527344,8616162.0
2015-12-09,80.67735842066688,80.99582491716633,77.58119056688864,78.04561614990234,6665106.0
2015-12-10,77.92619112568511,80.2792813446987,76.7186878194151,79.9829330444336,5594490.0
2015-12-11,80.07139430711257,80.62870661632051,78.37734727523318,78.98773193359375,5120418.0
2015-12-14,79.16909005641102,79.79274082990129,78.14293006532564,78.7356185913086,3884490.0
2015-12-15,78.90810219865192,79.25752275928704,77.9880952914132,78.70021057128906,2252190.0
2015-12-16,79.61580375259331,81.1196551238295,79.61138173224327,79.92984008789062,4870278.0
2015-12-17,80.75254645546282,81.04005069753056,79.57600546136652,79.96524047851562,5187336.0
2015-12-18,80.05812028516006,80.94274312828502,79.43889158401797,79.68215942382812,4418478.0
2015-12-21,80.09351807048374,80.49159720224347,78.91697686056614,79.39466857910156,3409950.0
2015-12-22,79.63793241492765,80.32350763801007,79.44331490033025,79.85466003417969,3324306.0
2015-12-23,80.05812332724729,80.3146653383214,79.46542672873653,79.68658447265625,5128014.0
2015-12-24,79.70870753440246,80.36775068635912,79.68216730768432,79.978515625,3247686.0
2015-12-28,79.9563804253986,80.32349720330777,79.69541643285984,79.90773010253906,2211558.0
2015-12-29,80.42082566457773,81.02236636142698,79.63351957252114,79.8458251953125,4788678.0
2015-12-30,79.84580419845186,80.25714927154235,78.61176088024217,78.8815689086914,3117588.0
2015-12-31,78.91697377950398,79.75736032520632,78.24024252150951,78.93466186523438,18646938.0
2016-01-01,78.99657986274369,79.82812229715532,78.81965852529642,79.26638793945312,1657350.0
2016-01-04,78.63386395796643,79.30618105783674,77.40424276986563,78.85944366455078,3606078.0
2016-01-05,78.98774545807218,80.30583185496096,77.87312064880746,79.85025024414062,5962272.0
2016-01-06,80.27043983623747,81.34082812823483,79.26196793972086,80.70390319824219,9086724.0
2016-01-07,81.01791579754071,81.3408042383558,77.83328398396723,78.22251892089844,5033250.0
2016-01-08,78.90811041888304,80.27926878386492,78.76656527299029,79.92984008789062,4050576.0
2016-01-11,79.83697285427601,79.83697285427601,78.32426912755984,78.5586929321289,4601892.0
2016-01-12,78.55869520874252,79.55389292649124,78.05446331820444,78.74446868896484,7515132.0
2016-01-13,79.3415775010232,79.83696528803831,76.78502599795573,79.25311279296875,9316644.0
2016-01-14,77.93504853441385,81.36737974134233,77.71389885075084,80.44737243652344,6475314.0
2016-01-15,80.5712205743994,83.77354182167146,80.4694897772649,82.49526977539062,17947962.0
2016-01-18,82.31832949800737,83.08795555645577,78.69138935269346,79.31504821777344,8199276.0
2016-01-19,79.43888782692638,80.16869941077945,78.02349296465593,79.24427032470703,5754630.0
2016-01-20,78.99657976228151,79.7750498439388,77.44849983897245,78.33311462402344,12644868.0
2016-01-21,78.90810469036235,79.50080115512857,76.56385905040926,77.4529037475586,6498924.0
2016-01-22,77.75811048935755,78.58080884128536,77.11234156513979,78.13407135009766,4724358.0
2016-01-25,78.1606146082867,78.43484470326163,76.78945603447248,77.66080474853516,5743554.0
2016-01-27,77.74040367606642,78.59848617640623,76.86021107449088,77.01502227783203,10432572.0
2016-01-28,77.09465635060832,77.62542851136982,76.16580506927568,76.86465454101562,13622442.0
2016-01-29,76.8646430204741,80.19081256966614,76.58156889659693,79.00984954833984,9394056.0
2016-02-01,78.8196537764008,79.01869330613918,77.11234070081649,77.8598403930664,5548908.0
2016-02-02,78.339931373669,78.4565849403847,75.88115286108076,76.30290985107422,5678850.0
2016-02-03,75.88565294059231,76.9400538306073,74.07746069738728,74.4408950805664,8508744.0
2016-02-04,74.92993659895782,76.45545347194826,73.96078132027449,74.63829040527344,10128570.0
2016-02-05,75.09147247252986,75.96191730620207,74.17616214346658,75.64784240722656,4834668.0
2016-02-08,75.64781902137764,76.55415761430002,73.88898698585164,74.0505142211914,3625992.0
2016-02-09,73.75440357814024,75.33376592706077,73.28777285963886,74.02361297607422,10934466.0
2016-02-10,74.36909824104622,75.54913225366377,72.95126313470217,75.15877532958984,4740144.0
2016-02-11,74.91199903161791,75.15877156901192,72.87049173762793,73.38199615478516,6531510.0
2016-02-12,73.73644470523384,73.82618390032465,68.40610247232266,69.34833526611328,14008980.0
2016-02-15,71.76226467407602,72.5609132966272,69.69383449228108,69.97201538085938,9162588.0
2016-02-16,70.32646701350781,70.32646701350781,65.67362949891235,67.39208221435547,12028806.0
2016-02-17,68.10996998613257,70.48798880455661,67.75102553202339,70.0796890258789,12109608.0
2016-02-18,70.98603835515146,71.76675230018434,70.07521363489987,70.869384765625,12523590.0
2016-02-19,70.8918031270731,70.8918031270731,68.33431001790564,68.72466278076172,10177932.0
2016-02-22,68.64840648329356,69.09260041153203,67.2530039600079,68.14588165283203,8374212.0
2016-02-23,68.20869045844056,68.37470347336972,65.61081722291453,66.05052947998047,7897014.0
2016-02-24,66.5395927293934,69.3393730099063,66.31973865553017,68.99836730957031,13869816.0
2016-02-25,68.95798008358986,69.07464186162835,66.90301572591451,68.57211303710938,12691176.0
2016-02-26,69.725235415764,69.725235415764,67.30235078741698,68.62147521972656,7388796.0
2016-02-29,68.29394147759663,70.71233635685373,66.40498985986783,69.02977752685547,58759392.0
2016-03-01,69.02979036992039,71.77573017761026,69.00736172509374,71.2238540649414,5870094.0
2016-03-02,71.69942421009458,73.13520189139557,70.26363831317644,70.5866928100586,6927816.0
2016-03-03,70.97428737676104,71.46553247286046,69.52307271518055,71.20413970947266,7814532.0
2016-03-04,71.47004641628696,73.72348748580818,70.92922121978887,73.48011779785156,10276464.0
2016-03-08,73.89474465301808,75.25131335459425,72.78605140366561,73.993896484375,9000768.0
2016-03-09,73.32688513080868,74.09305696209637,71.8035612738363,72.05144500732422,11601114.0
2016-03-10,72.90325540099995,72.90325540099995,71.05543279131072,71.5827407836914,9329226.0
2016-03-11,71.92974938143661,73.4575788738455,71.65933678977707,72.43902587890625,8007786.0
2016-03-14,72.74098693335712,73.27730633881558,71.83960887981026,72.53817749023438,6063630.0
2016-03-15,72.65084072591442,73.90375174440136,72.61028049106599,73.09251403808594,6480744.0
2016-03-16,74.06601786098253,74.20572995312872,73.47111502514511,73.76856231689453,9897174.0
2016-03-17,74.60234431302464,78.36558435574186,74.36348035053948,77.95545959472656,24451710.0
2016-03-18,77.51826995642365,77.8653054847918,76.82421540436138,77.23884582519531,10210908.0
2016-03-21,77.94642838446276,79.31200865106138,77.54982105531491,78.42415618896484,10117392.0
2016-03-22,78.01403367388805,80.02409677938613,77.56785454251182,78.48274993896484,8979450.0
2016-03-23,78.86131868662154,79.32102335697854,77.89685158731515,78.28443908691406,6985866.0
2016-03-28,78.554871365584,79.97003193857476,77.83827952510927,78.7441635131836,10564908.0
2016-03-29,79.10020447738289,80.16383194947169,78.39262417247235,78.78022003173828,9620322.0
2016-03-30,79.17230241254124,81.79981378316951,78.60443428622357,81.2274398803711,14510682.0
2016-03-31,81.47532096058087,83.09779671753108,81.02914177788726,81.5113754272461,16855632.0
2016-04-01,81.12378672634456,81.12378672634456,79.78975497349145,79.97453308105469,5694990.0
2016-04-04,80.67307088394031,80.88939759811193,79.37508584190509,79.95196533203125,5617644.0
2016-04-05,81.03366748922635,82.0161663891438,79.68160402582245,80.25848388671875,9844548.0
2016-04-06,80.85336364109477,80.94350392101667,79.1903278788775,80.23592376708984,10679808.0
2016-04-07,80.9299738077086,81.46629317638302,79.62749098578801,79.77621459960938,9557472.0
2016-04-08,79.95200479128364,81.25900202837671,79.33907054628997,81.09224700927734,3622740.0
2016-04-11,80.5018435862342,82.9130201296342,80.5018435862342,82.67415618896484,6454800.0
2016-04-12,83.70173440310923,84.7112761559754,82.74177270853609,83.003173828125,9046572.0
2016-04-13,83.37722292816599,84.09832046000194,82.56598511022385,83.43580627441406,6253500.0
2016-04-18,83.37723066936483,88.30775540983515,83.37723066936483,87.42440032958984,12232620.0
2016-04-20,87.2576395883174,87.40637147704271,85.72530419698639,86.01374816894531,7911024.0
2016-04-21,86.01374538439572,88.78096880469907,86.01374538439572,87.50101470947266,6417180.0
2016-04-22,86.71232424940581,88.15002208766283,86.55909480876134,87.0638656616211,3955446.0
2016-04-25,86.541042141264,88.51505904047124,86.41936142465114,88.18154907226562,3926892.0
2016-04-26,87.62269728904681,88.6818188475992,87.50552234234281,87.95620727539062,5958750.0
2016-04-27,87.52354847125018,89.66432054492353,87.52354847125018,88.54661560058594,4711896.0
2016-04-28,88.51506024000233,89.16855460408755,86.38781390904641,86.7799072265625,7211784.0
2016-04-29,86.53204982266104,88.47000443770126,86.53204982266104,88.15452575683594,3448788.0
2016-05-02,88.51506409141308,88.98378038415994,87.07286074852567,87.3928451538086,2469942.0
2016-05-03,87.87508894089453,87.97424078391562,85.73883091781161,85.9822006225586,5230200.0
2016-05-04,85.3827927133088,86.71231880129534,85.02674554607307,85.36476135253906,4202982.0
2016-05-05,85.54054155021865,85.73884526945447,83.75131055204491,84.62113189697266,4213530.0
2016-05-06,84.09831661219026,85.17996698662357,83.62058879712721,84.65717315673828,7279452.0
2016-05-09,84.99969512415655,85.63065234435182,84.06226259407073,84.45886993408203,5622882.0
2016-05-10,84.83744805901053,84.9906774654877,83.38623321217486,83.58904266357422,6334680.0
2016-05-11,82.79582316043606,83.60706091897259,81.8899475986067,82.8859634399414,6297276.0
2016-05-12,82.66514040027164,84.12987265970293,82.66514040027164,83.50792694091797,4013010.0
2016-05-13,83.30962373975552,84.27859678905577,82.87696189913684,83.62960815429688,3274212.0
2016-05-16,83.64763444692247,83.90902724425858,82.52541554481847,83.16990661621094,4096440.0
2016-05-17,83.84142734440744,85.49995748701542,83.82791001469512,85.20701599121094,6148596.0
2016-05-18,84.91858352986523,86.36078707853034,83.86848162406088,84.10734558105469,8779230.0
2016-05-19,83.99016162146584,85.58559443277827,83.91805268960677,85.02223205566406,6125832.0
2016-05-20,85.11688852037997,85.38279539680227,82.74627202350433,82.97161865234375,4772916.0
2016-05-23,83.5394592983777,84.01719536137902,82.11528741879984,83.09778594970703,4392420.0
2016-05-24,82.56599012158725,83.39074531895201,80.27649438469894,80.75872802734375,6197946.0
2016-05-25,81.52939831867897,84.79238085317081,79.424689130976,82.69216918945312,4737294.0
2016-05-26,83.01667298553105,83.91805112160392,81.76376175012896,83.53946685791016,7243644.0
2016-05-27,85.7207926883383,92.363932628946,85.4008083017387,91.21918487548828,35309520.0
2016-05-30,91.940287316843,92.29633443744534,89.56065965193048,90.08795928955078,7861158.0
2016-05-31,90.08796189067624,90.85413372455106,87.78945464138997,88.3798599243164,13993596.0
2016-06-01,89.68684796616577,89.77698825535414,88.52407702162505,88.97476196289062,6444396.0
2016-06-02,88.93871140386057,90.7234363932111,88.21761381569749,90.4169692993164,8659596.0
2016-06-03,91.21920094474184,93.19771571380811,90.48457773099481,91.26426696777344,11162388.0
2016-06-06,92.07854083256736,92.34386434201278,90.57805366937939,90.9668960571289,7691856.0
2016-06-07,91.67600102895429,91.69887707484926,89.05930303370033,89.32005310058594,7041228.0
2016-06-08,88.95405535922004,90.15718752514917,88.67042096969585,89.67684936523438,6137646.0
2016-06-09,90.6055225474193,92.02366130179372,90.30359396222828,91.25969696044922,7902216.0
2016-06-10,91.4015001019572,91.89098538130007,90.0794224427313,90.28986358642578,5078658.0
2016-06-13,89.86898855585831,92.67782452574099,89.66312932395908,92.28440856933594,7468200.0
2016-06-14,92.95689526590363,93.04839106794836,90.40881717391431,90.68329620361328,6453570.0
2016-06-15,91.05839794962625,92.75558899864015,91.05839794962625,92.4994125366211,5033340.0
2016-06-16,92.79220381492465,93.3228593019527,91.54789288151349,92.545166015625,6597216.0
2016-06-17,93.02548267823047,93.2999616124927,91.58446827335375,91.94586944580078,5262264.0
2016-06-20,91.48841861406856,92.63665172146573,90.94860774316125,91.9321517944336,3727578.0
2016-06-21,91.93213937338628,92.60918963684843,91.41063107981364,92.27523803710938,4405194.0
2016-06-22,92.22493082410429,92.73271857684506,91.79033634404871,92.34844970703125,4655760.0
2016-06-23,92.49941946256394,94.28353289433446,91.76747828270018,93.67510223388672,4479852.0
2016-06-24,92.59089059210233,93.72540288813943,91.13614730930715,92.72355651855469,6516624.0
2016-06-27,93.32283810290255,95.78400145913558,93.00718900225274,94.9880142211914,8603070.0
2016-06-28,95.31739704019625,96.44276250635622,95.17101048810721,96.22318267822266,7127814.0
2016-06-29,96.51593917570257,97.03744746011333,95.45462010280232,96.46562194824219,4994928.0
2016-06-30,97.16553181067938,98.62942208772984,96.16825902001548,98.09418487548828,14095068.0
2016-07-01,98.35495736610292,100.85270904623042,97.62300793382228,99.90576171875,6395178.0
2016-07-04,100.18482225949312,101.55721708496563,100.18482225949312,101.20497131347656,10156236.0
2016-07-05,101.32848129821777,102.27086354093615,99.94693941476447,100.45472717285156,11752260.0
2016-07-07,100.56451366060944,102.56363314429925,99.68160412378366,101.93233489990234,15105402.0
2016-07-08,102.5727905784786,102.82896703183323,101.04942732646174,101.98723602294922,17025198.0
2016-07-11,103.10345600770287,105.21694755303875,102.48130475553978,103.68901062011719,18865734.0
2016-07-12,103.588345921825,105.76588322162719,101.84082951892982,102.52245330810547,22119798.0
2016-07-13,102.45383216303081,103.02109251633972,99.4711606232443,99.8371353149414,11222685.0
2016-07-14,99.95609373883546,101.82255585323763,99.95609373883546,101.26444244384766,4710903.0
2016-07-15,101.37422750608974,102.0878660691753,100.09332016548787,101.51146697998047,7296570.0
2016-07-18,101.74018196390449,102.97533708459393,100.93504772016027,101.76763153076172,5087847.0
2016-07-19,101.66701113641604,105.03395212851309,101.38338509464904,104.69542694091797,8744865.0
2016-07-20,104.30201318805585,106.68082824055114,104.30201318805585,105.12545013427734,6950838.0
2016-07-21,106.53442450984647,108.07150823695967,104.90585338774616,105.4456558227539,8300904.0
2016-07-22,105.71098725091814,107.03763823696528,104.03666406194718,106.7174072265625,5877606.0
2016-07-25,107.41276205819513,110.1301019077823,107.11998061115973,108.60216522216797,9220002.0
2016-07-26,108.78517077990826,109.94713290050417,107.13829691634244,107.65980529785156,6438093.0
2016-07-27,107.71468942486742,109.12368923925456,106.58017694724772,107.68724822998047,6539757.0
2016-07-28,107.86107135244674,108.4923695345902,105.22607197538794,106.82720184326172,12794370.0
2016-07-29,107.52254515152337,109.24261196170093,106.60761261095642,108.44662475585938,5296830.0
2016-08-01,109.23351841589844,110.43207753198443,108.0075097186247,108.80349731445312,6665085.0
2016-08-02,109.16030086416676,109.73670005886683,105.61036802230936,106.012939453125,8036001.0
2016-08-03,106.13186607026441,106.6899794544139,103.89029059764249,104.8326644897461,8537019.0
2016-08-04,105.07968994354127,105.78418141957232,102.10616531211073,104.17390441894531,7452468.0
2016-08-05,105.3633399869534,107.55917200005221,104.95162148449738,107.33043670654297,8297040.0
2016-08-08,108.52898823588107,113.03044188316171,107.77874456526199,111.02674865722656,24490668.0
2016-08-09,111.42930406900453,112.3076316629157,108.40088024770277,108.99559020996094,14751804.0
2016-08-10,109.34325444381784,110.615006231642,105.83907463538851,106.78144836425781,12475206.0
2016-08-11,107.77873839723735,109.79158695013425,106.31485615552444,109.21517944335938,12648321.0
2016-08-12,107.81531308493106,108.78514471493233,105.20776342572209,106.12269592285156,9017328.0
2016-08-16,106.13184614042267,110.2490299352205,105.80247646269797,109.13282012939453,9808143.0
2016-08-17,109.05966503190544,109.57202641964874,106.78148417570056,107.47683715820312,5871177.0
2016-08-18,107.6140676291973,109.22433656810034,107.04680713537478,107.43107604980469,7606128.0
2016-08-19,107.77874841078392,108.89496689081852,106.36975680577898,108.54729461669922,7811124.0
2016-08-22,108.87664358965485,110.77970204426317,108.64791672356125,109.33411407470703,9868461.0
2016-08-23,109.97457240050863,110.17585809758593,104.57648872313023,105.41822814941406,11280069.0
2016-08-24,106.13188680666987,107.21150877174503,105.22610937532299,106.45211791992188,10981716.0
2016-08-25,107.41278954992917,109.79160486315259,106.33316763467633,109.47138214111328,16940337.0
2016-08-26,109.40731744586219,110.14840562768048,108.52898140470724,109.0138931274414,9223407.0
2016-08-29,109.23347344592624,110.12095648820352,108.67536011299661,109.5719985961914,7354326.0
2016-08-30,110.30395827062357,111.86849187740037,110.0660759188538,111.30123138427734,8935185.0
2016-08-31,111.43845065154217,111.61228675669128,109.35240901332038,110.26734161376953,29762541.0
2016-09-01,109.84648562252893,111.06333846366583,106.77231785055156,107.37617492675781,11173824.0
2016-09-02,107.96171432199222,108.1446974815937,106.36973151594705,107.36700439453125,7794672.0
2016-09-06,108.41915946226764,109.77325138452531,107.73296225048114,109.5353775024414,6827253.0
2016-09-07,109.7732761023938,109.78243154332841,107.42191092797353,107.92512512207031,4939659.0
2016-09-08,107.96173264817868,108.51983766202392,106.94615709302731,107.44937133789062,6330264.0
2016-09-09,107.43105636662678,108.87664434622816,107.05593458696488,107.6963882446289,5477118.0
2016-09-12,106.19589665822404,107.15657291608728,103.03938895381627,103.55175018310547,8236623.0
2016-09-14,104.5947855757222,105.8573820822391,103.64325628695607,105.2809829711914,7191990.0
2016-09-15,106.09525574335626,106.09525574335626,103.46025628457576,103.96347045898438,5802084.0
2016-09-16,105.21693429299718,106.47953076986114,104.13731261538366,105.7567367553711,34517982.0
2016-09-19,106.31481368419661,107.52251898289951,106.10438101013163,107.0833511352539,6450138.0
2016-09-20,107.41277916443794,107.95258169343741,106.64423297884399,107.18404388427734,6279582.0
2016-09-21,107.96172949621541,108.94984707337723,106.15931370918761,107.37617492675781,5321154.0
2016-09-22,108.51067944653913,109.88307417656942,107.72383924289292,109.5719985961914,7755264.0
2016-09-23,110.02948235542445,111.28293198795858,109.90138992171212,110.64248657226562,6251616.0
2016-09-26,110.70650058474915,114.34791980850784,108.93153466741701,113.89960479736328,9488160.0
2016-09-27,114.951786979494,115.0249886296012,111.32866967403378,111.75868225097656,8364234.0
2016-09-28,111.98740603979165,113.40554441890305,111.52078849738623,112.77424621582031,4161453.0
2016-09-29,112.66444001429203,113.97278830482632,109.86475191783222,111.64886474609375,13435797.0
2016-09-30,110.70650210979517,113.21340905657598,110.52351057622178,112.0971908569336,5275098.0
2016-10-03,112.71934282930908,115.37264469851769,112.53635967076892,114.86943054199219,5511669.0
2016-10-04,114.96092377021735,116.92801990447894,114.92432713931767,116.64439392089844,4858818.0
2016-10-05,116.69014121542152,119.31599353975132,114.7321920843722,118.92256927490234,5038164.0
2016-10-06,119.61791190683991,125.08919626748838,119.30683635093858,122.72867584228516,10077342.0
2016-10-07,123.49722003310626,124.41215262182848,120.03879210318712,121.42033386230469,5750160.0
2016-10-10,121.50269187572276,122.03335570239625,119.54474238453393,120.36817932128906,4705734.0
2016-10-13,119.48982304844463,122.68292718139786,118.19062174197033,120.24006652832031,9780993.0
2016-10-14,120.94457872746989,123.03976756736697,120.58775942941993,122.02420043945312,5224341.0
2016-10-17,123.2959395120213,123.46062016995135,120.05708309100369,120.60604095458984,6081093.0
2016-10-18,120.95371009342269,121.42947468002684,118.20892084488487,120.176025390625,5267634.0
2016-10-19,120.41392970869057,122.54571529811962,120.00221124610297,120.88053894042969,5475876.0
2016-10-20,120.95372892383786,121.68567842168791,119.68197693245422,121.1641616821289,4646502.0
2016-10-21,121.68565583360821,122.87505888807151,121.08179886643876,122.28035736083984,3965844.0
2016-10-24,122.50910685441542,125.88519457172715,122.06079179678368,125.56497192382812,5641779.0
2016-10-25,124.63176983003342,125.80287912558865,123.20447566433113,125.4277572631836,5356071.0
2016-10-26,125.05262507646566,125.61073010258845,122.76529744891761,123.70767974853516,5726604.0
2016-10-27,122.41762926596859,124.47622168636043,121.71312928420973,123.8083267211914,6855798.0
2016-10-28,123.14955181678329,123.79000548728006,121.93269905691544,122.4267578125,5632266.0
2016-11-01,122.79275574218595,124.40303309909051,122.07910866757466,123.72598266601562,4520814.0
2016-11-02,122.60061778509763,122.60061778509763,119.8558277721743,120.79821014404297,4199952.0
2016-11-03,121.44780344352526,121.50269421450531,117.25742540156944,117.85212707519531,5728524.0
2016-11-04,117.65998431886187,118.83109349362218,115.64714408943229,117.75148010253906,5656077.0
2016-11-07,118.57490552253262,121.96014867295904,118.31872908009699,120.7890396118164,4872915.0
2016-11-08,120.22179808848757,122.21634430673551,119.73688632112247,120.87139892578125,4135614.0
2016-11-09,116.19608247069746,122.41760205504289,114.65899879651364,120.76158142089844,5701092.0
2016-11-10,120.49625443849263,123.14040099720307,120.49625443849263,121.60331726074219,6838788.0
2016-11-11,118.94088431180882,120.86223701328032,118.01680459695794,118.86769104003906,8564676.0
2016-11-15,118.2638571482448,119.81923541909455,113.73495346481924,117.7697982788086,19785117.0
2016-11-16,118.94088954736142,120.96288518062902,115.1256251710666,116.04055786132812,10973214.0
2016-11-17,116.19605687880139,117.80633346236802,113.66170088147123,116.28754425048828,13619667.0
2016-11-18,116.40651250947776,118.34615909108052,116.0130882538001,117.57762145996094,10984683.0
2016-11-21,118.33705303534249,118.483439610773,115.29033426969478,115.98568725585938,9408087.0
2016-11-22,116.10457926882663,117.95273838507762,116.01308350641575,117.27568817138672,8587329.0
2016-11-23,117.1110528105781,117.66001088371587,114.25647250554881,115.99484252929688,9209448.0
2016-11-24,114.93349444389344,117.8246706762934,114.64986841036348,116.76335144042969,8038728.0
2016-11-25,117.29400214561439,118.44680865786236,116.23268302829301,117.001220703125,4451607.0
2016-11-28,117.29401582262985,121.4569440701789,117.12017970028033,119.17877197265625,12447963.0
2016-11-29,119.4898440011979,120.34072208048337,117.47699549190253,117.8063735961914,7684374.0
2016-11-30,118.11744328760433,119.12386330370956,116.30588055746875,117.83380889892578,76838898.0
2016-12-01,116.52549103715556,117.11104572129376,113.18599908653451,115.07990264892578,9648663.0
2016-12-02,113.45128808704905,114.31132146553325,110.78883925092654,111.28289794921875,14752566.0
2016-12-05,110.68823495621352,112.89321411558821,109.45307940406732,110.56014251708984,8166354.0
2016-12-06,111.25547007267753,112.71020515118377,110.72480630407313,112.16124725341797,6772569.0
2016-12-07,112.71934610373047,116.0130933117268,112.60955620541705,115.67456817626953,8027163.0
2016-12-08,117.29403765909363,117.4495713034197,115.68376017893429,116.75422668457031,5348127.0
2016-12-09,116.70847238590734,116.74506902692504,114.42114462834763,116.13206481933594,6470070.0
2016-12-12,114.8968733653654,115.61052020642859,111.62142057295924,111.95994567871094,6398667.0
2016-12-13,112.00570342647048,115.46413116558,111.52993884164127,115.03411865234375,4686300.0
2016-12-14,114.71388738410135,115.83010558068936,113.11276591652357,113.56108093261719,4862082.0
2016-12-15,113.43298940613657,115.4275351463537,111.32865377109162,112.6552963256836,8331282.0
2016-12-16,111.62144532264097,112.85660069112426,110.52352943954472,111.8227310180664,6771279.0
2016-12-19,113.24999990588026,114.00024337650325,111.63972307595492,111.95994567871094,5986500.0
2016-12-20,112.42657241688381,113.09446724357029,111.4658961532227,111.99655151367188,5768442.0
2016-12-21,111.91423917255513,112.78341988394952,110.23076852412925,112.31681060791016,6451359.0
2016-12-22,112.49977880568353,112.65531241813238,110.87119914892169,111.75868225097656,2523849.0
2016-12-23,111.5756772096183,112.76508861490284,111.11821515055422,111.7861099243164,2547054.0
2016-12-26,111.80444598683373,111.8135930528884,109.86479052649939,110.20331573486328,2446068.0
2016-12-27,110.34055672331792,112.89320804320904,110.01117857655522,112.63703155517578,3327189.0
2016-12-28,112.71936113055217,113.3598148540756,111.68549145818392,112.56382751464844,7007838.0
2016-12-29,112.62787695924162,118.02596074374915,112.36254504633459,117.04698181152344,14972490.0
2016-12-30,116.2966996888012,116.82735492444812,115.2811245269205,116.28754425048828,4676346.0
2017-01-02,117.11101887061913,117.98020781881114,116.63525422825643,117.2025146484375,3380304.0
2017-01-03,117.84297567843463,120.40477385254322,116.48887493870753,119.04153442382812,9472155.0
2017-01-04,118.90430164277187,120.935444490482,117.44955797206232,119.93817138671875,8356224.0
2017-01-05,119.76433624324766,123.41490348449908,119.4898572513811,123.09468078613281,7441497.0
2017-01-06,122.7835991293008,124.61345619314962,121.05437653952684,121.65823364257812,4953354.0
2017-01-09,121.54841540728194,122.17056649650863,119.12384887083907,119.50811767578125,3520716.0
2017-01-10,120.72497973064442,123.69849574582702,120.45964787728423,120.82562255859375,5889747.0
2017-01-11,121.13670283905634,121.86864385384227,119.80090483298031,120.93541717529297,5018715.0
2017-01-12,121.13672159096369,122.36272151463874,120.24923847082151,120.64265441894531,3147279.0
2017-01-13,121.66737993912002,121.66737993912002,119.12387587222375,120.34072875976562,3556449.0
2017-01-16,121.25562640159356,122.80185696446704,119.96558061027115,122.25289916992188,3933180.0
2017-01-17,122.59145397274203,123.04891612026167,121.14586588026141,121.67652130126953,2637174.0
2017-01-18,121.52099910985397,121.53014617579137,118.99578905501393,119.93817138671875,6318378.0
2017-01-19,120.24007290639798,123.82659309632403,119.69111505068015,123.3142318725586,5453529.0
2017-01-20,122.96657419576309,123.69851529764111,121.13671725285145,121.63992309570312,4089552.0
2017-01-23,121.13669643512348,124.79640969201333,121.04520067195016,123.89063262939453,5101446.0
2017-01-24,123.88150374587455,125.93094045497656,123.2776466978903,124.86962127685547,5566491.0
2017-01-25,125.5284043827063,131.43885021221945,124.00046730565506,130.1396484375,10893219.0
2017-01-27,130.4690155427761,132.99421721531502,126.49821726882377,128.95938110351562,5733753.0
2017-01-30,129.2612779349641,129.55405937928634,127.12034555850651,128.94105529785156,2928624.0
2017-01-31,129.09662164786283,129.09662164786283,123.89066788126944,124.7323989868164,6823653.0
2017-02-01,124.80561525553495,127.57784668994906,123.18618231678131,126.76356506347656,5528706.0
2017-02-02,127.17525443554035,130.4690019601175,127.06545615024127,128.43785095214844,4782462.0
2017-02-03,128.27316763664598,128.4195541787873,126.04073936325898,127.83399963378906,4896420.0
2017-02-06,128.71232517082092,130.15792156848332,127.90719082569832,129.06915283203125,3632685.0
2017-02-07,129.49916002746426,132.28970149067734,128.83126518511685,131.1368865966797,6836934.0
2017-02-08,131.51202203499807,133.03080342104798,130.67029100231818,131.84140014648438,7005252.0
2017-02-09,132.66483177037776,133.39677286225128,131.942037743339,133.00335693359375,5934867.0
2017-02-10,134.12871251140953,134.12871251140953,130.2860071616488,130.93560791015625,7534047.0
2017-02-13,130.8349495786742,131.54859644871053,129.9291724897567,130.7526092529297,2897595.0
2017-02-14,131.14602921656223,131.16433172087116,125.67475312869304,126.63542938232422,5446899.0
2017-02-15,126.62630361695142,128.05358926512812,122.23464000453038,123.46063995361328,9680544.0
2017-02-16,122.70122404216147,123.90892961230166,121.13669922735436,122.49079132080078,10280532.0
2017-02-17,122.71038410612232,125.06174913695159,121.69480871544503,124.2474594116211,5836983.0
2017-02-20,124.88792160915777,128.45614794084798,124.43960655155374,128.13592529296875,5841243.0
2017-02-21,129.00511164569798,131.20094333328433,128.29146467194582,128.81297302246094,4876872.0
2017-02-22,129.00513595061614,131.3839512681989,128.74895944780215,130.7069091796875,7402581.0
2017-02-23,130.83495831904526,132.05181941778977,129.30703002384874,131.3198699951172,9037395.0
2017-02-27,130.65199106180347,132.62824301667305,128.25487358232715,129.49917602539062,6559227.0
2017-02-28,129.8379060282702,130.75994218344533,125.69814957688943,126.08390045166016,15042585.0
2017-03-01,127.01531333852334,127.37283677571334,122.95082503444604,124.0892562866211,10965873.0
2017-03-02,124.55967169974815,125.20886620142471,118.70756662326194,119.51669311523438,17818512.0
2017-03-03,119.28148245512219,119.56373868023427,115.77209212888118,119.07449340820312,23674239.0
2017-03-06,119.92127528640627,121.06911280088711,118.9992393313644,119.96831512451172,9895818.0
2017-03-07,120.61751478718267,122.06642972268529,120.20353663024544,121.53955078125,6908280.0
2017-03-08,121.46427847612802,122.37690818649628,118.56644872716461,120.24116516113281,6447222.0
2017-03-09,121.21024966170341,121.25729811697587,118.6323095770465,118.92398071289062,6311064.0
2017-03-10,119.65783112887318,119.85541395306954,116.68473420375679,117.29629516601562,7306419.0
2017-03-14,119.6766658585524,120.61752302115265,118.3594727219347,119.80838775634766,9366018.0
2017-03-15,119.53553551336233,121.15380601316859,119.08392373908043,119.770751953125,4512816.0
2017-03-16,120.24115201675723,122.19812449304229,119.87422236925892,121.88764953613281,5624442.0
2017-03-17,122.31106497966195,122.31106497966195,120.06242084850754,120.82451629638672,6703974.0
2017-03-20,120.42933619440934,121.9347058039894,119.55434866878241,121.10675811767578,3582735.0
2017-03-21,120.80564818632087,122.1228408560348,119.26264539846082,120.78682708740234,5581119.0
2017-03-22,119.79896292591489,122.02879430182863,118.18070114476953,121.37019348144531,5892471.0
2017-03-23,123.25187664671596,124.19273356009657,121.9535049596085,123.26129150390625,11486508.0
2017-03-24,124.59348078711238,124.97683948470215,123.65423881624022,124.53597259521484,5505504.0
2017-03-27,124.55514837779361,125.34103811694561,122.85875318938594,123.28045654296875,5589924.0
2017-03-28,122.96418827346932,124.28679785264177,122.67666483341092,123.81717681884766,3425301.0
2017-03-29,124.11429499576505,124.68934193593773,122.87794758420175,123.2708969116211,4163748.0
2017-03-30,123.27089059000646,123.92260925217788,122.37956612354397,122.80126953125,9312888.0
2017-03-31,123.44341847037263,126.1269651325518,123.06963267722286,124.56475830078125,7375137.0
2017-04-03,124.40180752185198,124.50723336991034,122.0249482148403,122.36997985839844,3026667.0
2017-04-05,123.29005986363511,123.30923218965695,120.98987211413058,122.24539184570312,10093317.0
2017-04-06,122.25498782810789,124.13347223379763,121.23906509228846,123.8651123046875,5526771.0
2017-04-07,123.25171049470207,130.2481170584426,123.16545697334512,129.45263671875,15781053.0
2017-04-10,130.34397411586284,135.1072748539085,130.34397411586284,134.23512268066406,15483084.0
2017-04-11,134.92520438392785,136.78452551037861,134.21597735226783,136.171142578125,10697775.0
2017-04-12,136.74616585114657,138.32754495654888,133.8421770117765,137.4937286376953,6569679.0
2017-04-13,138.1742235897573,142.2187164217613,136.29573015913013,140.1389617919922,9633930.0
2017-04-17,139.73638878066305,141.46152938289345,137.75247884300185,138.7300567626953,4634016.0
2017-04-18,139.06550226603525,141.1835922133177,138.4233654070719,138.81631469726562,5230545.0
2017-04-19,138.66293694428532,140.2538972617932,136.4202581539312,138.5670928955078,5492082.0
2017-04-20,139.017581475809,139.8993241087282,138.01124944857978,138.26043701171875,3699786.0
2017-04-21,138.8642427195125,139.4201172873098,136.70781687332442,137.20619201660156,3636798.0
2017-04-24,137.28287826067967,138.0112687279831,135.3373039061865,137.02410888671875,4247748.0
2017-04-25,137.43620875707768,142.18992744534467,137.43620875707768,141.72030639648438,7337697.0
2017-04-26,142.2090778993143,142.78412470944133,138.49043718075004,140.2635040283203,3972912.0
2017-04-27,140.27309344931737,141.54777651981667,138.73005050638554,141.07815551757812,3351435.0
2017-04-28,141.65323080981057,141.7874107729766,137.38830506193187,137.8675079345703,4010133.0
2017-05-02,139.3530552573746,142.41997848107923,138.25088767576537,141.81617736816406,6627813.0
2017-05-03,142.61164167288564,144.44220835728382,139.6405628798605,141.11651611328125,7422234.0
2017-05-04,142.03656064342485,142.03656064342485,137.972897145207,140.215576171875,5293185.0
2017-05-05,140.88649955581604,142.80331975418446,138.01126487100348,138.9217529296875,7678389.0
2017-05-08,139.16132286020917,139.8513772517199,136.11357312530933,137.16783142089844,5539539.0
2017-05-09,137.53206330412817,138.58631310693428,136.1615359281242,138.2796173095703,3841134.0
2017-05-10,139.5063673331451,139.92806191582628,138.09749555109352,139.59262084960938,4519719.0
2017-05-11,140.35934504590452,140.96314597610058,138.9696543810216,140.0526580810547,4014561.0
2017-05-12,140.043106220875,141.0686019467901,138.96968406557605,140.53189086914062,3019362.0
2017-05-15,140.8193979698361,141.07816731523675,138.58630038529253,139.51596069335938,2519025.0
2017-05-16,139.35305149331163,140.88651306374362,138.586325095356,140.56065368652344,2614563.0
2017-05-17,140.48395318192829,140.69480487249413,138.68214081193506,139.4392852783203,3423087.0
2017-05-18,138.43294208865797,139.44885581174483,136.28609825725167,137.03366088867188,3143223.0
2017-05-19,137.1007564650981,138.4808653991772,134.17759578635372,134.647216796875,3208638.0
2017-05-22,134.36931484164288,134.36931484164288,131.59950578724172,133.334228515625,4520811.0
2017-05-23,133.06581967988348,135.32767090391548,131.95406200113834,134.09132385253906,5377980.0
2017-05-24,134.75267131240633,137.378718575305,132.5004098473105,136.45864868164062,7050066.0
2017-05-25,136.99535315691995,140.50313426404503,135.51939991330076,139.3242950439453,10675392.0
2017-05-26,138.41380763758946,144.518890969485,134.75267399376244,143.6946563720703,11422914.0
2017-05-29,144.52845693505455,147.45160919968865,143.18668370734903,144.69139099121094,12864804.0
2017-05-30,142.5637307022599,142.79374598012623,139.10385833634112,141.60531616210938,7421124.0
2017-05-31,141.88325366325068,143.4071245765997,141.4615502251465,142.35287475585938,6592494.0
2017-06-01,141.72990051631652,143.14835433606882,139.72682674649351,141.65322875976562,4509996.0
2017-06-02,141.61486626338967,141.84489026432695,138.55753447935106,138.9313201904297,3975357.0
2017-06-05,138.96968890271813,141.3848844489468,138.71091074369463,139.65016174316406,4039431.0
2017-06-06,140.11977176602122,141.07817746792261,138.7108997655809,139.07510375976562,4600956.0
2017-06-07,139.35304066636874,139.42971242275527,136.28612653830734,137.4937286376953,8595087.0
2017-06-08,139.13489267258896,139.83550573975702,135.3630752044052,135.67979431152344,6691548.0
2017-06-09,136.1308583695825,136.5435553190447,133.5011454643705,135.08473205566406,5840328.0
2017-06-12,135.30546215588163,135.65097544397716,134.17296199915583,134.69122314453125,5218104.0
2017-06-13,135.65100263266288,136.02530144748093,133.85626977849492,134.17298889160156,2471295.0
2017-06-14,134.17296136904673,134.40329770218344,132.33024434364947,132.82931518554688,5689032.0
2017-06-15,132.82932150948298,133.40517115650854,127.35874986274025,128.68319702148438,13449645.0
2017-06-16,129.96927534428616,131.22654777324863,128.702407763476,129.33584594726562,14039070.0
2017-06-19,129.95008252438473,130.27639676180883,127.8386307394055,128.0593719482422,6110037.0
2017-06-20,128.23213203609495,128.96153931725289,127.10922687183466,127.59869384765625,6585135.0
2017-06-21,128.03058177976487,128.03058177976487,124.98818051756697,125.61201477050781,8037780.0
2017-06-22,125.18973361354182,125.65041517633554,122.27209543154144,123.1934585571289,10208172.0
2017-06-23,123.80768130707258,124.0092322099544,120.65970715417555,121.07239532470703,5273571.0
2017-06-27,120.7364655743191,120.7364655743191,114.97796974067538,117.48291015625,28287252.0
2017-06-28,117.08943685825457,119.89190658866444,116.8303062488663,118.37550354003906,10596600.0
2017-06-29,118.52905200620287,121.56186665708005,118.43308292078123,120.17022705078125,15832566.0
2017-06-30,119.78632560752231,123.09746118503837,119.46001138276907,122.73275756835938,12922401.0
2017-07-03,122.86715853866966,125.0265953772572,122.86715853866966,124.64269256591797,10764759.0
2017-07-04,124.32596313666495,127.64670328890965,123.99005369621999,126.14949035644531,22330908.0
2017-07-05,126.30302351284664,127.4067382989734,125.98631322671602,127.09001922607422,5161158.0
2017-07-06,127.43554444224796,127.45473474658473,126.2070662145352,126.696533203125,7229721.0
2017-07-07,126.87888246910175,128.55844704285494,126.51417882636501,127.44513702392578,10959354.0
2017-07-10,128.2225469405942,128.76960244436788,127.09003774882466,127.57951354980469,1460856.0
2017-07-11,128.39527887546436,130.67948728040432,127.50271890556975,130.19961547851562,11229114.0
2017-07-12,131.2937335050745,131.86958321343008,130.19001863513654,131.23614501953125,9404598.0
2017-07-13,131.86956844662694,134.10098581662993,130.8330373303042,132.02792358398438,7751906.0
2017-07-14,133.28040992730266,133.7122971978297,131.3225244822875,132.67576599121094,5322378.0
2017-07-17,132.73336568433734,135.03676465499828,132.44544081300472,134.59048461914062,4081512.0
2017-07-18,134.59048848760133,136.7643178139359,133.69791960346166,134.92160034179688,5595054.0
2017-07-19,135.3246811112854,136.17406294360646,134.05781351355486,135.281494140625,5090296.0
2017-07-20,134.99355258558057,135.7565515954122,133.43876032678313,134.5184783935547,3599056.0
2017-07-21,134.51849086975562,135.00795783336116,132.84852149953656,134.50408935546875,4011048.0
2017-07-24,134.201781317673,136.11647991233824,133.85626796500685,134.23057556152344,5182362.0
2017-07-25,134.24494901067555,134.92157410352536,133.52513695163708,134.43209838867188,8360884.0
2017-07-26,134.31695308456395,136.05889504930212,134.31695308456395,135.727783203125,6456672.0
2017-07-27,135.72779641734684,138.20395232044223,135.62702094475904,137.39776611328125,7113370.0
2017-07-28,136.4763759875943,138.34788747265625,135.15191994850437,136.9370574951172,7454950.0
2017-07-31,136.05890057582633,137.65688895592453,134.9359952842901,135.6558074951172,6001224.0
2017-08-01,135.9293142269956,140.20499971697836,135.90051998659388,139.81629943847656,6984958.0
2017-08-02,139.81632589458135,140.93923118857654,139.5571952554702,140.0178680419922,7148256.0
2017-08-03,140.88163998766365,143.58814088366927,139.67236076614307,141.08319091796875,12424750.0
2017-08-04,141.48626989987255,151.30450906770955,141.37110171692746,149.1162872314453,10812720.0
2017-08-07,149.72091770871924,152.31224128444708,148.15172380648764,151.9379425048828,9363506.0
2017-08-08,151.93791590686817,152.18264495009663,144.75418884813166,145.41641235351562,8597082.0
2017-08-09,144.39432043548544,147.47512001930534,141.94695907217212,142.7963409423828,6241150.0
2017-08-10,142.20608494666658,142.52280404634564,135.78536415787227,138.6358184814453,9696100.0
2017-08-11,136.80750569308157,141.6446489745455,135.9149368030403,139.4420166015625,8423938.0
2017-08-14,139.21166251227385,139.21166251227385,133.97142682026868,137.72885131835938,9685338.0
2017-08-16,138.1607235480326,140.5648974986803,136.4763616313053,139.34121704101562,6404160.0
2017-08-17,139.64354888579626,145.20049484221423,138.24711163958455,142.14849853515625,9280626.0
2017-08-18,141.94692988184548,147.3023330505628,140.50730584653266,144.9125518798828,11946308.0
2017-08-21,145.77634434448206,148.51163035013542,142.5515913782994,143.31459045410156,8719356.0
2017-08-22,142.09089378142838,147.7054275782629,142.09089378142838,146.9424285888672,9180118.0
2017-08-23,148.26690021327684,148.26690021327684,145.71876361607002,146.7552947998047,6142666.0
2017-08-24,146.9424313714618,148.13731759862577,145.1860882392751,146.32339477539062,5855832.0
2017-08-28,146.35216676869328,146.79845546380943,144.1063569286677,146.2657928466797,6220854.0
2017-08-29,146.26584969236333,149.27466842219994,144.3799451057232,145.1429443359375,7745342.0
2017-08-30,147.10081091117522,150.9590023222658,146.26583056491054,149.9944610595703,8234412.0
2017-08-31,149.8648794567202,153.88143449577208,148.82835706049798,152.31224060058594,11927368.0
2017-09-01,153.176018499989,155.43622151798905,151.18933002762282,154.73081970214844,7310390.0
2017-09-04,154.73080453013904,157.23573639288853,151.88034179685928,152.9312744140625,8962268.0
2017-09-05,152.62893913537056,155.91128909306002,151.88034163728378,155.26345825195312,4018344.0
2017-09-06,154.70199532095805,154.70199532095805,152.52816654232947,154.010986328125,3691782.0
2017-09-07,154.90355990680638,155.1195035312118,150.28236985923826,150.90139770507812,6529362.0
2017-09-08,151.16052927535625,151.93792979776532,147.18717030625413,147.8061981201172,6425078.0
2017-09-11,149.43299465821744,150.81503040046445,146.98563347402697,147.489501953125,6053096.0
2017-09-12,148.54044203054397,154.0829955753622,147.5758832071926,153.70867919921875,7914244.0
2017-09-13,154.3276933775393,155.5945695316944,140.79522772689685,144.01998901367188,17962048.0
2017-09-14,149.72090287642044,151.13174149063187,140.23377676598622,144.1063690185547,31656128.0
2017-09-15,143.96240173002295,144.82617614040308,141.44305969974755,143.1706085205078,10685170.0
2017-09-18,145.11413432980163,145.9203204502593,142.0477362248294,143.3721923828125,5703140.0
2017-09-19,143.6456829884147,146.32338893823768,142.13407776709724,145.94908142089844,7939846.0
2017-09-20,145.9779078782769,145.9779078782769,141.8029972979317,142.32125854492188,12619394.0
2017-09-21,142.52280053387156,143.96242478168844,141.2991199232272,142.85391235351562,10910736.0
2017-09-22,142.24926953115008,143.17063257170886,139.0964976756898,141.65902709960938,9620876.0
2017-09-25,140.4209371640477,141.80297277486196,137.70004412097,140.2625732421875,7274742.0
2017-09-26,139.06768506171542,139.80188982217877,132.4598070704733,135.1087188720703,18420112.0
2017-09-27,135.9005328843614,137.1961947444877,133.20843370652284,134.0578155517578,11097560.0
2017-09-28,133.39559791563892,134.00024194150956,129.3934437051928,133.2660369873047,13692558.0
2017-09-29,134.17297646047626,137.0522248823749,133.0500713332896,135.698974609375,12056308.0
2017-10-03,137.34015525630463,138.6934055838103,134.4609067184366,137.87281799316406,6540366.0
2017-10-04,142.01893869510312,142.0621256672054,137.15301026705967,139.97467041015625,9858378.0
2017-10-05,138.80856144845808,139.5715604859217,136.82188189100444,138.2327117919922,5856194.0
2017-10-06,138.20390715999346,141.88934116955284,137.67124451046075,140.96798706054688,4993610.0
2017-10-09,139.93150130631088,141.67344343543633,138.08878370489876,138.56385803222656,6073230.0
2017-10-10,138.77977596313238,139.4276068675246,137.08102112674658,138.86614990234375,6351158.0
2017-10-11,138.50623009265752,142.81070963362006,138.0023616614905,140.89601135253906,12012196.0
2017-10-12,141.1551382497176,142.30683749091878,140.0754202110915,141.54383850097656,4643356.0
2017-10-13,141.77419423530796,142.23487575218303,139.35562725517528,140.70887756347656,6494000.0
2017-10-16,141.08317258639724,144.25034584854083,140.79524774438417,143.50173950195312,8298660.0
2017-10-17,143.38657703892537,148.13733712154036,142.249270352925,147.6334686279297,8898506.0
2017-10-18,147.92138484183027,149.56255992558582,146.26581703094848,147.87818908691406,5375658.0
2017-10-19,148.69880269018375,148.69880269018375,145.34447092382482,146.30902099609375,412600.0
2017-10-23,146.8272661621935,149.60573014410014,146.29460348534215,147.21595764160156,4281146.0
2017-10-24,147.84941824986524,148.6699970861012,145.48843084100181,146.74090576171875,4140328.0
2017-10-25,148.2813163157225,148.2813163157225,145.40206745522303,146.7841033935547,6380212.0
2017-10-26,146.84166027909032,155.4362092483636,146.6833051405555,154.457275390625,14973218.0
2017-10-27,155.89691908474745,157.99876704969853,150.6854685705111,152.0099334716797,18156626.0
2017-10-30,151.59243663441052,158.8049507601434,151.04537237877406,154.3997039794922,6843452.0
2017-10-31,154.19815214106302,156.73188734313393,151.73639815253696,155.94009399414062,6390978.0
2017-11-01,156.0552520820983,156.89024108759784,153.76624625364067,155.42181396484375,4928758.0
2017-11-02,156.8902477565343,157.3797059113881,154.1837473102817,156.29998779296875,4972752.0
2017-11-03,155.53701387957918,156.48716240893668,152.94569012303745,153.49273681640625,4452146.0
2017-11-06,153.5215298872621,153.53592261471252,150.00884328601072,150.93020629882812,6772472.0
2017-11-07,151.16051513716286,151.17490786199284,146.3809618535677,150.12399291992188,8327804.0
2017-11-08,151.14619258529754,151.77963093371463,147.1872248746192,149.77854919433594,4610162.0
2017-11-09,149.90807855001404,151.44846945133003,148.28129613580793,150.3399658203125,4520122.0
2017-11-10,148.56921823269545,148.65559217044878,146.28021222777488,147.44630432128906,5373388.0
2017-11-13,148.91471598041835,149.08746383785518,142.04770747073061,144.13516235351562,8779378.0
2017-11-14,142.73876547062682,143.9624462638697,140.34899237735473,141.96136474609375,6297226.0
2017-11-15,142.5228142624173,146.49617405441916,142.5228142624173,145.31568908691406,8235204.0
2017-11-16,145.97790728437803,146.76970066708424,141.88937066624186,143.77528381347656,5210196.0
2017-11-17,145.28687714608958,145.97789501008532,142.6523665970483,145.11412048339844,5960372.0
2017-11-20,144.6966338605495,146.20823936491743,142.95469198450945,145.2436981201172,3580888.0
2017-11-21,145.68995781355008,148.13731876496345,143.74646529331002,147.27354431152344,8089018.0
2017-11-22,148.07974025545698,148.1085432832991,144.99894976951558,146.179443359375,4000474.0
2017-11-23,145.9779142505281,147.70546353159943,144.3223461895014,145.44525146484375,6902686.0
2017-11-24,144.82619418090104,147.37433076628855,144.81180145364226,147.1295928955078,3523990.0
2017-11-27,145.97789121709584,147.0000208657428,144.39430462598338,146.3953857421875,5464612.0
2017-11-28,145.4020588663393,146.496169853992,144.04880846713283,146.15066528320312,8132930.0
2017-11-29,146.09306851060347,148.7131864276704,144.84059364393624,146.20823669433594,5519554.0
2017-11-30,145.63238629842374,147.8926069256489,144.33672446734604,145.07093811035156,12166956.0
2017-12-01,145.34443943036214,146.16502688976294,142.1340795814607,142.92587280273438,3303010.0
2017-12-04,143.09862245304,143.96239683404428,141.21271856922098,142.8682861328125,3124760.0
2017-12-05,142.6667651628773,145.40205127598998,142.53719546386426,144.2215576171875,4796400.0
2017-12-06,144.2935328286123,144.797401302174,140.8960232073039,141.35670471191406,5856060.0
2017-12-07,141.37109982941095,143.96242345153865,141.37109982941095,143.7032928466797,2700558.0
2017-12-08,143.53053526982472,148.5404346035427,143.51614254227857,148.12294006347656,5633376.0
2017-12-11,149.67774467293884,150.1960235255852,147.4751298433533,148.0509796142578,5134186.0
2017-12-12,148.85715061181335,149.1162900117329,143.1274477324649,143.6601104736328,3953284.0
2017-12-13,143.9624137711132,147.56147411539104,142.53718236007182,145.77633666992188,6012970.0
2017-12-14,146.8272624885274,148.48283016986767,145.5316008248698,147.86378479003906,7816630.0
2017-12-15,150.87262270073776,151.16054755322008,148.6268123660833,150.59909057617188,7770128.0
2017-12-18,150.41197532267466,152.55700177644647,145.50285048820788,151.5636749267578,9972622.0
2017-12-19,152.3122252888335,153.7374566205156,151.4628435801716,153.4783172607422,7799112.0
2017-12-20,153.7518867211335,154.01102614389978,151.72201982126478,153.1904296875,5450164.0
2017-12-21,152.88810333956195,155.62338955750138,152.09630996068475,154.06858825683594,5495720.0
2017-12-22,153.49271734420373,154.50045423279437,152.39860652272696,154.08297729492188,3773180.0
2017-12-26,154.0110050991458,156.19922687012323,152.83050270217984,155.16270446777344,4046770.0
2017-12-27,154.02538150584735,155.82491157864786,152.96005618804227,153.5791015625,3567206.0
2017-12-28,153.07523625052264,154.8747663598651,150.32554018461835,151.50604248046875,9984850.0
2017-12-29,150.65666456554982,152.52817592661256,148.39646172045028,149.05868530273438,3208434.0
2018-01-01,149.1450908011944,150.58471522977737,146.0355055501633,146.4385986328125,3880586.0
2018-01-02,147.21596657916427,147.69104959264908,143.15623338107372,143.9048309326172,5073166.0
2018-01-03,144.00562414498498,145.37326729811127,142.06213124317395,142.4940185546875,7741628.0
2018-01-04,142.52281274339555,142.6667751805101,141.22715080936467,141.51507568359375,5440616.0
2018-01-05,141.37110800769466,142.23488259837302,139.2692600184184,140.42095947265625,5878478.0
2018-01-08,141.08315732940508,144.39429265448297,141.08315732940508,143.15621948242188,9981252.0
2018-01-09,143.67448829539245,144.17835674131817,141.44307089200709,142.83950805664062,7307420.0
2018-01-10,142.3932397618244,143.44417255801665,142.0909221655417,142.32125854492188,6242816.0
2018-01-11,142.52280683878854,142.52280683878854,140.7232764494099,141.77420043945312,5917284.0
2018-01-12,141.2271542691314,141.94696647233798,140.4065666001219,141.0543975830078,5617420.0
2018-01-15,141.14076736240295,142.2060840532881,139.87389097164552,140.27699279785156,8156456.0
2018-01-16,140.50733204766357,140.5505190194227,136.89387855991606,138.0455780029297,9323778.0
2018-01-17,137.91599821289165,139.35562241135608,136.6923176441969,138.16073608398438,6795488.0
2018-01-18,138.2327291520866,138.99572828537222,134.74883653558612,135.39666748046875,7342492.0
2018-01-19,135.8717364805907,137.77204226924445,134.0002249346135,137.42652893066406,7816330.0
2018-01-22,138.20392715668993,138.21831988439445,133.95703564510413,135.07994079589844,4336230.0
2018-01-23,136.1596542639012,139.06769688785394,135.03674915197413,138.5350341796875,7558880.0
2018-01-24,138.49184755132796,138.92373480980402,136.2316358079494,138.34788513183594,5081584.0
2018-01-25,139.93146709965038,140.07542951436193,136.361200972157,138.3910675048828,8033530.0
2018-01-29,138.34788922677498,138.3622819544427,134.82080984482286,135.26708984375,5294232.0
2018-01-30,135.09433397595708,141.83177325183706,135.02235276833707,139.81629943847656,13185108.0
2018-01-31,139.9314839750786,142.11971469994404,139.16848484244494,141.7454071044922,12222654.0
2018-02-01,141.39990361068297,142.20608972169154,138.6214304079786,141.1839599609375,7298886.0
2018-02-02,139.08210149115365,141.8317892035548,136.0013107305837,137.3833465576172,5980182.0
2018-02-05,135.3246702825673,140.72326085235056,134.18736368782555,137.03782653808594,6870184.0
2018-02-06,133.8850402796748,137.59926867201537,133.8850402796748,134.5184783935547,6296186.0
2018-02-07,136.2028586864921,138.66462164129425,134.9359909930792,137.1242218017578,7262940.0
2018-02-08,139.1828574920314,142.2348623690447,137.28255190545568,137.68565368652344,12077668.0
2018-02-09,137.0522122131041,138.1751172364881,134.95036457412297,136.87945556640625,5724900.0
2018-02-12,138.4918712148379,138.7222076106742,133.16526078349796,134.61927795410156,9138866.0
2018-02-14,135.0367573644301,135.29588797728516,132.18630304948576,132.47422790527344,8902568.0
2018-02-15,132.73336099755127,137.23938331744614,132.73336099755127,136.77870178222656,9447478.0
2018-02-16,137.34015624318073,137.5560998850725,133.88505797291202,134.08660888671875,4826418.0
2018-02-19,134.7488433079865,134.8208245277023,130.54513831922952,131.53848266601562,3685810.0
2018-02-20,131.63923096763557,132.33024877696397,130.0988314262199,130.4443359375,4500020.0
2018-02-21,131.91276872774577,131.91276872774577,126.71572868192511,128.8607635498047,18326086.0
2018-02-22,128.16230589222263,129.5443882746138,126.45327704709713,127.04772186279297,17814722.0
2018-02-23,127.52327618111391,128.69730837299707,125.63592106299751,127.77591705322266,6836098.0
2018-02-26,128.9945185355171,131.66952007196792,128.1325754100956,128.69729614257812,11794172.0
2018-02-27,129.44035681012656,129.69299766737075,126.15605287747577,126.89910888671875,13629606.0
2018-02-28,126.31951674307133,128.05826955234218,126.06687589548368,127.671875,12142648.0
2018-03-01,128.40007516481668,131.93701986567189,127.86507847983302,131.3425750732422,12444394.0
2018-03-05,131.23855702104035,131.29800513374119,128.69730893697778,129.0836944580078,5686010.0
2018-03-06,131.07505726844101,135.2361701975979,129.44033433198655,132.32339477539062,15708338.0
2018-03-07,132.29370338232945,133.34883936447696,130.39148167354494,131.78842163085938,6948874.0
2018-03-08,132.56115813584668,132.84352297532484,128.2811584316604,131.4317169189453,7891378.0
2018-03-09,131.72895296853608,132.23422553588594,130.18339307551005,130.59950256347656,7425564.0
2018-03-12,130.77785225106675,133.15563138290432,130.1685499767364,132.7841033935547,5083992.0
2018-03-13,132.85841867606484,139.21897650327816,132.42744254880049,138.69883728027344,8341074.0
2018-03-14,137.91119015260767,138.04494385746733,135.9643871094754,137.5545196533203,5703778.0
2018-03-15,137.31673125521863,138.35700952230363,135.5631211333767,137.3315887451172,3657142.0
2018-03-16,135.6820096400228,136.27645437009957,131.66950771200462,133.02186584472656,12294654.0
2018-03-19,132.5611750092952,132.5611750092952,127.50839479593643,128.02853393554688,9910680.0
2018-03-20,127.50840856609541,130.42118443427398,125.57646298176063,126.289794921875,5625596.0
2018-03-21,126.82477935429445,129.1431100374665,126.24519214824834,127.9988021850586,5800674.0
2018-03-22,128.5486641568958,128.5486641568958,122.93116365292691,123.25811004638672,9497264.0
2018-03-23,121.8314593519216,124.1052088867346,120.74659941131227,122.88660430908203,7327480.0
2018-03-26,122.60423184369529,125.66561873183194,119.63200804142389,124.69964599609375,7459884.0
2018-03-27,125.66562245976772,126.61673773291278,123.39187299767958,125.05632019042969,9496436.0
2018-03-28,124.53618888827489,127.80563537460192,123.54049200788278,127.04772186279297,11726684.0
2018-04-02,127.46382934768948,128.84591170761422,125.5021596736796,125.84396362304688,4584294.0
2018-04-03,125.93313417864357,127.74618355749267,125.93313417864357,126.69104766845703,7140288.0
2018-04-04,127.50841448922644,127.50841448922644,122.99063020779184,123.33244323730469,4902828.0
2018-04-05,124.13491176072682,125.9033883585695,123.80796536400302,125.56158447265625,3673050.0
2018-04-06,125.72505635501912,129.35117271970216,125.72505635501912,128.97964477539062,7060242.0
2018-04-09,130.15367334320797,134.89437374866372,129.2917302887179,133.85409545898438,12496028.0
2018-04-10,134.93897411014862,135.08758531511572,130.540086071325,134.09188842773438,10069126.0
2018-04-11,132.84353377712804,134.04728067382348,123.37700005734766,124.0308837890625,36976826.0
2018-04-12,123.05008458395388,125.7993920293683,119.61716918572093,124.43216705322266,38695926.0
2018-04-13,125.13062078807168,125.4129856745849,119.9292291876174,120.49394989013672,17621388.0
2018-04-16,120.375064257368,122.11381699963142,118.90380984379728,121.32617950439453,11015550.0
2018-04-17,121.86118956949072,122.57452154799097,119.914386388718,122.05438232421875,12778496.0
2018-04-18,121.02895402388441,121.56395066756822,119.64686273177175,120.43450927734375,10324696.0
2018-04-19,117.7000454663707,118.24990860398901,111.5624060206725,111.9190673828125,31872834.0
2018-04-20,110.52215856324004,113.50924025258095,109.92771372392775,110.3884048461914,23408106.0
2018-04-23,111.75558489276274,114.49003368323437,111.0422531862716,113.3457260131836,17368914.0
2018-04-24,111.78535071861049,115.45604931274585,111.75562666337498,114.04424285888672,12783140.0
2018-04-25,114.519784799069,116.19909858185478,113.58353607191461,114.66839599609375,13352822.0
2018-04-26,115.4114580102115,115.4114580102115,112.11229652032284,114.57923889160156,7893284.0
2018-04-27,115.27771106953601,117.32854384061555,113.89562870666772,115.96131896972656,8893008.0
2018-04-30,117.40283872167315,117.83381479581631,114.16311663180942,115.12908935546875,7924314.0
2018-05-02,116.09507743312503,116.28827018930592,112.94451801133866,113.22688293457031,4594832.0
2018-05-03,113.00397375329734,113.10799434945146,111.16119102258043,112.26091766357422,5778062.0
2018-05-04,111.45839955374666,113.99964743536897,110.59645641129923,113.00395965576172,7335112.0
2018-05-07,111.60700896558697,115.4114519812175,111.16117537451271,114.66839599609375,7618908.0
2018-05-08,113.24173256201439,117.52173323844568,113.24173256201439,116.68951416015625,11944494.0
2018-05-09,113.3160391324093,115.1736791181865,112.18659764925987,114.56437683105469,21715226.0
2018-05-10,114.69812684720597,116.31799261898043,113.1971572965038,115.97618865966797,8393668.0
2018-05-11,115.69382652227539,119.03757873390184,115.69382652227539,118.680908203125,9051198.0
2018-05-14,119.48338290740853,121.98004879585015,118.7254695544819,120.13727569580078,8090792.0
2018-05-15,119.48340488194029,122.75285128418244,118.75520637323777,120.61284637451172,10351852.0
2018-05-16,120.6128457390714,120.6128457390714,117.72979391458809,118.39854431152344,9717354.0
2018-05-17,117.40283118505786,117.40283118505786,114.47518915026588,116.09505462646484,12898592.0
2018-05-18,115.6194701355467,116.7340537165449,113.74697334767149,114.83183288574219,13183142.0
2018-05-21,115.32228243431167,117.31367599114824,114.57922649079163,117.06103515625,8663050.0
2018-05-22,117.5514598047965,119.02271432056915,115.44117893983763,118.17562866210938,11578438.0
2018-05-23,117.04618175626435,117.25424107204792,109.98714949907514,111.14632415771484,19965306.0
2018-05-24,111.75563289067573,112.00827376849308,106.8663203235052,110.37355041503906,17467898.0
2018-05-25,110.26950113802381,113.83616963844507,109.15491723164217,113.10797119140625,16436392.0
2018-05-28,117.40284174828979,120.47909523858063,116.80839697994402,119.4833984375,14322672.0
2018-05-29,119.51314541332692,122.05439365722819,118.97813957689414,120.47911834716797,9805644.0
2018-05-30,121.11812684477903,121.56396044052669,117.68521178572519,118.96326446533203,12205548.0
2018-05-31,118.96326936761264,121.17757994594383,116.79354940709989,120.06299591064453,17614886.0
2018-06-01,120.37507231379692,122.30701791883317,119.94409620447031,121.63826751708984,10370104.0
2018-06-04,122.18812425316491,123.9565920011121,116.8232547631225,121.41534423828125,15724670.0
2018-06-05,121.8314768263418,121.99495461129726,119.79550129014426,120.47911834716797,7023232.0
2018-06-06,121.26673077839177,122.45562029582699,120.40478769235267,121.86117553710938,5862606.0
2018-06-07,122.15840099695404,124.19437616100477,121.92062671567389,123.65937042236328,6087188.0
2018-06-08,122.48533201228123,122.69338221457521,120.34532746821633,121.81658172607422,6484074.0
2018-06-11,121.86116873046947,124.23894763252741,121.44505923671068,123.1689453125,12667834.0
2018-06-12,124.2389649475735,124.9820209580255,123.25813464198005,123.37702178955078,6865952.0
2018-06-13,124.0903333226012,125.26436525409545,122.93116795117399,124.80366516113281,10363704.0
2018-06-14,124.8036555491816,124.8036555491816,122.96088253077451,123.74851989746094,7497040.0
2018-06-15,123.79313297861631,123.82285703352912,121.65312801200723,122.52993774414062,12401856.0
2018-06-18,124.68479643816376,127.55299077573866,123.57021244139828,125.75479888916016,12946848.0
2018-06-19,124.49157723701055,124.83338110928001,121.40046675697715,122.93115997314453,8598042.0
2018-06-20,123.34728166928696,124.23894876569143,120.38991550467604,122.06922912597656,6025038.0
2018-06-21,123.31753352828387,126.73559006344277,121.04378469073569,125.41295623779297,8592666.0
2018-06-22,125.72506736808064,127.50840165698959,124.89284832812604,126.72076416015625,14595152.0
2018-06-25,126.02226479539594,126.31948711802659,121.65309302452319,122.45559692382812,10733728.0
2018-06-26,121.16270082096375,124.16464865889483,121.11811927827563,123.42159271240234,8421460.0
2018-06-27,121.26674165848851,121.47480097090971,112.46895662602599,113.7767333984375,17001328.0
2018-06-28,110.56672716678956,114.49006627510438,108.04033689550539,109.06575775146484,26701926.0
2018-06-29,109.97227196305126,112.61754912319633,107.54991157039886,110.9531021118164,13846402.0
2018-07-02,111.45839084998396,112.35005797678383,109.1549174390843,109.73450469970703,9069732.0
2018-07-03,109.30351599499835,111.97851706625596,108.21865626353397,111.13143157958984,7993666.0
2018-07-04,110.86395309941528,111.59215159382093,108.38214429233757,109.33325958251953,6720446.0
2018-07-05,110.47755875163244,111.6070001314174,109.70477877417105,110.43296813964844,8423950.0
2018-07-06,111.45838442681948,113.3606057069359,110.73018602036164,111.32463073730469,13842516.0
2018-07-09,111.75562450418057,112.52840457283236,110.29923653086067,111.84478759765625,4580944.0
2018-07-10,111.87450351242563,112.27575554488739,111.02741790400802,111.53269958496094,3375712.0
2018-07-11,111.7258798607967,112.64727096245365,108.1146301123813,108.93199157714844,8323782.0
2018-07-12,114.72783977847158,114.72783977847158,111.77047344095314,112.15686798095703,12074942.0
2018-07-13,113.27146264319316,115.61951787592918,111.54756721713406,114.9210433959961,11727122.0
2018-07-16,114.43062301529952,116.51117979739587,112.91478697424206,113.59840393066406,7070272.0
2018-07-17,115.90186601075007,117.55144652467617,114.3117245281101,116.70436096191406,14043960.0
2018-07-18,117.70007634134937,120.33049652823118,117.07590745574056,119.58744049072266,13400542.0
2018-07-19,118.85926290110994,119.76579686900075,116.34773849384462,118.38370513916016,5890524.0
2018-07-20,117.13535356518743,117.4028519200175,114.17798695823944,115.57493591308594,8501230.0
2018-07-23,116.36258005284388,119.03758189313915,114.31174712271924,115.82758331298828,7558568.0
2018-07-24,116.71922681882444,118.27964424115895,115.81269315973556,117.982421875,5659434.0
2018-07-25,116.31797105455722,118.68088334691954,115.48574301388031,117.59602355957031,5498132.0
2018-07-26,116.13964593644982,117.78922653076079,115.2331212982262,115.58978271484375,11744230.0
2018-07-27,115.91673491888486,118.59173649393604,114.1482580271757,118.0567398071289,6981856.0
2018-07-30,118.59174341622291,121.11813394012741,116.71924583259111,117.62577056884766,8310826.0
2018-07-31,116.24366685621754,116.77866347622715,114.62380136537227,115.84241485595703,7792336.0
2018-08-01,117.40284322488188,118.85923111154474,116.86784655484487,117.70006561279297,8792976.0
2018-08-02,119.30504019048306,120.07782005443947,118.14587492980122,119.4239273071289,8384800.0
2018-08-03,118.29450082316399,120.37505737030506,117.7000560954094,119.17131042480469,5823858.0
2018-08-06,118.88895011007637,120.07783961117713,118.72548143187784,119.18617248535156,3482306.0
2018-08-07,119.18618589440547,119.57257139753074,116.68951947530758,117.1353530883789,3810902.0
2018-08-08,117.40282774958028,118.24991325757091,113.88074110299164,115.11421203613281,8469624.0
2018-08-09,118.14590801227827,118.14590801227827,114.69812624108877,115.60466003417969,10836354.0
2018-08-10,116.34769680405131,120.07783380519315,115.2033889004698,119.364501953125,11106596.0
2018-08-13,119.00784479589154,119.00784479589154,111.9042313902657,112.8553466796875,8766994.0
2018-08-14,113.68755173869985,113.96991660651491,111.68130082566397,111.94879913330078,8609654.0
2018-08-16,112.94451358786537,114.13340320457974,111.53270716801705,112.4392318725586,7820138.0
2018-08-17,113.24172491555738,113.24172491555738,111.48811471653075,112.23117065429688,5434214.0
2018-08-20,112.37977945261969,113.61325046898604,111.29491962064702,111.74075317382812,6797042.0
2018-08-21,112.49867985095008,112.49867985095008,109.40756866518409,109.60076141357422,11132910.0
2018-08-23,109.76422131872084,109.86825096583453,106.10838967249327,106.33130645751953,14180494.0
2018-08-24,106.47993717243513,107.59452130194423,105.06813060839029,106.09355163574219,9731858.0
2018-08-27,106.55422214358245,107.69853010901662,106.10838857812813,107.46074676513672,6347096.0
2018-08-28,107.46074364308905,108.45644039111056,106.15296703651919,106.56907653808594,7747378.0
2018-08-29,106.5542101895802,107.98087381077801,106.10837667414263,107.50532531738281,6736818.0
2018-08-30,106.97032206109272,108.33754668660241,106.36101987116757,107.99574279785156,8130098.0
2018-08-31,107.88970664272682,111.01123097252194,107.88970664272682,109.7383804321289,12008646.0
2018-09-03,110.76876743097337,110.76876743097337,108.67764891060452,109.13224029541016,4359234.0
2018-09-04,108.64732834795565,109.05646239649235,106.0713107999567,106.46528625488281,7254520.0
2018-09-05,105.91979124350955,107.81392198820751,104.70754756690286,105.79856872558594,7872604.0
2018-09-06,106.41982776081451,107.57146467132391,105.96523643398602,107.1623306274414,7535324.0
2018-09-07,107.70784707957864,108.9503986777968,106.99565208132195,108.17759704589844,6979302.0
2018-09-10,108.19274025319922,108.20788959857877,104.10141814278413,104.28325653076172,9668840.0
2018-09-11,104.79846741990924,105.7682661094993,102.16184283974349,102.44974517822266,9776294.0
2018-09-12,102.04061023303957,102.04061023303957,98.267498272969,101.2677993774414,12442422.0
2018-09-14,103.08617066466861,108.07152652601832,103.0407133761515,107.43509674072266,18661472.0
2018-09-17,106.99565758542312,111.29912648882186,105.49551153185799,110.31417846679688,17953744.0
2018-09-18,110.61721349507735,111.9052221453625,106.73803820075076,107.61691284179688,12373420.0
2018-09-19,108.34425659035084,111.10211224420554,107.17747043887192,110.63236236572266,9421832.0
2018-09-21,112.17798612816111,114.84492749854016,109.6019685736234,114.10242462158203,16295730.0
2018-09-24,113.72358832941009,116.20869109430966,110.78389427205454,111.34455871582031,13131362.0
2018-09-25,108.49579754863917,110.7536048563178,107.61692282605465,110.3747787475586,7893402.0
2018-09-26,112.37499071895039,112.37499071895039,109.51107043953694,111.7234115600586,6304634.0
2018-09-27,111.51126934772667,113.57207990673363,110.70815050981152,112.79927825927734,6862024.0
2018-09-28,113.13263228156282,114.37518384338725,110.81421820508781,113.3902359008789,7629776.0
2018-10-01,112.73865487200472,112.96595054714989,109.17768929473038,111.63248443603516,6316314.0
2018-10-03,109.98081653420984,115.70866662014798,108.90495386481406,114.51158142089844,9743764.0
2018-10-04,112.73867700144952,116.31479262621444,92.08507444890515,100.35863494873047,19841194.0
2018-10-05,90.32728125971973,90.32728125971973,72.29516558521212,80.40203857421875,111440754.0
2018-10-08,82.73562551762664,84.84190246745767,77.90180047380792,80.28083038330078,51461200.0
2018-10-09,80.91725076620239,81.25061956666129,77.34113164267788,77.94725799560547,24359252.0
2018-10-10,78.4624769020823,82.90231790176246,77.58360201029663,80.432373046875,18048794.0
2018-10-11,79.40196226440763,86.22083306955714,78.55339537479654,84.29639434814453,43975840.0
2018-10-12,87.5846063427761,89.61511821697896,84.88736599026159,87.5542984008789,22536196.0
2018-10-15,88.16044006610115,91.13044331478152,84.09942465330086,89.81212615966797,18292836.0
2018-10-16,89.85755232511917,92.58510028777035,88.40286377784558,91.55469512939453,15744782.0
2018-10-17,91.8274552256337,92.26689724219405,85.82685294006627,86.41781616210938,13039636.0
2018-10-19,87.91796918360367,88.46347510564291,84.97827474597567,85.93291473388672,22938928.0
2018-10-22,86.50874152015763,86.96333289073401,81.85675464485574,82.17496490478516,9585342.0
2018-10-23,81.22031518642159,82.94776588799446,78.94735860471204,81.69005584716797,17512914.0
2018-10-24,84.53883138218598,86.67540676557014,83.17505749951093,85.3267822265625,27791198.0
2018-10-25,84.41760136527665,85.55407962409127,83.09929398399868,83.94786071777344,18119966.0
2018-10-26,84.02363780798412,85.00858577146815,80.76573300569078,83.4023666381836,14583372.0
2018-10-29,84.2206272541399,85.1601179495841,81.97797831089858,84.05394744873047,9988492.0
2018-10-30,82.1446566181769,82.94777543509866,80.02323023107652,80.72027587890625,20999664.0
2018-10-31,80.7202648042598,83.78118144971904,80.03837784481668,83.3720474243164,11628440.0
2018-11-01,84.31155612306195,86.9784886612856,83.37206537140847,85.90262603759766,15030068.0
2018-11-02,89.40297068203027,93.34276261039092,88.55440381231898,91.6304702758789,34265322.0
2018-11-05,91.52439136881696,91.66077247264833,87.88766058595007,88.43316650390625,7889190.0
2018-11-06,88.38770937423415,89.22112684677288,86.06929534581789,86.40266418457031,6516560.0
2018-11-07,87.28153155438312,87.87250395708946,86.79663230712198,87.50882720947266,1059084.0
2018-11-09,89.06959731522154,90.28184092413557,87.97857621746195,89.96363067626953,13115928.0
2018-11-12,89.25144010055709,91.2667933498649,87.9028153197673,88.2513427734375,12029462.0
2018-11-13,89.46357352231455,92.31234388238369,89.46357352231455,91.8729019165039,15427542.0
2018-11-14,94.85806470074036,99.82826176823066,94.8126074140393,95.7520980834961,29661262.0
2018-11-15,95.61572239804347,98.0250604653923,93.4942959106067,97.5401611328125,11734218.0
2018-11-16,96.85826016917672,98.57055231038117,95.73693120129902,97.60075378417969,9942196.0
2018-11-19,97.2067746504913,98.3584022641023,96.03998844407677,97.8735122680664,5482956.0
2018-11-20,98.55541357588496,99.9949529267858,97.31286197063352,97.85836791992188,8885146.0
2018-11-21,102.13152202259965,103.9044301151621,98.58570583747473,98.97969055175781,15524294.0
2018-11-22,99.04029862761297,99.40397540784727,96.23698529675141,97.00979614257812,7144756.0
2018-11-26,100.04039523841844,100.88896197665565,98.02504229859224,99.20697784423828,14290304.0
2018-11-27,98.66145878814677,101.97997888829421,97.6310537189527,101.67691802978516,10291628.0
2018-11-28,101.43448191703358,101.61631104910063,96.55519981840902,97.02494049072266,10244930.0
2018-11-29,99.20699326895587,100.61622468666762,98.55541414557142,99.55551147460938,17783444.0
2018-11-30,99.73734774607753,100.55560665727404,97.10071411862369,98.31295776367188,18242294.0
2018-12-03,97.5856098814586,99.08576503718471,96.2672931156212,98.17658233642578,9158842.0
2018-12-04,97.58560779362399,101.49509147350744,97.13101645297047,101.13142395019531,10470422.0
2018-12-05,100.66167316368083,102.54065438861957,99.41912166000743,99.84341430664062,9539930.0
2018-12-06,99.40398351618677,100.4798461017201,97.88867888941563,98.46449279785156,7213812.0
2018-12-07,99.52519525077426,100.2980060758872,97.41892759703563,98.61601257324219,10294418.0
2018-12-10,96.37336521885054,100.7677482241126,96.13092020079269,100.08586120605469,11618054.0
2018-12-11,98.79786603908641,100.01010979416724,97.46439975823469,99.02516174316406,10861812.0
2018-12-12,99.01001855154817,100.08588125159874,98.31297279982707,99.82827758789062,6257126.0
2018-12-13,99.93433250268839,102.22243861487574,99.93433250268839,101.4950942993164,5970876.0
2018-12-14,101.41933008881425,105.88947844110359,100.23739440811539,104.64692687988281,7198212.0
2018-12-17,104.55601334341556,106.66229035516993,103.4801508186312,106.1773910522461,7454414.0
2018-12-18,107.01082475007605,108.37459904362328,105.67735840167826,107.05628204345703,8987630.0
2018-12-19,108.61703015613718,110.01111221577104,107.61693283546788,109.63228607177734,7350428.0
2018-12-20,108.19275094457701,112.70835690737267,107.91999796000005,112.46591186523438,7217516.0
2018-12-21,113.55692953015053,113.98121296507574,111.55672562414857,113.5417709350586,10465642.0
2018-12-24,113.3750710964982,114.10241532051776,110.2535386474173,110.60206604003906,6491252.0
2018-12-26,111.76886087420412,112.5265131557502,108.55642259939678,111.0263671875,12955862.0
2018-12-27,109.40497359091195,111.75369532312682,107.5563004422706,110.4959945678711,14625538.0
2018-12-28,109.64743406351242,112.07192135512075,109.1625440041388,109.67774200439453,9355426.0
2018-12-31,109.67772965648466,110.55660435100882,108.73823908702062,109.93533325195312,6782002.0
2019-01-01,109.42011912920351,111.92037120879522,109.10190892763794,111.28395080566406,3105422.0
2019-01-02,110.9203039804742,110.9203039804742,105.08638088860499,108.48066711425781,19725590.0
2019-01-03,106.67745664339539,107.52602362176602,105.51067011162097,106.82898712158203,9972260.0
2019-01-04,106.61681100156797,109.61712103138574,106.52589643949996,108.93523406982422,7717220.0
2019-01-07,109.10192828527684,109.95049513913276,107.28356281385555,107.75330352783203,5790820.0
2019-01-08,107.61693251071505,107.85937754266533,106.08646934438784,106.66229248046875,4342090.0
2019-01-09,106.3743674591156,106.52589789709154,102.43457607174095,103.05584716796875,9131732.0
2019-01-10,102.10122036287646,102.66188490508407,100.91928464470256,101.70724487304688,9773604.0
2019-01-11,101.82846713809525,102.94979621974475,101.38902511317406,102.22244262695312,4669620.0
2019-01-14,102.70735437142959,102.9952659741502,100.47985453341977,101.51026916503906,7516622.0
2019-01-15,102.10122544896343,104.05597214658732,101.88908834721282,103.55592346191406,6913912.0
2019-01-16,104.67723525352133,105.76825636663911,103.75290318818655,105.23789978027344,9562002.0
2019-01-17,105.1924444471368,108.1927456274034,104.87422494019809,107.6472396850586,7898996.0
2019-01-18,107.25325342453952,108.4048904234319,106.46529321449421,107.34417724609375,5008314.0
2019-01-21,106.4046819186456,107.79876388321298,105.55610586475547,106.54105377197266,3885636.0
2019-01-22,106.52590977406123,108.37458317322006,106.38952866520367,107.22294616699219,4687940.0
2019-01-23,107.4351029463071,108.69280399424883,107.40479500264995,108.23821258544922,3973026.0
2019-01-24,108.2381990640832,109.17768970797623,106.75320249725087,107.2684097290039,3294118.0
2019-01-25,107.58662153218471,109.20799922754757,107.58662153218471,108.3291244506836,3868832.0
2019-01-28,108.19274718318475,108.46550015827927,104.91969298468014,105.6773452758789,2902748.0
2019-01-29,105.49548661735935,107.11686405889948,103.25283811581649,104.52568817138672,6198614.0
2019-01-30,104.40449955269978,104.49541414020868,101.98001189980688,103.85899353027344,5565262.0
2019-01-31,103.26800805383108,106.37438247071081,102.4648984689602,104.69239807128906,15638906.0
2019-02-01,105.22273874031161,105.67733004953183,102.55579751034273,103.34375762939453,5444740.0
2019-02-04,103.04069163804809,103.63166401015143,101.84359755042682,102.60124969482422,4309536.0
2019-02-05,102.58612867084595,103.13163466592852,102.01031473188416,102.41944885253906,2584132.0
2019-02-06,102.41944265765994,103.4649972931084,102.04061650379774,102.82856750488281,4190822.0
2019-02-07,102.96495990319255,103.6619964032098,102.40429528429881,102.85888671875,3048046.0
2019-02-08,103.13162134892775,105.10151721379584,101.54055161191891,102.25274658203125,6682742.0
2019-02-11,100.91929683329819,102.28307111482926,99.40399207604146,101.10113525390625,6629896.0
2019-02-12,101.22234831198122,104.10142708133398,101.22234831198122,102.82856750488281,6080496.0
2019-02-14,98.82818470074344,99.46461459091967,94.57017250002369,95.66119384765625,21289140.0
2019-02-15,96.37336131499343,99.70703104601522,96.37336131499343,99.35851287841797,13414256.0
2019-02-18,97.75230357724772,100.04041924873262,97.75230357724772,99.3282241821289,7905264.0
2019-02-19,98.79785989168239,102.67703596709642,98.66147877824736,101.6011734008789,7666336.0
2019-02-20,102.43459374537282,104.48025501099787,101.85877983145251,103.37408447265625,12565482.0
2019-02-21,102.71644663610358,105.738437743137,102.16841681411218,105.00251007080078,9353768.0
2019-02-22,105.53487227214798,108.66647085589125,105.12776827901354,107.78962707519531,9709800.0
2019-02-25,108.04015808750813,108.11844805713676,104.67368939347708,105.23737335205078,14031192.0
2019-02-26,105.23737985985656,105.83239131133408,103.1078963770245,105.42527770996094,9058794.0
2019-02-27,105.84804461416904,106.97542214865486,103.29579337878359,103.56198120117188,9000098.0
2019-02-28,104.5954014062949,106.47436071299481,103.34276186849496,105.70711517333984,17938838.0
2019-03-01,105.92632207678102,108.83870493640597,105.5818443212528,108.36896514892578,5744496.0
2019-03-05,108.36895608662147,114.44426447549128,108.18106783284581,113.52043914794922,12761902.0
2019-03-06,114.24071299558527,117.05915173287978,113.78663693314944,116.71468353271484,12197224.0
2019-03-07,116.98085391277469,118.04560500975974,115.55598046957388,116.0883560180664,11389848.0
2019-03-08,116.15098979982221,116.30756972933312,114.19374068093575,115.03927612304688,5625148.0
2019-03-11,115.69693498469799,121.66262757183833,115.49337339344783,121.20854187011719,18973830.0
2019-03-12,121.63128334475496,123.51024243728017,120.34732605348673,122.19497680664062,12191846.0
2019-03-13,122.13236749895476,122.91526729061474,119.79932229705517,121.8348617553711,9568180.0
2019-03-14,121.80355249117619,122.55513437412864,119.83063929693361,122.22631072998047,4095730.0
2019-03-15,122.44553418777421,124.73159788310487,121.94447638202314,124.10527801513672,17258182.0
2019-03-18,124.63763789347962,128.0510788289348,124.63763789347962,127.00199127197266,14786442.0
2019-03-19,127.76923980695649,128.36424170840664,126.06251452109615,127.70660400390625,8445352.0
2019-03-20,127.51870671861695,127.6126508596876,121.03629339207181,121.86616516113281,10572670.0
2019-03-22,121.97575314271853,123.6041880728956,117.88902120548966,118.67192077636719,11837696.0
2019-03-25,118.60932411997312,120.64486367582745,117.45062855004143,120.15946960449219,8329530.0
2019-03-26,120.33167664940198,121.63128816182554,117.90468772543876,120.2220687866211,8515642.0
2019-03-27,120.39429983229775,120.87969374349,118.1551994140844,118.67192077636719,6621912.0
2019-03-28,118.85983532386878,121.83485435138269,118.48404918083811,120.83274841308594,11169948.0
2019-04-01,124.63763315036023,125.10737297379124,122.28893403320521,122.72735595703125,5260852.0
2019-04-02,121.47471455586083,122.5551199558547,118.39008785149085,119.15733337402344,10816790.0
2019-04-03,119.6270796191151,119.6270796191151,113.41085380606488,113.73967742919922,16579908.0
2019-04-04,113.67704003082939,113.67704003082939,110.70202107685452,110.95254516601562,20399592.0
2019-04-05,110.73332070603647,112.58096184015965,110.73332070603647,112.14253997802734,9088048.0
2019-04-08,111.12478055677475,111.12478055677475,109.29279342607894,109.91911315917969,7918214.0
2019-04-09,108.50988711108073,111.92332753595515,108.05580150965316,111.57884979248047,9893784.0
2019-04-10,111.48492913609363,112.73756878930817,110.57676729888952,112.032958984375,8233760.0
2019-04-11,112.2678125790466,113.99019185152848,111.48491290973665,113.26992797851562,12602810.0
2019-04-12,113.95887642247808,115.18019802168732,112.15820714405088,113.09768676757812,10236092.0
2019-04-15,113.33255552131891,113.67703329115311,111.70412992455486,112.23649597167969,4478062.0
2019-04-16,112.76888380280037,113.34823153894524,111.25005635081472,111.95466613769531,8531892.0
2019-04-18,112.11123236945494,114.30335143813143,110.79595710549675,113.64571380615234,9575132.0
2019-04-22,110.79594498452771,110.98384279552027,106.16118328340241,106.50566101074219,13842844.0
2019-04-23,105.84803357831777,107.21028089225507,104.42316002597725,105.3313217163086,16697164.0
2019-04-24,106.50567981171793,109.57464289112166,106.50567981171793,109.29280090332031,13873428.0
2019-04-25,109.27714629516277,112.56532510576689,108.85437853670884,112.18952941894531,19560314.0
2019-04-26,112.04859183811776,116.58940971705184,112.04859183811776,116.19795989990234,18568212.0
2019-04-30,116.91824192848885,120.19075690730743,115.72822866237946,118.95378112792969,19629858.0
2019-05-02,119.03206985118774,119.90891367440084,117.74811245821927,118.5153579711914,7697948.0
2019-05-03,120.55090156053232,121.03629555955813,118.54667065091044,119.23562622070312,10739028.0
2019-05-06,119.1573319506412,122.75867049842668,119.0320699125292,122.24195861816406,18541980.0
2019-05-07,121.646969646731,121.646969646731,116.52680325801636,118.64063262939453,14994644.0
2019-05-08,118.39010338229645,120.06551085787609,116.8399675196397,118.9381332397461,7602616.0
2019-05-09,118.87550964910227,118.87550964910227,114.78876688658151,115.25850677490234,9027084.0
2019-05-10,114.94534018672965,115.08626596781036,112.67493085811299,113.66139221191406,8232720.0
2019-05-13,113.36386500522477,115.22716992405716,110.4984543066621,111.20306396484375,7620290.0
2019-05-14,110.88992892790029,112.98809464536852,108.97965151581558,112.29914855957031,9998950.0
2019-05-15,112.42438456003165,115.3211131315645,111.75109280342976,112.59661865234375,12644948.0
2019-05-16,111.48491372760425,118.64061866896849,110.07569431250813,117.60718536376953,13210048.0
2019-05-17,116.49545489279828,118.64060160529155,114.78873002390202,117.81072998046875,12851786.0
2019-05-20,122.13237611366186,124.2148877949926,120.0968365117675,122.69606018066406,10395734.0
2019-05-21,123.85474581739267,124.43409356887574,115.33679234550434,117.26273345947266,16756886.0
2019-05-22,118.37443110627947,121.78787178500502,117.74811136497641,120.33168029785156,15525660.0
2019-05-23,122.10103243282859,128.8496334224524,119.6270713503109,120.36299896240234,25917602.0
2019-05-24,123.69814741830328,124.91946898776608,121.1302326871204,123.83907318115234,19806268.0
2019-05-27,123.07182761804381,126.46961408325144,121.77221608256275,125.89026641845703,10222742.0
2019-05-28,125.89024218026469,128.19196866881694,124.35576104018948,125.87458801269531,39821192.0
2019-05-29,125.8902798434815,126.18778557133693,123.24407486481483,124.99777221679688,8503056.0
2019-05-30,125.57709590784462,128.30159034006851,125.27959023693194,127.65960693359375,14101926.0
2019-05-31,129.69516497396182,132.05952784918514,127.20554961250099,128.19200134277344,27635592.0
2019-06-03,130.74425007790362,131.49583187955005,128.75568292582153,130.61898803710938,14043966.0
2019-06-04,130.086603132727,130.2431830617642,127.37777227175958,127.87882995605469,7454624.0
2019-06-06,129.64818185018385,129.71081764484435,123.85472444866598,124.34011840820312,15270900.0
2019-06-07,123.38498382946989,126.72013439977871,122.00708236813108,126.20342254638672,11055246.0
2019-06-10,125.02905648050746,125.81195602014746,120.97363304242063,122.02272033691406,10884088.0
2019-06-11,121.6782650751199,123.22841027232721,118.73456417439982,121.19287109375,12654378.0
2019-06-12,121.50601500663858,122.28891458786693,118.82850226158952,119.31389617919922,10407070.0
2019-06-13,120.53523206811144,122.28892925172748,119.94023022640621,121.75655364990234,13827442.0
2019-06-14,120.95800306016693,122.32025044290036,120.30036540399757,121.03629302978516,6075586.0
2019-06-17,120.61352104992412,120.72312891491951,117.81074597007452,118.42140197753906,7936522.0
2019-06-18,118.67194477976582,121.16156018459526,117.84206342127455,120.7387924194336,6221722.0
2019-06-19,120.77012976471055,121.11460761241204,117.77945614027942,118.79722595214844,8241572.0
2019-06-20,118.40575149778064,121.02063838415414,118.06127372143473,120.62918853759766,8612672.0
2019-06-21,118.06127566287391,121.30248235703726,118.06127566287391,119.0007553100586,10787948.0
2019-06-24,118.68759718287941,119.83062885914829,116.83995576080189,119.2669448852539,6543204.0
2019-06-25,118.68761530943667,123.57291220452618,118.68761530943667,123.1031723022461,12409938.0
2019-06-26,121.34946379819101,123.25974113968086,120.91104184036102,122.57078552246094,6532534.0
2019-06-27,121.50601395467184,124.63761225247266,121.06759210435564,122.8212890625,14063226.0
2019-06-28,122.33591125140022,124.19921645216007,122.28893917845703,122.89960479736328,6986386.0
2019-07-01,122.44549156743045,123.02483915502053,117.27835445524988,117.81072998046875,10267468.0
2019-07-02,118.85980458531277,119.62704995884762,117.98296092145509,118.53099060058594,10836020.0
2019-07-03,119.94022505672412,120.69180680105598,118.67193146046914,119.37654113769531,10199616.0
2019-07-04,120.25339483963815,120.25339483963815,118.51536131509897,119.0007553100586,4168848.0
2019-07-05,119.07905388474227,119.14168968849948,112.97243573680676,115.88481903076172,17903966.0
2019-07-08,114.88268982387812,115.11755970512216,111.53187569537782,113.00373077392578,7431476.0
2019-07-09,113.36389232422329,115.19587978835311,112.29915049553802,112.76889038085938,7555928.0
2019-07-10,112.7845227339247,113.80229228854701,108.35331258440672,109.4806900024414,7914012.0
2019-07-11,109.26148632270618,111.32834355751314,108.66648442885248,109.7781982421875,12277678.0
2019-07-12,110.46713570727876,111.1091095690056,108.04014690010253,108.27501678466797,9083694.0
2019-07-15,108.41594669250968,109.07357474898826,107.31988718920479,108.79173278808594,6301116.0
2019-07-16,109.29279423998274,111.57885746007248,109.1675322038059,110.99951934814453,10593218.0
2019-07-17,112.4243673960149,112.4243673960149,109.73119122389899,110.48277282714844,9661402.0
2019-07-18,110.85859552382057,111.2813632655842,108.93266420787614,109.37108612060547,9032900.0
2019-07-19,110.01305729639252,110.67069492752444,108.57252955576537,109.91911315917969,7205646.0
2019-07-22,109.41804622317555,111.1404253437824,106.53698142828839,110.7020034790039,7729488.0
2019-07-23,110.70202226240615,112.73756156850413,110.10702037661534,112.44005584716797,7010734.0
2019-07-24,112.14256640543809,112.17388430801641,107.94622549575774,109.32412719726562,8405494.0
2019-07-25,109.91911272133764,110.07569265398912,106.28645637244722,106.56829833984375,7031300.0
2019-07-26,106.28645852255576,108.19673565092364,104.9085569987248,107.66436004638672,9319712.0
2019-07-29,107.41383890072512,108.72911422022113,106.0829094099727,107.16331481933594,4835106.0
2019-07-30,107.57041881123527,107.57041881123527,104.70500781977947,105.06513977050781,4263936.0
2019-07-31,103.81249352992012,108.55686349479828,102.77906981527039,108.19673156738281,8266802.0
2019-08-01,108.04016125341153,108.40029321287997,106.22383772755599,107.61739349365234,6126716.0
2019-08-02,108.04014618672426,108.65081170531427,105.6757931871291,107.24159240722656,7131364.0
2019-08-05,106.47435371151364,108.16541506496745,103.82814903916643,106.16119384765625,5443194.0
2019-08-06,106.45870416871553,108.82305742086243,105.40961666781446,108.13410186767578,6630268.0
2019-08-07,108.65081873124791,108.65081873124791,103.10788531091568,103.6872329711914,7087110.0
2019-08-08,104.34486155308988,108.05579797752755,103.43669037992105,107.57040405273438,8306696.0
2019-08-09,107.57042194062721,109.88780320934015,106.7875222176241,108.49424743652344,7708548.0
2019-08-13,108.35332937343082,112.0642762358915,107.1006897274952,107.4451675415039,11053004.0
2019-08-14,106.78751528892298,111.73543739451372,106.78751528892298,110.99951934814453,6025432.0
2019-08-16,111.32834183327219,111.45360387895161,108.46293072699888,109.98175811767578,5180670.0
2019-08-19,110.23227271703891,110.88991034632919,108.35331352299846,108.66647338867188,3454752.0
2019-08-20,109.26148943250988,109.26148943250988,106.19252617251662,107.1789779663086,4697534.0
2019-08-21,107.65995268867508,108.84638050448,104.64579662562417,105.1107406616211,8004410.0
2019-08-22,105.17488600270816,105.7680999692983,99.2587947508085,100.36505889892578,11576938.0
2019-08-23,100.07644271619027,106.07268625909381,98.87398628284679,105.60774230957031,9339236.0
2019-08-26,106.16891633657177,107.9645870358425,102.96236501130906,107.5477294921875,7892084.0
2019-08-27,108.06077050334659,110.94666645150717,107.17896896363085,109.76023864746094,8821812.0
2019-08-28,109.66404250017978,113.03092099799231,108.22109457254582,112.4056396484375,10035400.0
2019-08-29,112.48580216616867,114.60212772685743,111.10698918718339,113.5279312133789,9832932.0
2019-08-30,113.43173709576773,114.40973119747042,110.67410138875435,113.9127197265625,8897562.0
2019-09-03,113.83254856809849,116.46192402673478,109.76022531071165,114.21733856201172,15730198.0
2019-09-04,113.3515778734246,117.48802670715601,111.90862992312641,116.57415771484375,14584568.0
2019-09-05,116.39780411673168,123.45221648744268,115.77252274235354,122.10546112060547,29854604.0
2019-09-06,120.88696438026932,122.60247100432746,119.76467160750819,121.52827453613281,14843534.0
2019-09-09,120.56631901126882,123.13155984129583,120.13343266407833,122.49024963378906,7140042.0
2019-09-11,121.84894115229345,124.38211455070451,121.36795848985018,123.80493927001953,9387752.0
2019-09-12,124.10955318094686,126.45034129439158,122.37801758913851,123.19569396972656,11277332.0
2019-09-13,123.61255016483453,132.1099109414055,121.01524170619304,131.00364685058594,25553156.0
2019-09-16,124.41417878803455,125.52044279717498,121.36795533832752,121.84893798828125,49680268.0
2019-09-17,121.81687982915822,121.81687982915822,117.88885455439657,118.2415771484375,30489784.0
2019-09-18,121.75276085711604,124.65468596665845,118.33777577963126,122.52233123779297,48256504.0
2019-09-19,122.82693273878192,123.933196753415,120.45408694435226,121.80084228515625,25760746.0
2019-09-20,121.06333159653846,146.1545936908808,119.42799838118376,129.49656677246094,57665806.0
2019-09-23,132.43055492849234,148.46330976245025,132.12592867240036,144.56735229492188,62012634.0
2019-09-24,145.57741925411148,152.23101275526307,141.7295579522407,147.91819763183594,62666152.0
2019-09-25,146.86002646081255,151.79811272966415,143.79777436479546,149.1687469482422,66318294.0
2019-09-26,149.168760423191,154.57179117418062,148.55950788840525,153.93048095703125,41339080.0
2019-09-27,152.3111788139146,154.4916296700563,149.26495523763631,150.64376831054688,21898254.0
2019-09-30,151.58967840309128,153.75410004078748,149.44128560402063,150.7399444580078,26279222.0
2019-10-01,159.68623937731536,164.03111205656776,153.51362871865405,158.37155151367188,68201818.0
2019-10-03,159.10907155626683,173.12170395893838,158.53188647942346,170.4602508544922,51969202.0
2019-10-04,174.7570327465963,174.7570327465963,164.04715416475403,165.31373596191406,55031842.0
2019-10-07,160.9848881599465,162.71643351896626,152.4554703751077,157.3294219970703,54898474.0
2019-10-09,157.12101252103056,158.9647795046957,154.44354024849758,158.03488159179688,21716066.0
2019-10-10,157.12099568910392,158.4036160620762,155.2291325960932,157.08892822265625,9259080.0
2019-10-11,156.52780212365192,157.93868275990206,153.46554950000834,156.47970581054688,14742088.0
2019-10-14,157.29734747623579,160.0068868491504,154.94054043831372,155.8223419189453,23112252.0
2019-10-15,157.1049721455904,158.56394895479005,156.46366193748207,157.21719360351562,11684324.0
2019-10-16,161.898757393798,166.74065134180853,160.7443970812313,164.30368041992188,40761516.0
2019-10-17,164.3036767989113,165.23356482200685,161.64223366670115,164.59225463867188,16703674.0
2019-10-18,163.53410924507264,171.51842946612024,162.49198011753052,166.83685302734375,28373482.0
2019-10-22,170.58853389228327,172.70484998049744,167.49420397344932,171.26190185546875,27148144.0
2019-10-23,170.42819380278337,172.12766199983412,168.2156656784489,169.01730346679688,10594102.0
2019-10-24,168.63253012467686,168.63253012467686,160.5359788140954,164.51210021972656,28158152.0
2019-10-25,165.69852501678568,170.97330539262157,163.45393928844993,168.07138061523438,26762366.0
2019-10-27,169.59449955034012,169.62655723361044,167.06131629245942,168.92111206054688,2076306.0
2019-10-29,171.22981100929897,171.22981100929897,166.09932978055593,167.67054748535156,16633944.0
2019-10-30,168.9852596778097,171.42223092626256,166.24366213049103,168.37600708007812,15046050.0
2019-10-31,168.9852339769958,170.2197482563039,166.91700471331524,168.85696411132812,14271838.0
2019-11-01,166.75666234015293,168.60042896059866,165.4580132434767,166.54824829101562,10122286.0
2019-11-04,166.74064559111005,169.12952990853705,164.91290767711465,167.4460906982422,9362690.0
2019-11-05,166.42000856261325,167.44610886876856,164.62434770526806,165.93902587890625,6563058.0
2019-11-06,166.0993380615869,168.42408748426357,165.49008555680575,167.9912109375,7611862.0
2019-11-07,168.11947517829861,168.84094919691051,163.63030350693558,164.56021118164062,8203706.0
2019-11-08,165.13740679922537,165.3618693246563,160.48790699614037,161.20938110351562,19724600.0
2019-11-11,162.45988698123293,166.5803065301017,160.00687768723915,165.97105407714844,17530142.0
2019-11-13,164.816730369094,167.70262642614037,162.7004046368031,163.56617736816406,14465586.0
2019-11-14,162.57214230008304,166.75668761071987,161.54604202417872,165.02516174316406,10832162.0
2019-11-15,164.8007122980115,164.8007122980115,161.6101897566245,162.4278564453125,8330994.0
2019-11-18,166.7406723541567,169.30591346729756,165.8588707215145,167.30181884765625,34144672.0
2019-11-19,166.94906343458246,167.3498822562623,164.65637194608112,166.40394592285156,7099862.0
2019-11-20,169.59449924008734,175.71900414738724,167.3979999455039,174.62876892089844,37688996.0
2019-11-21,176.03964035320374,176.03964035320374,163.854747214002,164.84877014160156,44625320.0
2019-11-22,164.7525857994361,165.28167454078994,162.0911523944467,163.34170532226562,23624890.0
2019-11-25,162.8927886913907,165.07323942891847,161.38570582665272,162.7003936767578,15397928.0
2019-11-26,163.21346510037006,163.66238033605686,158.53189813250887,159.2533721923828,24838188.0
2019-11-27,158.08297234337664,163.29361798349808,156.4796967618008,162.21942138671875,24415850.0
2019-11-28,162.41181052712832,164.896887588501,161.0009300236015,163.5341033935547,15665952.0
2019-11-29,163.8547715223353,166.24365615642867,161.99497568153447,164.0311279296875,15058900.0
2019-12-02,162.90882300631608,163.37377682516848,159.9267344289554,160.3435821533203,8820042.0
2019-12-03,160.96886287492495,161.0971229599329,158.1791595443198,158.56394958496094,7580674.0
2019-12-04,158.40363569562845,161.69035080874625,157.8264603704989,160.7123565673828,8570876.0
2019-12-05,158.72427978113217,160.29548786628655,157.21719684674113,157.71421813964844,6266430.0
2019-12-06,157.4416677266085,159.2052709292487,155.03675426846274,156.64002990722656,9387226.0
2019-12-09,156.3033304723092,160.9047232717943,155.6940779613655,160.21531677246094,10948226.0
2019-12-10,159.01286121179237,161.51397684867484,155.26120243489413,155.9345703125,14342168.0
2019-12-11,155.51771682481873,157.71420612266374,152.69595598018208,154.76417541503906,13760958.0
2019-12-12,156.0788535742088,159.78241567697754,155.83836227440264,157.68212890625,12828956.0
2019-12-13,157.92266177603153,160.5840956135426,155.90253824014903,159.2854461669922,15259514.0
2019-12-16,158.72426381925257,160.1351442071893,157.47371097052718,157.76229858398438,6012620.0
2019-12-17,157.76227934969165,161.44981230197104,157.4736917714189,159.06092834472656,12287138.0
2019-12-18,159.20524242403073,159.7663887971265,156.51174179029422,156.8804931640625,9314170.0
2019-12-19,156.80036941871538,157.92266245136466,155.6941052294279,157.10499572753906,9325412.0
2019-12-20,157.10497417243266,157.89057331613026,155.99871013492674,156.41555786132812,7468454.0
2019-12-23,156.47970166312754,160.15120677418372,156.47970166312754,158.08297729492188,14857646.0
2019-12-24,157.76232158425708,158.5479305551738,151.23698782989848,153.20901489257812,14856636.0
2019-12-26,152.63181156866872,155.37340847146456,152.07066520260744,153.0166015625,20743272.0
2019-12-27,153.75410887057922,157.79436478342575,152.9524711809516,157.4256134033203,16908756.0
2019-12-30,157.42564631067543,158.66016078226477,154.44354761053003,158.09901428222656,16373046.0
2019-12-31,157.76232545751535,159.04494598969026,155.9506259129419,157.61802673339844,11589904.0
2020-01-01,157.76231669667527,158.37155945850233,156.64002379334525,157.65008544921875,4766592.0
2020-01-02,157.50578711280951,157.66611466085365,155.9826754063902,156.33538818359375,6424966.0
2020-01-03,155.16497270602852,156.07884153190543,151.6217384098431,155.03671264648438,22655540.0
2020-01-06,152.31118293133588,153.91445854113942,149.15272802289937,150.4353485107422,15332634.0
2020-01-07,150.0345555095279,152.23104543127363,147.45328524637333,147.82203674316406,23454588.0
2020-01-08,144.2948004058128,148.9122320616753,143.82984657914707,147.4692840576172,24743076.0
2020-01-09,151.3972969209738,152.11877086458435,149.2489137158146,150.88424682617188,12999312.0
2020-01-10,151.92637707024875,152.21497447849316,149.55353137164127,150.78805541992188,8708498.0
2020-01-13,151.02858908760123,152.7120287748834,150.38727873054134,150.94842529296875,7338838.0
2020-01-14,151.95846089566362,153.51364019998283,151.3812855882711,151.7821044921875,7216716.0
2020-01-15,151.5095445117077,151.65384323025162,148.52745580381958,150.05056762695312,9956518.0
2020-01-16,150.06661819627493,150.54760094690403,147.54947317752556,148.07855224609375,6370550.0
2020-01-17,148.14267294050887,149.1848021332722,144.9361215781602,145.5453643798828,11132598.0
2020-01-20,145.88202809586434,149.64972517056268,144.80783165361436,146.58746337890625,11681302.0
2020-01-21,146.73179103589015,149.58561976670583,145.91411457415467,148.7358856201172,8398840.0
2020-01-22,149.16876097744625,149.5695798646539,145.60948730191885,146.04237365722656,7460864.0
2020-01-23,147.34101418696486,151.28506788860426,146.53937646015873,150.38723754882812,11131352.0
2020-01-24,150.4674133439271,151.73400496772874,149.0084364788137,149.4573516845703,7871260.0
2020-01-27,149.58561602969147,151.2850842804119,148.46332309056194,149.98643493652344,8828966.0
2020-01-28,150.41930563668214,154.63591813998553,149.93832299861063,154.2190704345703,15217662.0
2020-01-29,155.18103528004934,156.12696192759466,152.84024724322754,153.6098175048828,14264654.0
2020-01-30,153.93048384197576,155.35740301612316,149.15272459179226,150.59567260742188,10891876.0
2020-01-31,150.70790661374238,151.5416118840483,146.23476376915124,146.5233612060547,13892950.0
2020-02-03,143.09233407433877,148.62363438309472,141.87384864520737,147.5975341796875,18802900.0
2020-02-04,149.10462765110697,154.26717693120426,148.1426623114224,153.4334716796875,15683820.0
2020-02-05,153.9144459152737,162.87675975312857,153.27313572396002,160.87266540527344,30234094.0
2020-02-06,161.38569985299299,163.53409282990702,157.8264362493059,158.74029541015625,22467954.0
2020-02-07,158.660125800988,158.91665573010266,155.83836508004035,157.5699005126953,9022030.0
2020-02-10,157.762289289157,158.90061083624505,154.9886249813387,155.66200256347656,8848392.0
2020-02-11,157.37752357568291,158.3875949974801,153.93048115409215,154.235107421875,7943310.0
2020-02-12,154.87642280373717,155.74219554111073,151.95845925755773,152.23101806640625,7549204.0
2020-02-13,153.17694075236014,153.43346091069137,150.06658245810567,150.38723754882812,8083000.0
2020-02-14,151.02856395919272,155.35740814910588,150.67584136437253,152.77613830566406,23043576.0
2020-02-17,153.41745342968446,153.41745342968446,147.5013622679509,148.0304412841797,9025984.0
2020-02-18,148.0625286861993,151.50957185539613,146.21876140965213,150.94842529296875,11940592.0
2020-02-19,151.83019450841445,154.23510783220138,150.54757406906143,152.48753356933594,10786834.0
2020-02-20,152.26306037381627,153.91443201013513,150.88423771568918,151.26902770996094,8752120.0
2020-02-24,151.0285476463371,152.53563048614174,148.4633069219832,148.9923858642578,12382886.0
2020-02-25,150.64377398753857,150.8842653315708,145.86601457655527,146.459228515625,11044046.0
2020-02-26,146.7317743879179,147.3570459558835,142.11434294686944,143.91000366210938,14491090.0
2020-02-27,143.2847267061548,144.18255703001333,140.6072547889679,142.3868865966797,12178324.0
2020-02-28,140.73553700577406,140.73553700577406,134.83548447003525,136.71131896972656,12199026.0
2020-03-02,138.52297647589512,141.68143055868381,130.34627300335964,132.22210693359375,15624380.0
2020-03-03,133.10394336696385,136.96783368058612,132.5908932136087,136.27842712402344,11415592.0
2020-03-04,135.34854159958044,137.46486755964239,129.99359664759544,134.25831604003906,15457514.0
2020-03-05,134.2422731604518,137.60915214942716,133.72922297643663,134.162109375,11450828.0
2020-03-06,128.3261903125228,131.42051044121465,127.62074509373726,129.25608825683594,15762914.0
2020-03-09,132.71913086486458,145.70566113616323,130.12182285348163,135.90965270996094,79590744.0
2020-03-11,135.74934626121444,135.74934626121444,128.59873125324006,129.6729278564453,29496116.0
2020-03-12,125.47235778208675,125.87317672438273,105.99255718650201,110.40156555175781,35196480.0
2020-03-13,108.3172935761944,127.20388761601758,88.32445505025079,120.58235168457031,50824080.0
2020-03-16,112.22929196288413,124.17369517893395,112.13309934116302,116.92688751220703,33314334.0
2020-03-17,117.03912339285057,123.66064992356905,113.5119169344359,114.53801727294922,19649626.0
2020-03-18,116.7024197642357,117.37578760076518,105.2390007049223,106.63384246826172,20417518.0
2020-03-19,99.72372972677391,102.6096254423397,91.51495773426343,96.27668762207031,27434876.0
2020-03-20,97.79980699564457,103.57159888391213,95.747616281384,101.92022705078125,20390122.0
2020-03-23,96.39046059165011,100.78721844319907,88.7130408299946,91.09744262695312,18697444.0
2020-03-24,93.92151545629383,95.71403567067674,85.22945932512557,88.89906311035156,19533962.0
2020-03-25,85.43238674964262,93.66785424182947,85.43238674964262,92.5855712890625,14919242.0
2020-03-26,93.00835011998393,96.86396693340174,90.80997093532976,95.477294921875,12626898.0
2020-03-27,98.08151286172226,102.81648244815023,92.7377655998908,94.27662658691406,12155778.0
2020-03-30,90.9790626088525,97.91241124633011,90.9790626088525,92.92378234863281,13666176.0
2020-03-31,96.05223677288306,111.50853393145141,94.69938836763119,107.17941284179688,33090992.0
2020-04-01,105.52220384149757,106.8412293252329,99.26527829320365,102.46138763427734,25195590.0
2020-04-03,101.80185310936263,110.25715652376151,97.11761295350257,107.26397705078125,28641760.0
2020-04-07,110.59536984201003,121.51961784156902,108.05877879058778,118.74628448486328,21185186.0
2020-04-08,118.37427292291008,123.17689041006372,115.07670389148616,115.77003479003906,18356498.0
2020-04-09,116.73391368857435,120.62335315303287,114.73846420152645,116.64936065673828,15853988.0
2020-04-13,116.68319694855604,119.91311899639163,113.70693402452166,118.4080810546875,9908612.0
2020-04-15,119.8961968983585,125.25686108066398,118.74627775120445,119.67636108398438,12598234.0
2020-04-16,119.89619557036573,123.44742280164596,118.22204146133917,120.2005844116211,11831216.0
2020-04-17,123.78561791569098,123.78561791569098,119.79471960872309,121.79016876220703,8840986.0
2020-04-20,122.48351768632281,126.11929799094524,122.16222236387951,124.59734344482422,12420738.0
2020-04-21,124.03931960683738,124.95249664048512,119.42272531765563,120.1498794555664,10283406.0
2020-04-22,120.80938011726464,121.7563699774117,114.02822054095124,120.64027404785156,14252248.0
2020-04-23,120.69099254295301,122.73717166336007,119.21976781205329,120.11602783203125,8341956.0
2020-04-24,119.05068347355426,120.62336799493016,117.35962262875945,118.52645874023438,6912420.0
2020-04-27,119.4565239464874,123.65035213628778,119.15212478381733,120.2005844116211,9902396.0
2020-04-28,121.68873053839047,126.77882971828203,119.79475070732158,121.45198822021484,22200402.0
2020-04-29,121.7563583151962,123.4474188473517,120.0822042597965,122.01001739501953,11648158.0
2020-04-30,123.1937840332856,126.28842335240537,121.07995795172613,125.13850402832031,16016718.0
2020-05-04,122.43278676545859,122.43278676545859,115.5163448209987,117.66399383544922,14509120.0
2020-05-05,119.72707338833679,123.17684064843047,116.76771776080022,117.37649536132812,26356086.0
2020-05-06,108.6506346777697,117.17358353436578,105.64054911985124,116.27731323242188,41361302.0
2020-05-07,115.66853899184476,115.66853899184476,111.00121610845883,111.45779418945312,17100430.0
2020-05-08,112.6246544395253,113.74075049008913,108.63375489726187,109.83440399169922,16997368.0
2020-05-11,110.25714943124655,111.7283741949955,105.28542721483001,106.46916961669922,21372716.0
2020-05-12,105.0148675415039,108.16023625717611,104.37226655158773,105.69129180908203,16622240.0
2020-05-13,109.58071940698237,109.7160021814736,105.77583331646215,107.06103515625,15241920.0
2020-05-14,106.01261177397349,106.99342503006561,103.91569213288005,104.74431610107422,9664168.0
2020-05-15,105.86040280132559,109.6991127627175,105.21780178151123,107.61911010742188,27767190.0
2020-05-18,108.41389235425835,108.7351980010233,98.7072105762539,99.4512710571289,20378694.0
2020-05-19,101.97096025493677,102.95177339708592,98.69029836692488,99.19761657714844,12045836.0
2020-05-20,99.43436571796086,105.31925468596533,98.7748479392247,104.47372436523438,17342228.0
2020-05-21,104.84575664395517,106.875029353193,102.00477691530513,105.92803955078125,14931316.0
2020-05-22,105.18395914536843,109.58071628006229,103.91566381805289,106.60445404052734,17078040.0
2020-05-26,106.53681200596533,108.5322613411593,105.53908217766124,105.91111755371094,12212502.0
2020-05-27,107.14558938156982,112.08348811645865,105.77583450219343,111.42398071289062,18130652.0
2020-05-28,112.92902936653091,113.08122895524635,108.32934228440101,110.40935516357422,18552604.0
2020-05-29,110.93358918958378,117.410350030729,110.25716486525705,115.93912506103516,26722320.0
2020-06-01,116.44644705282417,120.64028625578723,115.02596211886066,117.12287139892578,20423126.0
2020-06-02,117.69780415487529,117.69780415487529,114.07893076062832,115.53324890136719,12639442.0
2020-06-03,116.3449657141708,119.71018033359705,114.72155171649234,118.05293273925781,20167782.0
2020-06-04,115.66853660332565,121.55342499780853,114.65390031733156,120.8262710571289,32779676.0
2020-06-05,120.62333844335106,125.98400207232187,119.11830085305346,125.00318908691406,21970108.0
2020-06-08,128.38530776933516,134.7775140238762,127.37067152825203,133.2893829345703,29583292.0
2020-06-09,135.28486379320935,135.97819459158316,128.33460804439963,129.02793884277344,19643304.0
2020-06-10,129.9918558260992,129.9918558260992,126.13623896782579,128.16551208496094,14983264.0
2020-06-11,127.84419388315722,130.7189971847626,124.46207235185676,125.15540313720703,16965850.0
2020-06-12,120.14985056466499,127.47214058968541,120.14985056466499,126.45750427246094,15636964.0
2020-06-15,126.45751611227388,126.47443291199343,120.57262698567143,122.0945816040039,13054104.0
2020-06-16,125.07084174829072,125.86564231936285,120.6233542958602,121.67181396484375,11469976.0
2020-06-17,121.67182562263685,123.95475772257514,120.65718913377539,123.3121566772461,10041494.0
2020-06-18,123.14305774919917,127.31998026860119,121.67183269060277,125.22306060791016,12301976.0
2020-06-19,125.81493957190544,130.042592111284,125.47672736875516,128.70664978027344,13271548.0
2020-06-22,129.5352361754735,131.69979158253014,128.40222355978636,130.26239013671875,20792714.0
2020-06-23,130.549859650281,132.88352088026502,129.28156438165783,132.57913208007812,8346306.0
2020-06-24,132.57917020239552,133.39087734343303,126.82956333137325,128.03021240234375,8117432.0
2020-06-25,127.8442050230656,129.97493764488334,124.2253305406714,125.22306060791016,13394304.0
2020-06-26,127.30304760816364,134.25331328764622,126.1531283948529,133.13720703125,24376122.0
2020-06-29,132.88356292454415,133.79673993544682,127.9625798538554,129.6536407470703,12024496.0
2020-06-30,130.8542830810327,131.64908372399643,125.88257050511483,126.49134826660156,9018244.0
2020-07-01,127.50599899412006,129.67055500294634,126.52518568152566,128.5713653564453,10365588.0
2020-07-02,129.5183331690136,132.35931286198297,128.0978381618216,129.704345703125,13185606.0
2020-07-03,130.88806517997332,132.0887138456948,129.63667644891234,130.346923828125,6962106.0
2020-07-06,131.22631184521535,134.1856681046113,130.34695820671172,131.9703826904297,9926808.0
2020-07-07,131.98726754800884,132.32547963653673,127.7765229172711,128.46986389160156,9853948.0
2020-07-08,129.3323142477764,131.04029166807277,127.21848847123253,127.89491271972656,8446692.0
2020-07-09,129.02793254485252,129.12939205917874,126.18695260814805,127.42142486572266,5702054.0
2020-07-10,127.79346630965895,128.6897264664959,125.25687511780949,127.28614807128906,11766114.0
2020-07-13,127.84419007820115,129.9411094937643,126.98175324195408,128.5037078857422,10277456.0
2020-07-14,128.35149606557994,130.5160515107034,125.84872850961173,126.40677642822266,9482614.0
2020-07-15,127.79343879724065,129.31539318469152,124.52969423065655,125.00318908691406,9807552.0
2020-07-16,126.06857149414887,134.0165565514594,121.85782634585874,133.2217559814453,26616036.0
2020-07-17,136.80683630901504,151.3161377741673,132.57918376547318,150.09857177734375,107684344.0
2020-07-20,149.15156615266216,151.51905132968852,147.1561164248803,147.90017700195312,28745778.0
2020-07-21,147.798703180468,162.68003713914214,147.25756169950589,156.99807739257812,98290940.0
2020-07-22,157.20099789909867,157.251737977023,151.41757858593604,152.3983917236328,25364622.0
2020-07-23,150.8426162666066,161.46247552692313,149.84488631295855,154.74896240234375,72915804.0
2020-07-24,152.87189320807607,156.761332968901,150.6058676536378,151.65432739257812,22294340.0
2020-07-27,153.54832398692244,157.80979936009385,150.1662023132017,154.79971313476562,40099526.0
2020-07-28,155.9496323585375,160.21110772949524,154.56296040874906,156.0849151611328,30188154.0
2020-07-29,156.9304507200279,158.1649231064517,151.11319712511542,153.48068237304688,20079062.0
2020-07-30,147.3759350786776,148.77951334847722,140.7469752919802,141.7447052001953,49057034.0
2020-07-31,142.42113376201775,144.75479545625845,138.97136581650338,139.95217895507812,22379048.0
2020-08-03,140.01982123331047,144.83934406561644,138.04127821681763,141.30502319335938,28463794.0
2020-08-04,141.3895902472055,143.06374457828375,132.24095539032848,138.17657470703125,51231218.0
2020-08-05,138.6331452328984,140.34112262323632,137.0097311935539,138.8191680908203,22069412.0
2020-08-06,139.34339433570486,143.23283374070633,137.3986746332041,138.5147705078125,25134282.0
2020-08-07,139.5125156786557,142.52260183143923,139.02210391921886,141.9645538330078,18237588.0
2020-08-10,142.3873107812728,143.53722999170782,139.85071973410047,140.4087677001953,16504844.0
2020-08-11,141.03446765826342,146.4458621007867,140.5609727088258,145.1775665283203,25534582.0
2020-08-12,145.43121093145757,146.81788268136606,142.20128932887133,142.65786743164062,18101040.0
2020-08-13,142.04910739615238,144.14602691961437,140.86536483451778,142.43804931640625,11681234.0
2020-08-14,144.07836360204456,144.07836360204456,138.21038123612902,139.7661590576172,28445040.0
2020-08-17,141.64322056872194,141.64322056872194,136.33329689588882,137.9567108154297,22849152.0
2020-08-18,138.66698183039628,139.1235702982673,135.62307247314368,136.062744140625,27093554.0
2020-08-19,136.9420726789107,138.9882620088208,134.49003503532427,136.53622436523438,33242206.0
2020-08-20,136.53623421962948,141.99835778321548,135.3186685478959,139.49559020996094,36899472.0
2020-08-21,141.7109073439163,141.7109073439163,138.07512630824303,138.70082092285156,17126912.0
2020-08-24,139.81690025742122,140.7977134247127,138.1934860716571,138.58242797851562,13081806.0
2020-08-25,138.6669682947562,141.87998341378105,138.1089203646822,139.6477813720703,25017896.0
2020-08-26,140.0198463970915,140.62862420938166,138.32878545026674,138.70082092285156,10814154.0
2020-08-27,139.2081301377495,141.52488554825052,138.49788252207102,139.6647186279297,15646796.0
2020-08-28,140.18894166241802,142.72553288670784,139.85072949917935,140.3749542236328,17487384.0
2020-08-31,141.20357462775365,144.2136607411639,136.3671449427227,137.92291259765625,37997902.0
2020-09-01,137.97367589453555,139.258878170456,135.45399078874956,137.73692321777344,12040094.0
2020-09-02,138.2442072356184,140.52713909822495,137.44940667102054,140.00291442871094,10307040.0
2020-09-03,140.69626350120487,141.57561721237067,138.7684499929343,139.81690979003906,8794738.0
2020-09-04,138.32875837001407,139.0051826163222,135.48777859980288,136.41786193847656,9733000.0
2020-09-07,139.0051800193903,139.0051800193903,133.9996448187908,135.3524932861328,16616944.0
2020-09-08,135.4539351568493,142.03216410139646,135.1157230840482,139.377197265625,37280122.0
2020-09-09,137.31410190968842,138.49784416753056,134.94661739400414,137.2971954345703,13471164.0
2020-09-10,138.1596490833024,146.61495196477748,137.1450127375254,145.5326690673828,50834954.0
2020-09-11,145.76944601431532,147.46050687295008,142.84391279316048,145.0084686279297,25168858.0
2020-09-14,144.0445615745797,145.26212745454717,140.07056856505483,141.085205078125,12050202.0
2020-09-15,141.20358063839328,143.90927799194333,139.49561331253133,140.15512084960938,16667382.0
2020-09-16,140.35803463096892,142.21820135499382,139.1404688927787,139.69851684570312,10001736.0
2020-09-17,139.68162045106538,141.71089338740046,139.19120869621804,140.56097412109375,13708168.0
2020-09-18,142.04908082873908,143.029893846369,138.53167708202454,139.36029052734375,19110716.0
2020-09-21,139.8507364546276,140.5948073793253,134.96356632420031,135.77528381347656,11706332.0
2020-09-22,136.31637722941576,136.57003629409382,129.26466348849715,132.62986755371094,15913160.0
2020-09-23,134.23641875080713,134.33788860262572,128.94339993890972,131.1079559326172,11588706.0
2020-09-24,127.91183605853584,130.60061639091992,126.9479293908672,127.59053039550781,9254902.0
2020-09-25,128.1824109755749,129.02794139098106,123.54890017058263,127.08322143554688,26544582.0
2020-09-28,127.50596354609272,132.0887334388786,127.06629193829261,130.26239013671875,14260844.0
2020-09-29,133.25556994174383,133.25556994174383,127.8949059902106,130.7358856201172,17532748.0
2020-09-30,131.05719624700768,133.4246810824375,117.96838309970836,119.4057846069336,87189586.0
2020-10-01,121.07995778502323,122.28060686912939,117.52872997289266,119.4903564453125,32424524.0
2020-10-05,119.49035724773442,121.23215820537128,118.71247337413432,119.77783966064453,13176802.0
2020-10-06,120.64027590362394,121.89165464368104,118.44189696743703,119.06758117675781,13773544.0
2020-10-07,119.3888778073497,119.62563041881968,115.33033238613667,115.75309753417969,20549154.0
2020-10-08,116.64935639571414,116.68317967149605,114.18041208485413,115.00902557373047,19178934.0
2020-10-09,115.16122721796451,118.44188892072796,114.85683837330131,116.68318176269531,26861436.0
2020-10-12,117.35959207397046,118.30658177193851,115.14430707260938,115.53324890136719,9593558.0
2020-10-13,115.80382471935071,116.24350665641299,114.31569349552618,114.68772888183594,10558800.0
2020-10-14,114.23115901047325,114.62010093689923,111.10269647650766,112.59082794189453,16178274.0
2020-10-15,112.96285095565848,114.55245208869034,109.91894179817068,110.47698974609375,10821450.0
2020-10-16,111.23796943205761,116.14204540255606,110.76447450608565,114.9752197265625,26906266.0
2020-10-19,116.34496616655635,117.63016805959785,115.34723631069014,117.24122619628906,14750554.0
2020-10-20,117.00449862180344,118.2897006764263,115.55018016902935,116.1251449584961,10486228.0
2020-10-21,121.92547285004943,122.78790965287763,116.71700811297111,118.2220458984375,34108526.0
2020-10-22,117.93457549265682,118.6448127183597,116.34497433107889,118.15441131591797,11658856.0
2020-10-23,118.34041248389116,120.1836725692661,118.20512970730728,118.8984603881836,10095206.0
2020-10-26,118.89849474234447,119.62565922923919,115.85458494334517,117.05524444580078,10164184.0
2020-10-27,117.02139587308504,118.34042110332524,115.68545384365578,117.91765594482422,8717246.0
2020-10-28,117.78236266692792,118.23895106172145,115.8207366347809,116.83537292480469,7743220.0
2020-10-29,116.34499257238909,117.5287352293756,114.38336601223531,115.60092163085938,14722436.0
2020-10-30,116.6324493668976,121.57034828667763,116.1758609495379,119.87928771972656,33648648.0
2020-11-02,119.65943709756438,119.94691944743855,116.5986217148342,117.15666961669922,8690720.0
2020-11-03,117.86694249187133,120.57263988049391,117.86694249187133,118.6617431640625,13322292.0
2020-11-04,118.54335374661986,119.37197760893554,116.41262141697284,117.98530578613281,8101954.0
2020-11-05,119.96384034530911,124.71571639392187,118.6109918962903,123.88709259033203,27315846.0
2020-11-06,124.46207240660375,125.155403192259,122.19604685106937,122.58499908447266,11623324.0
2020-11-09,124.54660453028607,128.52059666397477,123.61652126495468,127.01554870605469,23414854.0
2020-11-10,127.16775213475567,130.1947546186567,125.86563345951852,129.46759033203125,16074814.0
2020-11-11,129.46760457597654,134.7437160858993,129.06175619608433,133.25558471679688,22991936.0
2020-11-12,133.59379440330883,133.89818326298268,130.92192057952573,133.4754180908203,13222638.0
2020-11-13,132.5115138715379,135.42014037380184,129.60289769068947,133.25558471679688,19115708.0
2020-11-14,134.45623774169806,140.34113748051254,133.67835391578922,139.63088989257812,16811038.0
2020-11-17,140.35803715790675,140.35803715790675,132.6129812681752,133.4754180908203,44296492.0
2020-11-18,133.40774972197968,133.40774972197968,127.62432149557925,129.5521240234375,42174930.0
2020-11-19,129.5521417911857,133.76288659773314,129.21392968853658,129.77198791503906,33181436.0
2020-11-20,131.12487596747363,131.86893662539853,128.03022603552415,129.63673400878906,18928924.0
2020-11-23,130.54987931456802,133.77980095660863,129.53524294683822,133.40777587890625,18370378.0
2020-11-24,134.60842631243986,135.1157445020596,131.34468135683582,131.81817626953125,14237058.0
2020-11-25,132.2409306355916,133.05263760845818,128.92645619579716,129.21392822265625,14976356.0
2020-11-26,129.77199039662443,130.14401545952117,126.84644739563385,127.84417724609375,16774012.0
2020-11-27,128.6558895955329,129.83963202668264,125.4766977018709,126.15312194824219,27707056.0
2020-12-01,126.79571283474849,129.01100825829485,125.47668772350123,128.28384399414062,9807172.0
2020-12-02,128.9602738782371,131.90272337438537,127.79344828738934,130.0425567626953,19302512.0
2020-12-03,130.88809434804995,134.54078122454575,129.41686951783922,133.2217559814453,37347498.0
2020-12-04,134.03346684503876,134.87899719435495,131.49687579709013,132.6806182861328,14825638.0
2020-12-07,132.629889109647,136.9759171884271,132.3931468036521,133.5937957763672,20185302.0
2020-12-08,134.9466412531989,134.9466412531989,131.5814263966395,132.054931640625,11461924.0
2020-12-09,132.62990992592376,134.8790189536584,132.2409679667755,133.64454650878906,16825160.0
2020-12-10,133.62762608694493,135.79218184029025,130.92192881490925,135.04811096191406,14788112.0
2020-12-11,135.62308348416138,137.7876393607724,132.5791738797787,134.405517578125,29170228.0
2020-12-14,135.79218585562043,137.3141406161442,134.81137262978837,137.1281280517578,22254470.0
2020-12-15,138.09202265278995,138.41332833766864,134.30405260280057,134.81137084960938,17578662.0
2020-12-16,136.23183925302604,137.29721569946287,134.70988469687617,135.14956665039062,14206982.0
2020-12-17,136.13037296355557,136.1472794403269,133.35702955970746,133.72906494140625,12233988.0
2020-12-18,134.60841209647506,134.94662418716973,131.64905630289678,133.204833984375,13147766.0
2020-12-21,132.91735638939716,132.91735638939716,120.96155649212399,124.24221801757812,25446600.0
2020-12-22,124.24221851706706,126.69425627202196,120.74172117502098,125.9840087890625,20183368.0
2020-12-23,126.15313012217872,127.57362526016358,124.93556433553678,126.62662506103516,11965506.0
2020-12-24,127.3030518033057,128.9433828029178,127.01556941015048,127.6919937133789,12131772.0
2020-12-28,128.52061545124712,130.04257010790664,128.01329723236063,129.45069885253906,9806128.0
2020-12-29,130.0425753212225,130.41461076093702,127.72581996448059,129.02793884277344,8034014.0
2020-12-30,129.19701473763453,129.941085443223,128.11473195158104,129.4844970703125,6183434.0
2020-12-31,129.19702799953714,130.0594647646855,128.36840418877532,128.89263916015625,8594440.0
2021-01-01,128.89266284864937,129.87347609865276,128.65591019594459,129.18014526367188,5723498.0
2021-01-04,130.17785242148432,134.23639815759554,130.04256962789705,133.71217346191406,16477784.0
2021-01-05,133.49230880205215,133.50921527706848,131.56449586517957,132.57913208007812,9064136.0
2021-01-06,132.78209359558798,134.25331852834077,129.38305525834315,130.98956298828125,16144720.0
2021-01-07,132.24093090282074,133.59377930080356,131.09101182881815,132.64678955078125,13121606.0
2021-01-08,133.59379608095261,137.31412964270066,133.34013697446977,135.33558654785156,24755912.0
2021-01-11,136.63768619710643,136.8913452680169,133.71215364355513,135.876708984375,13668006.0
2021-01-12,135.79217447170208,138.32876552659067,134.42241943062842,136.1472930908203,16662142.0
2021-01-13,137.31410582642738,143.74013540943753,136.8575174496676,139.30955505371094,42362294.0
2021-01-14,139.34338718359024,145.43120507025193,139.0051750787757,144.3151092529297,25200192.0
2021-01-15,145.22831468520738,145.26213796904122,139.10667188229849,140.2227783203125,17655902.0
2021-01-18,140.01981858005294,141.00063167007468,135.96127311396444,138.5147705078125,16787164.0
2021-01-19,139.68160169118087,141.37266224434288,138.07509416567697,139.83380126953125,11094214.0
2021-01-20,140.35804286206138,141.00064388558042,138.413322991081,139.96910095214844,9874786.0
2021-01-21,140.35803592957234,143.06373300773276,137.00973785963185,138.09201049804688,17536476.0
2021-01-22,138.32878066224956,139.66472289256652,133.57690369471692,133.9489288330078,15404838.0
2021-01-25,135.28486146847155,136.24876817071757,130.11021964586882,130.98956298828125,12060426.0
2021-01-27,130.39768514315827,131.9872863138126,128.43605887936025,128.72354125976562,12066876.0
2021-01-28,127.50598515398792,131.8012837426489,127.2523260323288,129.9749298095703,16311766.0
2021-01-29,131.86892222690503,134.1180310796169,128.97721231933494,129.73818969726562,16517910.0
2021-02-01,131.22631292367407,134.57461111182488,128.72354510229948,132.91737365722656,27876736.0
2021-02-02,134.1856533499325,139.00517587100757,133.0019109763351,137.99053955078125,17753676.0
2021-02-03,136.9758907451563,141.0344356561239,136.07963080826698,140.32418823242188,17018506.0
2021-02-04,139.88455650179665,142.8946427704289,138.8530031836218,141.55870056152344,15198682.0
2021-02-05,142.21819891872175,142.8269766166806,139.71543125173594,140.3580322265625,7722568.0
2021-02-08,142.0491030425456,143.53723443870817,140.6962544421404,142.06600952148438,12645654.0
2021-02-09,145.7694232719981,148.1538145821041,140.91607730063123,141.82925415039062,45154044.0
2021-02-10,142.7931979744968,143.72328154407592,138.34569919373902,140.62863159179688,19160592.0
2021-02-11,140.3580246293013,143.012991737777,140.12127202545722,142.70860290527344,11459318.0
2021-02-12,143.0637469570924,144.02765369945536,140.22276681229863,141.40650939941406,10941890.0
2021-02-15,142.99609377298967,143.70634135665142,141.03446741946274,141.7108917236328,11037552.0
2021-02-16,141.30501859222488,142.92844294941023,140.76388746124448,141.3557586669922,10795324.0
2021-02-17,142.25252755884733,145.5582701813755,141.2150820884403,144.7845916748047,17178862.0
2021-02-18,146.06823091248344,152.75005671374637,144.432944112839,151.99395751953125,41510988.0
2021-02-19,153.68197028581486,156.42503090876392,148.93435793144758,151.22024536132812,48892610.0
2021-02-22,150.97407172970026,153.0665422521316,147.0001485614957,148.6002655029297,19380682.0
2021-02-23,150.51688482732624,155.686511099116,149.74319561240932,153.0665283203125,28795656.0
2021-02-24,154.73700415197655,156.49537919915812,153.36547376162886,154.2798309326172,11981366.0
2021-02-25,155.42276127234487,164.5135508942875,155.3875916279888,162.31558227539062,37621658.0
2021-02-26,159.99454871028053,164.0036416431937,154.824921815031,158.2010040283203,36883078.0
2021-03-01,160.36379285934925,163.12444363287733,158.288912598193,160.10003662109375,12185500.0
2021-03-02,166.86978992063607,169.6480203144836,162.473852356868,164.93557739257812,53200666.0
2021-03-03,168.80399299617176,168.80399299617176,162.57934146153036,164.00363159179688,17675284.0
2021-03-04,162.47383326508157,166.21916948285548,161.50672711469417,163.1420135498047,12556622.0
2021-03-05,162.82551769193526,166.8522005541142,161.1023124157314,162.40350341796875,17793026.0
2021-03-08,162.47383237081232,166.3246774958849,162.40349308553675,164.126708984375,11349538.0
2021-03-09,156.91736805594152,159.66042839179207,153.80504258070525,156.81185913085938,399581906.0
2021-03-10,158.60543145073785,158.9219368171568,155.45793577981644,156.6712188720703,23491604.0
2021-03-12,160.71547281604387,163.1771977825916,158.60542284471725,160.9088897705078,52792772.0
2021-03-15,163.3354694038706,163.5288863744162,158.71093424639096,161.96392822265625,33839076.0
2021-03-16,163.37062810950417,163.73989332407342,158.97469030941772,159.6077117919922,30782874.0
2021-03-17,155.44036347315972,157.0932404093344,151.25543275687482,151.94119262695312,57699598.0
2021-03-18,152.97860466825304,154.20946700466428,149.03984089882996,150.13003540039062,26361962.0
2021-03-19,149.8135599827052,154.1743281268276,147.42217411626484,152.25770568847656,26622950.0
2021-03-22,154.12156296085033,155.44034416131396,152.7500326588219,154.50840759277344,27343862.0
2021-03-23,155.4051768438611,155.51068578083985,153.0137911907761,153.50613403320312,17089478.0
2021-03-24,152.96107307035,153.50616512553907,150.74551373226814,151.20269775390625,10317086.0
2021-03-25,151.73639112018395,152.00325075222187,147.69791318363409,149.0677947998047,20898974.0
2021-03-26,151.54068156806238,153.63997508563392,149.93952383894998,150.93580627441406,19204862.0
2021-03-30,152.60813740781956,154.3872017535823,149.9751243478001,153.2841796875,17153798.0
2021-03-31,153.17741414395397,153.40869029789783,151.3983501004702,152.2700958251953,10018670.0
2021-04-01,153.21299979260777,156.53985177331683,152.30567060229873,155.6325225830078,9156394.0
2021-04-05,154.4583689575756,155.49022410832416,149.8328016500053,152.30569458007812,11510442.0
2021-04-06,152.9995439115579,154.31605595840205,150.97140607907863,152.32350158691406,9190874.0
2021-04-07,152.64373105390834,153.53326328615722,152.11001171455902,152.3590850830078,7430944.0
2021-04-08,152.8393928675919,155.13438990571623,152.75043966237072,153.19520568847656,6708234.0
2021-04-09,152.99954983704717,153.8001288768922,151.04257885075936,151.43397521972656,8179184.0
2021-04-12,148.71198601300318,149.22790813388653,143.03676667346096,143.73060607910156,12368094.0
2021-04-13,144.10421011390125,146.772806597492,143.10793843677945,145.66978454589844,8064312.0
2021-04-15,145.52744810560733,148.16046088739813,143.49931062233088,144.0508270263672,14440358.0
2021-04-16,144.10418792191217,150.49103219915327,143.85511461171546,147.23533630371094,22292626.0
2021-04-19,144.1041937311855,146.73720645728073,142.3251296110474,145.43849182128906,11256462.0
2021-04-20,146.55928333036286,147.46661244328092,144.49557352978445,145.2071990966797,7026888.0
2021-04-22,144.10419055544617,149.90393511586447,143.57047133116674,148.8542938232422,15611348.0
2021-04-23,148.48071768641356,151.20269503735017,148.01816526338462,150.52664184570312,47680532.0
2021-04-26,151.5762454636155,152.4124076748537,148.56962310571993,149.0499725341797,12888196.0
2021-04-27,148.55184928099106,150.54440320353498,148.2138227655563,149.56591796875,10816330.0
2021-04-28,150.15302244631832,150.9891848141149,147.6267490438771,148.55186462402344,19805066.0
2021-04-29,150.15301101687876,150.50882383919364,148.37394690530436,149.28126525878906,13265608.0
2021-04-30,148.55187241409098,155.66812977524503,147.53780356841713,150.0818634033203,33702940.0
2021-05-03,149.08555049162644,152.66146448338986,147.80462234910652,148.0181121826172,16118782.0
2021-05-04,149.7616175958605,152.8038237997804,148.9076689777332,149.9573211669922,19987878.0
2021-05-05,150.170791509855,153.568810346742,149.79719240428378,151.14927673339844,13778662.0
2021-05-06,152.28788314327116,154.778572820848,150.91800164889483,154.42276000976562,12787288.0
2021-05-07,154.79636547819143,159.04833308874737,152.28788940041136,157.67845153808594,24054728.0
2021-05-10,159.76000219145396,161.89487972630636,158.33675050155236,161.4323272705078,19405820.0
2021-05-11,159.97345699526255,165.09715978231478,159.01275797207626,164.4744873046875,21695878.0
2021-05-12,165.09714650285196,166.5203977658076,158.87042222742113,159.84890747070312,15235594.0
2021-05-14,161.36112509426118,161.36112509426118,156.2374223015661,157.3582305908203,9799430.0
2021-05-17,158.33670323341877,158.88820875519565,155.88159697296922,157.85635375976562,6063462.0
2021-05-18,159.11948876002492,160.96970880788177,157.5183311574428,159.5642547607422,9934246.0
2021-05-19,160.11576172542806,161.64575243849748,157.35821249571237,158.85263061523438,16215214.0
2021-05-20,159.4041315219079,162.90888971033738,157.09134836366593,161.8236541748047,18799814.0
2021-05-21,164.74133997092605,166.52040411748033,163.33587495172983,164.04750061035156,23987738.0
2021-05-24,166.14681535658218,168.85098434123026,163.88740157777664,168.24610900878906,22941220.0
2021-05-25,169.65157139353664,170.43436404782227,166.876235362064,168.79762268066406,21199352.0
2021-05-26,170.30981790254884,171.03924075770016,166.69831965902003,168.01483154296875,25944614.0
2021-05-27,172.56922911039678,173.63666764097655,165.80878508339154,166.467041015625,102988808.0
2021-05-28,169.01109195842724,170.7545726300787,166.6983085947856,167.7657470703125,29313704.0
2021-05-31,168.45956691337543,168.45956691337543,166.62712238910134,167.94363403320312,13495562.0
2021-06-01,168.44178795822506,169.61597678731266,167.26760998768304,167.5344696044922,8869530.0
2021-06-02,167.2320234810151,169.1712076711812,166.87621066509803,168.8865509033203,12676710.0
2021-06-03,168.83316452284808,170.22083219653248,168.33502880133886,168.6196746826172,12184524.0
2021-06-04,168.93993705006923,171.78643985366634,168.673077412232,170.16749572753906,17759466.0
2021-06-07,171.07482492391517,172.7115663107447,170.34541287798706,171.28831481933594,12523390.0
2021-06-08,172.142238263089,174.24154259146823,169.4558558109737,173.4409637451172,15198964.0
2021-06-09,175.0599245582548,175.73596681065257,171.3238895829262,172.58702087402344,18980362.0
2021-06-10,173.0139826428154,173.45874866503343,171.76863778060488,172.05328369140625,7388634.0
2021-06-11,172.81828450500473,174.17036882663513,171.39503327863792,172.07107543945312,7438508.0
2021-06-14,172.19562740389296,172.56922654061398,169.36691099656136,172.10667419433594,7237652.0
2021-06-15,172.56920837755976,173.36978717931132,171.07479027087217,171.4661865234375,6507360.0
2021-06-16,172.01773221381492,172.53365434779653,170.4521469365757,171.2349395751953,7994924.0
2021-06-17,170.06074376981962,171.822010735518,169.47364392270782,169.6871337890625,6651076.0
2021-06-18,170.79018850346282,170.82577196444393,166.07566767498182,168.06822204589844,10583776.0
2021-06-21,167.83692056342974,169.29574451704661,166.69831513477908,169.0288848876953,5397088.0
2021-06-22,169.90064342382425,170.34540950608556,168.2283186111029,168.53076171875,5553420.0
2021-06-23,168.65529609621305,169.0111089571755,166.92960154883568,167.0897216796875,4927558.0
2021-06-24,167.05412178811662,167.4099346140764,165.48854752560274,165.8443603515625,8462210.0
2021-06-25,166.6627126897709,167.97922438798705,165.87993104799077,167.2498016357422,5904240.0
2021-06-28,167.58786883954352,167.94368172455316,166.0044971578316,166.21798706054688,4334320.0
2021-06-29,166.87620555069748,167.05411195320355,165.45295433064888,165.89772033691406,5921594.0
2021-06-30,166.1645882203454,167.46330285164325,165.80877539760374,166.5559844970703,5924634.0
2021-07-01,166.5559903668307,166.84063629163725,164.3855298999063,164.6523895263672,5757026.0
2021-07-02,164.7413427351875,165.66645827862774,164.0475033629708,164.6523895263672,4769492.0
2021-07-05,165.4351711926459,166.34248951933324,163.1401742130787,163.56715393066406,11190174.0
2021-07-06,163.67389610045237,164.7413345532814,162.81994750989824,162.9800567626953,7749392.0
2021-07-07,162.9800760496901,164.17205130144947,160.98753272211553,163.85182189941406,6000580.0
2021-07-08,163.72726046321404,165.59527769418946,162.4463321902647,163.03343200683594,6426778.0
2021-07-09,162.28624639155373,163.14019507739235,161.2899638759531,162.57089233398438,7058662.0
2021-07-12,162.81997049297462,163.42484585316583,160.1335768256927,160.4716033935547,7393710.0
2021-07-13,161.0942592504354,161.89483812026089,160.0268207573348,160.20472717285156,7409874.0
2021-07-14,160.4716093012842,161.2188185229553,159.47533757808765,159.6532440185547,4936524.0
2021-07-15,159.8666951754683,160.3826281062499,158.35449069526516,159.0661163330078,6617550.0
2021-07-16,159.77775870141548,160.48938441367395,158.62136691899545,159.40415954589844,6726604.0
2021-07-19,158.69254417031217,163.31811160128538,158.4078982102866,161.5034637451172,14737948.0
2021-07-20,162.53531888669934,162.96229868518864,159.7599827721609,161.46788024902344,7689016.0
2021-07-22,161.87706067963663,165.07937633416122,161.18322127773772,163.994140625,13532496.0
2021-07-23,165.38181421845223,165.73762708110687,163.42484347385178,164.15426635742188,6954808.0
2021-07-26,164.34994972629673,164.58122590213827,161.93042674149171,162.2506561279297,5177476.0
2021-07-27,162.25066182011878,163.81623620983166,160.91636361436122,161.2899627685547,4635256.0
2021-07-28,161.39670776743966,162.0727499974762,160.2225188703324,161.3433380126953,4411220.0
2021-07-29,160.8273871850229,161.59238254085327,159.5820423727495,159.7955322265625,5979220.0
2021-07-30,159.8311451377554,161.6102094831955,158.30114328554873,158.51463317871094,13531870.0
2021-08-02,159.421923168666,163.63830708575657,158.870417663532,162.89109802246094,9965680.0
2021-08-03,163.92299401439732,165.4351987161591,162.42857561276682,164.88368225097656,7855132.0
2021-08-04,164.74134307786352,165.45296874990612,162.2862366810257,162.6598358154297,5192276.0
2021-08-05,162.28626070182685,163.1757929235442,160.5249825594074,161.36114501953125,7099910.0
2021-08-06,161.5390346679281,164.74135033315133,161.5390346679281,162.10833740234375,8118604.0
2021-08-09,162.78438968553067,163.31810899597505,160.36486648826843,161.0053253173828,4555246.0
2021-08-10,161.71694209346325,161.85926506331035,157.5361410602439,158.22998046875,7098198.0
2021-08-11,158.6925171576606,160.6672739582447,156.75333295211405,160.1157684326172,10635072.0
2021-08-12,160.82740111511225,162.03716258010965,157.30485622699928,159.45751953125,12567714.0
2021-08-13,160.1157722480292,163.26471794061626,159.51088609834056,161.8592529296875,14232032.0
2021-08-16,163.14018214982133,166.37808106648876,161.9126235459518,165.09715270996094,17964436.0
2021-08-17,165.75541550113107,167.14308342062017,164.02972103652132,165.45297241210938,14363500.0
2021-08-18,166.14680912336004,166.14680912336004,164.04750469136488,164.91925048828125,7947234.0
2021-08-20,164.3143748726094,165.630886801778,161.18322603910943,161.9660186767578,12114818.0
2021-08-23,163.21134712290004,163.54936279142316,159.43972900730054,160.7206573486328,7925892.0
2021-08-24,161.18324368293145,163.40707430769595,161.12987391964668,162.39300537109375,7248688.0
2021-08-25,162.962274657136,165.2394745767056,162.69541503706427,163.9229736328125,9704266.0
2021-08-26,163.88740615003772,167.73018071014906,163.17578042716178,166.07565307617188,14847298.0
2021-08-27,166.89400122187956,168.54853954495667,165.8621462010946,167.694580078125,12536762.0
2021-08-30,168.97552089268316,168.97552089268316,167.8013428269367,168.1393585205078,9029840.0
2021-08-31,168.2994412109406,169.31350978318048,166.6449139923093,167.819091796875,18002472.0
2021-09-01,168.3884191932918,170.57666589224036,168.01482007098804,169.72271728515625,10439002.0
2021-09-02,170.07850497701133,171.34163597390415,169.7226922050929,170.71896362304688,8362628.0
2021-09-03,171.85759468431357,175.77153576408054,170.86132311651843,174.8108367919922,16372070.0
2021-09-06,176.46537935210793,176.66107206737445,174.34828864655285,174.6329345703125,13979558.0
2021-09-07,174.5973557159462,175.59362727194326,171.14596700669645,171.48399353027344,13420280.0
2021-09-08,172.21342955498005,175.41574539381233,171.46622035420978,174.1881866455078,13609662.0
2021-09-09,174.31269553003733,175.05990461167428,173.54770015110597,174.75746154785156,9084984.0
2021-09-13,175.7715726526968,177.63959037825683,174.8820404024301,177.23040771484375,21460684.0
2021-09-14,178.26222839835447,178.97385406062335,174.52619367144285,175.45130920410156,24182782.0
2021-09-15,175.77154303025125,176.1095695718048,173.67224944512142,174.33050537109375,22748506.0
2021-09-16,176.57044022676357,178.40676787849134,175.7834356236937,177.1959991455078,34750954.0
2021-09-17,177.98299892829962,178.38658849503045,174.39105424771037,176.06594848632812,24016408.0
2021-09-20,173.9672629196383,175.0165981666218,169.08383943351814,169.66903686523438,14744276.0
2021-09-21,169.4672391428389,171.08159724339765,166.60175105103218,167.00534057617188,22963476.0
2021-09-22,167.28786727413706,170.1129941038571,167.28786727413706,169.56814575195312,9640070.0
2021-09-23,170.77892122907983,171.2430467635107,168.35738384953507,169.48744201660156,11769116.0
2021-09-24,169.9111956107658,170.81927207186845,166.2990643166384,167.408935546875,12674828.0
2021-09-27,168.88204084812617,170.5165734898606,168.11521090106578,169.749755859375,9778866.0
2021-09-28,171.24304798762418,173.6444108328024,170.7183864782694,173.382080078125,18266942.0
2021-09-29,173.34170228506045,176.77221327323974,171.92913893698662,176.32826232910156,15251714.0
2021-09-30,177.49868252804694,177.74083872595241,173.94709934735315,174.43141174316406,8934732.0
2021-10-01,174.31033429276016,176.6107997878316,173.13992699318445,174.7744598388672,5489980.0
2021-10-04,175.15788254993214,176.77224091444762,174.9560877543677,175.90452575683594,5362228.0
2021-10-05,175.9045080826817,179.79914478244305,175.84397211341016,179.1332244873047,18020292.0
2021-10-06,180.4044914135193,182.4022641980835,179.65784843764317,180.48521423339844,16248822.0
2021-10-07,182.22068575075076,182.4224805300982,180.80812229531858,181.2924346923828,7445114.0
2021-10-08,182.22066411734502,182.4224588727352,179.43589895627522,181.393310546875,6019304.0
2021-10-11,181.61527615688587,183.69375963181096,181.41348140560046,183.3910675048828,11833332.0
2021-10-12,183.37087229372733,184.52110470975825,182.0592065581736,183.73410034179688,10923204.0
2021-10-13,184.44040302499633,185.8126048730272,182.94711693601985,185.1063232421875,14072722.0
2021-10-14,185.65118520230305,186.53908710163975,184.84400613620608,185.36866760253906,7894780.0
2021-10-18,189.68709320893157,189.68709320893157,186.07496172013114,186.66017150878906,8784646.0
2021-10-19,187.22518617917436,187.66913713894718,181.59511945495117,182.8462371826172,10805314.0
2021-10-20,182.4224850413018,182.78571318979448,176.1063107548463,178.0233612060547,13086926.0
2021-10-21,179.69823296249,183.2296412464244,178.8103310958995,182.03904724121094,19775152.0
2021-10-22,182.01889299080318,182.82607211714821,178.58838170383683,180.50543212890625,7829992.0
2021-10-25,180.40452946731168,180.96955237592996,173.48297112444249,174.2296142578125,14550354.0
2021-10-26,173.9470800896532,176.34844261844876,172.75648609976477,173.96725463867188,9945226.0
2021-10-27,174.93587400401128,175.35963805311414,172.332716797882,172.615234375,6737796.0
2021-10-28,173.13991403441668,173.94709312082423,169.12419315290902,169.83047485351562,7242482.0
2021-10-29,169.1040071471187,171.52554424230416,166.92462622476668,168.579345703125,12075018.0
2021-11-01,172.73631892935953,172.73631892935953,169.46724127135337,170.17352294921875,11652400.0
2021-11-02,170.71840290287696,171.0816310840357,167.7318422894045,167.9538116455078,8099346.0
2021-11-03,168.70040968874645,170.1331474759806,167.16677452729652,167.44927978515625,10516486.0
2021-11-04,169.44706918059353,169.60850253170486,168.74078749247815,169.40670776367188,1975024.0
2021-11-08,171.12196739740156,174.6533759227017,170.09281898237285,174.24978637695312,11870418.0
2021-11-09,174.63318688781342,174.65336143679735,172.33272174121888,173.7452850341797,5867180.0
2021-11-10,174.35066576086956,175.15784476902175,173.60402271501397,174.0479736328125,6565108.0
2021-11-11,173.92548507121552,174.45630089701447,172.33301267171782,173.66006469726562,6633538.0
2021-11-12,174.76253728717077,175.57918465767156,174.0888056987176,174.64004516601562,4288924.0
2021-11-15,174.72171819597315,175.59961170628594,173.39466609913606,174.0888214111328,3839888.0
2021-11-16,173.9459010327791,174.1704740895983,170.7405574065142,171.4551239013672,5533442.0
2021-11-17,171.70011395417407,171.80219487804695,168.31103226601476,168.96434020996094,7538798.0
2021-11-18,168.8418350793284,169.71972846479824,165.3710839350133,165.4935760498047,9990796.0
2021-11-22,165.7794160018718,166.55522851065578,160.51204296101739,161.53285217285156,10565788.0
2021-11-23,161.28787363021092,163.86030814925957,160.89996110161647,162.34951782226562,6765412.0
2021-11-24,163.7786137332253,167.12686008899792,162.83946188897133,164.6973419189453,8482816.0
2021-11-25,164.96277549626913,165.12610248474843,162.5128332859285,163.3703155517578,6323818.0
2021-11-26,162.16575121219145,162.18617487334936,153.12138395858128,153.8767852783203,20046662.0
2021-11-29,154.75469303777336,155.16301676610522,149.8548082977911,150.03855895996094,15037552.0
2021-11-30,151.07977294921875,154.9588482006176,150.26312552787164,151.07977294921875,18393470.0
2021-12-01,152.20269212625794,153.50933323356054,149.36483681245375,150.56939697265625,13057566.0
2021-12-02,151.07978334735094,155.14260953259898,150.6918708110925,154.69345092773438,12449776.0
2021-12-03,156.18381495196863,158.59292228516145,155.69382152848345,157.57211303710938,17313246.0
2021-12-06,158.16420695798766,159.001265660555,155.57134865486287,156.57174682617188,8919812.0
2021-12-07,157.5721031617264,158.7358281237827,157.30669526607662,158.34791564941406,7275406.0
2021-12-08,159.04208866786303,160.16497889594166,158.89917287389738,159.7158203125,7187328.0
2021-12-09,160.98161240350632,163.9419591122582,160.1853762353531,160.77745056152344,12970082.0
2021-12-10,160.67538461987914,162.47200650461292,159.6545753147973,162.0841064453125,4565918.0
2021-12-13,162.9007495324222,163.53364630022497,159.67498224579938,160.205810546875,5199416.0
2021-12-14,160.45082653376636,160.45082653376636,158.87877756499407,159.9199981689453,6582798.0
2021-12-15,159.65456649552576,160.22621718258355,156.42881176186717,156.91879272460938,11115184.0
2021-12-16,157.81710474603958,160.0628850205628,156.98004617359183,159.6749725341797,7909366.0
2021-12-17,160.4712354978046,161.10413233277714,156.020509066539,157.0821533203125,16049722.0
2021-12-20,155.51010428104914,155.51010428104914,146.58822775946723,146.99655151367188,22510560.0
2021-12-21,148.79315934161298,149.4056449144745,145.93489333492593,148.7115020751953,12855558.0
2021-12-22,149.44647678279762,152.6313967134206,149.1198228015724,152.08016967773438,10045244.0
2021-12-23,153.03969982766904,154.44842141187974,151.89639858617122,154.0809326171875,10693866.0
2021-12-24,154.836361863701,154.836361863701,151.20227073392755,151.95767211914062,6287570.0
2021-12-27,151.4676792820573,153.18263132032155,150.05895755325966,152.8763885498047,4632660.0
2021-12-28,153.4480330537683,155.73464814048026,153.1213790961165,155.32632446289062,6449486.0
2021-12-29,155.57133249545458,156.32673384623845,153.99928372999645,155.61216735839844,8260658.0
2021-12-30,156.7962963232113,157.32711213363547,153.52970681647773,154.32594299316406,12171414.0
2021-12-31,153.73387970049467,158.18460573082203,153.73387970049467,157.3883819580078,7780656.0
2022-01-03,156.79629584108096,158.02126690233942,156.79629584108096,157.65377807617188,6468384.0
2022-01-04,158.42961853621586,160.77748015112113,157.1025663190955,157.59255981445312,11799296.0
2022-01-05,157.18421854792544,161.9003524559807,156.57173297747406,161.16537475585938,13483996.0
2022-01-06,161.69618693721165,161.96159485285304,159.4912414257325,161.61451721191406,8237148.0
2022-01-07,162.5128249309349,164.5136084743068,161.28785388874192,161.77784729003906,11914426.0
2022-01-10,162.92117598345212,163.20700759240526,161.53287772793385,162.3291015625,4179728.0
2022-01-11,162.83949427294488,162.83949427294488,159.3074965931987,159.7158203125,6854016.0
2022-01-12,161.0837114924626,161.6757858854106,157.8375328543917,158.71543884277344,9246820.0
2022-01-13,159.32790758901987,162.32907671844694,158.12334772842465,161.0836944580078,8491424.0
2022-01-14,161.28788752038272,163.3090951458819,160.26707810569675,162.6966094970703,6915504.0
2022-01-17,163.73778199713496,165.1260799009109,162.7578077392372,163.5540313720703,9671610.0
2022-01-18,164.06443995251033,166.1468930897633,161.8390835045348,162.55364990234375,13220496.0
2022-01-19,161.696177258411,163.94195749811115,160.47120621857457,161.02244567871094,10347976.0
2022-01-20,161.2878591124381,162.32907954760464,159.3279103658716,160.4916229248047,6495234.0
2022-01-21,160.79786931482283,161.7165976469033,155.16300719581602,155.85716247558594,10310538.0
2022-01-24,155.7346317193281,156.7350296083575,151.12057963350526,152.34555053710938,10668074.0
2022-01-25,151.93726336338486,156.7146435572532,150.26313356783726,156.20423889160156,9905300.0
2022-01-27,157.20462646309903,157.30670738937377,153.12138941210947,156.0613250732422,11474790.0
2022-01-28,157.1842207285387,160.67538354412403,155.7142528468524,156.18382263183594,8089918.0
2022-01-31,159.24623155360112,163.24779854155383,158.40917301318788,162.12490844726562,13928184.0
2022-02-01,161.28787681676653,161.28787681676653,153.52972578001066,154.69345092773438,25515398.0
2022-02-02,157.20461344947424,157.44961014446255,154.8975871988542,156.02047729492188,11701576.0
2022-02-03,156.79632063457785,157.16380951885475,153.73389249718377,153.95846557617188,10658294.0
2022-02-04,153.9992959121911,155.16302106236918,152.73348982710354,153.38681030273438,8957710.0
2022-02-07,154.3463612674795,154.5096882580921,151.1206064739407,152.08016967773438,8189026.0
2022-02-08,152.87640815536795,154.55053800776815,151.34519410641386,154.10137939453125,6909612.0
2022-02-09,155.16300050838254,155.9796478794793,152.99888995939614,153.3663787841797,9292356.0
2022-02-10,154.23543324016887,154.56649430749945,152.49733106375783,152.97323608398438,12283058.0
2022-02-11,152.97322477690764,154.98031550081615,151.04890562829877,152.9318389892578,11262552.0
2022-02-14,151.0489159974371,151.40067627285418,149.20735566854,149.6832733154297,10196386.0
2022-02-15,149.82813092114404,153.01464791036486,147.57275017921134,152.6628875732422,11049572.0
2022-02-16,153.53190514441846,156.5942640689045,153.2422172528555,154.81478881835938,10889816.0
2022-02-17,155.58040007267238,156.1183775014596,153.53192326849972,154.35958862304688,5224320.0
2022-02-18,153.7181534013679,155.5804004536593,153.7181534013679,154.42166137695312,4420434.0
2022-02-21,154.35958843683792,154.35958843683792,151.0696136048133,152.60079956054688,6207542.0
2022-02-22,148.9797474247303,150.82130768762056,144.5517332134941,147.03472900390625,14106162.0
2022-02-23,148.3590416720043,149.31085195044827,147.40723139356038,147.77967834472656,5636142.0
2022-02-24,144.42760145296847,145.66909945972753,137.01999920514035,137.82696533203125,14094970.0
2022-02-25,140.70311373652103,141.32386276771155,137.45452461412296,139.192626953125,11679020.0
2022-02-28,138.7787776912771,145.37940069045274,137.39243582802183,144.75865173339844,19146282.0
2022-03-02,143.39300457906396,147.61410240621933,140.6203209395759,141.5721435546875,15469204.0
2022-03-03,143.76548677957783,146.49678530257907,142.0894692875309,143.35165405273438,12825706.0
2022-03-04,143.99309980911968,145.46220091175152,141.94462279582012,144.15863037109375,15557860.0
2022-03-07,143.59993653607793,143.59993653607793,137.3096748983912,139.8754425048828,19936000.0
2022-03-08,139.79267783201738,141.94461287479066,137.68214121330954,141.36524963378906,12880560.0
2022-03-09,142.5653518606015,143.8689222182533,139.75129481458586,141.7997589111328,13563906.0
2022-03-10,145.66909501477434,146.4967603273583,142.97918274887653,144.42759704589844,18109208.0
2022-03-11,145.2552744828535,150.51095470811822,144.94489996472777,149.80743408203125,16557604.0
2022-03-14,148.89698753493178,149.39359178366485,145.81394176399013,148.8349151611328,16449824.0
2022-03-15,149.4142930069846,149.60052277580166,144.05516705766442,144.96559143066406,12130866.0
2022-03-16,146.2898362971273,148.02793841371155,144.9034944457053,147.4485626220703,9444984.0
2022-03-17,148.81423216314425,151.5455303386065,148.09002498331864,150.71786499023438,22827672.0
2022-03-21,148.97975604734154,152.00072938218892,147.44857016963127,147.82102966308594,12369650.0
2022-03-22,148.50385106462275,152.99393790603676,147.61411338045713,152.45594787597656,14934378.0
2022-03-23,153.49055044001878,153.78023839024814,151.04893996370024,151.71107482910156,12475458.0
2022-03-24,151.46275361634557,152.20764735295447,149.31081873187682,150.05572509765625,9696758.0
2022-03-25,149.807417643616,150.86268583778008,148.19347285229503,149.10389709472656,7259104.0
2022-03-28,148.9797355482686,150.1591609805261,147.4485498812439,148.8555908203125,11624382.0
2022-03-29,149.8074341311579,149.97296468171163,148.13141678439777,148.3383331298828,11417328.0
2022-03-30,149.18668752931612,149.9729671291564,148.64871007394424,149.00045776367188,8247132.0
2022-03-31,149.39357569110828,150.84198985985861,148.48313887622604,148.71075439453125,11007364.0
2022-04-01,149.62118249865986,155.18723643029426,149.62118249865986,154.93893432617188,12772330.0
2022-04-04,154.93896556266878,157.77372217879767,154.02854116956658,157.33920288085938,14714720.0
2022-04-05,157.67022604691354,158.08405866120992,155.8286658616271,157.2563934326172,6622344.0
2022-04-06,156.84260447841123,159.92566336481423,156.20116879936384,159.6566619873047,11686350.0
2022-04-07,159.26350856010848,160.27739104310726,157.04950120828136,157.5874786376953,6693770.0
2022-04-08,158.41512092232756,160.07045139227526,157.71161305010133,159.1393280029297,8380548.0
2022-04-11,159.38764451510033,161.45680778968082,159.24280056004562,160.7119140625,4778320.0
2022-04-12,160.13255491675667,160.40154362341332,156.1183730109952,157.5047149658203,4891948.0
2022-04-13,157.2564383232499,158.89108266801597,156.30462809033094,156.8426055908203,6523924.0
2022-04-18,156.84257182035978,156.84257182035978,153.55259725425415,153.84228515625,5585346.0
2022-04-19,154.73203793859804,158.84967819385335,154.35959104903247,155.5390167236328,11592654.0
2022-04-20,157.17362740948653,162.34653527089893,155.74591241723846,161.37403869628906,17136378.0
2022-04-21,163.46391497927308,165.03647417297464,161.3947514985228,164.58126831054688,15955692.0
2022-04-22,163.4639078822158,164.39503140812715,162.01549350857593,162.80177307128906,8821478.0
2022-04-25,159.32554524270017,159.71869125016116,152.6214523132881,152.99391174316406,20815928.0
2022-04-26,154.52511878941488,155.35278414193363,152.76632991531255,154.29751586914062,6278956.0
2022-04-27,152.29041143524046,153.78021146424527,150.7592256164247,151.66966247558594,6163612.0
2022-04-28,153.82159982169804,153.82159982169804,151.1109884084583,152.84909057617188,6573278.0
2022-04-29,153.11808425696137,154.23543749104525,149.45566268876482,150.05572509765625,6718850.0
2022-05-02,149.02113184441043,152.26972049951627,148.00723685430742,151.6489715576172,6400476.0
2022-05-04,151.64899933187962,153.69746363781775,148.77285698931863,150.40750122070312,5737094.0
2022-05-05,151.48346596018223,152.6008193842922,149.02116879101047,149.39361572265625,3695092.0
2022-05-06,147.73826674670306,148.89699319893032,146.08293602685205,147.86241149902344,4697742.0
2022-05-09,147.2002815535385,148.27623636137687,144.7586587671517,146.2484588623047,5048780.0
2022-05-10,146.28985162128674,148.15209867162844,145.42080047195975,146.2691650390625,5909904.0
2022-05-11,146.91061818272615,148.75217887077022,142.66883272815448,143.64134216308594,7774130.0
2022-05-12,142.77226871949702,143.3723311324501,139.1305463371607,140.6824188232422,7716626.0
2022-05-13,141.2824811638589,142.89642616699294,139.04778711112166,139.44093322753906,4515592.0
2022-05-16,140.35132624635807,140.5582425500175,138.09594611397165,139.08914184570312,3884304.0
2022-05-17,139.04776961025013,141.92391156308258,138.28217668626442,141.7169952392578,9596420.0
2022-05-18,139.2339896948617,143.68269034849322,136.9785968699575,137.35104370117188,15314616.0
2022-05-19,136.48202204241025,136.5441070519459,134.08179738775505,135.17845153808594,10187938.0
2022-05-20,137.3924496501207,138.5718753130117,135.73711893144457,137.7235107421875,6393394.0
2022-05-23,137.72349790309698,139.10983977658262,135.32327363644274,137.43382263183594,8792862.0
2022-05-24,137.43382066584817,138.44770304451322,135.9440206534016,136.6061553955078,5891438.0
2022-05-25,137.55795026721952,138.01316864164633,134.55766399240113,134.97149658203125,8163646.0
2022-05-26,134.49561223378976,134.70252856030328,129.19855932671172,134.22662353515625,16061314.0
2022-05-27,134.33009511996096,136.15095644937665,131.68156840179523,133.3989715576172,9751704.0
2022-05-30,134.28870846343364,136.89584936960674,133.25412673413138,136.21302795410156,7101016.0
2022-05-31,136.5647770654515,136.85446497756155,134.49561377658102,134.99221801757812,20841502.0
2022-06-01,135.73711970978718,137.33037806148326,134.1231747756575,134.90945434570312,13381064.0
2022-06-02,135.3232520312698,138.32353820015882,133.4816920207673,136.29576110839844,16113808.0
2022-06-03,136.81308947540535,137.39245271402783,135.3646750642635,135.7991943359375,9938986.0
2022-06-06,135.53018891751807,135.69571944685055,131.72292359702215,132.15745544433594,9345428.0
2022-06-07,131.4125691410663,133.5024318584633,131.18496620720202,132.52992248535156,7910152.0
2022-06-08,132.8402930026744,134.45423796191935,132.09539921507564,134.0404052734375,5381610.0
2022-06-09,133.66793267777464,138.447694259012,132.21951854659133,137.7441864013672,13918892.0
2022-06-10,136.87516426247774,137.4752267236115,135.15776109915322,136.97862243652344,5453434.0
2022-06-13,135.69573745749932,135.69573745749932,131.30910838752553,131.57810974121094,7503680.0
2022-06-14,131.3091097860891,132.73683764327387,128.970957572455,130.06761169433594,10098392.0
2022-06-15,131.1229072899979,131.1229072899979,127.46048498457405,129.9434814453125,9987308.0
2022-06-16,131.5988027786909,132.343696610675,128.4122858358399,128.97096252441406,8720718.0
2022-06-17,127.87428255809898,128.90886413219363,124.04633073394876,124.5636215209961,13905510.0
2022-06-20,125.80513445774369,126.01205079731234,121.66680766637053,122.5151596069336,7456818.0
2022-06-21,122.76346932651364,125.16370659133725,121.39782645263799,124.64641571044922,5603658.0
2022-06-22,125.4533830860201,127.21217209756679,122.80485627681948,126.59142303466797,13204868.0
2022-06-23,127.64669819845516,128.49505016073022,125.61890791544786,127.41908264160156,8697024.0
2022-06-24,127.54323993790067,128.47436348914667,126.38450082995831,127.27423858642578,6549900.0
2022-06-27,128.2881062825521,130.62625795186807,127.60528501688192,130.35726928710938,5569614.0
2022-06-28,129.1157935168826,132.21953855334613,129.1157935168826,131.8470916748047,6481036.0
2022-06-29,129.77791916095265,132.36437317552372,129.77791916095265,130.9366455078125,4503176.0
2022-06-30,130.77111479507852,131.4953219181525,127.10869338969881,127.62598419189453,9158568.0
2022-07-01,127.66736784719413,132.11606867169115,126.50864152131861,131.74362182617188,8833390.0
2022-07-04,130.8125116794193,131.78502099586066,129.38478389260416,130.9159698486328,4431040.0
2022-07-05,131.51603590718915,132.98514966909784,129.17788351981554,129.57102966308594,6138608.0
2022-07-06,131.01941075644305,133.25410439120708,130.56419234604294,132.96441650390625,8353864.0
2022-07-07,134.45423548015052,136.56478467828552,133.70934170630105,136.3164825439453,9279814.0
2022-07-08,136.56476941074712,137.49589283854766,134.288689920568,134.6197509765625,5034654.0
2022-07-11,135.0543084919486,135.0543084919486,130.5642210274522,130.72975158691406,11830842.0
2022-07-12,130.35727850926693,130.564194824361,127.48113667779145,127.72943878173828,10690702.0
2022-07-13,129.11580521588166,130.52283390073313,128.0812234433185,128.49505615234375,9645842.0
2022-07-14,128.7019532297048,129.40547378134232,125.86719707164096,126.69486236572266,11835382.0
2022-07-15,127.46046428763849,129.59170004453588,126.67418472858141,129.1571807861328,10024354.0
2022-07-18,129.73654438568343,130.87458424871576,128.143286051604,130.6883544921875,7029760.0
2022-07-19,130.3159121049613,131.51602438519024,129.32271617060536,130.9987335205078,5009030.0
2022-07-20,132.1781590148385,132.77822146861726,130.87458856367496,131.22634887695312,6723570.0
2022-07-21,131.5781178303345,134.08180072428888,130.77113897801013,133.5438232421875,7298344.0
2022-07-22,134.57837282327463,134.66113176961784,131.8263758021004,132.5505828857422,6293178.0
2022-07-25,132.55059487880004,132.79889699863438,130.58488975963138,131.2470245361328,6529228.0
2022-07-26,131.1228689403995,132.07467892030348,130.00551580819103,131.78500366210938,4397264.0
2022-07-27,131.59879511038085,134.51631051634809,131.41256534865042,134.33009338378906,6514864.0
2022-07-28,133.19204045851583,136.10955557905658,133.19204045851583,134.9301300048828,6933530.0
2022-07-29,135.34394784796447,137.04066404720749,134.578367635249,136.68890380859375,9605766.0
2022-08-01,136.97861043322175,138.7167126565502,135.65434086981242,138.2821807861328,6221584.0
2022-08-02,138.84084308737917,141.32383879087925,137.51657366051143,138.6959991455078,7663472.0
2022-08-03,138.69603235048436,139.60646937806823,136.68894115047374,138.17874145507812,4079330.0
2022-08-04,139.42023123542438,139.77199154902084,136.4406434342361,138.19943237304688,5023836.0
2022-08-05,138.63393942115485,139.56506289487902,137.47521303885512,139.2133026123047,5115246.0
2022-08-08,136.3578609215587,136.56477725072648,132.50922225070644,134.7646026611328,18945812.0
2022-08-10,135.44743439979953,136.66824588709852,134.90945695441067,135.86126708984375,5743378.0
2022-08-11,136.54407746415865,137.22689875854184,135.40603776379695,135.88194274902344,3377190.0
2022-08-12,135.88197493114336,138.40635702656022,135.65435935966127,138.17874145507812,5285940.0
2022-08-16,138.40633798301175,143.70339097147271,137.8269621565362,143.14471435546875,10721280.0
2022-08-17,143.84825303423747,147.01407075118007,143.5999508815186,146.14501953125,14146800.0
2022-08-18,146.31053303863212,146.31053303863212,142.95849856968343,143.62062072753906,7118970.0
2022-08-19,144.2101933088151,144.547078664798,141.9151216607048,142.44151306152344,7463376.0
2022-08-22,141.97827508079172,142.104616718031,139.7253174892158,140.50437927246094,4227956.0
2022-08-23,139.36740572658508,141.05185837001815,139.22001355001393,140.5254669189453,3118316.0
2022-08-24,140.2306775245229,140.73601843992736,138.14616231267107,138.77783203125,5188148.0
2022-08-25,138.9673301818859,141.07289579070235,138.25143273434725,138.8831024169922,6420988.0
2022-08-26,140.6096555243665,140.6096555243665,138.25141969464738,138.58831787109375,4127464.0
2022-08-29,136.8617398929471,137.99875025721323,136.04056431304932,137.36708068847656,3250026.0
2022-08-30,137.3881652384118,138.9252256662107,137.36711472144538,138.39883422851562,6339262.0
2022-09-01,137.07231344236894,140.23066167836822,136.52487155533646,139.53582763671875,6741662.0
2022-09-02,140.02011569948525,140.69389927763302,134.96675814040609,135.57737731933594,9679250.0
2022-09-05,135.5984239115726,136.9038771468303,135.28258907326926,136.75648498535156,4784578.0
2022-09-06,137.28287691397213,137.47238295822876,135.19836183255947,136.54592895507812,5099528.0
2022-09-07,136.1669123753993,138.12508556079283,135.53524277679813,137.64080810546875,5529460.0
2022-09-08,138.9673286366406,143.53640852723697,138.81993647539184,143.11529541015625,17335416.0
2022-09-09,143.810122739265,143.83117325359095,141.5150512182587,142.54678344726562,6934262.0
2022-09-12,142.5467797230383,145.28401478418968,142.4204509376796,144.27334594726562,5406378.0
2022-09-13,144.46284694579492,145.53669308488247,143.19950761841113,143.62062072753906,10351084.0
2022-09-14,141.3676662484353,143.51533267766186,141.2202741000067,141.55715942382812,6863114.0
2022-09-15,141.80984251769104,142.75734703339944,139.11472113216874,139.556884765625,4993238.0
2022-09-16,139.55686380908364,139.6410915605951,134.81934194195108,135.30361938476562,11937446.0
2022-09-19,135.9984978037218,136.73544582093982,134.35614622712447,135.1352081298828,5473706.0
2022-09-20,135.8300400796299,137.66188483470214,135.53526858828994,135.97743225097656,5591400.0
2022-09-21,136.2300976371832,136.44065420231024,134.04030421932106,134.77725219726562,4507332.0
2022-09-22,134.33507913651826,134.73514172276342,131.8926282927587,133.00857543945312,5353540.0
2022-09-23,132.86117244138072,133.40861428712813,130.96616364269224,131.36622619628906,5516760.0
2022-09-26,131.38730590834936,133.05070803074338,127.55517358241843,128.39739990234375,10934478.0
2022-09-27,129.28172632141903,131.38729189668643,128.56582888528715,130.81878662109375,6266672.0
2022-09-28,130.54506339278876,130.54506339278876,128.52372561628,128.86061096191406,4451088.0
2022-09-29,129.51333405889312,130.01867494009196,127.386717957499,127.70255279541016,6532502.0
2022-09-30,127.84994236613507,130.08183670160895,126.69188131725949,128.3552703857422,11182546.0
2022-10-03,129.0080143934608,131.07146623132996,128.35528130864543,130.03973388671875,7084402.0
2022-10-04,130.96616414487977,132.31373110298804,130.65032934388728,131.15567016601562,4266520.0
2022-10-06,131.82945394063117,132.56640188310698,130.29239365945207,131.45045471191406,6973606.0
2022-10-07,130.629289189606,130.92406064976305,128.94483678407323,129.45016479492188,6436838.0
2022-10-10,128.8605889086307,129.11325930029014,127.21825063986911,128.29208374023438,4731232.0
2022-10-11,128.94483761609013,128.94483761609013,125.97598252137091,126.22865295410156,5305338.0
2022-10-12,126.77608440005152,130.22921670960986,126.06019989289499,127.38670349121094,14791710.0
2022-10-13,128.03944805440426,128.54478897469878,126.12338836338175,126.46027374267578,6058154.0
2022-10-14,127.59726528796409,128.43949146148202,125.11270064635656,125.42853546142578,5155460.0
2022-10-17,125.44960119258654,126.06022038299733,122.77553019702508,124.88109588623047,5344642.0
2022-10-18,125.51275205453943,125.61803032764385,123.82829968486884,124.54419708251953,6574926.0
2022-10-19,125.13376389018438,125.89177523427496,122.85975556061831,123.0281982421875,6029504.0
2022-10-20,123.0071659732551,125.91284442825149,121.30164983456794,125.11273193359375,10261122.0
2022-10-21,125.74437739874652,126.6076541349584,125.21798601048265,125.63909912109375,4378164.0
2022-10-24,126.33394540991272,127.07089342480387,126.14443935125645,126.6497802734375,785990.0
2022-10-25,127.04982616241162,128.43949423821886,125.21798162513716,127.42882537841797,5684662.0
2022-10-27,127.42882985745854,129.113282300118,127.40776649111395,128.69216918945312,6769606.0
2022-10-28,129.0711616899434,129.91338786736554,127.218266669885,127.72359466552734,4980844.0
2022-10-31,128.37632012640557,128.86059757971933,126.9234749151135,127.87097930908203,8168120.0
2022-11-01,127.87098718089736,128.7763777539335,127.26038091133884,128.165771484375,6729148.0
2022-11-02,128.22895832070935,128.8185141794993,127.80784515709453,128.52374267578125,4907332.0
2022-11-03,128.52374230447936,129.5765252104749,127.80784478786083,128.48162841796875,4588148.0
2022-11-04,128.67109487685764,128.67109487685764,125.82858162168685,126.90242767333984,7678230.0
2022-11-07,127.38671870073837,130.60823149595763,127.17616214090243,130.43978881835938,7732442.0
2022-11-09,131.00828223221686,131.32411704335945,128.83955243264134,129.2185516357422,5580594.0
2022-11-10,128.8606114863569,129.68178719029123,128.1026130299192,128.65005493164062,2795742.0
2022-11-11,129.30278625466724,130.7766822647087,128.6290155025881,130.08184814453125,4580064.0
2022-11-14,130.33449694105045,130.54505347891967,129.30276476495075,129.55543518066406,2600014.0
2022-11-15,129.61862111396184,130.37663248708088,128.73429378901963,130.08184814453125,4035358.0
2022-11-16,130.081844590096,130.4187428082833,128.77639130374533,129.0501251220703,2926810.0
2022-11-17,129.28174122974636,129.61862662009665,128.25000883834852,128.52374267578125,3816246.0
2022-11-18,129.1764482853507,129.1764482853507,127.34460366115593,128.0605010986328,4065720.0
2022-11-21,128.71321342003642,130.94512050839893,128.14470817812563,130.67138671875,7671706.0
2022-11-22,130.65033354265165,131.11356050259772,128.75532467579612,129.2185516357422,7471030.0
2022-11-23,128.90271254897235,130.86088574283468,128.90271254897235,130.60821533203125,5713460.0
2022-11-24,131.15566729925678,135.5984049289026,130.77665526526937,135.1772918701172,16914922.0
2022-11-25,135.17731206035452,137.3881559491921,133.2401891303406,136.63015747070312,8593556.0
2022-11-28,137.70398791082974,143.97857072242888,137.70398791082974,143.49429321289062,26418498.0
2022-11-29,143.81012887950394,144.16807759779076,141.57823450888424,142.7783966064453,10055668.0
2022-11-30,142.77839488359407,144.75763164222502,141.4097772753403,143.66273498535156,10029732.0
2022-12-01,144.02069508154167,144.75764308268992,141.93617988060964,142.5889129638672,4289334.0
2022-12-02,142.9678943408279,144.5891823108396,142.46255349127696,143.6416778564453,5595618.0
2022-12-05,143.55748267302786,143.93648197051573,142.12570040954338,142.50469970703125,4976546.0
2022-12-06,143.1363409964604,143.64168186009647,138.16721152656456,138.35670471191406,10051146.0
2022-12-07,139.28315412832498,141.91511093347097,139.17787585611916,140.79916381835938,14328596.0
2022-12-08,141.80984603870473,142.0414531188653,140.04116575825995,141.38873291015625,5220452.0
2022-12-09,143.17846177706164,143.17846177706164,141.00973176453257,142.52574157714844,10392346.0
2022-12-12,142.3151658426965,147.32640875949735,140.9044345008559,146.9684600830078,13477930.0
2022-12-13,146.96845479488334,146.96845479488334,145.32611646629945,145.76828002929688,7750970.0
2022-12-14,145.99992817499037,147.726481737119,145.57881504249988,146.8632049560547,9635850.0
2022-12-15,146.86320404683283,148.00021463805913,145.7051429396535,147.03164672851562,5908812.0
2022-12-16,147.03163971567164,147.81070153906822,143.5153426785886,143.9154052734375,9481326.0
2022-12-19,144.21019675347344,144.8418664495441,141.36768312115547,143.7259063720703,5444230.0
2022-12-20,143.8732929725397,144.06279901457125,140.7570584960758,143.2837371826172,5614312.0
2022-12-21,143.59957133810306,144.42074704787947,139.85166720776027,140.6938934326172,5170900.0
2022-12-22,140.65176967055254,141.4518819576896,136.73542314062564,138.08297729492188,6135896.0
2022-12-23,136.86175574917462,138.50409424789436,135.66158085925764,136.90386962890625,5802076.0
2022-12-26,136.01952955994892,138.29353770058793,135.66158085925764,136.90386962890625,3377562.0
2022-12-27,137.0301817764965,138.25140703230397,135.89318426992412,137.28285217285156,2819074.0
2022-12-28,137.28285453567378,137.5355249363776,135.66156672012042,136.4827423095703,9481554.0
2022-12-29,136.48273974603245,138.12507804273395,134.81933808638018,137.78819274902344,6195112.0
2022-12-30,138.12510415681732,140.23066976896393,137.93559811118308,139.17788696289062,4199128.0
2023-01-02,138.98838541900133,140.94657178280417,137.93560257882908,140.588623046875,4405586.0
2023-01-03,140.58860472615117,142.33622144282685,139.64110029346963,141.85194396972656,5264652.0
2023-01-04,142.56786601011876,143.5153706921125,140.7149705356019,141.620361328125,5848474.0
2023-01-05,141.91511785614796,144.42074599741312,141.32556207330683,144.16807556152344,7428290.0
2023-01-06,144.02067386563942,145.93673324582596,143.2837259730521,145.15768432617188,7364410.0
2023-01-09,146.48422316496718,147.11589293898484,145.32616191260146,146.02099609375,4519436.0
2023-01-10,146.54735680526164,146.96846989952965,144.526019093316,146.2736358642578,4762962.0
2023-01-11,146.9052922102233,150.7584741037788,145.64195304175587,148.44235229492188,14348024.0
2023-01-12,149.05298581386086,149.05298581386086,144.61023492999277,145.30506896972656,5863672.0
2023-01-13,145.45246491229614,147.87386528295266,144.04173343042584,147.43170166015625,5433700.0
2023-01-16,148.23182339177748,148.40026607536117,144.9050321984258,146.9474334716797,5698298.0
2023-01-17,147.68438827770473,147.95810925758843,145.47354421876517,146.7158203125,3477566.0
2023-01-18,146.88425741875884,147.0948139877945,144.39969247440825,145.7261962890625,4099580.0
2023-01-19,145.68409189469006,147.34748104087762,144.86291615385818,147.24220275878906,3279112.0
2023-01-20,147.05269870115123,147.81069713566518,145.51562561509775,145.85252380371094,3993550.0
2023-01-23,146.1262489750729,147.38958830338765,145.68408535070364,147.2211456298828,3362750.0
2023-01-24,147.38959712250602,148.42132944290475,146.48420645330978,146.9474334716797,4752342.0
2023-01-25,146.84217194051473,147.60017052879417,145.5788323924794,146.02099609375,3866394.0
2023-01-27,146.08412412188895,147.2000712078142,139.59898529389096,141.72560119628906,5251902.0
2023-01-30,141.87301929009575,142.862637774204,139.93589620763242,141.11502075195312,6395210.0
2023-01-31,144.42074457323483,148.02125648226254,143.70484715383242,144.5470733642578,17988324.0
2023-02-01,144.54706003902456,145.1576791258332,138.9673119093317,140.94654846191406,8358226.0
2023-02-02,140.86232324011786,141.49399285106009,138.7567578703104,139.89376831054688,9029328.0
2023-02-03,139.78849570540635,140.12538103768355,135.68264306793853,137.57765197753906,5653818.0
2023-02-06,136.46169142420874,140.92549274030947,136.46169142420874,140.54649353027344,6611800.0
2023-02-07,140.65177297347063,141.57822691802818,139.62004075572932,139.87271118164062,3480708.0
2023-02-08,139.7253259368172,141.4097783910349,138.56726487454253,140.7360076904297,2499180.0
2023-02-09,139.85168329130133,142.20991956237836,139.53584842065763,140.5254669189453,4275406.0
2023-02-10,140.6938777928475,141.40976229358554,139.6200317647141,140.65176391601562,2551682.0
2023-02-13,140.65179296925652,142.20991677442743,139.8306171811401,141.03079223632812,3587566.0
2023-02-14,140.23066091869018,140.96760883643103,139.17787817906037,139.45159912109375,2385346.0
2023-02-15,139.45159912109375,140.08326876487163,138.3356519873565,139.45159912109375,3529300.0
2023-02-16,139.45159856949604,140.29382475786846,136.35641475695698,137.1565399169922,7507670.0
2023-02-17,137.15654881011727,140.2306694564596,137.0933715608116,139.6832275390625,6702378.0
2023-02-20,140.16748623520166,140.4201566444352,137.26180865739303,137.3460235595703,3546252.0
2023-02-21,137.682956022299,138.35672681297234,135.66160509621687,136.1248321533203,2962498.0
2023-02-22,135.8089706581759,136.01952720183198,133.15596334864983,134.94569396972656,8178548.0
2023-02-23,135.59842740452916,136.29326149642466,133.91397489018718,134.98780822753906,5490782.0
2023-02-24,135.093105161551,135.66161053390366,133.3244374881094,133.7244873046875,3794754.0
2023-02-27,133.99818952327416,135.24046542003416,132.50323035250503,134.94569396972656,3962002.0
2023-02-28,133.55603101973986,135.45104016732,132.25057770335843,133.6402587890625,7852658.0
2023-03-01,133.40864710986173,135.17732756432915,132.88225564738383,133.02964782714844,6991434.0
2023-03-02,133.36654748882782,135.53527776697402,132.44009336449633,135.19837951660156,6768720.0
2023-03-03,135.89318832624693,136.3985162826905,134.86145619839655,135.34573364257812,4226202.0
2023-03-06,135.76686584183938,137.49343218534077,135.24047444756164,136.67225646972656,3629924.0
2023-03-08,136.41959111312352,137.89348693316995,135.93530077688408,137.32498168945312,4785062.0
2023-03-09,137.32499064178225,137.66187599635688,136.25114447778964,136.79859924316406,3895532.0
2023-03-10,136.86177614464088,138.0830017307377,134.98781745381123,137.30393981933594,3517038.0
2023-03-13,137.28287145619834,137.53554188804455,135.28258421872306,135.85108947753906,3910894.0
2023-03-14,136.52485459682765,138.50407820139242,135.53523636887013,137.36708068847656,5894652.0
2023-03-15,138.54621653160274,140.39911169002238,137.85138245361446,139.09365844726562,5511946.0
2023-03-16,141.07288944070038,148.54764701554345,140.7149407330431,147.76858520507812,36574630.0
2023-03-17,147.81071380651213,149.47411586880764,145.4735409937026,147.97915649414062,23389012.0
2023-03-20,149.4319856312111,152.02182861772468,147.60014108175207,151.4533233642578,18492346.0
2023-03-21,151.68494394281495,152.27449971325302,149.8109855050223,150.99009704589844,10250562.0
2023-03-22,150.88480260912056,151.17958688844047,147.70540418139413,148.14756774902344,11934054.0
2023-03-23,147.389597286244,148.08443138889427,146.33681444848511,146.69476318359375,5146176.0
2023-03-24,146.50525167058177,147.28431351175072,144.86291307517442,145.4524688720703,5875488.0
2023-03-27,144.90502088656913,146.0841324309619,144.31546511437276,145.22085571289062,4245926.0
2023-03-28,144.0206860416093,144.3996852767115,141.22028638329297,143.11529541015625,6854316.0
2023-03-29,143.17845980744787,144.18912871817113,141.62033613370818,143.11529541015625,5971840.0
2023-03-31,145.2419282821952,145.87359803075623,143.57853898846352,144.9892578125,10137510.0
2023-04-03,142.33622915033035,142.33622915033035,138.60937560970365,138.94627380371094,18864744.0
2023-04-05,139.7674367029563,140.1885498071239,137.7039850628055,138.14614868164062,8249158.0
2023-04-06,138.67254449556447,140.4412247301584,138.56726621615655,139.80955505371094,4767830.0
2023-04-10,139.80955013016774,141.83088788307515,139.64110745931745,141.40977478027344,4930618.0
2023-04-11,141.5571800849458,142.96791168063658,141.13606694302933,142.79946899414062,2729894.0
2023-04-12,142.79945415860496,142.8626185530596,141.1150017659381,142.04144287109375,4260174.0
2023-04-13,142.7152405076354,142.7152405076354,139.24105710429305,139.9148406982422,8347294.0
2023-04-17,139.9148153132056,141.4939893009393,139.09363969904376,141.36766052246094,2905562.0
2023-04-18,141.36767479613155,142.3572803139496,140.146436507897,140.98866271972656,5806422.0
2023-04-19,141.05183353832493,144.56811753137865,140.5254421799215,144.0206756591797,9852864.0
2023-04-20,144.84183526684924,145.2839988183651,143.74693879244083,144.73655700683594,4865018.0
2023-04-21,144.77868590398697,146.92636539202098,144.27335786944238,145.78936767578125,6552688.0
2023-04-24,145.7893666182527,146.4631373260914,144.3365212203515,146.21047973632812,4245824.0
2023-04-25,145.389287583605,146.77895557565228,145.389287583605,146.3367919921875,3084392.0
2023-04-26,146.04200619695854,147.17901661607803,145.32612169533036,146.9684600830078,2639794.0
2023-04-27,147.38958861892104,150.12682383612957,146.90531111230075,149.7688751220703,7271052.0
2023-04-28,149.91625860643052,150.8848135636281,148.42131229176653,150.5900421142578,6742936.0
2023-05-02,150.8848251429361,153.66417429392374,150.75849634798996,152.06394958496094,6425960.0
2023-05-03,152.9693237218184,154.8853830628589,151.53754184431386,151.93759155273438,8712958.0
2023-05-04,153.20093218446604,155.45388971539816,152.08498510132435,155.11700439453125,8282286.0
2023-05-05,154.5906471479291,155.664480589989,153.3062442696913,153.89581298828125,3300230.0
2023-05-08,153.8957877599465,155.2644053369422,152.63244845810434,154.84329223632812,2400728.0
2023-05-09,154.06423678855404,155.81185365796068,153.57995927313087,154.56956481933594,4179678.0
2023-05-10,154.96960747661407,157.0751727955898,153.87471094047652,156.71722412109375,5561956.0
2023-05-11,157.13833630068018,157.8752841581749,156.44350231959814,156.8856658935547,3387368.0
2023-05-12,156.61197994321574,156.61197994321574,151.17962280812486,152.40084838867188,7791814.0
2023-05-15,152.44293725791096,153.22199903792475,150.0636508903161,150.33737182617188,4809530.0
2023-05-16,150.8637568559262,154.25371191828938,150.33736552007161,152.5692596435547,7572742.0
2023-05-17,154.4432394381988,155.60130053828073,153.26412782229286,153.60101318359375,7759756.0
2023-05-18,154.12738672919428,154.12738672919428,151.64282213634365,151.89549255371094,3426890.0
2023-05-19,151.64282061841567,152.65348942641688,150.59003793271626,151.72703552246094,2315526.0
2023-05-22,152.421882502836,152.7587678219995,150.9900877680134,152.2744903564453,3206888.0
2023-05-23,154.5485238641047,156.23297644028025,153.70629757601696,154.3800811767578,11943178.0
2023-05-24,154.35898916830496,155.43283519718275,152.37976546934445,152.99037170410156,3750960.0
2023-05-25,152.8640429248693,153.36938374450014,151.74809587048134,152.99037170410156,3352570.0
2023-05-26,153.70629862561157,154.54852491945053,152.9061862167352,153.41151428222656,2185592.0
2023-05-29,153.41148832994674,154.6748275569889,152.02182032074083,152.3166046142578,2341038.0
2023-05-30,152.8640463464133,153.28515942174778,151.60070712040988,151.76914978027344,2722688.0
2023-05-31,151.76914713864164,154.31688891088095,151.68493223585128,153.07460021972656,23214480.0
2023-06-01,153.83260422172197,155.34861389219523,153.32727623246515,153.5167694091797,3537282.0
2023-06-02,153.53782198350194,154.46426299103805,151.22170018763586,151.6217498779297,6932474.0
2023-06-05,151.64282419929663,152.44293648905173,149.49514489948444,150.25314331054688,5858136.0
2023-06-06,150.35843038005268,151.1796060828822,149.3267109741424,149.97943115234375,4213074.0
2023-06-07,150.33739084742945,155.6013050927876,150.23211256252227,155.01174926757812,12830856.0
2023-06-08,154.801184853849,154.801184853849,151.72705137951706,152.06394958496094,7164382.0
2023-06-09,152.06395948636273,153.28518503865277,151.0953915404164,151.36912536621094,3085970.0
2023-06-12,151.8112599847252,156.86461676646363,151.68493120572208,156.5066680908203,9434298.0
2023-06-13,157.70684954613682,158.71751837482708,156.82250950177604,157.32785034179688,7974634.0
2023-06-14,157.28574269845168,159.39130819642293,156.19084606923624,157.30679321289062,6714368.0
2023-06-15,157.95952875445758,160.2124864435907,157.07518866089526,159.55975341796875,12210880.0
2023-06-16,158.7596580686681,159.47555556654834,157.6647613048204,158.67543029785156,4278588.0
2023-06-19,158.75963826144513,159.47553567000833,157.55946335949008,157.8121337890625,3034770.0
2023-06-20,157.9174154377562,157.93846595260703,156.44351956033714,156.8435821533203,2415876.0
2023-06-21,156.84360272966916,157.8121578642115,156.38037568001045,156.99098205566406,2680298.0
2023-06-22,156.40139566443412,159.4755288655878,156.29611739421688,157.24362182617188,4024128.0
2023-06-23,155.8960674564835,156.23295278015897,150.8848115201898,151.43226623535156,10934896.0
2023-06-26,152.37978595593145,152.80089907845644,149.7688794557356,150.88482666015625,5281280.0
2023-06-27,152.02182885444373,153.15883936314793,150.75848955648436,151.74810791015625,6784532.0
2023-06-28,151.83233927722645,154.46429643326874,151.26384681260396,153.87474060058594,7166772.0
2023-06-30,154.06423355996208,155.306509521201,152.12711068751156,153.5799560546875,8391660.0
2023-07-03,153.79049991888755,160.00191776658912,153.03248867412003,158.04373168945312,12429962.0
2023-07-04,158.04373840744037,159.32814104982972,157.1383478292211,158.61224365234375,5390328.0
2023-07-05,158.61224809822681,163.0128851768688,157.9174140466918,162.78126525878906,12565366.0
2023-07-06,162.78125083707977,167.2450519155967,162.12853072405576,165.62376403808594,13080534.0
2023-07-07,165.4974450634885,167.56089664286472,163.9393214834188,164.92893981933594,6527978.0
2023-07-10,165.07633139844623,165.5606088820234,161.7495405553295,162.63388061523438,7264538.0
2023-07-11,163.3918576539594,164.9710315359242,162.2969611921938,164.6130828857422,6249314.0
2023-07-12,164.444661762993,165.39216621617285,162.14959028030557,162.63388061523438,3379704.0
2023-07-13,162.8444188556732,163.24446853568125,159.45445114898303,159.8334503173828,4556112.0
2023-07-14,160.0229563272578,160.7599041524491,158.17006150847538,159.8334503173828,6358916.0
2023-07-17,160.02298551208455,161.62321022666438,159.60187239231593,160.7599334716797,3944706.0
2023-07-18,161.68637599622627,163.26555008323976,159.34919063663537,159.580810546875,4545860.0
2023-07-19,160.02298162977442,162.33910373231063,159.41236248038308,161.9390411376953,4894862.0
2023-07-20,162.52862332006538,163.85512715545738,161.3916126889561,163.370849609375,5790108.0
2023-07-21,163.37084526803613,165.49746145148993,162.54966951723947,164.50784301757812,4677570.0
2023-07-24,164.4025501423746,165.03421978650618,163.24448912813338,164.0446014404297,2997768.0
2023-07-25,163.30763430816899,164.613087322717,161.83373864527448,162.71807861328125,4256186.0
2023-07-26,163.3497641263202,166.33966961885343,161.60214738287343,163.05499267578125,12787834.0
2023-07-27,164.23410374157982,164.92893776406234,152.9272147983315,159.70713806152344,16459384.0
2023-07-28,159.9387676679665,159.9387676679665,156.6962041554359,157.26470947265625,7259444.0
2023-07-31,157.36997490186516,159.37026218141102,156.50668531251296,158.97019958496094,10035348.0
2023-08-01,158.97019958496094,159.93875460083171,157.60158197264008,158.97019958496094,9122844.0
2023-08-02,159.0965379066476,159.4755500107646,154.7590777391262,155.432861328125,9528240.0
2023-08-03,155.58025420129644,156.54880927956623,153.41151125635446,154.96963500976562,6404888.0
2023-08-04,155.0327761141156,156.16978655805914,151.62175763363615,151.76914978027344,6557502.0
2023-08-07,152.864069128387,153.05357518107087,150.80061732199343,151.87445068359375,4002256.0
2023-08-08,152.65350113410088,153.22200639825004,150.0847086137118,150.69532775878906,6307980.0
2023-08-09,151.60071575512396,152.31661316450834,150.7795400709096,151.74810791015625,6443716.0
2023-08-10,152.37977421437805,153.70627787784807,151.4112063963916,152.71665954589844,8137376.0
2023-08-11,152.99342750956376,153.93021409334324,151.97148677841975,152.24826049804688,5578802.0
2023-08-14,152.43987801527462,152.82310415995218,149.5869477260548,151.82244873046875,5111068.0
2023-08-16,151.90761452171176,153.9302106505923,150.80050667328305,152.3972930908203,3864088.0
2023-08-17,152.86570265492233,153.41925014075795,150.88568988520873,151.9927978515625,4778606.0
2023-08-18,151.99278669659273,152.58891771328385,149.9063086461515,150.26824951171875,4777304.0
2023-08-21,150.2682824977528,151.11990213559181,149.31021040518397,149.90634155273438,5180764.0
2023-08-22,149.92760998030204,151.0347178879335,147.54307287033004,147.71339416503906,8015338.0
2023-08-23,148.67145819385172,148.79920890412978,146.58499320612128,146.81918334960938,6414210.0
2023-08-24,147.94761707900736,150.2469873514424,147.394056553904,149.56568908691406,8741756.0
2023-08-25,149.5869877006138,150.80054831196375,148.60763029197895,149.139892578125,5113762.0
2023-08-28,151.26890636179436,152.39729954571166,150.01276246225444,151.29019165039062,10985570.0
2023-08-29,151.58826670927266,152.69537462687228,151.077289825863,151.9289093017578,6253738.0
2023-08-30,150.39600117383597,151.07728634310067,149.11857198944216,149.86373901367188,9709432.0
2023-08-31,149.45920761649955,149.88501732480867,144.3920746865573,145.00949096679688,13575650.0
2023-09-01,145.22242471809417,146.86179502023123,145.00951982157463,146.56373596191406,9980752.0
2023-09-04,146.75531304594793,148.5011354450989,145.9675624883782,146.776611328125,6898572.0
2023-09-05,147.28758637217507,150.1405168262099,147.0108126402898,149.1185760498047,8363178.0
2023-09-06,149.01214180515,150.67279739386402,148.20309280516304,150.37472534179688,6751054.0
2023-09-07,150.73663803872324,151.69470989066429,150.3746971846093,150.99212646484375,7249346.0
2023-09-08,151.0560060880859,155.2076510757077,150.75793407058893,154.12184143066406,10344130.0
2023-09-11,155.50571971610188,157.017339070638,153.58957591727375,154.88829040527344,10452850.0
2023-09-12,155.42055614695775,155.63346101839193,147.7772660645975,148.35211181640625,18168222.0
2023-09-13,149.28888964364958,151.6521283793143,147.8411392022207,151.41793823242188,9713718.0
2023-09-14,152.43988951573388,154.24958094154917,151.6308535948941,152.75924682617188,10116738.0
2023-09-15,152.41862189302034,152.674097375237,149.5656910578861,149.9915008544922,12383408.0
2023-09-18,149.99147513890853,153.75989379172515,149.31017698220856,153.44053649902344,10007488.0
2023-09-20,150.73664623274314,151.92890829320848,149.5443841722778,150.1192169189453,18292152.0
2023-09-21,150.31084891526655,152.65280265190668,149.7998719930355,151.2689208984375,9879542.0
2023-09-22,151.3753583506652,152.22697780692775,149.60825057785678,149.86373901367188,3982102.0
2023-09-25,150.48116764743892,150.52375122267608,148.20308281641945,149.8424530029297,4959752.0
2023-09-26,149.84244486661188,151.0985887971456,149.41663512672685,149.73599243164062,3788360.0
2023-09-27,149.7359828613178,150.39599571276435,147.58564901020895,148.6075897216797,5969046.0
2023-09-28,147.77725988377287,149.03340377056887,145.6269259700987,146.45726013183594,9701978.0
2023-09-29,147.22370673180254,148.24564743339076,146.90434945038865,147.5856475830078,2669870.0
2023-10-03,148.39469576161048,148.69276778023837,145.13725381943837,145.35015869140625,10514554.0
2023-10-04,145.35015869140625,146.8830763685114,144.58369335551262,145.35015869140625,6049760.0
2023-10-05,147.11727633747967,148.07534832520565,145.96758475433526,146.67018127441406,7115506.0
2023-10-06,146.90436932245177,148.6076083870599,146.47855955629976,147.84115600585938,3717076.0
2023-10-09,145.20110877541933,145.47788248353308,143.1359291161876,144.77529907226562,8740080.0
2023-10-10,144.796612169695,145.88243491809246,144.43468424824593,144.94564819335938,3572978.0
2023-10-11,145.71210673878144,147.03210661415392,145.41403470549443,145.8611297607422,4799512.0
2023-10-12,146.86178871632282,149.18245718664653,146.4998478088389,148.47987365722656,7703802.0
2023-10-13,147.79855819683593,149.28889223484416,147.77725991376974,148.05404663085938,3981804.0
2023-10-16,146.90438519801228,148.3734342478661,145.62695576150784,147.86245727539062,3262470.0
2023-10-17,148.56502456747157,152.312158300264,147.62825088028555,151.03472900390625,10443728.0
2023-10-18,151.16245760261512,151.80117221220365,148.54373030223863,149.1185760498047,9162228.0
2023-10-19,148.82051104732838,150.97084513640527,148.67147503246463,150.60891723632812,5743188.0
2023-10-20,149.28889435007184,150.2256679618552,146.71273767963368,147.50048828125,4400690.0
2023-10-23,147.13855186946614,147.88371892160865,145.47789646648496,145.9675750732422,7813800.0
2023-10-25,145.86110788844533,147.54306140536877,144.136583797164,144.75401306152344,5429774.0
2023-10-26,143.7533787358302,144.32822451540895,141.13465128961894,142.64627075195312,7743878.0
2023-10-27,142.64627003140225,144.0301517555875,142.2204602701145,142.62498474121094,2996088.0
2023-10-30,143.92369013036523,148.5650136332661,143.54046396859943,147.71339416503906,21873188.0
2023-10-31,148.33083934898627,150.71537671410715,146.75533796631268,148.7140655517578,10673186.0
2023-11-01,149.26758709386095,152.75923187750487,149.26758709386095,151.9714813232422,13929780.0
2023-11-02,153.6960300916855,154.14312511860425,152.12052886359493,153.52569580078125,10130432.0
2023-11-03,153.7811855491506,154.8670081868227,153.37667409152073,153.9302215576172,5627900.0
2023-11-06,154.48377099933276,157.18766549146724,153.8663546630496,155.95281982421875,9072020.0
2023-11-07,156.18700860625637,159.10380794608233,155.9315331560847,158.7418670654297,10702176.0
2023-11-08,159.87027970951635,165.17160342867416,159.2741356493241,163.5961151123047,24020912.0
2023-11-09,163.9793488933761,166.34258797473976,162.999978602468,163.3193359375,12843896.0
2023-11-10,162.57415464097718,164.40514433225226,162.0206071730813,163.5322265625,4932486.0
2023-11-13,163.2980302602556,165.5122460379283,163.2980302602556,164.83094787597656,4838906.0
2023-11-15,165.21418217319368,167.51355221275014,164.85224128856854,167.151611328125,11266250.0
2023-11-16,167.76905630062643,170.87746255197786,167.3432465130614,169.7490692138672,15416172.0
2023-11-17,170.3239015705077,173.3471534223207,165.7464467158003,166.17225646972656,16380696.0
2023-11-20,166.3425736809957,167.5135504754916,164.97999029875524,166.91741943359375,4506882.0
2023-11-21,166.91741125362435,167.42838811859988,164.61804135059745,165.21417236328125,4477214.0
2023-11-22,166.91741302926766,171.5161528842422,166.53418687380005,171.2180938720703,25730664.0
2023-11-23,171.83550331121214,176.07231512453592,170.60065775087108,175.13552856445312,16239092.0
2023-11-24,175.85943474400204,175.85943474400204,173.30457612786643,174.83749389648438,10975546.0
2023-11-28,176.30650882770442,181.35235659317394,175.90199739175318,180.7562255859375,23186856.0
2023-11-29,181.39495271359402,184.99305028336804,178.28654674994291,182.52334594726562,25208812.0
2023-11-30,185.01433743026732,186.82402887808925,182.69366908165796,185.5253143310547,32721308.0
2023-12-01,187.35628868346888,188.37822947735137,184.5459417542804,186.50466918945312,19278842.0
2023-12-04,189.48533906451027,197.91636693063126,189.0595293138035,196.51119995117188,41482794.0
2023-12-05,200.15188139203627,202.8770743729874,198.00154720627154,201.0673828125,38376064.0
2023-12-06,204.81449365830085,205.4532082954889,199.4067045322357,201.34414672851562,27408826.0
2023-12-07,203.111238883778,203.96285833402445,200.76928539560026,202.1318817138672,23850564.0
2023-12-08,203.06865424688056,203.30285739127845,198.34216372387513,200.3221893310547,18940478.0
2023-12-11,202.19573982101969,202.19573982101969,194.40341446884815,198.21441650390625,27693108.0
2023-12-12,198.66036428599776,201.31363385402236,198.66036428599776,199.5745086669922,19940320.0
2023-12-13,200.44406905360728,202.60681645810894,198.86103457460106,199.55221557617188,26664018.0
2023-12-14,200.64474617858056,200.64474617858056,197.12191397420042,198.7495574951172,12555568.0
2023-12-15,198.4374080734423,202.205494636481,197.1888185896805,200.2211151123047,22079148.0
2023-12-18,200.22109134134598,200.77849972481297,198.03605319987597,199.4407196044922,16831064.0
2023-12-19,199.4407403679806,201.33592906907376,198.4596960675023,200.55555725097656,12644672.0
2023-12-20,202.18317894387155,203.05274152063453,195.4719870250124,195.96250915527344,17347978.0
2023-12-21,193.9335453129008,200.86771460001896,192.84103291544045,200.46636962890625,18554414.0
2023-12-22,200.53327205693773,202.16090203065653,198.45970170874014,199.17318725585938,11559264.0
2023-12-26,199.77518465465909,203.56556204208005,198.21444102454456,201.38052368164062,22976450.0
2023-12-27,202.42844862249132,203.5209609679328,199.90895166013357,202.7628936767578,12398088.0
2023-12-28,203.3425853093433,209.96459985528276,202.78517690663128,207.71266174316406,45183336.0
2023-12-29,202.67371468782986,204.2344583652939,200.065040390919,200.95689392089844,17088440.0
