Date,Open,High,Low,Close,Volume
2013-01-01,336.16384609615807,337.70553857271494,334.23671649780556,336.9255065917969,931830.0
2013-01-02,338.11853777290264,340.04563955320333,336.65940481706315,337.283447265625,962245.0
2013-01-03,339.35740621270503,347.1576713506879,337.90748689763154,345.4691467285156,2923970.0
2013-01-04,345.04697738111736,347.80001177511565,344.12929924978465,346.7630310058594,2016035.0
2013-01-07,347.799976557274,350.002398248395,343.5235935376475,346.4418029785156,2513980.0
2013-01-08,346.6988083498507,352.70961728661734,345.58842558345697,350.2135314941406,1850785.0
2013-01-09,349.6812504032658,353.673155985915,348.001911698868,350.7182312011719,3035875.0
2013-01-10,351.488999996934,352.9114176293767,347.54299599531083,350.5621643066406,2314110.0
2013-01-11,351.4707493628752,351.4707493628752,345.21217733962857,348.690185546875,2931185.0
2013-01-14,348.7360101277585,352.186488633136,348.71766664826833,351.11279296875,2259425.0
2013-01-15,351.65431957717186,351.65431957717186,348.18549688303784,349.1490478515625,2401685.0
2013-01-16,349.63539678424524,358.64700349612826,349.63539678424524,354.2054443359375,1724570.0
2013-01-17,355.14142759919315,357.5273962797336,353.31525712698544,355.7838134765625,1265955.0
2013-01-18,355.1322245759097,355.1322245759097,345.432388735751,347.0933837890625,1787505.0
2013-01-21,347.0659235528106,353.83836547823296,346.97415012722286,352.90234375,970620.0
2013-01-22,352.74629633138704,352.74629633138704,349.13064239715624,351.002685546875,2296625.0
2013-01-23,353.10418007225593,354.66424405266287,350.6906821755937,352.8105163574219,1552885.0
2013-01-24,352.9390246782548,356.7198542031195,349.2958412758361,355.17816162109375,5145985.0
2013-01-25,355.3249947854841,361.5651950719088,355.2148498818098,357.00433349609375,2161010.0
2013-01-28,357.16029502857805,359.25259978484127,355.1872648899338,356.19671630859375,1607990.0
2013-01-29,356.19673069453194,357.89444069375696,351.8377599424926,355.66448974609375,499485.0
2013-01-30,356.97684101624304,356.97684101624304,353.5080183342928,354.7193603515625,1213375.0
2013-01-31,355.5085284098934,356.4262066081664,350.30530870866255,351.63592529296875,2648160.0
2013-02-01,352.7554767933237,359.54628953179883,352.7554767933237,357.0318603515625,2548875.0
2013-02-04,359.91339378285835,359.91339378285835,349.8189337920678,350.984375,770890.0
2013-02-05,350.98438103879977,350.98438103879977,347.8092223194644,348.690185546875,1186755.0
2013-02-06,350.1859843548515,352.2966328779189,346.53361527021275,348.5800476074219,1017115.0
2013-02-07,347.81832895481466,351.1954055067932,345.5975637278931,347.8367004394531,1944255.0
2013-02-08,345.7995048325956,348.71771477708586,339.0637502288551,340.5320129394531,1021335.0
2013-02-11,343.9090738084824,350.53471119775725,343.44104898844074,348.5066223144531,5299235.0
2013-02-12,352.59027154669525,352.6086150263062,349.30499635634,351.4798889160156,2341835.0
2013-02-13,352.3884080939497,352.3884080939497,343.77139685972634,349.6720886230469,3898050.0
2013-02-14,349.81889720915547,350.1859628420982,339.99054475483905,344.0099792480469,5232035.0
2013-02-15,343.2116183233989,344.82674078309185,332.56654648556764,333.83294677734375,2664830.0
2013-02-18,334.2091760373708,335.9894737201914,328.95087065394966,330.76788330078125,2177665.0
2013-02-19,330.914729750449,335.649952125537,328.161695439722,334.6772155761719,1491750.0
2013-02-20,335.4938990207217,337.13655049377024,332.62156237965524,335.09930419921875,1852895.0
2013-02-21,334.73227645870253,336.2189105164672,330.36411969218335,334.25506591796875,1102560.0
2013-02-22,333.1171380519696,334.94330844212493,328.5470912000881,333.3373718261719,1197305.0
2013-02-25,331.2818087426389,332.93361819352356,328.8132523041038,331.1625061035156,1625970.0
2013-02-26,330.9331306482095,331.88752388300514,322.6556827997149,324.70208740234375,926050.0
2013-02-27,321.64619068214955,324.66535962875685,318.1498391807802,322.26104736328125,1737905.0
2013-02-28,324.49100321530443,326.6750817185584,316.6173089137472,322.1876220703125,2259265.0
2013-03-01,321.5544138194597,325.2251263699223,315.7546812684534,319.6915283203125,1182410.0
2013-03-04,319.55386608057347,325.22510996367214,319.1500854799665,323.9587097167969,1594715.0
2013-03-05,323.9403892936796,331.1900411300672,321.42596010618854,329.2537536621094,1132585.0
2013-03-06,330.34579591842146,333.0988304134199,326.69342673981015,332.16278076171875,1279940.0
2013-03-07,330.7312215407014,334.7690000667851,329.1803431241674,331.9609069824219,688320.0
2013-03-08,333.4842503597578,335.76010236457427,327.0696887403744,333.8880310058594,1402590.0
2013-03-11,333.8513167328646,333.8513167328646,330.54769762923956,332.77764892578125,899540.0
2013-03-12,332.19947628969794,335.5948965036241,331.99758598499994,333.5117492675781,699490.0
2013-03-13,333.3007492398718,334.5671216914296,330.345824175602,331.8232727050781,775340.0
2013-03-14,331.8324130021718,334.5762616127317,330.55682697586144,333.4842224121094,833640.0
2013-03-15,334.40193758498924,336.6043597107276,331.4653840857771,334.521240234375,919610.0
2013-03-18,328.7123119159768,334.5395455405728,327.730389611888,330.8963623046875,1550320.0
2013-03-19,330.1714337728994,332.1994946695874,327.06049136092855,329.96954345703125,1788505.0
2013-03-20,327.24406584615355,331.28184449937606,326.84947092439717,330.3641662597656,1241830.0
2013-03-21,330.3640980702077,331.58459755463,321.1873175682575,325.27099609375,1491165.0
2013-03-22,323.06857625957605,329.2904328953366,320.82943936950863,321.5727844238281,1039265.0
2013-03-25,329.2629069931705,329.63000065516485,319.0767019950592,324.1055603027344,1119545.0
2013-03-26,322.2885875216006,327.51933633635264,321.77468998201755,323.6008605957031,1066275.0
2013-03-28,322.20592007836393,328.1432980601876,317.73683254746,324.21563720703125,2099870.0
2013-04-01,326.50985087794066,337.3935275100388,324.53684859965483,335.11767578125,1897180.0
2013-04-02,334.9525109744488,338.4488623417296,333.3465742779959,337.58624267578125,2368375.0
2013-04-03,338.60487307619707,338.60487307619707,336.0537290960678,337.3109436035156,972495.0
2013-04-04,336.74202661861005,349.5895214158052,336.09964067662384,346.83648681640625,2396890.0
2013-04-05,343.762203955503,354.2237281495305,343.762203955503,350.8374938964844,3071470.0
2013-04-08,348.90125309124096,357.7109411607801,345.04699355683107,355.4534606933594,2250480.0
2013-04-09,355.1414223468934,355.31578342516315,349.2774458841968,351.7460021972656,2851060.0
2013-04-10,352.00299278759206,352.0213642750546,346.9649484147776,348.66265869140625,1288775.0
2013-04-11,349.65371431156586,352.2966318317664,343.8815389832002,345.9921875,2702700.0
2013-04-12,343.21161755021984,352.5719455946241,343.20243180730154,349.4151306152344,1199495.0
2013-04-15,349.45182720337294,349.45182720337294,338.6691089752621,340.02728271484375,635485.0
2013-04-16,340.1557349735924,355.40753967736464,340.1098342679246,353.06744384765625,913030.0
2013-04-17,351.83775276525955,355.1413992899492,342.1654184418188,350.1675720214844,1108255.0
2013-04-18,352.2048469542181,352.2048469542181,347.983550058002,349.8372497558594,922085.0
2013-04-22,349.6353825148436,349.6353825148436,341.21110364166714,346.2124328613281,1048405.0
2013-04-23,347.2493981144906,351.90203294580255,345.97384007903867,348.99298095703125,1166755.0
2013-04-25,351.9846192435823,367.07124985296423,350.55304360958087,365.6947326660156,5423765.0
2013-04-26,365.23588913666384,368.90660159029864,362.1891910788717,365.39190673828125,2446665.0
2013-04-29,365.6030079744344,370.5401214237495,363.4005857828744,366.5849304199219,779320.0
2013-04-30,367.0712605435505,374.16492273546794,364.3090403462596,372.2469787597656,2307995.0
2013-05-02,371.3109639255247,373.6602179727774,368.14499080977384,368.8424072265625,1293750.0
2013-05-03,367.98891543095857,370.74194971099064,366.71332943866014,367.3373718261719,560115.0
2013-05-06,367.66772789202366,369.82427704408786,364.6852740448939,365.7773132324219,2157020.0
2013-05-07,365.65808822108585,367.8972255174585,362.19845110590217,365.5846862792969,1105735.0
2013-05-08,366.19941104420127,367.62182881088086,361.56514813946217,366.841796875,1334380.0
2013-05-09,366.8877579452544,370.37495214404316,363.6208255729618,364.6761779785156,948175.0
2013-05-10,364.1346475752192,372.3937502188586,364.1346475752192,371.1549072265625,2169595.0
2013-05-13,387.0766518410093,394.9686899270677,376.6610267214604,381.2585754394531,3436425.0
2013-05-14,384.3235693726586,389.09550659911235,370.3565078504685,372.1918640136719,5505595.0
2013-05-15,373.3114778910865,380.6437457003227,373.3114778910865,379.05615234375,3757275.0
2013-05-16,382.71769227293373,393.610556320716,382.2405096781735,388.9028625488281,2730160.0
2013-05-17,390.34353829221845,390.34353829221845,380.28579428347786,381.44207763671875,1243095.0
2013-05-20,382.30474557891984,385.9938018789334,373.91715334760755,375.2936706542969,2134130.0
2013-05-21,377.1840524821026,379.32225819421114,369.59486447778033,370.8979797363281,2709060.0
2013-05-22,371.8431768418034,380.5427472951655,371.8431768418034,377.3033447265625,1476315.0
2013-05-23,378.221058656776,380.6620859915152,373.12795592797664,376.5141906738281,1999550.0
2013-05-24,379.551725141257,380.11149542433213,376.8812781059043,379.2030029296875,1713140.0
2013-05-27,379.18464964921037,385.8653459343578,378.57897866665786,383.76385498046875,1731430.0
2013-05-28,383.58946782048685,391.37138863713153,382.85533650046824,388.51739501953125,3250215.0
2013-05-29,387.0766049931886,393.22505936389734,382.6809471305188,389.6002197265625,1427185.0
2013-05-30,389.6002045305763,391.2979145224183,383.15811470801657,386.8288269042969,2155705.0
2013-05-31,385.4248030161054,390.85746970476544,382.7268271545676,383.9565124511719,1751470.0
2013-06-03,384.1584079966972,390.7473301407145,381.89174193257475,387.5997009277344,1361625.0
2013-06-04,390.655543699609,397.3729255113718,389.2239682310931,395.9046630859375,1811620.0
2013-06-05,397.3546193667869,398.8229099354866,394.968650693314,396.5562438964844,1239695.0
2013-06-06,394.05098171469655,396.39107773925235,389.29741574315483,392.37164306640625,1813840.0
2013-06-07,392.0963225775247,403.5948283691542,391.2979470892367,401.9980773925781,2294925.0
2013-06-10,403.22774221559814,405.0906275953124,398.5017057109351,400.3829345703125,1546205.0
2013-06-11,399.24504834145176,404.66852949581653,395.1522116888581,400.8326416015625,1817515.0
2013-06-12,400.6583021810127,402.84238074766324,397.35465510563023,399.8232116699219,1593990.0
2013-06-13,399.82313791541094,403.5947811269604,394.24363988282164,396.2625427246094,1280260.0
2013-06-14,397.9052773079234,400.97950491133446,395.3816622313693,399.3460388183594,1105985.0
2013-06-17,402.1724618832407,404.67773339342864,392.12387462265133,393.9500732421875,1173095.0
2013-06-18,394.05099416306825,394.6016066571412,389.0955377270416,391.1052551269531,949025.0
2013-06-19,392.2157150720406,393.31694027699444,381.460523857563,385.3698425292969,1168765.0
2013-06-20,377.1657037003362,384.52547207019154,376.66099194130544,381.3227844238281,1467745.0
2013-06-21,381.20349170707067,390.9308855398769,373.3481691112955,389.35247802734375,1721650.0
2013-06-24,387.46206498967996,392.12385761371297,381.7816350685386,385.9845886230469,953705.0
2013-06-25,388.36139055336764,390.37110787124834,382.6717750223724,385.3605651855469,1213185.0
2013-06-26,386.70955124137384,389.0955199363861,381.97432881735944,384.66314697265625,1723270.0
2013-06-27,386.3425325851197,399.9516883346029,386.3425325851197,396.2993469238281,3060435.0
2013-06-28,397.53820000097755,410.0002574013727,397.53820000097755,407.238037109375,2102635.0
2013-07-01,407.06366921262617,419.3789225426731,406.89849386375374,415.48797607421875,2005620.0
2013-07-02,415.34114884936906,420.03047089510494,411.22994053114877,415.41455078125,1364450.0
2013-07-03,412.22102090829827,414.79050843096644,395.48255302888674,405.7697448730469,1818465.0
2013-07-04,412.7716065576553,412.7716065576553,404.26474047986795,407.9629821777344,1370010.0
2013-07-05,412.9551542144036,412.9551542144036,407.67850502166397,410.9087219238281,1121880.0
2013-07-08,406.71495798245496,416.2863341468268,405.3751277502641,412.7257385253906,1176015.0
2013-07-09,414.790527259237,420.4801430388127,409.8534142902125,419.2320861816406,837675.0
2013-07-10,421.0674185496481,421.5813160482819,412.23935965595166,415.0657958984375,1145245.0
2013-07-11,414.97405223326945,423.2606844401494,414.97405223326945,421.3702697753906,1264805.0
2013-07-12,425.0466537560911,435.75248712740256,416.4099290801969,434.04364013671875,1988900.0
2013-07-15,432.2977794956946,444.2690947271336,430.0808734438711,433.7110595703125,1582590.0
2013-07-16,427.1250179863024,435.1705528176537,418.46982900319824,420.91766357421875,3928525.0
2013-07-17,424.63099365815617,431.0046094656316,423.9843831052927,426.9679870605469,2587920.0
2013-07-18,430.8198135563743,433.65561973207116,427.18038143923957,432.20538330078125,3020820.0
2013-07-19,432.2977818919975,436.91634793785215,428.861567626302,433.4247131347656,1148870.0
2013-07-22,433.40625775787726,436.95331316987665,426.3306110502178,428.5013427734375,3036970.0
2013-07-23,428.7876915702228,438.72682673133056,428.7876915702228,436.22357177734375,2090225.0
2013-07-24,437.83999850156636,442.26459203348844,430.4964682635621,433.443115234375,1488270.0
2013-07-25,437.4706222701927,440.7775034638252,426.1089318248729,428.2242431640625,1846790.0
2013-07-26,432.2977960628608,432.2977960628608,417.14890457376987,423.8827819824219,735210.0
2013-07-29,421.7674581605108,423.8273205816231,407.37599053404966,409.7037658691406,1300205.0
2013-07-30,411.0524075351399,417.5184004626589,396.38383621210653,402.23095703125,5077360.0
2013-07-31,397.2059553063811,423.86430695252903,394.57336682874785,421.4349365234375,3026390.0
2013-08-01,424.90811241591075,430.2656382097057,413.103057724631,420.9269104003906,3109390.0
2013-08-02,420.2895104291682,420.2895104291682,408.8816466510499,413.5833435058594,2149020.0
2013-08-05,414.71031653961984,418.2573722396976,406.70173799031323,408.27203369140625,1231640.0
2013-08-06,406.4338110653497,412.3455699520386,404.2907896597094,406.1012878417969,926055.0
2013-08-07,407.357533198602,417.88785835087185,401.9168487593931,416.5299987792969,1336665.0
2013-08-08,415.4862424073409,415.4862424073409,406.8310530603655,410.86767578125,1099225.0
2013-08-12,412.89982821926236,412.909074372522,398.591518807872,402.9514465332031,2768370.0
2013-08-13,402.8128747258952,414.93201663827364,399.36744223288247,413.500244140625,1819490.0
2013-08-14,410.1286749779945,414.1560511382643,406.4338220502648,408.4844665527344,1645100.0
2013-08-16,404.9558486432943,409.2511092517641,397.21512775780184,400.1802673339844,2282710.0
2013-08-19,397.1967293411811,404.1984639340973,393.871355736705,395.5525207519531,1062925.0
2013-08-20,385.2161398881024,399.93088536198326,385.2161398881024,395.11834716796875,1614820.0
2013-08-21,394.43482015491594,394.5918356277703,374.47336134141455,378.0943298339844,2208055.0
2013-08-22,378.0943009125012,391.65440417848623,378.0943009125012,389.5390930175781,1242490.0
2013-08-23,388.5137402536768,393.8620470612015,380.9762378826722,391.6081848144531,1371055.0
2013-08-26,392.20863983425613,404.21691172439427,391.6544062629671,397.3537292480469,1437490.0
2013-08-27,395.3492640412261,406.2490689235757,391.6913675286684,400.4204406738281,1415580.0
2013-08-28,392.5781178643484,404.8080718567091,392.5781178643484,401.22406005859375,1771015.0
2013-08-29,405.87958181909295,420.2063828321239,399.5983432207254,417.2320251464844,2295900.0
2013-08-30,413.0845422811381,437.2858105023731,408.5860354490246,423.59637451171875,1673285.0
2013-09-02,419.6613914337099,426.9402560232361,418.55292430828837,421.8044128417969,955590.0
2013-09-03,422.2477952436986,424.3261500508533,405.3623182047062,407.65313720703125,1371925.0
2013-09-04,407.72704363237324,424.72336265821053,407.6531589719946,420.2803039550781,1265220.0
2013-09-05,422.5063996080234,431.28167474977295,421.2132068039791,423.8180847167969,1188600.0
2013-09-06,419.55057696603177,433.2215220359318,418.1372967957117,422.0722961425781,1598985.0
2013-09-10,423.07913645296924,426.17358150642576,417.0103617694552,418.70074462890625,1847895.0
2013-09-11,418.6268538047983,421.924488664608,414.747246900975,415.6802062988281,1217190.0
2013-09-12,418.81155257400593,422.78353618446,408.28122789956217,415.061279296875,1271080.0
2013-09-13,415.4954515902076,419.90155361122316,412.3455860487512,415.5416259765625,641175.0
2013-09-16,418.44210592901777,424.22455994549534,408.00415738804196,410.87689208984375,875565.0
2013-09-17,412.3455705350711,429.6929034588543,412.3455705350711,425.7301940917969,1486595.0
2013-09-18,428.60291877950436,437.26735298411523,428.58445466398,434.7825622558594,1712835.0
2013-09-19,440.2417358841912,443.3823552627374,431.7435627991923,439.2718200683594,1407050.0
2013-09-20,436.1127235443108,444.30605522917494,433.2214966787589,437.14727783203125,1248250.0
2013-09-23,431.3741122959388,442.8281516097953,428.41821845194676,439.48431396484375,1419030.0
2013-09-24,439.1332157250184,446.98477731859174,438.3942564978888,442.44012451171875,2010850.0
2013-09-25,439.68746135991734,451.69573236344445,437.65528114506355,448.7583312988281,2041415.0
2013-09-26,448.93385989170827,457.12719143872704,446.5229537890192,453.9219055175781,1602145.0
2013-09-27,452.63796462423903,453.17373410483225,444.3245452271693,445.63623046875,1085270.0
2013-09-30,443.01284173223996,447.1880151101842,437.2950549578482,439.8999328613281,924155.0
2013-10-01,438.3850518050055,448.73986906345715,438.3850518050055,444.7956237792969,1478310.0
2013-10-03,444.3060567923982,452.6010116183605,443.21608196325,448.8784484863281,1273385.0
2013-10-04,448.00089981627303,448.92461301177053,436.1866001528033,438.15411376953125,1454535.0
2013-10-07,438.57896440096744,443.01280415216655,437.47052560528243,440.7312316894531,765655.0
2013-10-08,441.71966183881125,447.03101271864676,440.6111947272236,442.05218505859375,864395.0
2013-10-09,440.42645519637233,449.89451576965195,438.11717212971877,444.1952209472656,1053340.0
2013-10-10,444.30610406308074,447.760782837029,441.73818217757236,442.7542724609375,1192120.0
2013-10-11,445.2297795243377,446.9663649174483,440.31561834585267,443.74261474609375,567070.0
2013-10-14,445.0450262981888,451.8712806503809,443.75183340432363,447.32659912109375,1174455.0
2013-10-15,450.77207705265795,451.65883390134314,442.9020501179065,445.2944641113281,1315445.0
2013-10-17,440.61122977510973,448.9246492048288,440.61122977510973,445.34063720703125,797330.0
2013-10-18,448.00089544862,456.86854767684105,446.29202041571193,454.4576416015625,1721045.0
2013-10-21,454.69787639199643,458.90076067248884,448.43510128405,450.90142822265625,1396145.0
2013-10-22,446.153510425427,454.28217594413076,446.153510425427,449.0909118652344,1103415.0
2013-10-23,447.81616695149177,450.9013939762288,437.21195700999107,443.31768798828125,1178570.0
2013-10-24,444.306079010116,446.89246486785015,434.88419246217137,441.8397521972656,1451870.0
2013-10-25,442.2738801720824,446.4121255619166,438.08946039686566,444.3984375,1209540.0
2013-10-28,445.52537621636486,448.5551545128168,441.3501743346569,443.3823547363281,749015.0
2013-10-29,444.4722874589767,450.568799896578,444.13051810325084,448.80450439453125,2841775.0
2013-10-30,450.03307817171975,470.0961298185511,449.6635703435305,466.1333923339844,3012395.0
2013-10-31,467.21415575576447,470.19775973457047,449.1093984065697,453.8018493652344,7164090.0
2013-11-01,453.72797452973407,459.99996740612994,451.32631436321134,456.5545349121094,2237045.0
2013-11-05,459.08547122092125,459.46419702458684,443.3915926036438,444.5462341308594,1347510.0
2013-11-06,445.2297851913572,448.00092493321216,439.1517644275982,442.95745849609375,1016625.0
2013-11-07,446.15347918806384,447.5760054205612,440.05696638113636,445.3775634765625,1329675.0
2013-11-08,445.2297772450502,449.94993832347683,442.1999989756095,443.8072509765625,848085.0
2013-11-11,444.4908125603099,458.1617569349934,444.4908125603099,456.4344177246094,1401345.0
2013-11-12,459.7875017853763,459.7875017853763,453.59861193049835,456.3143310546875,1299795.0
2013-11-13,456.4990551189061,460.0091538524264,450.7812684012038,456.32354736328125,996640.0
2013-11-14,455.3906304490693,458.90072950939145,451.79737238982375,454.76251220703125,621360.0
2013-11-18,459.4549250739873,459.482635341505,449.2940802050071,455.6861877441406,1279130.0
2013-11-19,456.31432614134883,458.244883369208,449.35876679151073,452.96124267578125,834180.0
2013-11-20,449.7651780777012,454.7532235033528,446.43055891186845,448.2225646972656,1137330.0
2013-11-21,448.185630594674,452.2037602360702,441.53488465462505,445.1466064453125,725205.0
2013-11-22,449.26641608968293,453.1090666539833,443.03135155229364,449.617431640625,945825.0
2013-11-25,451.695807724062,453.17375465512725,445.29448126351224,450.7998046875,674695.0
2013-11-26,450.77204397978636,452.6194703895396,442.27387121912557,445.4884033203125,1293435.0
2013-11-27,445.913311159045,453.3492194996905,443.3915921077006,448.59210205078125,2019070.0
2013-11-28,451.64039414098056,459.0855212648854,449.9869394007108,453.8665466308594,1511325.0
2013-11-29,454.28218945821897,461.8566497905816,453.7279840300645,459.0485534667969,1387795.0
2013-12-02,461.6717850334791,463.0388905369116,455.81544750265044,461.597900390625,971075.0
2013-12-03,461.6719247481039,461.81050430330816,453.007517134954,455.6031494140625,987680.0
2013-12-04,452.6195376652636,459.6397647036849,450.855241798972,452.5918273925781,1154890.0
2013-12-05,456.07417610412426,457.27502025616775,443.38236492867816,446.1073303222656,1940770.0
2013-12-06,448.00088893608387,451.6957416283402,446.15346258995567,447.57598876953125,1239570.0
2013-12-09,454.8363155332317,455.0210694252614,448.4534547595662,453.4045715332031,1362450.0
2013-12-10,453.543246785375,456.11116872513406,449.10943406001206,453.17376708984375,756725.0
2013-12-11,453.54316990786805,453.54316990786805,447.09564178417963,451.1415100097656,478210.0
2013-12-12,447.44668186395097,449.2848903559439,443.3915954528471,444.0104675292969,784690.0
2013-12-13,444.1398366679625,447.72384879032256,441.74742259833397,443.4747619628906,931905.0
2013-12-16,444.6755776168089,447.7977330855841,442.55104829957355,443.43780517578125,1032785.0
2013-12-17,445.5992835404913,450.6981989206236,445.5992835404913,448.4166259765625,1029575.0
2013-12-18,450.1254432721308,457.23804638051274,450.1254432721308,456.0556945800781,1092275.0
2013-12-19,456.32361808062325,460.00922514093395,449.8483788024796,455.1135559082031,1495785.0
2013-12-20,458.90074744921276,465.0065069047945,454.0512527163096,464.202880859375,1876915.0
2013-12-23,464.99722796436737,470.17002761929496,462.5955679614199,464.3321533203125,1306900.0
2013-12-24,467.3988514825429,470.90895015859286,465.51446877323247,469.16314697265625,521300.0
2013-12-26,469.2832715042468,472.4885575005982,458.7159900275459,464.3414001464844,1129900.0
2013-12-27,465.5329884623437,467.39887897723816,464.4245213470761,465.4867858886719,702765.0
2013-12-30,465.930200542898,470.86282588051597,463.91651243751846,466.5860290527344,1045030.0
2013-12-31,467.81454143110744,471.0937118752279,465.73618681989325,468.2486877441406,564665.0
2014-01-01,470.1700540944513,470.1700540944513,467.278827051096,468.7752380371094,139080.0
2014-01-02,466.5860566728073,471.0937820783068,464.3229760059307,467.121826171875,512655.0
2014-01-03,465.55145801311096,466.0964454244748,459.08546554070665,461.0622253417969,531560.0
2014-01-06,464.6185641799331,464.6185641799331,454.5039200137944,456.5453186035156,664835.0
2014-01-07,456.72082775671964,463.3346186780706,455.31679362299764,460.24017333984375,1116125.0
2014-01-08,460.9328703081597,469.2462888107117,456.4621019628593,467.8145446777344,1117355.0
2014-01-09,469.431085717735,479.7581931046791,466.52136642373324,477.9107666015625,2098465.0
2014-01-10,480.33086446501045,486.05789758635075,473.3568410740548,485.051025390625,2598475.0
2014-01-13,485.8731431717158,487.67439518740684,480.33086397203846,485.23577880859375,1265375.0
2014-01-14,484.3952223173125,492.43148201573433,483.38835012737206,489.38323974609375,1319320.0
2014-01-15,489.5865445403384,492.1360022858119,487.90537955775835,489.60498046875,1341170.0
2014-01-16,489.93748013337074,490.67643938183147,484.7646526361921,488.5519104003906,1587200.0
2014-01-17,488.27479955147254,492.4684937731584,488.0161891595217,489.9097900390625,2192375.0
2014-01-20,485.87307452239946,495.57206175145876,485.73449501039573,490.196044921875,1475315.0
2014-01-21,489.58654407268745,493.0597151209432,487.0001017148896,489.8544006347656,964875.0
2014-01-22,490.2238202297419,496.58816090858153,488.69042484697997,493.3736572265625,986565.0
2014-01-23,494.2235231152532,496.54205242215573,491.50780387140077,493.1151123046875,856245.0
2014-01-24,491.96960945638756,497.3179447678595,488.9213672856447,491.5909118652344,1759145.0
2014-01-27,485.26353818657356,489.346334920234,484.3952454860322,486.44586181640625,1705840.0
2014-01-28,486.95389637444686,491.5632164538746,485.19887503347485,489.9097900390625,909615.0
2014-01-29,489.93758401631516,496.36659285796003,489.30940932400415,490.5379638671875,1219315.0
2014-01-30,487.72055041603176,488.8290174882273,482.8618101545084,483.98876953125,2405415.0
2014-01-31,483.6562314442975,488.644305507689,480.8666557883697,482.09515380859375,675925.0
2014-02-03,481.2546003251497,493.92791897621527,481.2546003251497,490.14996337890625,733115.0
2014-02-04,489.9375489642563,489.9375489642563,478.52040991249396,479.7120361328125,975485.0
2014-02-05,481.62413059113027,482.344597638214,476.63605628768846,479.5365295410156,726990.0
2014-02-06,480.0353369136695,483.0004770015344,478.29875134170334,480.3216857910156,1093205.0
2014-02-07,482.5477911703983,489.5679888360789,482.5015604078912,486.2241516113281,1341315.0
2014-02-10,488.6443085227089,496.58821990929226,487.5358413485622,493.6600646972656,749915.0
2014-02-11,498.6203581354858,498.6203581354858,485.06025555869263,491.4985656738281,2510690.0
2014-02-12,496.03406891810323,496.03406891810323,480.92213204403225,483.1759948730469,2041060.0
2014-02-13,485.87317604304707,487.70211026140214,470.96443045632157,473.4215393066406,1751945.0
2014-02-14,476.59915031630226,478.29875127224307,464.9141541335124,476.64532470703125,2513040.0
2014-02-17,477.3750075328898,490.08531117196287,477.3750075328898,488.3672180175781,1513725.0
2014-02-18,490.28854606301564,491.5909569392046,484.4136869429986,489.9375305175781,1417740.0
2014-02-19,490.4917700836344,495.42442399066454,486.6121628862716,492.95806884765625,1473270.0
2014-02-20,490.1868919940303,502.4445847978549,489.08767097719544,501.7425537109375,1621020.0
2014-02-21,505.234129918553,507.6726896180737,501.76095969384545,504.9662170410156,1697605.0
2014-02-24,505.25268883092934,517.279454181935,501.391573956264,516.5127563476562,1849510.0
2014-02-25,516.4757466253021,517.3994597906035,510.25917506409627,511.580078125,1228390.0
2014-02-26,514.5082933444494,526.4057248175626,514.3142932605783,523.4129028320312,2712335.0
2014-02-28,532.0588745289563,543.032593326435,530.3962018218507,534.92236328125,5618775.0
2014-03-03,531.6892678598274,531.6892678598274,518.9697760916155,520.152099609375,1508180.0
2014-03-04,516.9099072811799,526.0269524625152,509.88970919887515,517.4826049804688,2678820.0
2014-03-05,521.8980665374961,527.0708389816696,513.5014869965349,514.859375,1873570.0
2014-03-06,519.4963165065635,525.2787136719737,519.4870703541,522.2674560546875,1785785.0
2014-03-07,523.0064052980096,523.8377133191219,495.2950103480512,503.4790954589844,2964555.0
2014-03-10,503.4237012295517,508.0422672958779,490.30696232538935,496.3388366699219,2552615.0
2014-03-11,500.46781711030263,503.340551726783,493.56770633898344,494.8701171875,1735835.0
2014-03-12,496.95779785156253,502.1028881375492,493.50311883509164,496.4959411621094,1747860.0
2014-03-13,498.8051061258403,509.8896640397479,498.43559831045263,503.82086181640625,3074980.0
2014-03-14,503.42368607579596,516.5034399751615,500.66179267190665,513.6768798828125,2289985.0
2014-03-18,516.7066793971856,520.4015320904307,513.2150165401596,514.9885864257812,1220185.0
2014-03-19,519.4778271949197,524.0963931350722,514.7114355724541,517.4918212890625,2161745.0
2014-03-20,517.4918563629473,519.3116007837725,510.68409421607305,513.3721313476562,2900590.0
2014-03-21,516.5313036169734,516.7253037293694,509.33559645474986,513.3259887695312,1257330.0
2014-03-24,514.5081982039567,514.5081982039567,506.9891600170242,508.05145263671875,974325.0
2014-03-25,507.1462690683365,508.9659569523367,501.5762515882374,503.1373291015625,1233340.0
2014-03-26,503.21124543698875,503.21124543698875,485.10643334178974,486.5381774902344,1923060.0
2014-03-27,489.00459781057145,489.74355717536764,475.786262732118,478.2248229980469,3436420.0
2014-03-28,487.72063014188035,487.72063014188035,480.8851290617821,485.0972595214844,3402740.0
2014-03-31,485.919317964801,486.53819002317147,470.42865773688425,473.66168212890625,2634305.0
2014-04-01,476.8207721455271,482.17829750871675,474.79783795254394,480.515625,2867995.0
2014-04-02,481.99356548716054,488.64431220315123,481.99356548716054,485.281982421875,2233870.0
2014-04-03,491.41542840330135,495.1102812484389,488.0900833942695,492.0804748535156,3898160.0
2014-04-04,493.2628466213188,494.43598042141065,485.9932282797461,489.5772399902344,2033340.0
2014-04-07,488.4595261483596,488.4595261483596,478.48343492003124,481.4670104980469,2073475.0
2014-04-09,482.15989272469284,486.6029518335401,477.8739054835381,484.83868408203125,2417355.0
2014-04-10,482.21517364415865,486.41811341523646,469.2462618225029,471.17681884765625,1998850.0
2014-04-11,471.0752480252091,478.3818225119263,465.5606793261058,476.06329345703125,1734510.0
2014-04-15,479.59185675816695,481.9011395272462,474.2897525409969,475.72149658203125,1019820.0
2014-04-16,479.407189059507,480.1461484026844,467.602134548974,468.64593505859375,1051725.0
2014-04-17,471.093747029343,474.78859994722023,466.0225704201936,471.50018310546875,1446660.0
2014-04-21,474.60387939831077,476.26655205247357,468.59974298456666,471.05682373046875,1401030.0
2014-04-22,472.9411412792575,476.50666057122857,470.80736611966057,471.57403564453125,1022160.0
2014-04-23,472.94118357871446,477.4027343583553,472.035934446304,474.0311584472656,3253095.0
2014-04-24,474.0311584472656,474.0311584472656,474.0311584472656,474.0311584472656,0.0
2014-04-25,478.48340205809836,487.49885124106464,478.48340205809836,485.7345275878906,3088170.0
2014-04-28,488.8290546170868,495.8492526425799,488.0900953058214,494.5098571777344,1912925.0
2014-04-29,495.11028142277553,496.83762061816714,487.72057572989826,492.27447509765625,1027665.0
2014-04-30,492.33914247874714,513.9078234485036,492.2744757883661,499.9412841796875,2356810.0
2014-05-02,497.3457577105289,508.0238824596061,497.3457577105289,505.7053527832031,1448920.0
2014-05-05,508.0422982352775,508.0422982352775,502.536946852512,504.1904296875,1163620.0
2014-05-06,506.1948481243535,508.96598780386637,503.8208983667597,506.99847412109375,817710.0
2014-05-07,506.9985083080767,508.781268189964,503.8948451886973,506.601318359375,1751605.0
2014-05-08,506.9154734476323,507.6636790564115,503.52540463172556,505.6684265136719,1533830.0
2014-05-09,505.82534611266925,505.82534611266925,497.8260142856876,502.1304931640625,3159395.0
2014-05-12,502.50011908232307,506.56448083238104,500.9297949343918,503.035888671875,1829800.0
2014-05-13,506.1947953606971,506.29639027406733,480.46940723565325,482.31683349609375,4977515.0
2014-05-14,480.330898830417,481.1622633222939,464.3968449749849,465.2466735839844,5201205.0
2014-05-15,464.62773375872985,469.95754870750744,455.6861968606198,458.45733642578125,3319140.0
2014-05-16,455.2058319103366,460.9328647521913,443.382314791687,444.65704345703125,5445760.0
2014-05-19,445.22972935181167,447.2619095167644,415.02429867808246,422.349365234375,5236710.0
2014-05-20,422.1184740680843,435.05967700855166,418.65454952062163,429.2033386230469,3235400.0
2014-05-21,428.6029653948809,430.16404310589667,421.2132590949692,424.9173583984375,3435790.0
2014-05-22,427.95629834743585,429.5266220047541,421.21320351433945,424.18756103515625,3630575.0
2014-05-23,420.4743160217191,428.19654587317854,420.4743160217191,426.515380859375,2729780.0
2014-05-26,429.5266461610721,430.4226491096759,422.3586225722418,424.9265441894531,2619750.0
2014-05-27,423.43011639281616,431.18930147275864,423.43011639281616,427.0880126953125,2818740.0
2014-05-28,432.29777452420757,435.80787338343737,428.2334421110232,434.4407958984375,7528750.0
2014-05-29,431.5588594852494,444.01974272134447,431.5588594852494,440.4449768066406,3493615.0
2014-05-30,440.4449284639199,458.9746127346421,437.28581696191475,454.58697509765625,10613975.0
2014-06-02,455.39063820415885,456.6561208628862,444.6755587261627,445.95953369140625,1930140.0
2014-06-03,443.78878832803537,446.15349195154266,431.00460055423315,431.8266906738281,2046410.0
2014-06-04,430.8198120146828,435.2536520946117,426.42295654368445,428.39044189453125,2222405.0
2014-06-05,428.6029182480261,431.1708397771912,423.27310331371837,426.8016662597656,3446000.0
2014-06-06,427.1250307808294,435.99268423364975,427.1250307808294,434.8934631347656,1810975.0
2014-06-09,431.5588724275574,439.67829217719236,431.3741184885958,434.6809997558594,1430500.0
2014-06-10,434.51467884595536,444.3060442957768,434.51467884595536,442.5509948730469,2819465.0
2014-06-11,442.2739016836794,450.33792866593205,441.9044220141764,449.3865051269531,3193910.0
2014-06-12,449.29409340702637,451.75117389391704,446.5506640842095,449.8390808105469,4153475.0
2014-06-13,448.0009170312898,453.6355733782413,448.0009170312898,451.7234802246094,2894245.0
2014-06-16,451.6033626305688,455.57534617047276,444.33374450175256,447.8992919921875,2192855.0
2014-06-17,447.8993708586712,448.9246791257174,440.7683028116459,445.5531311035156,1803835.0
2014-06-18,445.57151878060705,452.1575982148722,444.1212823334191,447.57598876953125,1888730.0
2014-06-19,447.44665128293013,453.53391765475027,445.6916019081326,452.1114196777344,1095295.0
2014-06-20,449.01701590983924,457.05330426124607,449.01701590983924,450.6612243652344,1016180.0
2014-06-23,450.9568282030327,455.39064060861807,449.2017504442255,453.3677062988281,2284505.0
2014-06-24,453.5432940518638,456.31443434138646,453.3677862450343,454.9381103515625,1680290.0
2014-06-25,455.3906056100009,459.06699427815187,453.11827904098783,457.83843994140625,1510835.0
2014-06-26,460.5079729044508,467.21411136784997,458.9006928154719,463.2606201171875,3034890.0
2014-06-27,463.7040696818537,475.83242964022577,463.7040696818537,471.6387634277344,1989415.0
2014-06-30,472.0174486511406,485.9100749842835,472.0174486511406,484.77392578125,2066155.0
2014-07-01,485.13416932696526,486.42733394068983,480.26618286808065,483.0927429199219,1524355.0
2014-07-02,483.60082880251844,492.6901922560486,483.07430546908677,491.95123291015625,1048990.0
2014-07-03,491.9511737888934,492.0620148585075,485.05100712104075,487.5450439453125,1127400.0
2014-07-04,488.4594848032998,497.88136986882006,487.9052794849057,494.8053894042969,1413305.0
2014-07-07,494.7408626973288,509.83436410036427,492.29305607306196,504.4214172363281,2631150.0
2014-07-08,497.6967363923502,507.7467420434069,491.6464252902221,495.22119140625,1655520.0
2014-07-09,494.55604982026176,496.9669276437548,484.0256972147619,492.0158386230469,1767435.0
2014-07-10,489.5865459361366,498.6204327784762,484.30287649310895,489.6881408691406,1357475.0
2014-07-11,490.4972064600837,507.43299439356804,486.50734662248004,502.34576416015625,2903240.0
2014-07-14,502.58758548479904,503.88959174420756,494.8125015872777,501.2855224609375,1786750.0
2014-07-15,501.8063899003797,502.2156048860504,484.73107295772417,490.84136962890625,1350360.0
2014-07-16,491.42726065861893,494.7567230279369,487.42809124403186,492.39447021484375,1269045.0
2014-07-17,491.0552176433076,496.6260812005468,488.1442228915006,492.4223327636719,898280.0
2014-07-18,490.1437968197468,495.9099299738208,490.1251780791036,493.5198059082031,855620.0
2014-07-21,491.2597624505824,498.0303990439992,490.13446398460525,493.6127624511719,1221890.0
2014-07-22,494.403311728616,509.0420134438618,494.403311728616,506.60528564453125,1401740.0
2014-07-23,511.51592947291545,511.51592947291545,503.7222822245165,508.5398254394531,1083245.0
2014-07-24,510.95786495351,511.0880258495001,500.4578030709699,503.0060729980469,1313235.0
2014-07-25,500.7275450131423,515.5614594470509,500.7275450131423,510.3998107910156,2152700.0
2014-07-28,510.7531689280643,519.8860578290308,506.09371592853705,515.1801147460938,1692370.0
2014-07-30,515.5893367746321,530.1070717643258,514.3058925738885,525.1221313476562,3498525.0
2014-07-31,523.8294916537067,526.0987645403562,516.3520794031704,522.4344482421875,3375000.0
2014-08-01,516.1660556440262,520.630183150758,510.3998649307863,513.1527709960938,1938080.0
2014-08-04,517.654113982581,517.654113982581,511.515945344236,514.8082275390625,1268445.0
2014-08-05,516.1659445295036,523.0109423506074,513.3572396036564,517.1239013671875,1323780.0
2014-08-06,518.3981251568521,518.3981251568521,510.3626619367239,511.6925964355469,827695.0
2014-08-07,513.0039041410798,519.8675217716668,507.8515646148421,512.501708984375,2158180.0
2014-08-08,513.3758869402318,521.690346510168,510.7718177071935,517.5145263671875,2317485.0
2014-08-11,518.0261075881941,518.0261075881941,504.3174904122493,506.1961669921875,1752710.0
2014-08-12,507.05174978796066,511.08804328381217,504.2802251636681,507.8608703613281,1240955.0
2014-08-13,507.86078583123486,512.3807117503806,506.30765377545225,509.9068603515625,1661830.0
2014-08-14,511.5158323737586,513.9431938821001,509.6929555177329,512.5853881835938,731110.0
2014-08-18,511.9064364569276,517.468047283526,510.0836163372697,516.0357666015625,616630.0
2014-08-19,516.5380602306212,530.0978403668954,516.4636420265226,526.349853515625,1053625.0
2014-08-20,526.7682971134715,539.416665177368,526.5822800139688,536.78466796875,1678815.0
2014-08-21,533.8924030135091,535.6966614006104,526.5823892782839,528.0425415039062,1124115.0
2014-08-22,531.6045239655742,532.0695384395694,519.5327663852856,525.6616821289062,1171600.0
2014-08-25,525.8383430018085,538.2262775314758,525.8383430018085,535.6873168945312,1064910.0
2014-08-26,535.5106502918313,544.9411573315534,532.9065806224846,537.4637451171875,1851475.0
2014-08-27,540.3838446402955,547.6008762907361,540.3838446402955,543.6482543945312,1660585.0
2014-08-28,543.5088129668223,553.3670948071876,541.7789163866121,548.3263549804688,6001720.0
2014-09-01,548.9029630093231,556.1199949734613,547.0800862792274,553.515869140625,1751040.0
2014-09-02,550.9491382804001,557.5523207072631,548.2427224168101,557.115234375,1643260.0
2014-09-03,557.6452761020537,559.9052961616849,553.3671660951677,558.1102905273438,2181430.0
2014-09-04,557.0872488728639,559.8215358040201,553.2648441443001,558.2590942382812,739635.0
2014-09-05,556.1571662499454,559.3192865564765,550.2049598251034,554.3342895507812,887570.0
2014-09-08,557.8313056386829,561.3282232769953,553.832192845086,558.5753173828125,1479665.0
2014-09-09,556.1572128008683,563.1975375070884,555.2551121273758,559.5797119140625,762250.0
2014-09-10,558.0173260240706,560.621395525958,554.873823879645,558.1754150390625,620775.0
2014-09-11,558.2218761325674,558.9473258656542,550.781645505404,553.6368408203125,520895.0
2014-09-12,553.3764494679008,556.6222409216224,548.8099762379936,550.325927734375,995710.0
2014-09-15,550.670017724845,557.6452335722183,550.670017724845,554.9295654296875,634355.0
2014-09-16,554.9296619314819,564.1462805286662,554.855243722122,559.8309326171875,1534425.0
2014-09-17,561.7654148640904,575.873938165366,560.1936636653578,573.2605590820312,2019795.0
2014-09-18,573.2697693881324,595.2091167762827,573.2697693881324,593.869873046875,2196420.0
2014-09-19,595.5905422824553,602.65873935928,585.7415110563786,599.4873657226562,1553430.0
2014-09-22,595.7764774582689,602.147209341052,585.5927066400563,597.394775390625,1244070.0
2014-09-23,596.1484525476992,605.4115597026761,590.5868985653111,595.051025390625,2360870.0
2014-09-24,591.535484843507,603.1980820748929,591.535484843507,600.6405029296875,2103405.0
2014-09-25,602.6587771821372,624.3284409964417,602.6587771821372,615.7536010742188,4004415.0
2014-09-26,616.0511356747568,616.9067463264992,595.4044837604052,599.394287109375,2545840.0
2014-09-29,603.9607461974297,609.708317567368,595.0324353516919,596.7437133789062,1612180.0
2014-09-30,598.9386035939797,605.3836969730929,598.1666637232497,600.7242431640625,1303405.0
2014-10-01,605.2628522245541,609.5410196152184,594.1025044019829,595.29296875,1599445.0
2014-10-07,597.0970788411685,598.0084888555155,574.4787727308868,576.4876098632812,1803825.0
2014-10-08,579.4079522871414,579.9659468708819,548.7170013634244,551.7302856445312,2196360.0
2014-10-09,558.007973313943,566.3782325542074,549.7958030763921,555.5155029296875,2733180.0
2014-10-10,555.3201879320034,566.3689348988453,553.4973677667808,557.8034057617188,1604615.0
2014-10-13,556.1571746248541,556.1571746248541,543.1367725433357,547.4428100585938,1350900.0
2014-10-14,546.8569564285751,557.0872736406744,543.4251477477565,545.9827270507812,1055800.0
2014-10-15,545.9827270507812,545.9827270507812,545.9827270507812,545.9827270507812,0.0
2014-10-16,544.132000098151,551.5071222569005,537.7427062752184,540.31884765625,1538700.0
2014-10-17,533.2785561931428,551.8605141343376,533.2785561931428,542.8764038085938,1780025.0
2014-10-20,551.3210996814006,555.8224643632374,546.8383537414854,551.7396240234375,1845085.0
2014-10-21,551.6931268761808,553.1811503349925,544.6899823671205,551.3768920898438,797795.0
2014-10-22,557.4593005972314,567.3175834397468,557.1430658202656,565.0390014648438,1329990.0
2014-10-27,593.3769837338422,593.3862931040071,571.9770123027827,577.6966552734375,1563725.0
2014-10-28,579.4171648203213,580.9702967892043,568.6381076695166,573.1022338867188,1003345.0
2014-10-29,572.2467784094905,580.3380412997346,557.4965334832593,566.4992065429688,3463675.0
2014-10-30,572.5256876717543,579.7799574838104,572.1444008527022,575.669189453125,2432810.0
2014-10-31,576.6178531162693,595.5811538769005,576.0598585448412,589.322021484375,1460065.0
2014-11-03,593.3397345368043,606.5461543795536,589.3964216474966,591.7401123046875,1549765.0
2014-11-05,595.1998906162395,607.3088853306448,590.0196227152367,604.9000854492188,2422220.0
2014-11-07,609.1688095552724,643.2078378872382,601.1984566398918,631.889404296875,4121840.0
2014-11-10,637.8137213575467,642.984679066365,632.3079669138185,640.2783203125,1782480.0
2014-11-11,641.7013046342864,641.7013046342864,632.6056517595997,635.8328247070312,1518390.0
2014-11-12,636.5117345904602,643.9891457209391,636.0467201896093,639.8040161132812,891450.0
2014-11-13,638.055618728788,651.5782183695685,625.9280624245946,645.1145629882812,1656955.0
2014-11-14,646.9280642155418,646.9280642155418,633.4426454973716,638.9391479492188,963005.0
2014-11-17,638.9298157376213,643.5427792384129,637.0604486791328,639.8133544921875,1017690.0
2014-11-18,641.719834962665,644.9098267508178,636.6976570267424,638.5484619140625,921960.0
2014-11-19,641.7199690237545,657.5304610141949,637.999853261298,655.3076782226562,1874455.0
2014-11-20,663.6685656837603,663.9661817279568,653.4940477783985,656.3492431640625,1174130.0
2014-11-21,656.0424322358294,657.9396708244982,651.3550500828836,656.7492065429688,598450.0
2014-11-24,654.7402704644096,661.1109449925507,651.9594934548348,655.1123046875,915475.0
2014-11-25,654.7402229221409,668.690653808266,643.5798782132407,664.6357421875,1648175.0
2014-11-26,665.9006896831934,667.5189308802776,652.3408524824675,665.0171508789062,1121145.0
2014-11-27,663.1105357694771,676.8749506850132,656.9909303587918,671.648193359375,1376570.0
2014-11-28,673.3222858560354,676.8378222457665,668.5605425635698,670.7833251953125,1176465.0
2014-12-01,669.992826362392,681.943674737935,669.992826362392,674.9126586914062,1071160.0
2014-12-02,674.8289407298869,674.8289407298869,665.9193048228527,668.0211791992188,861780.0
2014-12-03,665.3427393492568,665.3427393492568,648.964886255663,651.3829956054688,2300605.0
2014-12-04,654.9263384379747,654.9263384379747,643.8217915133266,646.4723510742188,1625010.0
2014-12-05,646.9188667751382,646.9188667751382,629.8341826223289,631.5826416015625,1597935.0
2014-12-08,631.6569116603843,633.4518603135509,615.781314286032,616.6834716796875,1808155.0
2014-12-09,619.3992678364351,628.5135400042593,617.5392099750645,624.021484375,1794005.0
2014-12-10,628.699371445197,636.4930161234986,621.2591421973248,632.7171020507812,1267475.0
2014-12-11,628.6436917037104,641.3478605872439,619.585219951809,637.9067993164062,1097185.0
2014-12-12,634.4657206892966,637.8044926193436,625.0723948330582,628.281005859375,938895.0
2014-12-15,622.9333337788925,627.8997129848804,614.2096583250213,624.1702880859375,933585.0
2014-12-16,615.9860611533182,618.9993457261917,580.3194185525366,584.4952392578125,5185610.0
2014-12-17,576.8040049854685,597.636620809681,568.6197610272255,587.8434448242188,4062645.0
2014-12-18,595.2184153113843,598.9385304070805,581.0819665948486,586.150634765625,1755995.0
2014-12-19,591.4983848657158,598.9386161218883,588.7269168874186,595.1162109375,2381975.0
2014-12-22,596.3345385528761,605.4488103667962,590.5962761674112,602.2681274414062,1156885.0
2014-12-23,600.7706871928297,602.0076414125032,592.0935592075265,596.3995971679688,1345395.0
2014-12-24,592.6144753867528,592.6144753867528,580.1985544874404,583.02587890625,3300015.0
2014-12-26,584.9882106977738,587.2946643336712,579.8079426243744,582.9607543945312,781425.0
2014-12-29,587.1736100078683,588.5594004836112,583.1466265183279,584.2161254882812,605330.0
2014-12-30,584.9509499769053,593.3583901163917,584.7091334001879,591.97265625,575680.0
2014-12-31,595.1905646626581,606.56485664789,593.7304692502896,603.8119506835938,1219965.0
2015-01-01,600.7985826459393,601.728611411645,595.962421711379,597.1714477539062,378210.0
2015-01-02,598.9386613191277,603.1517198328029,598.0086323419241,599.1990966796875,430070.0
2015-01-05,599.1989369036011,599.1989369036011,584.2440590438275,585.6204833984375,1468825.0
2015-01-06,582.1981084685871,582.1981084685871,568.2476745595953,570.2100219726562,1956675.0
2015-01-07,571.9863773721294,572.5350626207676,559.877383244312,565.3087768554688,1597185.0
2015-01-08,569.1776419008143,575.5111359396226,565.643543712491,570.3494873046875,1394180.0
2015-01-09,575.6877810080698,589.6382118887176,574.9809500944718,588.4849853515625,2968190.0
2015-01-12,586.4762295330194,597.8225940056602,581.5750155966998,596.5670776367188,1671110.0
2015-01-13,597.0785453093288,602.2866843694835,593.3584297622302,599.5617065429688,2453370.0
2015-01-14,596.1484493085283,599.5337676987409,593.5443800716155,596.7529907226562,1656545.0
2015-01-15,600.166226263314,605.2534568425699,595.9531683120489,602.760986328125,2218360.0
2015-01-16,603.0307293273393,612.8890124361596,601.0311445931233,611.177734375,2110020.0
2015-01-19,610.0989071000122,619.3991953180001,608.1830499976847,618.2645874023438,1243345.0
2015-01-20,621.6313286351397,621.6313286351397,612.3960918663205,614.9722900390625,1488550.0
2015-01-21,609.6338244115565,622.9146617463589,604.890700657383,620.4872436523438,2155780.0
2015-01-22,619.4177918400007,625.9093746186721,619.4177918400007,625.2118530273438,1228990.0
2015-01-23,630.5130809142213,630.5130809142213,620.3292534809455,623.044921875,2207395.0
2015-01-27,618.4411783997856,618.4411783997856,594.3534683102226,597.5248413085938,2061520.0
2015-01-28,598.938586936398,603.5887312449105,590.0288945472404,602.4819946289062,1248555.0
2015-01-29,601.5426088108154,628.6994607771571,597.1435908075764,625.5931396484375,7008190.0
2015-01-30,626.8394654164332,627.3695886900188,595.4045006104591,601.4031982421875,3163790.0
2015-02-02,591.4517628689737,592.2422645578622,583.1466133932025,583.890625,1931265.0
2015-02-03,576.9898147900394,580.151878237959,571.9490184826677,574.2276000976562,2612865.0
2015-02-04,577.5478407303485,581.5004628287446,573.827725814211,576.0411987304688,1074225.0
2015-02-05,574.385923382885,575.6879867695731,569.4009812566243,571.4191284179688,2110710.0
2015-02-06,571.9677763518487,579.7800418565845,563.5975162101142,566.2573852539062,1222480.0
2015-02-09,564.1554893206005,579.0266986204531,559.3193846125865,576.4505004882812,1760745.0
2015-02-10,578.6732466926632,585.0811020568676,571.9677185328711,582.291015625,1694925.0
2015-02-11,584.1139090967844,591.6657387120827,581.0726966351626,586.3645629882812,1164455.0
2015-02-12,594.2885172663608,621.8452804406983,593.795574660809,619.6224975585938,2286200.0
2015-02-13,624.9794318114928,626.6534725080958,617.7252176165729,621.9940185546875,1055275.0
2015-02-16,623.4913336671764,632.9404013509717,620.9151357123319,623.351806640625,749685.0
2015-02-18,616.9811813338719,627.9555107585073,616.069714432178,623.9098510742188,1048480.0
2015-02-19,622.5705443389743,631.815032737627,616.181251123604,629.2388916015625,858420.0
2015-02-20,632.0474746897512,637.0603429497132,627.025353825029,633.1449584960938,757390.0
2015-02-23,632.8287921016295,636.8837040023267,625.4629799793016,630.5223388671875,2079990.0
2015-02-24,627.7694991175131,634.2797013305836,621.3337151094975,624.9329223632812,1082050.0
2015-02-25,627.7693584473301,629.6387251747957,607.3087275053431,609.9779052734375,2027820.0
2015-02-26,605.0766971078147,610.656869746735,600.2405928989782,604.9279174804688,2485045.0
2015-02-27,604.3328011537989,613.6330906660594,595.4045459278136,609.7362670898438,2169240.0
2015-03-02,625.5373266944155,636.1210586161458,619.7897557195109,629.9364013671875,1361095.0
2015-03-03,634.0936782274946,647.8209135612108,625.5653293027513,633.8890991210938,1999645.0
2015-03-04,633.8890409184688,645.0679484156415,626.9510056842955,630.6432495117188,1453640.0
2015-03-05,630.2061535364426,641.7012966584042,630.2061535364426,640.1388549804688,1404490.0
2015-03-09,642.0732583765024,654.1822509681613,642.0732583765024,644.9842529296875,1170590.0
2015-03-10,647.3002156996878,647.3002156996878,634.4193361246695,639.3577880859375,1110320.0
2015-03-11,643.366202972683,656.9632229077152,626.4768439282471,645.068115234375,1548505.0
2015-03-12,645.4400470671948,651.9502492710426,635.2469100385366,638.5206298828125,1841340.0
2015-03-13,643.3940299578877,644.3426776717166,624.7004703706018,628.057861328125,970535.0
2015-03-16,630.5594643275936,632.1590864591889,613.8468756837218,616.2369995117188,1089025.0
2015-03-17,624.9793011901096,642.2313226304886,623.3052608433829,639.3854370117188,1772035.0
2015-03-18,640.7713209676438,642.4546710785995,632.4196792504059,637.4511108398438,852305.0
2015-03-19,645.4400363498421,647.3000940914843,634.475016398066,637.0139770507812,1389765.0
2015-03-20,639.5250443231764,644.509985275576,627.118434637471,637.3673706054688,1539650.0
2015-03-23,637.999870646724,645.4121742584615,637.7208733098295,643.3289184570312,948465.0
2015-03-24,650.8341397253126,655.6703008147089,644.1379210449527,653.14990234375,2612275.0
2015-03-25,655.670308793802,664.9705968617992,651.7641764523524,652.9918212890625,1969915.0
2015-03-26,645.4399701705892,649.5413720940177,623.3982768392508,640.9200439453125,2686595.0
2015-03-27,638.9111970852633,638.9111970852633,625.0165638853518,635.2841186523438,1219560.0
2015-03-30,643.1707367238091,643.1707367238091,627.3974272994434,637.1255493164062,1409625.0
2015-03-31,642.4639006214238,653.8102636333864,642.4639006214238,648.9276123046875,1400455.0
2015-04-01,658.646468855847,663.4453929344348,651.3364554304986,657.279296875,1413925.0
2015-04-06,656.6003588409452,687.1983302802502,656.4143417206772,684.101318359375,2183820.0
2015-04-07,682.2690669372334,689.1419930095317,678.0281381162464,685.4032592773438,1164730.0
2015-04-08,683.5710916239167,702.2274649968433,681.1809110632396,698.5352783203125,2219855.0
2015-04-09,698.4609746747375,700.12570587854,684.3152154522191,695.7080688476562,1549295.0
2015-04-10,696.777650471712,708.2727938417132,689.4025282415192,706.3383178710938,1077135.0
2015-04-13,703.10171418996,708.2540528772618,694.0804242290775,705.9569091796875,1317300.0
2015-04-15,703.1018026640442,706.821918022055,694.1084396801006,698.1912231445312,1468240.0
2015-04-16,693.8015573807671,695.8941223996769,681.3763849363994,684.5570678710938,1167935.0
2015-04-17,681.7855581486959,688.2213418295954,673.3408803846312,678.3909301757812,1292220.0
2015-04-20,678.9210612006182,691.1881440153555,658.4976071983377,663.4826049804688,1514980.0
2015-04-21,665.1379919280713,672.2248068594915,642.0919077276805,643.9519653320312,1936100.0
2015-04-22,649.1693636948955,666.830600216648,648.7880201270428,664.0963134765625,1698220.0
2015-04-23,665.7517805396229,668.6906463036266,652.6941410475071,656.3770751953125,858435.0
2015-04-24,652.9732349395093,664.2079993770055,645.5051327679628,648.072021484375,931160.0
2015-04-27,651.950244070318,653.7823737147028,624.0679964471726,629.7411499023438,2723495.0
2015-04-28,630.0015469524656,638.148551753939,621.417342322526,634.6981811523438,1383945.0
2015-04-29,634.8376135088399,643.0684021536508,623.1192737529968,629.1551513671875,1168845.0
2015-04-30,628.6994996877946,628.6994996877946,609.447891229079,615.7255859375,4007680.0
2015-05-04,619.3992168918372,633.3496497047165,616.795147452991,631.4989013671875,1264110.0
2015-05-05,630.5594756643255,636.1396480153373,623.3145723304635,632.9124755859375,1574005.0
2015-05-06,630.5594649131118,634.0563819424341,610.6661371974741,623.7516479492188,2039700.0
2015-05-07,615.9022435255886,622.3752641996032,604.5280098337944,610.6383056640625,2099680.0
2015-05-08,622.9333192661087,630.5130771832155,614.3770423985939,623.2030639648438,1342365.0
2015-05-11,628.6994988221071,634.233181799246,621.0267608557131,624.923583984375,1216890.0
2015-05-12,630.7455478988525,650.406370491035,625.5094811772866,645.2354125976562,6354760.0
2015-05-13,650.4528817490884,656.6003587364519,642.6499261853941,649.9320678710938,1952595.0
2015-05-14,650.1830972947048,658.4417574010223,645.439973223197,654.628662109375,1084320.0
2015-05-15,654.1822636559214,654.1822636559214,645.4399704569202,650.3598022460938,977035.0
2015-05-18,651.0203500509349,675.9451178142768,650.0903209794336,673.7967529296875,1734110.0
2015-05-19,672.4108232485861,686.8541977777512,665.9006216403702,676.3169555664062,1934910.0
2015-05-20,676.3169593633687,684.8732357350939,668.8767289122084,671.248291015625,1224490.0
2015-05-21,673.8989129481853,678.83736409787,667.7607449621165,673.192138671875,1149350.0
2015-05-22,673.3595158220116,680.7811279870806,668.6907527632663,677.553955078125,1027005.0
2015-05-25,675.2009609830039,681.4879652392085,665.2217693523856,666.9144287109375,1001045.0
2015-05-26,667.202700458143,670.5507815158244,658.088372579374,659.8089599609375,1452145.0
2015-05-27,650.1459289462833,669.34173695123,650.0901294890083,667.1375732421875,1199620.0
2015-05-28,667.1654557055423,669.6207453954613,651.066659222238,656.2190551757812,1456865.0
2015-05-29,663.1104643549243,664.6077969412906,649.1600338285234,657.5767822265625,3791700.0
2015-06-01,656.2282730128237,664.4125715455915,655.037865712708,658.1720581054688,792215.0
2015-06-02,655.6703074572969,656.804915352342,644.5099617984492,646.1375122070312,861195.0
2015-06-03,644.8819227872706,646.3699460003415,632.2334984183799,637.636962890625,741335.0
2015-06-04,638.5762941583246,645.3841109762919,632.2334916850455,636.5116577148438,827575.0
2015-06-05,637.9997153384336,645.7747419776907,633.3495716406317,635.3212280273438,762220.0
2015-06-08,637.0696629885775,641.3477723262255,631.2756023204724,633.7308349609375,927440.0
2015-06-09,632.419561896968,632.419561896968,616.2370386367652,617.8925170898438,1080750.0
2015-06-10,618.4504451167923,628.6342703782672,618.4504451167923,626.2069091796875,886690.0
2015-06-11,628.3275403585806,628.3275403585806,613.0750995293724,616.190673828125,947190.0
2015-06-12,616.8323091110959,621.2499460319974,614.5351651591654,617.0834350585938,778335.0
2015-06-15,619.3434773612462,626.0582590913214,616.2371557113045,617.6508178710938,1237170.0
2015-06-16,617.9111578889197,620.3850095224145,607.5971135128298,611.3265380859375,1597855.0
2015-06-17,613.8189760218379,625.6675332342504,613.8189760218379,622.5984497070312,1806375.0
2015-06-18,627.7322729342034,634.9678676380368,624.3562637756306,628.2251586914062,2159880.0
2015-06-19,630.7548531833702,637.3859630716821,627.6578413838495,629.5830078125,1766225.0
2015-06-22,632.6057175405614,637.9998742204361,632.4197003934353,637.2372436523438,1036010.0
2015-06-23,638.929838859987,641.4967276442704,636.6977468481427,640.4829711914062,766625.0
2015-06-24,640.4829903267553,646.3700891914252,636.3536597165943,638.8461303710938,1369165.0
2015-06-25,637.0697089069088,652.759289751533,636.4093680434961,648.3137817382812,2353050.0
2015-06-26,650.4622922743469,658.4605188083233,649.0672488022952,656.6190795898438,1224430.0
2015-06-29,650.8341418320695,658.6464064451866,637.6277215405872,654.9541625976562,1130240.0
2015-06-30,650.4621958964748,663.1105654632024,642.3151341445158,662.0782470703125,1976490.0
2015-07-01,659.9484618166396,671.1274269710623,657.6048276698576,664.710205078125,1313440.0
2015-07-02,664.412560986086,667.7513324068774,657.7907608344148,659.892578125,718390.0
2015-07-03,661.0645290622833,669.6021875305304,660.3205172970939,667.3422241210938,704885.0
2015-07-06,659.5764979321617,694.3130541515557,659.5764979321617,691.3276977539062,2391555.0
2015-07-07,691.1974648798731,698.2656615589194,686.0729967435587,695.6522827148438,1952545.0
2015-07-08,693.541142856174,701.3069184403037,689.1514335761524,692.099609375,1690125.0
2015-07-09,690.4533716258755,699.1770459041954,690.3696440614209,694.1827392578125,964305.0
2015-07-10,698.4372488054053,703.9633081153522,694.2669513536525,701.3732299804688,856355.0
2015-07-13,701.410694021679,708.760092364365,692.1163971239572,702.8038940429688,965105.0
2015-07-14,710.6207741034864,715.9317924642953,703.2526570996866,705.5715942382812,1374640.0
2015-07-15,708.9284651080296,714.3610440355727,706.8994447320388,713.4353637695312,966060.0
2015-07-16,712.5002854437424,725.4038225062233,712.5002854437424,723.0662231445312,1071235.0
2015-07-17,723.7208035662209,727.161743174017,720.2611448999709,725.0391845703125,1133300.0
2015-07-20,728.3959573225222,735.6798963504407,722.7950784122268,734.9879760742188,869360.0
2015-07-21,733.4451559114165,733.5199179960302,717.2689236127273,720.5696411132812,746460.0
2015-07-22,719.9805937466465,728.9663118756265,716.4835542796959,719.559814453125,689905.0
2015-07-23,724.4594366435616,741.4678121968926,724.4594366435616,731.8369140625,2702115.0
2015-07-24,734.1931811104929,736.6242614932906,726.6567634394671,730.995361328125,1587895.0
2015-07-27,728.3959082052495,731.2197462915941,715.632593789197,720.8875122070312,1698575.0
2015-07-28,728.7512839196941,731.2010834957055,698.8954715916362,701.1115112304688,2594915.0
2015-07-29,704.0848869361233,707.7315645571371,685.9450941125732,694.2388916015625,2177750.0
2015-07-30,699.2226726822516,735.6892207963947,695.8565526075253,731.78076171875,6650085.0
2015-07-31,741.8604260276203,765.5169160011952,739.8126870634287,762.262939453125,3523830.0
2015-08-03,764.8811637965537,778.635560721612,756.3816281444348,774.9421997070312,1823225.0
2015-08-04,776.2605519145475,784.488889236031,769.2757762090768,778.2802124023438,2000230.0
2015-08-05,780.402923611992,787.3035219927066,774.241043208021,783.8999633789062,1442725.0
2015-08-06,789.5475840075796,809.0898804483132,789.5475840075796,797.8881225585938,2328085.0
2015-08-07,796.2798449219988,799.4590029665935,791.0436450406294,796.4388427734375,1073790.0
2015-08-10,796.0928773933797,807.556416953707,793.5215180440088,796.5977783203125,1460555.0
2015-08-11,800.580990412827,805.4432081931477,782.6188575029263,789.8934936523438,1371000.0
2015-08-12,790.7069656654147,801.4879434579951,786.1813485206089,799.4589233398438,1430370.0
2015-08-13,803.0121489425474,807.491025998638,794.2414712700942,802.5913696289062,1165870.0
2015-08-14,806.5651475030139,811.2310431118367,790.6694740789133,796.2329711914062,1352505.0
2015-08-17,788.9865745574655,790.7725325410167,777.8315565532821,781.9644165039062,1080150.0
2015-08-18,786.2749550266516,789.9215758392645,777.7941375764311,783.8157958984375,2100885.0
2015-08-19,791.0435016664835,798.2900585670925,784.8815655910388,791.28662109375,2782205.0
2015-08-20,794.9707413934515,809.3142180178138,794.9707413934515,803.311279296875,3407185.0
2015-08-21,806.5558945622364,806.5558945622364,787.5278030236234,793.6710205078125,2078250.0
2015-08-24,776.0829477296342,785.1622037236806,752.5573740876989,756.119873046875,2007385.0
2015-08-25,762.2443539040404,776.0829296696331,735.315222698237,767.7330322265625,2271915.0
2015-08-26,767.6676419887975,772.3428407828828,742.6085878665601,759.4766845703125,2203760.0
2015-08-27,770.8468123975971,784.3113508989895,764.0023144045123,772.361572265625,3239700.0
2015-08-28,791.0435528876202,792.7453319183902,777.7192377237329,781.8334350585938,1473675.0
2015-08-31,785.3585486653923,807.8275806172126,781.8427901734136,804.6297607421875,2316040.0
2015-09-01,805.0410755361296,805.9013531212701,786.3683607605615,794.6154174804688,2487615.0
2015-09-02,794.7650251304975,800.8615022307553,781.1882875081859,785.46142578125,1677550.0
2015-09-03,791.9692899853076,796.5510074800349,784.5357127346073,787.1538696289062,1048115.0
2015-09-04,785.4333102993521,785.4333102993521,752.7069223702125,757.9151000976562,1829070.0
2015-09-07,762.9924279442195,765.7975471646026,734.9412357403879,738.02685546875,1125360.0
2015-09-08,738.1388970834134,749.9017104666725,720.2890242387717,743.8333129882812,2082665.0
2015-09-09,759.2522148758246,762.422013065834,739.9343203324005,755.7084350585938,3668120.0
2015-09-10,751.4072069091438,751.5942262550611,740.5514101615995,743.0853881835938,3044895.0
2015-09-11,751.3978991455028,753.4363359650515,741.6921822477659,750.6873168945312,1981335.0
2015-09-14,752.0524693479838,757.3822074067576,743.7306497063106,756.0170288085938,2069560.0
2015-09-15,753.6420146923903,753.6420146923903,744.4318962739575,747.3865966796875,1808375.0
2015-09-16,752.6975638241711,752.6975638241711,745.7969665947744,749.9766235351562,1729805.0
2015-09-18,755.1380307798529,756.4471091739078,747.4707509784536,749.125732421875,2746650.0
2015-09-21,747.9008076796391,747.9008076796391,736.9982703705813,740.0465087890625,1059220.0
2015-09-22,748.0223665764288,748.0223665764288,730.0789532636915,734.8850708007812,1332170.0
2015-09-23,731.14489768846,740.0184147323671,721.2896004375455,735.78271484375,878465.0
2015-09-24,738.6813623511352,747.8447399890273,736.1848223340106,742.46826171875,2595465.0
2015-09-28,746.5357474823461,790.4638959836984,742.4215498189587,783.7970581054688,4571020.0
2015-09-29,773.9137277616442,775.5313283384043,751.7719923478934,763.2636108398438,2578965.0
2015-09-30,764.4883606152391,784.498231053051,762.992320070667,778.3923950195312,2746920.0
2015-10-01,788.0047591184505,794.783797390309,783.563320250681,791.5953369140625,1986180.0
2015-10-05,791.0436473830223,791.0436473830223,778.7478515488901,781.739990234375,1572510.0
2015-10-06,791.4175696919848,804.9756443960563,789.1734517404362,794.129150390625,1675200.0
2015-10-07,794.0356490038182,794.0356490038182,782.9367333878698,784.60107421875,1330320.0
2015-10-08,789.9215956775287,793.6523952729563,785.6204355124886,790.14599609375,1642270.0
2015-10-09,796.8408496004769,803.180389136437,792.1469320095435,796.2517700195312,1328605.0
2015-10-12,789.3604801640581,801.0671377182007,777.1956052445654,783.095703125,1210975.0
2015-10-13,785.433456369401,795.307474680947,780.3281183576911,790.6790161132812,1329840.0
2015-10-14,791.0436173370473,796.6538557578774,781.7025794976125,784.8442993164062,1101435.0
2015-10-15,785.4333990088613,792.8388979341187,782.8620396668681,786.8265991210938,1268355.0
2015-10-16,786.6301877375264,800.3097653748201,777.9997329208214,798.5238647460938,1019710.0
2015-10-19,791.0623922697414,815.3547080852909,787.3689736344234,813.0358276367188,1683600.0
2015-10-20,817.2247348301031,820.3290736232022,798.645499714864,807.8182373046875,1816010.0
2015-10-21,797.5887668458704,797.5887668458704,778.5139364636456,780.4962158203125,4546375.0
2015-10-23,783.563318692658,784.9471592746318,774.4654000925285,783.2640991210938,7302805.0
2015-10-26,794.9706839841916,796.8407631951305,777.1207528048527,785.5735473632812,4354730.0
2015-10-27,790.0992622653232,790.1086217944621,778.4206244306388,781.5249633789062,4071250.0
2015-10-28,785.4333716529443,785.4333716529443,763.0111372342037,769.2852172851562,3227090.0
2015-10-29,769.5282331890253,792.9135827745054,763.5907545423551,789.4259033203125,6075625.0
2015-10-30,796.8408846051376,816.3551595789386,791.0436267538748,800.3753051757812,5226980.0
2015-11-02,795.3447845878735,806.9673788447463,791.6420637211785,803.4422607421875,2237600.0
2015-11-03,806.0042423244086,812.5495203943283,803.9938840891007,810.70751953125,2533870.0
2015-11-04,811.6331647723508,818.9451819497036,806.004207612148,808.4166259765625,1432455.0
2015-11-05,805.0878642718895,809.4077429244996,792.3712906859969,794.6715087890625,1511245.0
2015-11-06,796.2797930300113,802.6381087048419,676.0337093299994,678.9603881835938,20077465.0
2015-11-09,667.618374369191,668.5534141092038,644.4200407022835,654.7428588867188,8571740.0
2015-11-10,654.1538912044289,654.1538912044289,617.1263339929731,622.8674926757812,9468305.0
2015-11-13,620.1183831748193,637.4539998617865,616.7522057807424,633.8821411132812,8533480.0
2015-11-16,643.3073762319281,659.2030526795193,637.6971374857193,656.2483520507812,6525455.0
2015-11-17,647.0474542879267,649.1139125123885,637.7157766056321,643.5504150390625,3942100.0
2015-11-18,640.1281202344654,642.1852188742579,628.3466434970128,629.6463623046875,3717640.0
2015-11-19,635.8270077090581,636.7620474262773,586.8028821836907,613.5917358398438,19031830.0
2015-11-20,620.3053156543417,631.5538127681127,618.949496771791,627.0562744140625,3921190.0
2015-11-23,628.3467051219047,640.2778213325503,628.3467051219047,637.5568237304688,2838850.0
2015-11-24,635.6399933423484,637.51007279147,626.476615455712,633.5267944335938,1607540.0
2015-11-26,589.0751099990965,598.4067895108707,576.1715713846056,579.864990234375,13707815.0
2015-11-27,585.3347847227186,587.1955043799682,569.8224527770478,579.5936279296875,6941180.0
2015-11-30,582.5297051825323,586.8308647682836,580.1079273646656,581.5946655273438,3855655.0
2015-12-01,585.7089089094167,602.9977843625295,585.2413890450479,600.4638061523438,5924780.0
2015-12-02,603.1006338146939,610.5809517534808,602.1655940723456,608.0844116210938,4179595.0
2015-12-03,607.2146981895743,607.2146981895743,598.6403445442043,602.8480224609375,1960590.0
2015-12-04,597.3407999165028,601.4736594997789,594.6852620004137,597.5838623046875,1629340.0
2015-12-07,598.9770801064868,599.4165213523571,589.5144262553175,594.66650390625,1733125.0
2015-12-08,588.8504613736072,589.6172005817314,569.0649943763816,572.8425903320312,4393125.0
2015-12-09,555.0302389744404,565.5119974551127,551.95392184565,560.1261596679688,5197810.0
2015-12-10,559.9017780002852,568.0740160959606,554.7871380792368,560.1448974609375,3435450.0
2015-12-11,560.2663785911794,565.5025775079647,551.8603817426658,555.2265014648438,2429255.0
2015-12-14,554.665592434608,564.2030093213742,551.9072137514814,562.96875,1876560.0
2015-12-15,563.080990112808,568.868888872115,558.4618911266219,559.9392700195312,1973825.0
2015-12-16,562.3141572211554,569.065116195723,560.5281995050789,561.8653564453125,1604035.0
2015-12-17,567.7561561207347,572.9829964421818,562.9967786109942,564.3806762695312,2461875.0
2015-12-18,561.9588550378166,562.5666536658917,555.3761961497343,556.1990356445312,2192485.0
2015-12-21,557.9381576708747,566.5405336660667,554.0203393451336,562.791015625,1833850.0
2015-12-22,564.801412055289,567.0081493247126,560.0888320769444,561.2295532226562,951540.0
2015-12-23,563.829007117237,566.8678865088308,562.9220458925674,565.624267578125,863570.0
2015-12-24,568.2235971929882,570.1965171245431,561.9588202289568,562.8938598632812,1132870.0
2015-12-28,563.8289497951772,585.1478439455128,563.8289497951772,583.595703125,3759550.0
2015-12-29,579.7246951145692,588.5421138708593,577.8546154529092,579.8181762695312,3116650.0
2015-12-30,581.7817086691927,593.189204343156,581.7817086691927,583.6798095703125,3166420.0
2015-12-31,585.1478639003346,590.0100820124363,578.8550646478635,581.3328857421875,2729505.0
2016-01-01,583.2404033564097,584.025804786727,577.8545652673307,581.3328857421875,859300.0
2016-01-04,580.6596545142597,583.4647736181934,568.9810177761299,571.4962768554688,1669965.0
2016-01-05,573.1793015160348,576.9942792415326,572.2442618724524,574.2359008789062,1507525.0
2016-01-06,574.8530117664112,578.2285483109081,567.5316923225286,569.6729125976562,1333990.0
2016-01-07,564.9510135530846,564.9510135530846,555.4135969390618,559.4903564453125,2419515.0
2016-01-08,557.2836836227234,567.008119722111,556.4982251321904,563.0248413085938,1854355.0
2016-01-11,559.8082598112219,559.9017409497657,546.5119660755291,548.2137451171875,2329895.0
2016-01-12,545.3152014368034,550.3457199295917,540.4997238271046,546.6710205078125,2357910.0
2016-01-13,548.8682508776199,551.5424504644133,533.9824362713182,540.6305541992188,1875845.0
2016-01-14,538.5828352808747,546.9981920821384,533.7206177149753,545.1281127929688,1956610.0
2016-01-15,548.157620528443,554.4784975235326,546.7083205240161,549.0365600585938,1705645.0
2016-01-18,547.5591438887976,551.8042600191335,534.86134774577,537.6290283203125,1377180.0
2016-01-19,541.930317761959,550.8692948867158,531.4111212833873,545.2216186523438,1225980.0
2016-01-20,541.0138855568447,542.8839647424132,534.4499464232949,536.7314453125,1976660.0
2016-01-21,541.2009385481144,541.2009385481144,514.2811675429512,515.5995483398438,3119925.0
2016-01-22,520.6301229105125,544.5390962364612,519.7044426865493,539.0223388671875,1922080.0
2016-01-25,544.1931279872432,547.1852665654935,538.6577087131728,542.9308471679688,943135.0
2016-01-27,545.6890523711846,557.6576041318518,542.3229328574247,555.9744873046875,2136065.0
2016-01-28,556.0867694969365,566.5966634089634,554.4785286457013,563.1182861328125,3050750.0
2016-01-29,560.6404432874303,583.45537627871,555.600565927105,580.7344360351562,4349920.0
2016-02-01,576.919385870856,586.8307819896326,568.7377900420553,570.4675903320312,2828705.0
2016-02-02,572.244268756898,581.1458645333875,568.6911294825965,570.0936889648438,2046945.0
2016-02-03,568.1114651594377,568.1114651594377,560.5189469834643,562.5759887695312,1709585.0
2016-02-04,570.1872575118803,570.1872575118803,555.4136401148057,562.6414794921875,1690605.0
2016-02-05,563.6606373474224,584.2127916378756,559.7895593025444,581.4263916015625,2201340.0
2016-02-08,579.5375685475416,584.2127668370027,567.0080713739608,574.1798095703125,1702935.0
2016-02-09,571.8702005381666,582.5296748809576,551.2993291940558,553.4686279296875,5609845.0
2016-02-10,542.3229196681268,549.3637946223816,528.2973269180891,539.5271606445312,3199525.0
2016-02-11,542.3229108439546,556.8253826427682,533.3465544580985,539.583251953125,3930550.0
2016-02-12,545.1093409567766,548.709277482035,528.353448127905,532.4956665039062,2541695.0
2016-02-15,537.1429170515362,541.7432963140132,526.0626625614774,534.6650390625,1903910.0
2016-02-16,535.2540744058834,546.7176691080695,532.0656144599665,534.0291748046875,1654515.0
2016-02-17,538.4145832605035,558.9667382284233,538.4145832605035,553.6744384765625,3638300.0
2016-02-18,570.374288732724,589.8979246897239,564.7640498271562,580.3978881835938,5658600.0
2016-02-19,580.6596551797073,580.6596551797073,569.5700980063182,572.0198974609375,1927980.0
2016-02-22,574.1143030631284,583.0532791798015,573.6280642182378,581.2205810546875,1438030.0
2016-02-23,583.4647884952226,588.8880074870485,573.3663708776336,576.1527709960938,1731230.0
2016-02-24,574.9933481565887,574.9933481565887,561.0238519599735,563.4923706054688,1986430.0
2016-02-25,563.0621607337234,565.2782001037502,558.2186622713284,559.9859008789062,2799830.0
2016-02-26,564.7639296810905,566.5966278790022,552.8328150155219,559.9110717773438,1215375.0
2016-02-29,557.3959199604477,575.2364952905267,556.9190405320979,567.8029174804688,2509475.0
2016-03-01,568.5041047458617,570.2713433736027,561.023787578153,565.6148071289062,1597260.0
2016-03-02,570.3554278275385,575.0306257527986,562.1458099473311,563.8756103515625,1842655.0
2016-03-03,572.6183765454315,598.6124706724255,572.6183765454315,596.2094116210938,4450185.0
2016-03-04,601.034061866561,613.9469559855415,598.425322023667,608.2899780273438,2963165.0
2016-03-08,609.6458557922452,611.5159351044914,596.1812619159564,602.0813598632812,1503355.0
2016-03-09,602.3525678411793,603.3062694983846,593.6379912536868,602.1561889648438,1751980.0
2016-03-10,605.0642609515829,605.0642609515829,590.9451821183326,595.4801025390625,1273630.0
2016-03-11,594.6852884236026,602.577026294929,594.3112496908145,600.4544677734375,1540835.0
2016-03-14,600.2955417994524,607.2148590346063,595.0967228791413,604.71826171875,1689115.0
2016-03-15,604.5967007700863,604.5967007700863,581.4077255691825,585.9613647460938,1074240.0
2016-03-16,581.7816712421735,591.6369684316622,573.4130551102407,589.8790893554688,1458955.0
2016-03-17,591.7679222990954,591.898841552284,580.7251058667758,584.4932861328125,1481985.0
2016-03-18,581.2207138432825,594.3112709755212,577.1813921500557,593.058349609375,1904355.0
2016-03-21,590.3840790780855,598.2383781784812,584.689662293792,595.1060180664062,1624205.0
2016-03-22,594.6853196179632,598.4067598021328,569.4392447285213,571.8610229492188,5177515.0
2016-03-23,572.2442251249805,575.7506235632463,566.82100695452,569.9814453125,2024905.0
2016-03-28,568.1301761883278,574.9653150424648,563.6607154907923,567.6907348632812,1902365.0
2016-03-29,566.6341053150575,566.6341053150575,539.9200120163721,550.0465087890625,2533990.0
2016-03-30,555.6192046438844,565.9420783700659,547.0823455863276,563.950439453125,1805565.0
2016-03-31,565.1379840241777,572.8052634536627,561.6783259251007,567.6064453125,3311230.0
2016-04-01,564.8013500323875,565.9140495388723,554.5066110532489,557.2742919921875,1585615.0
2016-04-04,562.5198506086642,569.3082478402287,560.4628089617722,563.2211303710938,1532140.0
2016-04-05,561.9588857538378,568.5041639572935,559.5464672363096,561.005126953125,1418750.0
2016-04-06,562.7069020435988,568.5041598242874,555.4323225697698,561.2949829101562,1148040.0
2016-04-07,561.9588338671668,575.0493890654036,561.9588338671668,567.7093505859375,1792820.0
2016-04-08,570.3742350773751,577.7517122410667,566.6901762598012,568.34521484375,1104765.0
2016-04-11,566.4750513948818,567.5690317366707,560.088715008675,566.4937133789062,1142755.0
2016-04-12,570.3741592259805,579.3505166086347,570.3741592259805,576.4986572265625,1435325.0
2016-04-13,579.7245846527751,583.9696441305728,576.928825222551,579.631103515625,1819860.0
2016-04-18,580.4726241413745,581.4076638249368,565.1192885169647,578.0509033203125,2260020.0
2016-04-20,582.7167809594455,585.334880833459,579.603082626447,581.3609619140625,1775285.0
2016-04-21,583.2777659370478,587.1862251183136,581.3609459250573,585.5592651367188,1538560.0
2016-04-22,583.0720416389426,590.9450595218784,583.0720416389426,587.569580078125,1214865.0
2016-04-25,590.6552689354414,592.6095271469503,579.2664914943854,582.7448120117188,902240.0
2016-04-26,582.9037330869227,586.241774372324,579.818056625663,583.511474609375,886920.0
2016-04-27,579.6872603916755,586.2699196459015,577.1065415662929,585.4751586914062,966445.0
2016-04-28,585.316056020919,587.952874475921,574.4135196663916,576.61083984375,1641560.0
2016-04-29,579.7246491767852,581.2206899594449,573.5534096104417,577.6114501953125,1937975.0
2016-05-02,576.1620206267964,576.1620206267964,561.9587676280612,563.2304077148438,1065565.0
2016-05-03,562.7069353555121,566.2600751506983,551.9539777485827,553.4219970703125,1743355.0
2016-05-04,551.4864536602022,553.3565332297995,546.0632343224297,548.5504150390625,1170210.0
2016-05-05,549.6163599383863,552.0474975584424,544.3801601064617,547.84912109375,1009435.0
2016-05-06,546.0537696854686,546.0537696854686,534.8332944276722,536.0208129882812,1220560.0
2016-05-09,533.1595552745656,536.6846155203572,527.7363373754149,531.11181640625,1968910.0
2016-05-10,535.5907306187294,553.9175430449887,533.0193714347381,546.8953857421875,2237095.0
2016-05-11,544.8663657171787,544.8663657171787,533.9170861669909,536.4697265625,1815880.0
2016-05-12,536.8998367682013,558.7797327128688,531.8599588103428,555.6847534179688,8655965.0
2016-05-13,542.3043536305764,550.4953112389844,539.461853243171,545.5396118164062,3378110.0
2016-05-16,547.3348596588344,566.2600552506964,547.3348596588344,561.47265625,3630650.0
2016-05-17,563.4456600328111,567.9431992026855,562.725661121964,564.34326171875,1535665.0
2016-05-18,563.9224285687575,569.4391857083356,561.0238282840744,565.755126953125,1257295.0
2016-05-19,570.2807354180106,570.2807354180106,563.8289386648721,565.8112182617188,1812590.0
2016-05-20,568.5042278785284,569.4392677270127,565.1381072521058,567.3447875976562,1137700.0
2016-05-23,564.7640421597436,569.8693800398071,564.5863823140005,566.5967407226562,1195245.0
2016-05-24,565.6990332309339,568.5041524039798,563.8476728392181,565.7271118164062,884955.0
2016-05-25,564.7639040218639,575.0493393600104,564.7639040218639,570.6640014648438,1047270.0
2016-05-26,572.6931167903499,581.5947133014456,572.253675510054,577.9854736328125,1407535.0
2016-05-27,576.7324985781811,586.8309163274101,575.0775170508883,582.7261352539062,908980.0
2016-05-30,581.9686997836263,594.0026554885966,581.9686997836263,592.8618774414062,1377375.0
2016-05-31,593.4789920920789,598.1822115007502,590.9450142861499,595.264892578125,2781820.0
2016-06-01,596.5552917364058,602.1468105343888,593.2078338375766,595.2742919921875,971200.0
2016-06-02,593.1892027730522,598.19164229157,592.1980629834464,594.133544921875,1192120.0
2016-06-03,595.994324275841,597.8550441371905,587.6350671217668,590.9638061523438,1693175.0
2016-06-06,590.2719774701167,592.6282390586365,584.6430193719531,589.2994995117188,1994080.0
2016-06-07,587.2329221720832,595.2461609782249,585.70880312389,590.1876220703125,2996330.0
2016-06-08,588.8879342136073,592.029653602335,586.2698347230009,586.821533203125,1182665.0
2016-06-09,579.4814507159208,579.5375508108657,572.6650323638071,574.2919921875,2852425.0
2016-06-10,571.3559983830617,578.4248962460092,570.3742181102095,573.3289184570312,1481405.0
2016-06-13,573.9272243856975,580.1452597880497,573.7402050746717,577.5271606445312,1983470.0
2016-06-14,577.4805701585612,581.4451869354765,575.9845292742812,579.2197875976562,1349660.0
2016-06-15,578.789542349512,578.789542349512,575.4981845247082,577.2467041015625,1088955.0
2016-06-16,577.2467573710423,577.6675366657036,567.0081179326316,570.0469970703125,5407740.0
2016-06-17,576.1715186609107,578.7708995493446,560.986481901719,561.5755615234375,5331775.0
2016-06-20,562.1460731845665,572.9925146221392,562.1460731845665,571.6741333007812,712150.0
2016-06-21,575.7974732741042,578.6025925564434,568.1301358216508,570.1965942382812,662355.0
2016-06-22,573.9273287418879,586.0828442551289,573.1512298486685,580.6783447265625,1533625.0
2016-06-23,581.2861257662918,594.4888820246634,581.2861257662918,593.1050415039062,1082000.0
2016-06-24,581.5947443859562,592.2448611994777,576.9195454761013,589.682861328125,1491785.0
2016-06-27,585.708860771657,611.1418936468166,585.708860771657,607.1399536132812,2081950.0
2016-06-28,605.9057051989114,614.3210622155628,604.9987441141903,612.0863037109375,2009200.0
2016-06-29,616.93917666199,621.231033954291,609.5149592331888,612.3948974609375,2120195.0
2016-06-30,622.3999088738641,634.5367072681154,620.1184094691365,632.4048461914062,3062975.0
2016-07-01,641.4372457397711,655.6031202777399,641.4372457397711,651.5543823242188,2745410.0
2016-07-04,664.9253425191887,665.4583219289888,639.2491350701997,642.3721923828125,1702580.0
2016-07-05,643.3072923972398,650.7969692786347,641.4372130588757,645.2802124023438,1583845.0
2016-07-07,648.8988139622601,663.130147460912,648.5434943209207,659.1655883789062,3010480.0
2016-07-08,661.4563775853646,667.992352716345,653.5927191935493,665.9819946289062,1073090.0
2016-07-11,669.8624068708666,680.5218243010652,668.2914900867677,678.1748657226562,1339315.0
2016-07-12,678.2778184107973,679.1941390505241,666.8796822319931,672.5460205078125,1405505.0
2016-07-13,674.1636553671048,678.221752966653,664.8132579278939,676.1459350585938,931630.0
2016-07-14,672.0503523221714,673.6305715274532,665.7481945555184,670.0867919921875,1085130.0
2016-07-15,669.6753538394972,675.8092111577901,666.4494558974201,670.984375,1368450.0
2016-07-18,674.4164898467625,678.8828242166086,666.4711045949977,670.9374389648438,1135725.0
2016-07-19,670.796354310646,677.5663302456416,670.0534957393651,674.3505859375,914720.0
2016-07-20,675.8738777220689,693.8990459265582,675.1216645042804,691.416748046875,1512415.0
2016-07-21,689.0378246814686,689.0378246814686,676.1371984185687,680.19921875,1209170.0
2016-07-22,679.5974806854542,684.8442645489794,673.062516488745,676.9740600585938,1585395.0
2016-07-25,671.3606564703911,673.0813868272392,651.6147548094972,654.8775024414062,2805770.0
2016-07-26,655.9400071363225,661.5723385726633,618.723726222378,624.28076171875,7676225.0
2016-07-27,567.9485497885388,577.2197067043345,556.3172783728164,560.445068359375,23594215.0
2016-07-28,562.0999862845027,567.7040818641193,555.311184819009,556.599365234375,5719065.0
2016-07-29,557.7746073087004,559.8432366404593,550.0831169030502,552.0106811523438,3448735.0
2016-08-01,555.3299799661527,564.7234361136333,554.4085228774721,560.5015258789062,3112110.0
2016-08-02,562.0999282524706,563.9804901117228,557.5865912683038,559.9090576171875,2047300.0
2016-08-03,559.3731964674266,559.8433369729834,551.0046725124382,552.7254028320312,1737965.0
2016-08-04,556.3831428731526,560.7460612482201,551.21159647061,557.107177734375,1502550.0
2016-08-05,560.8681516798067,566.9893895956834,558.6679264855551,565.8046264648438,1488330.0
2016-08-08,569.7726665130265,572.5840973779567,565.8610656129711,570.9761962890625,2015970.0
2016-08-09,571.6908145229648,575.1322175297563,568.1271704021157,571.37109375,1210050.0
2016-08-10,570.1863078344879,570.1863078344879,561.9117907697498,564.1026611328125,1249310.0
2016-08-11,563.2187763053993,568.6159788104773,559.147344450972,566.2088623046875,1139890.0
2016-08-12,565.6166456703926,568.305893106652,561.1597226481363,566.2654418945312,1209155.0
2016-08-16,565.861039978566,567.5441795366496,560.7835575003091,565.4567260742188,1523125.0
2016-08-17,560.8022929007,567.9108138870293,560.8022929007,565.04296875,1763255.0
2016-08-18,569.8101853424694,572.2548925545303,567.1115839403958,569.2836303710938,1323700.0
2016-08-19,569.8102191275855,570.9103316992218,564.7326793674018,566.0773315429688,869430.0
2016-08-22,567.5535622061999,568.8229759311869,560.9715955128004,566.61328125,866895.0
2016-08-23,568.4937473996678,568.6536364562289,563.2281978880076,565.8986206054688,1088960.0
2016-08-24,568.8699461098422,572.4430020619152,565.522548391977,571.6531982421875,1269565.0
2016-08-25,573.7593996777811,578.8368819533993,571.8788379334358,573.6277465820312,2323985.0
2016-08-26,575.4519989043223,577.5300406719489,568.8700315965931,571.76611328125,1172565.0
2016-08-29,574.5116139576064,575.2638271786946,567.4595074032986,573.9756469726562,729315.0
2016-08-30,576.2042032701229,582.974238159042,571.8789334914743,581.2347412109375,1078005.0
2016-08-31,582.5040259974992,588.6440879108346,579.1754522236971,581.0653686523438,2390975.0
2016-09-01,577.3419788525332,584.6479810032263,576.6367680623953,582.5323486328125,1361525.0
2016-09-02,582.428838262696,590.3083975975458,579.6079952757149,587.3088989257812,981150.0
2016-09-06,588.8039631735643,591.436738448555,585.8890576914486,589.189453125,662725.0
2016-09-07,589.7442453539938,593.8156780888785,585.9172948576754,590.2802124023438,762925.0
2016-09-08,592.9693462185814,601.4036383110109,590.872538184716,599.6077270507812,1002560.0
2016-09-09,596.608232091481,606.481181558716,596.250920757642,600.519775390625,997660.0
2016-09-12,592.9411902460016,598.9590117502787,588.9920558609064,590.045166015625,837335.0
2016-09-14,592.3675631151308,596.1380987581613,589.556132368087,593.8438110351562,702670.0
2016-09-15,594.9910543909434,597.9811411628363,589.001411464279,590.39306640625,559065.0
2016-09-16,590.6845431165754,597.6708241477304,589.5561944243265,592.4052734375,1041815.0
2016-09-19,595.5739479226629,597.0595504309752,590.6844757407624,593.7591552734375,664425.0
2016-09-20,596.1380987581613,601.7797842353679,592.4428016574141,593.8438110351562,1405770.0
2016-09-21,594.6337137828988,597.8306346758068,589.5561735427202,592.941162109375,1250240.0
2016-09-22,592.7531497845121,597.1724244562599,590.9007664202711,592.245361328125,1438040.0
2016-09-23,595.9500177189847,599.3256513720846,592.452200348932,598.432373046875,775585.0
2016-09-26,598.7709052548914,605.5409396608154,594.4550477768742,601.7139892578125,1160760.0
2016-09-27,600.8395727290482,605.5409778364743,598.0187296645927,600.0309448242188,873535.0
2016-09-28,601.6293348202722,606.9888898467003,599.4572883144552,601.8455810546875,1185835.0
2016-09-29,601.7798227948218,603.6227941626015,585.0710115376716,589.6314086914062,2161055.0
2016-09-30,588.2397365959617,588.4278042631157,575.1322179190314,584.3657836914062,1185890.0
2016-10-03,585.7197177672115,598.9588879050721,585.7197177672115,594.3609008789062,1080630.0
2016-10-04,597.8306384518352,597.8306384518352,590.9477747586469,592.0667114257812,792700.0
2016-10-05,592.0008050340881,592.3581163512184,583.9144126141862,587.32763671875,904875.0
2016-10-06,585.7950580197468,586.7071030346979,575.4519671076806,578.6771240234375,802650.0
2016-10-07,577.3326235246041,579.5893212306199,572.6312177955763,574.380126953125,902585.0
2016-10-10,574.3235287653376,582.7484657987274,571.5026862297611,578.9591064453125,1585075.0
2016-10-13,577.4828554098498,580.1062756830208,569.358872569255,573.5995483398438,1939985.0
2016-10-14,576.00669416478,576.00669416478,568.230552859761,570.0452880859375,2060800.0
2016-10-17,569.8102115782725,574.6714476441012,566.4252233764579,569.6127319335938,1004740.0
2016-10-18,570.7505718757676,574.3236282282517,568.117796531316,572.6969604492188,776260.0
2016-10-19,572.8191449201487,578.0846950882933,572.8191449201487,576.4862060546875,1071645.0
2016-10-20,578.2915670516378,581.0935857182336,574.6244486517086,578.9873657226562,504830.0
2016-10-21,582.7861339172133,591.0605949778611,580.8303334297233,585.53173828125,1568765.0
2016-10-24,586.7352033329731,589.0389027087115,577.7272974433212,580.9524536132812,1368975.0
2016-10-25,584.6479186172929,603.4723042746799,577.0504324463213,601.8926391601562,5564420.0
2016-10-26,602.9082304602689,612.1041494346538,592.9694527146764,609.7346801757812,2462735.0
2016-10-27,613.0631454454251,626.7818689977976,609.7157477444289,625.2492065429688,3454425.0
2016-10-28,624.3465345860894,639.3722054120193,623.7259744268906,632.517578125,2748385.0
2016-11-01,625.8509563337842,632.1978525330128,621.1401971403409,625.5877075195312,1557965.0
2016-11-02,622.6540189084624,628.1076366105758,611.1825805342429,613.2135620117188,2000180.0
2016-11-03,614.943662098314,618.7047854139,612.1322316023435,613.5050048828125,804100.0
2016-11-04,595.7619515491562,595.7619515491562,576.7306754348917,579.1566162109375,3160050.0
2016-11-07,587.4875399064528,593.3078814195222,579.410558494398,584.2247924804688,1145850.0
2016-11-08,585.0428146570723,591.8128489298541,582.7861174360803,586.5472412109375,1515015.0
2016-11-09,564.356728552563,628.2958434493765,556.6558240362945,617.303955078125,3319875.0
2016-11-10,622.4658771924109,626.8569723716314,614.0127621513361,616.4951171875,1567985.0
2016-11-11,607.0452398348335,620.7451374881728,607.0452398348335,612.3578491210938,1673675.0
2016-11-15,612.4049852671335,626.2271270263857,612.4049852671335,622.59765625,1595030.0
2016-11-16,627.1674193217578,630.919131283395,600.8395516440829,603.8390502929688,1684820.0
2016-11-17,598.4888115533939,606.4811994531643,593.5241006989496,603.1243896484375,1160635.0
2016-11-18,610.0543030452089,612.6870783746064,590.8913716198628,604.5724487304688,1093480.0
2016-11-21,600.6703168392501,600.7831459683221,585.0522631630528,589.443359375,1215280.0
2016-11-22,589.5561272078477,592.8941129412732,578.3385829023428,587.0455932617188,1066840.0
2016-11-23,582.9740993675645,591.624694255572,582.0432305526169,588.3524780273438,1548100.0
2016-11-24,589.5561836954719,592.1043658516602,580.1533737481757,585.1744995117188,1484920.0
2016-11-25,587.4875676765218,602.4662373836995,578.4608928735043,595.8466796875,1520805.0
2016-11-28,596.2320978207773,599.9932214339416,594.4455985386395,596.6834716796875,1021955.0
2016-11-29,596.8621766134675,602.3063828324324,594.2575799314997,599.5701904296875,1211525.0
2016-11-30,602.7200889266315,605.1554418387228,597.7177873860022,601.1968383789062,3023250.0
2016-12-01,602.72011986353,610.665505776588,600.980622972889,609.0670166015625,1061115.0
2016-12-02,598.7708179188593,602.8704285424669,592.7154071098786,598.1126098632812,1705250.0
2016-12-05,601.3096051455132,601.3096051455132,586.4625911457033,595.7901611328125,2031470.0
2016-12-06,598.206648609715,604.0269889811556,597.9903450032194,601.0086669921875,575135.0
2016-12-07,598.9588735430872,603.4722099347624,596.2414482395532,598.7332153320312,767295.0
2016-12-08,594.257512020744,609.5934907711148,591.0605340949362,603.9800415039062,1314555.0
2016-12-09,604.9767434199006,604.9767434199006,595.2166232576338,599.2222290039062,582285.0
2016-12-12,599.7111988237345,599.7111988237345,590.2425624484524,591.9821166992188,556605.0
2016-12-13,594.0695283004773,598.0187200049647,591.3239238313452,595.5457763671875,398070.0
2016-12-14,595.0097217847273,595.6209273049952,590.4869731053128,591.9443969726562,448350.0
2016-12-15,592.7529817126086,594.2198173225537,583.2937600788206,584.3844604492188,612955.0
2016-12-16,586.1711210674682,589.1799739585828,583.246803926499,584.4409790039062,800170.0
2016-12-19,584.8547041728687,585.7949850477446,574.530438531591,577.1162109375,1089050.0
2016-12-20,578.329235808722,580.7175289140376,570.9762314225064,572.9132080078125,1250775.0
2016-12-21,573.9475899408012,576.7684331599266,567.9673586997017,571.0985107421875,1171200.0
2016-12-22,568.5596573687859,571.6908089541872,564.3566291331426,566.4910278320312,1264925.0
2016-12-23,564.3754301573313,571.8224969439702,560.4262958982862,563.8959350585938,716295.0
2016-12-26,562.2879798457258,569.4340917505647,560.2381743645493,561.5357666015625,533075.0
2016-12-27,561.9118375267186,571.6907817495639,560.9715566356831,570.7410888671875,677985.0
2016-12-28,571.3522807141557,585.1837755601944,571.2676301843064,577.247802734375,736635.0
2016-12-29,577.2478184391965,579.5797540818702,571.9916803797398,576.6272583007812,953795.0
2016-12-30,578.2728261835308,578.2728261835308,573.0260420328051,575.5272216796875,885245.0
2017-01-02,576.580318524429,586.1711961666452,576.580318524429,579.8524780273438,477630.0
2017-01-03,582.0339631730972,585.785675336482,576.5333420507238,577.7838745117188,554600.0
2017-01-04,582.2690037644236,585.4753366925297,578.2822215444149,581.338134765625,1179225.0
2017-01-05,580.8397662425812,591.4367515226435,578.4608851453373,589.791259765625,1218265.0
2017-01-06,592.1513288692557,602.5038311121414,591.5683592826799,594.0977172851562,1770195.0
2017-01-09,593.1292437432418,593.1292437432418,573.9193097864213,575.4895629882812,1401490.0
2017-01-10,577.4923757409955,578.0847573725105,570.7788129008242,572.0387573242188,1230110.0
2017-01-11,574.521015381337,575.4518842469532,568.2963607017762,572.1514892578125,1385185.0
2017-01-12,559.8433310148193,567.7604809748798,553.4493742951378,565.76708984375,2171950.0
2017-01-13,562.6641735616939,564.9208135283999,559.4671952044465,560.3604736328125,987580.0
2017-01-16,563.980535577126,565.4850196199282,557.6524627754651,561.4041748046875,1008200.0
2017-01-17,561.9213017646092,564.1685870767789,558.6679663088588,559.7586669921875,588425.0
2017-01-18,559.7680728401142,560.8211829332157,553.261344609838,554.3990478515625,2155100.0
2017-01-19,556.2701143644666,559.4200895694104,551.6533607550201,552.93212890625,1407100.0
2017-01-20,552.885196996492,556.5899062243552,549.1240732074002,554.2767944335938,1204385.0
2017-01-23,552.6971553708082,556.6369350211229,546.1151884297706,549.8104858398438,1196865.0
2017-01-24,552.9320842991377,560.3697371800895,551.3335955439628,559.15673828125,996480.0
2017-01-25,559.4671722408293,565.8610713026853,555.8282895100751,563.4727783203125,1638155.0
2017-01-27,558.5268616966798,566.340593779354,556.6462998727852,563.1436157226562,960555.0
2017-01-30,562.2879834647429,572.4242392089413,561.1690468876585,567.3748779296875,963170.0
2017-01-31,568.68185092315,572.0668964429849,566.4628018739337,567.7039794921875,723155.0
2017-02-01,568.1365873158179,570.3651061987216,553.6562936097047,564.394287109375,1332865.0
2017-02-02,564.751455756329,590.4023438115619,560.7928528840423,582.4193115234375,2519370.0
2017-02-03,584.8547348467755,594.0694764258083,579.7678402985873,591.35205078125,1382600.0
2017-02-06,596.1381018988343,597.4545181398615,572.8003226316814,582.3723754882812,2484805.0
2017-02-07,582.0338721111301,584.8547147869515,573.0071985045784,576.4110107421875,966585.0
2017-02-08,576.9469851365224,576.9469851365224,564.3566100583276,567.0740356445312,1913425.0
2017-02-09,568.3058610391823,569.6974585584404,564.732747316442,568.5126953125,943990.0
2017-02-10,568.851117129366,570.6282617934282,558.5268512737132,559.6646118164062,1575005.0
2017-02-13,560.5860831997168,561.9589140014498,555.7906734705576,557.9533081054688,752775.0
2017-02-14,558.8653489352197,558.8653489352197,551.9448951983718,553.1578369140625,1403590.0
2017-02-15,552.885228291414,553.6280296213343,546.5289195456321,547.4974365234375,955495.0
2017-02-16,548.014511981542,553.3553005185859,526.3598156645936,549.725830078125,6839345.0
2017-02-17,550.2524613763302,555.4710095307845,545.3629886209987,547.7512817382812,4487480.0
2017-02-20,549.5753790821789,550.0737555219008,543.4823770263988,545.1278686523438,2801810.0
2017-02-21,544.9867587319645,551.9636839730613,542.5608754553242,544.2439575195312,7622450.0
2017-02-22,545.7390024336553,550.440406460857,544.2815212730741,545.9646606445312,4282200.0
2017-02-23,549.876333244408,549.876333244408,540.6615906556217,542.9934692382812,3736795.0
2017-02-27,542.4856860228497,542.8899999388875,535.3395738585905,537.2765502929688,3574905.0
2017-02-28,539.7683445679083,540.2854876858529,535.0199365737217,535.9508056640625,2713290.0
2017-03-01,536.9005357409994,554.5402192675676,535.9790785804257,549.7447509765625,4490315.0
2017-03-02,547.2246647317909,547.2246647317909,538.2919961015662,539.8152465820312,2129260.0
2017-03-03,541.8933130268512,544.1970128367601,538.517679158262,539.9281005859375,1456010.0
2017-03-06,542.3539723902443,542.3539723902443,536.1481418554548,537.6243896484375,1060050.0
2017-03-07,539.5332064813136,542.2036296747992,535.9601502907477,536.3927001953125,1049300.0
2017-03-08,535.7720022255004,540.2383361410705,530.8825304609442,535.3582763671875,1830855.0
2017-03-09,520.9156768869937,523.3603845444635,507.75174281403713,508.6637878417969,10976435.0
2017-03-10,509.4253835647376,513.9387201410462,507.9397237609292,510.7323303222656,2744225.0
2017-03-14,516.5339702058145,518.0665753787194,510.89228441973523,515.4620361328125,2489210.0
2017-03-15,512.2651798232673,518.283002383478,512.2651798232673,515.1988525390625,1389340.0
2017-03-16,517.1544613919995,519.975303908683,516.2235925439239,517.4741821289062,1559495.0
2017-03-17,517.7186436635983,517.7186436635983,512.2650258891955,514.5687255859375,1816910.0
2017-03-20,515.6502055582002,516.4024190000745,513.3935078423708,514.2115478515625,2005400.0
2017-03-21,513.3934591348911,513.3934591348911,488.9461515570392,493.3184814453125,7268165.0
2017-03-22,483.4359909785054,500.2105685442347,480.52111471913224,494.5218811035156,4430915.0
2017-03-23,493.64750683026836,497.916361752673,492.7072258648774,494.8134460449219,1580595.0
2017-03-24,494.73816375260606,497.4085867098779,492.02079561945044,494.2774353027344,1725910.0
2017-03-27,492.1430674599454,497.9351728046372,491.7669321274796,494.9544982910156,1781095.0
2017-03-28,496.46830388902305,498.17020998364103,493.8825314729344,496.045166015625,757685.0
2017-03-29,496.4400785362469,497.0888746519535,493.6474718144173,495.2741394042969,1638910.0
2017-03-30,494.60660845176795,497.6061070067903,490.093213936104,491.4378662109375,3599995.0
2017-03-31,491.57884821587106,497.40860133526803,491.57884821587106,495.0296630859375,1475205.0
2017-04-03,497.37104683701176,517.9067512602373,494.0424154448069,516.11083984375,3442145.0
2017-04-05,516.2142187295443,520.9156232717078,502.6741506920368,515.52783203125,5168335.0
2017-04-06,515.4243723649323,516.8160271748391,509.22795313834035,511.155517578125,1452065.0
2017-04-07,510.19639786369106,510.19639786369106,499.10109462430734,500.48333740234375,1614060.0
2017-04-10,499.2891581288418,502.251065921276,495.04848208546747,495.6878662109375,952460.0
2017-04-11,498.53700235725387,498.913080326665,493.45004996099755,494.2304992675781,701145.0
2017-04-12,495.1519099028242,498.70619933049403,491.82333610389276,497.38037109375,1226155.0
2017-04-13,499.28915969916335,501.35778916465586,495.9135260043151,496.64697265625,797180.0
2017-04-17,511.51274622768904,512.1709542541807,498.6403000058738,500.4644470214844,2340540.0
2017-04-18,503.031484535727,504.5547350843277,493.4594313464204,494.2962951660156,1064085.0
2017-04-19,494.58776513566124,495.7161137204732,489.41622006294995,490.3376770019531,1012230.0
2017-04-20,492.3311000907963,494.58779740767045,489.9898096239025,491.29681396484375,739165.0
2017-04-21,494.5878148833727,495.52809590026123,490.26254516176493,490.7608642578125,550770.0
2017-04-24,492.64136016063986,493.9765429561343,487.0749133571413,491.3531799316406,694280.0
2017-04-25,494.21164639736276,498.6498023425249,492.17125279672206,497.5872802734375,1375775.0
2017-04-26,496.6564568924135,498.41477784630325,490.09325620673593,490.9489440917969,1617520.0
2017-04-27,491.0899051514156,493.6474414914717,486.54833262044144,488.2972412109375,2010110.0
2017-04-28,490.8736203649047,491.3625847858106,485.85255262017915,488.7862243652344,681870.0
2017-05-02,484.80883781717654,492.096015224067,482.5521979575468,485.683349609375,1116720.0
2017-05-03,488.569938298497,489.84876395373874,483.6805234744619,488.1186218261719,641200.0
2017-05-04,488.38196858865166,492.68841419685333,486.8116580162535,490.074462890625,606545.0
2017-05-05,489.6982605211743,493.647451612109,487.8176988007472,489.51019287109375,684185.0
2017-05-08,487.3476058623771,491.00531253869457,486.8022268410534,489.04010009765625,551390.0
2017-05-09,489.5102685201149,489.6983361992595,484.05665016611084,485.4012451171875,511765.0
2017-05-10,487.4416317038114,493.25256066201365,485.0156909613923,489.4820251464844,1834655.0
2017-05-11,492.6789855019713,492.6789855019713,484.24469286480416,487.8177490234375,1070850.0
2017-05-12,489.51023788243435,491.76693511052986,474.2683204665724,485.33538818359375,6152355.0
2017-05-15,488.9460805530436,507.56363137298626,487.4416540304961,503.2007141113281,4733780.0
2017-05-16,506.021571240759,514.145612429477,506.021571240759,512.2838745117188,2202310.0
2017-05-17,511.51276421750714,519.0350107501175,505.22228325900426,514.69091796875,2049090.0
2017-05-18,506.8113211168845,511.48448886820734,502.5236432189983,503.7929992675781,1412055.0
2017-05-19,506.8019722051146,506.8019722051146,495.9041491621114,499.5617980957031,1303385.0
2017-05-22,503.9905055901906,504.35722887349954,489.3409147502388,490.58209228515625,772310.0
2017-05-23,492.48154929995104,492.48154929995104,478.1892676795069,485.08154296875,1422140.0
2017-05-24,483.86852217218166,483.86852217218166,472.0210059354557,473.2997741699219,1831575.0
2017-05-25,471.5321180411814,471.7107737236942,450.95876552638845,456.5440368652344,4041550.0
2017-05-26,470.14041953580016,472.0115692231226,452.0494253744926,454.0428161621094,3605155.0
2017-05-29,456.9952912108165,463.55846191460824,447.6395139125581,456.1960754394531,2717540.0
2017-05-30,455.08656049584823,470.1404674458969,454.37196649799637,466.6332092285156,2189925.0
2017-05-31,468.2598884675813,478.4149107153459,463.37041630674895,474.6255798339844,3930430.0
2017-06-01,477.66273043777625,482.88127831786636,472.75446265043456,474.42816162109375,1622510.0
2017-06-02,476.7600254264806,484.2070626218702,474.87005167526337,480.3894958496094,1466455.0
2017-06-05,478.25509582954726,482.9282645220642,473.9203858043698,476.8822937011719,1123385.0
2017-06-06,476.7130194164419,482.4581221238683,473.14937535297275,479.41162109375,860555.0
2017-06-07,477.2866253789995,482.27013172941497,473.15877815338337,477.78497314453125,1235945.0
2017-06-08,478.6969704077375,501.4047464340883,478.6969704077375,495.7630615234375,4227380.0
2017-06-09,498.3489036286291,498.3489036286291,489.3222294623771,494.36212158203125,1031055.0
2017-06-12,493.89196435996536,499.6558909807248,492.15241022688457,494.634765625,692145.0
2017-06-13,495.18960848252476,497.5026630542252,491.2121807559543,493.9672546386719,679580.0
2017-06-14,501.73388081311174,507.56363405158703,497.48385003889916,501.9783630371094,3744195.0
2017-06-15,500.73727191999745,511.69156959452715,499.2892596992337,507.8457946777344,3473260.0
2017-06-16,510.42216658540514,511.1649679197272,494.7758768707933,504.4795837402344,1852690.0
2017-06-19,502.486188810383,502.486188810383,496.5717845970794,499.74993896484375,2209015.0
2017-06-20,500.2952156751501,506.81135477833493,499.02580215207604,503.2477111816406,982635.0
2017-06-21,503.0503238244506,506.81144774089506,499.4302650109513,505.3163757324219,896080.0
2017-06-22,505.8899540250618,507.73286788062177,492.4345364862814,495.640869140625,858935.0
2017-06-23,495.7349086043949,500.11665009093196,491.72935985452125,497.1641540527344,1164040.0
2017-06-27,494.6347635820684,502.1100083301912,494.6347635820684,498.9318542480469,1329355.0
2017-06-28,494.77584701006504,501.11333142604866,493.6757343686155,498.677978515625,959840.0
2017-06-29,498.57456688333895,501.53647486243904,496.4777587080938,498.6309814453125,907940.0
2017-06-30,498.3488823494711,509.82032093064834,497.4086014393778,505.88995361328125,1638215.0
2017-07-03,507.75172522064395,508.89884045995944,501.1697584122282,504.47015380859375,723230.0
2017-07-04,501.75268350649867,503.2571099731507,490.88303872289345,493.4029846191406,1321265.0
2017-07-05,492.98932554289394,501.921995200912,492.98932554289394,501.1603698730469,906630.0
2017-07-06,501.1603578875481,503.80254518549106,496.86326685747633,501.71514892578125,624680.0
2017-07-07,502.07235618009975,513.2993112176812,501.59280379009834,508.76715087890625,1424960.0
2017-07-10,509.8203992624116,516.3083041047796,509.8203992624116,512.6788330078125,200975.0
2017-07-11,513.3933163300482,513.8446327487757,504.55465386206475,506.10614013671875,804630.0
2017-07-12,506.59516429585125,511.78547589423573,501.85611177925773,505.88995361328125,1065875.0
2017-07-13,506.4823748549144,511.46585259076875,504.55475292606224,506.6233825683594,685915.0
2017-07-14,507.5919405780453,512.4531775879258,505.19423535360994,508.31591796875,976430.0
2017-07-17,511.0440441551912,512.2376389309243,508.1832673721796,511.0156555175781,1009480.0
2017-07-18,509.64216329730607,519.7402520966929,509.1780003176751,515.126953125,1505540.0
2017-07-19,515.8941482902832,527.6026974811717,515.3921146192274,525.5565185546875,1823010.0
2017-07-20,525.7364457321166,526.3900781173389,519.5506723577,521.0284423828125,939445.0
2017-07-21,518.7361017397376,526.6933627209985,516.6521095085562,523.3873291015625,1412580.0
2017-07-24,527.640572247196,528.0195114047342,509.4336847420412,510.8640441894531,2589475.0
2017-07-25,510.8641552777767,514.066001055829,507.7475910650144,510.04949951171875,1874800.0
2017-07-26,513.0523515707613,514.6722386347512,507.91805485200564,512.92919921875,873325.0
2017-07-27,513.431255352237,515.8941865865047,490.1279410593915,496.44635009765625,9113325.0
2017-07-28,473.5503253189796,474.88600785757774,464.3805638933558,467.0045471191406,7744985.0
2017-07-31,461.89867981919423,463.81219550210056,449.962818227568,451.5163879394531,7625340.0
2017-08-01,450.72063762475415,465.68783920129385,448.9776272340054,460.6766662597656,5170390.0
2017-08-02,461.3492249468593,462.2586442787309,449.47022762791505,450.6353759765625,2852295.0
2017-08-03,452.425706573494,454.13081699780383,438.47211456520495,440.2909240722656,3887925.0
2017-08-04,438.59529308041806,438.60477523179594,422.51029762673056,424.3006896972656,6133195.0
2017-08-07,424.3859323365599,427.6067126483861,416.80761211626424,418.1243591308594,3680390.0
2017-08-08,417.90652028727766,418.12440742601717,394.9915695616639,397.0377197265625,6804955.0
2017-08-09,396.13780537013616,398.80917064850763,385.0734628708274,388.0763854980469,5624935.0
2017-08-10,386.87330492604036,397.6724072296204,366.43079549841264,368.3916931152344,7700035.0
2017-08-11,364.7162253292584,384.59035610498046,360.1881791287846,381.028564453125,9289565.0
2017-08-14,378.91602045175404,386.4754054670059,373.251215538761,379.3044128417969,4216350.0
2017-08-16,377.96877230986837,382.28841310926106,373.241803681485,379.91070556640625,3310680.0
2017-08-17,380.81063230145855,384.95976769675036,377.48563469391644,381.0474548339844,2700655.0
2017-08-18,378.53713829191327,380.3464658928609,373.478612512735,375.50579833984375,1746485.0
2017-08-21,377.0214413996839,379.10549108157295,363.96778561512014,365.86236572265625,2091475.0
2017-08-22,368.49590754672363,381.5685014436484,366.60132704519805,375.9131774902344,3860820.0
2017-08-23,377.2109760885604,389.0426216516341,377.2109760885604,384.7798156738281,4049980.0
2017-08-24,384.2208321232414,397.86180242457016,380.9147703449766,395.6167297363281,5624835.0
2017-08-28,394.8304998195133,395.91990655537546,384.05036282778536,388.2752685546875,4220880.0
2017-08-29,388.19946966522417,391.704454583013,384.97868912155315,386.88275146484375,3036830.0
2017-08-30,387.82052438048385,393.01168404343673,384.86498417420296,386.2859191894531,2007245.0
2017-08-31,387.2522083641109,388.7110433145234,380.0528262284683,382.875732421875,4189045.0
2017-09-01,400.7037589651533,423.0598137104944,400.7037589651533,420.1326904296875,18067945.0
2017-09-04,423.24925010103823,423.7039598046065,411.7396799445546,415.87933349609375,4736175.0
2017-09-05,416.48559527202656,420.28423806503,413.3784847031588,418.54119873046875,2567635.0
2017-09-06,414.03209905293136,418.3233221336041,412.21328930535475,416.2203369140625,2636260.0
2017-09-07,417.5654591528567,423.43866926101634,416.99710822735676,421.53460693359375,2456970.0
2017-09-08,422.3019193065003,422.3019193065003,391.44870240690693,409.7029724121094,8597120.0
2017-09-11,410.9344585536558,416.4287588097991,408.0925880825821,409.1346130371094,2226885.0
2017-09-12,410.1766073372248,416.31505750322947,404.56863730678856,410.3186950683594,2589985.0
2017-09-13,414.3447291256857,422.1125203560481,410.9628961618741,420.09478759765625,3776210.0
2017-09-14,423.24924587948965,429.11297447594467,422.49142529010385,426.915283203125,3066270.0
2017-09-15,421.5820257713091,425.33328675372564,417.01608020919997,418.9295959472656,3364005.0
2017-09-18,417.56549040431054,427.9004295051283,412.184889240888,424.7743835449219,3654810.0
2017-09-19,422.87029888752363,429.12241938889696,416.8076479715555,424.67962646484375,2833950.0
2017-09-20,426.2805760830629,441.2477491908231,424.38599574491593,438.53851318359375,6665490.0
2017-09-21,444.51590346231626,473.64507561248405,444.51590346231626,471.09686279296875,20286820.0
2017-09-22,472.50832615806377,478.71309412912024,463.51855167803296,465.6404724121094,9956755.0
2017-09-25,466.8245775806132,468.9086274886076,455.6465652970106,457.9674377441406,4555245.0
2017-09-26,457.35164631358805,457.5411158961925,440.04466668475453,449.1575927734375,7122180.0
2017-09-27,447.1209163191778,451.66789712492584,432.17268006130763,436.6438903808594,4677680.0
2017-09-28,435.753481581824,457.5411556609152,430.4865505084682,450.0386047363281,14078165.0
2017-09-29,450.03858261832977,452.9373170148443,439.56155608445243,441.20037841796875,5667975.0
2017-10-03,457.54113199436046,457.54113199436046,439.6278721981306,442.4886779785156,4894300.0
2017-10-04,443.7106642315411,454.3960950942898,439.45734105637484,452.3499450683594,5939900.0
2017-10-05,453.1835474637852,460.0798177698581,450.15223669382874,452.6435852050781,3797520.0
2017-10-06,453.75194862087744,456.5748834683889,448.63658796728527,450.12384033203125,2668810.0
2017-10-09,450.9101099333356,460.95139127247484,450.76802219309803,456.3949279785156,3165240.0
2017-10-10,458.4315660192335,460.6198038027281,455.00238053718573,456.8495788574219,1581675.0
2017-10-11,456.57487841998255,458.4978761060349,445.49157303558326,449.4228210449219,2251475.0
2017-10-12,454.1309122877641,454.1309122877641,446.8367951543678,450.8817138671875,2080470.0
2017-10-13,449.5838962547477,450.8343261499753,445.2263559255908,446.0694580078125,1708945.0
2017-10-16,446.3631695405356,456.78336210790883,446.3631695405356,455.3624267578125,1933290.0
2017-10-17,454.1309165088088,454.1309165088088,450.0575802087269,451.1658935546875,1535550.0
2017-10-18,452.1794711907683,455.45708697508303,450.1522853272907,451.93316650390625,1665570.0
2017-10-19,451.85742122245216,452.23633151714847,447.5093627137315,449.5933837890625,236515.0
2017-10-23,452.8236083170009,457.54112347560425,445.6052622987885,448.2955627441406,1819780.0
2017-10-24,449.58392802224114,451.34587389174226,446.36314717189344,447.8125,973365.0
2017-10-25,448.25771107591817,453.7709177846244,443.3696904270334,445.00848388671875,1478480.0
2017-10-26,445.11268657951274,446.7325445915336,438.5953259230775,444.1559143066406,2246210.0
2017-10-27,446.11678864519746,456.5938145246829,443.2938538245065,453.7424621582031,2174680.0
2017-10-30,453.9414420939678,467.01403433111693,448.45662414391586,461.993408203125,4161095.0
2017-10-31,458.4884441295122,474.40290748610937,452.80470308658437,460.03253173828125,9786665.0
2017-11-01,456.9727353784631,458.2326473920118,444.8474337437806,446.0220642089844,5880460.0
2017-11-02,446.0220687306705,462.2775703709928,446.0220687306705,456.85906982421875,6199435.0
2017-11-03,461.2734728025341,464.1342786783659,453.3635941850868,458.31793212890625,2883230.0
2017-11-06,457.35161501785194,458.31786935041623,451.03320670544423,453.2309265136719,1418335.0
2017-11-07,455.1161005261906,457.5411610962997,442.8581631729195,450.5312194824219,2591750.0
2017-11-08,450.9480052370575,458.4884266384926,443.3317844355672,444.58221435546875,2161975.0
2017-11-09,448.75027887199286,451.68688403933385,443.3696779037424,449.0344543457031,1729270.0
2017-11-10,448.97765017905937,450.89119486385874,443.33180874342867,444.8190612792969,1048780.0
2017-11-13,446.1168320648392,449.96282781725176,441.4466984953384,444.10858154296875,1495910.0
2017-11-14,444.980026913036,445.2168494298346,437.65749319538213,439.59942626953125,1396310.0
2017-11-15,440.37620455253256,442.7633650793327,434.4272241748576,437.6764221191406,1122475.0
2017-11-16,439.9405284971852,443.729689306601,438.59536368988137,442.10980224609375,1414750.0
2017-11-17,442.10981572184374,446.543155974833,436.3218862853631,440.0352478027344,1373285.0
2017-11-20,442.7633908770657,442.7633908770657,428.2035465366376,430.9128112792969,1367925.0
2017-11-21,431.05492990386,472.50832835925985,431.05492990386,453.5909423828125,11964410.0
2017-11-22,448.0681867776856,451.8478647683348,442.58336937779035,447.2440490722656,2684365.0
2017-11-23,447.3198212511837,448.44709871038793,435.75341796875,436.9375305175781,3433715.0
2017-11-24,437.64800077655235,440.09199637261815,433.26204324289745,434.81561279296875,1730500.0
2017-11-27,434.9956493238778,436.85232992711474,432.06849731453326,434.7682800292969,1231110.0
2017-11-28,433.8588831410793,436.5112839634943,429.69081231628394,434.0293884277344,1535515.0
2017-11-29,434.61668193283714,439.5236665721848,430.06970106229807,431.3580017089844,2875165.0
2017-11-30,428.364574108902,438.05533286242496,428.364574108902,432.7315673828125,7260235.0
2017-12-01,431.9643018514849,433.10106157785225,421.07046529163387,423.23028564453125,2646440.0
2017-12-04,431.0170505940033,431.0170505940033,422.3114511495053,424.8407287597656,1477975.0
2017-12-05,425.7121643276454,425.7121643276454,417.20551774800145,418.5790710449219,1428905.0
2017-12-06,418.3233208046331,421.3072788867867,415.746690534002,416.8455505371094,1303650.0
2017-12-07,418.3233829058371,419.6495834826722,414.5342218811628,416.1161804199219,1172195.0
2017-12-08,417.9633381200952,418.3233129827098,412.8953303149147,414.051025390625,1919085.0
2017-12-11,416.5612927234815,419.441062399849,411.3133269710376,415.4624328613281,1888965.0
2017-12-12,440.3951498847676,440.7551247385432,423.21132296478726,427.48358154296875,7411070.0
2017-12-13,428.17507426569233,433.3567516526569,426.8583273070084,428.3077087402344,2007880.0
2017-12-14,433.4988915908902,439.48577197008683,431.01699615058396,437.77117919921875,4181020.0
2017-12-15,440.4898663364788,450.9100567229332,438.8700084709221,449.2996520996094,3718400.0
2017-12-18,448.0682125848121,460.00407350100653,441.99607963863144,453.751953125,2641755.0
2017-12-19,455.55181282486745,458.79155775450687,453.03201763714793,454.6045227050781,2244795.0
2017-12-20,453.7519181968309,453.7519181968309,445.3020785242297,446.3630676269531,1459875.0
2017-12-21,448.0682047586399,449.90594981392167,443.52122396950904,445.5578918457031,1249705.0
2017-12-22,447.120926309934,447.6893061506025,441.43718572124845,441.94873046875,1248010.0
2017-12-26,442.37505749912924,448.4471913732881,441.247779806995,447.1778259277344,2054680.0
2017-12-27,447.6892971034437,459.2557008731586,447.49982752405,454.7560729980469,3467600.0
2017-12-28,456.57489975276235,463.86901628835426,454.93607744758515,460.38299560546875,3823400.0
2017-12-29,460.37351497322203,463.4048549129556,455.2960538195185,457.3895568847656,1659835.0
2018-01-01,456.5938463313628,461.5197666105712,453.5719884796447,455.4855041503906,1210405.0
2018-01-02,459.8146419464533,462.0881325687482,453.86566084543097,456.4422912597656,1257685.0
2018-01-03,452.1415906810526,452.1415906810526,434.2567763926909,443.142333984375,4430010.0
2018-01-04,443.9001405778958,458.48840213681274,443.9001405778958,456.7453918457031,2793085.0
2018-01-05,460.1935278746391,469.66642905698245,453.7330312391211,468.60546875,3199500.0
2018-01-08,467.9613315452755,475.91856298003466,467.9613315452755,469.2117614746094,2929355.0
2018-01-09,468.81390914371406,469.05073169116076,464.17219299555893,465.64996337890625,1219120.0
2018-01-10,466.0572591038396,468.3402317729743,458.4884202599328,459.5872802734375,1721640.0
2018-01-11,459.8145766337793,464.3615861415075,458.10946613650475,459.5019836425781,925725.0
2018-01-12,460.95137561291756,464.9015592023316,457.28536749432465,463.7269287109375,1778900.0
2018-01-15,463.60379247853155,466.30357518113675,459.44520376302484,460.7145690917969,784105.0
2018-01-16,461.519770122788,470.61373238591597,460.71456771788576,467.71502685546875,1860665.0
2018-01-17,467.39297972490624,474.781860643377,466.6067415774767,472.10101318359375,1908940.0
2018-01-18,473.64506722979854,480.08662858052355,464.20058343287633,466.3509216308594,2920990.0
2018-01-19,467.3929453421611,474.5923561270867,464.55107494619057,471.8168029785156,1204480.0
2018-01-22,462.2775756827507,477.24474792199385,462.2775756827507,472.9914245605469,3462075.0
2018-01-23,475.53968935008055,483.108528939652,473.8345785215899,477.5100402832031,3650455.0
2018-01-24,478.0026240049223,495.43275729427825,478.0026240049223,484.8988952636719,5631385.0
2018-01-25,483.8758068679095,492.04144350104326,464.77846249659524,475.1133728027344,13260150.0
2018-01-29,463.97318514055206,464.5510181741297,443.7106378172161,446.57147216796875,5772835.0
2018-01-30,446.3631551327808,446.3631551327808,432.94952239175734,436.9186706542969,4290010.0
2018-01-31,434.4272779655155,436.9186557393273,417.48024293924556,421.6104431152344,5719535.0
2018-02-01,421.5441379188919,421.5441379188919,407.9221002523871,408.8409729003906,4841605.0
2018-02-02,407.334719801404,418.90112316915236,399.76588158434566,402.32354736328125,4798230.0
2018-02-05,399.79434909000344,405.2507207789916,395.7115307940359,400.9879150390625,3018190.0
2018-02-06,388.3889647730731,402.4088475476225,379.9675413922826,397.0472106933594,3816170.0
2018-02-07,402.6267767220235,406.76643051911424,397.15144019366244,400.021728515625,1990805.0
2018-02-08,402.598315427434,416.04984717708055,402.598315427434,413.103759765625,4448115.0
2018-02-09,407.33475534467976,418.32332661949914,404.2276448788757,415.6330261230469,2395615.0
2018-02-12,415.8035264107382,422.4440393840566,412.829021566022,417.61285400390625,2413130.0
2018-02-14,418.7022330471976,421.7335729948498,412.1848723960455,413.6437072753906,1549165.0
2018-02-15,417.5654731364377,420.407343495104,412.5069473670917,416.0119323730469,1725925.0
2018-02-16,418.13386910281355,424.3859899146058,418.13386910281355,419.37481689453125,2294485.0
2018-02-19,421.1651530337249,423.2397205117207,398.8185846996716,407.713623046875,2811550.0
2018-02-20,408.2820455895496,416.14454209646743,406.23589544187695,409.9208679199219,3345125.0
2018-02-21,413.05640229444725,417.18657344406864,405.58226918540174,410.3471374511719,2490025.0
2018-02-22,410.5555149687017,411.6164752330647,395.3136210476672,402.30462646484375,8326545.0
2018-02-23,405.894869223747,413.96577040425143,404.5023516314734,410.56500244140625,3717530.0
2018-02-26,401.6510145724284,418.1717567298257,395.96727380017705,415.6330261230469,5923745.0
2018-02-27,416.84557277001534,424.67965203613704,416.48559788147014,423.628173828125,3380760.0
2018-02-28,421.17463043788985,429.4918651293715,420.25578680890294,423.8649597167969,4963885.0
2018-03-01,416.81710953589715,424.3385949427809,415.58561510958964,422.7755432128906,2153885.0
2018-03-05,422.45344394409443,424.3669882623337,412.22272341957535,413.1700134277344,2991720.0
2018-03-06,417.082336391694,421.3167239921893,410.5270766485993,412.34588623046875,2075000.0
2018-03-07,412.3553377186324,417.6222679627911,406.0085118749867,407.2589416503906,2462470.0
2018-03-08,411.6732950344588,413.3973698545113,403.18558432581295,406.08428955078125,2383815.0
2018-03-09,409.9871382710567,413.5489582506294,396.9145466282834,403.5266418457031,2354070.0
2018-03-12,409.2293362511873,409.9303216966633,402.029925479783,407.0316162109375,2652140.0
2018-03-13,405.81908707319735,415.699316219252,405.6769993350903,413.30267333984375,2596345.0
2018-03-14,413.9657807786057,416.0498305978418,410.51763087932426,413.293212890625,1333845.0
2018-03-15,413.48262413830906,420.29364190171106,412.4500814542256,413.5394592285156,1678835.0
2018-03-16,413.0185279447793,418.51279955108583,401.32897032478036,405.8475341796875,2971805.0
2018-03-19,408.28200640497,411.1238765191577,400.16372384061424,401.62255859375,1460745.0
2018-03-20,400.69426072305606,409.7787700061687,398.23132940232205,408.68939208984375,1936860.0
2018-03-21,410.89656260552294,412.99006562985625,403.6213526741436,405.7622375488281,1845300.0
2018-03-22,405.2507030113551,407.47684058196097,397.312436065046,399.4343566894531,2052010.0
2018-03-23,396.1567150524745,398.2218004471837,390.3214048079488,392.61383056640625,2371980.0
2018-03-26,392.55706871952907,399.7091273595382,388.4458325570078,398.6197204589844,2501400.0
2018-03-27,397.10400540449024,401.46151656085084,395.96724576691884,398.32598876953125,1622835.0
2018-03-28,398.4302630473914,400.4385136416444,392.48128176050875,394.1769104003906,3328235.0
2018-04-02,394.0727052899639,405.06127689234967,394.0727052899639,403.9434814453125,1229875.0
2018-04-03,399.9458804560717,407.30631391736483,399.9458804560717,402.579345703125,1395115.0
2018-04-04,402.408803659352,402.64562617301897,394.0631805904471,396.23248291015625,1768595.0
2018-04-05,400.70372890225406,404.6065596505191,397.2934786191581,399.96484375,1875550.0
2018-04-06,400.1353339348798,404.2276341201421,398.8186157237003,402.5603942871094,1324225.0
2018-04-09,401.65099486225694,404.568635595542,399.5669451177682,401.8878173828125,1116435.0
2018-04-10,402.2193823554234,404.49287281426575,394.59367970286945,400.154296875,2579905.0
2018-04-11,403.5455824256411,404.1234155100716,395.9672616289154,397.9944763183594,1530100.0
2018-04-12,393.6937808106014,393.6937808106014,389.2036059704877,390.3782653808594,3396280.0
2018-04-13,392.61383091015716,397.10400546110577,391.7612756363563,395.957763671875,2206760.0
2018-04-16,394.30000600754704,399.7564060134922,393.1253755819888,398.32598876953125,1447925.0
2018-04-17,398.8091420408478,401.111050103066,395.5883614023655,398.913330078125,1468190.0
2018-04-18,400.64688069174883,401.1300078978312,396.16618807253366,398.1744384765625,1139040.0
2018-04-19,399.94588079814446,405.4401516636315,399.18803139356083,404.7391662597656,1612750.0
2018-04-20,403.5455610652144,406.56741863567606,399.0080336338348,402.0109558105469,1336685.0
2018-04-23,402.2951683219584,405.8190887868982,396.91456728357747,404.5970764160156,2725725.0
2018-04-24,403.9055561080898,413.0184822140704,402.9866835578132,407.3631591796875,4431075.0
2018-04-25,407.60949884865266,408.46205422718305,400.32483506599533,401.2721252441406,1444495.0
2018-04-26,403.1666794135013,406.8042699922261,391.0603128795109,393.47589111328125,6777745.0
2018-04-27,397.48292872504015,400.17322911954176,394.45158886444716,397.435546875,1596720.0
2018-04-30,399.9079842543675,402.95825947299915,397.49237720126837,399.7279968261719,1113320.0
2018-05-02,400.9689275934106,403.1287477315827,398.2502097998562,401.3099670410156,991145.0
2018-05-03,402.0678410283777,402.806726202708,395.522062501515,401.85943603515625,900380.0
2018-05-04,403.5455849253076,406.38745524168297,397.4639697283043,399.1122741699219,1822665.0
2018-05-07,399.75642976035334,399.89851749624063,389.3362384632825,392.0833740234375,1720485.0
2018-05-08,395.96725818758574,396.7345608488656,391.2308077307964,393.11590576171875,1252220.0
2018-05-09,393.2864506303216,395.01997882462786,389.99935276767513,391.107666015625,1271755.0
2018-05-10,389.3362516712308,390.09407222767163,375.5058096986764,376.9457092285156,3301590.0
2018-05-11,379.5791710860543,382.30734240874426,371.3377352952382,377.1162109375,3022440.0
2018-05-14,381.18955276710716,387.0627632944334,381.18955276710716,382.2789306640625,2908575.0
2018-05-15,382.2788917044176,384.59976391231544,374.7858527784583,380.52642822265625,2023605.0
2018-05-16,380.0527783903749,380.526423413838,376.07414862968585,377.7698059082031,1372185.0
2018-05-17,378.1202857067113,378.1202857067113,369.4620410967221,374.5868835449219,2330875.0
2018-05-18,375.65736822834725,377.40037858263713,372.73024522231157,375.50579833984375,2536480.0
2018-05-21,377.21097466200325,377.21097466200325,357.50732087148145,358.6535339355469,2528680.0
2018-05-22,360.44386700495784,385.73652311266324,358.0756418603786,380.7348327636719,10095680.0
2018-05-23,374.7479654833246,377.7603410321487,366.5633652272749,370.26727294921875,3670390.0
2018-05-24,371.8492655805456,376.1120710492548,368.1074581055231,373.79119873046875,2292270.0
2018-05-25,374.17956900250937,378.12029907171683,372.28498890629413,372.824951171875,2176245.0
2018-05-28,372.6165835220612,381.19902990471866,371.33773604724115,377.8835144042969,2541820.0
2018-05-29,378.9160166511616,381.6726341413786,373.7248568158015,375.2594909667969,2453350.0
2018-05-30,374.17960127409106,374.17960127409106,369.82206089517496,371.6787414550781,1679240.0
2018-05-31,373.5733206252305,373.5733206252305,364.88668634926614,366.9044189453125,9300890.0
2018-06-01,367.54857217456765,371.9913652179545,366.09921942518775,367.8138122558594,2209305.0
2018-06-04,374.74795313072275,384.2018894179988,372.28499319546705,378.158203125,7002105.0
2018-06-05,375.126882654361,376.5572999678876,370.20096253065327,371.98187255859375,1826720.0
2018-06-06,371.90610083702444,374.72900684689114,369.0642305233065,371.4229736328125,2078025.0
2018-06-07,372.2850253651797,374.54906267819933,371.5650756072319,372.2755432128906,763500.0
2018-06-08,373.80068884359684,392.67069193126974,373.80068884359684,390.83294677734375,5567795.0
2018-06-11,390.67190760943265,402.59828631616574,388.7015280426575,394.678955078125,8061475.0
2018-06-12,397.2934700332999,415.8603621431304,397.2934700332999,415.0362243652344,10485570.0
2018-06-13,414.91307528669995,436.5112786010376,413.96578516047464,427.4741516113281,12901270.0
2018-06-14,428.1846267457064,435.68714848847935,425.6269317962605,429.9560546875,7944815.0
2018-06-15,436.3218332494644,452.00895525907293,435.0429858109528,445.19793701171875,22284555.0
2018-06-18,443.14232995838455,456.7833315334624,434.3136075449059,452.0184631347656,11550755.0
2018-06-19,455.3054654749359,460.30715536476595,450.25639374116497,453.37298583984375,10532330.0
2018-06-20,453.3730659419339,456.5749112346144,445.7852626837768,448.5892333984375,5748405.0
2018-06-21,452.61520730654996,452.61520730654996,436.9849203426373,438.8605651855469,5575655.0
2018-06-22,440.48993497943417,444.75274080181583,430.8370457044765,442.621337890625,8336385.0
2018-06-25,436.7007514361478,440.83092254087217,432.15377036006583,433.8872985839844,5713835.0
2018-06-26,432.72211773595404,432.9115873246416,427.6825562394703,429.5297546386719,3140740.0
2018-06-27,427.77723179744044,437.0417274110441,425.5037414393717,434.57879638671875,7760350.0
2018-06-28,433.6693947749508,440.6698824670021,430.48651392585,434.9482421875,6142315.0
2018-06-29,431.9548593674013,432.72216213501355,421.1652387642967,423.4482116699219,4492115.0
2018-07-02,422.4913731159532,428.2793015933074,417.2339247674596,424.4522705078125,3871625.0
2018-07-03,427.7962540960356,432.72214572148016,423.4766131573986,430.78021240234375,3782865.0
2018-07-04,430.7896532004055,442.9528545609322,430.7896532004055,439.0216064453125,5327675.0
2018-07-05,441.42772786408443,444.98006592752165,433.4325966832549,435.4977111816406,4154695.0
2018-07-06,435.7534683223355,439.5236935207126,427.3889090308042,429.8897399902344,2781090.0
2018-07-09,432.3431826577089,442.38446319292404,432.3337294151173,441.4466552734375,3649485.0
2018-07-10,444.39275570618975,444.39275570618975,436.3218539416502,439.89312744140625,3329700.0
2018-07-11,435.9429584834883,442.00560993829646,431.01703791514285,436.0092468261719,4100335.0
2018-07-12,440.8119873191363,452.3594563609326,440.8025051669197,446.5999450683594,6561835.0
2018-07-13,443.3317994189314,448.3334903585798,435.94294765888327,439.51422119140625,2334635.0
2018-07-16,424.84686434922634,424.84686434922634,395.57903637843395,400.16558837890625,18607580.0
2018-07-17,393.6775418078115,404.9527607099914,393.11378377874263,394.6903991699219,7110920.0
2018-07-18,397.49962371035474,400.6624188642567,389.95095880370417,394.75726318359375,6097745.0
2018-07-19,397.0792065562474,397.0792065562474,386.9888333816468,387.7914733886719,3813605.0
2018-07-20,387.1799798243877,396.16193771566896,386.03333449341477,392.1296081542969,3778915.0
2018-07-23,396.1619124296361,396.1619124296361,388.422129840585,390.1802978515625,2935145.0
2018-07-24,390.42871765049534,399.4106743516832,390.42871765049534,397.04095458984375,6446885.0
2018-07-25,398.8373648861866,400.84397943534447,393.97373106642164,399.06671142578125,2693070.0
2018-07-26,396.6778958487803,418.712368525589,396.5250078741836,407.5804443359375,9565245.0
2018-07-27,408.0104622903125,408.0104622903125,395.09173402888814,398.1112060546875,4481590.0
2018-07-30,397.50921126462964,399.9553606035105,393.3526586466313,395.0534973144531,4039975.0
2018-07-31,396.5440879183922,408.0104229907313,395.703218680757,406.63446044921875,7321900.0
2018-08-01,407.0549424392236,416.9924281596502,407.0549424392236,415.7884826660156,4564515.0
2018-08-02,415.65464063475355,427.6847335161761,414.69911272524837,425.75457763671875,5198205.0
2018-08-03,427.3120999392374,437.63178987027237,426.165454764501,435.92138671875,5065535.0
2018-08-06,436.67628613206637,444.32050995932354,425.821502294353,427.00634765625,4178875.0
2018-08-07,429.96850335391815,435.9978827489906,429.04164002013806,431.6693420410156,2499550.0
2018-08-08,432.47197246402055,435.72076178560513,427.50321527072646,429.12762451171875,1726995.0
2018-08-09,432.6439814858747,432.6439814858747,421.3974270385742,427.63702392578125,1953505.0
2018-08-10,427.38854652868883,431.30621701277624,421.48339071025623,423.16510009765625,1619440.0
2018-08-13,424.2544664427132,429.7965176284794,423.32760304105057,428.3823547363281,1336615.0
2018-08-14,430.7520145880958,437.8229451796521,427.8949951738733,435.424560546875,2410190.0
2018-08-16,434.8321046023578,451.2862968179277,433.9721352924956,449.7574462890625,4479940.0
2018-08-17,453.6655984578956,460.81295864431667,449.2701636728859,451.80230712890625,4445110.0
2018-08-20,451.9647326005739,458.070570363565,451.9647326005739,454.9746398925781,1806590.0
2018-08-21,456.3601628458065,463.98525735938523,449.8816843963241,460.74603271484375,3194790.0
2018-08-23,464.38662027918826,481.586124733973,463.43109225392243,470.8077697753906,8122840.0
2018-08-24,472.9863429330692,473.44500685426317,463.54572196805435,467.72137451171875,2883520.0
2018-08-27,468.7820315767196,470.6835229205483,463.7177157999119,466.89007568359375,2285610.0
2018-08-28,468.2086617469895,473.9418290336873,460.00068074744803,461.4244079589844,3752040.0
2018-08-29,462.47558660903206,464.29108411281345,454.3535980012288,455.5671081542969,3190665.0
2018-08-30,455.7868486630585,462.0837745824469,453.8853573049955,454.8599853515625,5392990.0
2018-08-31,458.0801650835036,477.5729324818733,457.69795967577153,476.2351989746094,9906600.0
2018-09-03,479.67505086165033,502.98995714021794,476.8084668923576,495.6132507324219,15199620.0
2018-09-04,495.9190260559231,499.74113801011134,484.8444601679107,486.0006408691406,5182295.0
2018-09-05,487.18547681285145,494.9634884860526,481.29945017849315,490.7018127441406,5635765.0
2018-09-06,493.8168268054286,500.69663962473703,488.29387648896096,490.5585021972656,5422470.0
2018-09-07,492.0969080041956,505.3405117643652,486.47839883549346,503.0854797363281,6533160.0
2018-09-10,501.42288430627275,508.30269759368855,488.27480965050063,489.9756774902344,6619365.0
2018-09-11,492.75624486285886,494.2850663600109,479.1208705734181,482.4365539550781,5684655.0
2018-09-12,482.73275864988335,491.99182732929427,475.3942814269134,483.334716796875,6244125.0
2018-09-14,488.44681303401825,495.919049252465,487.32886156495016,493.406005859375,3386665.0
2018-09-17,493.24352561853976,499.7411038321213,486.91790627224015,490.8547058105469,3458865.0
2018-09-18,493.03328628058665,503.94545731232137,491.14135962794336,493.84552001953125,5557290.0
2018-09-19,497.52430290166143,503.75436400986746,491.3325002380651,498.23138427734375,4349735.0
2018-09-21,505.2736429422547,510.40482376675806,466.5078931607524,488.5137023925781,7055035.0
2018-09-24,492.6320157997914,497.05611512748135,483.36338248948636,488.07415771484375,3443295.0
2018-09-25,491.2560639689112,500.5533329974829,487.3670579053275,499.11053466796875,3796255.0
2018-09-26,500.2570813088344,509.14353788912723,495.15459472199547,497.0369567871094,6031190.0
2018-09-27,498.7664487073774,500.7635277360962,483.30601384594127,485.59930419921875,5251760.0
2018-09-28,489.03925730077736,492.4791933645263,474.8114594222017,483.6214294433594,5348515.0
2018-10-01,483.6883078761478,485.54203461563986,466.36457976061524,479.40753173828125,3811780.0
2018-10-03,481.01277650424225,487.1281497086194,474.3240806831174,475.7669372558594,3529440.0
2018-10-04,471.83970106450494,476.6078054754236,451.05696766667495,453.3884582519531,4021070.0
2018-10-05,450.24479540521315,464.214609793654,449.15547951207355,457.6119079589844,3684765.0
2018-10-08,457.6979152885167,460.1345000418632,445.6582565699328,447.2062072753906,3018945.0
2018-10-09,450.56012159964314,473.3685705433482,447.559778810248,469.0018005371094,5638370.0
2018-10-10,471.0753315943088,480.4490594905642,469.35539275771964,474.8210144042969,4467855.0
2018-10-11,460.9562573144108,480.8216922259018,460.1822819817916,469.92864990234375,2740135.0
2018-10-12,470.11975755057864,476.03447797129286,464.8547891458694,468.30426025390625,4626930.0
2018-10-15,470.3299870932689,493.04287685451743,466.94740985318515,490.5393981933594,5616380.0
2018-10-16,490.5489708387719,494.9635055469045,484.93046151554836,491.829345703125,3000015.0
2018-10-17,493.05243598090277,496.68343062823016,487.70147347926263,490.18585205078125,2460045.0
2018-10-19,487.31924177326573,493.60663184988886,483.5926886976675,487.7683410644531,2184920.0
2018-10-22,489.7081129770567,493.5589189130858,477.04736664155234,481.4714660644531,2781960.0
2018-10-23,482.5320642028661,486.60262271983265,463.45016931879655,472.7474670410156,4117545.0
2018-10-24,475.4707339539608,477.1906726728783,456.08306285980245,465.2083435058594,3628220.0
2018-10-25,460.87025027931475,467.2436054096901,454.83130660488854,456.8379211425781,6696500.0
2018-10-26,457.0099363991797,468.20872586589843,452.54760775269773,459.5229797363281,5628260.0
2018-10-29,466.29768093754063,489.03923649943226,466.278580874591,484.0609436035156,5153915.0
2018-10-30,483.630929776096,498.78558903997435,480.67832275453605,495.78521728515625,4855195.0
2018-10-31,466.09699250191414,488.1601296335553,463.05839142246083,485.87640380859375,11364110.0
2018-11-01,489.2303205573004,491.9918103871253,467.53982397780715,470.425537109375,6852830.0
2018-11-02,471.1708726049828,473.1583580564741,459.3318664374037,463.0966491699219,4403540.0
2018-11-05,466.2976457885956,468.5909070669515,456.93348341847616,462.64752197265625,2647945.0
2018-11-06,462.2271179340727,470.1197887596174,460.946713878569,468.3711853027344,1894150.0
2018-11-07,470.1197894729377,472.0117454649025,466.679882742275,468.7724914550781,389780.0
2018-11-09,471.075306447347,471.075306447347,456.55126910773106,458.6534423828125,5014635.0
2018-11-12,461.30981065816513,465.88679798261114,457.6979159533833,461.6251220703125,2439440.0
2018-11-13,461.71113503100855,468.39983094071044,461.62511185101755,465.92498779296875,2348490.0
2018-11-14,468.1896224762595,472.03083455934234,459.95294657686406,468.0653991699219,2151265.0
2018-11-15,469.5081866757394,477.3721919869323,468.1991180857013,470.4637145996094,2493625.0
2018-11-16,470.6931118877629,477.15246152059916,466.68944712217944,473.3781433105469,2129050.0
2018-11-19,486.4593342377771,486.4784343009598,475.85296709101743,483.2296447753906,4735110.0
2018-11-20,481.60521917696053,481.60521917696053,465.8294714929793,466.899658203125,2705585.0
2018-11-21,498.4033205857257,507.38530601678855,492.5077298757671,497.2184753417969,22429120.0
2018-11-22,493.05241882841136,500.6393130323626,492.2115495724976,498.5371398925781,5046020.0
2018-11-26,498.21233245852864,504.11748861773225,481.78677431790726,488.9627990722656,5648170.0
2018-11-27,492.0969377975427,497.40967133685496,485.7904469373774,494.7246398925781,5237990.0
2018-11-28,495.9190393233386,495.98593328282254,486.88928792583425,491.5809631347656,3221465.0
2018-11-29,493.8168496282577,509.6213197820846,492.1160401464425,507.44268798828125,5241465.0
2018-11-30,508.53200786824056,522.5877872737854,507.7771034309382,520.2276611328125,7459140.0
2018-12-03,523.3617372532241,524.1262062647107,506.89800944832393,509.8506164550781,4919170.0
2018-12-04,513.6917676964978,519.5874167384795,512.5069224503122,516.759033203125,4577265.0
2018-12-05,515.2208003293265,518.6511137959852,505.7801773550343,510.5673828125,2238155.0
2018-12-06,510.44304499732345,512.3541009064704,500.9164009634107,504.7480773925781,2575765.0
2018-12-07,508.53202191742264,518.7179249095952,505.09208606640766,514.5614013671875,5898375.0
2018-12-10,501.2890430196592,517.3228292008232,501.2890430196592,514.1600341796875,5025935.0
2018-12-11,509.965320384785,525.5308509708194,509.5066272730401,519.0714721679688,4203895.0
2018-12-12,510.25201912648004,518.1924555182563,484.2807716683146,494.26605224609375,17065640.0
2018-12-13,501.65221042527537,501.65221042527537,490.60630884855277,496.2725830078125,5189005.0
2018-12-14,495.9190139091241,498.70913923751755,490.75913956903344,495.28839111328125,2931800.0
2018-12-17,497.77269826767525,503.56319491239395,496.91269984368193,499.3875427246094,2962015.0
2018-12-18,497.21857965519285,505.47435629565405,493.46336128461223,504.3850402832031,3696265.0
2018-12-19,505.47433913899977,506.6209844647235,493.94110856128265,499.5022888183594,4206195.0
2018-12-20,498.34608913227777,503.3626115048106,495.34577531327955,502.3115539550781,2465430.0
2018-12-21,498.67097509905,499.98960845176504,492.6893602742882,498.4129638671875,3739795.0
2018-12-24,498.78559025240565,501.2890688175106,492.70844648310344,496.8363342285156,2523195.0
2018-12-26,496.4922596454864,502.2254268853687,492.1350548760076,501.13616943359375,3768120.0
2018-12-27,504.7098602987616,505.4742709725571,493.3104191825074,494.47613525390625,2937890.0
2018-12-28,497.830064266278,503.18099748285545,497.0847244678272,501.05975341796875,2988500.0
2018-12-31,503.5059375056334,509.0671175839978,498.78562675105763,500.0278015136719,5132645.0
2019-01-01,500.33353951860124,503.3721113950644,496.8745330121421,498.2218017578125,1693785.0
2019-01-02,498.02118918821463,500.31442132170946,492.10646872630764,497.0752258300781,2087755.0
2019-01-03,497.8301186673076,499.7029746581675,489.9947769204751,492.5460205078125,2709455.0
2019-01-04,493.05243037297174,498.02118745949474,489.6125530242705,496.8745422363281,2036985.0
2019-01-07,499.5213882973535,499.5213882973535,484.89222787545657,488.97235107421875,2712075.0
2019-01-08,489.42140939660976,494.36147238400054,487.5103535679005,491.23687744140625,3447490.0
2019-01-09,493.2244333507814,498.9576013195048,493.2244333507814,497.46697998046875,2321680.0
2019-01-10,496.5113944298173,498.785555459453,493.6543753879187,496.9509582519531,1952070.0
2019-01-11,498.9385278423263,498.9385278423263,493.0525003979554,494.6100158691406,1583935.0
2019-01-14,494.0748900327918,497.8301082268705,488.2748278386388,492.8231506347656,1972390.0
2019-01-15,494.0079425910138,497.6389370812951,493.31042586084203,495.88079833984375,1787885.0
2019-01-16,493.05243432764775,502.1681501993805,492.1542356997228,500.1138000488281,4730740.0
2019-01-17,500.6966946777667,502.37843336526487,496.874582504654,500.5342712402344,3249010.0
2019-01-18,497.83011099523645,502.48352790451804,495.8235254308707,496.2630310058594,2681365.0
2019-01-21,497.83006230173055,504.9009924650455,493.3963986136066,496.8363342285156,2975320.0
2019-01-22,496.70253944892323,505.47427891630986,494.95390699354834,504.5760803222656,3880330.0
2019-01-23,504.4901738486536,508.34098032139303,502.6078113703999,505.8088073730469,3772630.0
2019-01-24,504.91056380574383,511.1501901215238,504.91056380574383,509.9557800292969,3057825.0
2019-01-25,510.3474659944103,514.265165668079,505.5698261393014,510.7105712890625,3046410.0
2019-01-28,510.61508418576835,510.61508418576835,496.3107989459372,501.6044616699219,3424970.0
2019-01-29,499.93233166286166,512.9274909644737,497.4479235205356,509.5735778808594,4338480.0
2019-01-30,507.3949746821889,512.1630504662077,504.0314971806485,509.3729248046875,3285070.0
2019-01-31,509.29641634915845,521.4411980422033,506.6209496535105,519.9600830078125,6157590.0
2019-02-01,519.3677440539797,538.7267534955168,518.8804736922153,533.423583984375,7254975.0
2019-02-04,536.6054511099353,550.0019145245788,518.8994885982045,522.7120361328125,10747910.0
2019-02-05,530.3562510714701,546.5333334468813,529.93581640996,539.1948852539062,8266655.0
2019-02-06,538.153406179967,538.153406179967,527.6425976933301,533.1273193359375,4408975.0
2019-02-07,533.37575283858,541.7843877568898,533.37575283858,539.2617797851562,2809020.0
2019-02-08,538.5354883807387,538.5354883807387,525.8556731056291,529.3051147460938,3570965.0
2019-02-11,508.3600628482968,517.5044734836051,489.10614889492194,499.8080749511719,9477310.0
2019-02-12,500.50551351891175,511.4845200034559,493.8168180697298,506.9075622558594,6546620.0
2019-02-14,506.1814407401523,511.1979632094302,499.9323080310564,509.7264709472656,2987045.0
2019-02-15,508.34091779534344,508.34091779534344,357.93124536721365,489.87054443359375,33781355.0
2019-02-18,506.4298363918516,514.0071663793696,486.373313146076,490.29095458984375,13437905.0
2019-02-19,493.80728861700163,498.7856104369659,478.73862272280894,484.8157958984375,11348990.0
2019-02-20,492.07779875795393,493.8168667446546,479.39795249005397,482.5703125,7798610.0
2019-02-21,487.3193264539479,498.02125273827426,481.5574932311144,494.2564697265625,6551985.0
2019-02-22,493.9602350407979,506.4298643768599,488.40861942640447,504.42327880859375,6890795.0
2019-02-25,504.56650473756565,515.0199824788529,501.23172163968735,509.65948486328125,6377575.0
2019-02-26,507.17511271143724,508.3216995030505,502.40697963300744,506.00933837890625,5065570.0
2019-02-27,509.20094090791844,512.7363481732937,502.61733839127135,505.83746337890625,3965490.0
2019-02-28,510.06083130353096,510.06083130353096,499.78890537265295,502.9230651855469,3348795.0
2019-03-01,504.1365559788012,507.78667998441114,493.0620189755055,505.6654357910156,4428975.0
2019-03-05,503.5632549553263,510.022633553254,497.7536283975545,507.21337890625,3233555.0
2019-03-06,508.4555197610886,517.6094937019924,507.7006736884383,514.7715454101562,4261975.0
2019-03-07,514.0740388343635,520.934722540014,510.0417388657424,512.3063354492188,4583795.0
2019-03-08,509.8697106288437,513.3000817639579,498.1167280507377,499.7507019042969,3424030.0
2019-03-11,502.2254889333287,507.576480677455,498.9862933664082,501.8719482421875,5568560.0
2019-03-12,505.85660580354204,511.39865718878787,504.1366085453557,509.6500244140625,2724340.0
2019-03-13,508.9141273669446,517.8961127991589,505.3977917545526,507.5477294921875,3520390.0
2019-03-14,507.5478214031956,510.4239701843735,499.9322907874481,506.028564453125,2418560.0
2019-03-15,507.4808964261435,514.7907089394038,504.70033561302444,508.1307067871094,7180270.0
2019-03-18,508.03505195829285,511.07362359258923,505.12070361301306,510.14678955078125,2272815.0
2019-03-19,510.25198819991465,519.2817401046921,510.1468941094509,517.6477661132812,4590280.0
2019-03-20,517.7050314856639,527.4514282368079,517.7050314856639,525.855712890625,5759745.0
2019-03-22,531.0823605497943,531.0823605497943,523.342608392445,525.7887573242188,3427005.0
2019-03-25,524.5657610447532,534.7134640924714,521.0971896183,531.4551391601562,5049315.0
2019-03-26,533.3756981794548,533.9394269942699,527.9291773552505,531.7225952148438,2420510.0
2019-03-27,531.4742049117226,537.7711012393444,524.4128395921358,528.41650390625,3295160.0
2019-03-28,530.2607281237683,530.2607281237683,517.5139585226376,519.2721557617188,3317795.0
2019-04-01,534.8950360513483,539.4433589851761,531.655840225481,534.1019897460938,3959055.0
2019-04-02,535.8601042846448,538.9178056261165,531.2735814328383,534.8568115234375,2941955.0
2019-04-03,536.6245078744475,536.7774250159205,527.1552509426168,528.4451904296875,1842580.0
2019-04-04,529.8880619574912,533.6719739845225,526.2093023384798,529.6205444335938,2192480.0
2019-04-05,530.470959731934,530.891394433044,524.107168182343,526.3717651367188,2225465.0
2019-04-08,527.4514879044957,531.2736001356877,524.6804332085597,528.1585693359375,1535035.0
2019-04-09,528.2158644158234,528.5885343311787,523.0369190083944,526.1710205078125,2065405.0
2019-04-10,525.9512077192111,541.9562998226967,524.7949979807272,528.4069213867188,5386055.0
2019-04-11,529.8690083426949,537.962303096898,527.0406242616511,537.3411865234375,3186725.0
2019-04-12,535.0956633519751,539.1088924912747,532.4297613104056,536.4429321289062,3031110.0
2019-04-15,539.2234539397269,540.7905335253603,531.4645728860061,533.7196044921875,2782595.0
2019-04-16,541.0199721104594,542.7399108680642,536.4334493165798,539.8924560546875,3857435.0
2019-04-18,540.437121422632,540.437121422632,533.4426492798192,534.9237060546875,2168040.0
2019-04-22,537.0066604446046,538.9081515657417,530.317965385686,534.2738647460938,1736150.0
2019-04-23,535.1911610854894,541.3352568923115,535.1911610854894,539.32861328125,2379440.0
2019-04-24,541.7842851016716,549.4285078191555,537.5990684981858,546.447265625,3740925.0
2019-04-25,544.966272200876,561.8504347521241,542.6347816694127,558.9647216796875,5438620.0
2019-04-26,560.7038557245801,564.4304384987371,549.5337303348726,552.7252197265625,4628615.0
2019-04-30,554.9610988880644,563.7615329659538,553.3080540727022,560.6560668945312,3006375.0
2019-05-02,558.9838735199513,566.4369801693906,555.1617615642593,558.0092163085938,2940460.0
2019-05-03,556.1364627509729,560.4649745562463,552.4290091951283,555.6300048828125,1822665.0
2019-05-06,553.6233160959387,559.9297768178344,551.9128838539818,558.1429443359375,2055080.0
2019-05-07,561.0860544237221,564.1437556942014,559.0316458911561,562.3186645507812,2290700.0
2019-05-08,562.4237456416621,563.3410734978554,550.8810096354285,554.3017578125,2251990.0
2019-05-09,550.8142119175948,555.9835935309135,542.4724115374172,554.3209838867188,3655600.0
2019-05-10,555.7351142384281,557.4933115865203,547.7756072336538,549.6962280273438,1695460.0
2019-05-13,544.6605318153606,546.5524586177282,530.8245048550126,535.6212158203125,3296000.0
2019-05-14,532.381949342174,540.25554897065,527.4610151852767,536.548095703125,2424750.0
2019-05-15,537.1978520538323,545.3867339938786,533.5668573261732,537.6851806640625,2394025.0
2019-05-16,537.608730270805,540.1313382204795,527.4896629585522,535.2868041992188,1926500.0
2019-05-17,533.3757696340848,537.006764563055,509.7646505027358,524.5848999023438,5803605.0
2019-05-20,530.8913674241944,531.0824847005773,485.895583686192,494.848876953125,13296325.0
2019-05-21,495.7279360282322,515.9755775507363,495.7279360282322,509.6786804199219,10041680.0
2019-05-22,509.27725609200746,512.1438398742582,501.05017463393904,507.9108581542969,3825980.0
2019-05-23,512.162995543228,515.9659782280761,501.91976362634716,504.0028076171875,2733160.0
2019-05-24,506.4298468060966,511.0068049921197,501.88152413364185,509.08624267578125,2355750.0
2019-05-27,509.10538567633085,510.06091382449245,503.07600539426363,507.958740234375,1703280.0
2019-05-28,509.29637355277555,512.9273679289553,501.9197261174374,506.8024597167969,6261485.0
2019-05-29,506.4298573239729,506.4298573239729,495.4317203364201,498.9289855957031,3872490.0
2019-05-30,499.3589533202758,508.32181141296644,495.60373494902706,506.8885192871094,3638095.0
2019-05-31,508.24535542682884,513.6918182512223,501.91976487066137,511.84765625,4697455.0
2019-06-03,512.1248554431486,523.4382753543238,506.888521858638,520.5908203125,2794240.0
2019-06-04,525.5404250992607,534.7994941942962,458.6534619048093,509.36334228515625,12191965.0
2019-06-06,516.2813509648819,517.8770664556918,505.28321393564534,507.824951171875,3042480.0
2019-06-07,506.4298218706268,507.6051026058974,488.3225552546777,493.18621826171875,3912170.0
2019-06-10,498.42246058021925,504.0982986623715,491.0744486661965,502.4643249511719,3114925.0
2019-06-11,503.7447588117202,503.7447588117202,495.6323362257012,497.9924621582031,2605765.0
2019-06-12,499.1678649635739,502.3784251394267,491.61917021695564,494.90618896484375,2644365.0
2019-06-13,495.15464863793966,497.3714807189895,488.7334989565413,494.6291198730469,1843465.0
2019-06-14,493.434663142041,493.434663142041,483.3060317474987,490.21453857421875,3446035.0
2019-06-17,490.56810889343967,493.13848160058063,485.14068757686044,488.11236572265625,2634620.0
2019-06-18,488.27475430478927,496.87450535908107,485.79994055619073,495.20233154296875,3325285.0
2019-06-19,493.8168768661366,495.12594560853455,484.93047780403606,487.48175048828125,4227975.0
2019-06-20,487.3192906234007,492.5269300010857,481.20391712216764,490.1476745605469,2840740.0
2019-06-21,489.23032312596257,492.0969070505288,482.26451602435486,487.615478515625,2895690.0
2019-06-24,482.35054388471684,483.87939458383005,478.6526550282453,480.3248291015625,2261305.0
2019-06-25,478.1653366772532,487.78748151733924,475.48027615796747,484.6533508300781,2186090.0
2019-06-26,484.4431112197081,494.4761548019994,480.1910292929765,492.85174560546875,2506335.0
2019-06-27,492.8422436479691,492.8422436479691,486.15351870724106,490.3005065917969,2329305.0
2019-06-28,494.96347241688704,499.74111211203075,484.79664114862993,487.4052429199219,4298885.0
2019-07-01,490.5871251942251,511.2074339047283,490.5871251942251,507.35662841796875,5592610.0
2019-07-02,507.7676056171277,508.71356901155394,499.85580573501494,502.1586608886719,3333410.0
2019-07-03,503.9358845893978,503.9358845893978,493.0524075649555,496.243896484375,3132990.0
2019-07-04,497.08471380623575,500.69663739055466,495.5463278295652,497.3331604003906,1840500.0
2019-07-05,498.7856558290223,500.60118250231596,495.64198945348255,497.05615234375,2458575.0
2019-07-08,494.02708081589805,500.69664726374066,489.0391945755016,496.05279541015625,2352875.0
2019-07-09,495.3457469572169,501.6522085362085,491.38984697291033,496.6548156738281,2041480.0
2019-07-10,495.72793383740554,497.4288017369284,491.60004571985223,493.94110107421875,1555795.0
2019-07-11,494.1990905636707,508.7231277484661,494.03666713438247,507.0126953125,3900525.0
2019-07-12,506.04757146472224,508.3886265715609,494.03663663417507,502.3401184082031,3309185.0
2019-07-15,506.4707819211392,514.2891507731506,503.0333864963508,505.9989929199219,2497770.0
2019-07-16,505.0457535070714,516.8599301757877,501.3002379606932,515.4156494140625,2961595.0
2019-07-17,513.3166634012811,517.6110129260951,508.85864516946725,513.4514770507812,2367680.0
2019-07-18,513.2492560422907,516.0607729555524,506.46114784847936,511.3813171386719,2172275.0
2019-07-19,512.228730715104,516.0897849644449,501.464029192813,503.2164306640625,2341240.0
2019-07-22,504.34290942028946,508.77207304569845,500.7225690063192,506.942626953125,1745260.0
2019-07-23,508.38687556867876,509.28232267235717,496.91931110834713,500.5588684082031,2400580.0
2019-07-24,499.7212197708302,502.8023642860117,492.01838786684823,500.5011291503906,2268320.0
2019-07-25,504.49700844453974,513.393770097745,502.08023547556985,511.1021728515625,2581940.0
2019-07-26,508.3965226999808,522.6371114404259,504.86286516435945,520.8943481445312,2688095.0
2019-07-29,521.8475805596554,525.1020317090318,504.78583626604507,511.0732421875,4598165.0
2019-07-30,509.9274064549827,518.6894122834492,490.882186703413,492.981201171875,10986210.0
2019-07-31,488.1669680572952,498.7583618415758,487.78183234193386,495.7927551269531,4173450.0
2019-08-01,495.48461901168986,495.48461901168986,481.43661279552197,487.9262390136719,4881245.0
2019-08-02,487.9358874097805,491.0555248707947,480.70484468969465,487.050048828125,2969945.0
2019-08-05,485.85612311176845,488.7350471027394,481.56180259796463,484.2577819824219,1687875.0
2019-08-06,483.3238050240455,497.77622302881844,481.61956408761847,492.24945068359375,3016085.0
2019-08-07,491.0555229441634,498.53691707005424,489.3127596154126,492.364990234375,1581395.0
2019-08-08,494.90691305382705,498.36358447176553,491.06513533007325,495.2824401855469,1276305.0
2019-08-09,496.20671623846516,498.70053360880723,493.00045517822895,495.5712585449219,1869625.0
2019-08-13,496.4474649182351,500.58778384924614,489.32238106660975,492.2783203125,1874220.0
2019-08-14,486.2509137756217,488.70617975148457,452.7724609882937,483.7282409667969,8047285.0
2019-08-16,487.0115243449513,487.0115243449513,474.68700533131687,479.9923400878906,3989225.0
2019-08-19,489.1298127579797,494.70471604220705,480.46412709888165,483.17938232421875,3556515.0
2019-08-20,486.19313621067465,493.83819927668947,484.4118504442959,491.9413757324219,3047550.0
2019-08-21,481.4269509714935,486.60710966538187,479.6938257015838,482.0046691894531,4254970.0
2019-08-22,482.0047250234101,492.98125490025404,482.0047250234101,490.1697082519531,2648925.0
2019-08-23,490.11187030612484,493.10636114578676,486.04862576639545,489.3704833984375,2863550.0
2019-08-26,492.97155639721007,497.7954638149992,489.52455238136395,494.3677062988281,2175030.0
2019-08-27,495.8697818810609,497.60290722919285,487.7432922311662,489.2646179199219,2915520.0
2019-08-28,492.4997807547564,494.71433302020256,482.0913322160137,483.757080078125,2116140.0
2019-08-29,484.31555270101336,488.16696862706516,480.26194566635587,486.78045654296875,2524850.0
2019-08-30,487.242612134048,494.5217561276296,483.9303922561814,492.4997863769531,2876385.0
2019-09-03,492.6634850119535,494.3292328948979,485.81757826608975,487.7432861328125,1927265.0
2019-09-04,489.1105357005624,502.9082191868352,487.7625167306302,501.2039489746094,4096285.0
2019-09-05,507.76102393708004,518.9398033325417,507.76102393708004,516.5615234375,4488550.0
2019-09-06,516.8792759735086,528.9823574460287,515.1365126360112,527.6343383789062,3959170.0
2019-09-09,525.545018262024,532.3908966308799,525.545018262024,529.4157104492188,3199675.0
2019-09-11,529.9549236784479,535.038762800989,527.836632890743,531.6880493164062,3171745.0
2019-09-12,532.6508045952438,536.8873266166622,529.0111885396669,532.8529663085938,2347310.0
2019-09-13,535.6646008889653,538.2257667600684,518.5450279654598,526.0167846679688,5949000.0
2019-09-16,525.9108389935027,531.996083006762,520.538097500034,524.8131713867188,4092125.0
2019-09-17,526.6810448502135,531.957465031274,525.833728778636,527.2683715820312,2342715.0
2019-09-18,527.6054442169873,531.8708799419684,522.8585815419912,528.3468017578125,1821510.0
2019-09-19,527.6632695333484,529.2230883167833,521.6068802429533,526.2093505859375,2319595.0
2019-09-20,527.2588298866042,551.1376562365439,522.0690914607745,546.4774169921875,3830525.0
2019-09-23,546.9010540129967,546.9010540129967,520.1337254469349,532.8915405273438,4645190.0
2019-09-24,532.7856374963529,547.8639046920209,522.8297016656719,536.3577880859375,3398250.0
2019-09-25,529.5985646280596,536.1170456402801,529.5985646280596,534.066162109375,2457150.0
2019-09-26,537.2725172524379,538.4086778890982,528.2120872190326,534.3550415039062,2524060.0
2019-09-27,535.7319887720301,536.5022602179594,523.8888375650836,525.872314453125,2344830.0
2019-09-30,526.4884882610376,528.1349895473869,518.0924306610746,520.3743896484375,2749030.0
2019-10-01,518.0154345062708,523.7925583111735,509.3304729138256,517.8902587890625,4860100.0
2019-10-03,516.0511121757037,516.9465591026699,507.6165040017913,515.540771484375,1485000.0
2019-10-04,517.4377608601376,519.748575189336,502.8697752019654,504.0925598144531,2221020.0
2019-10-07,506.46116192028467,509.3497236802863,496.1104822802788,503.851806640625,2596265.0
2019-10-09,505.4502838726761,515.3195386383121,500.74191310456666,512.8931274414062,2332220.0
2019-10-10,505.7198278542937,513.5671120858784,503.004572306088,507.13525390625,1440705.0
2019-10-11,509.3497331064485,512.0457123787546,502.0320666861975,510.58221435546875,2734535.0
2019-10-14,510.6977731997459,516.590434840917,504.72806678534675,510.6784973144531,1507185.0
2019-10-15,512.6234705879688,519.3441724069907,511.18876882592104,516.9851684570312,1710795.0
2019-10-16,522.0594208595065,525.4101337831801,517.4377336759711,520.2203369140625,1639185.0
2019-10-17,522.0593383796315,526.4884423207801,519.7484657689869,525.2174682617188,1525070.0
2019-10-18,523.7926222461548,528.5972547274894,521.8765520198542,524.7265625,1446395.0
2019-10-22,524.2259040242362,543.1845027911706,522.0305685617374,541.2684326171875,3496720.0
2019-10-23,540.5077059130407,547.2765977238378,530.5421905464483,544.3399047851562,4897960.0
2019-10-24,546.8528521415651,548.8170528257485,533.4210292718371,544.0701904296875,3013160.0
2019-10-25,543.8198253112926,543.8198253112926,535.3370855151586,538.2256469726562,2503975.0
2019-10-27,535.1541966726205,537.8501758934719,534.3839252906542,536.4251708984375,113015.0
2019-10-29,534.3839298626017,543.049615211725,530.234031785017,539.6796264648438,2668840.0
2019-10-30,544.7826595380618,544.7826595380618,527.9423562493597,531.4760131835938,2965735.0
2019-10-31,535.3274962068857,542.0674735533521,533.4403401613558,535.9630126953125,3601190.0
2019-11-01,536.1171812359352,544.8117824558593,526.8448910307468,530.8407592773438,15004275.0
2019-11-04,532.5063477222794,541.1239020440058,529.2904485454447,538.7745361328125,4044245.0
2019-11-05,538.0043134076677,548.7305211310836,537.6577000700643,542.2216186523438,4218310.0
2019-11-06,543.0689239050997,554.6038958498459,543.0689239050997,551.2723999023438,4502345.0
2019-11-07,551.1376686903482,555.2201603629077,544.7827968499004,552.8804321289062,2205775.0
2019-11-08,550.7524284784455,550.7524284784455,541.5668234676228,543.4539794921875,1594930.0
2019-11-11,541.5764697608552,544.4650318066681,538.2353945364786,542.2312622070312,1533320.0
2019-11-13,543.0496345931044,543.7910509496202,530.5325330865259,532.1019897460938,2283415.0
2019-11-14,534.3839451899138,534.8364583402914,524.7457676945187,526.4981689453125,3242840.0
2019-11-15,529.1845345617706,529.1845345617706,522.3098016697091,525.872314453125,1894225.0
2019-11-18,526.2959539929954,531.302806366783,526.1034302142646,527.0662841796875,2113865.0
2019-11-19,527.8365733491453,531.5820895049053,524.6591669099846,528.2216796875,2384625.0
2019-11-20,528.8667469544364,551.5130292855708,528.6067576121667,546.6409912109375,4989880.0
2019-11-21,544.5901588468214,556.529571076044,541.1624012095965,554.4594116210938,4794695.0
2019-11-22,549.7896696098171,559.3700792839281,547.4787963529644,552.9189453125,2747755.0
2019-11-25,550.752461603952,565.3878534561069,548.8363916386551,562.431884765625,2343975.0
2019-11-26,562.3548242514033,572.8980865045285,559.8321516643648,571.1360473632812,5280840.0
2019-11-27,570.0095007008158,576.1621511386988,566.6010190997042,572.3203735351562,2792575.0
2019-11-28,571.5693279439221,574.3616277636737,566.7454204976012,573.2350463867188,1282180.0
2019-11-29,572.8403530842246,572.8403530842246,557.5502270770304,561.1224365234375,2802065.0
2019-12-02,561.9214702419677,561.9214702419677,549.2118467328592,553.0054931640625,2990275.0
2019-12-03,554.4112223583692,556.0191717959614,549.1444401282967,550.4346313476562,1906680.0
2019-12-04,550.7524845604079,555.7400611971058,550.4058712268792,554.1898803710938,2380810.0
2019-12-05,554.565422822982,554.6039158273429,548.6534850325988,552.986328125,2168805.0
2019-12-06,556.0866899937201,567.8912896911187,552.9959661985632,556.6836547851562,4942595.0
2019-12-09,558.2627427527833,566.543322492258,556.8955065148119,560.1403198242188,2646785.0
2019-12-10,560.1403596629553,560.1403596629553,554.1225216777495,557.9739379882812,1742585.0
2019-12-11,558.4552618622317,561.4978543275884,553.6409923634194,556.1058959960938,2032640.0
2019-12-12,558.45524435173,562.0755843041903,556.5295366125861,559.5432739257812,2019050.0
2019-12-13,551.7345564457637,551.8404562696643,533.9987454278657,543.3384399414062,6842090.0
2019-12-16,545.938289880086,548.8172143162639,538.5050842300183,542.3468627929688,2301945.0
2019-12-17,544.5901565885276,547.863883441399,541.316488503596,544.3783569335938,1835550.0
2019-12-18,546.9010944568132,553.8817862434539,544.3976974611967,553.3425903320312,2656160.0
2019-12-19,553.4484458300549,556.9821034170143,547.1032711279308,552.5914916992188,1991375.0
2019-12-20,551.7730490949067,554.8445553616392,549.934024018759,551.3975219726562,1756605.0
2019-12-23,552.2160136390324,561.921539096933,552.2160136390324,560.0728759765625,1961175.0
2019-12-24,562.0948792731981,562.0948792731981,555.7689220831608,557.6753540039062,1089215.0
2019-12-26,557.790940104222,561.2957427164707,550.7524798194845,551.8308715820312,1284800.0
2019-12-27,553.6410452143772,559.4181691644402,551.0606035688356,557.9931640625,1868265.0
2019-12-30,555.0467692357256,563.847209041865,553.6409814134186,556.30810546875,1899395.0
2019-12-31,556.5295657597545,561.3149215335416,551.5323515642392,553.5543212890625,1516190.0
2020-01-01,554.6038800587331,556.2407435416616,550.7909572268703,554.4883422851562,773895.0
2020-01-02,555.3355996728654,556.9916800974216,550.7908989108994,551.6959838867188,1494155.0
2020-01-03,551.6960274754937,557.8775920354794,549.2214858166482,555.3549194335938,1723390.0
2020-01-06,552.8708193804346,558.0317030972343,549.6356438058391,554.3825073242188,1788685.0
2020-01-07,556.5295433357102,560.3809588605247,552.8803482824056,555.4126586914062,1788175.0
2020-01-08,553.6410690489881,559.4181932477602,551.9079435429458,557.92578125,1395115.0
2020-01-09,560.6891046743417,565.5033742994807,558.647859054718,562.4029541015625,1877480.0
2020-01-10,564.2324917223797,579.2529918856251,563.298551472001,564.8101806640625,5635735.0
2020-01-13,564.7908020758266,571.261151444654,561.4785826318986,568.9888305664062,2209320.0
2020-01-14,569.0081752487985,571.7041544784556,564.6175637125168,567.66015625,1785850.0
2020-01-15,567.3424499891926,567.4098568221033,558.4553262750746,562.0467529296875,1924335.0
2020-01-16,563.8471843283985,568.3726091230154,562.6243999156774,565.6669921875,1917310.0
2020-01-17,567.0054752022664,587.1483646752363,566.158158970399,584.3272094726562,5585585.0
2020-01-20,585.9928930152357,593.1180357834473,583.8842405048334,589.1895751953125,4373565.0
2020-01-21,588.4096956344445,593.0795728094868,584.6160485121296,589.3533325195312,2853930.0
2020-01-22,589.3725325142227,597.9419563986277,586.8402218586177,589.661376953125,2798990.0
2020-01-23,588.3615420115939,592.8676915195423,582.3340667826044,585.0589599609375,2130840.0
2020-01-24,586.1855074076317,586.772834247294,582.5651669402957,583.7591552734375,1363645.0
2020-01-27,583.2968655433061,617.959605032722,577.2308978862457,614.06005859375,20699040.0
2020-01-28,614.3008147111344,625.8454240674904,608.0903950345262,614.1371459960938,11511345.0
2020-01-29,614.1371860669334,616.5828140815914,596.8154519310588,606.2610473632812,6946015.0
2020-01-30,607.0409152431376,610.4493970290812,600.5416511580488,607.5319213867188,3366300.0
2020-01-31,607.6090046201764,614.6571029485455,597.3738619042363,599.7617797851562,3341175.0
2020-02-03,601.5911667578591,611.0271241934704,600.2720614808045,605.4714965820312,2576210.0
2020-02-04,607.3682332839699,631.1700124440088,606.9927061556242,624.2855834960938,5149785.0
2020-02-05,622.9664366530017,625.8549981830774,601.1481944203875,603.3916015625,4781145.0
2020-02-06,609.9873106557008,611.758929180497,604.0176038499114,608.321533203125,2462660.0
2020-02-07,608.4948008261724,613.3379845485673,604.0946098584664,609.81396484375,2676165.0
2020-02-10,609.7657576193512,611.0752836566624,599.4728465299619,606.4246826171875,1477975.0
2020-02-11,608.5043855678596,617.3722910945202,603.7093919779851,614.5318603515625,3060520.0
2020-02-12,610.8634351944036,618.8454734238876,609.3036164693941,615.3984985351562,2843165.0
2020-02-13,620.6074951430671,642.5894670436737,615.6680497304693,640.2208251953125,8584320.0
2020-02-14,636.4850132179533,641.8384793277246,631.0545610979312,636.3117065429688,3533430.0
2020-02-17,640.4519641432685,643.5812397574122,633.0187592007477,634.626708984375,3203305.0
2020-02-18,633.1726666238037,633.1726666238037,622.6294640077773,626.114990234375,3486830.0
2020-02-19,627.3955496543003,635.2524700367163,627.3955496543003,631.27587890625,1509105.0
2020-02-20,633.4231279678492,647.9911139108129,623.939039430807,626.875732421875,4622330.0
2020-02-24,627.2030742080725,627.2030742080725,609.7465277362853,611.66259765625,3143085.0
2020-02-25,612.7602783090313,612.81804719541,588.5637538037453,594.44677734375,5005135.0
2020-02-26,596.3917078728487,599.9542201612977,589.3243346412984,592.2225341796875,3810845.0
2020-02-27,595.8140033580888,595.8140033580888,583.3161780847257,590.6242065429688,4677080.0
2020-02-28,583.4895011959001,594.7549043092113,559.4662830811933,563.6739501953125,8299780.0
2020-03-02,570.2021862735355,577.1828782108364,553.8336672481403,559.5241088867188,4444330.0
2020-03-03,566.1581636152096,592.7329110532351,564.4731690806406,586.1277465820312,5280400.0
2020-03-04,590.2294297085801,613.6748982297967,584.6448889461647,610.7093505859375,9163610.0
2020-03-05,610.642037010216,622.3792299756898,609.7176759858172,613.2321166992188,5228710.0
2020-03-06,594.1194155211655,617.4686251987106,594.1194155211655,610.6323852539062,5629460.0
2020-03-09,608.2831019895716,614.1083577738314,582.7289743105724,589.5074462890625,4992640.0
2020-03-11,591.1922977643428,593.8690598292804,574.4386163074938,577.827880859375,5845705.0
2020-03-12,567.6986781574891,574.3423940688151,539.8818715811456,548.90380859375,3889695.0
2020-03-13,525.7086703604768,603.7865306878874,502.6098112354949,555.5860595703125,4930170.0
2020-03-16,537.2725560407412,574.043954296828,531.4954317822386,544.3880615234375,4715400.0
2020-03-17,544.9753449741678,559.2255719230841,531.0620934063095,535.577880859375,4684015.0
2020-03-18,539.5448385731424,539.5448385731424,504.73770268627123,513.8655395507812,4366425.0
2020-03-19,502.2246055558586,516.0704502993309,480.47376735675374,505.2961120605469,4838010.0
2020-03-20,508.5795120521554,567.8912969857032,508.5795120521554,557.92578125,7772855.0
2020-03-23,516.1379150683788,586.7632967192076,516.1379150683788,533.113037109375,4816170.0
2020-03-24,548.8267633792497,570.0095507377471,539.4100233358143,550.3577270507812,5340585.0
2020-03-25,544.4456815788882,567.8719304980517,538.3700765786501,562.6917724609375,4097050.0
2020-03-26,572.9366573144131,590.5280197536313,554.4594855971718,567.8046875,3194975.0
2020-03-27,568.6230812191053,586.7536393017716,548.0757500859106,561.6327514648438,4007940.0
2020-03-30,554.5268670592959,587.3409482979156,541.3165382012745,576.6051025390625,5752295.0
2020-03-31,587.3409247771921,606.9831693752786,583.8842531488873,600.96533203125,5013780.0
2020-04-01,600.8112851054632,605.4426107032463,590.4221111342058,596.0066528320312,3555215.0
2020-04-03,594.0808897191215,619.8565088778302,582.5459181539793,605.9817504882812,5868365.0
2020-04-07,625.8549980709334,696.2588663832628,618.152167325445,690.0195922851562,11837790.0
2020-04-08,678.8119994491424,725.0289866456798,668.4131890835091,709.2381591796875,12611475.0
2020-04-09,720.214798988295,733.694755119092,691.9454193783018,697.40478515625,9804680.0
2020-04-13,711.3565357476896,742.5530293943391,694.6414041229464,721.4857788085938,11611945.0
2020-04-15,736.5833181317176,749.7936469489435,727.1473605811357,733.2326049804688,8625555.0
2020-04-16,733.0014232626537,749.1003117802206,727.917526614199,743.4483642578125,7329295.0
2020-04-17,764.5060057008396,769.8787469818205,736.3136149646211,756.7164916992188,9074610.0
2020-04-20,755.5611228697844,755.830691408823,733.752458012547,740.3865356445312,7493955.0
2020-04-21,738.5089758786227,779.4880374306354,736.0151583029638,773.4413452148438,14239375.0
2020-04-22,768.3477783607905,788.4425346596531,762.8210063481499,781.2211303710938,8917130.0
2020-04-23,776.2528242685306,786.8442171458121,772.0643745517518,775.5017700195312,5128285.0
2020-04-24,772.2088386463486,779.8346251864367,764.5252832221665,770.8223266601562,6330770.0
2020-04-27,770.8224674255475,782.8196505354074,761.6272226257706,766.4896240234375,5624485.0
2020-04-28,776.0602385574826,777.2541679831626,749.495073764353,760.6064453125,4305840.0
2020-04-29,760.6065205173952,764.5060674200423,745.740052573522,747.3095092773438,5198230.0
2020-04-30,757.4001168323782,788.336616798212,750.0728128861983,758.016357421875,10890150.0
2020-05-04,741.3975276810088,771.4385821146585,741.0509143697753,758.5363159179688,7077435.0
2020-05-05,766.4317443932638,767.6545877158134,732.9244386784029,738.2971801757812,3978630.0
2020-05-06,741.5901838656005,747.1747254725017,732.7415530005885,741.8790283203125,4779515.0
2020-05-07,752.7399552778321,758.0645068217719,735.3411781341694,739.019287109375,4581335.0
2020-05-08,751.0453674189037,795.7410319497815,751.0453674189037,767.2020263671875,10017290.0
2020-05-11,766.0080444342613,766.0080444342613,741.0219740376169,743.7083740234375,5974940.0
2020-05-12,743.9394844131541,752.8747384423345,723.9024962157159,726.6466064453125,5392485.0
2020-05-13,741.2049321813824,741.2049321813824,719.2711505520402,727.8405151367188,4392175.0
2020-05-14,729.8432763775472,735.6107619951274,716.0936940968103,718.6741943359375,4485705.0
2020-05-15,721.3701937658413,727.7057892353346,715.795231763207,719.2711791992188,4496935.0
2020-05-18,724.0951340233148,724.5572851453559,695.9220161059718,708.4968872070312,4954380.0
2020-05-19,712.5408951302429,716.7485625345969,704.8284249568051,712.4349365234375,4677020.0
2020-05-20,716.5366583134854,756.8032182770188,711.1928305487056,752.9902954101562,21083545.0
2020-05-21,760.6547069487593,761.4538922731107,736.6796173618028,740.9161987304688,8672120.0
2020-05-22,739.5873951030972,752.9518130593456,733.887315991227,749.6492309570312,5052550.0
2020-05-26,750.8335766470929,758.5364090492543,742.061990353439,744.1513671875,4136880.0
2020-05-27,744.2379985907115,751.0261074234502,734.4650071471906,747.7523803710938,4308340.0
2020-05-28,750.063203159275,753.1057956864693,739.9532370062936,748.6670532226562,3962810.0
2020-05-29,747.174680855657,787.74936126313,745.1141592551768,784.0038452148438,9631120.0
2020-06-01,785.2265976854038,788.0669695543384,758.9310611539312,761.3381958007812,6848855.0
2020-06-02,767.3946357754891,771.6889857595007,748.3301383843418,750.1210327148438,7451040.0
2020-06-03,756.5721301250645,768.3574530853069,753.19250335336,763.04248046875,3694130.0
2020-06-04,762.5611028130864,781.259770068351,761.9352829650727,770.0714111328125,5997250.0
2020-06-05,774.0287080961444,779.9117318705155,768.8004179827954,775.0781860351562,3855025.0
2020-06-08,777.0038608170456,777.0038608170456,759.1140767607951,764.0438842773438,3559990.0
2020-06-09,756.8032436933448,797.6282767839803,756.8032436933448,794.1234741210938,11375810.0
2020-06-10,798.2059384795308,806.871624180756,787.1716108635113,791.9473876953125,7769840.0
2020-06-11,792.0436234275583,794.9226060582918,777.4082906298415,781.375244140625,4137580.0
2020-06-12,768.7426414012539,777.3312824507578,766.6243508909431,771.8141479492188,3911520.0
2020-06-15,779.5265269067615,794.7203903000716,762.6958588285653,772.6517944335938,6959575.0
2020-06-16,782.8002674121312,785.6888292845008,761.1841843136446,771.3327026367188,3900130.0
2020-06-17,771.3327110533539,778.5155640428746,764.8912156569639,767.43310546875,3186815.0
2020-06-18,772.2087923219085,780.3834121544666,768.742541948336,771.631103515625,3614150.0
2020-06-19,774.1827273621057,778.929590409872,768.7426376604888,771.361572265625,3654715.0
2020-06-22,776.4454621400839,782.3188478289148,772.3821878418763,776.609130859375,2655980.0
2020-06-23,779.5073148712304,795.317360226027,778.0052650646204,791.2445068359375,4799415.0
2020-06-24,791.9377415159064,796.6076184670945,775.7328929681363,778.496337890625,2677740.0
2020-06-25,776.06028764032,778.1785780946635,765.7673765118418,771.5541381835938,3769375.0
2020-06-26,773.1717390395136,782.8002787535798,763.5431993254474,770.0135498046875,3719560.0
2020-06-29,769.8979786910326,778.7562465979767,762.3395988499645,765.2474365234375,2692435.0
2020-06-30,770.2831603027877,772.3821748624598,755.9366129349718,759.68212890625,3404710.0
2020-07-01,763.5816364666484,763.7357260008487,748.3011497597325,753.23095703125,3117825.0
2020-07-02,759.8843509126262,766.2391634906621,751.218665341882,754.9833984375,3711465.0
2020-07-03,758.7289477577367,764.1113274455379,752.9518237900382,755.15673828125,2280380.0
2020-07-06,755.8404087536204,758.7289708252903,746.5970336314551,749.485595703125,2848085.0
2020-07-07,750.043895382679,754.6848581286723,734.4649266824775,736.2943725585938,5179985.0
2020-07-08,737.7386376688024,759.6339249943483,737.7386376688024,748.46484375,6811290.0
2020-07-09,751.9889866207762,754.2998597667378,742.1775018453905,750.3713989257812,2455715.0
2020-07-10,750.9683170017099,762.0026444969903,747.7909106996167,752.0756225585938,4152955.0
2020-07-13,758.829958744777,761.4754660787416,750.825536492047,755.7774047851562,2678440.0
2020-07-14,756.6397896537741,774.4801644066116,750.8254469169676,771.97998046875,6044725.0
2020-07-15,773.1138371235477,784.5099594770518,767.6871403583356,782.3101806640625,5296965.0
2020-07-16,781.2732357061597,806.8273274485498,777.3970070633748,804.734130859375,7809325.0
2020-07-17,802.5731806042071,805.8679395787633,794.6268997771244,798.2608642578125,3712880.0
2020-07-20,802.2533663804835,805.0926968327037,789.2776764884101,793.0957641601562,3144360.0
2020-07-21,794.6753591001112,800.5769435770818,776.4183542509502,781.7481689453125,3316480.0
2020-07-22,785.6243414647988,800.4412039596211,780.100703893878,787.1845092773438,4093845.0
2020-07-23,792.8631889706852,802.3793374862855,787.2620692792243,800.4412231445312,3559780.0
2020-07-24,800.4412696399279,810.1124418401554,785.2561594512579,788.0276489257812,5479715.0
2020-07-27,791.719692132458,791.845674293775,768.0650331080395,778.28857421875,2909240.0
2020-07-28,778.9281066454937,793.0763761838513,776.6701869791511,785.1979370117188,2592970.0
2020-07-29,791.225535324831,840.3664491897167,789.8591906428157,833.8156127929688,24766165.0
2020-07-30,851.5880721687394,883.7801223581494,841.1416076829755,875.3687133789062,31472050.0
2020-07-31,868.0813972855087,882.0067440261888,863.5074758533259,876.231201171875,7910670.0
2020-08-03,876.2311342607458,905.0993237324296,872.1513826115489,877.4714965820312,12183250.0
2020-08-04,878.1015669982871,902.0663343084158,870.2425267501825,898.2869873046875,8332715.0
2020-08-05,902.2018799546197,904.2659763546892,887.9858285463464,891.7166748046875,5060070.0
2020-08-06,893.4803686533611,902.7735933534748,885.2433830966813,888.2474365234375,4587005.0
2020-08-07,889.594483281392,912.2704447491478,883.8867223470819,886.3966064453125,8326715.0
2020-08-10,892.501569857436,922.2709749372553,892.501569857436,909.1499633789062,8697180.0
2020-08-11,913.830562732755,918.3851430187793,884.7491491446293,890.7379150390625,6457605.0
2020-08-12,886.6873036230687,887.636960715352,869.0601514726123,875.6691284179688,5353620.0
2020-08-13,881.8711084919638,889.6817067718155,870.552468906775,872.5875244140625,4550210.0
2020-08-14,877.2195804402515,888.8192252220938,866.3370876288137,875.911376953125,5753920.0
2020-08-17,875.9211171397216,885.7182711295808,872.1902114725217,875.8629760742188,3388330.0
2020-08-18,879.5162656351048,883.721999786005,870.6687689231559,876.105224609375,3252160.0
2020-08-19,879.9039475135031,883.5766530501212,867.5193679676237,870.0679931640625,4036070.0
2020-08-20,869.2442299380847,877.3067922119083,864.6121085498532,867.4999389648438,4033835.0
2020-08-21,876.0276397254406,876.0276397254406,867.0347612281793,870.1648559570312,2438510.0
2020-08-24,870.1649189757148,873.5275190477516,857.6156164870728,866.8313598632812,3676190.0
2020-08-25,870.2133903639937,870.6785189063315,856.646589177918,858.138916015625,3010780.0
2020-08-26,858.7784561626273,863.0229312014832,852.7702900172856,859.5052490234375,3460010.0
2020-08-27,860.9879454688482,866.0076548033361,856.0651773449229,859.94140625,4518315.0
2020-08-28,864.3990222765837,865.5619027457292,845.1729014068434,847.7893676757812,5814245.0
2020-08-31,847.9250683867244,857.6156405968585,817.2350427582667,826.5476684570312,5944120.0
2020-09-01,827.7880052733398,848.0994652886669,820.210030088986,843.4577026367188,4063205.0
2020-09-02,843.3220266034901,852.2664056145983,836.6258673894461,843.6127319335938,3018485.0
2020-09-03,847.837809283371,865.5619033346976,841.1707501586193,859.1951904296875,4691970.0
2020-09-04,852.7703253777472,868.9438922101489,831.8290137417696,837.7499389648438,6774000.0
2020-09-07,841.9459511501154,859.7475264955078,832.4685437094585,856.617431640625,6153985.0
2020-09-08,865.3680469844944,868.5659237946558,838.970939314844,842.84716796875,7357755.0
2020-09-09,843.0603553615164,861.2980187777633,840.2888659928554,858.4780883789062,6175435.0
2020-09-10,864.3990330579041,864.7866796013068,841.2482420692847,848.9232177734375,4355845.0
2020-09-11,852.7702779203147,861.8794386385396,847.9249922503129,853.0803833007812,4434725.0
2020-09-14,857.353883190285,857.353883190285,840.3663427054197,845.8124389648438,2924530.0
2020-09-15,847.915338496788,881.6482168067001,847.4502099739772,860.9782104492188,12522330.0
2020-09-16,863.4299283012664,901.37818060706,854.9022371350094,896.93994140625,14898945.0
2020-09-17,911.6889506160352,939.1229560380426,902.1825023849703,935.5762329101562,42149590.0
2020-09-18,969.0571048072931,1065.3717046492623,959.4149747851501,1033.6641845703125,109935390.0
2020-09-21,1033.6642674782254,1068.414643848693,990.6187048445793,996.5784301757812,63716980.0
2020-09-22,1010.5328852469007,1019.4481640793989,979.7168192816277,1001.6077880859375,38516740.0
2020-09-23,1018.6728162745136,1023.3243378547327,980.5695416526021,989.9403076171875,25066590.0
2020-09-24,980.6858866183993,1008.3814988150456,969.5417288159174,974.3676147460938,25989895.0
2020-09-25,992.3145833274881,998.7103372567177,977.584901901909,990.8028564453125,17571115.0
2020-09-28,1007.8097105697328,1007.819410604437,986.6551769572606,994.2235107421875,12487900.0
2020-09-29,994.2525745191735,999.0881599356968,981.9261967224966,985.3760375976562,7146485.0
2020-09-30,988.4383163531102,1030.689185432719,985.5311448344246,1005.4550170898438,26977680.0
2020-10-01,1012.6647707786294,1018.672878082271,986.1901210612606,990.7737426757812,11385685.0
2020-10-05,1002.0051502811024,1005.8813791023058,989.0197600714475,999.9701538085938,9188390.0
2020-10-06,999.9701516833181,1013.0039237496674,990.8028492478946,995.5125122070312,8450035.0
2020-10-07,997.1598627442775,1006.8504347826087,987.1204443077403,989.397705078125,7912070.0
2020-10-08,996.9661979275849,1010.6879641296302,979.9107539533112,1006.7342529296875,11102775.0
2020-10-09,998.3226806096254,1019.060528358362,995.4155090082076,998.7103271484375,11669875.0
2020-10-12,999.6987875660021,1015.1843027513908,990.5702852698578,1011.7926025390625,9678985.0
2020-10-13,1013.6338290932965,1031.619587468611,999.6502816773888,1001.7628784179688,16819870.0
2020-10-14,1002.9742147605958,1011.6472294936943,986.6649653160611,992.89599609375,9322630.0
2020-10-15,997.8671405099084,1001.0359761279358,972.9527205260929,979.958984375,8842090.0
2020-10-16,976.0343065104678,993.283510770638,972.933312013386,984.6685791015625,10115525.0
2020-10-19,1009.9513578434145,1010.7266509139979,977.2069366295749,980.3273315429688,10753270.0
2020-10-20,980.0947734733026,990.3764561467362,975.0556642154557,982.8468627929688,6901450.0
2020-10-21,987.7696282315973,987.7696282315973,950.9454570150847,978.1177978515625,8006955.0
2020-10-22,976.1701365805174,977.7206044906684,936.30310792322,973.3211059570312,24590740.0
2020-10-23,978.9416122572419,986.6940699917732,968.2819828722616,972.5942993164062,9087405.0
2020-10-26,970.6076873862987,981.0735526740781,959.6089116036684,964.812744140625,7040385.0
2020-10-27,967.119046083015,993.6712359367018,961.4015851780104,988.322021484375,9217170.0
2020-10-28,990.3764310854722,998.1288884716599,953.5522585010809,959.5604248046875,18141410.0
2020-10-29,953.5522822278328,976.8096549650971,948.6972962054798,957.8064575195312,11551185.0
2020-10-30,964.01807047829,964.8030044279376,943.8907930767895,947.4762573242188,6316955.0
2020-11-02,948.9007527457356,953.5522151366035,934.3260956687153,941.661865234375,5854965.0
2020-11-03,940.1793026484154,953.5522801133768,936.3224147917124,945.2861938476562,7304100.0
2020-11-04,950.0152084161949,962.2350647374607,945.2959045538416,956.5757446289062,7607400.0
2020-11-05,963.7757662396752,968.9214572844473,953.9592126850272,961.0139770507812,5170230.0
2020-11-06,961.8668505986841,961.8668505986841,947.9027026662351,950.2478637695312,5452210.0
2020-11-09,954.5213506097731,960.1418705911586,943.8617213136233,945.7319946289062,6028255.0
2020-11-10,934.9463763587095,943.4740679042472,906.9212586469455,910.526123046875,9830150.0
2020-11-11,916.728088917565,953.532861552072,909.188795694471,946.2164916992188,13535220.0
2020-11-12,944.8308052123898,954.5213775735425,931.264003906776,935.498779296875,6582350.0
2020-11-13,939.9855112349348,946.7398117242849,936.1189823583561,941.3228149414062,5459350.0
2020-11-14,946.0324245020919,949.2884426126253,936.1092878910032,944.259033203125,676080.0
2020-11-17,944.830775323102,945.7707324220501,924.4805740084506,927.2230224609375,6416065.0
2020-11-18,927.3877481507664,929.3258625669644,906.0684895725879,911.6502685546875,6500295.0
2020-11-19,906.0684542930916,932.5818442791577,902.5798721383928,912.4060668945312,8836445.0
2020-11-20,916.7280709646147,921.0500871796812,902.444177926987,905.2835083007812,4774680.0
2020-11-23,908.0066094928044,943.8617264098094,905.312602047611,935.8670043945312,10763015.0
2020-11-24,939.9853685732575,957.4283960313179,927.5426496286922,952.6799926757812,9611490.0
2020-11-25,968.6695499677082,972.3520146316729,926.6125031273285,931.5159301757812,13295580.0
2020-11-26,932.2329898291138,955.3546795188913,925.2170254397946,949.9376831054688,8336175.0
2020-11-27,949.8698475919738,956.5660065961773,932.0779721884912,935.9057006835938,10018690.0
2020-12-01,943.8617453408477,943.8617453408477,931.4578245825181,936.1868286132812,5585950.0
2020-12-02,940.3924209247252,947.5440674081086,932.4267995591586,940.0338745117188,6117260.0
2020-12-03,943.8616287654546,957.2346051055109,938.5512147091536,954.143310546875,5174465.0
2020-12-04,957.4285395785976,961.4113505834922,942.3306114318984,951.3331909179688,6998410.0
2020-12-07,955.4903026241014,983.3991353339129,950.6644171827749,974.697021484375,12029520.0
2020-12-08,978.7477721991015,984.5621154002844,960.5101085938047,972.0031127929688,6638505.0
2020-12-09,973.902493293785,988.4383514026475,973.902493293785,980.0850830078125,6767490.0
2020-12-10,980.2982899901634,985.8025872166033,971.9644213026237,979.3486328125,4741470.0
2020-12-11,979.7361960734388,985.3470157785606,966.1112546689697,972.34228515625,3839815.0
2020-12-14,959.7543709826656,979.5231043612565,959.7543709826656,973.4761962890625,5918125.0
2020-12-15,978.1566323537311,983.7868521532372,971.0340266565966,975.1331787109375,5025520.0
2020-12-16,978.7477778542896,979.086924217695,970.2200862725934,976.6061401367188,4162280.0
2020-12-17,978.7477930049333,995.1248836950256,974.8715641217455,983.1763916015625,6803005.0
2020-12-18,984.5620895776058,1020.0004584103816,984.2035431546612,1013.3915405273438,18525665.0
2020-12-21,1016.1533159585948,1022.2002231833126,961.7019916843868,982.3429565429688,9061285.0
2020-12-22,989.930687377464,1002.9742188007156,956.7211367968335,1000.4158935546875,7764120.0
2020-12-23,1000.3479779454954,1015.3198626187001,994.4948352876712,1012.4901733398438,4062350.0
2020-12-24,1016.9287114731475,1016.9287114731475,1001.036148763486,1008.1683959960938,3378180.0
2020-12-28,1013.2753466790277,1014.60295039242,1005.3000243626326,1008.1683959960938,2055865.0
2020-12-29,1012.6646859819416,1021.1924359179789,997.276054251755,1001.1522827148438,4412165.0
2020-12-30,1006.162438139252,1006.162438139252,996.6753302965362,1002.189208984375,2376345.0
2020-12-31,1005.8813507588383,1018.2368297782748,1000.2607718092221,1008.8079223632812,6036190.0
2021-01-01,1011.1626354237354,1018.4499641155589,1007.8194355748892,1015.8335571289062,2915215.0
2021-01-04,1019.4480620287856,1028.8188867053846,1015.8334979981084,1021.8222045898438,3923440.0
2021-01-05,1015.5719815743536,1034.371715578915,1013.0427563879352,1024.6617431640625,4770920.0
2021-01-06,1024.661619015356,1030.1077152806945,1012.8584512823645,1024.9329833984375,2713390.0
2021-01-07,1027.3942933394844,1032.0458147513798,1018.0913688087968,1021.5606689453125,3266465.0
2021-01-08,1027.181301856358,1038.8293891202213,1023.130708728751,1034.614013671875,4045915.0
2021-01-11,1035.7283575770398,1051.8146830485753,1032.239657107094,1049.8377685546875,4599235.0
2021-01-12,1054.518352770055,1055.01258143132,1032.908447057131,1037.637451171875,3741860.0
2021-01-13,1039.7983082300773,1041.7364225045044,1015.1842332862332,1025.262451171875,3296060.0
2021-01-14,1028.1502440661095,1032.6272834021597,1020.4171868759414,1028.925537109375,2674860.0
2021-01-15,1030.107764606262,1030.107764606262,1006.966674814521,1010.30029296875,2577605.0
2021-01-18,1013.8275587293933,1015.174562383948,975.8405651777521,979.1547241210938,4412055.0
2021-01-19,986.1125659978923,989.397684044221,976.140988875199,986.2870483398438,3990495.0
2021-01-20,988.8840833486821,1000.0184814233331,981.6645957316708,984.6880493164062,3398145.0
2021-01-21,990.3764318667978,995.803128382788,975.627410068287,979.1741333007812,2906620.0
2021-01-22,978.5055231732804,989.4752579483337,966.1500436779011,976.2088623046875,3815610.0
2021-01-25,977.1972217144884,993.942557108409,961.304661316363,985.0271606445312,3588895.0
2021-01-27,979.2128659425175,979.2128659425175,936.6518917828414,951.4784545898438,5261980.0
2021-01-28,939.0163781263166,950.4415406293353,925.8372245480779,944.2105102539062,5165470.0
2021-01-29,947.7378274297783,952.583112846086,881.8419457679942,892.0557861328125,14820975.0
2021-02-01,883.7898061424933,887.2009061806833,851.4232742119449,858.22607421875,12951700.0
2021-02-02,866.1432993983797,877.5781623424928,849.0879166152845,868.759765625,18375530.0
2021-02-03,887.4528428091536,922.8525295552838,880.3787373103175,901.1359252929688,17227025.0
2021-02-04,909.5570140230793,912.0765980918476,895.8157907836463,904.7020874023438,6508800.0
2021-02-05,908.0066209459196,936.109280505612,896.5039164026945,930.4693603515625,12038405.0
2021-02-08,942.8926248224993,951.6044393026829,935.1401674755518,941.8848266601562,10792890.0
2021-02-09,939.985460350112,948.8426571304402,931.263945769544,938.8419799804688,6233845.0
2021-02-10,939.0164066341642,946.5944408730091,922.7362578530999,934.9560546875,5767115.0
2021-02-11,934.364968373996,941.9236027395076,932.2330306948625,935.14990234375,3557750.0
2021-02-12,941.8847971917191,941.8847971917191,927.3876811137336,928.744384765625,2504510.0
2021-02-15,928.7444773558265,936.7973406099806,910.9235006152728,912.8228149414062,4923205.0
2021-02-16,916.5342935449102,922.8525654545111,905.0994303441776,910.2548217773438,4064700.0
2021-02-17,910.254769301865,912.8421353315182,887.6563494646331,891.63916015625,5106775.0
2021-02-18,892.889273740353,903.9074487062945,883.7801129526146,894.8176879882812,5147530.0
2021-02-19,891.9202685580456,916.3404626265725,877.9658212504095,907.3185424804688,6392670.0
2021-02-22,912.4642547171427,916.137019434836,861.133322162754,866.1917724609375,6976565.0
2021-02-23,871.7637973485561,878.7991617925653,856.7434113707757,871.2114868164062,5317090.0
2021-02-24,871.2114821899846,876.754460724584,848.3126568924444,859.6602783203125,3677930.0
2021-02-25,856.8694596384904,889.5945413784056,856.8694596384904,868.3043823242188,8531875.0
2021-02-26,864.3989490737591,883.5087270463449,853.7393207780065,857.9159545898438,7534450.0
2021-03-01,861.4918031034405,867.887556610716,852.8187298143143,863.1198120117188,3545365.0
2021-03-02,866.9961112261168,868.2558737896838,850.8613439129506,853.6812744140625,9188390.0
2021-03-03,865.3680620302786,875.2040160692004,857.8094278530543,872.6456909179688,4253070.0
2021-03-04,868.6628815241738,888.3056303818634,861.2980114537119,886.697021484375,7364955.0
2021-03-05,881.8420335433187,883.7801479027546,869.0504669417307,870.6978759765625,4131845.0
2021-03-08,872.1514408257223,876.4153159728255,864.9803942091999,870.6494140625,2782080.0
2021-03-09,872.3356094707099,876.0277150632446,855.9682190505158,862.1314086914062,2715590.0
2021-03-10,871.3761678798895,875.9985300894613,863.6334110101037,872.2289428710938,3149805.0
2021-03-12,876.027629835871,877.9560440265967,853.3710698103829,857.90625,3439260.0
2021-03-15,864.3989819157568,864.8253694296492,830.4819815042641,841.5776977539062,4608715.0
2021-03-16,848.9135112695906,865.6975891502366,845.986939584907,862.4027709960938,4678635.0
2021-03-17,862.402784962873,865.3680976910023,841.9750421987835,844.2135620117188,4769865.0
2021-03-18,846.9559232064644,848.6033321404099,813.048624028043,816.4790649414062,6054535.0
2021-03-19,815.9461554970336,834.4260832422789,801.410297620008,828.4373168945312,7062075.0
2021-03-22,828.9121308410046,846.5586832853583,827.2356808556424,843.8452758789062,4336515.0
2021-03-23,843.0797127016709,853.3516947380352,837.6723572936527,847.3920288085938,3326180.0
2021-03-24,843.1281336804421,856.452669052845,839.4651285306362,843.1765747070312,3912020.0
2021-03-25,843.0797462147975,853.1870054999928,830.4335618508869,849.0006713867188,4707080.0
2021-03-26,856.6465146758311,857.2279253031885,842.633927090976,853.9331665039062,3626590.0
2021-03-30,858.5749503433439,877.4715651090099,856.8500593414561,875.6788330078125,4331625.0
2021-03-31,874.0896219354619,881.2025280320171,868.4691018277165,875.2525024414062,3862550.0
2021-04-01,881.8420093326517,890.5538236756871,876.4249538222671,889.1390380859375,3238200.0
2021-04-05,883.7801676196349,888.4316303567425,857.4024589895807,883.1212158203125,3661290.0
2021-04-06,883.5863008622889,899.2656385106445,880.2915420278359,895.263427734375,3711470.0
2021-04-07,903.6070130289215,917.5032588480366,899.4788202816904,909.4891967773438,5568060.0
2021-04-08,909.5085967499223,921.7671936316306,903.3938483618184,908.79150390625,3303175.0
2021-04-09,909.5377741142868,929.132083401841,909.2179686593967,922.6006469726562,6810735.0
2021-04-12,925.4496022537185,992.3145473380185,909.9446874515619,968.466064453125,17568825.0
2021-04-13,997.1016285819525,997.1016285819525,920.8174764838865,925.8953857421875,19686170.0
2021-04-15,938.6094162926627,944.840446838094,927.3877176311373,939.1229858398438,6934505.0
2021-04-16,942.660097744737,957.4285201097006,933.240830940484,948.3678588867188,5990145.0
2021-04-19,948.3192551385392,970.0261578540333,931.6611612107282,962.87451171875,9219640.0
2021-04-20,988.4384184345764,1009.9030606895992,986.4034218199536,999.4371948242188,17424880.0
2021-04-22,1003.9336980809708,1025.2626594677533,999.8734046318348,1007.79052734375,12120670.0
2021-04-23,1013.246171209001,1020.6400822785603,974.8909303277463,981.9844360351562,11774495.0
2021-04-26,993.2836168126572,994.2526739997915,974.9199712871508,981.9844360351562,4752885.0
2021-04-27,986.5970263661895,991.5392531468492,973.195009034368,980.15283203125,4789175.0
2021-04-28,985.0563301704645,989.7756339372723,974.8715296763019,977.672119140625,4219765.0
2021-04-29,982.672344047164,996.9659954713924,977.2553479602694,988.884033203125,5359655.0
2021-04-30,996.1908071225927,1009.9513721216312,993.3127356129852,1000.6678466796875,6534750.0
2021-05-03,1006.6468995276756,1010.2129635417782,996.1907351830014,1005.0963134765625,4689495.0
2021-05-04,1009.9513379841504,1012.2576987867033,979.5908193515813,982.0910034179688,3978090.0
2021-05-05,990.3764020719751,1008.2070771964719,982.623944912899,1000.2510375976562,5055995.0
2021-05-06,1001.0360582112303,1017.8976766548241,994.2526580103798,1001.7046508789062,4891875.0
2021-05-07,1007.8097405367871,1017.316248002104,1001.2298046046436,1002.9159545898438,3924345.0
2021-05-10,1042.7055618400905,1044.633976231717,1021.7739496848236,1032.5401611328125,11222420.0
2021-05-11,1032.045928584501,1036.8815145986448,1021.6382636132109,1026.4156494140625,4724450.0
2021-05-12,1030.6890847995057,1034.9529596025557,1022.3552175849217,1027.4815673828125,4400825.0
2021-05-14,1034.6719070969439,1046.2716103601272,1000.0669162873439,1007.2088623046875,14885055.0
2021-05-17,1017.5100370933025,1019.4481514496706,997.1598363514364,1017.5682373046875,6846935.0
2021-05-18,1025.310957030686,1028.1502282143233,1009.7575425749325,1010.8137817382812,4550200.0
2021-05-19,1014.6027180557686,1020.2232961893615,1008.9918399559963,1015.1454467773438,4594605.0
2021-05-20,1018.479122883212,1024.4872302394917,1012.6647796507674,1014.8548583984375,3879585.0
2021-05-21,1018.672785957901,1021.2893111288196,1007.1023008537878,1011.0076293945312,3558170.0
2021-05-24,1014.7965353671207,1027.0067493119752,1012.9941033783806,1021.8029174804688,3532490.0
2021-05-25,1025.1461410127765,1031.0767657986157,1018.4790233593469,1029.3712158203125,3478075.0
2021-05-26,1031.076752872528,1033.9839241682212,1022.3552389854483,1024.3321533203125,2537400.0
2021-05-27,1023.0822276791941,1024.0803850721582,1013.6630192681786,1021.1635131835938,3891965.0
2021-05-28,1023.324336947468,1023.324336947468,998.1288513786857,1006.76318359375,4373725.0
2021-05-31,1011.1143404652589,1034.03256768194,1002.2280430540538,1028.9739990234375,4338240.0
2021-06-01,1028.169680711468,1034.7593169343104,1020.4754233876869,1030.3985595703125,3736865.0
2021-06-02,1028.4120168148136,1037.6665609618212,1023.9058768987671,1029.59423828125,2729755.0
2021-06-03,1029.1387179330163,1034.9530609721858,1020.8048499021622,1023.818603515625,2833590.0
2021-06-04,1023.8187633683067,1025.2626493183575,1015.9597226618075,1018.479248046875,2007655.0
2021-06-07,1019.6419535301259,1022.113096743743,1010.280946011391,1011.5406494140625,1819835.0
2021-06-08,1011.69575533866,1026.4060962439937,998.1483540934954,1022.306884765625,3663570.0
2021-06-09,1022.9174372100492,1029.1388275098993,1009.379735449445,1012.238525390625,2365525.0
2021-06-10,1014.1184071958983,1027.200680007312,1014.1184071958983,1025.659912109375,1836400.0
2021-06-11,1027.2006330732652,1064.005406640822,1024.9814542291494,1056.853759765625,7277420.0
2021-06-14,1056.8536779125673,1068.8700099330836,1040.7673532802646,1058.4720458984375,4489710.0
2021-06-15,1061.117653906533,1062.6778218326278,1046.969442179736,1048.6846923828125,2844075.0
2021-06-16,1048.5198089632636,1057.8227337020985,1035.0112094251488,1047.763916015625,3492955.0
2021-06-17,1047.7638762823633,1049.295062188967,1017.2288779764623,1024.5841064453125,3536160.0
2021-06-18,1030.1077070238655,1035.922049678751,1014.5639931393451,1024.0802001953125,3487140.0
2021-06-21,1022.3552105036856,1027.200495861523,1013.0522862752579,1023.7119140625,2077445.0
2021-06-22,1024.3903122092045,1031.0768303503621,1017.6069120095311,1028.8189697265625,2134275.0
2021-06-23,1031.4644421900161,1036.8814384737996,1024.7197240647029,1027.0745849609375,2055715.0
2021-06-24,1027.0068506209025,1030.0980862562665,1017.5197429385133,1022.8689575195312,1830910.0
2021-06-25,1022.7431015029659,1034.1779067053753,1020.8049868964767,1029.003173828125,2320365.0
2021-06-28,1032.821276766412,1050.4483715748295,1029.633040521838,1047.405517578125,2964815.0
2021-06-29,1048.7136727581867,1057.2317235480987,1042.7055653309617,1052.9969482421875,2881305.0
2021-06-30,1054.140426118893,1059.9159689395394,1047.5507901126884,1051.049072265625,2340440.0
2021-07-01,1051.6208860567563,1081.467896835044,1048.985078712884,1077.3009033203125,4157750.0
2021-07-02,1081.4677743640088,1085.3440029459587,1068.191738788074,1080.6343994140625,2858690.0
2021-07-05,1080.7313610122158,1084.5687897369874,1072.155228302067,1073.308349609375,1486705.0
2021-07-06,1073.6765466015188,1077.8241396886676,1068.6762967642653,1073.6087646484375,890540.0
2021-07-07,1071.5835032691916,1088.1737578663667,1068.879795816818,1077.9986572265625,2692540.0
2021-07-08,1073.7152648351412,1083.0181893194965,1056.19475508472,1059.5185546875,2255835.0
2021-07-09,1060.735579770116,1074.8028587364447,1054.6901257842653,1063.1304931640625,2304980.0
2021-07-12,1070.8405696288758,1070.860058825614,1059.177949092971,1069.750244140625,913295.0
2021-07-13,1069.750168027845,1077.4798918793208,1057.036201301765,1058.61328125,1852410.0
2021-07-14,1058.6133580355422,1062.8578436505559,1045.0620679457572,1049.6083984375,2506775.0
2021-07-15,1053.3369585635596,1058.8859134908644,1045.7825176347733,1050.153564453125,1518410.0
2021-07-16,1050.0269924795255,1061.1250210541955,1048.2455134363524,1052.665283203125,2189520.0
2021-07-19,1051.0004455840137,1060.1514552830631,1047.9047530619666,1055.1573486328125,1204290.0
2021-07-20,1058.3990660020322,1058.3990660020322,1036.319945744941,1040.496337890625,1322140.0
2021-07-22,1050.2216392548348,1050.2216392548348,1037.0890113198743,1048.3719482421875,929240.0
2021-07-23,1047.788123304383,1057.6205436188964,1043.6214749152618,1055.7027587890625,1533805.0
2021-07-26,1055.0891868015942,1060.5408138738242,1051.350826377873,1053.5802001953125,934695.0
2021-07-27,1058.7885306300414,1060.1417226125811,930.6747499116137,943.0090942382812,29369105.0
2021-07-28,948.1881408836781,949.1421608100459,908.5760523054523,921.2803344726562,16190650.0
2021-07-29,924.8336559700197,927.7541833046618,907.3104919621666,909.7734985351562,5434680.0
2021-07-30,912.177996794851,935.5422144288707,910.7372223879354,917.2791748046875,6866000.0
2021-08-02,922.6919031634241,924.9309621856643,912.6842606206635,915.4003295898438,3781730.0
2021-08-03,920.6281384382036,920.832596753083,913.4826144536742,919.3236694335938,2991305.0
2021-08-04,920.0830069080813,936.5158468960614,920.0830069080813,928.494140625,5520990.0
2021-08-05,933.4005978552808,936.3211254201711,923.2761379479657,931.1226196289062,2969750.0
2021-08-06,934.2572426649443,935.7856591421897,926.0603123580039,931.9013671875,1998185.0
2021-08-09,933.595210757489,941.1496507497922,926.6443416432871,938.1707153320312,2717725.0
2021-08-10,942.162155277363,946.0270175487384,921.6308803211556,928.6790771484375,3083355.0
2021-08-11,927.754202940534,928.1338857624609,913.1515659582591,923.8309326171875,2633925.0
2021-08-12,924.7168847291335,925.4761909756664,913.2489183150304,918.291748046875,3107090.0
2021-08-13,919.4015711861282,922.0689769718005,901.8589752501912,905.7919311523438,3969475.0
2021-08-16,903.4164991014594,912.4993561875192,897.3807304350128,907.534423828125,2096145.0
2021-08-17,908.284031693874,918.8368969628505,907.5344106388613,915.1959228515625,2130070.0
2021-08-18,915.0986243796198,925.8169699018853,910.23107850526,912.5772094726562,2768780.0
2021-08-20,907.2910120857454,907.2910120857454,877.7158002196777,887.0615234375,4134540.0
2021-08-23,895.4336746001558,895.4336746001558,876.1582059528492,879.0494995117188,2837575.0
2021-08-24,886.2827687820795,894.7912293887624,865.58595439926,893.1751708984375,3084680.0
2021-08-25,889.7873988855092,894.5770474590202,880.7045415135951,885.6889038085938,2220705.0
2021-08-26,885.6888251134234,886.8473033223135,873.5102761505715,876.8396606445312,2408595.0
2021-08-27,877.3264420815154,897.7311554707558,877.3264420815154,895.7354736328125,2816975.0
2021-08-30,899.3277884271258,915.0986493744707,891.3547456904189,910.7860107421875,3141835.0
2021-08-31,910.7957121278642,919.3333470151798,905.460841552533,915.8871459960938,3227635.0
2021-09-01,922.6919795112376,931.5412040112434,912.5675197934522,927.4524536132812,2814755.0
2021-09-02,936.7104746522674,954.8956176410902,936.5157609472085,946.1924438476562,6299320.0
2021-09-03,949.4050361157177,955.8399172160265,946.6987116270312,953.7566528320312,2156575.0
2021-09-06,961.8270468821439,962.469536781563,948.480214952337,957.1444702148438,3080995.0
2021-09-07,956.9594458836024,959.0914331906338,945.3844084171561,953.5424194335938,2101070.0
2021-09-08,956.9594619466379,961.8270075313105,946.503983537686,956.2390747070312,2500145.0
2021-09-09,951.1184125925979,958.4099864125087,949.5802515420745,956.3850708007812,1812055.0
2021-09-13,959.6658943426988,963.228911746817,948.8014987740607,960.1526489257812,1493265.0
2021-09-14,963.7545592361083,971.3674078397812,958.6631254486423,960.0260620117188,1549905.0
2021-09-15,961.2429329596551,968.6415785359336,957.7188346836704,966.227294921875,1601600.0
2021-09-16,969.8098269732296,972.8276815704794,957.2612797711587,960.2597045898438,1482575.0
2021-09-17,960.464067403248,965.282949397683,948.0129072348676,951.03076171875,2274150.0
2021-09-20,949.1714566451557,951.2255467678659,924.4832779409071,929.6915283203125,1660330.0
2021-09-21,928.4842999030459,947.0296362900615,923.9087952701954,945.0144653320312,1701950.0
2021-09-22,945.1216782612305,949.9113267887275,936.9149435874244,943.59326171875,1253645.0
2021-09-23,947.594383187072,947.9253430385048,928.7277702702573,934.0431518554688,2800365.0
2021-09-24,935.7370298741429,938.6769871750062,930.2950874477767,932.68994140625,1258075.0
2021-09-27,934.0431243085038,935.6688679760066,921.5237512958516,932.9430541992188,1130285.0
2021-09-28,936.4963518572321,945.1021992434037,925.826729159403,941.023193359375,1527230.0
2021-09-29,940.9939369909954,958.4976722169001,932.9430565848852,950.3396606445312,3275350.0
2021-09-30,952.0724735882611,970.5886369090427,947.31205893223,950.28125,3880075.0
2021-10-01,944.8879350270439,967.6680723692463,944.7419443089432,964.9130249023438,1710665.0
2021-10-04,964.7475472374321,988.5011937621548,963.77403810803,981.8228759765625,3801765.0
2021-10-05,980.7325431352621,983.244213307364,967.66806735398,980.2457885742188,1774235.0
2021-10-06,976.916416155439,981.7255536550481,955.362909664178,965.05908203125,2646320.0
2021-10-07,968.8168278678555,971.5426416016697,950.7193260603865,952.3060913085938,1719870.0
2021-10-08,955.3338046159814,963.1218782546462,938.6575871837276,944.148193359375,1741550.0
2021-10-11,948.1979189672203,958.2250514011841,940.0009885019742,952.9389038085938,3440320.0
2021-10-12,954.0389461301942,965.1369739647356,945.4720776812528,956.0443725585938,1427440.0
2021-10-13,955.791282174473,962.9952737315912,952.1114484442155,959.5782470703125,1207980.0
2021-10-14,958.7118006538387,975.3880171749367,956.7745269489956,965.4679565429688,1460300.0
2021-10-18,962.8005151479811,968.6318252424073,947.3509302397666,949.6581420898438,1668255.0
2021-10-19,955.012431632883,957.9329589467451,932.6217222266075,934.919189453125,2698595.0
2021-10-20,934.7732013299553,943.223253251296,918.6031698994833,925.593017578125,1580485.0
2021-10-21,930.6747785324573,932.3881642006978,895.6284479601053,905.684814453125,2584000.0
2021-10-22,906.3370094990812,912.7232270818708,894.3141953852839,902.9199829101562,1814980.0
2021-10-25,905.5387466621918,914.9039000625087,883.3622388130153,910.4549560546875,1380835.0
2021-10-26,914.1250611829639,914.8649376190679,902.8323791891237,908.5176391601562,1363565.0
2021-10-27,906.4343870592364,920.5502703768017,904.789154144113,907.8362426757812,1929040.0
2021-10-28,910.2310239353923,913.0931431146583,886.0977543277293,889.777587890625,1341975.0
2021-10-29,894.2654742029524,957.5143940653278,881.2302319475858,907.15478515625,9725820.0
2021-11-01,912.1780676524215,941.373597365236,901.2844979576213,934.85107421875,3383505.0
2021-11-02,934.5395026147308,935.3475318052025,919.3820182091916,924.0742797851562,2046660.0
2021-11-03,926.5860045403789,934.2280870803264,925.5249128325813,929.0490112304688,1862160.0
2021-11-04,929.7012185517476,932.3588794610872,925.6124683247223,927.9780883789062,104180.0
2021-11-08,926.7807401788045,936.5450657836079,915.3127735074959,932.37841796875,1191260.0
2021-11-09,932.621763889133,941.3833462221207,929.7596446169591,933.0792846679688,1249435.0
2021-11-10,931.4730183655865,944.2941170458419,929.5065108975907,940.2832641601562,1711170.0
2021-11-11,940.6046001779179,944.1773623019652,931.4535899378586,937.4796142578125,1586300.0
2021-11-12,944.3038986760353,948.1979353716066,937.4893344587855,942.9896850585938,1166710.0
2021-11-15,942.5515853863345,953.8442679324181,941.0036796700223,948.9085693359375,1337395.0
2021-11-16,954.2337318304061,954.2337318304061,934.0528456654163,937.99560546875,1679855.0
2021-11-17,937.9955740855593,939.4071148468198,924.8532002962575,928.396728515625,983295.0
2021-11-18,926.7418056757979,928.2799073746228,905.5776665271178,909.5398559570312,1168320.0
2021-11-22,910.5133965867049,913.0737305314136,892.045955617774,897.1082153320312,910090.0
2021-11-23,895.6284442179173,907.6707480024716,886.1853933028323,901.8491821289062,1063495.0
2021-11-24,901.2553123849304,906.0643904535452,893.0194037409078,895.2487182617188,996290.0
2021-11-25,898.3542218520384,914.3197955036876,892.7078807278199,893.992919921875,2726870.0
2021-11-26,891.7343168880742,938.4627527075365,890.9846958829544,925.0088500976562,5361365.0
2021-11-29,944.3038879248204,951.118452064484,908.4008652469583,914.63134765625,4500925.0
2021-11-30,917.8049337510586,924.4929364849548,905.3634589874248,910.396484375,3589115.0
2021-12-01,914.3197570978087,917.5128360430442,893.6813523281434,896.86474609375,2127105.0
2021-12-02,897.5559484050059,909.0628337048901,897.3904684863852,907.845947265625,1163740.0
2021-12-03,905.7918667707276,908.0893341319054,892.3184738290247,894.9469604492188,2738865.0
2021-12-06,897.4293002832842,897.4293002832842,873.1013184597053,875.905029296875,1336375.0
2021-12-07,880.052232062392,885.8932866999743,864.7292082367261,880.1885375976562,2662500.0
2021-12-08,881.4639088087977,893.6230290965542,881.4639088087977,889.9237060546875,979280.0
2021-12-09,895.6284093766901,899.1233333355848,888.8819981623401,894.5088500976562,1130885.0
2021-12-10,897.5754603664461,899.4251515683546,890.4688552645553,894.3239135742188,802565.0
2021-12-13,910.8151771946946,910.8151771946946,889.0961894758057,895.5895385742188,1355025.0
2021-12-14,894.8496093600477,907.310514412529,891.1697163065691,904.6917724609375,1195915.0
2021-12-15,904.409492011635,904.6917882753224,890.2352011257373,895.6868286132812,1537725.0
2021-12-16,901.4694700076922,903.2120299900193,889.7873602451735,895.1124267578125,1006605.0
2021-12-17,901.4694505741834,904.9740596600749,875.5351532000849,879.6531372070312,2417560.0
2021-12-20,875.4183922839136,890.7609065862482,868.7596227154759,887.9766845703125,1708885.0
2021-12-21,888.0448166882243,901.3137513590381,884.6861981857221,899.6976928710938,1293770.0
2021-12-22,903.4164947228586,911.0682624113086,897.5754398000815,905.0714721679688,1068395.0
2021-12-23,909.97794209072,915.0986097757523,906.3565165387665,914.086181640625,831200.0
2021-12-24,919.9660853656676,920.9395944507106,897.7700901103422,903.153564453125,1259130.0
2021-12-27,900.3207175366821,923.8601610862194,899.7365764097892,922.2830810546875,1696340.0
2021-12-28,922.2831394808684,929.4286636480978,915.692463262828,923.6265869140625,3342970.0
2021-12-29,923.6265888824315,943.9437209302323,923.6265888824315,941.023193359375,2528020.0
2021-12-30,940.4098118676899,959.4808817120319,939.4460473438188,954.9540405273438,2765730.0
2021-12-31,954.8177753550331,960.0844932020302,949.4634749575893,955.4019165039062,1442840.0
2022-01-03,955.4018876778363,959.9384140972963,943.8560241930835,944.9171752929688,1463005.0
2022-01-04,946.4455645358411,952.6565573842644,939.4362870904737,941.470947265625,1267190.0
2022-01-05,950.1449130076397,954.9345613008461,926.2062973032904,932.6996459960938,2684010.0
2022-01-06,932.6996626616791,941.587805950759,920.6086362427972,922.7796020507812,1908215.0
2022-01-07,928.6206995110791,928.6206995110791,913.1516241549316,916.734130859375,1335615.0
2022-01-10,920.6280678156089,920.6280678156089,906.3661953179893,914.91357421875,1575095.0
2022-01-11,917.0455731357202,922.8671385458107,907.4175538665089,909.1114501953125,1547160.0
2022-01-12,911.204601135823,915.7411278136716,902.2483047110873,913.8135986328125,1188845.0
2022-01-13,915.0986688422241,926.7028821334007,912.1002438008121,920.1511840820312,2270255.0
2022-01-14,919.0315588194865,919.5767215680862,907.4176017618217,912.995849609375,1594300.0
2022-01-17,908.3813451280612,915.0888372918773,896.6992355720174,909.7247924804688,2693245.0
2022-01-18,909.2575240615547,919.8590527084845,899.7171465064496,913.8427734375,2122640.0
2022-01-19,914.1250367061664,921.7962930988668,906.327219378138,912.1682739257812,1539435.0
2022-01-20,917.4350150547933,917.4350150547933,889.7873323819583,893.983154296875,1588695.0
2022-01-21,888.083738755842,889.7873798003175,863.502632256982,875.4086303710938,2787740.0
2022-01-24,873.451810131939,874.172256780553,839.3595617001668,849.7468872070312,2782490.0
2022-01-25,849.746887927954,860.3775907199384,837.4125442018185,857.242919921875,1704510.0
2022-01-27,845.0059667856104,849.902746473359,823.9781923011166,828.7191772460938,3527530.0
2022-01-28,827.2491741270785,852.7940456214153,812.9678110275931,821.369140625,6514920.0
2022-01-31,827.4730020265323,850.5743542802137,825.5454729953037,837.7630004882812,3092775.0
2022-02-01,841.1119514862966,842.3580717870537,829.0404136004287,839.057861328125,1858315.0
2022-02-02,842.0853800319169,862.480407767213,840.157851008237,859.6766967773438,1525005.0
2022-02-03,860.1926266909798,863.882264249278,848.8999447709718,851.7523193359375,1107685.0
2022-02-04,857.5739174342526,857.9536002623666,844.4218587559216,847.3326416015625,1234965.0
2022-02-07,841.1118477135223,846.9529022115328,827.4924651492522,839.0090942382812,1279790.0
2022-02-08,838.9702231919659,852.6675048725364,833.333626270774,841.4916381835938,1982015.0
2022-02-09,841.5402696949985,855.714560840263,839.4569458098115,850.6036376953125,994400.0
2022-02-10,853.7675594246857,854.4976913170101,843.779345630762,850.9833374023438,1189325.0
2022-02-11,839.3595580809143,846.8652752158001,833.3530235697642,842.1632690429688,1687690.0
2022-02-14,827.4827904038378,830.7148479624328,811.2738390362608,818.643310546875,2246930.0
2022-02-15,824.367515881129,836.1372673566281,815.5280363813457,832.8468017578125,1790055.0
2022-02-16,832.9343668988456,851.3921209297145,826.2269343198408,840.420654296875,1903065.0
2022-02-17,841.6765112168601,844.0810501642345,835.8938648074152,837.4125366210938,1145155.0
2022-02-18,833.323793478095,845.5899844278671,830.3253687990227,841.3357543945312,1790540.0
2022-02-21,852.0152532559849,859.9298877082103,833.830108753598,836.877197265625,2939755.0
2022-02-22,815.7909118497437,824.6790550201163,809.1223980315327,821.3496704101562,2404200.0
2022-02-23,829.4297573391435,829.5563182762376,815.9661097818368,817.9326171875,1857420.0
2022-02-24,788.5423723429387,807.81784067211,788.5326277449973,796.8171997070312,3485635.0
2022-02-25,801.0032369969612,817.9423182879992,798.6862806971501,813.1915893554688,1527165.0
2022-02-28,808.0126142428334,808.0126142428334,789.0291853539957,791.1514282226562,4914250.0
2022-03-02,790.7522657313777,791.1513783234124,744.7344709750561,750.21533203125,7703175.0
2022-03-03,755.2483606325773,758.2175515539926,720.3967461485083,724.06689453125,6673625.0
2022-03-04,722.3437766824064,754.2651197627362,711.4404625092043,745.4451293945312,6040250.0
2022-03-07,729.9371237841171,738.2995932402256,714.1662642106531,733.9090576171875,3015430.0
2022-03-08,730.1318821927091,756.7963127907751,727.7662620245989,753.2138061523438,3920845.0
2022-03-09,759.6291522890212,775.1663791905545,755.8714213569102,765.2658081054688,4046845.0
2022-03-10,773.9397934636169,776.1788526805466,754.5766817290257,757.8768920898438,3560495.0
2022-03-11,757.9741896466351,778.0285135024944,754.0801531019963,774.0565795898438,5566315.0
2022-03-14,771.2139174973308,777.7656146975435,764.2046401246337,770.4935302734375,2850290.0
2022-03-15,770.6297768716726,778.6125633450704,755.4430587365487,759.307861328125,2356470.0
2022-03-16,773.7450248739376,773.7450248739376,757.390083791404,767.8650512695312,1793880.0
2022-03-17,772.012287407277,788.5424546652979,768.3323940980615,787.0140380859375,3862935.0
2022-03-21,793.2152156408763,794.9578349857937,778.1744879186658,779.7710571289062,2008195.0
2022-03-22,782.8960344256313,789.8955672700034,772.9662296671579,784.7164916992188,6451110.0
2022-03-23,786.5953443780645,815.5961587659772,786.5953443780645,803.5928344726562,5220570.0
2022-03-24,800.8085675459547,846.6706267286083,798.5597638858105,842.766845703125,8690735.0
2022-03-25,842.4748788342665,851.8205433135929,835.2708870435002,849.1823120117188,4321985.0
2022-03-28,848.8610244339714,849.4743399263637,825.3702448703834,834.3849487304688,2484535.0
2022-03-29,836.0496283575479,848.0335233624762,826.9083633730512,841.8031005859375,2105420.0
2022-03-30,847.4981012975308,850.1655067925211,834.1220954298873,847.8096313476562,3084130.0
2022-03-31,847.5370720494734,854.2543091881818,833.3433509241274,836.33203125,3058595.0
2022-04-01,836.2443349457909,843.9642551451898,830.0138528040277,833.2167358398438,1569355.0
2022-04-04,845.0059508270527,845.0059508270527,831.3768225879068,840.5570068359375,1298870.0
2022-04-05,844.7917927031084,858.2456367723912,837.7532811942048,843.0394287109375,2399325.0
2022-04-06,843.0589364076948,847.9264822299101,830.6564391596156,832.6910400390625,2059755.0
2022-04-07,836.244289210572,848.3255105974996,832.6909573459167,840.6055908203125,1397010.0
2022-04-08,846.3688486874718,871.8066466260777,842.4455784316748,862.5972290039062,3358875.0
2022-04-11,862.5290602174081,866.4230966066515,851.5186747035536,852.8912963867188,1077795.0
2022-04-12,852.0152064672058,858.265118474084,842.7960440652358,851.3045043945312,1855070.0
2022-04-13,847.1476743239881,849.3574996903434,835.3876671533372,837.0621337890625,1847180.0
2022-04-18,832.3503848464674,840.8101823627495,823.7251073995585,834.2876586914062,1698380.0
2022-04-19,839.164882566008,840.3525352015322,815.800663097813,819.6362915039062,1550720.0
2022-04-20,821.0576119033994,845.0059123809859,820.288501674339,835.9328002929688,2252075.0
2022-04-21,840.9172272245314,847.2547815642822,839.1649225645502,841.1703491210938,1972180.0
2022-04-22,836.6240157472711,837.0231283418788,811.3225232601723,816.3360595703125,1953715.0
2022-04-25,808.0125663795955,813.7952129060795,790.6841159963158,801.28564453125,1705680.0
2022-04-26,812.8801159485101,814.8757977626915,804.3229921664118,808.8984375,792225.0
2022-04-27,808.8984740876598,810.6800124966005,792.9329594337837,793.80908203125,993500.0
2022-04-28,798.2775104810594,808.3338767319218,794.6950039056799,802.5901489257812,1504805.0
2022-04-29,809.9596634281108,830.5980705818114,801.2175697285198,804.498291015625,2615175.0
2022-05-02,802.5901443484051,807.0877518844408,792.4364510068528,802.930908203125,925300.0
2022-05-04,802.9503222056189,805.1699515529264,772.3821710350518,777.3178100585938,1712475.0
2022-05-05,788.5424442086818,793.3905009629283,769.2669741227934,771.7591552734375,1264655.0
2022-05-06,765.139268617707,768.8483360815977,755.4430961477036,765.3047485351562,1197395.0
2022-05-09,764.9834662749595,766.3366582327773,753.6226313084758,760.4663696289062,886775.0
2022-05-10,759.3371135937723,765.9569637260618,757.3900953537883,762.0629272460938,1014140.0
2022-05-11,758.4610041605456,767.6996565042457,749.7968078149089,756.231689453125,1356280.0
2022-05-12,751.8410586808501,758.5972141453939,737.8906567773984,755.4430541992188,1468145.0
2022-05-13,759.2203029350059,774.7185516041523,757.4874281676758,764.068359375,1092005.0
2022-05-16,763.8152801813784,770.0457627114653,751.7535465782192,757.07861328125,1089575.0
2022-05-17,766.1321849673965,768.0694586009866,753.6907693645082,760.1159057617188,1277320.0
2022-05-18,762.0629388704344,775.8770358705696,755.8325160584168,760.4663696289062,2500790.0
2022-05-19,756.6113092237821,781.6791693711164,745.5230259506511,765.0711059570312,9129055.0
2022-05-20,773.9397772147149,837.0426476896358,773.9397772147149,827.3075561523438,12401575.0
2022-05-23,827.3075505184886,842.4748396674216,824.7958802818521,832.340576171875,3035360.0
2022-05-24,832.1361769146522,851.8205033396218,828.7385800814029,846.3883056640625,5054480.0
2022-05-25,854.9551852145678,856.2986326076365,836.4974895850739,838.6683959960938,2500200.0
2022-05-26,840.3330907850817,846.758227259601,835.2026786690415,838.02587890625,2145360.0
2022-05-27,841.1119233685902,858.4403747209992,831.1723733465341,854.83837890625,2171455.0
2022-05-30,857.466776090786,861.8962304710764,847.1670335036572,850.9053344726562,2324015.0
2022-05-31,847.9264948647792,856.4933637558754,843.1757653180441,850.7788696289062,2380075.0
2022-06-01,846.9529437875248,849.221236699385,837.4319959676208,840.9171752929688,1772530.0
2022-06-02,837.821441700078,848.8999806040848,835.2708524751201,843.6722412109375,1639675.0
2022-06-03,848.8416100511851,855.062348068988,840.0995164920193,845.0059814453125,1423865.0
2022-06-06,843.4483252230699,847.6635769309464,831.5715020769942,838.33740234375,566055.0
2022-06-07,829.4296998393463,832.3502269514566,798.997797824232,806.8345336914062,3605015.0
2022-06-08,812.6853740910421,820.1424869730482,800.8085513438365,817.5821533203125,2264910.0
2022-06-09,811.9261368531113,844.0324502609515,811.9261368531113,841.6765747070312,3702930.0
2022-06-10,841.6765115959024,849.6787278512751,833.6742359222499,847.2546997070312,2107480.0
2022-06-13,841.6959393547068,847.9264213269468,828.7482802812463,830.8316040039062,1839815.0
2022-06-14,827.4827559282592,842.0756481994101,825.3507685686068,839.3693237304688,2035905.0
2022-06-15,838.5223979459282,846.7777365294028,834.6964546958712,844.1297607421875,1585315.0
2022-06-16,846.9529214308491,848.7636341059347,832.4768457915796,834.7840576171875,1750035.0
2022-06-17,835.2708637172744,837.0037385520563,791.6674095998186,807.3701171875,4764870.0
2022-06-20,807.3700981886985,813.69790761341,799.6598630008097,808.363037109375,1387575.0
2022-06-21,809.9791068902365,832.6521137401306,809.9791068902365,831.1139526367188,1191555.0
2022-06-22,833.5185674007035,846.7290940337782,809.9596334853806,829.6050415039062,2847785.0
2022-06-23,836.2443427120762,838.7170345118192,828.4562696716844,836.224853515625,1675510.0
2022-06-24,841.5014004484764,851.3435644831434,835.6603450804905,839.0968017578125,1518295.0
2022-06-27,856.6587109966791,856.6587109966791,838.356753150766,841.2188720703125,1663765.0
2022-06-28,842.9128191621721,852.793960161954,839.5542603468426,851.7425537109375,1412215.0
2022-06-29,848.3352871219905,858.3916528075948,843.9155771785805,849.7468872070312,1905735.0
2022-06-30,850.798319438858,859.6085652168236,847.1476601868047,855.4808959960938,1845325.0
2022-07-01,853.7675245066404,855.7145428065415,835.2805952560045,853.9427490234375,1523995.0
2022-07-04,849.308835073013,858.8784466441213,836.4390726449249,847.8193969726562,1303490.0
2022-07-05,849.8540289112875,869.8304563920268,847.1866232525566,855.558837890625,2434495.0
2022-07-06,855.7145369753479,865.1186091557425,852.6674486033041,854.7410278320312,1678505.0
2022-07-07,861.8963317766782,865.0602366228045,842.6695254040641,844.3147583007812,2161110.0
2022-07-08,843.058872565873,859.5987825103273,838.0745107748351,857.8951416015625,2089480.0
2022-07-11,858.4734855345902,895.632187733501,852.7786260781327,882.3605346679688,4797040.0
2022-07-12,876.3029868560147,889.8098738190791,867.657767964432,878.9690551757812,2079370.0
2022-07-13,881.086367585316,888.9670159813327,872.3627164901694,882.4782104492188,1893835.0
2022-07-14,883.3407368833168,903.3364297810396,882.7624027175035,896.9456787109375,4423835.0
2022-07-15,900.8664005330045,904.2284202682063,886.281276072201,891.1821899414062,1504725.0
2022-07-18,897.0633186846611,904.4734983270384,873.4016913192924,875.5188598632812,2337315.0
2022-07-19,873.8917926441762,881.7724409800987,869.4515955787011,871.9510498046875,1961920.0
2022-07-20,880.2041453668173,880.5962424130375,870.4023174674096,874.0780029296875,1130700.0
2022-07-21,876.0873818750897,879.586641678922,853.9352743432745,856.8953857421875,3126100.0
2022-07-22,861.384631305084,863.8938968760692,853.3471203927434,857.3659057617188,1806315.0
2022-07-25,858.179470957518,860.7671080680549,842.9572034395779,848.9461059570312,1726910.0
2022-07-26,848.6030489199197,848.6030489199197,822.1871111665612,825.7059936523438,2971165.0
2022-07-27,824.912083362704,842.9572227021639,816.1001895835016,840.2225341796875,1866270.0
2022-07-28,845.7017000938791,845.8781258171826,822.3733616336369,835.1255493164062,2832835.0
2022-07-29,820.0111589858546,820.0111589858546,795.0458718384348,801.858154296875,9872475.0
2022-08-01,811.5521913317941,811.5521913317941,803.8479088787437,805.7985229492188,2136850.0
2022-08-02,809.2388728862968,809.2388728862968,798.104010951037,800.8877563476562,2635115.0
2022-08-03,802.7598676438784,804.5339960433679,791.9876687023142,803.0245361328125,2600985.0
2022-08-04,805.7102278450056,815.3748154899641,801.6032596920414,813.1498413085938,3006675.0
2022-08-05,814.5319294251315,822.1381577365062,812.3461408646124,814.8945922851562,2075395.0
2022-08-08,814.8945502733834,830.0187633386865,814.8945502733834,827.9309692382812,2041885.0
2022-08-10,831.9007275210106,835.899890145318,826.2058677760641,831.8419189453125,2108115.0
2022-08-11,835.11569812429,838.6443320734458,830.3912101178005,834.7824096679688,1285185.0
2022-08-12,834.7236220151293,840.9183842932803,827.4703054210678,835.2725219726562,2021290.0
2022-08-16,838.0562479767317,846.6818441779205,835.6645996830487,842.52587890625,1314065.0
2022-08-17,846.4760661535901,848.8186575105401,841.339858176262,846.0741577148438,2169055.0
2022-08-18,831.195034557359,831.195034557359,810.2877181751635,828.2741088867188,5137920.0
2022-08-19,829.6266935063873,832.5868046942091,820.4129518374682,824.1376342773438,1928705.0
2022-08-22,817.2960283158276,829.2248362237369,815.5120884432847,820.7952880859375,1692810.0
2022-08-23,812.5715758760654,830.254052805436,812.5715758760654,828.283935546875,1398150.0
2022-08-24,832.430024324256,832.430024324256,822.7654366224247,826.8919677734375,1467185.0
2022-08-25,831.0283708867057,835.8802875414124,825.7059856487188,830.7833251953125,1552875.0
2022-08-26,837.664223345317,838.0563204079166,825.7354150446004,827.9212036132812,818685.0
2022-08-29,817.4724264306145,827.911396813479,814.9533495441954,825.3433227539062,966050.0
2022-08-30,826.0980409141363,835.4294001905223,821.9127010950829,832.1849975585938,2359905.0
2022-09-01,826.4901346069925,829.7247258258342,822.7752035709593,823.7651977539062,1656700.0
2022-09-02,827.8917283433072,829.6266708867364,818.2467041395449,821.38330078125,1008280.0
2022-09-05,822.3733539118043,827.1860250470666,814.5318916575798,826.1470336914062,1581715.0
2022-09-06,829.2346453400692,833.5474735723183,820.413000176877,831.0382080078125,1129375.0
2022-09-07,826.2941484358134,836.2920255421524,825.7648712302641,833.0181884765625,1073975.0
2022-09-08,842.3593197956144,842.3593197956144,833.6846660281274,837.3995971679688,1577545.0
2022-09-09,837.566168227007,846.7799100991272,832.3810229650206,834.1551513671875,1570630.0
2022-09-12,835.1157026000835,842.9571645963284,832.1163457795441,835.3411254882812,1262745.0
2022-09-13,835.9096653852315,844.3196502999289,830.6069029247369,833.723876953125,2209365.0
2022-09-14,816.5609085517868,835.5960421537169,816.5609085517868,826.1275024414062,1723540.0
2022-09-15,830.2638506650742,830.2638506650742,811.8560483050634,817.2764282226562,1881365.0
2022-09-16,820.4129955406394,820.4129955406394,796.0652287045522,799.3096313476562,1893520.0
2022-09-19,797.8687696893151,805.9160917168894,783.5581252688654,803.583251953125,1506440.0
2022-09-20,806.1023229331595,830.8028805382296,804.9456546338724,826.4901123046875,2957845.0
2022-09-21,827.264479662735,836.8996934294848,810.1897118756167,814.0908203125,1894725.0
2022-09-22,805.7298547984517,827.6859128164409,805.3965663354278,819.9032592773438,2391915.0
2022-09-23,816.1001288862003,826.2450561839789,809.5329523605819,811.4345092773438,1659940.0
2022-09-26,807.5138365657926,815.2768677087766,801.652302651164,809.2095336914062,2055290.0
2022-09-27,813.2576548208623,823.3535253691962,808.7095924178197,819.7464599609375,1485445.0
2022-09-28,819.070188636999,842.3691538101039,819.070188636999,837.017333984375,3133240.0
2022-09-29,841.2418751769701,863.9331305786346,840.2126952179023,854.8566284179688,5442790.0
2022-09-30,859.1400577989785,863.5410691125963,837.477981463897,849.9557495117188,3164565.0
2022-10-03,845.8978049011383,870.2063277697911,845.3880906717177,866.4130249023438,3476290.0
2022-10-04,871.578598808219,872.3431103189379,857.8658503619467,865.2955932617188,1543270.0
2022-10-06,869.62798577734,871.9608255797788,856.6601269165806,862.08056640625,1231195.0
2022-10-07,860.6004696749768,864.2369692788179,857.0718356429993,857.9833984375,1338865.0
2022-10-10,852.7590398919093,860.2084052756634,846.8779430650685,858.64013671875,1218745.0
2022-10-11,860.0124087050524,860.208397403665,833.5474732264568,839.5755615234375,1486910.0
2022-10-12,842.9572423618806,844.9176080417919,826.3039454831318,831.4204711914062,1470100.0
2022-10-13,833.1455203595744,844.7214761642855,831.449823357953,834.06689453125,1513920.0
2022-10-14,843.9374160966566,850.7986959023204,835.7136678000069,845.0744018554688,1244005.0
2022-10-17,843.9373834921101,857.4638940498583,839.5265609303046,849.857666015625,1050700.0
2022-10-18,854.1117107968115,857.3952993147939,849.8576910331528,854.0430908203125,721180.0
2022-10-19,854.729246351997,861.394477686955,843.9472351312783,846.270263671875,860840.0
2022-10-20,843.9373462867468,853.7391737697519,839.0364325452441,852.57275390625,1287620.0
2022-10-21,853.7392283156457,860.3946480646063,844.6431031139688,848.9951171875,1002975.0
2022-10-24,855.6603816885614,859.4242500637189,853.7392019013689,858.1500244140625,158840.0
2022-10-25,860.5906795631812,877.7536898149662,856.8758083205026,870.8629760742188,3118275.0
2022-10-27,874.3230609663917,885.8892060858027,872.4313153341812,880.4393920898438,2207370.0
2022-10-28,879.2239577445861,882.7035946646295,868.4419471144963,874.313232421875,1767930.0
2022-10-31,888.2416764269041,906.6691013320991,851.7102438701169,869.1672973632812,9128805.0
2022-11-01,869.4711873118437,897.8474928557591,869.4711873118437,889.0846557617188,5350980.0
2022-11-02,890.9959309307776,910.5897745263684,890.9959309307776,893.0739135742188,3708780.0
2022-11-03,893.0739190260605,901.7681352834513,887.5260511262155,899.7881469726562,1766075.0
2022-11-04,899.8175864726697,901.7681405959921,884.6051308697255,887.0850219726562,2463380.0
2022-11-07,888.2416455755306,891.4370510045801,871.2648726779271,879.3121948242188,2100085.0
2022-11-09,890.0060312409993,895.0637484432839,882.1841912119543,889.0062255859375,3565560.0
2022-11-10,889.9961493029705,904.9047508647382,887.6534981099347,891.8585205078125,2959765.0
2022-11-11,896.318378854802,897.6514131296854,882.5566336216234,889.898193359375,1625215.0
2022-11-14,862.5608232518404,878.9985071755044,845.8977164390207,855.4348754882812,3722425.0
2022-11-15,856.1308779254663,870.9120514853812,855.4447379917684,869.1672973632812,1872600.0
2022-11-16,869.1574573007096,890.976335553988,861.2278121134391,878.4398193359375,2610960.0
2022-11-17,878.4300237918425,879.9002979882721,859.1007879134643,866.7364501953125,1561865.0
2022-11-18,867.2167006573768,869.333869104858,857.7579130522607,864.3349609375,1693670.0
2022-11-21,858.6400838862468,861.1885350908262,846.3976109837557,852.7295532226562,2153040.0
2022-11-22,856.9934736513605,863.070619265637,848.0542108760736,855.2095336914062,2015475.0
2022-11-23,858.6401145878546,866.4815768215336,854.719383471015,863.66845703125,1964345.0
2022-11-24,867.9910666871581,870.3925265441312,857.8265757023927,865.2760009765625,1188110.0
2022-11-25,867.2363650225162,869.4123421471193,860.4044597190328,866.109130859375,1477045.0
2022-11-28,865.4523960139267,871.8529584465305,859.9143393866156,862.9529418945312,1530840.0
2022-11-29,863.560680930946,877.9889432199658,863.3548210030252,873.0194091796875,2045690.0
2022-11-30,876.2834269380752,885.6834063534424,870.5983786389457,879.6454467773438,4256840.0
2022-12-01,884.0464461453171,888.3984601305674,871.7353526828555,877.1361694335938,1936730.0
2022-12-02,879.2142120710105,886.8694377976224,874.3525433845766,884.203369140625,2080040.0
2022-12-05,888.0259818826411,888.4377017274626,872.3921142964543,878.1261596679688,1961695.0
2022-12-06,874.3426454446643,877.1557651821491,854.5331303114134,857.5031127929688,1742295.0
2022-12-07,855.6996287301993,859.2282630627589,846.877983073187,855.0134887695312,1661035.0
2022-12-08,857.4540631350851,858.4930544774174,849.0441380497497,853.9744262695312,1386625.0
2022-12-09,857.6599409951468,865.4622175384479,853.5921584876118,863.9526977539062,1539865.0
2022-12-12,856.1014789121679,874.891627269768,856.1014789121679,872.8038330078125,1367975.0
2022-12-13,872.401871220035,877.1949794341688,870.5003142092978,873.9603881835938,1087545.0
2022-12-14,877.263603511234,884.8110230149442,872.6273580245821,883.0564575195312,1392005.0
2022-12-15,879.4494069563771,887.5751607718613,874.5191185118615,876.0775756835938,1209055.0
2022-12-16,869.3241513365107,874.0976367979176,835.3607933047589,844.7411499023438,16783045.0
2022-12-19,851.7690001875158,864.2565188773519,845.9075264740679,861.7864990234375,1661755.0
2022-12-20,858.6401000028144,860.6004655279351,844.5450670911488,856.6307373046875,1214105.0
2022-12-21,858.6303263584026,869.4221486208219,853.4255580533701,864.0409545898438,1739615.0
2022-12-22,868.4419759378967,873.5389385518645,845.9173939454639,852.6119995117188,1737350.0
2022-12-23,847.8679765454734,866.0895422223707,841.2419309081968,845.005859375,2498780.0
2022-12-26,849.2401119001191,852.170908582327,829.2444196531986,832.880859375,1593040.0
2022-12-27,837.0368913985926,837.0368913985926,823.549567046772,833.3219604492188,1366245.0
2022-12-28,833.3219837624847,836.419394873567,826.4803270493979,833.6944580078125,1088005.0
2022-12-29,838.0562685667225,853.6705729177874,827.8721552256428,835.2333374023438,4064660.0
2022-12-30,839.0364639521623,840.0362695370479,828.254453317263,830.7147216796875,882895.0
2023-01-02,834.8707274634493,836.5958588205025,825.1178963163352,830.2246704101562,663630.0
2023-01-03,830.9597637696281,834.7432549451264,826.5096956566927,830.8715209960938,810895.0
2023-01-04,830.2148642665533,835.1157784593901,827.5291728609767,833.841552734375,832835.0
2023-01-05,836.0959139608102,843.7119533294783,831.4890429152479,842.4671020507812,994925.0
2023-01-06,842.8591906701366,846.7406761639194,834.9392971108974,837.4191284179688,630680.0
2023-01-09,841.6144202825291,850.7889175639086,838.08578588988,849.6224975585938,830195.0
2023-01-10,846.8778969533797,852.425705001358,839.8107577807052,840.741943359375,1170765.0
2023-01-11,843.9275797683821,846.8779395697679,832.0575804133458,835.4882202148438,1273265.0
2023-01-12,838.0465089156529,847.2700628556263,831.6067005383612,845.0352172851562,1280325.0
2023-01-13,847.662062754063,851.1319481105681,840.9968317634836,846.9563598632812,1234630.0
2023-01-16,850.7398446896578,853.2981073879836,841.0066368607747,848.06396484375,446555.0
2023-01-17,850.5927852805977,854.6801905099701,844.0549829494155,853.10205078125,778125.0
2023-01-18,853.1020637899893,861.5708574184323,851.1907552179446,855.5721435546875,1318465.0
2023-01-19,855.6701548949602,859.2576574649875,846.2016153182727,849.2695922851562,1242455.0
2023-01-20,849.2205852717083,858.8459874880871,839.0364716836632,852.8766479492188,1182675.0
2023-01-23,854.7095271356347,855.7877640314439,846.7504481729399,850.3771362304688,770265.0
2023-01-24,850.9947081387762,853.700022204584,830.6069181223132,833.6944580078125,1320270.0
2023-01-25,835.1156895852458,836.8604435685107,818.4722059017903,823.5397338867188,1470210.0
2023-01-27,839.0364900115767,858.8165720479632,833.8120988541418,845.7017211914062,4781440.0
2023-01-30,846.8681456421582,850.6908825729417,840.0068658976012,848.6030883789062,1873685.0
2023-01-31,851.7788126152353,857.9931975944066,841.6436966228754,847.6914672851562,3159705.0
2023-02-01,850.9946796959118,858.6400932183509,844.9665318235536,853.0530395507812,2027270.0
2023-02-02,845.505671050127,858.4539075545284,841.3007083171572,856.6994018554688,1946775.0
2023-02-03,857.6599605740065,868.4223487064996,846.5250981868724,854.3959350585938,1874895.0
2023-02-06,858.6696114887069,858.6696114887069,840.0167031219906,852.6708374023438,1516105.0
2023-02-07,858.7675923340935,875.9404147538784,854.7684296146341,870.4513549804688,2987405.0
2023-02-08,872.3627084687265,881.4980195162589,868.9615028048105,879.7728881835938,1196855.0
2023-02-09,871.1864480910236,887.9573611986297,869.1476511453021,879.7140502929688,2054810.0
2023-02-10,880.9785092152628,883.1447348190205,868.9418951041844,882.0861206054688,685110.0
2023-02-13,883.7524386564083,893.4170270048812,882.1841700581956,887.0066528320312,1872775.0
2023-02-14,890.9861702597645,894.7108529557944,882.2919535604403,889.6923217773438,1202135.0
2023-02-15,891.5742813059082,894.5540754077543,882.9879299390744,886.0558471679688,1283685.0
2023-02-16,890.4862491292918,891.936900507478,884.017066675944,885.947998046875,1352330.0
2023-02-17,882.3997302190933,889.0257753383653,875.0091736460023,884.1934814453125,1056035.0
2023-02-20,886.0852573053651,889.7217570556412,875.9795749607586,877.2244262695312,761745.0
2023-02-21,883.0074702352771,883.0074702352771,874.0878306109179,879.4494018554688,791630.0
2023-02-22,879.596475269784,886.1244666128562,876.1658353550399,877.596923828125,882305.0
2023-02-23,877.4791974790053,885.1050482053056,870.5983550614146,872.2842407226562,1187840.0
2023-02-24,875.2835906278996,884.1248583556508,870.7551510174925,880.4197387695312,1764830.0
2023-02-27,880.4197339810671,880.4197339810671,853.7391878486337,866.6776123046875,1370570.0
2023-02-28,870.2062816861456,870.2062816861456,842.9572116919243,846.21142578125,2699875.0
2023-03-01,846.1820077840162,854.1607103218881,842.3691420697697,851.6220703125,995515.0
2023-03-02,854.3273284693115,862.8451196328181,846.8779629109875,860.7181396484375,1413260.0
2023-03-03,865.0309542461655,871.7648053774335,854.8174062723889,870.00048828125,1371180.0
2023-03-06,869.8142615981827,874.0878443509579,865.7072931742492,870.2455444335938,877920.0
2023-03-08,869.0300710315641,871.1864852174355,862.8059340064656,867.7068481445312,1173705.0
2023-03-09,865.6288258871224,870.0788341844675,857.0326037365112,858.8263549804688,1022125.0
2023-03-10,857.2580910413218,865.1191163211448,852.7590257202879,861.6884765625,1686010.0
2023-03-13,857.6599301148591,865.6876294537586,851.8768277986982,856.7581787109375,812710.0
2023-03-14,861.3846773039618,866.6580658272294,844.7215688406318,852.6708374023438,2141980.0
2023-03-15,854.1214837935546,867.4617570207789,850.9554527447089,861.482666015625,1717110.0
2023-03-16,864.7172522056229,868.4419347688552,856.7483614944379,859.375244140625,1384640.0
2023-03-17,863.678303144843,874.9405941585308,859.3752862130149,869.6475830078125,3092990.0
2023-03-20,868.6379833534105,880.988262333901,866.9716606781104,870.2944946289062,3949945.0
2023-03-21,870.7845711687582,878.2437475684202,864.3643860952938,866.3541259765625,1984640.0
2023-03-22,868.3145219359188,878.2437783680258,865.6680164422326,877.2537841796875,1598885.0
2023-03-23,878.0477157571049,882.0665010202543,868.5497422972929,871.7647705078125,2418370.0
2023-03-24,872.3528512979238,881.7723933313788,872.3528512979238,875.1365966796875,1126970.0
2023-03-27,880.2041336243547,887.7809273453227,875.313031139898,879.3513793945312,1759570.0
2023-03-28,881.958648621607,891.3978136490782,878.2437773950683,887.4182739257812,1834690.0
2023-03-29,891.8584955751502,896.8672150628747,886.5066762300155,895.4557495117188,2083535.0
2023-03-31,898.4355618471739,912.8442614742296,895.4656389690326,906.22802734375,2282485.0
2023-04-03,911.364152667198,917.843206503747,901.3957102483856,912.84423828125,1500675.0
2023-04-05,911.5700032304526,920.3916484230054,909.86449473199,918.0,1823560.0
2023-04-06,920.1857858544839,923.5674284670366,916.6571517178439,921.2542114257812,1460345.0
2023-04-10,927.6450497730327,935.5256981510448,919.0193930500997,933.0654296875,920770.0
2023-04-11,935.6824560318541,942.1320754628388,922.9400799167197,933.7907104492188,2309250.0
2023-04-12,933.7907614433096,964.4214749312724,926.508010183485,956.8544921875,3403195.0
2023-04-13,958.2266676716778,958.2266676716778,947.0918055807674,951.3458251953125,1169335.0
2023-04-17,956.0605044173708,965.0781980365438,944.8472109240915,951.2282104492188,1705675.0
2023-04-18,953.012192738402,964.1078097515601,949.8951586856938,963.010009765625,1797050.0
2023-04-19,958.1090923982101,968.4206349018876,956.7662467087372,962.412109375,1920935.0
2023-04-20,963.7156756322937,963.7156756322937,945.3372493774528,952.384765625,3175850.0
2023-04-21,952.3652696781578,956.4624268712258,945.5138010298564,954.4530639648438,1657195.0
2023-04-24,951.5613708042224,951.5613708042224,931.5852422225012,942.1712036132812,2190830.0
2023-04-25,941.6714392051382,949.0423731787832,932.6929312559414,947.5034790039062,1639985.0
2023-04-26,942.9358699414931,955.5311952095315,942.9358699414931,949.8167724609375,1020765.0
2023-04-27,949.797126779282,968.2245513295888,944.5237385648818,964.2156372070312,1098280.0
2023-04-28,964.2156842004946,967.4404642106429,956.0899301590059,966.4308471679688,1235220.0
2023-05-02,961.2456692925612,972.1354859349447,961.2456692925612,970.4594116210938,1209890.0
2023-05-03,970.3613654864812,972.3413539199089,963.5197085718452,970.8220825195312,883875.0
2023-05-04,970.822067006475,975.2818867849423,964.5684959513931,973.9096069335938,1006635.0
2023-05-05,975.2720824172989,978.0263937143519,965.5878714896252,968.9107055664062,461545.0
2023-05-08,969.4008108418221,973.6548306120615,950.120631486564,961.9710083007812,1190915.0
2023-05-09,964.1176180209887,968.4010121974319,958.6286181091385,967.097412109375,1545295.0
2023-05-10,973.2920159664133,973.2920159664133,948.7972591340662,954.168701171875,2271505.0
2023-05-11,916.4709492461445,921.3718634132362,886.8792271122204,888.437744140625,13916795.0
2023-05-12,890.9763619040754,890.9763619040754,871.3825171259507,875.5188598632812,5242020.0
2023-05-15,876.3129233863986,888.457343725406,871.6766177118711,885.8010864257812,1588765.0
2023-05-16,886.6733252932327,891.5546762544758,883.056448415757,885.1148681640625,1430235.0
2023-05-17,886.0460756337222,890.9959868656301,872.5783135530419,878.537841796875,1749805.0
2023-05-18,880.5962419887627,882.595793342059,863.521414721782,867.0892944335938,2127235.0
2023-05-19,868.0400547086892,870.4022687770358,859.4340215781388,860.9827270507812,1630405.0
2023-05-22,864.3251467757084,876.2539542271645,859.4732301431258,873.8623657226562,1224880.0
2023-05-23,873.9505671769543,882.0958837011958,871.5883529959372,874.4308471679688,1616475.0
2023-05-24,875.3032122786382,886.869356981924,874.3034067105642,885.9381713867188,1683665.0
2023-05-25,888.8101879982763,888.8101879982763,878.7142572989468,882.9388427734375,1033820.0
2023-05-26,883.154472040888,889.809891397958,882.1546664884205,888.2318115234375,752935.0
2023-05-29,891.5546398837789,895.6909823603672,886.0852034036351,893.1915283203125,928140.0
2023-05-30,893.1915656167415,893.1915656167415,881.9390863540448,885.86962890625,1369945.0
2023-05-31,884.1248669659268,887.9769781096654,878.4300074109777,882.370361328125,6313505.0
2023-06-01,884.0954191393454,893.9168695811592,882.3703477278054,892.3681640625,1528955.0
2023-06-02,895.681267953452,905.6889564225717,894.9167564372195,903.8168334960938,2509565.0
2023-06-05,907.8453052326402,911.9620848847882,901.1212657019771,902.464111328125,1132140.0
2023-06-06,903.7285507663702,909.6096476260211,902.7483679564283,908.9529418945312,1161655.0
2023-06-07,911.5699619926786,917.0589614894882,910.6094020371388,916.225830078125,1139525.0
2023-06-08,916.4709237596154,919.9995579315472,909.0215583630436,911.452392578125,1203490.0
2023-06-09,917.6569601940618,922.3520142661245,910.7074378228158,914.8634033203125,1084700.0
2023-06-12,920.3915689206503,920.3915689206503,912.442301464156,916.5982666015625,717870.0
2023-06-13,921.3718189709255,927.0176813911853,913.1480710370706,921.763916015625,1294905.0
2023-06-14,922.9008513964712,927.1646223534206,918.4312205284392,921.1757202148438,901255.0
2023-06-15,920.7052932750538,951.757476471487,920.5876761278619,941.6517944335938,3630745.0
2023-06-16,949.7676755202867,968.420582459457,945.9058128163426,963.5294799804688,3814515.0
2023-06-19,970.5770591557821,984.8877046751267,953.139568161349,956.46240234375,3540755.0
2023-06-20,956.4623780023577,965.8231119115842,954.1197267185887,960.8143920898438,1070755.0
2023-06-21,964.8821397473301,970.3809507769199,959.3440831182081,962.617919921875,1123550.0
2023-06-22,962.8434002261012,965.8623801152504,958.6188145916308,960.4713745117188,1242850.0
2023-06-23,960.7751265519353,983.1232808922408,960.7751265519353,978.9869384765625,2791140.0
2023-06-26,978.202774533771,994.6894557841314,970.773032265738,988.337890625,3607125.0
2023-06-27,988.3378907519858,997.1497242191225,983.3193597915518,985.2012939453125,3330315.0
2023-06-28,985.1914874859573,1003.5895371836375,981.035522122158,1001.3253173828125,4426340.0
2023-06-30,1002.92311129133,1014.4794456386438,1001.7665026990932,1011.4703369140625,2430705.0
2023-07-03,1011.4702967834278,1015.2734109039123,997.8849174563552,999.4531860351562,1174135.0
2023-07-04,1002.7073306486162,1020.3211859532995,996.8556683462533,1017.1160888671875,1863335.0
2023-07-05,1016.4495350715665,1019.742934828985,1007.0398043859112,1015.1459350585938,1410270.0
2023-07-06,1015.165430262447,1030.858165899291,1013.5089788224874,1025.6240234375,2534370.0
2023-07-07,1025.27114766586,1033.7301295115228,1001.7467618685555,1015.9594116210938,2771720.0
2023-07-10,1018.4001171803861,1022.3306597780927,1008.6081005864404,1010.5586547851562,1003625.0
2023-07-11,1016.2980991766154,1030.325492935797,1010.2820781585397,1020.614990234375,1056805.0
2023-07-12,1017.4834579325586,1027.1545286108183,1013.5320658629176,1025.188720703125,1203590.0
2023-07-13,1025.3862041994496,1027.9842492127568,1014.5001001557575,1015.9917602539062,2034915.0
2023-07-14,1018.4712733934093,1020.427193111452,1002.912667616546,1006.0342407226562,1942045.0
2023-07-17,1007.5357396199241,1036.2524863971453,1006.2218849809334,1033.239501953125,1976770.0
2023-07-18,1028.0533602220198,1030.4637720351561,1016.8018776747939,1025.583740234375,1286955.0
2023-07-19,1024.2008823064891,1041.1918201307824,1019.7752218539096,1031.580078125,1961585.0
2023-07-20,1037.0428294525377,1065.8286126908745,1035.2646549021028,1054.88330078125,6016030.0
2023-07-21,1051.7223100725466,1054.9722480695489,1042.693364670686,1044.78759765625,1150370.0
2023-07-24,1042.8217490259462,1074.156258155565,1042.8217490259462,1065.2359619140625,2119525.0
2023-07-25,1070.8272105613978,1082.6714981973148,1065.2656216092676,1071.89404296875,2162155.0
2023-07-26,1074.7786601837747,1084.6571405163463,1067.083285416888,1081.822021484375,1701060.0
2023-07-27,1092.5599460647397,1109.155841581504,1070.8371770372237,1088.015869140625,7539055.0
2023-07-28,1089.003733607526,1109.9460644014137,1089.003733607526,1103.0311279296875,3180540.0
2023-07-31,1103.3373960882843,1118.3229737876718,1100.4627245067882,1114.3814697265625,1599490.0
2023-08-01,1114.262884969314,1127.9939963526272,1107.7925528903947,1119.6368408203125,2122735.0
2023-08-02,1119.6466786347667,1125.3268044067972,1113.1960025128021,1118.332763671875,1791795.0
2023-08-03,1115.2803583705625,1132.8641004751194,1110.637521145325,1118.1451416015625,2570520.0
2023-08-04,1118.1650276213743,1128.3200141059936,1114.29261978671,1116.179443359375,1726520.0
2023-08-07,1118.2439752078487,1123.7759000844262,1110.123893304002,1112.4552001953125,2499830.0
2023-08-08,1116.6633859674826,1133.8420768910023,1115.2803746715879,1117.8388671875,2987010.0
2023-08-09,1120.4368879945634,1162.4500908146192,1120.4368879945634,1159.9310302734375,10067015.0
2023-08-10,1161.7290781874124,1168.9501846974583,1147.0891026190766,1156.0093994140625,2763310.0
2023-08-11,1156.5724838436176,1162.7069813210007,1147.5138742941897,1150.44775390625,2256960.0
2023-08-14,1151.8208740686246,1161.5117207815076,1145.9036742253963,1150.5169677734375,2167595.0
2023-08-16,1151.8307476081534,1163.58616271742,1140.9644198005294,1157.3330078125,4308265.0
2023-08-17,1160.0002637168382,1167.0535127459123,1156.9478472310034,1161.837646484375,2138070.0
2023-08-18,1165.5617986830066,1181.4661262653512,1153.9249211071945,1160.6126708984375,4281645.0
2023-08-21,1159.7830002995279,1170.5998877362488,1156.5626061512917,1167.8043212890625,1334640.0
2023-08-22,1169.4145998904917,1174.5513616477901,1160.2868933207715,1170.7086181640625,1688225.0
2023-08-23,1169.6120600752372,1180.4685002088806,1168.031527354681,1176.2010498046875,3142630.0
2023-08-24,1181.4662571584297,1183.382624476447,1163.922066301498,1167.0733642578125,4124730.0
2023-08-25,1163.6849342831129,1163.6849342831129,1140.0852312897432,1141.8040771484375,4713240.0
2023-08-28,1141.9523163062104,1151.6332751809432,1131.5205832859144,1141.142333984375,2350770.0
2023-08-29,1139.9765827521248,1143.2365293604448,1129.1102548402762,1130.848876953125,3258085.0
2023-08-30,1133.614982599895,1137.2205315652118,1114.2926165796111,1116.2188720703125,3551815.0
2023-08-31,1116.2188452317598,1125.1589182338816,1104.4141093814571,1107.940673828125,3178875.0
2023-09-01,1112.316849994792,1113.156496678915,1096.5310582203886,1102.15185546875,1105280.0
2023-09-04,1103.4261831536737,1119.5675852288473,1102.151820683796,1118.13525390625,1473020.0
2023-09-05,1114.2925429436343,1114.2925429436343,1098.5956237680855,1102.2210693359375,1968470.0
2023-09-06,1102.3988881038626,1113.294881202408,1098.3388470268699,1103.0904541015625,2256645.0
2023-09-07,1103.0212523093003,1117.157416195657,1102.685417726918,1109.383056640625,2634215.0
2023-09-08,1112.5144367878002,1113.038025200391,1100.4627386921875,1103.189208984375,923950.0
2023-09-11,1105.4018928748105,1119.034243273715,1103.4360850357752,1109.1162109375,1313930.0
2023-09-12,1114.2825870730828,1129.5053575775082,1111.5264527354443,1120.9703369140625,2581215.0
2023-09-13,1128.1223632066572,1137.9020820663734,1120.4764296914211,1133.8321533203125,1571615.0
2023-09-14,1139.976598047075,1141.2212961806306,1127.045701422818,1134.96826171875,1139730.0
2023-09-15,1141.280534372741,1154.3695207864275,1132.6863047358797,1149.75634765625,2069105.0
2023-09-18,1150.0526606958324,1151.5937615477758,1130.4735652478034,1131.6787109375,1256740.0
2023-09-20,1130.463577362591,1130.463577362591,1106.7848904466898,1109.3631591796875,2266405.0
2023-09-21,1109.4520531992023,1125.5540236673041,1108.9284648237624,1119.9232177734375,2926715.0
2023-09-22,1119.9233006697448,1124.9416460048833,1087.0280325274812,1090.00146484375,2447785.0
2023-09-25,1092.5301770631047,1094.515761105446,1072.4077189840605,1074.5316162109375,1217045.0
2023-09-26,1078.532496465815,1091.9573170442707,1076.5568004624608,1080.26123046875,1379915.0
2023-09-27,1089.3987523877447,1107.3775365936644,1082.6912263124495,1085.931396484375,2443890.0
2023-09-28,1088.1047445041534,1088.1047445041534,1069.0491169345278,1072.6251220703125,1931555.0
2023-09-29,1080.5081022861052,1112.3167570504781,1077.3963572231569,1103.8212890625,3101955.0
2023-10-03,1103.8015471533258,1103.8015471533258,1076.7542654598578,1079.0657958984375,2065240.0
2023-10-04,1079.7179279862253,1086.4353430190783,1067.1723058775124,1070.3927001953125,2109530.0
2023-10-05,1078.73007272183,1081.6936168776592,1066.8758960985133,1068.3082275390625,2058530.0
2023-10-06,1073.7907603106876,1084.103835398283,1068.6934309408296,1071.7952880859375,1572990.0
2023-10-09,1068.8614918909584,1092.0363688523937,1066.9055720208626,1085.6153564453125,2368110.0
2023-10-10,1083.471738607464,1084.0644232922543,1072.407768614748,1082.3948974609375,1519630.0
2023-10-11,1088.6084971249588,1104.018901823501,1088.6084971249588,1099.988525390625,1961240.0
2023-10-12,1099.9885713672613,1103.2386300142764,1089.59639066825,1092.5994873046875,1695245.0
2023-10-13,1072.2497595381894,1091.3942601068002,1071.1433745146824,1078.7696533203125,1633255.0
2023-10-16,1084.4595489733838,1088.0157775456164,1078.7299825164628,1085.26953125,859220.0
2023-10-17,1084.0644339183696,1101.0553715124506,1083.6791587227508,1095.3455810546875,1626760.0
2023-10-18,1095.4246834731687,1125.109443850428,1094.8912069594362,1121.6915283203125,3014855.0
2023-10-19,1121.158076933852,1121.158076933852,1108.4642538258806,1112.4947509765625,2525845.0
2023-10-20,1110.3510219737686,1110.3510219737686,1096.7087834350875,1100.3243408203125,1141375.0
2023-10-23,1091.6707302045613,1119.6169869081687,1091.6707302045613,1096.896484375,1809785.0
2023-10-25,1106.3897420956548,1108.8000332949312,1086.6327824153752,1089.369140625,2104480.0
2023-10-26,1086.2376541478334,1090.0902855271613,1055.1995466644082,1071.2125244140625,1544145.0
2023-10-27,1071.2025403704936,1077.5346793496562,1057.1948037012917,1066.34228515625,2159725.0
2023-10-30,1065.6805875325788,1065.6805875325788,1028.4584216588312,1056.07861328125,2691600.0
2023-10-31,1061.7390841941728,1074.9662628669475,1057.609826474309,1060.4647216796875,1884070.0
2023-11-01,1063.9122899567378,1070.9062103457218,1049.9836573532384,1056.2960205078125,1376665.0
2023-11-02,1062.9244060376388,1069.8393417646494,1051.7420201773416,1054.7252197265625,2365835.0
2023-11-03,1062.3316966097595,1062.3316966097595,1036.6674264752176,1039.818603515625,2921805.0
2023-11-06,1047.11896475886,1058.410121371063,1043.7998096806214,1054.6463623046875,2847485.0
2023-11-07,1061.7390453782464,1081.3082509400908,1051.0306865710827,1067.7352294921875,3498735.0
2023-11-08,1072.585543688544,1086.7018084684878,1068.1796599655506,1077.45556640625,2096955.0
2023-11-09,1082.4640969456968,1086.4253770234839,1074.7786106602268,1078.324951171875,1642660.0
2023-11-10,1074.7687201694455,1076.8926174557955,1061.3438998099334,1071.7952880859375,1144920.0
2023-11-13,1072.8028455783533,1083.0369356016556,1063.3393058767103,1070.7974853515625,855910.0
2023-11-15,1072.9904779387082,1077.7717487101015,1067.863605098442,1070.8172607421875,1422405.0
2023-11-16,1071.815093168543,1101.45053353265,1070.9952227297588,1095.375244140625,1695060.0
2023-11-17,1099.4748301168029,1114.193789516073,1095.5234380948195,1108.6717529296875,2120630.0
2023-11-20,1109.3433801020942,1117.4733495860357,1103.6040461123553,1107.2095947265625,2001625.0
2023-11-21,1108.3655653830488,1121.9880292352432,1107.4764779779232,1115.5670166015625,1903465.0
2023-11-22,1117.2758970906352,1132.0738412716405,1117.2758970906352,1119.1429443359375,2124580.0
2023-11-23,1121.2074880557775,1123.0745352596216,1108.1382782157825,1115.2113037109375,1511300.0
2023-11-24,1116.2583424800105,1137.3785373657659,1109.353294665068,1115.507568359375,2305405.0
2023-11-28,1115.6755863009662,1129.0016465440929,1115.6755863009662,1121.3656005859375,1555790.0
2023-11-29,1125.731741535128,1134.8397914265033,1117.0585280408388,1129.1793212890625,1602385.0
2023-11-30,1131.0859747735626,1145.9036949671026,1129.3078001155716,1143.5625,4267760.0
2023-12-01,1145.9037558797586,1157.076375381309,1133.9409302780307,1135.90673828125,1391500.0
2023-12-04,1145.9036819385344,1145.9036819385344,1131.7577516128458,1137.2105712890625,1121300.0
2023-12-05,1138.9887660109703,1149.6575728519108,1134.4446892405388,1141.2509765625,1121875.0
2023-12-06,1145.1132703892506,1149.854988680427,1127.7370590926832,1132.142822265625,2659705.0
2023-12-07,1140.0457368612222,1155.762432975,1136.0943446929152,1142.9599609375,3791150.0
2023-12-08,1142.9105097513764,1142.9105097513764,1128.5176169694118,1138.771484375,1142525.0
2023-12-11,1086.6327370580595,1102.043140848047,1060.9486905457782,1081.3970947265625,9493150.0
2023-12-12,1086.6327344370452,1113.2650763223467,1082.1676424525442,1094.6046142578125,4281525.0
2023-12-13,1099.3662001658338,1108.36548117985,1092.6290091241065,1106.123046875,3111975.0
2023-12-14,1108.7308926567175,1111.6449958582605,1100.0476706366603,1101.12451171875,3164560.0
2023-12-15,1106.3897647403758,1109.3533087530732,1094.930752008662,1104.305419921875,3636220.0
2023-12-18,1103.4263244216177,1123.9736130753402,1101.4407400995628,1104.62158203125,3279260.0
2023-12-19,1110.3412382186216,1115.4779999827285,1105.0068344870194,1113.788818359375,1123370.0
2023-12-20,1116.2683588744585,1120.4370489375342,1096.9164482579567,1102.2705078125,1307230.0
2023-12-21,1094.5356072467723,1105.204414108132,1080.9428088311224,1097.400390625,1681900.0
2023-12-22,1102.043155371978,1117.4535593650605,1098.4869268484833,1111.8624267578125,1315040.0
2023-12-26,1111.8229475010878,1125.1588957829756,1106.8935955238471,1112.74169921875,1658265.0
2023-12-27,1113.2651151845712,1130.493246571697,1106.64658198763,1129.011474609375,1473880.0
2023-12-28,1129.8710180658181,1163.8431280167792,1120.397588740355,1157.471435546875,4888545.0
2023-12-29,1151.8505735180747,1154.6955806538322,1138.198446282554,1145.48876953125,1452615.0
