Date,Open,High,Low,Close,Volume
2013-01-01,450.7704432724989,454.64107374685597,450.7704432724989,454.4564208984375,512426.0
2013-01-02,455.9549244407668,458.66083428280587,452.5459123517976,453.46209716796875,384859.0
2013-01-03,454.5487344550237,457.943531783522,450.273261361681,451.25335693359375,296876.0
2013-01-04,450.9693841861215,456.61555398835674,447.4325216592467,453.0431823730469,365268.0
2013-01-07,454.5345426089882,455.50042336054656,451.26759466063663,452.3542175292969,639228.0
2013-01-08,452.3612961093527,453.11412236543555,447.6739286889312,452.03460693359375,230701.0
2013-01-09,452.0133037808546,453.2703645993727,446.0262310255466,448.8031311035156,492485.0
2013-01-10,450.84145467704457,452.2263650657296,440.3303449744197,444.16546630859375,670401.0
2013-01-11,444.43534159208343,444.43534159208343,427.6885958684937,431.29644775390625,622618.0
2013-01-14,431.807810509331,435.6429316868333,426.2823559575946,434.8830261230469,299708.0
2013-01-15,434.6487088329965,440.0462864849127,426.275334967417,438.1713562011719,849438.0
2013-01-16,438.76787518237813,442.46096007022004,433.3773775630556,434.897216796875,241725.0
2013-01-17,432.8021480018073,439.03778496175823,426.8363969450504,437.3616943359375,280551.0
2013-01-18,437.4895457354338,442.0348772175139,431.81494667948596,433.5123596191406,340848.0
2013-01-21,432.41156738092553,435.9271074371675,427.75968036185765,430.3448486328125,522769.0
2013-01-22,428.61186317532844,433.7964138225705,428.2496649249985,429.2155456542969,206217.0
2013-01-23,430.2453810684901,433.22828468653546,428.9670259094771,431.7368469238281,194714.0
2013-01-24,431.8078041087846,433.0009541504386,420.6077795065357,422.99407958984375,424729.0
2013-01-25,420.5864689644619,430.0890805066223,419.02398522011316,428.6473388671875,245827.0
2013-01-28,427.5465880220833,431.0550203320979,425.4159587247254,426.95709228515625,397665.0
2013-01-29,424.4500284641234,433.2140294550525,418.0013376000964,426.09771728515625,368579.0
2013-01-30,425.8420872737396,433.7538429688613,425.8420872737396,431.6658020019531,187689.0
2013-01-31,431.66575453115865,439.5420002748326,422.1489555164539,426.96417236328125,923312.0
2013-02-01,426.13323178608107,428.96699139988505,424.20857772051954,427.7951354980469,231550.0
2013-02-04,432.3759815111076,432.3759815111076,421.86484420315736,423.32080078125,302625.0
2013-02-05,421.01261480555513,428.25677653110773,417.10647533393035,427.6246643066406,476263.0
2013-02-06,425.45854776927575,431.786524938487,423.57651014741714,430.4087219238281,675611.0
2013-02-07,429.6772339946385,435.7566197123527,428.96702420129026,434.54217529296875,716913.0
2013-02-08,433.2282731153593,435.8418428480716,424.7980681708152,427.93719482421875,203054.0
2013-02-11,426.4102014758907,433.49811169622836,421.2185716613437,431.4242858886719,535685.0
2013-02-12,430.2311873889746,434.64869730700724,427.75254653136153,431.8007507324219,745591.0
2013-02-13,433.24243556404355,434.20834440461243,428.25678062545666,432.525146484375,822925.0
2013-02-14,432.51092581100886,438.90992079603853,430.8845312071187,436.52362060546875,339844.0
2013-02-15,433.9384610795696,434.82621623329595,426.45995053501895,430.2098388671875,264252.0
2013-02-18,428.96697040582694,432.6529478149311,426.5948570709133,429.9044494628906,212283.0
2013-02-19,429.81923656455854,433.2140340533659,426.26818787681754,431.56634521484375,129835.0
2013-02-20,434.080472201747,435.9270286594843,429.0095564007281,434.95404052734375,1535717.0
2013-02-21,432.0990072570404,438.4696006490023,424.6986223927599,427.78802490234375,761779.0
2013-02-22,428.28518961897856,432.5180464682672,426.30370413692964,428.8533630371094,301439.0
2013-02-25,430.2454079195473,430.81358141047355,426.4102860179021,429.3221435546875,429719.0
2013-02-26,426.1261854471215,434.6487029756852,426.1261854471215,432.9371032714844,610895.0
2013-02-27,434.5634171942441,434.5634171942441,426.12613373088243,428.15020751953125,238200.0
2013-02-28,431.3674833502814,433.2282548001496,414.9048096116905,419.8620910644531,1124753.0
2013-03-01,416.0411567049471,427.1772433003345,412.7741806288096,422.43304443359375,710906.0
2013-03-04,420.44447749562045,424.56369990485945,412.0639963373681,415.352294921875,614550.0
2013-03-05,417.46153371256395,430.88449938584665,412.34802966860525,427.4541931152344,285483.0
2013-03-06,429.67721238606634,431.66577723333165,424.7696548139692,430.714111328125,906307.0
2013-03-07,428.2567593324011,430.7850957582197,426.42441773935644,429.6629638671875,1513132.0
2013-03-08,427.83068644590975,433.3703285710418,427.83068644590975,430.153076171875,810923.0
2013-03-11,429.10907107375954,432.92289860042763,428.2781191338416,431.5237731933594,273863.0
2013-03-12,431.8433490679463,434.5066426718966,428.4272291908571,431.03369140625,562490.0
2013-03-13,429.67723570208125,432.3760385460552,422.5751096477457,424.19439697265625,484092.0
2013-03-14,424.4216392544586,430.24535359267173,418.02975149706225,425.7284240722656,187727.0
2013-03-15,426.1261323103698,429.9257444022993,420.4728563124725,423.08642578125,617453.0
2013-03-18,420.02541910928255,424.5494557121183,415.47295276823223,418.81805419921875,201311.0
2013-03-19,421.0126589892311,421.0126589892311,407.66070903542385,410.7217102050781,469115.0
2013-03-20,413.17192250597134,416.17612017952774,403.25028009715913,412.7386779785156,511869.0
2013-03-21,413.3494433454999,415.0965519439284,408.37086789545896,411.2259216308594,933571.0
2013-03-22,409.826853842367,412.781327800617,408.3993267746144,410.7359313964844,602074.0
2013-03-25,415.04688124531623,415.04688124531623,405.5584552603214,406.95758056640625,313765.0
2013-03-26,408.6549421356888,409.79126075276923,398.42790602621085,401.204833984375,736388.0
2013-03-28,401.1267399138389,401.26166880569576,397.710620174596,399.60687255859375,384840.0
2013-04-01,399.6069230055632,401.4037558062185,395.72918471495404,399.0103759765625,375890.0
2013-04-02,399.13813120323056,399.7063045801573,395.30298197844525,397.79583740234375,439991.0
2013-04-03,397.42656410332455,397.7887623700944,390.9849523471735,394.4294738769531,535634.0
2013-04-04,391.32580916569685,393.1723374524491,383.65553910981066,387.1639709472656,346033.0
2013-04-05,387.0645909824811,388.93952110678015,382.73228626545887,385.74359130859375,311153.0
2013-04-08,385.67965250421906,390.6156112649483,383.66265810399346,388.4778747558594,1030620.0
2013-04-09,391.31165653331414,393.1723999846089,388.21514637389987,390.61566162109375,434929.0
2013-04-10,394.08854194044045,394.08854194044045,384.93394136354357,389.4650573730469,357069.0
2013-04-11,390.6156469569793,391.98634251630114,378.7906446801755,381.5888671875,361049.0
2013-04-12,380.67268020879675,388.7690882436214,380.67268020879675,388.0020751953125,153243.0
2013-04-15,384.37997998120716,398.4705684339692,382.94537369917373,397.39813232421875,549587.0
2013-04-16,393.45646769550194,403.2573674970876,390.8997014541743,402.3269958496094,252541.0
2013-04-17,403.3851936193166,405.3880013562228,393.4706590236041,401.6167907714844,341263.0
2013-04-18,401.97894614786054,405.76437119864875,398.07277899427083,400.3809814453125,233689.0
2013-04-22,401.24747189691664,406.9291495632113,399.2801733066069,402.7104797363281,546113.0
2013-04-23,398.2858623765851,409.79125320683914,398.2858623765851,407.68902587890625,336746.0
2013-04-25,410.5015231934294,426.1261660436314,409.0811036700137,423.7398376464844,1341781.0
2013-04-26,423.99554815860824,424.9543215302724,411.96457031213544,414.2940673828125,371476.0
2013-04-29,414.8124276794934,424.45707499090486,414.8124276794934,423.4485778808594,131727.0
2013-04-30,422.31229798112986,423.56938691988535,415.75707977615923,416.3181457519531,239580.0
2013-05-02,414.76276703459143,423.2852838724334,414.76276703459143,418.8038635253906,278866.0
2013-05-03,415.75705003395893,423.12192535718606,415.579476542106,418.3280029296875,304485.0
2013-05-06,418.328001215709,424.9897742566036,412.6321088538004,417.60357666015625,521188.0
2013-05-07,417.61784270787865,429.67722208202207,417.61784270787865,428.7326354980469,490988.0
2013-05-08,430.3873876251862,433.228226427868,428.9669682238453,431.3461608886719,334821.0
2013-05-09,431.09765060951344,431.80075296248145,426.8647935281061,429.9613037109375,420587.0
2013-05-10,431.0976665717987,431.80787638654806,425.0040657993967,428.64031982421875,227228.0
2013-05-13,428.96700798286923,434.64868611484206,426.0693375273958,427.8377685546875,155408.0
2013-05-14,428.29942266541633,432.5180931928846,426.8861104488191,428.576416015625,191538.0
2013-05-15,428.96700845557064,436.06910612836276,427.65311617220965,430.89166259765625,410983.0
2013-05-16,430.8134898902949,444.3856276800058,430.8134898902949,438.5476989746094,612904.0
2013-05-17,440.33037449951956,447.71654500601284,438.63296160009185,444.1584167480469,622307.0
2013-05-20,444.02339320545246,448.8528246248008,441.90697904440725,444.4637451171875,237863.0
2013-05-21,444.5916022732379,446.98500991836033,430.38740760057567,435.0108642578125,315826.0
2013-05-22,432.184275877479,440.3303802283694,432.1061502719922,433.1785583496094,320745.0
2013-05-23,432.51808055058046,432.94418957828424,413.71169343797027,416.2613525390625,446873.0
2013-05-24,417.79538928149356,424.7057548388505,412.1634350314059,420.3876647949219,344529.0
2013-05-27,420.4444076249708,425.8420123804505,413.49856207503296,424.96136474609375,366862.0
2013-05-28,423.32079346315703,425.80651333257424,415.9629974747886,421.8577575683594,262036.0
2013-05-29,421.29665032258504,424.6985546860426,409.7912319952486,410.92047119140625,360154.0
2013-05-30,409.7912462759772,422.4329835812009,408.1719592950073,419.22283935546875,616332.0
2013-05-31,418.3137837290998,418.33510603236203,403.83259679151377,405.39508056640625,216515.0
2013-06-03,405.8496258240267,408.1791227701458,393.04455624065673,396.09844970703125,399233.0
2013-06-04,396.8654991277011,400.41654791602326,389.19522812639946,390.65826416015625,248815.0
2013-06-05,390.0545689057266,394.86267841371875,387.9168322674159,393.6766357421875,340790.0
2013-06-06,393.44228414143237,397.5757213543999,389.4722055721238,394.4649963378906,273163.0
2013-06-07,393.45649881105305,398.4705837878234,391.46790580971606,395.11126708984375,261705.0
2013-06-10,393.8257792137478,398.8540506455071,392.67524562516024,395.2817077636719,173087.0
2013-06-11,394.1524597290234,399.99038867035654,390.615626006946,396.6239929199219,646856.0
2013-06-12,394.87687884949685,398.5628562804613,392.06444166162606,394.92657470703125,396570.0
2013-06-13,393.4564909202587,393.4564909202587,387.78899957547856,390.11138916015625,505693.0
2013-06-14,392.32013596776324,396.29732180865216,389.6710572497491,394.9053039550781,217364.0
2013-06-17,397.27032806929725,401.6949454114767,390.6156615600846,398.80438232421875,294504.0
2013-06-18,399.84834759393215,399.84834759393215,393.5984965283811,395.2461853027344,470172.0
2013-06-19,394.16667278591063,397.3484156805055,390.6085167758487,395.8143615722656,414774.0
2013-06-20,392.0359881254818,393.86832949272207,384.22368236607656,390.7718200683594,816334.0
2013-06-21,387.7748056751166,397.5757058752062,386.5248241503344,395.31011962890625,292366.0
2013-06-24,392.7462868541518,395.16098885426925,385.43110650023874,391.24774169921875,592431.0
2013-06-25,390.61563430047147,398.8540503524229,388.34294067946456,396.88677978515625,198829.0
2013-06-26,397.52598281682657,398.71202552080626,391.3258553174441,395.7149353027344,540280.0
2013-06-27,397.7177172287331,400.55855605946493,386.3543619058056,391.3116149902344,351302.0
2013-06-28,394.87684299489223,395.3029519257224,390.6155851308421,392.02178955078125,515524.0
2013-07-01,392.1070639419694,399.13814296870555,392.1070639419694,398.15093994140625,317926.0
2013-07-02,396.2972610584615,402.71754947823024,393.0657945465267,397.3909912109375,447489.0
2013-07-03,394.87688748359477,398.90376903380104,392.3556303216272,397.67510986328125,377549.0
2013-07-04,398.8541093605497,401.2617322309728,392.8883579543791,397.2845458984375,376544.0
2013-07-05,399.13818710097325,400.5586066959009,396.15531157015135,398.584228515625,219055.0
2013-07-08,396.29023077998147,399.8483871158218,393.74057177001333,398.0799560546875,227636.0
2013-07-09,399.8838928389315,401.2545884324118,396.8157843673304,399.0316467285156,273047.0
2013-07-10,400.02588780481926,401.03438501791646,392.6752272353165,395.0757141113281,358865.0
2013-07-11,398.712024957241,403.38520569305774,396.3044304696218,401.41082763671875,196457.0
2013-07-12,401.6238445306405,402.00736506537123,393.7405198210302,399.3866882324219,358871.0
2013-07-15,395.05445946909293,399.11685037417004,395.05445946909293,397.74615478515625,137495.0
2013-07-16,394.166766064388,398.99619888820985,393.4565561812564,397.9877014160156,276481.0
2013-07-17,398.4208492437251,401.12675938811714,390.7719005152601,394.59991455078125,311426.0
2013-07-18,393.4564434009511,399.1381208374088,391.34710857283704,398.4136962890625,278063.0
2013-07-19,397.44787162404845,401.26880641885174,395.43798440899246,400.082763671875,242153.0
2013-07-22,398.30011719103896,401.41084220191357,395.49478716073185,398.8043518066406,339338.0
2013-07-23,400.984712350759,401.96477988211245,394.87689733472814,397.2205810546875,270901.0
2013-07-24,396.1552478275239,400.1963440150573,388.9253014537585,397.6182556152344,538096.0
2013-07-25,396.01326949531244,396.8655437744927,379.8204795803725,383.7124328613281,793755.0
2013-07-26,384.948156866206,387.06459936426944,379.9624736856223,382.47662353515625,138266.0
2013-07-29,376.41141115734064,387.05037037040944,376.41141115734064,385.6512451171875,89551.0
2013-07-30,387.0645802260923,389.90541912003584,382.6612574663775,383.7904968261719,134294.0
2013-07-31,384.1419234832721,385.3552246856441,376.1944527331955,380.04254150390625,282871.0
2013-08-01,378.061155345939,382.6558832305862,374.87354477228615,378.1114196777344,179030.0
2013-08-02,377.6303627953268,379.9277549872126,362.55387562518627,364.7794494628906,261822.0
2013-08-05,360.78060029129887,367.7229560929508,355.37460068997325,365.5260925292969,350835.0
2013-08-06,365.4255596753276,365.8563277780263,346.759405724468,351.4331359863281,340433.0
2013-08-07,348.90607676114814,352.84751026027914,337.7207296240143,344.289794921875,703569.0
2013-08-08,344.92875132889276,356.810472539879,344.2969826386152,349.5665588378906,472680.0
2013-08-12,349.9541970540422,352.3449046243607,341.73390699435333,345.86199951171875,510151.0
2013-08-13,344.6057028466762,353.2208681361873,339.2068871357038,350.6722106933594,497689.0
2013-08-14,350.6793204895603,352.77565525196,343.89488601725117,346.5081481933594,414035.0
2013-08-16,346.4722549619077,348.62603873575364,330.8214205257093,334.9710388183594,863942.0
2013-08-19,336.70847854344015,336.70847854344015,328.66769016069736,334.27471923828125,360439.0
2013-08-20,332.38654468538283,334.963883728026,325.9395337462146,333.45623779296875,634517.0
2013-08-21,334.26749433278997,337.22536545829774,329.4358428882055,332.42242431640625,2084436.0
2013-08-22,330.2470935072034,334.98542947015,328.8112375666651,330.46246337890625,446005.0
2013-08-23,330.60607918350905,333.0039433236683,323.78574911242674,329.93841552734375,360550.0
2013-08-26,331.6829851918507,336.7084815253116,330.2471290965762,332.65936279296875,506684.0
2013-08-27,330.96506328892843,330.96506328892843,319.7653741786814,322.522216796875,528284.0
2013-08-28,319.9089478821322,320.6268759291193,305.11961875502607,319.1048889160156,1400328.0
2013-08-29,320.91401946915306,344.56259046383553,313.89268925962824,330.4839782714844,3038422.0
2013-08-30,322.3498826486736,328.3302302493556,317.3243869064534,324.5180358886719,642067.0
2013-09-02,323.78578023407357,330.93635048280134,320.1027959621026,327.3467102050781,294887.0
2013-09-03,326.6933782256873,329.3856154575353,309.14002214380116,311.710205078125,522082.0
2013-09-04,308.70926024744875,318.2935888928369,302.34122397962204,313.67730712890625,326377.0
2013-09-05,317.32437146292796,333.8367138123154,314.68239895885995,330.5055236816406,431339.0
2013-09-06,330.53429511499485,358.53348708897397,327.25334058776434,339.0920104980469,771481.0
2013-09-10,348.7696787139023,353.07724700353856,342.02116641931053,351.7706298828125,708359.0
2013-09-11,345.75436523703246,369.93420653561077,345.75436523703246,368.2542419433594,629293.0
2013-09-12,367.86650431288433,369.91260311054833,356.0924979798443,359.66058349609375,281472.0
2013-09-13,352.1223987469532,366.1435345347289,352.1223987469532,362.97747802734375,318943.0
2013-09-16,367.1485468862806,374.75859345905894,351.7849022481614,354.59197998046875,264038.0
2013-09-17,354.9797508654761,364.5641083526329,352.7757024816126,361.74981689453125,563682.0
2013-09-18,361.5487927657815,376.9124695749438,360.79496975769075,374.5863952636719,443503.0
2013-09-19,380.5021308827162,400.6041451456229,376.93404457850284,398.44317626953125,1253869.0
2013-09-20,398.44313336359994,408.4582302341893,390.98384991165415,405.0480651855469,922165.0
2013-09-23,400.89843665049204,410.5115038336928,394.8606683726951,397.0216369628906,393025.0
2013-09-24,395.6934576659888,404.1793541856825,392.99403605414585,395.72216796875,532717.0
2013-09-25,391.9889781560594,398.4503302578745,390.7541226660105,393.60430908203125,345670.0
2013-09-26,392.13253988536724,396.2965278373747,374.952504345125,383.91943359375,754787.0
2013-09-27,387.39418818497825,392.13252400710905,380.9759162972229,384.88861083984375,257007.0
2013-09-30,383.94816005290943,385.3624904401967,377.24272779108685,379.9349365234375,195945.0
2013-10-01,380.4877504601989,383.6609916174807,375.6489140893279,377.23553466796875,180307.0
2013-10-03,378.20472418904467,392.8504721384568,376.2304151285677,390.0433654785156,503113.0
2013-10-04,389.48335471026564,397.7108013672174,385.527552239374,387.437255859375,696343.0
2013-10-07,386.24548389826253,390.32334068762503,379.78413249519105,384.9747619628906,181746.0
2013-10-08,382.8138207900592,389.7921001136716,382.8138207900592,388.5931396484375,633610.0
2013-10-09,387.68145103144775,391.2710914671157,382.65592602358186,388.385009765625,533540.0
2013-10-10,390.5531172397724,397.4882886791089,386.4393650802986,396.6052551269531,494111.0
2013-10-11,399.16824357059323,399.16824357059323,389.8351797671989,392.69970703125,314329.0
2013-10-14,392.6996198181654,395.7220956792666,384.82393936204016,393.0226745605469,402694.0
2013-10-15,393.75509322184695,397.60318300978946,383.3738326485926,391.5079650878906,694088.0
2013-10-17,389.1315778334732,393.09453675047837,387.27213846028593,389.6772155761719,658632.0
2013-10-18,389.8495120368785,397.0144507730723,389.3541386145755,394.05657958984375,521914.0
2013-10-21,393.726339170942,396.9857111274639,383.905058453858,390.8474426269531,591802.0
2013-10-22,388.4496051182423,392.7069375926195,387.68144111127907,390.28033447265625,302184.0
2013-10-23,390.6894948118592,391.33563282450876,383.37379147644424,386.9849853515625,415429.0
2013-10-24,384.80967433181945,394.24326725799887,384.80967433181945,387.81781005859375,497533.0
2013-10-25,387.68142733004663,394.1427797192259,382.3687427712974,392.22589111328125,560559.0
2013-10-28,392.4555577196434,394.5375514994838,384.8885901609741,386.07318115234375,653713.0
2013-10-29,385.38400142886366,404.6245053955349,384.52967820673786,401.5804748535156,1188530.0
2013-10-30,404.0501606742508,408.0705403620161,396.6124028759278,403.4686279296875,1059149.0
2013-10-31,403.76303587395375,407.0655164916034,398.1057703999832,404.20098876953125,719901.0
2013-11-01,404.0501582055476,409.20486464904525,401.4512367585425,404.78961181640625,468461.0
2013-11-05,400.60410612101174,404.87577912109333,396.44011806074155,400.2236022949219,159575.0
2013-11-06,400.3313061956172,402.0471658320763,392.7069167574142,394.2504577636719,173010.0
2013-11-07,394.6668474447907,394.6668474447907,383.3738150777719,385.9296569824219,460366.0
2013-11-08,383.8907461037667,386.9275637404994,381.0333749747909,384.42919921875,229185.0
2013-11-11,381.98816603207064,389.8351370740126,376.3811380090532,383.04351806640625,447385.0
2013-11-12,379.21698045507776,386.9634233744708,378.3554725885557,380.3082275390625,536709.0
2013-11-13,380.3370022980258,382.2538624524048,371.4633880775901,373.6100158691406,649779.0
2013-11-14,375.51253276861377,380.3585543611623,371.4849679219725,374.622314453125,910493.0
2013-11-18,377.4868442941768,381.9379926937196,371.17625621091645,376.02227783203125,1128473.0
2013-11-19,375.9073348836638,384.3717055477996,374.19866014546955,381.8948669433594,891686.0
2013-11-20,383.2159028608965,385.4414769149158,373.1792513911184,374.5361328125,601517.0
2013-11-21,372.6048997028727,375.3330318712093,369.2880784825143,370.1711120605469,320071.0
2013-11-22,373.0212377106151,373.03560705995227,363.41535607662365,364.9086608886719,396388.0
2013-11-25,366.15070299643975,370.8028796248853,363.58770498490827,367.2706604003906,723025.0
2013-11-26,367.5794235462851,369.73320773357955,363.41543510459655,365.0451354980469,666668.0
2013-11-27,365.43991170055017,370.73819724440864,361.8359029926631,368.89312744140625,316902.0
2013-11-28,370.4654459474862,379.7841399174909,369.8910979097368,377.3288269042969,820385.0
2013-11-29,377.3575034049356,384.0916731987432,377.3575034049356,381.8445739746094,515757.0
2013-12-02,383.77587701582183,386.81987933258154,375.6201908354785,382.4405212402344,640745.0
2013-12-03,382.6559130387182,386.10197341960867,378.4201346285719,382.46209716796875,321257.0
2013-12-04,381.9235579752872,382.83533010131896,377.1278018682743,378.922607421875,217066.0
2013-12-05,384.12761384454456,388.6864749047996,380.64568733431327,387.22906494140625,300045.0
2013-12-06,386.9633968240082,393.71193617757007,383.3737572948552,391.74481201171875,309468.0
2013-12-09,402.054269442396,402.75785642700384,394.86064912410666,401.78863525390625,543663.0
2013-12-10,402.3414613064844,405.9167316721161,389.0669648344468,391.52227783203125,616650.0
2013-12-11,389.4618592657097,392.65665463908834,383.1584562324678,390.4526062011719,209788.0
2013-12-12,388.44235078884765,390.9479281029038,385.6567983329561,387.53057861328125,221226.0
2013-12-13,385.71424522667206,386.963413141444,381.2917796064289,382.8066101074219,221427.0
2013-12-16,382.8066668066404,384.78097602283174,376.9268472142517,378.31243896484375,188648.0
2013-12-17,379.78409939684036,381.09792926736606,375.36166257490504,377.17083740234375,273124.0
2013-12-18,378.3483442925047,387.49474950715825,377.8242604989241,385.18304443359375,148208.0
2013-12-19,385.85065615788665,395.5068029102113,377.0560172843529,379.1164855957031,385235.0
2013-12-20,378.9944333189041,380.4231045818444,367.95987958161146,377.73089599609375,625742.0
2013-12-23,378.3841749912873,389.0310682093768,378.3841749912873,386.8629150390625,244583.0
2013-12-24,387.121334869934,394.6954868362834,387.0136499468648,389.3397521972656,262476.0
2013-12-26,389.74898272113626,394.1427095145884,383.5891606393467,390.86175537109375,353537.0
2013-12-27,392.6781730040242,393.4248397287478,388.72958308506475,390.00030517578125,213534.0
2013-12-30,390.4095331693557,391.94591793237146,385.2189312809084,387.6957702636719,242768.0
2013-12-31,388.57877795761516,394.5088610923595,388.57877795761516,389.7777099609375,224467.0
2014-01-01,390.56741035327445,391.12738901486415,386.9777707813768,389.7705078125,122233.0
2014-01-02,389.84233935594244,393.4248230332254,377.05603076149737,379.53289794921875,236767.0
2014-01-03,377.0560192829057,379.48262206607075,373.6530390054074,377.73089599609375,218900.0
2014-01-06,377.6160747829811,380.7462365858536,371.7577806682161,377.802734375,165635.0
2014-01-07,378.19752627234755,380.1072299826384,373.6530346137982,374.9955749511719,246281.0
2014-01-08,375.51244821588205,375.7278464678468,370.8818259664585,373.3802185058594,415876.0
2014-01-09,373.17927372108636,375.3402426170874,367.8665889404949,373.2366943359375,401981.0
2014-01-10,373.4089111586214,376.48165156149696,369.0151845971314,371.6787109375,309455.0
2014-01-13,370.46547862450296,376.46016757733264,369.33115179911624,373.6459045410156,113341.0
2014-01-14,370.5372698079964,374.6294680037461,367.57939844137485,368.3332214355469,110049.0
2014-01-15,368.33319755399936,371.95873236669723,367.6296389376979,370.723876953125,334160.0
2014-01-16,370.73819038146576,375.3329457149898,368.7280150958408,374.1770935058594,467307.0
2014-01-17,374.1843882897366,377.62326428913843,372.9351916495694,376.4817810058594,424469.0
2014-01-20,375.0601148674063,375.885727618614,370.19256925392455,372.68377685546875,266190.0
2014-01-21,376.05094562948005,376.9124535452407,370.81007977716973,373.7966613769531,260545.0
2014-01-22,374.3422853253557,375.90738034496394,368.2973319306226,371.2623596191406,175414.0
2014-01-23,370.3075322150722,372.6048961885561,369.01525610563505,372.0305480957031,262366.0
2014-01-24,371.7433931574429,375.90738138820603,370.02034885612966,372.468505859375,1107761.0
2014-01-27,370.1496036957568,374.01924756528456,367.0050725592458,372.2315979003906,698307.0
2014-01-28,372.03055634424567,373.3228324823347,369.0511592690521,372.3033752441406,1220558.0
2014-01-29,373.3228003824909,376.9124402363482,370.7095380252146,374.1125183105469,1018197.0
2014-01-30,373.32283157165836,376.1658333889335,369.73319141790546,371.815185546875,232296.0
2014-01-31,371.7361819581486,372.3966893260068,364.19076774592867,368.3116760253906,748533.0
2014-02-03,366.14353899510763,368.1465584177622,359.25860344735077,360.57958984375,370251.0
2014-02-04,358.67702563340663,362.5538534213415,355.51815415991064,357.6216735839844,238271.0
2014-02-05,357.5283904711576,358.677058203132,351.9285465342619,356.9037780761719,497507.0
2014-02-06,357.7078634492041,363.9897403549362,353.36440060306444,361.728271484375,444216.0
2014-02-07,363.98980572930185,367.58663093998,362.9559790322536,366.2225646972656,208375.0
2014-02-10,366.07169860932976,371.74333192075767,365.28198075053996,368.7208557128906,308574.0
2014-02-11,371.18341306879125,371.31262364221806,364.41334697978914,370.53009033203125,371107.0
2014-02-12,372.777235028977,372.777235028977,366.8758613010296,369.69012451171875,486814.0
2014-02-13,369.6039172194041,369.6039172194041,352.07211694733655,354.38385009765625,243980.0
2014-02-14,355.2310706546184,357.38485486678695,349.64556697809206,352.48138427734375,190521.0
2014-02-17,355.173577754782,356.37250981730125,351.8136770708019,354.54180908203125,80452.0
2014-02-18,355.08741404314867,360.25651816788695,352.3018614588984,356.5807189941406,209373.0
2014-02-19,357.2411711442968,358.8206352849106,352.93360362900256,356.48016357421875,151578.0
2014-02-20,358.23190661939833,358.23190661939833,348.3891012424742,349.0567932128906,252179.0
2014-02-21,350.97364590490884,360.54363223933404,349.63113411260287,359.0000915527344,472349.0
2014-02-24,359.1078176791948,363.271805552121,357.9591215770338,359.6462707519531,339338.0
2014-02-25,360.41443601919116,364.7076628691755,358.82065921852393,362.9200134277344,273273.0
2014-02-26,363.30771583454856,373.17923285993714,358.24632489243453,368.53424072265625,888964.0
2014-02-28,370.4510635413488,370.4510635413488,362.553856394914,364.822509765625,215206.0
2014-03-03,366.14353696107037,370.12086547951907,361.23291055848296,362.32415771484375,323726.0
2014-03-04,363.1641120111914,371.14029406213297,362.20926017376775,369.1659851074219,569152.0
2014-03-05,371.88698278101765,381.4641559615233,366.30150770420215,379.8918762207031,625515.0
2014-03-06,380.3584604429004,394.8606266559097,378.3913363045994,394.257568359375,594181.0
2014-03-07,395.6791225437334,399.7426104643891,388.58600167051503,396.6483154296875,541013.0
2014-03-10,394.8606373903887,400.4604808092589,391.9673717049413,394.9037170410156,438649.0
2014-03-11,395.578613756422,405.5434464897696,391.9889737402954,404.2296447753906,420957.0
2014-03-12,404.7681104982378,407.62545324895603,395.1837528976802,398.2923889160156,341030.0
2014-03-13,399.2041326630593,404.9978207868915,391.12742165385737,393.1591796875,258173.0
2014-03-14,389.1316108319219,393.7837877980228,385.8722102455428,392.4771423339844,253358.0
2014-03-18,393.4247898628631,398.73744518898303,387.8680259773468,390.1079406738281,312650.0
2014-03-19,390.26592865064265,395.5786129017886,389.3972360525961,393.4607238769531,310207.0
2014-03-20,392.70692381869424,393.86996100175287,388.41369651135733,391.9172058105469,175252.0
2014-03-21,392.74274310726275,396.2964876579737,390.7038289923688,394.04217529296875,484377.0
2014-03-24,395.59300081184415,401.7528243653365,395.2627612753358,400.24517822265625,563449.0
2014-03-25,398.7374660745723,407.45313034931985,396.7990520414619,403.18145751953125,404003.0
2014-03-26,403.906574873443,406.3188083305526,402.19790004201485,403.5691223144531,239774.0
2014-03-27,405.6296071504528,405.6296071504528,396.5837029205617,398.6082763671875,1762848.0
2014-03-28,399.63488347092783,416.39852059326444,399.63488347092783,410.61920166015625,852763.0
2014-03-31,411.0499586947705,419.5574094551089,411.0499586947705,414.68267822265625,421404.0
2014-04-01,416.3985442966061,416.5923885577949,408.0849370830017,409.1402893066406,454546.0
2014-04-02,409.219248191244,412.50735903304604,402.923030073672,405.6296081542969,249249.0
2014-04-03,408.9177249098022,408.9177249098022,402.9445615301051,404.14349365234375,352546.0
2014-04-04,403.1886156939839,407.194682740432,402.48505707319725,404.1578369140625,242263.0
2014-04-07,404.1650315461594,412.80887771958464,404.1650315461594,408.795654296875,490366.0
2014-04-09,412.09094235883634,412.8088703351074,406.7280223639466,410.03765869140625,376615.0
2014-04-10,410.3678701724149,415.6518148078557,404.7464730244359,407.7546081542969,1037373.0
2014-04-11,405.62958438151736,406.85722671926163,400.81945849453757,402.9373474121094,485615.0
2014-04-15,402.64302834229755,402.7866082648441,393.28122550085715,399.04620361328125,415649.0
2014-04-16,399.2903282442626,404.7753030097762,392.6781828864396,394.3294372558594,202192.0
2014-04-17,394.86065573235,399.45538324448864,393.424799835066,396.73443603515625,440768.0
2014-04-21,397.0288460993873,403.461488397065,395.5858336866245,402.3199768066406,365170.0
2014-04-22,399.9076708171493,404.4880573062106,397.0144334399628,398.15594482421875,132064.0
2014-04-23,396.45448414796505,401.86764018382377,394.14990718368017,396.28216552734375,1095934.0
2014-04-24,396.28216552734375,396.28216552734375,396.28216552734375,396.28216552734375,0.0
2014-04-25,394.3293935836516,401.32201361790356,381.70819108100994,384.1204528808594,337621.0
2014-04-28,380.5020646428141,386.23833189872073,377.70214283068236,379.5472412109375,286112.0
2014-04-29,379.08058053655145,389.3326006959343,378.36265259032973,383.3091735839844,503586.0
2014-04-30,383.6610123601685,390.6823433912392,373.3228316757213,375.62738037109375,325521.0
2014-05-02,376.9053059182387,380.20060170791885,371.0254861272263,377.572998046875,332157.0
2014-05-05,374.93095537514085,383.07942747891764,373.1792009946155,378.8652038574219,424197.0
2014-05-06,379.95645184744603,382.65584498052,375.9073337499104,377.6590881347656,207034.0
2014-05-07,375.9073121202053,379.31029204056637,373.5453148667502,374.9811706542969,368262.0
2014-05-08,375.49811714441927,379.9636339824103,370.89617667694034,376.9267883300781,419492.0
2014-05-09,375.7781077506927,393.99912561887214,374.76583529088845,390.8976745605469,630803.0
2014-05-12,391.2710441053101,410.65510011155413,391.2710441053101,407.7331237792969,735124.0
2014-05-13,409.2192011146561,420.70604791143955,407.08694296689566,418.31536865234375,594297.0
2014-05-14,419.5717597247061,429.3212508040304,418.8394907809269,427.4187316894531,574797.0
2014-05-15,427.8853809029376,430.46993311601005,419.1625597807099,421.7901916503906,491798.0
2014-05-16,430.53451008955943,470.20723628207656,427.8853527647499,440.6070556640625,2387865.0
2014-05-19,441.5475288863378,447.9083802021393,431.04424379095997,433.7364807128906,357821.0
2014-05-20,434.34671071609193,443.67977382089526,428.60328726698225,435.4379577636719,373660.0
2014-05-21,437.9363346816673,439.24295154239877,422.859820269982,423.958251953125,413212.0
2014-05-22,427.88527964420666,427.88527964420666,417.31739085203014,424.8412780761719,652689.0
2014-05-23,423.29058578238255,435.2082002985568,418.98301837623626,430.9508972167969,926209.0
2014-05-26,433.0544282709503,462.99921574499353,433.0544282709503,440.4921569824219,1396375.0
2014-05-27,444.9146576078379,449.7032582507066,438.1876711818354,442.8542175292969,431786.0
2014-05-28,447.70021677041865,461.0536886979559,441.08807189116703,458.24658203125,981263.0
2014-05-29,459.47417566377715,467.1847231359311,452.29489654992375,454.7861328125,894985.0
2014-05-30,455.45385969219075,463.0638795716687,453.06315174760675,456.4948425292969,287719.0
2014-06-02,456.96867972170537,460.91008481668837,450.61501271109813,453.79541015625,474864.0
2014-06-03,453.8743827226443,480.29413847771406,453.02724416384757,477.78143310546875,1269747.0
2014-06-04,477.853210330301,487.473405398665,472.4041026609561,480.2151794433594,545705.0
2014-06-05,480.29417975943426,489.0601093991494,474.026671549451,478.0686340332031,663635.0
2014-06-06,481.00484589728404,488.7010810969192,472.41126467097394,475.95782470703125,894415.0
2014-06-09,491.06312974512775,544.0462826094382,491.06312974512775,530.9368896484375,4265060.0
2014-06-10,531.2670503130857,535.789987621108,511.16501206212985,513.7208251953125,1545775.0
2014-06-11,521.934058410212,526.9595263323102,505.4216849607642,510.89947509765625,1114494.0
2014-06-12,511.4521310048985,516.9227633856369,504.574381617144,513.1249389648438,784449.0
2014-06-13,515.171047609913,518.0571285803275,505.5651659897971,507.596923828125,716200.0
2014-06-16,509.63590309366924,516.8223393418435,503.96426907716193,511.2943420410156,713602.0
2014-06-17,513.6922805204273,518.6100638733421,506.1612059386407,513.7138061523438,667335.0
2014-06-18,514.0367483677023,519.062272370583,502.54990127066094,509.76507568359375,1077846.0
2014-06-19,509.765202805273,513.3189768299568,505.0556329422246,509.176513671875,635061.0
2014-06-20,504.63916102748425,511.15074949684316,500.6115962591247,502.7007751464844,265471.0
2014-06-23,502.54992812521897,505.24216515693325,497.0936641033901,502.0760803222656,437301.0
2014-06-24,502.5499189614068,509.2338252275126,494.63837035153097,504.3949890136719,432791.0
2014-06-25,504.4165464873405,506.13961915801644,499.82903162954386,500.8269348144531,623428.0
2014-06-26,502.5499294493509,504.387843262604,484.63044015769304,486.90625,1337808.0
2014-06-27,488.191387252752,497.0003676213655,484.0776634498991,490.35235595703125,762661.0
2014-06-30,491.78101971354096,498.874139977217,488.63646061644044,492.5707092285156,408877.0
2014-07-01,494.20758326346066,495.51422866252807,488.6723730008201,489.8569641113281,391748.0
2014-07-02,495.0834904569446,497.3808827266672,491.9246186829661,493.1809997558594,392474.0
2014-07-03,494.65280771998243,496.66298359079855,486.98530983237623,491.1134033203125,332034.0
2014-07-04,490.3452119978169,492.5636013675838,481.73001887121785,486.7770690917969,387296.0
2014-07-07,488.19135112924425,490.05794677713703,481.0264409155526,483.0079345703125,317608.0
2014-07-08,483.88380242775287,484.8673362207315,466.8904263006524,470.9395446777344,453924.0
2014-07-09,471.6790358746029,480.0141966934666,462.82697598406276,472.7272033691406,583708.0
2014-07-10,470.9825997552948,485.6140059643791,468.0893339413248,475.2542724609375,512795.0
2014-07-11,475.26866694253295,477.27168630507276,459.47422287136897,461.0823974609375,458137.0
2014-07-14,461.6638843281171,464.7438097507386,458.3255377822211,459.3808898925781,388631.0
2014-07-15,463.45154642898393,466.6534978256773,457.7583869378281,463.05670166015625,272230.0
2014-07-16,463.7818595600828,472.92110887253284,459.33789574818326,468.55609130859375,485330.0
2014-07-17,467.3714401911326,486.97810753540944,467.3714401911326,484.8314514160156,586294.0
2014-07-18,484.74535211569224,484.74535211569224,476.7332176539676,479.1598205566406,350142.0
2014-07-21,479.65521227725395,492.0826001802718,474.8953786761045,489.3185729980469,750898.0
2014-07-22,489.31860207449034,491.62315090961874,482.1680032391526,487.32989501953125,491714.0
2014-07-23,488.6221143586405,489.59849188262757,475.41943536034125,479.11676025390625,519263.0
2014-07-24,479.14553340742157,481.57929271686584,472.6985219786652,476.9629821777344,582107.0
2014-07-25,476.9629519709203,482.24695428158543,471.2841616765777,472.90667724609375,529944.0
2014-07-28,473.12919558573077,476.1301463109299,459.45985438322685,460.8526306152344,513243.0
2014-07-30,461.65673142487856,470.94671529316093,458.49783134798054,468.4052429199219,611601.0
2014-07-31,466.99807077707015,474.11992939873016,460.1921106645388,461.5920715332031,1984406.0
2014-08-01,459.76141254595535,470.0995642053232,455.7338197818729,461.9941711425781,612307.0
2014-08-04,457.75119936778145,464.2125511254395,455.88457527862084,461.233154296875,630687.0
2014-08-05,463.06387641892206,480.86852505183765,461.34086056305415,478.6716613769531,824494.0
2014-08-06,479.2890973436512,480.2941568125751,468.66372859103524,470.666748046875,463626.0
2014-08-07,470.6739254247107,477.27885741372296,469.52525765153723,472.2677307128906,383751.0
2014-08-08,469.5252738445099,470.24320187672606,464.0761941164243,468.2832336425781,376700.0
2014-08-11,469.5324315817215,476.53945009094474,466.95506397449054,474.392822265625,466698.0
2014-08-12,474.5650668211873,478.9875326215596,473.44510941850143,478.14752197265625,424936.0
2014-08-13,474.7661163599856,481.72999804776214,466.65351012066554,468.7355041503906,668917.0
2014-08-14,468.08938319982775,478.5783567646784,468.08938319982775,477.6378173828125,395617.0
2014-08-18,474.16303455015924,482.16077077894505,474.16303455015924,479.4039001464844,459958.0
2014-08-19,479.7198426980275,493.6476634594543,474.3138426673012,491.19232177734375,595205.0
2014-08-20,494.9860054470473,500.0516768110849,489.4861533088035,499.3858642578125,810262.0
2014-08-21,497.88050467080365,501.38303256662584,490.6438744211894,493.2345886230469,405137.0
2014-08-22,493.39388932666884,500.051613266331,492.81492445172535,498.0325927734375,369370.0
2014-08-25,498.74904811690106,502.9463004378738,495.75306355083484,498.6405029296875,329455.0
2014-08-26,496.44774747995905,502.80153339574247,483.9862342862683,489.16766357421875,352591.0
2014-08-27,489.3413086854359,491.8162644521877,484.5651495692276,490.5643310546875,862400.0
2014-08-28,491.51240140837683,496.4260747183667,489.7755639655723,491.7077941894531,966442.0
2014-09-01,494.95690242601063,504.36455071990144,492.67012603837395,502.9027404785156,293616.0
2014-09-02,504.94349404492596,528.8388892000519,502.946228535985,523.3028564453125,1507811.0
2014-09-03,523.2088642999344,524.0193464718857,516.1603544088223,520.0391845703125,517468.0
2014-09-04,518.0998169273648,523.5128212801791,513.5117789178368,519.6195068359375,480968.0
2014-09-05,518.287850930282,526.8198678057504,513.9241747380419,515.9287109375,482803.0
2014-09-08,517.0576845400747,531.8927641551336,514.8721824202704,529.4033813476562,725228.0
2014-09-09,523.2088545017344,531.161907460468,523.2088545017344,526.4725952148438,584051.0
2014-09-10,521.7614358047603,532.2038699504099,520.9798648189355,527.3987426757812,403148.0
2014-09-11,528.9981521469197,533.1447384113908,521.5009776218598,524.2147216796875,343784.0
2014-09-12,526.1325754177461,530.2067990611946,521.0379352520705,527.7535400390625,358009.0
2014-09-15,522.9194036420525,526.0745419395231,518.9392417924547,521.3128662109375,153729.0
2014-09-16,522.3403609623033,523.9324140151637,509.8209696266725,516.1675415039062,332268.0
2014-09-17,517.4340681640759,519.5761182049664,509.45925982951303,512.3756103515625,305878.0
2014-09-18,511.0511476439649,525.1625904362404,510.1827863949356,521.956787109375,464494.0
2014-09-19,525.3798358166187,535.3663938749157,524.8515940174573,533.5138549804688,826846.0
2014-09-22,530.8796161458373,539.8458138774313,527.2468450556659,536.5965576171875,853709.0
2014-09-23,541.2714770640719,543.9055869261225,528.1080267002203,529.6494140625,552419.0
2014-09-24,532.9058526520283,538.0221311729375,519.5904068989154,523.5633544921875,547429.0
2014-09-25,523.9252956208369,528.4192725065935,509.76318280122297,512.7953491210938,803516.0
2014-09-26,512.3683076214629,523.2087987165227,503.6553820544627,520.632568359375,484112.0
2014-09-29,523.9325611098359,524.9240092924414,515.9722936106797,516.7827758789062,425286.0
2014-09-30,516.6958684280545,520.8786365726505,511.6302546515592,513.5696411132812,341334.0
2014-10-01,515.2340596143727,515.2485437558433,503.112722439242,505.6744689941406,301406.0
2014-10-07,505.1171409087354,508.88742502723454,492.0912063050033,493.1405334472656,469860.0
2014-10-08,494.9859494340851,502.93178875043475,492.2866895439857,500.8548889160156,510871.0
2014-10-09,503.235755878776,509.4303312635906,500.7752837949284,506.1014404296875,419362.0
2014-10-10,504.97250420354476,504.97250420354476,493.10443978402384,495.6083068847656,303279.0
2014-10-13,495.5648511622172,498.64046967687926,491.38208326172327,494.81951904296875,381217.0
2014-10-14,495.8543826692722,499.0384892456234,489.9492612871495,491.2084655761719,398216.0
2014-10-15,491.2084655761719,491.2084655761719,491.2084655761719,491.2084655761719,0.0
2014-10-16,488.63210697662635,491.97548137252676,465.74988658735543,467.3274841308594,728488.0
2014-10-17,469.15116824086465,478.34169909160744,469.15116824086465,474.63653564453125,421216.0
2014-10-20,479.7889369059254,489.84782735535777,478.42842978687173,480.1073303222656,725448.0
2014-10-21,480.51267262914934,486.71446092657936,480.31727985843116,483.37835693359375,342222.0
2014-10-22,486.33813565811937,494.8267002262123,483.98620907953534,491.0636291503906,569949.0
2014-10-27,494.79780857092726,496.72276820105134,489.3775907830002,491.4617614746094,380374.0
2014-10-28,489.196599264961,497.88055646793583,487.9446658227537,489.2617492675781,364982.0
2014-10-29,492.09120784070325,500.2758336268649,483.4362196873786,499.08905029296875,1384068.0
2014-10-30,499.4726613718318,504.5383322237904,495.1523799065702,498.1121826171875,984562.0
2014-10-31,500.0515889023479,510.25523604942174,499.5088057804364,507.7296142578125,867830.0
2014-11-03,508.7355805027514,513.786709925864,506.5645623685196,510.9861755371094,613487.0
2014-11-05,510.9861234181091,517.8391823087555,509.45916308452803,515.1182250976562,533372.0
2014-11-07,515.9722709968581,520.603704361526,514.524944492301,519.467529296875,225646.0
2014-11-10,519.6266894419063,522.4851604395185,515.4439214061052,518.374755859375,181253.0
2014-11-11,520.3865376322257,526.5014783357593,519.4385420595389,523.1436767578125,297129.0
2014-11-12,526.682436235007,529.7218160080616,506.6224724832746,526.18310546875,473431.0
2014-11-13,527.022586712664,528.1153666052122,515.9722736961264,522.9049682617188,366888.0
2014-11-14,522.919338056526,524.2074532181842,514.5248346719059,516.6089477539062,306254.0
2014-11-17,514.6550986900096,518.8668346956999,512.5058355168143,515.509033203125,352092.0
2014-11-18,516.6957855137564,522.615390188528,513.1208938859863,520.5529174804688,397743.0
2014-11-19,522.1956653552206,526.3929172004181,512.3900171414364,514.9662475585938,451753.0
2014-11-20,514.5247940781557,520.2562191005977,508.0407663633057,510.80517578125,189192.0
2014-11-21,510.90653584105405,517.2748060160413,509.60393642456955,512.7301635742188,163224.0
2014-11-24,513.5262084492202,518.2372752895874,506.8612711483488,510.34210205078125,203087.0
2014-11-25,508.3013197865766,512.6432986112272,500.77523460709546,504.6685485839844,356778.0
2014-11-26,501.3685534091171,517.4194401093905,501.3685534091171,516.145751953125,560591.0
2014-11-27,512.6795443286483,520.314232887543,506.56460293516113,508.4678649902344,787942.0
2014-11-28,509.49539610193995,518.8668641946982,509.49539610193995,514.6261596679688,514707.0
2014-12-01,512.3754823823729,519.2502956952851,505.1171542725818,507.4039306640625,410685.0
2014-12-02,508.15654890851204,510.826897428091,505.4138941934904,508.2289123535156,199432.0
2014-12-03,509.02492450760803,512.1149692973211,502.37447257538383,503.53228759765625,245050.0
2014-12-04,505.7468243829023,505.98566958943053,499.3279453318106,502.7870788574219,236761.0
2014-12-05,505.8410175644682,510.327724288354,503.0910913063481,504.33575439453125,188077.0
2014-12-08,501.8029112717566,508.43166737601354,493.5458628625149,497.5766906738281,175129.0
2014-12-09,494.98599975763454,495.34060361899026,487.7493673561697,488.6033020019531,553274.0
2014-12-10,485.1585969396937,496.88920506042535,485.1585969396937,493.3721923828125,332909.0
2014-12-11,490.1157123636866,493.37945326868925,483.4363474366125,486.28033447265625,302566.0
2014-12-12,485.2382150463277,489.77558715006154,483.4073737235583,486.3960876464844,609339.0
2014-12-15,482.9731257484357,497.02663430629633,482.9731257484357,494.38525390625,283960.0
2014-12-16,491.3675624064485,495.7095982792858,486.11376998977374,487.1558837890625,503846.0
2014-12-17,483.84879736732887,494.11032461921076,483.84879736732887,485.7158203125,601750.0
2014-12-18,488.0387935140421,491.62095640556396,478.3706577541607,481.9962158203125,852964.0
2014-12-19,484.18895909953835,490.64402031675564,482.8284229734293,488.6033020019531,216100.0
2014-12-22,490.644008525823,495.68792487230223,485.57833734174653,494.73992919921875,488298.0
2014-12-23,495.253691144933,506.557331802759,492.8149168615491,501.9041442871094,537526.0
2014-12-24,502.6567235449222,508.72105534121863,489.2689702952421,493.5313720703125,672377.0
2014-12-26,496.425998586862,498.394352987301,487.74925514754705,489.522216796875,159374.0
2014-12-29,489.92025376453535,497.8805768173995,489.92025376453535,495.014892578125,181830.0
2014-12-30,493.53865773887753,495.78925292110665,489.7032226495043,491.0564880371094,152984.0
2014-12-31,492.09139066448114,496.8241561193855,487.98098538401047,489.9276428222656,305230.0
2015-01-01,491.2229194433453,493.23472668819693,487.74935885104196,492.4531555175781,266598.0
2015-01-02,492.82935566921776,507.4329172464373,491.9465101854111,505.942138671875,291180.0
2015-01-05,506.56449627216216,513.4537939397062,503.23566330022464,507.84539794921875,641685.0
2015-01-06,504.683023168495,504.972476968078,483.6822798153621,488.4801940917969,812394.0
2015-01-07,492.0912493214651,497.01213547988095,487.7492707406643,494.62408447265625,843430.0
2015-01-08,496.43326728500716,501.0647000220335,491.84522971991953,495.7023620605469,266021.0
2015-01-09,496.43325394932134,501.3107451951553,491.3675833811515,492.74981689453125,329649.0
2015-01-12,493.46622667081533,499.0384412685071,491.0781183433576,497.23651123046875,184597.0
2015-01-13,501.78833994206457,519.5904345209282,498.89368762438454,513.2728881835938,611309.0
2015-01-14,513.0776493180924,521.0234900606806,512.4118367206537,516.2327880859375,347284.0
2015-01-15,521.0377788937913,534.4979527162262,516.7030709600251,530.9013061523438,697076.0
2015-01-16,530.9014464784806,535.1348810537613,523.2234192689417,526.3206787109375,509549.0
2015-01-19,528.6508404676913,537.6821902806398,527.2324821907804,528.6364135742188,472032.0
2015-01-20,533.6224526716417,536.5243192534482,530.5902860515579,534.2882080078125,441416.0
2015-01-21,535.7353905486123,551.4316747271465,528.85336344388,547.56005859375,758001.0
2015-01-22,552.8790224566843,553.5737459193563,544.2384602173635,551.3448486328125,481759.0
2015-01-23,555.7736918300458,556.0124797699665,543.7753277809995,548.9784545898438,601141.0
2015-01-27,549.7962579354929,559.2473034127961,546.3660926217569,557.2210693359375,839250.0
2015-01-28,554.3481125293064,566.339206951877,554.3481125293064,563.6906127929688,786672.0
2015-01-29,563.5892783641239,571.6943291090856,557.4598530599767,569.0746459960938,537695.0
2015-01-30,568.7996847037497,575.3126822288036,558.8565218404007,562.1492309570312,727295.0
2015-02-02,554.0513532984625,561.3314373060532,549.9844012694665,551.1856689453125,397704.0
2015-02-03,553.1539728497572,564.7470664645181,549.9843508331685,562.7135620117188,1131714.0
2015-02-04,563.2926241747681,569.8707145185738,560.875547236895,564.0452270507812,587771.0
2015-02-05,561.5919005584207,568.1265949372947,557.2210107487217,562.6484985351562,1163469.0
2015-02-06,555.8025277202387,567.0627715921237,547.4297798199545,550.7079467773438,605062.0
2015-02-09,549.2606636077647,550.114598085974,533.5064999277207,536.7412719726562,265445.0
2015-02-10,533.9190259591401,554.2033491718475,528.549474536486,551.9093017578125,480858.0
2015-02-11,551.9093202058078,562.6774489417049,549.2824237192846,556.3743286132812,764819.0
2015-02-12,565.4707689121313,569.0166923689891,551.0842971311957,553.9282836914062,730328.0
2015-02-13,555.7736292047033,563.574683191493,555.7736292047033,558.6610107421875,392409.0
2015-02-16,558.9649511088661,564.4286201010648,555.1946668469604,557.9807739257812,259994.0
2015-02-18,558.0893901089091,562.2866421221538,551.4317234496407,559.7393798828125,570707.0
2015-02-19,559.8262211549464,564.4576538329179,544.3542968177792,547.9797973632812,802206.0
2015-02-20,548.2330918719433,552.1770142556472,542.8924519037537,544.2963256835938,275256.0
2015-02-23,545.7871654449181,549.8902993225445,528.6145846530662,534.8887939453125,442881.0
2015-02-24,533.9190708730622,536.5966333641405,528.8534569774434,532.8770141601562,298075.0
2015-02-25,534.215685887582,538.4057239672196,528.2743837538363,530.9230346679688,278536.0
2015-02-26,531.9000142719079,537.508410982467,518.2372902940351,520.73388671875,791021.0
2015-02-27,525.7850489272967,546.0765849776689,520.2562866234015,542.0602416992188,788973.0
2015-03-02,549.9845354511828,580.023791619034,547.8207875178333,577.0929565429688,1010770.0
2015-03-03,576.0362573322578,582.5274993497624,567.3522996952936,578.6124877929688,753348.0
2015-03-04,578.3520624470308,580.0743585635722,558.9216722940608,561.9683227539062,465680.0
2015-03-05,562.431405625895,565.9050233368025,543.8550076291418,547.77001953125,579547.0
2015-03-09,546.3659971935234,551.1421563437823,535.511079624833,537.0234985351562,416679.0
2015-03-10,536.9584123954369,542.516142624943,531.8927421513304,535.3446044921875,396550.0
2015-03-11,535.0767359845942,538.5503524299418,526.8559296049298,535.6557006835938,250007.0
2015-03-12,538.405780839213,546.9450116785359,537.3419693945951,541.4668579101562,303798.0
2015-03-13,542.2050511724234,548.1029023242603,523.3536250752325,531.0968017578125,838350.0
2015-03-16,534.0638147305078,538.3696696902327,528.708746828076,534.4039916992188,183722.0
2015-03-17,536.2563898850177,539.418798273028,531.1039295776095,536.2708740234375,310693.0
2015-03-18,537.2479624188177,537.2479624188177,528.5640038015484,531.06787109375,309559.0
2015-03-19,532.3269776041595,539.67942510938,520.3141862742671,522.774658203125,343525.0
2015-03-20,522.7747170641879,526.8271854332655,513.8012470337535,523.2740478515625,350031.0
2015-03-23,527.5436756567093,533.3401951880767,518.1143270548979,525.3436889648438,313234.0
2015-03-24,522.5069319425583,529.7218091499449,518.1431978788517,520.0826416015625,377892.0
2015-03-25,520.3143150076623,526.3713780387991,513.9533139453887,516.75390625,601225.0
2015-03-26,515.2485172737472,521.1825495052034,510.7111455053657,513.6781616210938,1163113.0
2015-03-27,512.6723890338355,520.893199653786,512.3539668725764,516.5440063476562,361036.0
2015-03-30,517.4267378392523,530.8724283640937,514.5248717937055,525.5390014648438,524111.0
2015-03-31,525.6692394908988,528.9908589690491,520.0680570278986,524.2725219726562,552354.0
2015-04-01,526.8271530243254,539.2307877877481,519.5905210253295,534.6499633789062,266456.0
2015-04-06,535.6558377923079,539.8530896238137,532.211188737546,535.236083984375,190871.0
2015-04-07,535.6992834978458,547.8134070173741,531.813239933125,545.10693359375,431870.0
2015-04-08,543.4714505458122,551.4317745935805,543.4714505458122,550.0206298828125,286760.0
2015-04-09,551.4317688922629,553.3566712460943,544.3325929863498,545.410888671875,213696.0
2015-04-10,545.6424182871757,550.5560913838983,543.0372194856114,548.9278564453125,172200.0
2015-04-13,548.6890737889631,549.9844598919312,542.320860214483,547.1621704101562,184902.0
2015-04-15,547.8134339351074,553.8777666882477,547.256223842532,550.6502075195312,276754.0
2015-04-16,550.1291611570308,553.638903355501,534.2302683011674,539.8531494140625,636409.0
2015-04-17,539.8532059294496,542.1688940684215,525.3798831253844,527.8693237304688,462939.0
2015-04-20,526.1034915777673,533.759819789358,518.3096499041002,522.774658203125,439569.0
2015-04-21,522.4851041806731,531.0243345262151,516.1168917702311,525.9732055664062,489419.0
2015-04-22,525.9731510308484,536.9583678244649,524.6560677167771,531.1690063476562,364386.0
2015-04-23,532.601982735681,536.234753917618,520.458891886129,526.725830078125,288361.0
2015-04-24,527.0153440721439,534.7296094118432,521.0596138382683,530.1632690429688,165090.0
2015-04-27,529.7362328132806,530.87962111826,518.9608915055339,523.0206298828125,504150.0
2015-04-28,521.9062710090442,527.3916386876926,514.6841230844306,524.468017578125,501636.0
2015-04-29,521.4937644194505,534.0637659876306,511.63744966079514,520.958251953125,443756.0
2015-04-30,520.321376459018,523.9324500419353,516.2906063126476,519.4891967773438,1039784.0
2015-05-04,518.2879184934253,528.1297494041116,513.0847912804039,524.6561889648438,829536.0
2015-05-05,521.6891940023856,524.6562103630621,514.5321386569998,518.215576171875,452512.0
2015-05-06,517.4194827673389,519.7641385899043,501.0646568177066,503.3804016113281,706933.0
2015-05-07,501.0646199092449,510.5880266409799,498.314694637965,508.0914306640625,257545.0
2015-05-08,510.58825222420614,510.58825222420614,502.9464060910309,505.57330322265625,422007.0
2015-05-11,508.01180800290933,516.5510377751096,505.7539998816149,514.778076171875,158467.0
2015-05-12,515.1036766074068,517.4194211251446,502.5119231351236,504.849365234375,649863.0
2015-05-13,507.2882405496091,514.5248720535667,501.49893534644303,508.6197509765625,209289.0
2015-05-14,506.85404188797406,514.3801850353478,500.2252857713399,510.9427490234375,152803.0
2015-05-15,509.49536258110317,518.2444700405921,509.49536258110317,513.8373413085938,218414.0
2015-05-18,513.3814972770411,517.4050541947007,511.7242940201795,514.0400390625,354380.0
2015-05-19,515.2485600192527,522.6299191939057,511.19603450680705,519.6629028320312,493969.0
2015-05-20,520.1260116674664,526.0600439324795,518.135959419906,520.3720703125,264142.0
2015-05-21,523.1943435641505,533.8394424887953,517.7379446149677,531.9651489257812,476931.0
2015-05-22,532.9060010048288,535.2216890307832,524.6562228665289,526.892333984375,195764.0
2015-05-25,526.1034199542285,531.4585438057917,514.1485095650121,516.3556518554688,148940.0
2015-05-26,517.4195519320102,521.5589248353424,513.8012073644993,517.0142822265625,194863.0
2015-05-27,515.248425953453,523.9323823993424,513.9458267616137,517.9549560546875,504072.0
2015-05-28,518.4905197162944,519.3299700674389,506.86845755747436,508.27960205078125,897111.0
2015-05-29,509.4591707650113,530.0691281096847,509.4591707650113,526.9212036132812,569878.0
2015-06-01,526.9212022563348,532.6163888146543,521.9061977597302,522.9844360351562,186950.0
2015-06-02,522.4851640083593,523.3969779056143,505.11724753708154,506.9046936035156,318703.0
2015-06-03,504.68306807225076,505.7613064714588,491.07816578571607,493.0610046386719,342792.0
2015-06-04,495.1741126818848,500.70287505012305,491.3748597121791,499.168701171875,320453.0
2015-06-05,495.57216012280963,501.93316005860765,492.0913289006293,493.38665771484375,400964.0
2015-06-08,494.0886641780688,497.7142224076704,488.3282693588821,493.01763916015625,171137.0
2015-06-09,492.09127710255916,501.4699582365114,492.0623088222179,498.35821533203125,219334.0
2015-06-10,497.8806576247978,502.65681788196105,496.7300556752075,499.34246826171875,259547.0
2015-06-11,499.4943302197299,500.91995890172467,484.8546430591138,487.00390625,461837.0
2015-06-12,486.4612155775301,488.4729654575076,480.54161006843293,485.62176513671875,277019.0
2015-06-15,485.57830273932893,488.6104688877223,481.2363237122049,484.8836364746094,373790.0
2015-06-16,483.4073134637364,490.5064312950888,481.23629545287736,487.8433532714844,287259.0
2015-06-17,488.1689846216669,493.53859304290927,484.34809142449717,487.2137756347656,300156.0
2015-06-18,488.32099436534395,490.35449895382976,484.99937453921933,487.2499694824219,346998.0
2015-06-19,488.34999508913586,492.81494629681595,487.02564078816187,489.8045349121094,288374.0
2015-06-22,490.3110951625834,494.81228549542004,488.0388024084546,491.89593505859375,420088.0
2015-06-23,493.5385967656189,498.74899418675176,491.3169701413882,496.9832458496094,315327.0
2015-06-24,497.01210371530345,503.6698266801875,488.8202643178741,492.1346130371094,704172.0
2015-06-25,492.0913548351129,495.70969971973614,489.920336454424,492.9380187988281,677296.0
2015-06-26,493.10443120474537,497.7358639159823,490.6584434596855,491.6788024902344,373343.0
2015-06-29,489.91309368186535,490.057820598638,477.7627881224043,488.0749816894531,429926.0
2015-06-30,488.07491660757404,500.0515826196339,485.03553726148937,498.23516845703125,181033.0
2015-07-01,498.322052198826,510.90653774354666,496.16551822078924,508.9526672363281,283818.0
2015-07-02,513.6420383367746,513.6420383367746,500.63058401955266,502.23712158203125,226508.0
2015-07-03,500.38435916163957,509.45910071705816,500.38435916163957,507.5414123535156,248076.0
2015-07-06,502.5120274909858,517.2675309755527,502.07784677232763,515.3570556640625,344179.0
2015-07-07,515.5380058800838,522.137851033781,515.5380058800838,517.1807250976562,286462.0
2015-07-08,515.2484285844079,517.0358742915793,505.84083767810307,507.9756164550781,338599.0
2015-07-09,508.880273682091,515.2123045296912,507.46185846853507,508.9743347167969,158674.0
2015-07-10,509.8934220865075,521.5588796910755,509.45918413626754,520.53125,349085.0
2015-07-13,523.773301383214,528.8534566671873,517.6511466365181,525.6837768554688,319967.0
2015-07-14,526.1035773784698,527.5509039403851,521.479357276987,524.6996459960938,174792.0
2015-07-15,525.3364414491925,535.3229995228498,524.6562020358091,533.5572509765625,366499.0
2015-07-16,535.3084912000943,536.0900623204456,529.345490558903,531.8566284179688,279871.0
2015-07-17,532.8914172331398,538.9846600225088,531.7480289514107,535.0623779296875,312113.0
2015-07-20,531.8928167824414,546.9450454844731,525.0903656214394,545.5121459960938,562172.0
2015-07-21,544.2095556255589,547.5239622885036,526.9719387984957,531.2559814453125,368832.0
2015-07-22,531.169148368413,542.8273940741595,529.7218219246229,541.0616455078125,267499.0
2015-07-23,539.8892696667962,540.953023824039,532.6163994968477,535.5545043945312,156186.0
2015-07-24,531.8998964520654,536.799141674668,530.1124508260199,531.5887451171875,142738.0
2015-07-27,528.2743822365549,539.1293568628253,526.9573561022285,532.8696899414062,335463.0
2015-07-28,531.748070684745,540.9023911020372,526.4363985190637,532.0013427734375,359079.0
2015-07-29,531.8928032122476,535.1782414535334,526.8271323866056,529.2369384765625,233093.0
2015-07-30,533.1953891819993,540.214930356226,529.3889227132466,538.5215454101562,379720.0
2015-07-31,541.3005345075524,544.1951876292663,536.1046201316645,537.8630981445312,434994.0
2015-08-03,537.9714971555915,542.4582025500822,536.9584089129902,541.0470581054688,419687.0
2015-08-04,541.3004021554988,548.254792843852,537.6820580132803,544.8825073242188,840449.0
2015-08-05,544.9188128593357,548.385160198878,540.2367135196858,544.564208984375,491441.0
2015-08-06,544.9187695454247,549.2607488077609,538.405829276706,543.0589599609375,337336.0
2015-08-07,543.4713864863484,556.1933849716565,536.0900282345879,551.2435302734375,2197720.0
2015-08-10,553.5664959616978,555.230912606682,542.024067375204,546.1272583007812,466277.0
2015-08-11,546.3805620237307,549.6949113653258,535.8512784046954,538.4130249023438,405999.0
2015-08-12,536.6690404157871,543.9056731756092,524.0772822388235,529.859375,476717.0
2015-08-13,529.6784192914441,533.3111908668452,517.2748415752163,521.7977294921875,255652.0
2015-08-14,525.3797662548343,538.6952134026084,523.9324400213427,536.0538330078125,179769.0
2015-08-17,536.2346656012,538.8398639020219,530.1197260128519,533.8465576171875,113743.0
2015-08-18,534.0782111161544,542.4582306326689,531.9651296870053,537.0452270507812,208459.0
2015-08-19,536.9585176665016,544.1951499699989,533.4848998110791,540.7866821289062,597220.0
2015-08-20,531.3138868984258,539.8675447992839,525.5245243709893,534.49072265625,319157.0
2015-08-21,528.5639381192118,530.7348988789671,518.2661725892681,524.6923217773438,436964.0
2015-08-24,513.8012330698303,517.9116378964266,492.2360632473275,499.943115234375,933779.0
2015-08-25,501.6508772816347,505.83364515167386,486.68549694937633,500.5436706542969,560636.0
2015-08-26,500.44229260776217,506.1013545403967,490.35446182519814,493.81353759765625,430736.0
2015-08-27,494.9859490430643,509.64739169357034,487.6045904747964,507.16522216796875,531045.0
2015-08-28,511.9196865031675,514.5320988075057,498.1121783515942,499.3134460449219,383738.0
2015-08-31,499.327913482383,505.6310335006561,494.8412077089239,498.8285827636719,143969.0
2015-09-01,494.9858941964088,499.2989044330465,488.1834440148576,495.03656005859375,420244.0
2015-09-02,495.7096806418635,499.1832412177925,490.13746522873237,494.1755065917969,451222.0
2015-09-03,498.0573110360248,501.29240387906805,494.0061821054083,498.83697509765625,314718.0
2015-09-04,495.7547887682376,498.81499568581216,484.27172113068434,491.7765197753906,424424.0
2015-09-07,491.82031533210767,496.92069969099316,488.17723305451756,493.8167419433594,357912.0
2015-09-08,494.7346535011067,501.29228030177075,491.1352648671625,498.9752502441406,140898.0
2015-09-09,502.7641950318072,511.7845144506528,501.62755489339355,510.7207336425781,186878.0
2015-09-10,504.21417668102976,507.1213446617777,499.1356392577364,505.0374755859375,365229.0
2015-09-11,504.2069174509163,512.2217906180942,501.2924285977393,504.6440734863281,315178.0
2015-09-14,505.51845833836336,509.84649920095734,503.66775036772606,506.6915283203125,220313.0
2015-09-15,504.20688886283114,507.2160831580189,502.4436237830534,503.7259826660156,284330.0
2015-09-16,505.11771862343113,507.32540272359114,502.0575110809378,505.1687316894531,268231.0
2015-09-18,507.1213572619358,517.1763485971973,506.3927639400428,509.5841064453125,194830.0
2015-09-21,505.95554484745566,507.7042840848894,499.83513044206586,504.00286865234375,259722.0
2015-09-22,504.5274555804422,507.1213399448086,493.7219673791143,499.71856689453125,849062.0
2015-09-23,495.4634689128553,503.6240610553287,493.2775733725239,501.5401916503906,219969.0
2015-09-24,499.689372401383,505.37263037048496,497.9406909436297,500.2649841308594,595619.0
2015-09-28,500.563773736783,506.23244867233666,499.10652948914225,502.7787780761719,328865.0
2015-09-29,496.9205942677212,509.8900727911658,492.56344527021815,501.4234619140625,447917.0
2015-09-30,502.6039392284612,516.4550525625478,500.63667948639704,512.6370849609375,513619.0
2015-10-01,515.2964556376245,520.2364790279959,510.25434849863166,514.2836303710938,173573.0
2015-10-05,518.4952068392957,529.9273217893306,515.4423197112834,526.8161010742188,419343.0
2015-10-06,527.3769703563811,534.0438863455812,519.5078755872055,525.0672607421875,356246.0
2015-10-07,524.6083135387286,531.8945353121654,521.6938248293538,531.107666015625,215089.0
2015-10-08,531.1513123441853,535.0931519282334,529.7304977809448,532.499267578125,231207.0
2015-10-09,533.3808882462778,537.5413057261754,529.0310019292654,530.85986328125,237396.0
2015-10-12,532.5793561014641,537.4757448166878,526.8378222765507,527.8651733398438,156464.0
2015-10-13,527.9599757623987,532.4774271542743,527.5227621399188,531.195068359375,113400.0
2015-10-14,528.9799879040995,533.1987389519314,527.8142386632114,529.7960815429688,172452.0
2015-10-15,531.8944701720169,535.6833280869413,529.1402838667271,531.093017578125,407036.0
2015-10-16,532.1860577099555,533.9347394972806,526.714056168849,531.7561645507812,259255.0
2015-10-19,531.6394880976246,531.6394880976246,523.1510302755568,525.1256103515625,284654.0
2015-10-20,525.6575320455688,528.2514164406459,523.2967513947959,525.664794921875,299579.0
2015-10-21,526.2112674571354,531.6030887687219,523.2967787982041,530.0074462890625,162796.0
2015-10-23,531.9309995032198,538.1097482475582,530.2260678818299,531.5230102539062,145654.0
2015-10-26,532.0767469510381,541.3374914039324,527.5373912532299,537.7454223632812,213210.0
2015-10-27,536.9949836727138,542.0953683457644,534.9548643886254,537.206298828125,367231.0
2015-10-28,534.8527767534274,540.783780327051,534.8236099622807,538.7946166992188,213605.0
2015-10-29,538.0150750114252,539.0351058379783,530.8745710161197,535.1005859375,464054.0
2015-10-30,540.4921690687804,547.7784469513243,535.9820388008993,540.9366455078125,716790.0
2015-11-02,540.9366760705307,544.5506484311184,531.9673127968612,537.8983154296875,126944.0
2015-11-03,539.7782682603703,542.0952988695965,537.4320708603819,539.0277709960938,381839.0
2015-11-04,541.3592738255562,542.8747937963798,534.5174724054701,538.8163452148438,199127.0
2015-11-05,537.7234986802115,540.0551126435381,533.7452291893114,538.7217407226562,194338.0
2015-11-06,538.5978507704895,541.9349695441045,533.0894778087971,537.5850830078125,206671.0
2015-11-09,533.2060232410842,533.6432368658484,528.2514158427176,531.7415161132812,439122.0
2015-11-10,528.972850081788,530.4737871693894,523.4426298305658,527.69775390625,292722.0
2015-11-13,522.560877522272,528.9799918383969,518.1599781228196,527.9672241210938,461066.0
2015-11-16,528.2513536363005,538.3063435518051,525.161980047187,536.4993286132812,203612.0
2015-11-17,537.577815753644,538.1971777734612,521.9853408785689,526.7140502929688,288665.0
2015-11-18,527.0856490243232,528.3753284422403,521.9998483305606,526.3570556640625,222173.0
2015-11-19,526.8669734617453,536.2661719200343,526.356958203997,534.13134765625,162861.0
2015-11-20,534.0803434891519,538.889231782119,531.8361725623525,536.8199462890625,275775.0
2015-11-23,536.7034557890563,540.9294699752005,531.5302126440237,535.224365234375,261193.0
2015-11-24,533.3517162795279,541.9494627145536,531.9090554918006,538.5031127929688,440749.0
2015-11-26,538.503236738357,544.9952694192506,536.2809114701781,543.5380249023438,434489.0
2015-11-27,544.0406910250205,546.4670105419706,541.5269287810797,544.2228393554688,349772.0
2015-11-30,544.2809863421095,546.7583183330325,542.3865865123901,545.25732421875,187572.0
2015-12-01,546.7585011406619,550.0955626349794,542.4814734710237,544.1937255859375,178674.0
2015-12-02,544.2957617651343,548.769521261783,543.9970038834505,547.406982421875,387497.0
2015-12-03,545.4906255503568,551.5673475982171,542.867574256415,545.5999145507812,586229.0
2015-12-04,543.6909019175195,547.1955855469093,539.9093643634909,542.0296630859375,271368.0
2015-12-07,542.8383653622442,552.2958970925976,542.8383653622442,549.388671875,339500.0
2015-12-08,547.9679095344915,549.3450315162224,543.6762991830699,544.856689453125,84334.0
2015-12-09,543.7126123471071,545.789218009641,537.8691111078623,539.3263549804688,407205.0
2015-12-10,539.1808060832274,541.9495184350533,533.3517711160507,540.8566284179688,194513.0
2015-12-11,540.4921049353524,543.5523689509939,525.6282289364556,527.7193603515625,202167.0
2015-12-14,525.8761350343153,541.9859447916489,522.5973497193327,532.1131591796875,246644.0
2015-12-15,532.3680954097163,539.0349541460891,527.3770011310975,536.8272705078125,170495.0
2015-12-16,538.0513852672512,543.5524951427788,537.461190120603,542.7874145507812,245024.0
2015-12-17,543.3484146606737,546.4669551591495,539.9093277182213,544.521484375,267622.0
2015-12-18,542.3867671539077,548.638317494988,537.2645365701687,542.3284912109375,478979.0
2015-12-21,542.3866683670545,543.5524752235372,537.4174202439148,540.3173828125,111611.0
2015-12-22,540.3464755591864,545.446858785808,536.4119567955372,542.889404296875,330421.0
2015-12-23,543.8731444425923,546.6856649265862,542.21916820076,544.8203735351562,171837.0
2015-12-24,545.3593666440064,546.4668974341475,540.4192859056144,541.89111328125,105908.0
2015-12-28,542.0951732204145,543.5450967081247,536.5576344743964,538.481201171875,138746.0
2015-12-29,539.1808668072185,548.6529272066575,535.217122583131,545.3595581054688,400374.0
2015-12-30,546.1609309243787,546.1609309243787,539.3482958908521,542.9185180664062,173392.0
2015-12-31,542.82388042923,548.2011182765303,540.7910243275145,547.1737670898438,378087.0
2016-01-01,545.4761033364114,552.3105279130989,544.2811295587219,549.0535888671875,149348.0
2016-01-04,547.9315401174413,551.2759219417816,529.4318401610914,532.9510498046875,429103.0
2016-01-05,533.7161927754362,537.9713167860451,528.4700894639549,533.220703125,214175.0
2016-01-06,533.2060785209087,537.2863743765198,524.994531386567,532.2443237304688,334983.0
2016-01-07,529.1258183821229,531.8873258205755,515.8648991876651,518.3713989257812,543534.0
2016-01-08,520.2511636198756,524.1419904817114,512.1998611842085,521.0671997070312,173431.0
2016-01-11,518.3421539847573,530.8088814047429,514.5314495255391,527.8287963867188,334627.0
2016-01-12,528.1057125501795,531.9965392516184,510.3782991121454,517.2710571289062,589249.0
2016-01-13,520.236530783289,523.8723496249734,509.4529466453688,513.9703979492188,378449.0
2016-01-14,512.6588840535903,513.5113497469268,506.3927510769715,509.9192810058594,540915.0
2016-01-15,510.32729793124514,513.2417865869182,501.14667595843855,510.5750427246094,374107.0
2016-01-18,511.49310524992563,516.5133093686575,507.2233983884462,510.18157958984375,409719.0
2016-01-19,508.6077209235691,514.866590599421,507.9446664773319,513.34375,360945.0
2016-01-20,505.6203334189795,520.1709275002422,503.91534464054234,506.56024169921875,568115.0
2016-01-21,507.8864613626737,511.3473950853588,500.7896508133372,503.0775146484375,294277.0
2016-01-22,504.2215230831475,510.18163633458767,500.56385728009195,502.3562316894531,252827.0
2016-01-25,502.76413385603144,507.83535014131735,499.83506232068396,501.9845275878906,378994.0
2016-01-27,498.6766292719273,507.67510228545103,497.6857078090134,498.92431640625,607330.0
2016-01-28,501.2924053002579,502.4290455246329,483.95845454242954,487.470458984375,953461.0
2016-01-29,488.35210504604424,501.87529387400605,488.35210504604424,494.5381164550781,588646.0
2016-02-01,511.7845748498905,520.2293411408083,498.37793770842586,501.05926513671875,1164947.0
2016-02-02,503.6240388089577,506.975683671405,497.40159766251276,501.1758728027344,520248.0
2016-02-03,498.66924966943253,504.6439445274581,496.1919174847354,497.2120056152344,458500.0
2016-02-04,499.29588653105134,503.79875405167815,496.04621088382055,500.29412841796875,196308.0
2016-02-05,502.60393162730327,507.12138338134287,499.31056283059206,504.66595458984375,469336.0
2016-02-08,506.9755987705901,512.5349844190318,498.0936779664481,499.7549743652344,317997.0
2016-02-09,498.35601950759946,504.57845977907283,494.006133146817,495.1865234375,228284.0
2016-02-10,495.171972582308,501.87526180510457,491.8202703290322,499.1648254394531,229664.0
2016-02-11,498.9607512657295,501.24867256847364,488.5778932464969,494.3194274902344,350641.0
2016-02-12,494.3193968882828,495.74753189502326,484.5413180269486,493.1172180175781,234091.0
2016-02-15,495.4561416802581,511.485828873671,493.2775093003457,506.0138854980469,392020.0
2016-02-16,506.53852916491104,510.74996034981814,498.29049462329516,501.4527282714844,165997.0
2016-02-17,502.6038357152377,509.99934511145585,495.44148767791546,503.5947570800781,440224.0
2016-02-18,506.6841911544693,509.307242344677,497.64928829208793,502.5310363769531,236573.0
2016-02-19,502.6039264166024,502.6039264166024,496.92066770453266,499.4854431152344,208032.0
2016-02-22,499.83509428478527,509.13232473569406,499.83509428478527,507.5439453125,218239.0
2016-02-23,508.36001687374556,509.30724582164146,492.5489079357002,496.60003662109375,408669.0
2016-02-24,494.58902440710733,500.5637777480001,489.6490003767252,490.77105712890625,306772.0
2016-02-25,492.54893281835126,497.08096790395354,477.99104399137735,481.1022644042969,716900.0
2016-02-26,483.6597496644385,484.0969056753237,471.1274252421515,480.9783935546875,540740.0
2016-02-29,482.3481585958156,489.780097982678,474.1220006858297,484.9201965332031,409466.0
2016-03-01,488.177168485749,502.1667363105325,482.49391015954797,499.0846252441406,621251.0
2016-03-02,501.7295343987295,508.28716248275276,500.35973284474784,502.96820068359375,177747.0
2016-03-03,504.0611805164174,514.2618911330887,501.29241044198994,509.5914001464844,323778.0
2016-03-04,509.89007464766917,514.5387186016451,502.7495726192407,512.265380859375,658962.0
2016-03-08,513.4603395733525,517.0305616629619,510.1888176495274,514.3128051757812,377983.0
2016-03-09,514.4075435544681,532.1859687387297,512.95029936834,529.2568969726562,548057.0
2016-03-10,530.2915234995171,534.0512147415575,521.9852717912877,524.8268432617188,283986.0
2016-03-11,523.3915347175932,529.1257487069664,519.5079708522934,522.0508422851562,267091.0
2016-03-14,523.4425878792092,528.6595240581427,520.7831067241076,522.7576293945312,309203.0
2016-03-15,522.7139243793221,528.6886205974743,516.5935094867643,517.4022827148438,730801.0
2016-03-16,518.633685153729,524.265931573135,515.8503313567782,521.8833618164062,217046.0
2016-03-17,524.6082388369048,533.3444408442213,523.5882082831869,529.7232055664062,537526.0
2016-03-18,530.4737085373681,539.909395780944,530.4737085373681,532.9073486328125,479860.0
2016-03-21,533.6431773560913,546.4523534748099,530.4517776396438,544.1717529296875,956221.0
2016-03-22,544.9879250284611,550.328733730644,544.2374853490728,546.3504638671875,401262.0
2016-03-23,552.4417414483642,557.687786624222,549.672971365878,550.9844970703125,527455.0
2016-03-28,550.6856782227719,554.7732364339757,544.047928221909,551.785888671875,659734.0
2016-03-29,549.4251810705886,553.7386379065109,546.1245496310742,548.9442749023438,817080.0
2016-03-30,552.1502291675097,562.3363550357502,550.4233939492432,559.3854370117188,869490.0
2016-03-31,559.873667072053,563.0504839410223,555.5165174499059,560.1869506835938,1310796.0
2016-04-01,555.3561406100351,566.431219153261,555.3561406100351,561.4473876953125,278108.0
2016-04-04,566.4312200609423,566.8683760119687,561.3308367314822,565.1488037109375,366713.0
2016-04-05,563.7936094515012,566.3948142819121,557.0975835616902,558.904541015625,413653.0
2016-04-06,560.2452685656681,571.2401684384956,558.132232630057,570.1618041992188,762998.0
2016-04-07,573.418774222892,573.418774222892,568.325710600562,569.7683715820312,480327.0
2016-04-08,568.5441717911191,581.7322278128987,564.6824548103586,580.3551635742188,759200.0
2016-04-11,581.8488018070846,587.0511530481674,570.4240112401633,583.9107666015625,644037.0
2016-04-12,583.0437979321373,590.3154354855902,580.0856170135376,589.01123046875,572691.0
2016-04-13,589.4557928688528,600.2685451778598,587.6852072000851,593.6162109375,432324.0
2016-04-18,593.6817095225268,598.9277539192385,584.7997887766774,596.1079711914062,621439.0
2016-04-20,596.7419381102668,603.153789596871,591.4594062173693,596.457763671875,437943.0
2016-04-21,597.7765564517142,600.7056282959094,581.1494119493201,583.2623901367188,317673.0
2016-04-22,580.420747892611,589.7033951252024,578.1838973678472,584.79248046875,395909.0
2016-04-25,585.2296461179375,590.9129037653804,581.4407884723528,588.53759765625,294038.0
2016-04-26,587.2699306802361,598.9278865549169,585.812686195901,595.6199340820312,414113.0
2016-04-27,595.576080140246,604.3195446768929,593.0987478956353,602.0462646484375,513444.0
2016-04-28,600.3850566332895,602.5709519098356,595.2847303911444,600.0499267578125,480256.0
2016-04-29,600.6691653220696,602.1336723420178,590.8400734559865,595.5396728515625,177105.0
2016-05-02,593.8274307631214,597.4705123621183,590.1842915222522,593.2080688476562,104858.0
2016-05-03,596.1589585535522,608.9681347585426,592.3701584817584,603.656494140625,675922.0
2016-05-04,603.0080813113391,605.9079863959145,597.2009506240754,603.9115600585938,343713.0
2016-05-05,606.7969440205713,606.7969440205713,596.873088193777,599.69287109375,191253.0
2016-05-06,598.1846279366222,601.8350303466772,594.7528035230448,599.2265625,214966.0
2016-05-09,602.5707717716646,607.3505501044149,595.2991358218188,602.4468994140625,736660.0
2016-05-10,602.4470802687549,623.7010239151164,597.4705687731414,614.345458984375,497754.0
2016-05-11,614.6734355287072,626.6082449186966,610.3672410631477,621.4423217773438,1002248.0
2016-05-12,622.2437670373848,624.4296046306235,614.986654804354,620.626220703125,276507.0
2016-05-13,619.2855317039943,621.2090987703901,606.651239323932,619.5842895507812,377387.0
2016-05-16,620.7428190214332,622.972406965644,615.2635547708425,621.8867797851562,178304.0
2016-05-17,622.2729330017812,628.072801488253,620.2036470935943,624.0580444335938,272710.0
2016-05-18,622.9723408767604,622.9723408767604,619.2855089385224,621.6098022460938,145842.0
2016-05-19,621.6607323911009,623.4167342232547,614.2506398382287,619.6570434570312,343674.0
2016-05-20,618.6006419366079,619.3292352707015,612.0430137203772,613.0266723632812,146899.0
2016-05-23,615.656891252291,620.6406648686268,610.7751437436907,613.6677856445312,176205.0
2016-05-24,613.6460372276118,629.3697039836426,611.0084025336466,625.209228515625,183696.0
2016-05-25,628.9470921027879,634.6230879921235,625.7411660403011,632.947265625,445856.0
2016-05-26,632.9471513697029,635.3588871789939,625.8867717312559,631.1328735351562,398812.0
2016-05-27,631.715849711286,639.0020713652328,631.0017821202168,635.5411376953125,330855.0
2016-05-30,637.1439635640021,641.8217162826355,632.590083215641,634.1566162109375,244097.0
2016-05-31,630.9871727641562,638.273393452715,628.9105667238412,634.9144287109375,580552.0
2016-06-01,634.93630302656,639.7306658487637,631.285900824368,634.7760009765625,302255.0
2016-06-02,634.6302191597343,635.016419673252,630.2584869885812,632.6483764648438,423406.0
2016-06-03,632.59025283548,636.7652543173597,628.094647208326,629.3478393554688,124048.0
2016-06-06,626.7977042625114,633.0274082486511,626.7977042625114,629.3333129882812,126050.0
2016-06-07,630.4334356172799,638.6085519637411,628.82315224008,630.542724609375,762415.0
2016-06-08,632.4444363712756,635.2132060823499,627.9124017757078,631.293212890625,237564.0
2016-06-09,631.8614365305742,634.9216432224752,624.429497758548,627.3075561523438,162725.0
2016-06-10,626.4406010922125,633.238653277402,619.6061192419417,628.24755859375,230455.0
2016-06-13,627.3440435283021,631.5263648199226,623.8102509362147,628.3495483398438,722376.0
2016-06-14,628.5099010388567,628.5099010388567,620.0870394862812,622.491455078125,335864.0
2016-06-15,624.7574852928414,630.2585955249716,624.1163346881222,628.8887939453125,188713.0
2016-06-16,629.3842002567903,629.3842002567903,622.2510181922914,625.0780639648438,172543.0
2016-06-17,626.9069462548929,633.9017304097481,626.9069462548929,630.4625854492188,537727.0
2016-06-20,626.6154445242853,632.4444211139534,619.3364866629795,629.6537475585938,168460.0
2016-06-21,630.8123647952724,632.0072809253528,625.7484105328593,627.8541259765625,154540.0
2016-06-22,628.8013296463267,630.2221442389355,622.0761367318535,623.2492065429688,1113775.0
2016-06-23,623.7009780934145,628.0727106889176,622.287426434863,626.5717163085938,367944.0
2016-06-24,619.3291459808947,629.6756309683735,617.8646390053807,625.3330078125,1172879.0
2016-06-27,624.837735375946,640.8965913590467,623.7010950634847,636.5977172851562,659546.0
2016-06-28,637.6177379871882,651.8987451134178,637.6177379871882,649.7857666015625,735941.0
2016-06-29,650.3031043730573,655.9134465213168,648.4742426981543,651.9205932617188,749972.0
2016-06-30,655.4033003228469,684.5846132277225,652.1171948508803,679.8995971679688,1755467.0
2016-07-01,678.4934075805654,681.2621774221558,674.325669423711,676.6354370117188,927421.0
2016-07-04,677.3276653734713,680.5335915042218,665.8591214699438,667.40380859375,590253.0
2016-07-05,668.2926921574589,671.9795241168412,659.3961875461642,661.2760620117188,548530.0
2016-07-07,662.3033448175963,665.9610096109247,658.6747891680805,663.1047973632812,365242.0
2016-07-08,661.8807607254465,667.1705554060569,659.2212799912851,661.7131958007812,992566.0
2016-07-11,663.4983590888926,671.4622185231651,663.0466196950955,665.108642578125,662527.0
2016-07-12,665.9756048047536,686.4498817298538,663.9281655838696,676.09619140625,890118.0
2016-07-13,676.7446551707806,678.0488601064195,671.0613974215424,674.4859008789062,461092.0
2016-07-14,674.3695206453086,695.8347241890417,672.6717942356306,693.7581176757812,1105687.0
2016-07-15,700.7891809990972,706.1154052150187,691.4628414643723,702.6253051757812,913591.0
2016-07-18,703.6892537687578,706.5745757434814,695.397526888024,699.1280517578125,370433.0
2016-07-19,703.1209249937505,703.1209249937505,691.5576752066837,693.6561279296875,424268.0
2016-07-20,697.2919401467846,708.4835726043269,695.57236753338,705.5399169921875,1099135.0
2016-07-21,705.8896178685402,719.1505349192793,702.6326789528891,714.2250366210938,1079343.0
2016-07-22,714.487390148213,721.3218723359205,706.9097312277773,712.7387084960938,824591.0
2016-07-25,713.3214892935133,715.9008477096844,705.4086438939801,708.3668823242188,655249.0
2016-07-26,708.3669729769709,714.4873875581404,706.3267963553292,707.7039184570312,405682.0
2016-07-27,707.7038873335982,716.8189699894695,707.2011348978352,709.6929931640625,529665.0
2016-07-28,709.6929999620419,716.7461175247172,702.5088047738361,704.9642333984375,1157527.0
2016-07-29,708.22113013603,716.5273809076024,704.8621655819197,713.2485961914062,653499.0
2016-08-01,715.7989437518042,731.3914758460476,715.7989437518042,726.8885498046875,477579.0
2016-08-02,728.6226424323787,735.3332519030365,724.3310318969947,727.3985595703125,822083.0
2016-08-03,727.8940044822527,730.0798997131797,718.1960470135717,724.0177612304688,379214.0
2016-08-04,725.2710081892072,731.0781394512089,724.0542457314218,727.9669189453125,673427.0
2016-08-05,730.0799382475765,781.2365296955115,728.4769752264995,767.3052368164062,1245334.0
2016-08-08,769.425500103775,778.7518980989238,767.3999645593678,770.314453125,526463.0
2016-08-09,770.2999344045395,773.7681887700489,751.2100384610504,755.7785034179688,407107.0
2016-08-10,757.7675517210961,757.7675517210961,700.2938160097908,705.8167724609375,1733199.0
2016-08-11,705.160951154938,706.2976489228654,658.0045370039736,661.5310668945312,3967801.0
2016-08-12,647.3156664873379,672.7081829689134,605.5655947993822,664.7297973632812,13958165.0
2016-08-16,665.232399259499,668.1104577013664,642.790806288232,653.51611328125,3278955.0
2016-08-17,652.8459534606667,668.7299232122415,651.4178182082379,658.69677734375,2076951.0
2016-08-18,659.1120798501045,677.6118379740703,659.1120798501045,674.2674560546875,1702111.0
2016-08-19,677.76476591243,684.176675290897,671.0833231210363,675.0907592773438,1620110.0
2016-08-22,675.0908289363159,677.6191171693488,654.3032064240828,656.0883178710938,1723018.0
2016-08-23,654.3468624886918,666.6897756582586,652.0225690060273,659.6366577148438,1658113.0
2016-08-24,660.2778475718269,670.719039581879,655.1046043689928,666.420166015625,1011366.0
2016-08-25,666.6897146044134,673.9759356388232,658.0409549614726,659.8916625976562,1746251.0
2016-08-26,663.0465626061936,666.1650455511402,656.9261485825261,660.6348266601562,526736.0
2016-08-29,662.1722356958488,665.815375199102,657.7276435455183,659.2359008789062,449226.0
2016-08-30,660.8680787100354,689.9765366216348,660.8680787100354,682.4571533203125,1861926.0
2016-08-31,686.3625998768732,692.825523134952,678.7266642902424,680.4971923828125,1267660.0
2016-09-01,677.7648291717549,688.4027536938229,667.5641183211717,670.8793334960938,1081643.0
2016-09-02,674.4130719277784,676.1617533966325,661.1594186721804,672.2417602539062,1341988.0
2016-09-06,677.611730007031,692.1769086741825,674.9230825511154,685.1748046875,1047250.0
2016-09-07,687.3960093953247,691.3623528938689,679.7932275209929,681.1862182617188,828421.0
2016-09-08,682.8577958489523,706.7439015560592,682.2712398425224,700.2994995117188,1683057.0
2016-09-09,700.2994576045079,700.7393310828587,687.872509839346,690.137939453125,749972.0
2016-09-12,683.2977025302076,688.5764168433845,671.1274043084067,679.5879516601562,694425.0
2016-09-14,679.5878750838068,694.7201258762555,678.9060827953238,691.7288818359375,820275.0
2016-09-15,692.8287003905986,700.5927813126284,688.7596962812852,693.2759399414062,758954.0
2016-09-16,696.4943899449286,714.6032697195842,696.4943899449286,711.648681640625,1202004.0
2016-09-19,711.6487326123472,719.1855108623083,708.9580452409106,712.3892211914062,555789.0
2016-09-20,712.7704497710323,722.8585988116926,706.3919936157971,715.1091918945312,741035.0
2016-09-21,719.2221372221966,720.6884402685178,712.3231874792768,713.8921508789062,666312.0
2016-09-22,719.9552630162536,724.3394977714372,715.6149924090317,722.499267578125,697568.0
2016-09-23,722.8878511261953,729.6328096607089,716.1061784690221,718.4082641601562,674523.0
2016-09-26,717.462538112189,724.1268766106118,708.3714714212716,710.5342407226562,722752.0
2016-09-27,718.3277819322587,718.3277819322587,705.4756325241799,708.0636596679688,451008.0
2016-09-28,708.0781273307343,718.232279078532,705.5927610705035,715.7322387695312,588737.0
2016-09-29,723.0345180786281,723.0345180786281,684.0014873792118,690.2772827148438,1997101.0
2016-09-30,690.6218752652358,713.005021794155,690.277296087105,709.185302734375,866800.0
2016-10-03,713.3569307425663,723.0712102522164,711.9859220132374,718.518310546875,526904.0
2016-10-04,720.9596915750566,723.5990486012656,715.5563930965784,721.0256958007812,480858.0
2016-10-05,724.2075709461965,731.8983390803703,718.7822325102306,723.4083862304688,752227.0
2016-10-06,728.7531648979448,747.0819247030784,724.5008800951101,739.8970336914062,1656533.0
2016-10-07,744.1492362436459,757.6392697134106,736.0845990608256,751.4441528320312,796485.0
2016-10-10,755.2199336373433,760.0587164857387,741.2167128788419,743.9293823242188,559497.0
2016-10-13,747.8150703181144,750.0512099979784,724.1342849881274,728.6065063476562,906495.0
2016-10-14,732.4187677117327,733.5551654722871,720.834969378761,729.5961303710938,926208.0
2016-10-17,730.952575075717,732.9321219248945,709.0679973556827,711.5607299804688,589639.0
2016-10-18,717.0226758533863,720.9816532806501,712.6970791826969,717.7557983398438,538125.0
2016-10-19,721.7882455523384,725.6739692670042,718.0858024845619,720.4685668945312,735157.0
2016-10-20,725.5273433415396,729.4863213070735,719.1122307118421,721.4949951171875,516430.0
2016-10-21,723.6210472113556,724.6841328712424,709.837821759823,712.40380859375,383026.0
2016-10-24,715.5564114035907,716.4361584347025,707.4917156172,712.6604614257812,513870.0
2016-10-25,714.4566493479942,716.2895136110187,705.8054557862649,713.3202514648438,752371.0
2016-10-26,712.4771227940998,723.6210491897814,707.5650278697927,712.6604614257812,325716.0
2016-10-27,711.0840470591476,716.8026340791166,699.0603750685227,702.7628173828125,1155961.0
2016-10-28,702.8728871301885,718.342410812985,698.1440727201175,707.711669921875,1470425.0
2016-11-01,716.216218841915,717.6458657620125,703.8625823271543,705.6221923828125,632709.0
2016-11-02,702.3596016837258,705.292207686574,684.2507799162074,686.1203002929688,748747.0
2016-11-03,684.8372485069234,690.6291480138301,657.2340855404753,666.9483642578125,1053749.0
2016-11-04,666.9483689243662,678.8620731326467,648.8761459313284,660.0933837890625,850844.0
2016-11-07,667.1684243412378,681.0983338319477,665.7754333921669,673.4735107421875,1203799.0
2016-11-08,674.4999095020387,679.5220311148489,662.4029230773539,667.6815795898438,863163.0
2016-11-09,630.5475377463418,665.7754730013003,600.9281647513661,656.7943725585938,1700352.0
2016-11-10,668.6345783012488,679.8884717724743,659.9100732519338,674.7197265625,736738.0
2016-11-11,667.1316153429192,677.2857670922364,653.2383651659742,659.1035766601562,2923496.0
2016-11-15,656.904272019277,659.8735344336374,595.0262329888803,600.6715087890625,1943296.0
2016-11-16,611.4487059518111,613.2449719269949,585.2385347650617,598.8018798828125,946900.0
2016-11-17,601.6246420102613,608.5162263636172,597.8855427971001,601.0380859375,689019.0
2016-11-18,602.5043141587032,604.703797657551,587.4014106673529,600.1582641601562,885441.0
2016-11-21,604.0439789785848,604.0439789785848,573.251613469129,577.3206176757812,1414258.0
2016-11-22,580.2164962546844,592.8999789745238,577.0638956362609,590.5172729492188,1091699.0
2016-11-23,595.8327707994072,599.5718121959569,588.7211913194463,595.5028076171875,933245.0
2016-11-24,594.5863378970652,601.0747044191444,588.7211255380461,594.0364379882812,2164397.0
2016-11-25,594.5863278529442,605.5835718402319,588.7577717196235,603.4574584960938,1418871.0
2016-11-28,603.3841952205087,622.4461366126025,601.0747430556102,615.8843994140625,942739.0
2016-11-29,617.3139802487481,625.085426890481,615.957645599021,622.7393188476562,802374.0
2016-11-30,625.4153697411251,641.8012969028978,617.3140174798219,638.062255859375,1572461.0
2016-12-01,641.5080862861295,647.336642967806,632.1237689874201,640.005126953125,1399065.0
2016-12-02,634.9096734841745,644.4406141414349,633.1134073293641,639.8950805664062,1604679.0
2016-12-05,643.4876014057038,645.100529048943,624.8288781233954,639.27197265625,612974.0
2016-12-06,642.4978153068305,648.1064348197148,635.2762681824282,640.8848876953125,606645.0
2016-12-07,643.9641228140258,645.9069555866054,637.8423174738392,642.6077880859375,1017384.0
2016-12-08,647.3733252529984,659.1037513504197,644.58734325484,655.657958984375,1429123.0
2016-12-09,658.3704868904035,658.3704868904035,642.5344034703211,643.9640502929688,2111817.0
2016-12-12,642.6077838323764,645.7969829285921,624.3156221882559,631.7937622070312,556573.0
2016-12-13,630.5107561446976,632.8201500274334,617.3139710996437,623.5824584960938,552178.0
2016-12-14,623.1792430123544,631.9771198880064,620.0266999486826,623.839111328125,374088.0
2016-12-15,620.0999108284234,626.8449273969674,607.3064020218768,609.5425415039062,721999.0
2016-12-16,612.4752221545691,612.7684711716,597.115666885362,599.351806640625,968447.0
2016-12-19,599.7183563362942,608.4428624257727,597.8854920150272,604.2272338867188,432188.0
2016-12-20,604.1172166918265,611.045514026619,601.1846108146883,607.6730346679688,508097.0
2016-12-21,607.8564464352023,612.1820439372735,602.3944508605092,607.599853515625,424268.0
2016-12-22,606.9033111681143,608.5162389010807,594.8063241707634,600.1950073242188,434629.0
2016-12-23,599.3517733532544,609.9824556316164,596.0159499693935,607.453125,272789.0
2016-12-26,607.343217462385,607.343217462385,595.2828859453717,597.4090576171875,382658.0
2016-12-27,596.6757858436079,600.9647266642615,586.5582888820811,594.8795776367188,800041.0
2016-12-28,595.832660920184,608.8461071460073,590.8105398526499,594.6596069335938,456126.0
2016-12-29,600.2315627143533,621.78623371033,595.3194100791015,618.4136962890625,1755798.0
2016-12-30,615.8477425896697,637.1091677338899,615.5178374236864,632.5269775390625,1077749.0
2017-01-02,636.3759923043694,642.2412045467912,630.4741239354374,640.2616577148438,418300.0
2017-01-03,640.7747857615072,645.9068165466755,634.1763941803598,637.1823120117188,281115.0
2017-01-04,637.6223079050114,642.2411534786185,631.9770328705376,635.6427612304688,223658.0
2017-01-05,636.375989081916,645.6136809168929,630.2907821110472,634.7630615234375,504004.0
2017-01-06,634.1764320485225,634.1764320485225,623.9123118651017,627.0281982421875,612062.0
2017-01-09,628.5311967307283,634.5430331300789,623.8023826849266,629.4843139648438,300830.0
2017-01-10,631.2439004641476,633.4433840477411,620.4299371787126,621.896240234375,373768.0
2017-01-11,625.5253383493235,631.4272069399186,622.2994830948745,628.9711303710938,447515.0
2017-01-12,629.1178084900494,633.1500985298542,623.655813472235,627.2482299804688,425330.0
2017-01-13,629.0443607074457,629.081016827179,618.2669975043189,620.2831420898438,300108.0
2017-01-16,619.440135558602,632.7834869574928,613.3916429794502,626.6616821289062,447541.0
2017-01-17,627.3947123002924,632.6367693642785,617.3871857237117,619.84326171875,358153.0
2017-01-18,622.4460203331881,636.8524565748223,619.256821653784,634.249755859375,1677493.0
2017-01-19,636.9258573264043,636.9258573264043,629.0811559674236,634.0299072265625,1948333.0
2017-01-20,630.5107525019765,648.986135457916,629.7042597538057,632.9301147460938,1047342.0
2017-01-23,633.9932227762762,650.3058369390014,630.1441555243164,647.886474609375,1923500.0
2017-01-24,650.8190979342314,672.227146206737,648.6929265577498,668.1581420898438,1723320.0
2017-01-25,666.4352528045353,690.9224740057297,663.5025886005806,680.4384155273438,4236177.0
2017-01-27,680.8048862264991,688.9428934592997,678.165587394423,682.7111206054688,897493.0
2017-01-30,686.7435714645563,737.2210899787265,685.4972051061543,710.8275756835938,5959967.0
2017-01-31,701.0399666679141,709.3611968785751,664.7855517580819,667.571533203125,4739617.0
2017-02-01,674.4998987418767,692.8287167294849,674.4998987418767,688.9429931640625,2141926.0
2017-02-02,692.8286121792485,700.4900317698462,683.8108580582358,698.1439819335938,1227311.0
2017-02-03,695.3947182452147,704.5590976664021,689.1628868786242,692.3154296875,853491.0
2017-02-06,705.1456138353306,706.0254188745046,690.4825831837667,692.9386596679688,836269.0
2017-02-07,696.1279474357073,703.0929023832293,690.9959150534646,696.7511596679688,765374.0
2017-02-08,696.8976657938945,717.9024374615442,694.8081506645316,715.6296997070312,1014482.0
2017-02-09,721.0550168584425,721.0550168584425,700.2335247580936,714.566650390625,963016.0
2017-02-10,741.216726805853,751.0776313263,732.4922202636379,741.2900390625,8426063.0
2017-02-13,743.4161942193666,747.815103522429,731.0625572431502,733.3720092773438,2536650.0
2017-02-14,736.4144876908709,744.1492195885932,731.0991178937485,741.2166137695312,1971538.0
2017-02-15,742.6830029822733,758.0792143215562,732.8588129469355,737.9908447265625,2716241.0
2017-02-16,741.2166871199488,756.5395859409998,737.1843972198511,752.9838256835938,1763308.0
2017-02-17,758.7390544276001,765.960601178019,751.6274760540759,762.91796875,1933919.0
2017-02-20,765.4107060575458,776.0047904326096,758.8123714019922,773.7319946289062,2258138.0
2017-02-21,781.1734593602853,787.4052326071122,774.2451617387035,783.226318359375,2181786.0
2017-02-22,784.4726401315114,789.8979787223747,753.7535888673563,767.9767456054688,4070205.0
2017-02-23,768.3432965084663,773.4020737750792,747.1185300641176,751.407470703125,5867730.0
2017-02-27,751.3340994133258,759.3987943060145,743.1228380318936,746.6052856445312,2527780.0
2017-02-28,749.9412609296464,761.4517496481913,718.7823327044212,725.9672241210938,32868975.0
2017-03-01,723.9877040242318,743.4162654751183,715.4098213610478,737.3311157226562,2428889.0
2017-03-02,742.6096732160798,742.6096732160798,725.820529446983,729.5595703125,1172165.0
2017-03-03,731.6858209589833,754.156898715165,726.1871694427209,748.5482788085938,2025188.0
2017-03-06,751.4809199299812,754.1935314737431,730.9159615764343,736.1580200195312,1038638.0
2017-03-07,743.1961692657126,743.1961692657126,730.1460674151475,737.6242065429688,1022014.0
2017-03-08,740.4836379644119,741.9499411643378,729.6696156148301,734.7283935546875,1010544.0
2017-03-09,733.8851123819732,743.3427982181505,731.7223431017243,740.116943359375,1059449.0
2017-03-10,741.253323464115,744.6991732506774,729.486243214704,732.4555053710938,834083.0
2017-03-14,744.8824446488265,760.2786551209608,734.874916541969,758.005859375,3842252.0
2017-03-15,758.1159017972307,781.5400959176005,753.7169923755658,768.7466430664062,1468350.0
2017-03-16,773.5121192497126,777.1411919981836,765.5940474345331,770.2129516601562,1221856.0
2017-03-17,770.5427826486132,773.3654202924814,755.293196546637,763.5045166015625,1122134.0
2017-03-20,766.510489619149,784.472688272014,757.8959515712968,778.9374389648438,3200096.0
2017-03-21,784.4725993151553,804.5243109825286,774.318447048514,800.6019897460938,1588944.0
2017-03-22,798.4025861485611,801.5551291024616,786.7088175171152,791.8775634765625,1482167.0
2017-03-23,796.2032719933997,803.3881639642445,790.448027190224,800.5288696289062,1737726.0
2017-03-24,802.8014741685788,805.0742700054877,774.2451917026362,775.894775390625,4762424.0
2017-03-27,777.0311783771828,783.8495079321814,769.809631429206,778.9007568359375,1160085.0
2017-03-28,782.2732466996692,783.7395497843886,770.176202750584,781.3201293945312,820971.0
2017-03-29,784.4727197989528,784.4727197989528,771.5692402725294,775.6382446289062,981298.0
2017-03-30,776.4080843472633,788.4317588160261,771.2759942202324,783.1897583007812,2821373.0
2017-03-31,784.6194366396946,785.9390573533447,767.2070204430086,769.0765991210938,2084143.0
2017-04-03,772.1190320529602,777.1044389442527,766.2171640565624,770.24951171875,636615.0
2017-04-05,771.275799419984,790.3377359341238,771.275799419984,781.0267333984375,1862780.0
2017-04-06,781.5400094592591,787.5152477461941,775.674797545882,783.8128051757812,1173525.0
2017-04-07,782.4198420503102,787.4052491524883,769.8096127915788,775.0150146484375,1922756.0
2017-04-10,778.607414052811,801.4817640250108,777.4344180543989,799.6122436523438,1161536.0
2017-04-11,800.601977344606,805.000886121214,791.9507842839241,797.9259643554688,2100434.0
2017-04-12,801.3351157988484,801.7016770374988,772.6322108085985,786.195556640625,1318158.0
2017-04-13,786.1955279923611,788.0283921190214,768.3432423180578,770.2861328125,1230486.0
2017-04-17,779.2672771235708,788.9449000475431,775.3082416546462,786.0489501953125,1093738.0
2017-04-18,786.7453302930589,800.601923914732,777.1043645509873,780.6968383789062,2261188.0
2017-04-19,782.2732486216419,798.2559580843706,777.8743393566762,793.4171752929688,456089.0
2017-04-20,795.4698948360115,843.7113252945558,793.3804377995255,841.2552490234375,2487243.0
2017-04-21,843.124814204997,843.344750957368,823.329694488827,828.2785034179688,1038032.0
2017-04-24,826.4457130125236,872.7442595309578,826.4457130125236,865.1927490234375,1488073.0
2017-04-25,865.11935984314,878.9759552508744,857.8245008851525,864.8261108398438,847232.0
2017-04-26,865.4860631896759,875.3836240139801,851.9960277253451,854.5620727539062,1381556.0
2017-04-27,859.2541374238464,861.2703402976135,835.7199771896908,844.7377319335938,2002092.0
2017-04-28,846.790614381827,870.984585535434,843.1248277826809,846.8272705078125,922461.0
2017-05-02,852.5091873308734,860.6471371602701,839.6423653301235,845.4342651367188,810301.0
2017-05-03,850.309623517037,856.614708483206,839.7522544108356,849.3565063476562,921778.0
2017-05-04,851.6660291145374,886.1608346986234,851.6660291145374,882.311767578125,2184596.0
2017-05-05,892.9792286902328,892.9792286902328,866.7690534458756,873.9906005859375,2238547.0
2017-05-08,876.6298845167487,881.98191105538,865.9992016936299,868.5652465820312,740620.0
2017-05-09,868.1253679873806,876.0800960263809,847.963684921037,856.0283813476562,1248297.0
2017-05-10,863.6530939999105,865.8159214927103,846.2040815503574,855.1851806640625,1444343.0
2017-05-11,856.3948194108713,861.1970036467197,846.7905669395667,848.476806640625,967000.0
2017-05-12,853.0223881152406,853.0590442412396,839.8623168797977,842.538330078125,697549.0
2017-05-15,843.8579297627174,863.6529899550951,843.8579297627174,859.8406372070312,1817673.0
2017-05-16,859.9873240458327,865.669255457485,848.9900224748416,855.295166015625,1481230.0
2017-05-17,856.9814248612848,862.0034881304151,844.7744128856131,858.4110717773438,1116002.0
2017-05-18,852.6557931183253,859.2174714133224,820.543694009173,828.6817016601562,1154901.0
2017-05-19,829.928056700672,852.6557816174309,806.4672093028286,821.4601440429688,1837490.0
2017-05-22,826.9953808632034,831.3942893784231,808.5565980201599,811.9290771484375,976835.0
2017-05-23,817.2445608933326,817.2445608933326,795.5066081261583,804.1944580078125,1626708.0
2017-05-24,810.1330527306916,818.1977491688175,796.9729803250023,804.8910522460938,1883143.0
2017-05-25,806.46727880351,816.3648391524878,794.3335786941234,804.4877319335938,7612469.0
2017-05-26,812.845639925977,820.6170865425091,800.7486544948487,813.3588256835938,1903284.0
2017-05-29,816.7314063659638,818.7108952500787,799.8688917228012,810.7562255859375,944985.0
2017-05-30,812.3324796519136,833.4472206304591,803.6446296242348,830.294677734375,1309674.0
2017-05-31,832.1275259854418,854.4886908397748,832.1275259854418,846.8272705078125,9601080.0
2017-06-01,835.7933292747147,847.3404731923232,833.5939036714657,837.8461303710938,1000705.0
2017-06-02,843.1247412498137,852.5091145403409,839.8988864937735,851.0794677734375,873719.0
2017-06-05,850.3829944724458,857.4212603625762,840.7786838723373,847.1204833984375,525135.0
2017-06-06,853.3888991626834,857.0546855474923,827.7652245934505,832.6040649414062,808659.0
2017-06-07,839.0192275196644,839.0192275196644,828.2052635811829,835.2435302734375,1575591.0
2017-06-08,835.0601711884143,838.1394017019877,824.429430891337,826.0423583984375,956402.0
2017-06-09,828.0950892625059,828.4616504573505,811.1959221779043,816.5112915039062,1840871.0
2017-06-12,817.6477532570917,828.461774120712,800.3087101505013,820.8003540039062,986395.0
2017-06-13,826.1889216034951,830.8078250313733,818.3075652785011,822.523193359375,2065059.0
2017-06-14,822.6699734727392,826.5556971867354,809.4732448971464,818.7109375,2283301.0
2017-06-15,818.3442983133128,825.2359399802124,811.5992811499432,815.081787109375,802407.0
2017-06-16,815.2651091034951,824.7960503177098,814.6052408039313,819.7739868164062,658389.0
2017-06-19,826.9588598765123,828.4618190814745,815.5216842679415,819.1507568359375,953515.0
2017-06-20,824.6493957793832,840.742073274512,821.2036038966704,838.1760864257812,1766776.0
2017-06-21,840.9255077565821,841.0721322789249,827.7653768742503,830.0748291015625,1170273.0
2017-06-22,832.1275483691868,872.2309752816434,826.9955165925727,859.47412109375,3073243.0
2017-06-23,862.1866962569519,868.7850883916539,834.3269407997324,858.9974975585938,1734271.0
2017-06-27,867.3187880221154,895.6184750382912,858.5209704834502,892.0260009765625,2976108.0
2017-06-28,888.9468650474781,893.7856478075821,880.5156078441115,883.9247436523438,1507641.0
2017-06-29,896.2050593582074,900.3107195385435,884.144729703633,892.3193359375,2878392.0
2017-06-30,901.777062329016,928.9036992153702,900.3107592000292,910.648193359375,2987272.0
2017-07-03,910.5748170925027,944.2997866884403,902.3268408216826,940.9273071289062,1982716.0
2017-07-04,945.8394290554365,948.77203519125,920.1058421137835,928.8670043945312,6346903.0
2017-07-05,927.3640473264732,948.6987251133285,921.0589035198755,943.7133178710938,1340142.0
2017-07-06,945.6561196921451,945.7660880688821,927.8772027839394,932.8626098632812,1067814.0
2017-07-07,929.2701830685521,936.8949471039284,914.3505601242872,917.0631713867188,1175280.0
2017-07-10,919.3725833614701,926.557473582958,911.0146391854176,920.4356689453125,401612.0
2017-07-11,922.4518974485853,930.6632178754655,917.8697075854408,922.0120239257812,1795907.0
2017-07-12,925.9709947955039,932.9358904196919,921.4987736262035,927.8405151367188,1509733.0
2017-07-13,936.2352553868776,958.2298032737496,936.0519747378461,943.8233642578125,2837551.0
2017-07-14,947.965601350812,947.965601350812,925.4578115358331,932.1295166015625,1982885.0
2017-07-17,942.1004378680436,975.8254682105213,942.1004378680436,957.9365234375,5209394.0
2017-07-18,960.4293310005238,969.9602731874231,938.6180047646476,958.8163452148438,7939176.0
2017-07-19,1012.8150145822426,1016.5537078217094,958.0119545135536,993.8374633789062,6366813.0
2017-07-20,1005.1954049454337,1022.1379588750989,1002.6872443695777,1015.5596923828125,2196435.0
2017-07-21,1017.5000992616074,1028.8581615637984,996.6767530401416,1004.3435668945312,1593661.0
2017-07-24,1007.8458272705583,1013.7141722744734,989.294228870884,996.8662719726562,895251.0
2017-07-25,996.6767293776886,1020.9547986729415,996.3454322683383,1018.0205688476562,1074840.0
2017-07-26,1017.5002312614835,1018.1627095814667,1009.5021192522864,1012.531005859375,763390.0
2017-07-27,1017.5003695490664,1022.2328387652439,1010.401491724167,1013.3829345703125,1398812.0
2017-07-28,1010.5905385134022,1027.2017945726163,1008.0822620485392,1014.0925903320312,599339.0
2017-07-31,1012.7676316357441,1024.977602213298,1007.0884838319107,1013.0042724609375,921924.0
2017-08-01,1008.035054979435,1043.0560413742012,1008.035054979435,1040.5950927734375,1116661.0
2017-08-02,1031.6978535829455,1051.5746388943078,1029.0002641763137,1046.0374755859375,581586.0
2017-08-03,1050.6279146612535,1071.2145032943495,1042.3459510502291,1065.96142578125,930797.0
2017-08-04,1068.6116346692677,1069.5580817785944,1047.1258120827097,1066.0560302734375,360246.0
2017-08-07,1066.0560417595127,1076.372999764582,1061.039489224773,1064.920166015625,700765.0
2017-08-08,1054.2720003665095,1071.9244760474012,1045.7060674061229,1049.3502197265625,655510.0
2017-08-09,1048.7350018026575,1064.5890081311295,1027.2018480128963,1033.4014892578125,693680.0
2017-08-10,1028.858134383536,1035.2944159182343,988.1581222082489,1013.477294921875,2477540.0
2017-08-11,998.5698831308042,1021.1442579633418,983.8989638981211,1004.0123901367188,1142027.0
2017-08-14,1012.909508524912,1057.7741682069166,1012.909508524912,1049.3502197265625,1361312.0
2017-08-16,1057.2536420029346,1063.1693144706317,1030.9405749620787,1047.3153076171875,1167816.0
2017-08-17,1041.1628451817037,1049.1609565998094,1034.3007256578605,1041.825439453125,742436.0
2017-08-18,1037.376921907816,1057.2537079189588,1022.7060022330709,1039.3172607421875,745456.0
2017-08-21,1052.0476943710169,1069.274216636776,1038.3233399507403,1052.0003662109375,1302653.0
2017-08-22,1060.09338661365,1068.5646652882738,1049.492456227526,1054.65087890625,1198830.0
2017-08-23,1060.0933270024532,1064.825795872677,1052.0478863222047,1059.194091796875,537994.0
2017-08-24,1061.0395627588368,1080.3957358989398,1060.5662811660834,1073.7701416015625,1424297.0
2017-08-28,1081.86279296875,1087.9205653559563,1074.2907514853277,1081.86279296875,868389.0
2017-08-29,1084.7024704561738,1088.109866250116,1063.5479412344796,1072.255859375,861281.0
2017-08-30,1079.4493212212872,1123.9826844323054,1077.6508511146635,1110.3055419921875,1524425.0
2017-08-31,1131.0815613610816,1135.8141459191677,1108.980584035493,1131.2708740234375,1392268.0
2017-09-01,1145.2794257515552,1171.971005718786,1091.3282117747053,1108.1287841796875,3427305.0
2017-09-04,1106.4720818997232,1120.6697166818822,1094.924591849969,1107.844482421875,890744.0
2017-09-05,1105.5256967606083,1122.5629076421924,1103.112076418997,1116.8365478515625,958209.0
2017-09-06,1115.937446080974,1127.2956266926235,1103.7748025929338,1122.7996826171875,828654.0
2017-09-07,1118.9661483016027,1157.8678089780649,1118.9661483016027,1147.314208984375,1365858.0
2017-09-08,1150.451708643898,1157.1550457441754,1136.2367885306523,1150.2139892578125,828807.0
2017-09-11,1155.2534739190717,1177.122495617017,1150.4994350305383,1172.1307373046875,934212.0
2017-09-12,1173.3191151018327,1213.6816556728477,1173.3191151018327,1195.758544921875,1492771.0
2017-09-13,1195.093243371449,1205.3621406204277,1162.5274277536676,1169.088134765625,590214.0
2017-09-14,1174.2702323393871,1188.5325837241687,1143.4634228356192,1172.5111083984375,998835.0
2017-09-15,1177.1226578596588,1202.699873035868,1166.1406016122717,1179.119384765625,9867112.0
2017-09-18,1184.7293277841632,1194.1899794848214,1164.0487838797512,1169.2308349609375,535991.0
2017-09-19,1170.4193234770003,1176.1243573991046,1157.2028208139575,1160.8160400390625,459819.0
2017-09-20,1158.106057900749,1173.0815667678746,1154.0175166316792,1161.2913818359375,551806.0
2017-09-21,1161.9094271239728,1177.835814992816,1134.9060117658926,1142.41748046875,773760.0
2017-09-22,1136.0943984750463,1136.0943984750463,1114.415551145429,1118.4566650390625,500564.0
2017-09-25,1110.6598299408695,1113.0369078055407,1075.8595684817085,1084.607177734375,1071664.0
2017-09-26,1089.6465386918735,1089.6465386918735,1069.2989210571639,1074.8612060546875,1764650.0
2017-09-27,1085.8433838686335,1085.9860155408066,1053.8480933482917,1062.595703125,1147422.0
2017-09-28,1058.7446901200199,1088.22038541935,1046.9545052235962,1072.1513671875,1683695.0
2017-09-29,1081.9926038611095,1085.6532505309747,1066.826917834191,1078.189208984375,944999.0
2017-10-03,1088.4104721762071,1107.2368012822044,1082.1350291408746,1102.102294921875,648520.0
2017-10-04,1100.7712429760547,1103.3860401828754,1087.7924612433005,1093.544921875,210926.0
2017-10-05,1092.4991503426425,1109.8517377689861,1084.8924776135848,1103.5762939453125,368128.0
2017-10-06,1110.3746059079094,1111.277939809524,1088.9334770083633,1095.161376953125,377535.0
2017-10-09,1098.2039904337325,1106.7614238227509,1090.3121714507015,1099.677734375,253835.0
2017-10-10,1102.9581491287108,1121.6893915597504,1083.989187266285,1097.2056884765625,1006981.0
2017-10-11,1104.9548617867501,1117.5057484297097,1090.597424017337,1093.354736328125,490807.0
2017-10-12,1094.4958015854054,1101.6269183980653,1071.723445389516,1080.185791015625,587292.0
2017-10-13,1081.0891691284667,1095.018829179168,1073.7202160539111,1090.7401123046875,920668.0
2017-10-16,1098.1089102558824,1106.7614314770246,1085.082584537698,1086.3187255859375,645842.0
2017-10-17,1086.6039780079248,1095.8270267633186,1073.8629143699648,1078.712158203125,688736.0
2017-10-18,1078.8070335161178,1093.0218384492234,1066.6364989682354,1090.2645263671875,339736.0
2017-10-19,1089.6466835414592,1095.351600953376,1072.5318147765627,1082.6580810546875,101971.0
2017-10-23,1088.6957914035065,1129.581323641234,1069.2039613699471,1123.9239501953125,648221.0
2017-10-24,1122.4976956519654,1148.5978922177826,1118.551785945243,1122.782958984375,594993.0
2017-10-25,1133.33700087417,1164.7617600978479,1121.9270514191396,1152.163330078125,960327.0
2017-10-26,1152.163500996869,1159.342162391955,1130.8650032073517,1134.8109130859375,420582.0
2017-10-27,1139.8502529707598,1150.4995011229414,1123.305795828034,1128.34521484375,540996.0
2017-10-30,1131.482825494992,1144.699326425024,1131.482825494992,1139.4698486328125,403677.0
2017-10-31,1138.1387594288724,1175.4111890558077,1138.1387594288724,1166.7586669921875,1071072.0
2017-11-01,1171.370293959628,1193.4770399657948,1156.7751338176934,1185.9654541015625,1146430.0
2017-11-02,1192.3359190884298,1236.0739696760425,1192.288375195853,1229.8460693359375,1198653.0
2017-11-03,1233.2213694045488,1236.0263423480828,1210.2589526606564,1224.56884765625,733882.0
2017-11-06,1221.8111154489818,1231.319424846712,1218.2455576893888,1223.33251953125,370730.0
2017-11-07,1231.3196830423449,1231.3196830423449,1168.5651308340023,1194.33251953125,671170.0
2017-11-08,1196.1391321344101,1198.0407712045126,1177.2177126842053,1191.907958984375,306692.0
2017-11-09,1194.2374064601315,1196.2816770519303,1152.9715270027593,1166.94873046875,440253.0
2017-11-10,1166.9487710945432,1197.089964798116,1155.3011011340525,1184.8243408203125,656841.0
2017-11-13,1185.9652491522568,1191.1472997821909,1157.1552850092132,1164.7618408203125,350354.0
2017-11-14,1152.4011720285505,1178.4062808568453,1132.3386997138357,1147.314208984375,966937.0
2017-11-15,1140.9911774811933,1140.9911774811933,1106.3810922262123,1120.8336181640625,546891.0
2017-11-16,1121.9746999287863,1135.714184439804,1098.2515815443319,1103.0057373046875,809174.0
2017-11-17,1120.5010823797977,1135.2864175703953,1115.3190310409377,1119.0272216796875,1212747.0
2017-11-20,1112.4663540714262,1133.6697622566935,1103.4811421272334,1124.30419921875,971496.0
2017-11-21,1131.4828127477208,1134.810768149936,1105.3827349077142,1111.1827392578125,641956.0
2017-11-22,1112.4664839333725,1144.7945827389485,1110.46975698723,1135.4765625,1176404.0
2017-11-23,1136.2369570508508,1153.351823154497,1136.2369570508508,1149.9764404296875,624399.0
2017-11-24,1144.033977769226,1159.817617504086,1136.3797608300001,1142.5125732421875,538080.0
2017-11-27,1140.040440063001,1143.653542490584,1128.6304895954527,1135.9517822265625,688819.0
2017-11-28,1130.5321370588856,1138.6616758464497,1110.7549282766113,1117.7435302734375,653737.0
2017-11-29,1117.2205096850432,1133.0993521452015,1112.7516173917393,1124.30419921875,685759.0
2017-11-30,1126.7286461371843,1127.6794071949478,1108.3300970639941,1112.37109375,1482422.0
2017-12-01,1119.1222146035977,1119.1222146035977,1087.8876271248573,1093.8778076171875,407769.0
2017-12-04,1093.449895345135,1107.094292247605,1070.6776544443098,1080.1383056640625,808272.0
2017-12-05,1076.3351095853395,1083.561431641425,1054.323569228637,1060.979248046875,653731.0
2017-12-06,1058.459317054453,1071.2003769748578,1036.4001233152912,1042.0574951171875,733326.0
2017-12-07,1046.8593485619815,1066.8267311871293,1041.1068881544531,1064.59228515625,796563.0
2017-12-08,1069.156335950241,1087.3645960664835,1067.7775632153182,1078.2841796875,547309.0
2017-12-11,1082.895821290858,1084.5597410017833,1070.630196181777,1078.189208984375,630509.0
2017-12-12,1078.1891288013026,1079.3301821382092,1060.598938619583,1064.30712890625,706887.0
2017-12-13,1062.548086609404,1087.6498608464447,1053.2299507808953,1063.6414794921875,799545.0
2017-12-14,1067.7774560434157,1097.1580606358257,1043.0560354205231,1087.0792236328125,925404.0
2017-12-15,1094.400825883893,1097.1107111453557,1075.3843182208811,1083.5614013671875,850182.0
2017-12-18,1073.4825349159303,1090.7875767053729,1049.379067205045,1074.575927734375,928296.0
2017-12-19,1074.5284579167032,1085.8433206041457,1069.7743021795454,1080.946533203125,887084.0
2017-12-20,1076.3349677434317,1080.0908182182689,1064.972678134066,1067.920166015625,961730.0
2017-12-21,1078.5693548503873,1085.7956755587975,1067.6823881688103,1072.81689453125,769163.0
2017-12-22,1074.6236600414916,1085.367997216769,1072.5318452780523,1078.37939453125,362352.0
2017-12-26,1082.039846197999,1094.2103801301046,1078.2839962605628,1089.218505859375,422247.0
2017-12-27,1089.2187410742843,1096.7303260421543,1079.187563016402,1084.0843505859375,293065.0
2017-12-28,1084.892381701068,1088.6956594647886,1067.9676907762941,1073.672607421875,297028.0
2017-12-29,1078.2367955388015,1113.037061813172,1074.8138681963715,1108.425537109375,693176.0
2018-01-01,1107.7598591331614,1112.276178785108,1084.7973271339172,1087.6973876953125,188269.0
2018-01-02,1092.0236838300923,1097.3482497295454,1073.4826161648514,1083.5137939453125,334784.0
2018-01-03,1078.2364922632291,1092.8317645806828,1068.823386454594,1071.7708740234375,670232.0
2018-01-04,1078.7594549659077,1117.6957953264202,1072.911907288536,1112.75146484375,1012807.0
2018-01-05,1118.8369881418791,1159.0570224784258,1113.1796146897423,1154.4930419921875,1014661.0
2018-01-08,1153.3518221293014,1155.7288998114868,1131.4828006764974,1143.8436279296875,898877.0
2018-01-09,1145.26999652534,1182.7326018154258,1137.7109839370946,1176.647216796875,1064611.0
2018-01-10,1179.8323236940953,1188.056949244794,1164.001026535676,1174.745361328125,745166.0
2018-01-11,1183.7783979716069,1193.9522075932728,1161.7667426097807,1182.82763671875,755517.0
2018-01-12,1186.15557097038,1187.962122371833,1152.2586397915218,1161.57666015625,793507.0
2018-01-15,1162.9554635006596,1199.0868420632044,1161.5766905701519,1181.7342529296875,1910875.0
2018-01-16,1181.8766520457543,1196.1390017818146,1154.825696473301,1168.5650634765625,860989.0
2018-01-17,1169.5158720217269,1193.2865311957414,1153.541943377373,1186.6307373046875,718085.0
2018-01-18,1188.2472524242182,1193.2866714490879,1143.8437085393373,1157.7257080078125,593063.0
2018-01-19,1160.0076792768423,1170.9897344833685,1126.8239107523677,1163.3831787109375,746121.0
2018-01-22,1163.8111540695572,1180.8309361926447,1146.6962841567697,1178.35888671875,426132.0
2018-01-23,1183.7783953400121,1186.203017149574,1156.2044546022228,1163.2406005859375,975410.0
2018-01-24,1164.7618135499777,1164.7618135499777,1136.4747162976046,1141.0386962890625,457560.0
2018-01-25,1136.237088279992,1152.2585634249822,1125.682927399071,1134.33544921875,889953.0
2018-01-29,1131.6254689385264,1141.7518504898094,1117.0778555985523,1126.3009033203125,647388.0
2018-01-30,1122.3548304420735,1126.6335464796098,1099.154699387517,1106.048095703125,475080.0
2018-01-31,1102.9581934165012,1110.517205521574,1086.5563676961879,1103.0057373046875,484129.0
2018-02-01,1103.0532478304608,1140.1353819697367,1077.8563862034605,1130.43701171875,940721.0
2018-02-02,1121.9746825096677,1124.779655339974,1063.8316544472216,1073.3399658203125,755111.0
2018-02-05,1055.4169731835327,1069.013827373839,1025.3708642880997,1044.0545654296875,1202620.0
2018-02-06,1014.5313001003517,1025.0854602264715,976.688464082671,1013.0575561523438,1626128.0
2018-02-07,1019.2855254076558,1036.8758323309246,999.8411233186646,1005.9263916015625,640357.0
2018-02-08,1006.9247834370641,1060.4562883247872,998.605069118154,1054.13330078125,848646.0
2018-02-09,1034.0232941009115,1068.728468333666,1022.1855650071896,1054.41845703125,801200.0
2018-02-12,1056.4629164629507,1080.6613590795355,1055.8923897604043,1076.620361328125,494226.0
2018-02-14,1073.5301640584487,1096.017141476187,1061.4545990370834,1071.34326171875,1026475.0
2018-02-15,1074.4333812520033,1087.7449708420515,1044.9578018234242,1049.379150390625,703707.0
2018-02-16,1055.226646354684,1061.50208972857,1036.4003162330266,1045.9560546875,415498.0
2018-02-19,1045.95611463965,1052.992260593959,1028.4610123251766,1036.1151123046875,404203.0
2018-02-20,1038.9200563549448,1068.7284423937147,1035.4494690984234,1063.6414794921875,400838.0
2018-02-21,1068.728489993705,1071.6284342005533,1045.9085882808072,1055.9874267578125,404367.0
2018-02-22,1059.9332039595333,1066.7791736171105,1048.3806228793014,1055.797119140625,780080.0
2018-02-23,1058.2694328920122,1085.748286612023,1058.2694328920122,1080.803955078125,463827.0
2018-02-26,1092.2139171692875,1125.7780396014384,1086.4139120802158,1122.5452880859375,818391.0
2018-02-27,1133.7172969736914,1142.5599937153404,1103.243413770397,1114.320556640625,798997.0
2018-02-28,1106.0009696673687,1117.60109784169,1089.5041697097374,1096.017333984375,1100025.0
2018-03-01,1096.017020155677,1128.6303760873034,1096.017020155677,1109.2335205078125,1141309.0
2018-03-05,1102.9581775252002,1107.9974800129305,1082.0400323159868,1085.6055908203125,476050.0
2018-03-06,1092.4992214741183,1094.2106850776172,1066.826917834191,1078.189208984375,498982.0
2018-03-07,1074.4333661391465,1088.6007455219458,1056.2251058826914,1060.075927734375,679111.0
2018-03-08,1069.4414832506197,1074.4809022603083,1036.3528020630165,1046.526611328125,1001891.0
2018-03-09,1052.4694781788473,1053.990882909936,1040.964554074958,1046.2415771484375,759633.0
2018-03-12,1051.946576805094,1058.4121971094514,1046.1939984155313,1051.61376953125,800253.0
2018-03-13,1053.5153131225086,1059.5054939199194,1044.197176418216,1054.65625,847122.0
2018-03-14,1052.0890409805713,1070.5825649201036,1050.520092653685,1066.589111328125,973667.0
2018-03-15,1067.7774218086042,1075.38409319962,1047.8101570315682,1053.467529296875,969970.0
2018-03-16,1057.0808000936163,1060.123492441979,1036.495461573159,1039.7757568359375,1533339.0
2018-03-19,1039.7756732479672,1050.3773769325421,1015.4821464192987,1044.197021484375,855699.0
2018-03-20,1041.106924535856,1049.7119017702855,1029.744518447379,1042.2003173828125,880833.0
2018-03-21,1041.4395450834365,1049.2362748598962,1031.883691843334,1040.8690185546875,835453.0
2018-03-22,1045.9087260793324,1045.9087260793324,1031.8365486099865,1039.157958984375,1322686.0
2018-03-23,1018.3345371939128,1033.9756594762148,995.3245789373611,1029.3641357421875,947002.0
2018-03-26,1033.5479149933988,1035.211834662504,997.1788190842464,1027.462646484375,1088350.0
2018-03-27,1026.987170193746,1042.818469742625,1012.7248190032589,1035.306884765625,737144.0
2018-03-28,1031.6461432405258,1046.8593708218684,989.4770475918166,999.2229614257812,7172583.0
2018-04-02,1002.1707955970543,1038.8727024438538,993.6133604032623,1035.6873779296875,1471569.0
2018-04-03,1028.7937404994666,1038.8725791747459,1014.6264768262431,1034.4036865234375,906202.0
2018-04-04,1041.915017961387,1041.9625618456564,1003.1213059219145,1007.2575073242188,983760.0
2018-04-05,1024.8001618071148,1045.1954395945224,1013.2001531075422,1040.4412841796875,988552.0
2018-04-06,1038.301892194724,1048.2855250185253,1028.5084349036736,1031.2657470703125,691793.0
2018-04-09,1039.252848302862,1040.5364167166917,1023.6117252573531,1025.4658203125,488008.0
2018-04-10,1027.8428185027533,1036.4477952261875,1022.2329898850884,1028.6986083984375,433103.0
2018-04-11,1029.7445577951155,1031.170757897987,1007.9706225044918,1016.147705078125,566323.0
2018-04-12,1015.4822501310044,1015.6248818002382,1007.4476823515961,1012.1067504882812,960329.0
2018-04-13,1011.9163572907371,1021.1869476804845,1007.8753605898513,1011.345947265625,623336.0
2018-04-16,1005.0231640101271,1043.3414411231893,1004.9756201209985,1038.682373046875,808907.0
2018-04-17,1041.1545895744339,1044.957867832085,1024.134808668757,1040.9168701171875,471399.0
2018-04-18,1042.2003491126002,1046.383978142393,1033.690459390921,1039.1102294921875,560217.0
2018-04-19,1040.2036707901718,1060.1710556503951,1039.0151900798787,1049.8546142578125,1118667.0
2018-04-20,1046.5743458015668,1054.9891492931429,1031.6463781329198,1046.66943359375,355385.0
2018-04-23,1048.5709378228382,1051.6611741415227,1028.793728359028,1031.7413330078125,677070.0
2018-04-24,1036.495509658751,1043.6742875997309,1025.8938046300618,1027.2724609375,580420.0
2018-04-25,1024.5149676940373,1030.6478961802848,997.4164664458636,1010.1099853515625,1548224.0
2018-04-26,1013.4855661828202,1022.0430005824384,1002.1707025904606,1016.6232299804688,719547.0
2018-04-27,1020.7116909821925,1035.44948055853,1016.6231496723843,1033.357666015625,838147.0
2018-04-30,1033.4052934360566,1045.9086378161592,1029.792190714203,1039.91845703125,408559.0
2018-05-02,1044.9577898955147,1060.0759305448025,1036.0200050862436,1041.8675537109375,2662170.0
2018-05-03,1044.8627396149293,1052.0890612481376,1025.4658814165566,1034.0233154296875,741605.0
2018-05-04,1035.4494794729017,1035.4494794729017,1016.7182363823968,1021.092041015625,584244.0
2018-05-07,1024.895346328367,1029.1740632998105,1011.6788443002835,1024.0396728515625,808646.0
2018-05-08,1026.6068177263394,1050.6152001465766,1022.613364059421,1038.87255859375,929372.0
2018-05-09,1032.7873406972603,1043.8168244443586,1028.4135357002863,1041.1070556640625,301697.0
2018-05-10,1031.7414076452812,1045.4333497712905,1022.423270654318,1039.300537109375,938142.0
2018-05-11,1042.295443382716,1054.323464315179,1029.1740295631944,1046.6217041015625,1046691.0
2018-05-14,1046.907118175314,1052.4694042451342,1037.2087463417208,1046.0037841796875,966421.0
2018-05-15,1045.9084965140862,1049.616803047783,1030.3625782145095,1035.8773193359375,1200842.0
2018-05-16,1026.9871698716327,1035.4495161098023,1018.3346480749295,1029.174072265625,456957.0
2018-05-17,1029.17399020933,1042.2478596412684,1023.5641612672925,1029.9346923828125,840761.0
2018-05-18,1029.7445255785944,1037.5888006926768,1005.9738642759835,1010.5853881835938,771446.0
2018-05-21,1009.2068550201968,1018.6675068906403,979.3984661184862,984.9132080078125,941554.0
2018-05-22,984.5803887336631,991.2361839506536,961.2851637387691,988.3836669921875,638562.0
2018-05-23,993.6130882010323,1006.9246763066751,976.5457663852429,995.8475341796875,1851373.0
2018-05-24,996.4657271266984,1003.0264342195454,946.5473238601037,971.4589233398438,1019279.0
2018-05-25,975.547581452413,986.672211231776,957.7195542470133,979.9688720703125,1026099.0
2018-05-28,989.8099975686887,1017.3839401220577,971.7442507945087,1008.2084350585938,625466.0
2018-05-29,1012.5345736837604,1023.088733812813,998.7475458105039,1005.78369140625,674917.0
2018-05-30,994.6590218488386,1006.3066915659718,983.3442758712067,990.2852172851562,731767.0
2018-05-31,991.6164276642711,1039.8232482124972,978.4474703312142,988.6688232421875,1442657.0
2018-06-01,993.5180268681232,996.9884973717388,970.8408175607775,978.1146240234375,913804.0
2018-06-04,979.350811817611,993.850881551426,965.4686960815169,983.9622192382812,838646.0
2018-06-05,982.2032593761767,983.1065932667271,963.6146475486828,973.883544921875,673214.0
2018-06-06,972.6949877687548,991.3787452893102,962.6638100280675,983.2492065429688,597685.0
2018-06-07,987.9082389686799,1005.0231058310749,986.0540274000049,992.2820434570312,597047.0
2018-06-08,988.8590159058027,988.8590159058027,973.6457877271912,978.0195922851562,811956.0
2018-06-11,979.5886022727373,1007.8757053850989,976.3083065219639,997.51171875,418209.0
2018-06-12,1001.0294894416971,1002.1705426617658,981.2523989184531,987.718017578125,566513.0
2018-06-13,987.813137383599,992.0918540393695,980.7769918856937,986.0064697265625,423007.0
2018-06-14,984.960769357541,997.4165701181964,980.6345081634154,985.2460327148438,600430.0
2018-06-15,973.6458198445441,984.0098049357343,968.4162834102477,981.0623168945312,644251.0
2018-06-18,983.9621915068983,984.1048231629219,966.0867393807797,969.9375610351562,546427.0
2018-06-19,966.0393312954152,966.0393312954152,951.0162771196575,960.429443359375,950187.0
2018-06-20,965.9442781297515,973.0754543370067,954.6294140681094,967.275390625,874428.0
2018-06-21,966.9901153873387,968.8917544693961,957.4818617124802,962.1884155273438,590148.0
2018-06-22,960.2867046288557,965.0883458651815,943.1242937544317,960.714599609375,709128.0
2018-06-25,962.4736058005823,970.365483135933,952.7276334142122,957.0538940429688,746981.0
2018-06-26,951.396552343564,988.7640115217204,946.3571912052961,985.721435546875,822788.0
2018-06-27,980.3967193087772,984.1049096329565,971.2688169023145,975.309814453125,1055043.0
2018-06-28,965.9441174032447,971.126109634532,940.5570224616702,954.2489624023438,1697388.0
2018-06-29,960.1440869270951,965.0883598954731,948.1636682086228,957.3391723632812,597236.0
2018-07-02,954.6292724625665,958.4326086029545,933.7586715030933,938.75048828125,497257.0
2018-07-03,932.7603602296385,943.9325333121042,916.6438557150506,937.371826171875,536261.0
2018-07-04,936.563645968434,937.0390848656258,914.0766096872478,917.9749755859375,909022.0
2018-07-05,918.4028393450932,926.2947169179635,905.2338815157983,920.9700927734375,1563007.0
2018-07-06,924.1077856062404,945.0259304233543,917.4519910682253,939.9390258789062,800166.0
2018-07-09,942.744032334381,945.9768421454414,931.3341393454622,935.660400390625,883552.0
2018-07-10,941.1276031748482,949.8752125514516,929.4799913904167,941.935791015625,834588.0
2018-07-11,936.94390023809,941.3177045818692,926.1995649178614,930.66845703125,541620.0
2018-07-12,933.3307695809775,936.5635790572068,908.9896398688962,912.9830932617188,790051.0
2018-07-13,914.1240655780612,918.4978699528948,885.8845126822117,889.3550415039062,1117904.0
2018-07-16,890.9239820218361,891.5419942992023,869.2451344576496,883.0321044921875,602433.0
2018-07-17,877.6124146144426,902.1437212707147,873.9517682171288,894.4895629882812,668957.0
2018-07-18,897.4846651749566,906.1371864162203,887.3583417142391,897.1994018554688,666174.0
2018-07-19,894.9648873642151,900.2419670488804,880.0369238217114,889.7353515625,596435.0
2018-07-20,891.0190763335735,898.340427262834,882.2714670231851,892.9207153320312,473464.0
2018-07-23,892.8255799709686,908.0388076769532,870.9565578605451,876.091064453125,1157661.0
2018-07-24,877.5648574196777,952.7276663224087,877.5648574196777,950.3981323242188,3291693.0
2018-07-25,943.6948113510886,956.4834183721575,920.9701141320581,937.3242797851562,1038419.0
2018-07-26,937.3242728903449,979.3508565839882,931.8095313706524,973.8359985351562,2257565.0
2018-07-27,968.0359923329449,979.3508552188234,950.8260368247562,975.0245361328125,654417.0
2018-07-30,970.0802249225002,976.355668408652,956.6260040986999,970.6031494140625,721655.0
2018-07-31,965.0884358197304,989.3345384886283,961.4753331501744,974.786865234375,720053.0
2018-08-01,974.5967469886928,986.0065816801604,967.0376761542516,979.68359375,588560.0
2018-08-02,976.4984154031861,977.4492349893371,951.4441241217817,964.3278198242188,647523.0
2018-08-03,965.9441786883417,967.8933616013983,952.7276767673125,956.7211303710938,754022.0
2018-08-06,962.0457364623852,965.0883704966993,943.2194056012465,950.2554931640625,626913.0
2018-08-07,955.1047459415237,984.1048864570168,950.493221825091,968.7490844726562,1096324.0
2018-08-08,974.3114545393215,976.4032691565226,955.3424913154438,959.4785766601562,601676.0
2018-08-09,964.1375145299413,965.1834217604387,943.2669138061325,948.3062744140625,676108.0
2018-08-10,948.3062581145066,948.8292408530494,919.4962367525943,923.5847778320312,942758.0
2018-08-13,921.1602202741119,948.9243946189977,910.4634279783637,938.3226318359375,1100381.0
2018-08-14,944.9308114965283,954.629239664141,924.2979306793245,938.0848999023438,3366559.0
2018-08-16,938.1325033815227,960.2867316628559,933.4734354096408,950.3030395507812,3113819.0
2018-08-17,955.580188701144,997.0837336542547,951.776910440173,994.4215087890625,2676173.0
2018-08-20,993.6131568729485,998.3673124577,982.2032067753713,988.7163696289062,1487349.0
2018-08-21,991.7115737724125,1017.3838755403109,977.4491644798345,1013.0100708007812,1757156.0
2018-08-23,1015.5298783745831,1015.5298783745831,988.8591523622022,994.1362915039062,935402.0
2018-08-24,992.6622152910452,1015.4821140183026,982.2031435948547,1008.1607055664062,1700820.0
2018-08-27,1010.8231765913569,1039.252907627812,1010.8231765913569,1025.4183349609375,2010028.0
2018-08-28,1026.7969344329508,1035.2117362907577,1011.0132962282727,1019.3805541992188,693551.0
2018-08-29,1015.4346012794646,1039.015086334787,1013.2001552215777,1022.137939453125,1042796.0
2018-08-30,1022.1380726447272,1027.652814416243,1011.108472572551,1021.1871948242188,1536621.0
2018-08-31,1019.9437477002982,1029.9854661101713,1012.7712256426556,1020.900146484375,1386435.0
2018-09-03,1030.9418105310249,1030.9418105310249,1007.9895275771598,1019.4179077148438,910792.0
2018-09-04,1015.6402499990184,1016.5010089575849,972.8915658383561,978.4862060546875,877486.0
2018-09-05,979.1556906830945,986.8064712483103,964.4757302010985,983.2200927734375,695593.0
2018-09-06,985.0373074114937,993.4053289927108,972.7959874775049,985.89794921875,544699.0
2018-09-07,987.6193930214275,990.2493729143195,971.1702688141085,980.5902709960938,412093.0
2018-09-10,980.0643110150401,987.1891315438226,962.2762282696049,971.6962890625,586676.0
2018-09-11,977.8647135341453,980.3034136473286,950.4175287811673,960.1244506835938,1153543.0
2018-09-12,970.5007649953469,985.8022677604348,952.7126837893046,975.0911865234375,1002061.0
2018-09-14,980.2555299116876,1019.9916767310602,979.3947709139574,1017.2661743164062,1046040.0
2018-09-17,1007.1289031194651,1032.089626975783,998.4261413145707,1018.7007446289062,745216.0
2018-09-18,1019.9439468836398,1027.1165875477502,1008.0374829310881,1020.2786865234375,1279989.0
2018-09-19,1015.2578819760168,1029.9856047936962,1006.0769212356327,1021.5697631835938,1142569.0
2018-09-21,1024.7257644102367,1034.7673681347685,954.4343039269888,1005.2640991210938,1448316.0
2018-09-24,1005.2640207624938,1006.0769598696355,969.9748334179822,974.9478149414062,778313.0
2018-09-25,978.3428511212709,997.8523933583671,963.997687380662,993.7401123046875,706138.0
2018-09-26,996.7046444342535,1004.1642040657372,988.3366230743759,999.2868041992188,1243973.0
2018-09-27,997.421985696461,1019.9438909618343,972.2222220624067,980.7337036132812,1399326.0
2018-09-28,985.9936489375947,991.2536088136245,959.5985026756957,976.9083862304688,1335579.0
2018-10-01,976.4300995363197,978.3427800824684,939.1325944749323,955.1035766601562,929416.0
2018-10-03,949.6523648413558,949.7958246680286,920.2925025931844,927.17822265625,1149381.0
2018-10-04,916.1802020461445,931.4817627848956,894.2798410411992,917.4234619140625,1438279.0
2018-10-05,918.0929812972864,918.0929812972864,877.0178743084551,882.4690551757812,1305380.0
2018-10-08,876.0137424294803,884.4296430363154,861.6685785055987,880.8433227539062,1143017.0
2018-10-09,893.1323364797196,893.1323364797196,837.5207850448147,862.6727294921875,1506464.0
2018-10-10,862.6248160003809,875.0572977323379,854.1611550577552,869.9408569335938,690655.0
2018-10-11,850.192325435129,850.192325435129,822.458281022719,840.0072631835938,1648636.0
2018-10-12,853.4438413487678,861.6684610428999,840.676620239618,856.0260009765625,1363306.0
2018-10-15,857.8430959904476,864.3462568111869,842.8284538900458,858.7037963867188,693087.0
2018-10-16,859.4688853061376,872.1882868344347,856.408584780856,865.9720458984375,1007765.0
2018-10-17,875.6311362118029,875.6311362118029,840.4853540356622,843.4500732421875,532063.0
2018-10-19,839.098731935008,850.1444944498252,828.8657912685104,836.5643920898438,546874.0
2018-10-22,844.0716705797178,846.6538302390588,814.8074483862903,819.9238891601562,685235.0
2018-10-23,810.0257952211897,826.188057513904,783.3436725026219,789.8946533203125,1282815.0
2018-10-24,798.5496567042563,803.5705168858086,762.2084883380247,773.6846313476562,1787079.0
2018-10-25,765.4600158831091,765.4600158831091,744.9941927984004,750.4453735351562,2033250.0
2018-10-26,752.1667220726213,752.1667220726213,722.9981398146988,725.9150390625,2645129.0
2018-10-29,730.3620366713911,754.0794378384564,730.3620366713911,748.2935180664062,3042871.0
2018-10-30,750.4453740078429,774.1149576262549,750.3975540626276,769.6201171875,2898249.0
2018-10-31,770.7199398588874,802.2794051404634,752.6449962878363,797.1629638671875,2364900.0
2018-11-01,803.2835559799239,818.6329382223109,784.3479121951497,808.54345703125,1061258.0
2018-11-02,819.4935889430272,825.3272703902658,804.5267671768484,810.5995483398438,2501173.0
2018-11-05,809.0694501561824,819.5892519171118,803.6182694977239,816.0985717773438,1315652.0
2018-11-06,819.3500742989164,824.3708749795608,805.6265133699103,813.85107421875,509425.0
2018-11-07,822.4582487715995,823.127669372165,815.4291273556117,820.78466796875,72810.0
2018-11-09,822.2669485354946,832.0216892598244,817.0070479394643,830.1090087890625,622229.0
2018-11-12,830.1091095256678,836.2297112160102,811.9385256426266,823.223388671875,1113396.0
2018-11-13,823.9884200170959,841.63298259476,819.4935798223786,837.9989013671875,1349306.0
2018-11-14,842.5415664769674,852.774507543772,830.1090836923242,838.0946044921875,1149492.0
2018-11-15,817.6765064147484,817.6765064147484,760.4869632880443,773.3976440429688,4485336.0
2018-11-16,780.3789785490027,801.1317202466367,774.6409370365928,795.5848999023438,3796019.0
2018-11-19,799.5059442015335,824.1319267900109,793.7679023776036,812.321044921875,3362650.0
2018-11-20,810.695149618844,825.3272310861474,795.9674282697923,801.3707885742188,1652045.0
2018-11-21,808.1130746396252,830.3481774170612,804.2877133805986,826.0446166992188,930228.0
2018-11-22,827.2400799427555,828.0529604426641,803.905176358507,806.53515625,638643.0
2018-11-26,810.0258145539518,813.4686162488243,794.8198921910571,808.4478149414062,857050.0
2018-11-27,807.1567035059087,824.8491451605593,802.9966027845525,823.0321044921875,747988.0
2018-11-28,824.3709166211027,827.2399959574263,797.5932139669286,804.0963745117188,1000623.0
2018-11-29,806.2003717187636,819.5892529609056,800.8448309424813,814.7118530273438,1445763.0
2018-11-30,817.6765239449236,834.6516656119134,813.6598246485073,828.4354248046875,1751800.0
2018-12-03,831.7348538845006,844.4543150904772,820.0674315071986,826.8096923828125,1043986.0
2018-12-04,829.8220726697139,832.2129525121541,805.5787104671731,808.782470703125,653580.0
2018-12-05,806.3916251964866,806.3916251964866,780.6180823885547,789.9424438476562,1211071.0
2018-12-06,786.1170779221108,789.9902588694742,757.9526553453841,760.2957153320312,1766716.0
2018-12-07,766.990116500381,773.6844979164606,758.4786359573557,767.2769775390625,896271.0
2018-12-10,755.5139858531587,761.4433659722546,744.0378437748376,755.8965454101562,595265.0
2018-12-11,749.7760208006961,769.811466193028,741.1688987109216,765.5557250976562,991877.0
2018-12-12,769.8591691630197,780.3789704291838,762.4953082767047,776.1232299804688,1235318.0
2018-12-13,783.2480082939219,801.3229492585266,779.9964282017097,793.1939697265625,1182723.0
2018-12-14,812.8948407989513,815.5248206360443,799.0278182286102,810.217041015625,1767542.0
2018-12-17,809.3085032969788,820.3065046662531,805.5309620369829,809.3563232421875,786318.0
2018-12-18,808.7825185685966,820.1630205598887,796.3021578700509,817.007080078125,620675.0
2018-12-19,821.5019949880194,837.759898311237,813.9946733507453,817.5809936523438,1537459.0
2018-12-20,810.5996596007805,818.6808208824626,790.2294744768918,792.3334350585938,2501968.0
2018-12-21,794.724259172243,798.358399285107,777.6056560301776,780.7615966796875,2419686.0
2018-12-24,774.879963417861,792.4767643683128,769.0462821308488,772.8716430664062,1308738.0
2018-12-26,772.728220182836,786.3562010237317,760.3913778332909,783.4871215820312,1078274.0
2018-12-27,791.8551528538085,791.8551528538085,775.4059721304722,778.2271728515625,1137889.0
2018-12-28,779.327037164083,791.8073982100557,779.327037164083,788.6036376953125,931276.0
2018-12-31,793.7679184223484,797.7367395545544,787.0734775562387,789.5599975585938,657008.0
2019-01-01,791.377072548814,798.3106134464282,787.5517110900461,797.1151733398438,465132.0
2019-01-02,793.6721991943298,801.4186195020468,777.2708382927019,779.9008178710938,825079.0
2019-01-03,782.2918167742725,783.2482158220355,763.1648906709046,764.7907104492188,963393.0
2019-01-04,767.0858641167283,775.406066067278,758.3831025903828,770.9590454101562,1073253.0
2019-01-07,774.8321482891462,788.7948095552563,772.7281880409462,784.8259887695312,1075850.0
2019-01-08,784.2044303486705,802.8053339890564,775.8841701892813,800.0797729492188,1027800.0
2019-01-09,803.3313884389477,807.4436694519593,790.4207060383525,798.8365478515625,4021049.0
2019-01-10,798.1671324515256,800.8926936282444,783.2481293930488,784.3956909179688,823072.0
2019-01-11,786.5952048845763,796.302125656148,776.3623233554243,778.7053833007812,1222694.0
2019-01-14,779.4226422390569,782.2916630097726,771.7718615809437,778.1793823242188,736948.0
2019-01-15,780.2833188004614,785.9735988281425,767.6595574710675,779.9008178710938,2636801.0
2019-01-16,784.9694087286726,804.717988975771,784.9694087286726,790.2293090820312,1933812.0
2019-01-17,795.1545049219061,802.7574654504126,785.160723111256,791.9507446289062,1001551.0
2019-01-18,792.7158931923643,798.1192538041591,782.4829526890339,788.9382934570312,963387.0
2019-01-21,791.8551285334682,791.8551285334682,776.5057483258605,780.044189453125,508442.0
2019-01-22,776.553651200585,777.2230718251877,765.2687302518643,769.2376098632812,759111.0
2019-01-23,770.4330387079201,771.2937977676658,743.0815522619171,748.0067138671875,1578782.0
2019-01-24,747.8631746175831,758.3830345827188,744.0378136141672,751.497314453125,1013460.0
2019-01-25,752.5493232719386,759.9131845061894,724.0023986777306,726.4410400390625,995296.0
2019-01-28,729.6925755127872,729.6925755127872,695.4553726451782,700.8109130859375,1270693.0
2019-01-29,690.4824045476103,711.139506231758,690.4824045476103,701.4803466796875,995680.0
2019-01-30,706.7403213738573,708.6530019079182,686.6569999576026,693.3514404296875,1478483.0
2019-01-31,698.1332445983297,701.4326450999125,683.3098230130322,689.526123046875,2626649.0
2019-02-01,692.4428903379909,697.75061082341,677.9063899777351,687.5654907226562,1312658.0
2019-02-04,688.1871516373363,688.4262513451154,670.399071024494,675.8980712890625,1011716.0
2019-02-05,675.9459590828855,682.8316797408993,667.5301173472299,673.2203979492188,1174129.0
2019-02-06,674.2723230998923,707.5531863565695,674.2723230998923,701.4803466796875,1594160.0
2019-02-07,705.8317735145889,723.763315468563,698.9939315139234,719.8900756835938,2860113.0
2019-02-08,726.8235967634954,730.69677784213,677.4761099547811,686.6091918945312,4007263.0
2019-02-11,679.2930641876479,692.3950240302183,673.6027845517644,685.3658447265625,1185923.0
2019-02-12,685.7006888890563,696.1248509861541,679.0062481319089,687.4699096679688,1192381.0
2019-02-14,682.8316387481208,691.916900584465,679.1018589648895,687.5177001953125,672164.0
2019-02-15,690.0041922107174,690.8170726142963,659.0185695657802,675.8980712890625,1363880.0
2019-02-18,680.8710949291759,680.8710949291759,663.5133941949209,669.2992553710938,1163194.0
2019-02-19,671.8336581496067,692.3951210172413,666.7650370008195,686.9917602539062,1777840.0
2019-02-20,689.8128716121281,701.4802920295424,689.8128716121281,698.8025512695312,1114314.0
2019-02-21,694.5947259586669,718.8380903381856,693.3992859301001,715.1561889648438,1728246.0
2019-02-22,714.3910415472305,728.7362627190157,709.6571601685804,725.580322265625,1529989.0
2019-02-25,728.736321482238,747.3851046490564,717.2601787811295,744.6594848632812,1908958.0
2019-02-26,740.2125993389075,751.3540035617199,729.310236274039,746.906982421875,1458212.0
2019-02-27,748.7716858258931,762.1126867917617,742.4119270380162,748.2456665039062,1240465.0
2019-02-28,754.4620158940504,755.992195539895,739.7342931903718,743.1293334960938,1299837.0
2019-03-01,746.428660436646,759.9131218387736,744.0856005546829,757.1875610351562,1162654.0
2019-03-05,756.9485198324442,777.940303305578,754.9880193234877,774.7843627929688,1243759.0
2019-03-06,783.1524287892914,786.3083692453657,769.3809883232889,784.300048828125,1124423.0
2019-03-07,785.1607334627087,788.3644937979465,773.2063924829062,774.8321533203125,1125516.0
2019-03-08,774.8800640500491,776.8883846623204,762.495400740083,771.8197631835938,1272253.0
2019-03-11,773.6846318821497,795.6328162037187,772.9673912569516,791.3770751953125,1248687.0
2019-03-12,795.5850002898331,801.9925218092062,790.1338191432001,794.5330200195312,1277484.0
2019-03-13,795.6806421121381,797.7846026578313,785.1608393836722,787.2169799804688,607686.0
2019-03-14,787.2169584469106,800.8448816722412,773.2064756408718,796.5413208007812,1068725.0
2019-03-15,801.5143315260347,808.8781929643045,788.0776299812557,793.6244506835938,1757076.0
2019-03-18,780.8571875174431,787.5516279665889,770.911166730387,782.8176879882812,2093037.0
2019-03-19,784.204391557121,796.4455935628208,779.5182716188597,786.4039916992188,1409808.0
2019-03-20,790.8988954592193,792.9072747451052,776.2189913316529,781.9570922851562,1418476.0
2019-03-22,785.1607492065322,792.8115299311319,779.0400894651293,784.300048828125,1690259.0
2019-03-25,779.4226772553088,781.3353578550482,772.7282365533472,779.8052368164062,989289.0
2019-03-26,784.2043726882415,802.1836743283042,780.4745930837389,800.1753540039062,1081642.0
2019-03-27,806.2003987711291,807.5392986608452,788.9861557981005,792.4290161132812,1139700.0
2019-03-28,792.4288953804537,804.7179750406298,787.7427757818522,793.9112548828125,1014970.0
2019-04-01,829.7742697751906,832.9780300769588,814.5683486765605,819.9238891601562,1728859.0
2019-04-02,819.923964016254,822.0757443945312,800.9405001822527,808.7347412109375,1295996.0
2019-04-03,810.1692782812212,814.903159935835,791.8552351541089,795.3936767578125,1019414.0
2019-04-04,797.7845588472751,804.0008002451949,789.3687171266606,798.4539794921875,1225060.0
2019-04-05,798.5495041156203,815.6681047634352,792.6680031905779,811.8905639648438,2011181.0
2019-04-08,817.6765581041248,820.736858693858,800.4623160093615,803.7616577148438,908700.0
2019-04-09,800.4622159658549,812.0339962692552,792.8114361462965,809.0693359375,682499.0
2019-04-10,802.3749803949127,816.4811016721591,801.6576812534939,810.3126220703125,877653.0
2019-04-11,810.982100282637,815.7638015385917,806.5350800227332,811.6993408203125,1063389.0
2019-04-12,815.2378735775127,823.2711554519301,803.5226317754051,816.1942138671875,1373569.0
2019-04-15,816.242008936722,831.0653708792466,815.429128505702,828.1963500976562,959659.0
2019-04-16,831.926023079169,846.366883242979,828.2441220797662,844.9801635742188,1639776.0
2019-04-18,848.6621667882187,849.1403076139314,823.9884241393265,829.3917846679688,1051816.0
2019-04-22,828.6745106117021,833.3606307422033,817.7721493386518,826.1880493164062,875453.0
2019-04-23,826.283707543547,835.6558894096827,818.9197875742182,831.4957885742188,1225779.0
2019-04-24,829.630905437075,848.2796886936151,812.5123018960535,842.1112670898438,1838840.0
2019-04-25,837.8555180255703,898.9660699078796,837.8555180255703,884.4296264648438,7163932.0
2019-04-26,886.0076179668295,893.2280201525575,858.8951715544689,873.5751342773438,2555157.0
2019-04-30,877.9264246459053,883.4731866220513,857.6040029701328,861.8598022460938,1450483.0
2019-05-02,860.7122038530251,867.5500459073263,852.4397634194737,860.042724609375,1025462.0
2019-05-03,860.7121614177655,870.2278027717723,843.0675398689114,859.4210815429688,1087362.0
2019-05-06,849.9532796066034,859.2776413997793,846.701699174739,857.4127807617188,876330.0
2019-05-07,860.7121882137689,867.310930418295,827.7181841767687,834.2691650390625,1380816.0
2019-05-08,836.6121966555787,841.393956591868,824.3709357568608,832.9302368164062,1175113.0
2019-05-09,826.2837887304624,834.8909109192914,819.637167288577,831.0654907226562,857472.0
2019-05-10,836.7557287134583,836.8035486610638,816.0508048549339,820.1630859375,635528.0
2019-05-13,817.0070301970089,817.1026700787571,796.9715884252792,801.3707885742188,655277.0
2019-05-14,803.4747773024719,814.0902185248374,782.0047951448789,808.6390380859375,1346851.0
2019-05-15,809.0695106322906,810.0258509908709,774.7366046051584,779.2314453125,1304675.0
2019-05-16,779.4226490123644,790.6119297402736,769.7157279271196,784.300048828125,1469175.0
2019-05-17,783.2479707183008,797.2106306087932,778.7531310119277,792.7636108398438,1781086.0
2019-05-20,806.2004000860152,854.9741081234362,806.2004000860152,851.4356079101562,1956895.0
2019-05-21,863.2943089491008,863.2943089491008,824.3709824566193,827.8138427734375,1270483.0
2019-05-22,830.6827900692936,830.6827900692936,811.9384276781436,819.9238891601562,1367357.0
2019-05-23,833.9344037691451,866.1633464504557,823.9406215302081,847.8493041992188,3434175.0
2019-05-24,853.109183580156,874.6269857211719,839.6724829262514,870.3234252929688,2203557.0
2019-05-27,865.4938870389697,917.9016751727091,857.4127851639673,894.47119140625,3436774.0
2019-05-28,897.0533889427686,897.0533889427686,868.1239033041744,871.1842041015625,5234595.0
2019-05-29,871.2321057645422,875.535666983895,862.1946037627488,870.75390625,1357165.0
2019-05-30,872.1883729374421,879.6478745176199,859.4689701534771,871.662353515625,2254269.0
2019-05-31,872.6665326715577,873.1447321562731,840.4376454880794,847.4190063476562,3001346.0
2019-06-03,851.244331200817,857.7474922959697,846.3669896808902,855.978271484375,1332908.0
2019-06-04,851.1486141709057,864.4418548349724,844.7410935492771,847.8014526367188,1001864.0
2019-06-06,851.0530936283097,851.0530936283097,815.1422484573029,831.5914306640625,2895951.0
2019-06-07,833.9344080479598,839.0509076562138,819.5414253111383,833.408447265625,1249774.0
2019-06-10,838.5248924096977,845.8409336744925,827.096570342657,842.4937133789062,1275597.0
2019-06-11,846.3191623073494,856.695504559534,838.2380016543042,851.2443237304688,1283479.0
2019-06-12,847.3233488405301,856.8389909626982,839.0031468024274,849.52294921875,825180.0
2019-06-13,845.410624241981,867.8847677289175,831.7348232081181,865.111328125,1522460.0
2019-06-14,864.5374971145526,867.0240169039121,853.9220559718669,859.7557373046875,1857932.0
2019-06-17,857.9387039958027,860.7121434620075,835.6558413952788,840.9635620117188,1488586.0
2019-06-18,839.6725496859303,845.3150103544458,828.1964071659141,841.2505493164062,889937.0
2019-06-19,844.4542967329622,849.6185578561746,834.7473751780018,843.5457763671875,958111.0
2019-06-20,837.9032906188821,866.0677141263019,832.021730486557,861.4772338867188,1420675.0
2019-06-21,856.9345443223459,873.9096863167046,854.7349441662469,858.5603637695312,1835093.0
2019-06-24,861.2859463539857,869.6061477611547,841.5851843389008,847.9448852539062,1073598.0
2019-06-25,847.8493084270004,866.8805913282303,838.7639878704387,862.768310546875,1024286.0
2019-06-26,857.938702868957,879.8390645026288,857.938702868957,879.0261840820312,1837043.0
2019-06-27,884.5729664827518,896.8620473756308,876.0614853315806,881.5604858398438,2084022.0
2019-06-28,884.4295344019112,886.9159955776558,865.4938336159996,874.1965942382812,1685470.0
2019-07-01,879.3609118771053,885.577153123117,865.9242691408147,879.839111328125,835610.0
2019-07-02,882.7081278110362,889.2112886951362,875.3920864671422,879.6478271484375,1031893.0
2019-07-03,883.6644462756799,893.2279075861262,880.4128659139558,887.3942260742188,1455304.0
2019-07-04,889.4982144552928,904.5128568047984,885.1946537996654,900.4962158203125,1411446.0
2019-07-05,901.8350430993974,908.0513428633944,877.0656597409264,886.5813598632812,1727064.0
2019-07-08,878.1176696671384,879.8391291227515,839.6247227850048,849.7620239257812,1897406.0
2019-07-09,848.2796801638065,873.6229041912296,843.9761193481004,871.1842041015625,1308607.0
2019-07-10,868.076133075339,878.7872157811014,865.2548732483352,873.5751342773438,994282.0
2019-07-11,879.7434243897983,884.2860845200505,869.9408635939959,879.1217651367188,786557.0
2019-07-12,879.8391233435216,887.3464446069349,871.4711016593927,876.0615234375,1144580.0
2019-07-15,878.8827557757269,887.1073173675338,876.0136763251505,882.0386962890625,667808.0
2019-07-16,883.2819343436613,896.4316568551858,878.5479943895599,889.8806762695312,1212769.0
2019-07-17,888.8288055374834,898.0097669173232,881.2259024737618,886.2467041015625,573073.0
2019-07-18,884.5730554204142,886.0075952720248,865.9243303638669,868.0761108398438,695443.0
2019-07-19,875.0573804993813,884.6208424137986,836.803532841712,841.5374145507812,1237552.0
2019-07-22,840.6287734049763,856.0737935305293,825.4228529785827,853.2047729492188,901037.0
2019-07-23,853.5395554526364,859.2298359551446,840.4375936146487,844.9324340820312,699653.0
2019-07-24,841.5852063658834,846.988567148156,828.2920234646027,840.1029052734375,1007667.0
2019-07-25,840.1507120703518,847.2276536147298,825.5185709351763,830.7306518554688,973080.0
2019-07-26,832.0695561094029,841.4895577713946,829.2005352415199,836.7556762695312,710409.0
2019-07-29,835.8472362362119,837.7120970493751,754.7011776544638,760.9174194335938,5696289.0
2019-07-30,756.4702283299557,781.335248453625,724.9108270445362,729.26220703125,5231380.0
2019-07-31,726.823650816042,757.139856890656,723.4764302731558,753.9360961914062,2581491.0
2019-08-01,743.0814632743845,748.8195633044724,730.9836625705983,740.7384033203125,1038747.0
2019-08-02,738.2996809070855,752.5014414205099,718.2642392607468,744.0377807617188,1934553.0
2019-08-05,739.1603916083023,739.1603916083023,714.0563289230548,716.7340698242188,1103201.0
2019-08-06,709.9919551695831,736.7696604708192,707.6967149147805,728.2581787109375,1519811.0
2019-08-07,724.7674272435506,729.6925882965244,701.0022051332918,705.7361450195312,1638212.0
2019-08-08,713.5085185598431,717.2256800378279,691.3984246269663,712.011962890625,2507054.0
2019-08-09,713.508425242613,740.5425653999017,713.508425242613,720.7496948242188,2047215.0
2019-08-13,722.1980327600457,724.1290302546358,681.3571221798013,685.1708984375,1359604.0
2019-08-14,685.1709432664984,718.9636382891455,684.5433305830365,709.1637573242188,2963050.0
2019-08-16,700.0879151704953,731.2254409554446,694.4396974086264,726.3013916015625,2553356.0
2019-08-19,730.8393120666614,733.590974656901,706.0740529340619,707.0878295898438,1635566.0
2019-08-20,712.5429462381346,712.7843357225116,695.0190754618872,704.0947875976562,1410059.0
2019-08-21,702.0189392581254,704.7223830891093,671.0262459777377,674.6951293945312,1967583.0
2019-08-22,668.0331476365595,684.3501892358069,657.750547295485,664.7987060546875,2280042.0
2019-08-23,667.5504516618666,714.4740248042582,656.5919603768351,694.6328735351562,3111181.0
2019-08-26,699.3155230824594,715.4394520582108,680.7778177586765,711.8670654296875,1845859.0
2019-08-27,718.3360337895738,723.8876963860663,696.0328867691399,698.9776611328125,2236661.0
2019-08-28,700.4258869534543,707.4257676804873,683.6743446089115,688.8880615234375,1400013.0
2019-08-29,688.8880450357489,688.8880450357489,671.0262298459173,684.3984375,1518734.0
2019-08-30,688.4053618789945,691.3018582131537,674.9365385551797,686.4260864257812,1424457.0
2019-09-03,681.6468117627852,687.3433078051092,669.4814324879525,672.233154296875,2362487.0
2019-09-04,673.9227257999913,677.6882240804841,664.7503991534148,670.1090087890625,1523360.0
2019-09-05,670.2538332450716,681.2606023753762,667.7435600351378,673.0538330078125,1190309.0
2019-09-06,677.9295918122144,686.9088073763735,675.5158744451081,679.4261474609375,1253494.0
2019-09-09,679.4260592730529,687.3432192355481,672.4261200739778,681.4053344726562,1047968.0
2019-09-11,684.0605959166111,691.7846453968219,682.4192065595722,686.9570922851562,1298358.0
2019-09-12,687.4398502208619,703.6603358836027,687.4398502208619,692.7984008789062,1812604.0
2019-09-13,695.3569518853777,698.4948376462802,679.8606346656758,692.7984008789062,1950769.0
2019-09-16,690.3846089220125,701.4879331588412,685.5570560663175,691.9776611328125,990471.0
2019-09-17,691.3018119829359,699.1224166426679,675.757158451229,676.7709350585938,1446135.0
2019-09-18,681.5019064582864,686.9570124416705,676.8191875839235,678.8467407226562,817748.0
2019-09-19,679.7158122102047,686.0881396297253,671.267594383755,675.7572021484375,1060144.0
2019-09-20,674.8882517633111,738.6115844235914,673.1020879220673,725.0462646484375,3765888.0
2019-09-23,734.7012674920434,758.8871905663948,726.3013873215807,733.1082153320312,3090228.0
2019-09-24,734.363344954174,739.2874535954497,714.7153066123196,723.83935546875,1393396.0
2019-09-25,716.6463042497705,719.0600213125255,693.5224368585825,699.170654296875,1357856.0
2019-09-26,703.5637270096285,722.1497098558675,695.3086215304266,718.142822265625,1979608.0
2019-09-27,720.6531804844258,720.6531804844258,697.0948696705879,701.92236328125,1286742.0
2019-09-30,699.7017491657015,713.1222947874472,683.8192082479811,704.9154663085938,1749122.0
2019-10-01,711.3844077598312,711.3844077598312,666.1987212042752,669.2400512695312,3466261.0
2019-10-03,667.1642410025199,671.9435163727617,646.8886474316208,656.2057495117188,3061113.0
2019-10-04,653.9850327527926,658.2332508952131,627.6267809444263,631.8267211914062,3266097.0
2019-10-07,631.8267542694737,631.8267542694737,611.7442136683869,626.613037109375,2407237.0
2019-10-09,627.5784650789338,654.5160500027964,620.7233593256481,647.2747802734375,2395820.0
2019-10-10,656.5436704245781,701.7775754582566,656.5436704245781,672.571044921875,7619401.0
2019-10-11,672.0883620289089,681.4537421749023,664.2677563584953,667.5504760742188,1706669.0
2019-10-14,670.0124666118809,683.4812303241536,664.2676928674301,674.55029296875,1653381.0
2019-10-15,675.4193186507331,681.791646094946,667.260768174672,679.4261474609375,943383.0
2019-10-16,683.6743286558197,709.1154183189508,683.6743286558197,705.6395874023438,2831288.0
2019-10-17,703.0327157630136,705.6396038020771,687.439842916586,699.556884765625,1883676.0
2019-10-18,700.474104497273,723.1634710727816,693.5224431007919,720.7496948242188,2272930.0
2019-10-22,720.2187340012241,745.3701580687721,716.8395177997858,729.9703369140625,2182945.0
2019-10-23,728.9565923776445,728.9565923776445,709.9361646925959,717.515380859375,1151929.0
2019-10-24,717.3704721655663,717.3704721655663,640.5645417890535,681.2605590820312,7423987.0
2019-10-25,675.8054033906146,692.0741653730964,665.3296925706471,685.46044921875,2926393.0
2019-10-27,686.9570742532859,691.0604587920382,670.0607571341463,678.7503051757812,590611.0
2019-10-29,674.9365392921873,696.0328562333383,664.1711598664373,690.094970703125,2920420.0
2019-10-30,700.4259372032784,715.7292029389695,690.0467213612088,709.5982055664062,2269362.0
2019-10-31,714.5705427455262,748.1701241318243,710.467099095251,742.2322387695312,3871916.0
2019-11-01,742.1839545140132,770.4732629409386,737.2599050056001,748.9425048828125,4575847.0
2019-11-04,757.3906760450496,768.4457226329857,753.0941799399841,756.7631225585938,2514667.0
2019-11-05,757.9217238087089,767.576770455204,733.3495765498791,742.08740234375,2753700.0
2019-11-06,743.4391405755061,755.6045197329116,734.749592486515,746.5770263671875,1911261.0
2019-11-07,751.1632052750251,755.0252004318332,744.7908777678376,751.0183715820312,1138289.0
2019-11-08,748.6527490084843,758.7905733632396,743.4390327441257,747.3010864257812,1351460.0
2019-11-11,743.4391005203427,745.128767648882,729.1978909013326,740.63916015625,1634062.0
2019-11-13,733.7840215561731,742.328735114842,710.8532653359099,714.0394287109375,2169582.0
2019-11-14,688.5018717609641,730.7427215134106,687.4398172595193,708.6326293945312,4280246.0
2019-11-15,709.6464518542715,741.5081481203775,699.7982933416238,729.1013793945312,4591327.0
2019-11-18,724.1289261805058,758.7905569666585,724.1289261805058,742.9562377929688,4195366.0
2019-11-19,748.2666043873088,766.1284182386902,745.3700492602119,759.031982421875,3872595.0
2019-11-20,763.7147618843921,773.3698682712898,754.0597146615859,762.411376953125,3170178.0
2019-11-21,767.8664889563748,769.5078191884438,748.5563352135532,752.0804443359375,1801943.0
2019-11-22,751.5493777058163,769.4111928460188,743.6804950664848,765.8388061523438,1463703.0
2019-11-25,766.6113172395691,796.4454019080474,764.8733720582409,794.514404296875,3733959.0
2019-11-26,794.51430016231,796.7832427654861,757.0044486998363,763.762939453125,3934814.0
2019-11-27,759.8526794058084,775.1076652821881,757.9216820158049,760.9147338867188,1871064.0
2019-11-28,764.5837534716003,775.0111877619164,756.0389797043721,772.5491333007812,2156790.0
2019-11-29,768.5422709993937,781.0938139199419,757.3906687268177,759.9010009765625,2208357.0
2019-12-02,782.059340635697,793.6453843435443,774.5766220807013,779.4041748046875,5108844.0
2019-12-03,777.2317373808534,777.2317373808534,752.1768728998305,755.3147583007812,2460349.0
2019-12-04,754.1079819096251,763.3768649776308,748.7977089702845,758.3079223632812,1618761.0
2019-12-05,753.0941838628767,762.604396986177,740.4460849627742,742.7633056640625,1757155.0
2019-12-06,748.2666679947512,752.7562164116358,737.7426193560967,741.5081176757812,1713845.0
2019-12-09,744.4045845157115,747.301139774755,736.0529823185917,739.86669921875,1214194.0
2019-12-10,739.5771564590542,755.0251961630358,738.321990290961,743.6322631835938,2108475.0
2019-12-11,743.6322769837353,747.8804953766789,733.3013392270109,740.9288330078125,1345699.0
2019-12-12,745.4667093211709,752.1287042156877,743.0046548679603,747.4942626953125,997387.0
2019-12-13,749.2803769522026,760.4319188908152,748.025210959006,755.3147583007812,1460681.0
2019-12-16,753.0941402011955,756.1837479024259,735.135769553506,736.777099609375,1549248.0
2019-12-17,739.3840213191525,746.2873462776503,730.7427512740006,742.280517578125,1832318.0
2019-12-18,746.9149609182575,749.6183456010333,725.577255011508,728.1841430664062,1680699.0
2019-12-19,728.8599708681394,734.3633551627288,711.1429889189,717.3222045898438,3585881.0
2019-12-20,717.8532450928736,722.2462968493377,715.391190794087,719.8807983398438,1613335.0
2019-12-23,718.3360333039391,727.0255818553412,709.6464847525369,716.7429809570312,2498865.0
2019-12-24,720.2669658848248,723.1635212497118,711.7222518029909,713.0256958007812,1487197.0
2019-12-26,714.0877832484862,720.0739466697137,708.6809545925822,711.3361206054688,1303525.0
2019-12-27,712.0602179750603,718.3359895097763,710.225776243765,714.2326049804688,1058946.0
2019-12-30,716.4050039816008,720.1704432998447,707.5223442260249,711.3361206054688,1313072.0
2019-12-31,711.5773811384191,720.3634842380704,707.6188306199721,717.9979858398438,1690403.0
2020-01-01,721.0393554181717,721.6186309470767,713.1221954292561,716.8876342773438,688037.0
2020-01-02,716.405004754401,741.9908703123024,715.4395059752435,739.9150390625,2423328.0
2020-01-03,743.3908936998212,743.3908936998212,725.5772957084092,730.5496826171875,1417070.0
2020-01-06,729.3428357504673,729.7290589619357,709.6465169192851,711.5775146484375,961348.0
2020-01-07,712.7360312095956,729.9220152300203,710.1292023679407,716.6946411132812,1108401.0
2020-01-08,710.0327114965278,724.0325332144397,708.2947662791026,717.0325927734375,1317705.0
2020-01-09,726.9773055068257,735.0393005493293,724.1773648369068,731.17724609375,1477783.0
2020-01-10,730.6945090287411,740.0598888045511,725.0945686569025,730.1634521484375,1266475.0
2020-01-13,730.887554162079,738.6115438605182,730.887554162079,733.3978271484375,835989.0
2020-01-14,736.4874403702217,741.4115489203076,727.1220613759428,733.6875,1190936.0
2020-01-15,731.8531044505443,742.4736501984495,721.7152785107677,739.9633178710938,1522089.0
2020-01-16,740.8805502140563,744.4046592734911,727.1221184261879,729.9703369140625,1041500.0
2020-01-17,690.3363339126626,745.3701172115691,686.4742797791448,741.74951171875,4938472.0
2020-01-20,741.1219135696737,750.6804045535761,736.1495860747021,746.142578125,1581541.0
2020-01-21,752.1286013664426,754.156154463328,737.1150055400104,745.0321655273438,1667878.0
2020-01-22,744.259767121692,771.4387424409664,740.6391617147913,765.5491943359375,3093985.0
2020-01-23,757.9217228242882,783.9420885896388,755.9907253303148,780.997314453125,2597472.0
2020-01-24,780.1282854224733,795.9626063206576,768.4939638003195,793.6453857421875,1933519.0
2020-01-27,786.8868709211895,808.0314652762634,782.05937713598,785.0524291992188,2820058.0
2020-01-28,789.3006391756634,795.4315769264597,769.7491564299851,780.997314453125,1790691.0
2020-01-29,785.9213131173186,794.4660267646442,772.4042132061047,774.6248779296875,1840396.0
2020-01-30,781.0938222642095,781.0938222642095,760.0941206794115,763.9561157226562,1330496.0
2020-01-31,765.7423788096478,770.4250391701268,748.797723801858,752.0321655273438,1304458.0
2020-02-03,732.8185327730089,755.9906787656837,724.3703748841668,753.4803466796875,1541064.0
2020-02-04,753.1424988631403,768.8802655830126,753.1424988631403,766.3216552734375,1075827.0
2020-02-05,766.3215743846887,774.4318463826767,760.8664682136622,772.3076782226562,1062607.0
2020-02-06,774.721474743156,778.8249183247149,765.935371168379,773.3698120117188,1222421.0
2020-02-07,773.3697090139179,775.8799817266155,758.4526105830065,760.4801635742188,1086833.0
2020-02-10,759.8527213552277,762.4596093905108,726.0600285082252,731.4185791015625,4260702.0
2020-02-11,733.7840466780841,742.4735942100345,728.087551055918,733.1082153320312,3394755.0
2020-02-12,735.8115941923336,747.7355830097996,728.4737685732972,729.29443359375,1852945.0
2020-02-13,729.2944435289844,738.5633258385304,719.5911193387319,726.3013916015625,1884479.0
2020-02-14,728.4738087200891,744.2597932078419,711.673988419093,717.4187622070312,3412990.0
2020-02-17,717.3705128137124,724.1290635193363,708.198185546924,711.9636840820312,1522461.0
2020-02-18,711.915365074777,715.6325854974469,690.8673269728214,698.9293212890625,1757880.0
2020-02-19,704.8189306754614,733.5426808517755,701.2465439275659,731.0323486328125,2076090.0
2020-02-20,724.1290501533925,741.3150348228653,720.1704401002055,725.3842163085938,2137038.0
2020-02-24,722.1980411562635,722.1980411562635,697.2880075270042,699.8948364257812,2367336.0
2020-02-25,701.9223760081909,707.618871819736,690.4328877588152,695.550048828125,2281107.0
2020-02-26,693.2327797196021,697.2879451394691,675.8536852930054,678.55712890625,2852422.0
2020-02-27,678.5571736300826,692.7501056248678,662.3366883737692,688.260498046875,3363958.0
2020-02-28,663.3022497299222,683.0951235920362,660.4056940850663,663.495361328125,4407386.0
2020-03-02,676.8192224039382,677.3020013494659,634.6266499641912,645.3920288085938,2254276.0
2020-03-03,647.8540600674279,680.2950291308186,647.8540600674279,675.9019775390625,3363570.0
2020-03-04,678.2674847131932,684.3501443045466,658.4746133484374,665.7159423828125,2853717.0
2020-03-05,668.9021982503051,671.5090273649142,654.6127089457557,656.8333740234375,2171130.0
2020-03-06,627.5784362460406,647.7574702745695,622.7508838722047,642.1092529296875,1701571.0
2020-03-09,625.647421250776,631.4404726503857,603.7305000474303,612.7096557617188,2786900.0
2020-03-11,613.095908181806,618.4061808999501,594.7513135652841,603.6822509765625,3001659.0
2020-03-12,588.7168203412537,588.9582097989306,535.8554281500543,540.5381469726562,4778932.0
2020-03-13,519.0556270608746,609.8614335172736,487.5801860466792,584.0824584960938,6209514.0
2020-03-16,559.9930516726546,578.8204228882778,539.7174029284201,557.0,2988394.0
2020-03-17,551.5932445706553,565.448231616319,534.1658707063432,536.4830322265625,3007242.0
2020-03-18,548.4070050106092,548.4070050106092,475.4148219221936,508.8695983886719,6864942.0
2020-03-19,464.40806519410023,500.9041405344774,464.40806519410023,474.11138916015625,3915320.0
2020-03-20,477.9251622461754,545.2208507350003,471.21488976444726,511.1385498046875,3046590.0
2020-03-23,464.6977855170086,482.7527444055028,383.353959089203,418.30523681640625,4492684.0
2020-03-24,420.96031023055036,442.1049037167554,379.44359914534607,386.2986755371094,2996993.0
2020-03-25,376.5470451046586,442.8772575649853,371.76780018912393,435.7807922363281,4213471.0
2020-03-26,424.7740815775343,467.3046013382758,409.3260124519804,455.1392517089844,3976225.0
2020-03-27,455.7667826412533,476.7665426311577,431.436055005144,445.00140380859375,2028451.0
2020-03-30,432.5463677558395,460.06328726812836,423.08443334063014,434.96014404296875,1999573.0
2020-03-31,447.41521816702493,463.2012331286942,437.9532529369243,459.6771240234375,1808450.0
2020-04-01,461.4150099103697,467.5942551302347,436.98772598587584,459.7253723144531,2128750.0
2020-04-03,457.1668022173899,461.22190887467826,435.6360140375373,439.0152893066406,1475994.0
2020-04-07,461.5115106462034,504.8627186406452,447.02891286089084,500.6627197265625,2642753.0
2020-04-08,494.82150357729984,514.1315966037099,483.1388742223279,494.91802978515625,2411598.0
2020-04-09,510.7522848598813,528.5658801948756,495.3042174618404,512.2488403320312,2500431.0
2020-04-13,512.2488875330927,541.6485287301308,492.4077372553676,525.7176513671875,3275888.0
2020-04-15,539.621008803137,553.0897734702437,511.862696023093,516.9315795898438,2133786.0
2020-04-16,511.71781915787915,537.7864624404649,505.0075467578203,524.9935302734375,3609311.0
2020-04-17,540.6830477281683,543.5795440874031,514.9522891213704,526.7314453125,2741854.0
2020-04-20,529.3383039005322,533.8279114633738,501.4834968498867,503.6558837890625,3118395.0
2020-04-21,497.09042650640436,499.45592493652987,486.1319364302526,491.9732360839844,2598896.0
2020-04-22,493.3732199452942,495.59388475804735,485.11814373902155,492.7939147949219,2333990.0
2020-04-23,497.2352611355351,499.98692355104487,481.4974962760363,483.1871337890625,2048968.0
2020-04-24,475.0286503290213,484.5871414291624,468.0287398518795,481.83544921875,2560066.0
2020-04-27,487.4836544436265,493.0835945101247,475.3182755631768,481.06304931640625,1765581.0
2020-04-28,489.46294700064743,493.8559989958813,476.76656998764827,480.2906494140625,2128372.0
2020-04-29,482.7526868948917,487.4836544228454,478.456190845069,484.6354064941406,1404693.0
2020-04-30,487.5801678433061,497.2352432245318,484.00778137346066,487.4836120605469,6561590.0
2020-05-04,475.9941225082869,477.8768716342411,459.91847121563586,462.52532958984375,3320830.0
2020-05-05,468.27010008747476,470.97351440295853,453.0633908651231,455.1875,1735925.0
2020-05-06,458.6150820378975,469.2356579624594,453.0151414670912,465.75982666015625,1896522.0
2020-05-07,465.7598119183716,474.9803876173679,459.9667895132681,468.4632263183594,1743414.0
2020-05-08,472.90451312397516,475.8010388530091,466.0976850562561,469.5252380371094,1451705.0
2020-05-11,472.32523455638415,494.82152155667694,468.02873840607396,487.0491943359375,3912963.0
2020-05-12,485.35953691434014,503.02827018040597,475.125185289062,500.08349609375,3122914.0
2020-05-13,531.0279650385801,531.0279650385801,501.1456017425152,504.9110412597656,2711938.0
2020-05-14,500.13175588613257,510.3660775589343,490.71806964801533,493.7593994140625,1940379.0
2020-05-15,496.5111075605129,501.91793593078347,492.31116739015204,499.9869384765625,1384443.0
2020-05-18,497.71799535268804,497.71799535268804,477.05618061564263,478.6975402832031,2678574.0
2020-05-19,481.0147536546946,503.0282603609652,477.97342383793466,494.19390869140625,3299878.0
2020-05-20,493.3732317569846,520.3590962525724,489.5112071893909,518.33154296875,2862696.0
2020-05-21,518.3315313949684,518.4280871838598,503.55932399177374,508.7730407714844,2005953.0
2020-05-22,505.82826455705526,516.4970875434531,495.4007718777764,513.9867553710938,1752039.0
2020-05-26,516.5453709480148,525.6210826853625,509.64198698242706,514.2764282226562,4004041.0
2020-05-27,516.5453860176872,549.9518560767501,510.8006121945589,547.1036376953125,4754112.0
2020-05-28,548.407002664849,561.5861578704843,538.0278470069785,556.6138305664062,3330221.0
2020-05-29,569.9377868741549,581.2341627160108,557.0965184994076,568.875732421875,5979901.0
2020-06-01,572.0619850645281,579.3032557940729,560.0414389717466,563.3724365234375,2564085.0
2020-06-02,562.889565722616,580.6066052094117,555.6965740654572,575.779052734375,2681043.0
2020-06-03,579.8343655881545,588.9583568903004,571.9172035476314,577.17919921875,2436065.0
2020-06-04,576.40675055634,589.923792989897,562.7448152633335,584.2273559570312,1650031.0
2020-06-05,590.5031255673506,608.9442769178843,588.4755721680891,605.5167236328125,3146152.0
2020-06-08,613.0959579109217,622.1717297457652,592.5789746471742,595.8616943359375,2757483.0
2020-06-09,601.606441177495,613.8683171790049,585.7721190875362,590.792724609375,2091161.0
2020-06-10,590.8893283778069,604.4064308123218,589.0548864512151,593.5444946289062,1797749.0
2020-06-11,596.6822188306812,604.4062668168862,562.4550892465629,570.2273559570312,2507917.0
2020-06-12,548.6000519451335,585.2892951176284,548.6000519451335,581.1858520507812,2110589.0
2020-06-15,588.9582746099728,589.7789396923007,557.1931342425369,561.8275756835938,2927192.0
2020-06-16,577.3722281357885,583.6479997193745,560.1862435438991,568.7792358398438,1815454.0
2020-06-17,566.8482109175753,577.0825328779887,560.7654920504559,563.7102661132812,1161867.0
2020-06-18,562.8896546872674,582.0549747784672,558.3517688429002,577.4688110351562,1808862.0
2020-06-19,577.3723066525799,582.8756918018141,573.0758099203275,580.5101928710938,2630246.0
2020-06-22,583.068767047777,607.1580784893862,566.7517242307692,596.296142578125,5901428.0
2020-06-23,601.1236526673749,612.4683667641993,591.9030476996467,600.8822631835938,3194115.0
2020-06-24,604.4063500985234,611.599342304092,577.8549277896471,592.4823608398438,2452073.0
2020-06-25,589.8754910821805,604.9373664890791,583.2134963514198,586.4962158203125,2097893.0
2020-06-26,591.7582325824146,604.7442759500084,588.9582330907941,594.8961181640625,1767686.0
2020-06-29,592.5789482788325,602.9098267185424,577.8549586522546,597.8892211914062,2018333.0
2020-06-30,603.6822813523281,607.0615567364724,590.2134577139855,598.32373046875,1634716.0
2020-07-01,598.4202595324385,604.3581455166341,591.034154850903,593.1582641601562,1402760.0
2020-07-02,593.7375369469266,609.764910893765,593.7375369469266,596.634033203125,2512090.0
2020-07-03,602.2822981630673,608.26840272554,592.3375833279019,606.4822387695312,2074752.0
2020-07-06,611.1648682489646,630.8611834165728,607.399370129826,619.03369140625,4075813.0
2020-07-07,619.0338317717195,620.7234992266467,599.8685690753929,602.1375122070312,2164858.0
2020-07-08,606.3373211690579,610.054541429517,584.4203410776104,587.5099487304688,2401094.0
2020-07-09,590.8891771510255,601.2683908277585,588.9099020266664,595.3787841796875,1631873.0
2020-07-10,595.378881835206,598.5167676482287,576.5032890600653,590.3582763671875,2704109.0
2020-07-13,593.2064389918652,596.6339918644653,586.5927227089785,590.6478881835938,1722338.0
2020-07-14,591.3236493844738,592.6753710490348,573.365281307593,576.116943359375,1758125.0
2020-07-15,581.6687205521681,586.0617724653133,566.1240662188715,568.5861206054688,1921434.0
2020-07-16,571.5791357902948,572.5446344912419,559.9930922148445,562.9378662109375,1515681.0
2020-07-17,564.337894221607,574.8618838368053,562.8896165155926,571.6757202148438,2180665.0
2020-07-20,577.3721555099553,590.3099202231493,572.8825483400051,582.344482421875,2295638.0
2020-07-21,584.1307655167474,595.2340306973466,581.1376543183794,582.2962646484375,1950293.0
2020-07-22,586.0617409561551,590.8892345129783,573.5101393802436,581.0410766601562,1749629.0
2020-07-23,584.420417095555,590.6962481674639,576.4067591457278,577.6136474609375,1211759.0
2020-07-24,576.2136328357393,576.2136328357393,561.5379209953629,562.5999755859375,1255646.0
2020-07-27,564.8206271897891,564.8206271897891,548.8415308115669,551.1104736328125,2224709.0
2020-07-28,553.0414066089621,577.323884252539,545.5104697366069,575.6824951171875,5625982.0
2020-07-29,579.303248972348,600.3995665512988,578.6756954543869,595.041015625,6110360.0
2020-07-30,592.9650851429286,603.5374117504772,580.4135423177896,582.1514282226562,2519390.0
2020-07-31,585.4342183708358,614.9304185717396,581.2342776230622,611.2132568359375,4769694.0
2020-08-03,608.2683687538818,620.5785816524067,600.2064332882208,611.6476440429688,2556245.0
2020-08-04,613.4821202062815,617.6820604087128,600.7374067501152,603.1029052734375,2070693.0
2020-08-05,603.1512066062959,621.3992458088919,600.2547102902917,611.599365234375,2505820.0
2020-08-06,614.061310942113,624.1991349996642,607.3027615704121,612.3234252929688,2312477.0
2020-08-07,612.130413885901,619.7579073300496,606.578751648316,614.5924682617188,2235535.0
2020-08-10,617.9235465473885,621.1579885213124,606.0477741780778,612.1787719726562,1932817.0
2020-08-11,613.0958915149507,618.8406651391724,597.696071468929,602.7167358398438,2069626.0
2020-08-12,598.6133229894813,607.3028711309995,593.882384907068,604.5512084960938,2151111.0
2020-08-13,610.0062265045697,615.9923298753147,600.0615136492216,610.0545043945312,3049144.0
2020-08-14,610.1994109479477,617.7303485328923,601.944304927084,607.2545776367188,2852059.0
2020-08-17,608.4132522882717,612.1304731600245,589.6342138184634,603.7788696289062,4326042.0
2020-08-18,599.5787137204461,655.0952678609407,599.5787137204461,644.0885009765625,15527149.0
2020-08-19,644.9093098684721,648.8195826760016,637.667980660629,641.9161987304688,3257907.0
2020-08-20,637.378386054435,651.7160927639723,632.4542773549272,642.640380859375,3026994.0
2020-08-21,651.4264953672915,659.4401528647913,645.8265551998778,653.9850463867188,4009171.0
2020-08-24,656.9298438565227,669.5779420656721,643.219631983557,648.3850708007812,3836076.0
2020-08-25,648.8195492481824,656.0125410267332,638.8265580543499,650.5092163085938,1831246.0
2020-08-26,653.6172279308606,659.0077812946203,639.6794951447387,648.0324096679688,2459758.0
2020-08-27,650.8977877206632,668.2349800818749,647.8382936894095,665.3697509765625,3272319.0
2020-08-28,670.1289011320681,696.8874645471797,664.3498175428496,681.0071411132812,7416581.0
2020-08-31,682.8040686589337,690.3799840693198,651.3833837049104,655.4627685546875,4474304.0
2020-09-01,657.5023832551499,684.5522840002044,632.3464463451646,664.884033203125,4746522.0
2020-09-02,661.4359869952343,666.243805277131,643.6131344150956,658.959228515625,3946609.0
2020-09-03,665.3211876473606,708.3970544651273,662.0188624442748,703.92919921875,7528192.0
2020-09-04,684.746562359007,703.2007173501197,678.6275151692705,686.2034301757812,3620215.0
2020-09-07,699.3156103796128,700.0926700479904,673.0912749903773,680.035888671875,4194868.0
2020-09-08,682.7069386992558,682.7069386992558,654.8314099520887,657.6481323242188,2836862.0
2020-09-09,656.579671701867,676.4906937320503,644.9729387447879,667.3607788085938,2847119.0
2020-09-10,676.539311125267,697.130261883624,661.7274441692764,692.80810546875,4943692.0
2020-09-11,694.459258807085,706.1144987006701,684.4065853841181,700.2383422851562,7359626.0
2020-09-14,700.2869165437191,714.807385470428,682.8040267441241,686.6890869140625,3056973.0
2020-09-15,691.1569218219912,702.7150290588276,689.4086566995906,699.7041015625,2938207.0
2020-09-16,702.180860083763,716.0214609354991,693.5851141166634,699.7041015625,3050802.0
2020-09-17,699.7040361375043,717.52688735088,695.9646751093935,703.8804931640625,3942939.0
2020-09-18,707.0372207692816,727.1425682767718,703.8320282051445,723.597412109375,3228972.0
2020-09-21,728.1138233198623,728.1138233198623,689.6514535620948,696.256103515625,2436306.0
2020-09-22,699.704127207654,724.5686672324828,686.4948273000244,708.1541748046875,3326343.0
2020-09-23,708.3970674774771,711.6993927412224,684.7466215902194,697.7616577148438,2586941.0
2020-09-24,687.6603363289403,694.4592509892581,656.0940148545333,660.17333984375,2836522.0
2020-09-25,663.3785276983657,691.7396565548905,663.3785276983657,687.8060302734375,2267006.0
2020-09-28,694.4593656759737,714.5161493809646,694.4593656759737,713.1077880859375,2555901.0
2020-09-29,714.8559985702237,718.6439860499776,694.507878536982,700.7239990234375,1829165.0
2020-09-30,700.7239900160516,724.9572296799043,694.5078696095007,722.8204345703125,2387252.0
2020-10-01,727.6767582306103,734.2813484075638,714.9044953625689,732.873046875,2413277.0
2020-10-05,730.5905836375817,741.6630885571424,720.6350424556736,728.5994873046875,1907600.0
2020-10-06,728.6965444433162,738.1178561381306,719.2266070076088,735.9324951171875,1861945.0
2020-10-07,733.3101168883189,739.8176344269993,726.5112614949876,737.8265380859375,1633121.0
2020-10-08,743.0228894451544,752.444262462044,736.9039012214065,748.21923828125,2229138.0
2020-10-09,747.442157858909,750.6959168117406,720.9264834394954,723.694580078125,2916735.0
2020-10-12,724.7143929490037,730.7363079044188,716.7985140513553,723.3060913085938,2824839.0
2020-10-13,721.4606044199717,741.0802892931729,715.7786533094171,727.9195556640625,2751314.0
2020-10-14,721.6548711873908,745.9366759590865,712.3792572369952,741.6630859375,2415604.0
2020-10-15,738.506444259589,745.8880941869152,723.7916511147998,728.5509033203125,1506667.0
2020-10-16,731.3189999566073,754.3381418372799,728.4537710973899,750.5016479492188,1772044.0
2020-10-19,749.8217569384567,759.9229970501283,739.6720101145667,750.938720703125,2143086.0
2020-10-20,752.7355196443725,757.4947119816314,742.5371483203645,754.872314453125,1746130.0
2020-10-21,757.5919259043553,771.6267923417824,749.3847093527294,769.00439453125,2418947.0
2020-10-22,769.0044200587638,771.6268179563482,758.5632161466617,768.9072875976562,1706604.0
2020-10-23,771.2868907652154,780.9024684699838,759.6315909557044,762.642578125,2363692.0
2020-10-26,762.4483037251103,767.1589303019849,745.9366787982094,757.5919189453125,1344142.0
2020-10-27,751.7643764382935,767.3046777835575,750.6474126293026,756.7178344726562,1536888.0
2020-10-28,767.0132337361583,767.0132337361583,750.8415141014644,754.9208984375,1985259.0
2020-10-29,750.5502449879414,755.0181000144972,743.9941611360307,748.073486328125,1066172.0
2020-10-30,747.8792360517257,770.9469455582665,743.2656822469297,755.9893798828125,1716739.0
2020-11-02,761.8654785488889,769.1014892010328,753.2211663615079,765.2163696289062,1795870.0
2020-11-03,766.5276668889355,777.9401359773573,764.4394379948737,768.421630859375,2056424.0
2020-11-04,767.6931564723558,772.1610114105537,756.3292542134724,760.6028442382812,1505112.0
2020-11-05,764.8764628341515,787.1185446511101,764.8764628341515,781.2909545898438,2985097.0
2020-11-06,785.7587944981854,785.7587944981854,768.761566577092,771.5296630859375,1506722.0
2020-11-09,774.103508142509,785.0788801015307,766.5275934689521,769.392822265625,2196951.0
2020-11-10,776.0460785735735,793.0433658861016,758.6117547194348,766.8190307617188,2914387.0
2020-11-11,769.2472128417194,785.3703078197591,767.3046232339045,780.0283203125,2520351.0
2020-11-12,780.9024066727109,807.1267398926728,780.028274135532,803.1930541992188,3845786.0
2020-11-13,803.241710394049,823.6384559724642,795.9571924117233,817.1795043945312,5942145.0
2020-11-14,818.782135490112,820.3361954774001,811.1090870576057,814.508544921875,326158.0
2020-11-17,822.570056417367,828.9804417490394,811.5461172505331,818.6849365234375,1893365.0
2020-11-18,817.3736516642394,827.2320601373964,814.16845921859,824.5610961914062,1727008.0
2020-11-19,820.5304166408257,837.1391156824834,808.0981159581073,812.711669921875,1931331.0
2020-11-20,815.8683297969392,837.1391499038244,814.5085347646997,831.40869140625,2058126.0
2020-11-23,838.5960701157616,843.938058213015,826.6494313678236,830.0488891601562,2233883.0
2020-11-24,832.3798986010994,838.9359826187083,825.5809834308146,828.7376098632812,1399638.0
2020-11-25,831.4085204377234,848.6971438779839,815.9167282480187,818.8790893554688,2401936.0
2020-11-26,825.7753058590666,855.6904394636742,822.7158116746103,852.1939086914062,4266333.0
2020-11-27,852.1938125444503,860.4010290109558,845.0063678402665,850.5911865234375,4020685.0
2020-12-01,842.0926181046219,884.537182868534,837.3819317618247,881.7205200195312,4126748.0
2020-12-02,875.6499557777632,892.5501098232166,874.2415947279502,889.19921875,2854485.0
2020-12-03,894.5412932451688,898.3292212081919,879.9721976150307,883.9058837890625,1996094.0
2020-12-04,889.1021315524767,919.6971892893946,886.8682040566252,904.7396240234375,3042427.0
2020-12-07,912.9468970466376,926.5932940105396,903.5255837085901,910.7615356445312,3205743.0
2020-12-08,910.5672737946816,914.9379966136681,892.0159849300373,899.2034301757812,1763695.0
2020-12-09,900.3203841360481,906.9250345242895,889.8306137749021,893.8128662109375,1618537.0
2020-12-10,895.512422256529,898.2320117549546,876.6211729912698,883.3715209960938,1734033.0
2020-12-11,883.7601111477328,889.3449296800243,875.1157988588213,876.3298950195312,1945748.0
2020-12-14,880.6035643626059,897.4550944162147,880.2636007420623,885.265625,2052814.0
2020-12-15,885.7998046875,891.3360571866367,877.058359638067,885.7998046875,1467901.0
2020-12-16,893.9584682667871,898.7177206928004,884.828552768588,888.5193481445312,1395643.0
2020-12-17,889.5876741466958,899.7860458749285,885.799746616237,886.4796142578125,1482672.0
2020-12-18,885.7998277638502,890.4133815528934,876.0871174022767,883.517333984375,2224860.0
2020-12-21,883.4688189253172,883.8087825556565,843.3553126906559,852.1453247070312,1912602.0
2020-12-22,852.1452332298679,863.8490394118576,838.5474036853242,859.7697143554688,1715164.0
2020-12-23,860.6439295585999,882.886073628095,856.0303755546959,876.087158203125,2387101.0
2020-12-24,880.6034494156617,885.6540392458419,865.5001271154222,871.3763427734375,1425968.0
2020-12-28,875.3100942709931,886.1397681230984,871.3278420602053,880.603515625,1495820.0
2020-12-29,884.8284481929239,896.1437236486111,880.1663287770123,883.3715209960938,1631226.0
2020-12-30,884.9257214201904,911.9756244491357,871.5221557258348,907.5563354492188,2289284.0
2020-12-31,912.801131903053,913.8209631819675,895.075410816889,901.1944580078125,2086260.0
2021-01-01,897.9407093601076,911.0528769657628,893.8128179696096,906.5850219726562,1156184.0
2021-01-04,910.2273079659673,939.2197395911619,910.2273079659673,936.7429809570312,2678141.0
2021-01-05,927.5645446911844,944.0276042985804,919.7457980937708,933.6835327148438,1517829.0
2021-01-06,932.4208715595423,961.0734005416315,927.6131122533233,956.3141479492188,2171483.0
2021-01-07,961.5590392345266,975.7881709135559,949.1267390326066,965.2984008789062,1896450.0
2021-01-08,970.9317599481859,994.4365647978198,963.598676028742,975.4481811523438,2390870.0
2021-01-11,970.6403625756758,983.2183611305527,965.8811697451968,975.4481811523438,1254601.0
2021-01-12,976.9050346484389,991.2798040281576,969.037722807455,981.2757568359375,1557324.0
2021-01-13,980.0132502986394,1011.0939728029825,978.5077565992466,1003.6636962890625,2214186.0
2021-01-14,1005.2662689950454,1011.0454126634404,984.189714181176,990.9400634765625,1528096.0
2021-01-15,985.9379289115864,1009.4426751383369,972.8257608588495,1003.3722534179688,2034259.0
2021-01-18,993.6109655815607,999.9728441316237,962.3846056616653,970.4946899414062,1854738.0
2021-01-19,973.2142527458703,1022.263524971529,973.2142527458703,1002.2553100585938,4075179.0
2021-01-20,998.4672737403508,1008.6656456108328,985.6465042008427,1004.9747314453125,1534841.0
2021-01-21,1006.2375160614125,1016.8729251143905,983.4126381337371,987.8804931640625,1273254.0
2021-01-22,992.9310870437142,1001.1383036940117,971.2717390241221,975.1567993164062,1033889.0
2021-01-25,995.5535493904418,1082.6280379707396,987.7833692495105,1039.0179443359375,15405089.0
2021-01-27,1033.3846522406043,1082.3368003036817,1020.8552773206704,1031.0537109375,6647316.0
2021-01-28,1010.6081508606056,1045.0882661455069,1008.7141871153764,1036.7353515625,2845529.0
2021-01-29,1032.0733469873908,1062.5712732786244,1018.3298179536558,1025.322998046875,3837388.0
2021-02-01,1029.5480041386818,1098.3140953077352,1017.2614622347297,1093.31201171875,2107472.0
2021-02-02,1111.134920694072,1175.1417625883428,1103.8017767518413,1155.8133544921875,4139299.0
2021-02-03,1144.255120966184,1170.8679834466204,1138.5731107965692,1156.6387939453125,2436735.0
2021-02-04,1146.100541093021,1182.4746201955002,1137.4076629168096,1154.3563232421875,2669863.0
2021-02-05,1154.3564506583402,1174.073268963118,1139.3017524202432,1152.025390625,1642638.0
2021-02-08,1151.928326719159,1184.9515799610788,1150.9571210844801,1176.015869140625,1963580.0
2021-02-09,1175.2388944585166,1191.2647987638713,1169.4111846794035,1182.96044921875,1733956.0
2021-02-10,1181.066361118105,1213.118285396273,1181.066361118105,1196.02392578125,3276987.0
2021-02-11,1187.8653643929003,1209.0390505831472,1186.505509936265,1199.9576416015625,1221329.0
2021-02-12,1208.2620205322814,1218.7517303901095,1185.971312687603,1206.41650390625,3434991.0
2021-02-15,1220.9370923831118,1222.4425263862695,1181.7948560220482,1192.673095703125,1921858.0
2021-02-16,1198.9377569125036,1220.8885007255667,1190.3905772721816,1208.0191650390625,1567856.0
2021-02-17,1192.818724656748,1213.1182160212788,1192.7215922083597,1202.871337890625,1052775.0
2021-02-18,1202.8713984993854,1211.807108061901,1178.1524985225437,1194.32421875,1542595.0
2021-02-19,1196.3640330145815,1204.0855878906852,1175.2389120942187,1183.009033203125,1319734.0
2021-02-22,1186.4084572654772,1199.5206248828865,1180.0950855668357,1195.14990234375,1133104.0
2021-02-23,1203.4056709074125,1213.9925135271994,1186.5054566636106,1196.12109375,1440367.0
2021-02-24,1203.4056953357854,1220.888585640568,1195.8782868835035,1214.283935546875,443684.0
2021-02-25,1221.8597528706964,1251.9692667005788,1217.9746927103479,1233.9521484375,1949746.0
2021-02-26,1218.9460355566055,1233.5150708939386,1156.6388972330708,1166.3031005859375,2809674.0
2021-03-01,1172.2762507677428,1233.514924809512,1167.6626976664115,1229.581298828125,1607731.0
2021-03-02,1238.371487667966,1261.1963063181197,1224.7736575166657,1257.5540771484375,1961842.0
2021-03-03,1261.6818091149555,1304.4178243256604,1252.9403649849094,1280.233154296875,2252759.0
2021-03-04,1268.4809142243096,1320.9295868975682,1263.1388668809757,1311.6053466796875,1958602.0
2021-03-05,1310.0514671762203,1332.2936126901802,1285.9639237478304,1300.8729248046875,2724965.0
2021-03-08,1301.4555005269865,1328.4083282778972,1293.2968504746634,1305.6319580078125,1406248.0
2021-03-09,1342.2974418752717,1367.5505708140047,1321.9493828835023,1327.0970458984375,5099085.0
2021-03-10,1338.4124065892513,1349.4363452717969,1320.9295166282009,1345.2598876953125,1090258.0
2021-03-12,1354.923960137409,1364.5881633739016,1335.4985402432565,1339.8692626953125,1210907.0
2021-03-15,1349.0964106230733,1351.913132898428,1308.303039516858,1344.337158203125,974779.0
2021-03-16,1340.4521178192701,1357.5950448036479,1336.3727925515593,1344.7257080078125,1181261.0
2021-03-17,1342.8802590694777,1354.82683703565,1322.1921171039653,1327.8255615234375,1009550.0
2021-03-18,1352.0102333135753,1359.6832212511192,1332.5848132931637,1347.930908203125,1797660.0
2021-03-19,1340.9378414010148,1374.3496237877944,1323.8434798656479,1370.707275390625,2441007.0
2021-03-22,1378.2346454277576,1386.9760908785263,1360.9945856815064,1373.2811279296875,1593946.0
2021-03-23,1373.2811666743921,1381.6340825123661,1353.8071787849674,1370.707275390625,1007993.0
2021-03-24,1368.5218685294824,1368.5218685294824,1340.0150384945662,1347.7852783203125,1496233.0
2021-03-25,1343.75437269865,1360.2173708706096,1314.7133172916401,1333.3131103515625,2174481.0
2021-03-26,1341.3260884193114,1370.9012512427926,1339.383558566715,1365.2193603515625,1772011.0
2021-03-30,1375.9033673325291,1400.2337358528528,1355.6523235047962,1381.73095703125,2584538.0
2021-03-31,1376.2920205533799,1414.1715355446163,1369.4931057776748,1408.878173828125,1247057.0
2021-04-01,1418.0568913946147,1424.8556879824707,1395.669047976819,1412.71484375,1275251.0
2021-04-05,1413.2003628421694,1430.3918555740795,1384.1593054466061,1404.944580078125,1402086.0
2021-04-06,1405.4300700315132,1407.6154312117567,1385.033445039155,1391.395263671875,739833.0
2021-04-07,1386.7818387917932,1403.0020078359948,1386.7818387917932,1396.1060791015625,609297.0
2021-04-08,1405.2358287639215,1421.2618507002703,1392.3664926009717,1406.2071533203125,1573056.0
2021-04-09,1413.200503550927,1427.1381793728776,1391.6868523795579,1398.63134765625,1129821.0
2021-04-12,1377.2147455328486,1384.0136607315696,1328.262722750889,1337.052734375,1328953.0
2021-04-13,1333.3618442518282,1366.287963771184,1331.2250490951558,1352.20458984375,1428913.0
2021-04-15,1352.9813474766343,1359.7316956548127,1286.9349714813914,1310.48828125,2016916.0
2021-04-16,1304.4180351065663,1340.3550228733352,1302.4753858438771,1314.324951171875,1443699.0
2021-04-19,1292.0827372933175,1300.532784987591,1267.752365983147,1286.6436767578125,1241897.0
2021-04-20,1312.285208433176,1333.8959898135502,1244.7818407536663,1254.785888671875,3702862.0
2021-04-22,1235.3604770193053,1275.9111355547473,1233.8064767281658,1262.8475341796875,1876238.0
2021-04-23,1261.6820605352013,1285.138241882399,1225.745071414188,1241.3824462890625,2851038.0
2021-04-26,1248.0841381914006,1283.0499191242807,1248.0841381914006,1274.6484375,1238450.0
2021-04-27,1282.0787902873226,1300.727152351248,1270.4234896005667,1292.95703125,1241249.0
2021-04-28,1299.0274306583751,1310.245635055328,1283.1956722996736,1302.62109375,1288850.0
2021-04-29,1315.4902690946517,1330.156555117344,1294.0251875807485,1311.8966064453125,1800136.0
2021-04-30,1303.4466714935977,1366.9678484722774,1294.7052262124482,1361.4801025390625,3274647.0
2021-05-03,1356.4781510848313,1384.1107888344648,1334.7702363619728,1373.9124755859375,1793989.0
2021-05-04,1374.3495774467485,1407.275696399034,1363.6654828125127,1375.272216796875,2079242.0
2021-05-05,1379.3028964068253,1413.1517717937345,1364.6367287975338,1380.0799560546875,2165853.0
2021-05-06,1379.2059136180023,1408.3441061214787,1377.3605157889453,1406.304443359375,1643323.0
2021-05-07,1408.343974165627,1419.90214142452,1392.1236870202079,1407.9554443359375,1272527.0
2021-05-10,1418.0569114162956,1432.6259485079397,1389.1615493703837,1403.0506591796875,2080852.0
2021-05-11,1384.0622411653965,1426.7496967596894,1384.0622411653965,1408.48974609375,1527199.0
2021-05-12,1410.2379454797783,1414.8029329329308,1367.5991771442086,1371.775634765625,1354561.0
2021-05-14,1379.205864200644,1381.0998281951015,1315.9275165396807,1327.728515625,1245183.0
2021-05-17,1333.6530942523077,1360.1688253712487,1323.309083233503,1353.8070068359375,755051.0
2021-05-18,1364.7339118690015,1386.8303560758743,1346.2796968268212,1352.3988037109375,1049467.0
2021-05-19,1351.0389701467352,1381.0513531687864,1340.7435244460469,1349.7763671875,912471.0
2021-05-20,1349.096331120395,1349.096331120395,1325.8829841773406,1335.7413330078125,886461.0
2021-05-21,1340.3549058287583,1347.105254322495,1325.7858708749784,1332.4390869140625,743088.0
2021-05-24,1333.216003038395,1336.8583509861191,1311.7994875294357,1331.37060546875,1450921.0
2021-05-25,1340.3550067483145,1359.0520533977149,1315.296259979666,1335.4014892578125,3103636.0
2021-05-26,1345.211269144755,1390.812456148183,1341.3747753166033,1368.9102783203125,4319669.0
2021-05-27,1374.3009491173061,1394.9889721501606,1352.9814460778389,1376.437744140625,4469025.0
2021-05-28,1387.170400028456,1437.4822792054733,1380.177219637909,1423.3502197265625,2700533.0
2021-05-31,1423.1556719912453,1451.9538947501544,1413.2001914598486,1428.934814453125,2951302.0
2021-06-01,1433.2087433213742,1436.6567078977516,1395.7176339168568,1403.0506591796875,1122065.0
2021-06-02,1402.5163462797004,1412.6660926342613,1384.5963606439796,1400.8165283203125,1804692.0
2021-06-03,1403.681796071137,1421.9417450303474,1394.7946527250178,1416.842529296875,1010766.0
2021-06-04,1416.8912106402763,1463.7065572477254,1410.6265239919587,1460.064208984375,2566329.0
2021-06-07,1474.9732633777783,1486.9684076151977,1452.6339886031772,1457.8787841796875,2501045.0
2021-06-08,1465.6004855634521,1472.4965330424127,1447.3891017942515,1459.967041015625,1031475.0
2021-06-09,1466.7173693987445,1484.0059945676205,1442.3384319317126,1449.1859130859375,1734171.0
2021-06-10,1448.1661790083713,1473.4191902159507,1444.4753835943104,1449.623046875,879471.0
2021-06-11,1462.6381437361572,1466.6203366977338,1433.111541114076,1447.7777099609375,899012.0
2021-06-14,1438.9388842238873,1454.6735074688456,1415.3370088738811,1450.1085205078125,685484.0
2021-06-15,1452.0512362330815,1471.4766568976688,1445.2523211452444,1452.2940673828125,817869.0
2021-06-16,1452.5369633846078,1458.4131203658224,1421.8447711765587,1426.9925537109375,921327.0
2021-06-17,1422.9129995631897,1447.826165333826,1408.8781928081294,1416.308349609375,798597.0
2021-06-18,1421.9418365770343,1446.4179070246896,1379.2543822243904,1438.2105712890625,1491403.0
2021-06-21,1419.3193884426528,1457.7331338557738,1413.2004005496171,1453.65380859375,1150374.0
2021-06-22,1456.907502391303,1477.10998108813,1450.1571540836985,1453.313720703125,1410254.0
2021-06-23,1456.9076372073428,1468.8056494659693,1441.367276697504,1455.6934814453125,977659.0
2021-06-24,1454.9650382556538,1463.7064831896037,1444.7666064761304,1455.839111328125,1150441.0
2021-06-25,1458.5588292130901,1471.4767328361718,1447.194925993607,1463.5609130859375,1198951.0
2021-06-28,1471.4765920398952,1502.5573113472515,1469.2912308235166,1476.915771484375,2457270.0
2021-06-29,1473.4191029346941,1479.489524226743,1455.9362134312762,1460.1126708984375,737277.0
2021-06-30,1460.112770349346,1466.3290097811844,1448.1661918602383,1455.6934814453125,902718.0
2021-07-01,1460.064144020074,1465.0176612555056,1446.2236021467786,1457.198974609375,637573.0
2021-07-02,1461.764135674981,1469.4856907814703,1444.281243623425,1446.9521484375,745289.0
2021-07-05,1454.4794170893358,1464.6777301222742,1443.3097794652238,1446.9034423828125,787645.0
2021-07-06,1448.894403512267,1481.1892766659357,1448.845956322107,1454.2364501953125,1828294.0
2021-07-07,1452.05123042129,1456.9076153267185,1433.5970153946118,1450.934326171875,1123558.0
2021-07-08,1453.7993315551757,1455.6932952668326,1429.9060585979544,1433.062744140625,1079337.0
2021-07-09,1432.6258400301774,1464.6777668187926,1419.0280096223241,1457.0533447265625,801755.0
2021-07-12,1463.7065992157957,1496.4384540845347,1463.7065992157957,1492.0191650390625,1866434.0
2021-07-13,1495.7584491452976,1536.6975189621146,1493.8159189996534,1531.3555908203125,2184726.0
2021-07-14,1530.2384884439252,1534.6092108044222,1518.2433445834952,1522.759765625,705279.0
2021-07-15,1522.9540803907194,1534.3664299007294,1508.5306247079698,1512.5128173828125,911522.0
2021-07-16,1519.8459161935755,1533.9294078628764,1503.5770633366153,1527.1304931640625,853187.0
2021-07-19,1514.0184326171875,1530.3357338150981,1500.4691684929287,1514.0184326171875,562032.0
2021-07-20,1513.4355569232337,1541.9423852995437,1494.6900642332603,1528.8787841796875,1735941.0
2021-07-22,1549.1785227699502,1553.5492455764236,1528.0047169501152,1536.6004638671875,986602.0
2021-07-23,1534.6092055141148,1543.3020839781386,1500.7604499678885,1504.9854736328125,1414915.0
2021-07-26,1504.9856178557852,1521.254353125658,1496.7784008736146,1505.714111328125,1014895.0
2021-07-27,1506.6366984199867,1519.2632039598566,1469.5341224423703,1475.0704345703125,772365.0
2021-07-28,1484.1032825937987,1493.0875597215013,1443.3099077999454,1489.493896484375,1298575.0
2021-07-29,1498.6721960912919,1512.8527008450433,1479.246776997121,1500.2261962890625,1223764.0
2021-07-30,1493.5246035282628,1521.0116625215155,1477.9356762438158,1506.782470703125,1130851.0
2021-08-02,1520.0403097644937,1567.826862574833,1513.8727554968086,1545.9246826171875,2029644.0
2021-08-03,1529.7529810578728,1553.937534253498,1500.129129345355,1546.653076171875,1650483.0
2021-08-04,1544.3220359914667,1559.1339025195755,1492.893137535246,1510.1817626953125,1252484.0
2021-08-05,1494.7869102429884,1508.3847383478121,1481.1892011730238,1493.23291015625,718574.0
2021-08-06,1500.2262676701594,1508.870580173538,1476.5272576283642,1487.0169677734375,688396.0
2021-08-09,1500.6148425773308,1502.5573727340434,1463.2694354619302,1468.70849609375,611589.0
2021-08-10,1476.3331069761105,1476.3331069761105,1435.4911674515808,1447.7777099609375,933609.0
2021-08-11,1441.3673481077797,1473.322143824391,1437.4822875465604,1459.23876953125,1273342.0
2021-08-12,1465.4921738548173,1480.3444448826904,1454.5972352066024,1458.1636962890625,508925.0
2021-08-13,1459.1408451661082,1497.3952170692282,1451.519214280844,1462.658447265625,2451296.0
2021-08-16,1464.6127233551442,1490.115758395437,1453.3757722457792,1456.7957763671875,932948.0
2021-08-17,1462.2676170037157,1464.270712665508,1426.7003644645918,1447.1221923828125,1095272.0
2021-08-18,1448.2947985272626,1474.2863028310617,1446.145126139371,1466.860107421875,891871.0
2021-08-20,1455.8675284938809,1468.912140253111,1441.2595512107664,1450.6888427734375,777228.0
2021-08-23,1460.8019537352923,1464.9547217520142,1399.2430776602014,1407.6951904296875,1168369.0
2021-08-24,1410.9686766053508,1428.5569276457697,1407.6952491161776,1426.749267578125,916666.0
2021-08-25,1432.953977879652,1438.9632649986675,1413.0206188912762,1414.583984375,842972.0
2021-08-26,1413.0205833283685,1426.3583478985581,1397.3377107154952,1406.1318359375,940660.0
2021-08-27,1410.9685958963712,1434.419556024762,1409.942558759992,1424.94140625,899807.0
2021-08-30,1431.4881519680912,1449.0764021359555,1428.5568567749367,1437.49755859375,767630.0
2021-08-31,1448.0993694300503,1469.9869647061992,1434.0775800569215,1466.0784912109375,1662849.0
2021-09-01,1475.4588967742507,1479.8559596720042,1446.3406596197108,1452.0079345703125,666666.0
2021-09-02,1455.9162922611058,1472.5274839686763,1451.030640596983,1464.9547119140625,1022291.0
2021-09-03,1475.4588293501827,1485.1812740974322,1458.3591676963763,1475.8985595703125,1140167.0
2021-09-06,1477.4130863171094,1531.1550176801693,1477.4130863171094,1495.978515625,2520316.0
2021-09-07,1502.818466800548,1522.2632376167664,1480.1002683614731,1518.8922119140625,1162828.0
2021-09-08,1526.2693764039288,1571.8523484525922,1516.8890636089188,1540.6331787109375,4094362.0
2021-09-09,1543.7109139601446,1566.331391778917,1534.086307446584,1561.3480224609375,845937.0
2021-09-13,1573.171319415248,1576.5912036983077,1543.4177992428029,1569.6048583984375,971858.0
2021-09-14,1573.171374666699,1582.8449604250866,1557.537360783129,1574.93017578125,1087072.0
2021-09-15,1578.0570582954806,1585.5319931211857,1553.6289185940902,1570.0445556640625,1003371.0
2021-09-16,1578.0569655420838,1580.988260702435,1537.9948139964458,1542.343017578125,855454.0
2021-09-17,1550.9417996075333,1572.975972299229,1526.6113777100677,1532.913818359375,1964523.0
2021-09-20,1529.2008751039868,1531.692560120069,1493.5846406279416,1500.473388671875,777241.0
2021-09-21,1499.8868519617577,1529.2006409088121,1491.7767519864717,1521.5301513671875,771658.0
2021-09-22,1515.8140905593045,1546.4469517739522,1511.5636047306061,1538.6300048828125,920391.0
2021-09-23,1542.587372552555,1587.828211187967,1537.457426192665,1570.0933837890625,1218521.0
2021-09-24,1578.0570630981465,1620.0734539322316,1578.0570630981465,1592.4696044921875,2009800.0
2021-09-27,1597.6972386074667,1619.3405396227415,1585.0923575210868,1611.0838623046875,912417.0
2021-09-28,1615.187802374666,1646.0649595616333,1603.559979577382,1611.0350341796875,1569131.0
2021-09-29,1604.4394543369556,1640.1045459203467,1597.6484244716576,1631.701171875,821908.0
2021-09-30,1622.027740639561,1655.5431604600506,1622.027740639561,1631.2615966796875,1081824.0
2021-10-01,1621.9787705228223,1649.0450511324739,1598.088079705209,1638.7852783203125,705296.0
2021-10-04,1614.2106726385373,1616.995511074392,1583.9198215099323,1603.60888671875,1154208.0
2021-10-05,1603.608824764825,1615.627518772121,1585.8739971121588,1589.782470703125,543442.0
2021-10-06,1583.9196972798388,1602.48512572642,1555.583085244716,1562.4229736328125,1041144.0
2021-10-07,1572.1452200529727,1589.782328298409,1553.6287711920677,1555.5830078125,3216011.0
2021-10-08,1559.491437898402,1579.8156658415971,1555.240952409943,1562.2274169921875,696357.0
2021-10-11,1570.2398573128253,1627.4016682002064,1570.190998403043,1613.9661865234375,1703912.0
2021-10-12,1613.9663404507423,1626.913354016701,1591.297121424247,1600.18896484375,771610.0
2021-10-13,1600.1888341053552,1674.0594351302907,1585.6784562150144,1638.6875,1353155.0
2021-10-14,1641.57015098211,1734.397056616928,1641.57015098211,1712.4117431640625,2318372.0
2021-10-18,1721.6941744224948,1757.261543875598,1706.0602816760318,1713.828369140625,1339088.0
2021-10-19,1716.8086584592352,1729.9509864893507,1672.398305146819,1678.60302734375,551969.0
2021-10-20,1670.9816790923348,1684.5147599594184,1643.328970887648,1653.7841796875,837973.0
2021-10-21,1670.2976177748428,1713.8773729194286,1651.3901765514056,1705.864990234375,1374606.0
2021-10-22,1708.6008102919031,1724.3814004850951,1670.981603871437,1674.596923828125,719097.0
2021-10-25,1661.1125715509058,1680.3619048363323,1630.9682998048631,1671.5189208984375,576094.0
2021-10-26,1677.723732222089,1726.5800115685925,1665.2654276921041,1699.611328125,1340095.0
2021-10-27,1704.1060574504518,1714.5125267883345,1683.2933582791593,1688.8629150390625,527976.0
2021-10-28,1696.2401740583284,1696.2401740583284,1653.8329153022519,1663.4576416015625,652099.0
2021-10-29,1665.9982490487646,1702.6403973111505,1637.1241887961194,1681.72998046875,1156691.0
2021-11-01,1682.6093109495346,1754.7699718122358,1679.8733316425676,1748.07666015625,1416529.0
2021-11-02,1751.0080891953492,1763.7106878446998,1697.7547489897227,1704.1549072265625,1121991.0
2021-11-03,1705.0832653499638,1752.1807429510854,1695.5073973568083,1744.7056884765625,1007472.0
2021-11-04,1755.8937104176698,1758.8251253444014,1744.7056184874546,1750.6171875,95576.0
2021-11-08,1750.6172170870077,1814.6189191779906,1738.7940788620951,1806.6553955078125,1498465.0
2021-11-09,1808.6584558769177,1836.897349765063,1806.2644889808953,1821.2144775390625,1049506.0
2021-11-10,1804.6523196955077,1836.4088166531785,1799.8643857574584,1831.5721435546875,507309.0
2021-11-11,1834.8455852887107,1849.6978575628016,1789.8977773841973,1802.1607666015625,949302.0
2021-11-12,1815.4005402836565,1832.1093291001116,1800.3528346166268,1815.93798828125,1157525.0
2021-11-15,1816.5243139095264,1846.7175651151956,1797.9590048929197,1813.3975830078125,653718.0
2021-11-16,1817.45265971289,1832.1094954396551,1775.4362695604423,1781.445556640625,518987.0
2021-11-17,1783.5462606238518,1783.5462606238518,1745.7804784963635,1751.6431884765625,669416.0
2021-11-18,1742.409419067974,1770.5017370963408,1723.013508492791,1733.908447265625,477111.0
2021-11-22,1728.9739115457053,1757.1639469912116,1709.9688725474423,1737.6214599609375,748099.0
2021-11-23,1738.3055442881894,1763.2222729878176,1725.0654971956944,1742.5560302734375,1470853.0
2021-11-24,1749.0538966037216,1752.9135112576532,1694.4326252311907,1706.9886474609375,698612.0
2021-11-25,1676.7466507357267,1732.4428180082393,1676.7466507357267,1726.335693359375,708577.0
2021-11-26,1717.1021218294416,1717.639450174114,1640.5931279713764,1651.439208984375,751240.0
2021-11-29,1641.5701948227243,1680.7528887780884,1605.123360579535,1645.4298095703125,1454309.0
2021-11-30,1641.5701514065968,1670.5419302090402,1612.5495136908623,1624.421630859375,1649983.0
2021-12-01,1628.8674721896105,1655.640598574512,1615.5297080319265,1641.17919921875,867171.0
2021-12-02,1638.2478347778178,1710.017745004204,1635.1699628018475,1684.4169921875,984813.0
2021-12-03,1695.5563252531042,1702.249637387525,1659.2561870001832,1664.9234619140625,921208.0
2021-12-06,1662.0896391027363,1679.2870167203118,1619.2426520307372,1622.76025390625,851251.0
2021-12-07,1628.8675846436158,1658.1812566659664,1628.8675846436158,1646.9931640625,824437.0
2021-12-08,1661.1126580603345,1702.151870404283,1655.2499476546961,1676.990966796875,1008502.0
2021-12-09,1690.2310328297986,1690.426468487395,1663.0669134507968,1683.34228515625,653385.0
2021-12-10,1675.7695538725848,1717.0043230986548,1675.7695538725848,1709.187255859375,973292.0
2021-12-13,1721.6942522798183,1729.2181652936881,1687.7392252762897,1692.8203125,716279.0
2021-12-14,1675.7694863483316,1704.985559920757,1671.323564712359,1682.609375,615369.0
2021-12-15,1675.7694781828648,1692.3806704709016,1659.1584056470665,1665.4119873046875,573823.0
2021-12-16,1672.740564071356,1700.0511414956768,1662.969259823267,1678.0169677734375,886870.0
2021-12-17,1666.5357467521103,1675.3787310908915,1618.314513901524,1627.6949462890625,617780.0
2021-12-20,1617.923682131384,1617.923682131384,1564.3771896182166,1579.4737548828125,948588.0
2021-12-21,1581.13483197579,1630.6262741800897,1581.13483197579,1599.0162353515625,949077.0
2021-12-22,1610.2043439448703,1623.9818384519047,1591.9320690916647,1601.1170654296875,899027.0
2021-12-23,1609.3249916744392,1631.701055668698,1598.7230869817677,1621.63671875,1111226.0
2021-12-24,1622.223033237569,1629.8445443906292,1558.7587802803516,1574.05078125,1124342.0
2021-12-27,1563.888627994695,1579.2783469963927,1555.7785276183054,1565.8917236328125,1202016.0
2021-12-28,1580.0111079866538,1601.8987013227131,1575.1254566745167,1584.847900390625,1432912.0
2021-12-29,1586.8512906104568,1601.41040968248,1561.4459709199673,1567.94384765625,755567.0
2021-12-30,1568.2856867265482,1583.2356754840014,1551.2348845122017,1557.1953125,1165542.0
2021-12-31,1566.4291087698352,1606.3935416081033,1563.9374241121645,1585.14111328125,1663106.0
2022-01-03,1592.4697322753675,1628.7211334111742,1580.0114266934352,1623.5911865234375,628963.0
2022-01-04,1632.7758683954648,1657.6925944937814,1620.0732706795493,1653.2955322265625,895183.0
2022-01-05,1646.4558651689854,1712.997995255128,1645.4786868664057,1707.08642578125,1771249.0
2022-01-06,1706.1580912653908,1706.1580912653908,1671.4700605497264,1681.1925048828125,1158707.0
2022-01-07,1682.6093473772632,1765.6649486019428,1682.6093473772632,1756.5289306640625,2905803.0
2022-01-10,1768.5963413841555,1802.795783651094,1752.5714564432976,1796.786376953125,1468479.0
2022-01-11,1792.1939196120286,1828.201022700463,1779.344743919655,1804.65234375,1416519.0
2022-01-12,1815.449573302634,1834.503471820083,1802.7958332045594,1831.1324462890625,701250.0
2022-01-13,1836.9951127027282,1839.9265276938218,1807.6813220485017,1814.3746337890625,844542.0
2022-01-14,1817.3549969417475,1825.025367554536,1790.435171920321,1814.814453125,1239491.0
2022-01-17,1814.8144234548486,1884.8742740440682,1803.7729076544283,1874.8099365234375,1256235.0
2022-01-18,1883.8483255493486,1885.6559855849216,1800.5484291555301,1809.8798828125,945496.0
2022-01-19,1802.7958414964612,1821.2634331361558,1755.2097742691678,1765.176513671875,809295.0
2022-01-20,1775.4361901955422,1794.7343823194403,1772.1140237435736,1789.115966796875,716176.0
2022-01-21,1787.1617966778742,1787.1617966778742,1738.3055182830115,1751.1058349609375,527053.0
2022-01-24,1750.8125969047096,1750.8125969047096,1645.4785337931532,1652.0252685546875,1022826.0
2022-01-25,1630.4308760546683,1686.7132291618716,1620.1222443762763,1681.9254150390625,837999.0
2022-01-27,1658.278904896835,1661.1126020525242,1622.1253456526963,1648.4588623046875,817874.0
2022-01-28,1661.1125672624555,1696.6310796562632,1652.367301169755,1658.18115234375,1141606.0
2022-01-31,1666.8776693271566,1697.2663573053094,1663.0669135083779,1687.983642578125,513199.0
2022-02-01,1696.8755359341667,1736.3025254757115,1677.821516774974,1730.83056640625,1145245.0
2022-02-02,1739.2825442955786,1749.0538476928941,1722.6714722228246,1737.426025390625,691679.0
2022-02-03,1738.3543928577733,1745.1454225614732,1682.6093664922682,1693.0645751953125,482344.0
2022-02-04,1693.0645588198904,1724.625740029537,1687.6904376563136,1695.6051025390625,571680.0
2022-02-07,1685.5897441007771,1709.6270136892356,1661.1127442648217,1673.1802978515625,483211.0
2022-02-08,1681.9742340136956,1688.4721099034723,1646.8464733775213,1678.50537109375,423296.0
2022-02-09,1678.7984458880537,1706.0602798524008,1673.8150767167206,1699.904296875,455811.0
2022-02-10,1687.1041320663646,1730.7816052000312,1687.1041320663646,1728.0946044921875,624867.0
2022-02-11,1709.9687886027352,1719.7399717620738,1663.0667501812218,1671.0302734375,987534.0
2022-02-14,1657.7905375010769,1657.7905375010769,1598.2347531694143,1605.36767578125,828020.0
2022-02-15,1621.3435361567545,1676.551110865191,1581.037090790519,1672.935791015625,1199604.0
2022-02-16,1675.57399597887,1709.9200148565565,1673.375464689491,1681.9254150390625,1208851.0
2022-02-17,1698.194570145898,1711.7277710268145,1661.112689615147,1672.1053466796875,1071634.0
2022-02-18,1663.0669134507968,1700.0999347772095,1659.1584398033517,1683.34228515625,1205180.0
2022-02-21,1665.0210392043184,1697.0219494696316,1648.7519798126261,1653.7352294921875,1035748.0
2022-02-22,1599.7002605962034,1651.0482216786988,1599.7002605962034,1645.6251220703125,884474.0
2022-02-23,1651.4390343551647,1665.02109358221,1625.1055174175779,1631.6033935546875,675772.0
2022-02-24,1587.8283140428346,1615.1390111487108,1499.8870550466438,1509.023193359375,1260593.0
2022-02-25,1543.857470096884,1562.2274620030007,1524.4615608461802,1531.9854736328125,1125821.0
2022-02-28,1516.9867623965629,1567.6994408070268,1503.2581261484936,1561.9344482421875,1217106.0
2022-03-02,1536.0406162678573,1546.5446836553938,1503.3069412972577,1513.078125,1150949.0
2022-03-03,1522.3608221452926,1541.5124377882466,1461.9745602625833,1469.2052001953125,1150368.0
2022-03-04,1451.0305663082013,1480.246637221549,1413.8998311158823,1443.7999267578125,1633853.0
2022-03-07,1411.9457008496358,1441.9435165693951,1377.4532244030484,1413.4603271484375,927442.0
2022-03-08,1407.0599430053935,1432.1721050502501,1375.010294865656,1424.8436279296875,819693.0
2022-03-09,1432.172156543506,1474.1885446580716,1410.4799976092027,1459.189697265625,1697970.0
2022-03-10,1514.5439727048035,1538.9721128857432,1496.0762608863045,1519.331787109375,1492221.0
2022-03-11,1518.2081092685924,1539.8514104452493,1505.7498048288505,1530.422119140625,1206952.0
2022-03-14,1520.6019745968679,1547.7172327725316,1510.537518089212,1541.4146728515625,550221.0
2022-03-15,1537.0177264422775,1562.1298909443265,1521.9700192075293,1528.4678955078125,916893.0
2022-03-16,1543.4177535927195,1578.887406075663,1540.1444461402266,1567.357421875,1406631.0
2022-03-17,1582.9427193208269,1618.8519854947317,1575.1256523001075,1582.796142578125,2739045.0
2022-03-21,1570.2399580068209,1577.5195767745188,1520.8463513507058,1533.5489501953125,1291439.0
2022-03-22,1533.548957223104,1554.557092350671,1490.213496313206,1546.3004150390625,1017766.0
2022-03-23,1558.0259576127862,1558.5145467448644,1528.5167308143587,1545.9095458984375,844629.0
2022-03-24,1540.9263682232686,1567.2110277340453,1533.207018831381,1562.81396484375,1080721.0
2022-03-25,1564.865818829098,1575.1255916620632,1538.190289711153,1554.65478515625,662852.0
2022-03-28,1558.3190196010405,1579.9623193590164,1539.167284765904,1574.099609375,1283149.0
2022-03-29,1581.9656068441916,1601.1172242504433,1570.1912067851968,1586.55810546875,1743946.0
2022-03-30,1600.530994707988,1639.5671122328256,1595.2056124801736,1629.551513671875,1510711.0
2022-03-31,1631.7988676361836,1640.2022415678857,1612.5495333351903,1625.9361572265625,781390.0
2022-04-01,1623.2001691245812,1642.4006444090548,1620.0734381570596,1631.75,844681.0
2022-04-04,1628.8674110833792,1649.3869553621635,1621.0503448920388,1641.27685546875,808254.0
2022-04-05,1649.3870550322229,1672.838135271131,1631.359194273371,1663.3599853515625,1206116.0
2022-04-06,1661.112580690699,1678.016806078564,1654.7124225307778,1660.8682861328125,448766.0
2022-04-07,1650.8528002238118,1661.1125728454135,1629.8445461149092,1643.4754638671875,867367.0
2022-04-08,1637.661706012265,1744.9500135846856,1637.661706012265,1730.7327880859375,2508015.0
2022-04-11,1743.8749888752045,1789.0182271586627,1724.3325024339945,1778.51416015625,3289420.0
2022-04-12,1760.7794113291804,1773.4820101135076,1709.9688964396344,1715.343017578125,1507804.0
2022-04-13,1716.8086892044623,1737.3282338647582,1698.6341327177174,1725.553955078125,839407.0
2022-04-18,1720.7172290054364,1726.87309264146,1685.6384463350123,1701.4678955078125,466583.0
2022-04-19,1713.8772899447642,1736.351191207775,1661.2102585840132,1681.0458984375,747891.0
2022-04-20,1678.9940836043486,1718.7630844399428,1677.7726107426797,1696.87548828125,678130.0
2022-04-21,1705.083098198106,1729.4623762583035,1694.823326177105,1723.8927001953125,711001.0
2022-04-22,1708.0146972477999,1713.8774076420618,1670.8839585796616,1677.5772705078125,900053.0
2022-04-25,1649.387110458382,1666.8287846115493,1639.9579388861928,1654.956787109375,453315.0
2022-04-26,1665.9982073578842,1690.426345505583,1656.2269041979116,1678.7008056640625,753432.0
2022-04-27,1657.2041961805458,1670.3953845007338,1638.638766802989,1661.30810546875,426076.0
2022-04-28,1677.7238508990872,1681.6324445349917,1651.3414725560363,1672.7406005859375,814436.0
2022-04-29,1677.1375440795243,1698.78084540098,1646.5535405290477,1653.5887451171875,1115565.0
2022-05-02,1637.6616278604467,1650.3153675031385,1619.2916350416695,1641.13037109375,438839.0
2022-05-04,1641.667758591018,1664.5324111955767,1578.3989429582086,1585.14111328125,607695.0
2022-05-05,1594.619209569465,1607.2729492733538,1564.8658086708901,1570.1422119140625,524858.0
2022-05-06,1554.0196897890949,1567.6993465486896,1515.5697627740124,1529.7869873046875,527671.0
2022-05-09,1514.4949831468437,1537.6527895424579,1501.450372504256,1516.2537841796875,965410.0
2022-05-10,1515.5209925842864,1539.8025554009807,1499.30079126554,1506.8245849609375,856641.0
2022-05-11,1506.7267576243498,1527.9304468435612,1473.5533539406988,1500.2288818359375,840087.0
2022-05-12,1492.0699338338366,1495.0012289577562,1429.7781760431862,1451.8612060546875,693593.0
2022-05-13,1469.205200672137,1483.226989840703,1432.4164758868633,1441.357177734375,489395.0
2022-05-16,1441.2595154220733,1462.6585220852667,1404.715083788181,1419.0299072265625,814351.0
2022-05-17,1422.694051266127,1455.9163154583673,1414.9259631932343,1447.5130615234375,772250.0
2022-05-18,1455.9164291778181,1474.8238717604786,1442.383227881542,1453.3270263671875,776063.0
2022-05-19,1436.3738593154617,1437.302178672367,1413.4603461485801,1424.4530029296875,525816.0
2022-05-20,1438.328051191491,1487.1843286380133,1434.6638722962841,1454.3040771484375,645075.0
2022-05-23,1452.0078755867005,1475.8985670603724,1418.7856106252038,1424.0621337890625,959790.0
2022-05-24,1424.648210920909,1433.44233567968,1348.4325029289698,1370.662109375,1863231.0
2022-05-25,1367.9750411223933,1411.6525131187375,1325.763216724185,1344.0843505859375,3390982.0
2022-05-26,1360.158108606488,1368.805657055929,1309.5918887868518,1360.695556640625,1562780.0
2022-05-27,1377.7463625151809,1390.4001022925613,1346.5271940742107,1364.7506103515625,1274718.0
2022-05-30,1377.7462624677264,1415.854055769563,1371.0040923139134,1408.037109375,784377.0
2022-05-31,1415.1213729140713,1421.9612612770509,1387.3709481695998,1395.9208984375,2034013.0
2022-06-01,1392.4031552055033,1416.8312933409225,1380.2868638355499,1403.68896484375,871147.0
2022-06-02,1415.8541415196833,1415.8541415196833,1383.2181847670238,1399.780517578125,888795.0
2022-06-03,1402.1744039542498,1408.5745617666312,1299.6250627249192,1308.81005859375,4829454.0
2022-06-06,1303.484971111184,1309.3476817095027,1280.0338892134207,1296.3519287109375,2364329.0
2022-06-07,1284.9194507765317,1306.4161745422416,1267.8197895880005,1296.302978515625,2011482.0
2022-06-08,1306.4162222371338,1324.0044731879636,1277.5421609592229,1298.35498046875,2671127.0
2022-06-09,1296.6449508903002,1296.6449508903002,1272.216812909484,1279.1544189453125,1360831.0
2022-06-10,1260.491283150181,1301.3351771210807,1256.6316686936705,1296.1563720703125,1149961.0
2022-06-13,1270.2626510647644,1285.3592170362053,1256.2408614356364,1262.9830322265625,1204017.0
2022-06-14,1269.285606336673,1291.3197810707782,1256.6807238696765,1279.3988037109375,1069818.0
2022-06-15,1289.1698748288502,1310.3245851965048,1278.0306421837424,1301.2374267578125,1062150.0
2022-06-16,1314.233263982579,1317.066841424274,1248.8146524712383,1255.654541015625,954602.0
2022-06-17,1257.4621694518746,1276.8581993541484,1247.39783241569,1260.5401611328125,1027138.0
2022-06-20,1260.5891274064968,1291.2708499967678,1255.6057574995004,1285.896728515625,670772.0
2022-06-21,1300.553506392682,1309.3476318312794,1286.4339988764332,1303.58251953125,582021.0
2022-06-22,1297.7197483974956,1300.55344550124,1280.766664190806,1294.593017578125,506446.0
2022-06-23,1303.4848252392349,1311.1063361889078,1269.3831023489795,1285.9454345703125,829824.0
2022-06-24,1290.2448532783967,1309.3476104123836,1281.2552923324645,1292.980712890625,761751.0
2022-06-27,1309.3476574256224,1324.2976470130234,1301.5305903539331,1318.4349365234375,1127432.0
2022-06-28,1313.2559582911904,1322.8806841826922,1296.351734098133,1312.3277587890625,661031.0
2022-06-29,1299.9671781640654,1328.7923799359585,1288.6325091560539,1292.980712890625,1556138.0
2022-06-30,1300.94431084943,1306.7581620120593,1280.131492496553,1290.537841796875,1138089.0
2022-07-01,1289.805212471673,1319.1188856513163,1275.4414096267164,1316.431884765625,518559.0
2022-07-04,1309.3475864849208,1326.5449654577421,1301.1397682937536,1319.9005126953125,787143.0
2022-07-05,1324.0044604321392,1346.282927388852,1314.624028081473,1318.8746337890625,704841.0
2022-07-06,1328.0595647995015,1343.742438351647,1314.8195172611327,1338.3194580078125,709046.0
2022-07-07,1350.3868560754058,1360.0604420455434,1336.755937572845,1343.400390625,546507.0
2022-07-08,1350.5822472535892,1374.8149505426868,1350.5822472535892,1359.52294921875,1079820.0
2022-07-11,1356.2984990998127,1378.7234226059172,1342.5698632355013,1373.837890625,761236.0
2022-07-12,1359.4252430285862,1369.1965465886308,1344.817266353602,1348.4814453125,318839.0
2022-07-13,1359.9627520666927,1374.0332813314712,1356.5427477663889,1367.1446533203125,470489.0
2022-07-14,1370.906443841676,1375.7920954615252,1349.018849127074,1359.962646484375,380844.0
2022-07-15,1366.8026155633115,1374.8149984716918,1357.1290295745068,1366.21630859375,288785.0
2022-07-18,1376.7691045019897,1398.3635449737956,1373.9355272560913,1395.627685546875,606107.0
2022-07-19,1385.5633203236418,1412.8740154972993,1385.5633203236418,1409.209716796875,764754.0
2022-07-20,1431.341457059711,1431.4391748748974,1405.1056607088587,1408.6722412109375,810415.0
2022-07-21,1411.945676613109,1434.2241429745613,1409.1609581321043,1431.097412109375,780126.0
2022-07-22,1431.4883107028209,1495.00143004603,1423.7690808187147,1486.54931640625,1650074.0
2022-07-25,1486.5491264721345,1486.5491264721345,1448.0016013893119,1464.2218017578125,1205285.0
2022-07-26,1464.2219706375183,1482.7385419493814,1451.128499545731,1480.197998046875,882250.0
2022-07-27,1479.171996731335,1526.0739193041043,1478.3413951989655,1511.4659423828125,1287079.0
2022-07-28,1520.406650144202,1531.2038713433553,1502.8672580907792,1515.130126953125,966093.0
2022-07-29,1520.8463579678191,1551.3815021415426,1519.5271673133607,1537.0177001953125,804695.0
2022-08-01,1540.3400162131397,1552.9937564436832,1524.3639895781146,1532.52294921875,556560.0
2022-08-02,1524.3639446565153,1558.025939174768,1516.4981387320945,1553.4822998046875,907650.0
2022-08-03,1555.6808497032252,1567.84600057989,1531.7412995033633,1550.5509033203125,539764.0
2022-08-04,1563.2534909297744,1565.0612707055818,1525.4877068295298,1543.2225341796875,720561.0
2022-08-05,1550.9417924885881,1578.9363933030922,1545.9095638741446,1561.739013671875,951109.0
2022-08-08,1560.9574194023064,1570.288873343278,1548.7432894957396,1562.0810546875,461663.0
2022-08-10,1558.612203546467,1579.2294665905517,1550.2088300604562,1574.05078125,567647.0
2022-08-11,1592.8304811770256,1592.8796452856943,1566.2833084990796,1573.2149658203125,451982.0
2022-08-12,1581.1300922095647,1625.2770536426108,1563.3336481262932,1595.3868408203125,1803740.0
2022-08-16,1604.1374976312684,1607.431372400439,1516.7776968390901,1564.8575439453125,1431538.0
2022-08-17,1573.16575642283,1611.4625474687825,1569.2820329503347,1589.438232421875,1052538.0
2022-08-18,1581.0316697674687,1594.4035840883978,1559.4006673366314,1586.6851806640625,1010974.0
2022-08-19,1592.7812799291137,1594.796887837269,1567.364761842926,1578.917724609375,815549.0
2022-08-22,1572.182535925998,1572.182535925998,1527.6914305323523,1537.8677978515625,962565.0
2022-08-23,1531.870269082851,1580.5400865851586,1521.0056033616527,1568.692138671875,1878454.0
2022-08-24,1568.2496745017213,1590.0281685583002,1548.6341601186714,1585.2103271484375,907999.0
2022-08-25,1589.880837633425,1619.7709302508863,1588.94671952026,1597.59912109375,872154.0
2022-08-26,1602.613417379929,1659.149125647175,1602.613417379929,1647.1536865234375,1352886.0
2022-08-29,1606.5956595130613,1653.7906754272424,1587.029427895595,1636.1417236328125,1007459.0
2022-08-30,1642.1884518535658,1663.6229184315866,1642.1884518535658,1650.4967041015625,830049.0
2022-09-01,1632.6512682860518,1677.8305544244433,1632.5529400670225,1656.7403564453125,1368943.0
2022-09-02,1657.1335897684814,1669.030702063676,1642.0410512764086,1659.5916748046875,601416.0
2022-09-05,1664.5570122280694,1685.4998389371838,1651.824230525958,1682.0584716796875,790436.0
2022-09-06,1675.421659664867,1701.7230126618488,1675.421659664867,1694.1522216796875,833826.0
2022-09-07,1681.3211178029303,1725.566407205632,1681.3211178029303,1720.7977294921875,800842.0
2022-09-08,1727.8277680893943,1742.7728135798004,1720.6993338537488,1740.167236328125,608734.0
2022-09-09,1742.772709062211,1767.6484209822004,1713.0299916904453,1718.929443359375,695716.0
2022-09-12,1717.700332721326,1742.2810598933813,1717.700332721326,1738.7906494140625,420084.0
2022-09-13,1741.2978834300197,1778.316529000183,1741.2978834300197,1759.6351318359375,812176.0
2022-09-14,1734.4154040366357,1768.6808598122605,1734.4154040366357,1752.9000244140625,710550.0
2022-09-15,1756.0465449676606,1785.7891460802678,1747.0991584775286,1777.9725341796875,1078073.0
2022-09-16,1769.7133106224503,1775.7109704011916,1696.9542855349068,1715.3406982421875,1031783.0
2022-09-19,1710.8179017197438,1733.3830234764882,1697.6426430840413,1720.0111083984375,517380.0
2022-09-20,1730.4824500108648,1738.2991820417112,1702.1654890034695,1712.440185546875,1023132.0
2022-09-21,1709.8347498358937,1719.9619541736786,1681.321132035042,1691.005859375,1131988.0
2022-09-22,1691.0058056982475,1706.8849695031909,1668.3423563094607,1703.6402587890625,477972.0
2022-09-23,1703.935291865293,1705.4102151864768,1661.6564461631826,1668.932373046875,638948.0
2022-09-26,1648.9237825459086,1664.606291482045,1624.7855279640191,1637.518310546875,784059.0
2022-09-27,1637.0757527015842,1668.4898103246946,1616.3787476601458,1654.2822265625,571532.0
2022-09-28,1637.0757479630795,1659.4440916173662,1626.5551108440493,1641.1561279296875,550298.0
2022-09-29,1649.3660471198798,1661.508979268178,1623.6055005870157,1628.030029296875,543934.0
2022-09-30,1654.7738862696317,1668.5389932131386,1626.2109850986817,1646.760498046875,815263.0
2022-10-03,1642.97498370217,1653.2496791821118,1600.7453068631578,1609.00439453125,474878.0
2022-10-04,1639.8286921667118,1660.2798765476173,1623.703828780083,1655.65869140625,515663.0
2022-10-06,1663.9669482970169,1676.404865127318,1646.9079668126767,1654.8720703125,616095.0
2022-10-07,1646.9079933572482,1674.3401200770347,1627.2434343306256,1669.4239501953125,691354.0
2022-10-10,1653.790549595756,1659.6407168414526,1629.4064779704402,1645.8756103515625,771385.0
2022-10-11,1653.0039626265507,1653.7905883588014,1609.7419573580712,1616.9195556640625,409456.0
2022-10-12,1624.2937268270132,1648.8744560157074,1603.9409905450134,1643.6142578125,412162.0
2022-10-13,1642.1883848299333,1656.494416667394,1612.4949518240592,1651.5782470703125,751063.0
2022-10-14,1670.5054859216018,1686.482978225429,1659.4933277445496,1667.1134033203125,568187.0
2022-10-17,1661.6563349044718,1680.3377317197867,1647.1537667191062,1662.787109375,711250.0
2022-10-18,1671.144482646115,1672.176928875256,1652.1190580685704,1659.9356689453125,471745.0
2022-10-19,1662.6396612481722,1683.9265153217525,1649.3660748950686,1656.1011962890625,1082577.0
2022-10-20,1655.2163342487183,1666.3268209353412,1640.1729596465398,1660.6241455078125,430634.0
2022-10-21,1661.607200925658,1686.1879295755975,1641.2053009814388,1648.923583984375,471477.0
2022-10-24,1666.5725137080046,1679.3544587036408,1661.656343940371,1670.5545654296875,56288.0
2022-10-25,1668.0473666617518,1700.0022278045485,1664.5076715580708,1685.9420166015625,708672.0
2022-10-27,1700.7890052927119,1711.3095223309913,1691.989111604102,1695.5286865234375,568780.0
2022-10-28,1700.8873215690548,1708.8514253317703,1643.8599668782615,1655.9537353515625,443761.0
2022-10-31,1664.2619268733881,1700.985587433685,1660.1815469223027,1692.82470703125,594266.0
2022-11-01,1699.215787722196,1740.3148154970245,1699.215787722196,1731.7607421875,862642.0
2022-11-02,1731.7607189689716,1753.047573735419,1722.6166764502793,1730.5316162109375,682110.0
2022-11-03,1720.7485336945579,1742.2320445644,1706.442500817667,1716.3731689453125,370943.0
2022-11-04,1721.6333921500452,1742.281233957474,1713.816780619536,1735.4969482421875,445790.0
2022-11-07,1741.2979475529446,1764.9938436391758,1732.793038499284,1745.4276123046875,772139.0
2022-11-09,1763.8630800253563,1763.8630800253563,1704.2794316704556,1716.2257080078125,616980.0
2022-11-10,1710.8178272279686,1710.9161554448613,1667.3100012582534,1675.96240234375,613431.0
2022-11-11,1684.3690182512848,1709.7363732392862,1667.113379826446,1679.7969970703125,1083107.0
2022-11-14,1682.3041396287558,1727.4343792670568,1678.6170726518658,1719.1751708984375,1571362.0
2022-11-15,1719.1752691333668,1726.9920009913506,1682.402563975197,1704.4268798828125,1013411.0
2022-11-16,1706.8848819732043,1720.6009447654508,1676.4048227683863,1698.5274658203125,903821.0
2022-11-17,1694.987848906653,1694.987848906653,1668.5390042365057,1681.9600830078125,638353.0
2022-11-18,1685.2539698859268,1694.545504563428,1653.1023293352512,1680.1903076171875,753543.0
2022-11-21,1670.9479574726552,1679.3545382835198,1647.8913153802919,1654.1839599609375,417544.0
2022-11-22,1659.4933914873714,1688.0562945908669,1653.790715989249,1671.19384765625,792650.0
2022-11-23,1676.3065642945842,1684.9098013393377,1665.196078199601,1673.9959716796875,515987.0
2022-11-24,1681.22278136045,1704.6235723188847,1669.5223256310976,1694.5455322265625,861243.0
2022-11-25,1700.985530826299,1709.8345879438912,1677.3388007396647,1706.049072265625,584168.0
2022-11-28,1694.3488557583964,1714.7015921433222,1684.8115004908796,1688.1544189453125,410415.0
2022-11-29,1691.1532947394417,1702.9520784493402,1685.892976054134,1690.3175048828125,494662.0
2022-11-30,1696.2661012018236,1738.9382579935482,1696.2661012018236,1730.236572265625,1137756.0
2022-12-01,1740.314716866984,1777.0874212917533,1730.4823772292007,1769.762451171875,898588.0
2022-12-02,1766.6652869481238,1794.097414157241,1756.0464417543674,1789.132080078125,1357654.0
2022-12-05,1797.1453086361437,1806.1910226218615,1782.3969195508616,1785.690673828125,837283.0
2022-12-06,1783.5767349581104,1799.3084061920588,1769.8116280661384,1795.4246826171875,631065.0
2022-12-07,1806.1911068928482,1808.6491919384591,1769.8117133184044,1777.8741455078125,657577.0
2022-12-08,1777.874026227898,1794.6871870315442,1775.7600901005374,1782.052734375,334379.0
2022-12-09,1788.9354617053693,1804.7654618635795,1758.3079077146085,1769.71337890625,523232.0
2022-12-12,1772.7613336545205,1788.6896622218528,1746.2633236537158,1784.8551025390625,457733.0
2022-12-13,1786.526530187698,1794.3923058592895,1772.466317599417,1780.4305419921875,452455.0
2022-12-14,1784.5600445416962,1803.192277966003,1780.8729773443856,1791.295166015625,535865.0
2022-12-15,1792.229177157664,1794.6872621412324,1748.180544892677,1756.9312744140625,319014.0
2022-12-16,1749.1638132626902,1760.0776430233323,1722.6166402502745,1726.8936767578125,711870.0
2022-12-19,1722.616609742427,1740.216396553766,1714.7507138964245,1736.1851806640625,313190.0
2022-12-20,1732.4488428792783,1734.3662431230052,1700.6414719809377,1729.4500732421875,443027.0
2022-12-21,1731.0232204886129,1742.6745118855565,1698.8717005264825,1703.8369140625,411544.0
2022-12-22,1716.7172002234688,1726.3035984279352,1697.1016858583646,1715.58642578125,421636.0
2022-12-23,1696.0695007875775,1716.619014374123,1676.355777075464,1680.4361572265625,358698.0
2022-12-26,1682.8942035871123,1711.8011332529722,1675.4216204999227,1700.051513671875,385645.0
2022-12-27,1708.5564460402534,1719.470275916161,1699.0683753487617,1710.2279052734375,236578.0
2022-12-28,1701.9687032225409,1738.4465422605097,1701.9687032225409,1723.1573486328125,362774.0
2022-12-29,1716.6191260039905,1730.4825624971438,1692.1367230050644,1723.354248046875,384501.0
2022-12-30,1725.910457822718,1741.740458091778,1689.3344076764192,1694.5947265625,296853.0
2023-01-02,1696.4627905145373,1718.6837630463817,1691.1533076793903,1702.2637939453125,312125.0
2023-01-03,1695.577898713832,1713.0793583673328,1683.6807862582427,1688.2528076171875,548701.0
2023-01-04,1693.5129634153534,1699.0191023603984,1657.2317807067773,1661.9512939453125,435968.0
2023-01-05,1670.308901829729,1679.2071235131623,1648.431957936535,1669.8172607421875,487184.0
2023-01-06,1670.4071644634687,1671.1446261190256,1637.0758256366207,1652.4141845703125,587219.0
2023-01-09,1671.3904929790117,1671.3904929790117,1634.617785907664,1645.5316162109375,656429.0
2023-01-10,1645.8756678253571,1656.445348722499,1605.8090881336116,1623.310546875,594512.0
2023-01-11,1623.8022001827685,1631.028842234111,1600.794602079803,1607.6280517578125,646333.0
2023-01-12,1612.1017887083353,1637.0758313608817,1604.727533627792,1614.8548583984375,908677.0
2023-01-13,1620.8033317644793,1643.4176172972086,1613.6257332257835,1627.341796875,637882.0
2023-01-16,1631.6679181335971,1640.4186472616589,1612.4950007238613,1620.8524169921875,360571.0
2023-01-17,1614.4614861559032,1638.0589328456663,1614.4614861559032,1632.8477783203125,514997.0
2023-01-18,1640.0253959181928,1658.5101370170053,1636.0433440645334,1648.3828125,716978.0
2023-01-19,1645.924845711395,1664.606122720811,1640.6645270230742,1648.776123046875,624177.0
2023-01-20,1648.776049550022,1659.1491941365389,1624.53947027722,1627.5875244140625,317042.0
2023-01-23,1635.1091544034098,1639.8286676901173,1588.2584112869715,1603.94091796875,675068.0
2023-01-24,1606.5955367574807,1610.4793807179249,1566.479794370602,1576.3121337890625,450813.0
2023-01-25,1576.3121643030643,1583.9322395499057,1555.7134875328059,1567.0206298828125,503547.0
2023-01-27,1567.2173252943385,1575.6239059787893,1523.5128421568347,1551.977294921875,915505.0
2023-01-30,1553.3537301327428,1579.4093818839642,1539.7361157112093,1571.789306640625,467299.0
2023-01-31,1575.5746343150345,1593.8135536077705,1556.5492098279033,1563.5301513671875,1534280.0
2023-02-01,1566.2833586914262,1595.7801378342056,1539.7852287727367,1561.1705322265625,741968.0
2023-02-02,1548.5852624915472,1576.5580750690071,1536.4914937206313,1571.9368896484375,721339.0
2023-02-03,1573.165757566717,1591.89631844179,1549.4208192489368,1589.2415771484375,754417.0
2023-02-06,1590.6674161151625,1593.961170468366,1570.3145591780471,1590.9622802734375,499057.0
2023-02-07,1592.4372156511517,1605.268325393577,1580.3926111705434,1589.1925048828125,595073.0
2023-02-08,1589.83153775338,1613.4781477274407,1588.6515991848835,1609.102783203125,513921.0
2023-02-09,1609.1029211814403,1634.126128297785,1600.352191382446,1615.88720703125,1022882.0
2023-02-10,1612.4950867149917,1614.8056793888936,1595.2884916858134,1607.8739013671875,333259.0
2023-02-13,1607.5788796181523,1615.6413114856214,1590.4707337041239,1595.0919189453125,242604.0
2023-02-14,1595.7800870796498,1600.4504364037723,1551.9281121418976,1577.7869873046875,1051049.0
2023-02-15,1577.7870010308866,1612.4950545573301,1571.3468642385026,1598.8773193359375,644537.0
2023-02-16,1604.825730377302,1615.1495902440884,1589.8315213921396,1602.3184814453125,312420.0
2023-02-17,1597.8448847345776,1640.8120269044944,1594.7477868386313,1615.3955078125,877096.0
2023-02-20,1616.4279340149092,1622.6222502300582,1594.944423447181,1604.629150390625,447737.0
2023-02-21,1607.5788391806072,1631.0779571668147,1597.9431560689732,1605.7598876953125,539466.0
2023-02-22,1606.8413942310158,1606.8413942310158,1544.2588584645334,1547.7493896484375,1056328.0
2023-02-23,1555.4677541406281,1561.858847544576,1541.8501389498824,1553.845458984375,485537.0
2023-02-24,1554.091343536474,1567.758243901103,1544.7506441001888,1548.7818603515625,390716.0
2023-02-27,1554.48443532566,1558.368158686119,1527.9864282836215,1545.2420654296875,397502.0
2023-02-28,1551.534878370693,1557.8766872129984,1531.9686466207195,1552.07568359375,742087.0
2023-03-01,1541.7025007578834,1571.199277445675,1541.7025007578834,1566.9222412109375,288099.0
2023-03-02,1567.2665111437386,1575.1324072355753,1561.3671794500633,1571.6910400390625,286119.0
2023-03-03,1575.1323913527915,1584.9154466336493,1563.874412788185,1569.478759765625,611252.0
2023-03-06,1573.1167089799142,1583.981495487617,1569.232985219397,1571.740234375,330663.0
2023-03-08,1572.1826644275845,1582.0148838125351,1568.003956126447,1574.2474365234375,435573.0
2023-03-09,1574.2475271944606,1581.7692748698948,1558.9091676702888,1574.39501953125,302901.0
2023-03-10,1558.4173487351966,1579.8025301269,1556.5983972892748,1569.134521484375,458587.0
2023-03-13,1575.1323693251695,1591.0114124559877,1523.1195137518514,1535.852294921875,804792.0
2023-03-14,1543.52151024574,1543.52151024574,1515.45025057993,1535.0166015625,507817.0
2023-03-15,1535.8031749722481,1552.9606059247023,1520.5139802068,1524.5943603515625,551661.0
2023-03-16,1532.116074503726,1540.4243269437409,1501.439357417311,1534.2791748046875,583369.0
2023-03-17,1543.6689986076242,1565.644149825346,1529.9037714040596,1558.6632080078125,698627.0
2023-03-20,1524.9876436109316,1572.182657965515,1524.9876436109316,1566.086669921875,530519.0
2023-03-21,1573.1658542127839,1582.014912067418,1561.1213701885708,1579.261962890625,570821.0
2023-03-22,1582.9980895955578,1588.8974209417886,1571.4942910451846,1585.8494873046875,296273.0
2023-03-23,1582.8998369236922,1592.8305050223871,1573.1658252626164,1579.01611328125,313930.0
2023-03-24,1578.0819177622043,1581.4741206444028,1560.6787878890682,1567.5614013671875,374535.0
2023-03-27,1558.614052800117,1620.3116345288274,1558.614052800117,1603.5968017578125,630210.0
2023-03-28,1595.780044899124,1614.1664570575313,1574.7390119426664,1584.07958984375,582767.0
2023-03-29,1592.0438026869467,1610.3810506106781,1584.0795788472926,1604.3341064453125,577758.0
2023-03-31,1608.2672310186276,1623.9496182983178,1601.2862888140369,1605.3175048828125,783128.0
2023-04-03,1602.4660462496233,1614.0681734105945,1592.9778552641444,1600.6470947265625,766128.0
2023-04-05,1602.662682396096,1636.6332736004117,1587.1768318413497,1631.422119140625,1443735.0
2023-04-06,1636.2400195600612,1645.9248672060723,1622.6222841238932,1641.057861328125,641403.0
2023-04-10,1646.8588394220671,1685.3522883633932,1642.0409977282272,1681.5667724609375,828993.0
2023-04-11,1681.12444153418,1692.6772843528668,1667.1625573316855,1682.402587890625,437571.0
2023-04-12,1686.72871639098,1712.096070497448,1682.7958287699,1688.64599609375,661394.0
2023-04-13,1688.2035349150106,1690.2192633524396,1662.9346292879854,1672.5703125,258855.0
2023-04-17,1660.7224292215378,1699.5107431121094,1660.7224292215378,1694.7420654296875,723262.0
2023-04-18,1700.936441576854,1706.5407884311835,1670.0630685189992,1676.355712890625,332721.0
2023-04-19,1680.8786356476985,1683.2875565522509,1652.7582105579106,1661.7547607421875,313266.0
2023-04-20,1669.8173013499354,1669.8173013499354,1651.8242011104835,1659.1492919921875,199463.0
2023-04-21,1657.4776948847677,1663.6229675635493,1628.8657496973499,1634.076904296875,326151.0
2023-04-24,1634.1261033959672,1664.8519854467004,1627.9317869753877,1660.96826171875,374750.0
2023-04-25,1657.9200707179077,1674.8807234358892,1655.9536269607695,1658.5592041015625,361117.0
2023-04-26,1658.5593061758318,1676.4049139079318,1645.0398990757396,1670.6529541015625,683412.0
2023-04-27,1666.5725898052171,1677.043942718213,1653.9381365557251,1672.865234375,531392.0
2023-04-28,1676.4048686009598,1696.020263243247,1666.5725289756176,1691.4482421875,601644.0
2023-05-02,1691.448268784877,1714.554194967604,1686.7779194394266,1710.3753662109375,396437.0
2023-05-03,1696.0694478925009,1709.4905265734926,1694.1521681523973,1706.78662109375,348145.0
2023-05-04,1700.2972565634136,1733.4320571007534,1691.2515428974086,1730.3348388671875,591510.0
2023-05-05,1722.3708147299942,1737.5616809543062,1716.7173036789804,1723.1082763671875,336879.0
2023-05-08,1724.3372422356058,1755.0631231567359,1722.8132753667992,1748.524658203125,758983.0
2023-05-09,1751.1302929817361,1758.25872747365,1728.0735302562468,1735.30029296875,735967.0
2023-05-10,1735.3001708430947,1749.5078747167286,1721.9282567856494,1744.640869140625,285798.0
2023-05-11,1744.640840061326,1754.0798664151976,1735.3984701315146,1744.39501953125,272209.0
2023-05-12,1743.264436239778,1743.264436239778,1721.7316414348488,1724.435546875,305342.0
2023-05-15,1724.5831119060397,1732.2031874676736,1701.1823210107943,1704.2794189453125,448927.0
2023-05-16,1706.5407659223918,1715.7831361745457,1693.9554773451366,1698.183349609375,209886.0
2023-05-17,1700.297361853599,1709.588896629409,1675.0774989621532,1695.9219970703125,377699.0
2023-05-18,1700.2972712258722,1703.9351741662954,1668.2931243706653,1677.093017578125,232671.0
2023-05-19,1681.3209441605372,1695.0368860586118,1656.7402169754166,1687.318603515625,242657.0
2023-05-22,1684.3688936761257,1697.9374638870815,1676.3064623190037,1689.5308837890625,263864.0
2023-05-23,1688.2034623895086,1691.595665211382,1659.6898473445199,1669.4730224609375,948278.0
2023-05-24,1666.572567052408,1680.829435734833,1652.8073394625358,1671.8328857421875,442899.0
2023-05-25,1666.5233955829813,1683.238349154081,1662.639671969502,1672.8160400390625,691665.0
2023-05-26,1673.356900449531,1689.0394082482615,1639.0422792129957,1659.9849853515625,1946520.0
2023-05-29,1659.9849446043456,1686.5812818154486,1647.989624899311,1684.565673828125,670545.0
2023-05-30,1685.2539253379202,1703.3945172287001,1684.2706431757033,1696.2169189453125,455969.0
2023-05-31,1694.5945456903146,1704.4267643575047,1667.7032257976152,1689.5308837890625,1217298.0
2023-06-01,1686.23705087771,1691.153220582951,1671.4886622622496,1673.8975830078125,380199.0
2023-06-02,1679.403731363549,1690.1701896406823,1671.488791516264,1681.86181640625,581154.0
2023-06-05,1690.1701259596744,1715.2423755500806,1683.2875121994841,1705.41015625,770437.0
2023-06-06,1710.7194945782421,1745.2308911141756,1708.3105737708781,1736.775146484375,1032105.0
2023-06-07,1739.1349167441435,1742.6746123157009,1720.2078180847373,1739.3807373046875,757211.0
2023-06-08,1742.2811203157344,1746.3615002007582,1680.2885553269741,1683.23828125,746173.0
2023-06-09,1694.103043806995,1708.654776830004,1681.615962398466,1686.974609375,488829.0
2023-06-12,1695.4795685310307,1706.0984140781427,1682.3534738060791,1702.3621826171875,248563.0
2023-06-13,1705.9016841501693,1717.7004678610951,1699.8548602171868,1708.80224609375,356101.0
2023-06-14,1715.7339995233942,1754.8664608978245,1707.8682241618014,1749.5079345703125,814345.0
2023-06-15,1758.996019086593,1769.713312827899,1730.9740435113788,1742.7728271484375,966649.0
2023-06-16,1748.5738068268415,1759.7334568969914,1741.3470444157122,1750.8843994140625,969546.0
2023-06-19,1759.241913722081,1764.4530684854733,1724.6814717071193,1731.7607421875,541464.0
2023-06-20,1737.364915545634,1743.0185467423046,1715.488093350409,1739.4296875,463433.0
2023-06-21,1740.3148278018696,1750.1470475661342,1727.532881858189,1748.082275390625,332971.0
2023-06-22,1756.144640300823,1759.9791995737073,1717.3562091165772,1720.945068359375,412543.0
2023-06-23,1720.6008953512508,1720.6008953512508,1682.500762189301,1687.318603515625,343509.0
2023-06-26,1687.2203884265764,1702.0179416350409,1667.5558294600978,1697.8392333984375,387107.0
2023-06-27,1697.1018215365043,1707.3766385492395,1684.6640246792956,1704.082763671875,338798.0
2023-06-28,1706.8357388701716,1725.2713151403925,1704.9184591821127,1713.8658447265625,1030697.0
2023-06-30,1715.733985063342,1728.466766060236,1701.7229372557892,1705.5576171875,453149.0
2023-07-03,1720.6502858242088,1767.8451821883414,1706.983385733244,1763.6173095703125,1087245.0
2023-07-04,1769.8115669520957,1774.7276161364805,1729.2041836973021,1739.8721923828125,671213.0
2023-07-05,1740.3148278018696,1754.3750406400818,1734.0713471640138,1748.082275390625,400602.0
2023-07-06,1748.0821878829704,1753.8833117287459,1735.3985707968782,1738.3974609375,360764.0
2023-07-07,1738.3974076401623,1741.002984829964,1707.8681839734659,1714.0625,554892.0
2023-07-10,1725.4188694946808,1729.7450701002622,1704.1810588397893,1713.767578125,453912.0
2023-07-11,1714.5542257509553,1744.19849694923,1714.5542257509553,1738.0533447265625,578931.0
2023-07-12,1738.004205018516,1754.4733385267727,1727.5820160985197,1748.0330810546875,791286.0
2023-07-13,1749.1636972436281,1753.9815386337773,1724.0913286725981,1730.28564453125,335559.0
2023-07-14,1732.9897154937603,1739.2823601658888,1714.4067661417316,1723.7965087890625,409283.0
2023-07-17,1723.7965234079886,1764.8955513186818,1719.273666183372,1762.978271484375,923312.0
2023-07-18,1760.0284180716242,1768.8283113289378,1738.2007593049004,1745.280029296875,747998.0
2023-07-19,1742.3794995736432,1758.5536477666658,1741.0030250360467,1754.276611328125,435757.0
2023-07-20,1755.0630409446771,1792.5240414993593,1747.2464300318102,1788.935302734375,856488.0
2023-07-21,1789.4761744818222,1794.3431801936795,1759.9792760617077,1774.33447265625,782735.0
2023-07-24,1765.8787039540175,1811.8939017416765,1760.028536258916,1782.642822265625,782832.0
2023-07-25,1783.5767161328479,1811.8937963552341,1781.6594364199234,1798.3743896484375,472389.0
2023-07-26,1802.2580777436965,1817.9897485022616,1798.4235183932483,1808.2557373046875,463896.0
2023-07-27,1811.2547369144352,1817.74403793866,1784.5600711669638,1791.934326171875,540277.0
2023-07-28,1788.0012478842189,1804.1262318436852,1779.6438315059354,1793.21240234375,493242.0
2023-07-31,1799.3083770625724,1823.5941207898854,1790.262663236989,1818.4322509765625,599614.0
2023-08-01,1820.939363654455,1823.8890895937777,1794.0481634503178,1806.8792724609375,512567.0
2023-08-02,1801.963272352201,1809.0425429728075,1775.7602466838134,1790.45947265625,650377.0
2023-08-03,1777.6774348194765,1803.8312950263391,1764.1088636218706,1799.8492431640625,664460.0
2023-08-04,1799.8492148781115,1814.9909168388444,1789.6236827813254,1794.834716796875,325948.0
2023-08-07,1796.260493836877,1833.672332383631,1795.4247039815916,1824.4791259765625,970459.0
2023-08-08,1826.5438790647866,1837.064395808809,1801.0781963009247,1813.51611328125,481950.0
2023-08-09,1814.007745834342,1818.9237951727328,1796.801151399044,1814.6959228515625,529863.0
2023-08-10,1804.322906982009,1823.8891377117584,1793.458241477551,1799.6033935546875,703299.0
2023-08-11,1808.0068510497301,1819.0795056440593,1787.9376570248676,1806.77099609375,749144.0
2023-08-14,1804.2006572689743,1814.1363252881574,1773.4047269236967,1791.150634765625,530231.0
2023-08-16,1791.397756467661,1799.3068644691166,1765.2485203067756,1796.2420654296875,399331.0
2023-08-17,1789.4204849590224,1791.8426394064677,1773.3057851608778,1780.37451171875,497072.0
2023-08-18,1774.5910857900567,1780.374523286486,1765.34737570526,1770.587158203125,441358.0
2023-08-21,1770.587179649566,1792.3864489200143,1769.64792990588,1787.8387451171875,267446.0
2023-08-22,1789.420540825775,1804.2499519878827,1777.606373396399,1785.268310546875,366115.0
2023-08-23,1789.4205796838507,1794.3637572326463,1772.6139214126479,1777.2110595703125,418171.0
2023-08-24,1784.4773181504836,1792.8313338564305,1750.8638820278077,1757.833740234375,924665.0
2023-08-25,1739.9890547605219,1762.381535270094,1738.0612421630574,1756.0543212890625,659271.0
2023-08-28,1757.734945538995,1769.647981561196,1748.1947510437894,1764.3587646484375,773224.0
2023-08-29,1764.7048002558217,1786.4052017191175,1758.871928334545,1781.3138427734375,643399.0
2023-08-30,1784.4773141004155,1804.151154927551,1779.3859553688476,1786.108642578125,475187.0
2023-08-31,1786.1086477487243,1798.3181672952685,1761.5906191005151,1770.587158203125,1249751.0
2023-09-01,1769.6479490498207,1804.249948753458,1767.5718339140924,1790.9034423828125,421915.0
2023-09-04,1794.4132238523841,1829.6578695897697,1794.363789652758,1820.1175537109375,947843.0
2023-09-05,1831.3878108878248,1850.715612223875,1823.528258373614,1832.7225341796875,884678.0
2023-09-06,1833.9088724338246,1837.8633658724038,1796.340942442825,1817.596435546875,598389.0
2023-09-07,1811.170379806019,1830.053274051829,1804.793731781901,1826.3953857421875,409810.0
2023-09-08,1826.3954628614345,1835.144831585159,1819.1784331706813,1828.7186279296875,365560.0
2023-09-11,1828.7184814168418,1847.848545926551,1824.8134222663812,1841.17529296875,433848.0
2023-09-12,1843.7953060921413,1898.1698961050226,1815.1250456922126,1849.6776123046875,1858204.0
2023-09-13,1857.6360699746226,1924.3686009145474,1834.5515116474442,1911.0220947265625,2896732.0
2023-09-14,1920.9083305470133,1931.783248065283,1896.7363410220582,1909.637939453125,1225975.0
2023-09-15,1919.9198626278285,1965.347347464239,1910.775020388822,1950.4190673828125,1672773.0
2023-09-18,1957.4877030609941,1965.4955583402261,1930.7946905805566,1935.194091796875,682473.0
2023-09-20,1935.1941037820288,1937.715126686872,1908.056183359729,1922.5889892578125,582031.0
2023-09-21,1910.1322781413246,1917.9423965973824,1874.541594992764,1889.7664794921875,1002208.0
2023-09-22,1885.0210773289043,1907.0180837606556,1867.818945766501,1890.21142578125,678725.0
2023-09-25,1890.211361022946,1923.8247969924169,1880.2755722395254,1917.7940673828125,762935.0
2023-09-26,1922.8361941946262,1937.6162925028873,1914.2351283452103,1935.73779296875,659819.0
2023-09-27,1944.4871904503352,1944.4871904503352,1901.18525536702,1909.1436767578125,510599.0
2023-09-28,1908.056225928816,1915.9157788408093,1875.0359987666939,1884.8233642578125,726738.0
2023-09-29,1887.9870370734006,1928.8175042253292,1887.9376028747658,1920.315185546875,804258.0
2023-10-03,1906.1777782289325,1916.9538272981108,1884.971598305223,1899.6033935546875,596037.0
2023-10-04,1884.329090960158,1888.2835844052781,1855.7081447745393,1874.29443359375,693152.0
2023-10-05,1875.5301705201068,1887.2949036432997,1859.613328318564,1868.6593017578125,549055.0
2023-10-06,1868.6098888024787,1884.2302471606167,1868.5110204069479,1881.6597900390625,402950.0
2023-10-09,1868.5604570216049,1875.3325786374833,1853.780358844113,1867.5223388671875,347299.0
2023-10-10,1871.4273817967012,1900.6414173490143,1865.0507338192517,1897.0823974609375,358738.0
2023-10-11,1913.938454432032,1959.8603997279365,1901.728934872049,1957.5865478515625,914364.0
2023-10-12,1968.2637458030779,1999.01012002006,1944.4871087037798,1979.039794921875,2108772.0
2023-10-13,1973.2564307276302,1977.9523161235086,1951.9019473216038,1960.05810546875,307670.0
2023-10-16,1960.058079960327,1977.2603327707614,1935.7377872694371,1951.25927734375,668313.0
2023-10-17,1977.2603977778474,1997.1812898153948,1935.7872851111183,1952.0008544921875,1316588.0
2023-10-18,1947.7001887712574,1968.3131582012045,1928.8174162145854,1933.4638671875,585260.0
2023-10-19,1929.8555296597417,1956.350806571304,1905.8812757534422,1953.2366943359375,712810.0
2023-10-20,1949.9741000655315,1954.6701065401764,1917.2999126968095,1924.2203369140625,491975.0
2023-10-23,1917.1515574702669,1917.1515574702669,1863.5677963272008,1881.115966796875,878203.0
2023-10-25,1879.4848015543585,1898.2192719979273,1847.7003087462936,1856.1036376953125,738333.0
2023-10-26,1845.8713075593432,1852.6928631354958,1818.6345194508415,1828.5208740234375,1141085.0
2023-10-27,1835.9355799984382,1848.7383102437361,1829.0645899971078,1834.8975830078125,289530.0
2023-10-30,1834.8975720723,1860.8985059899844,1807.2653096383908,1857.4383544921875,514528.0
2023-10-31,1858.7235843608123,1870.4388837380366,1843.7953043661034,1865.24853515625,291175.0
2023-11-01,1872.4656067663109,1875.4315376170805,1840.2362044963484,1847.304931640625,349005.0
2023-11-02,1857.2900783238542,1879.3365190827876,1857.2900783238542,1876.1728515625,322032.0
2023-11-03,1881.857532337818,1893.2267920459003,1868.8569440987012,1874.6405029296875,234555.0
2023-11-06,1880.4733383027583,1914.531682568139,1874.6404665493076,1896.8846435546875,292296.0
2023-11-07,1898.1698104032341,1908.006730941699,1890.3102577416444,1899.7022705078125,223028.0
2023-11-08,1907.0675518033695,1920.908400480426,1898.169880677012,1911.8624267578125,427257.0
2023-11-09,1915.3721099969116,1922.440715681943,1908.0562121589292,1912.9993896484375,289965.0
2023-11-10,1908.105595193819,1925.6537657650179,1899.3562270066268,1920.9083251953125,193655.0
2023-11-13,1923.775402563608,1923.775402563608,1900.1470679230597,1906.919189453125,214186.0
2023-11-15,1924.8627777969407,1941.9661613963576,1912.9992977865038,1921.8475341796875,972167.0
2023-11-16,1927.5322322350728,1932.623712415333,1892.0898500940586,1920.512939453125,954513.0
2023-11-17,1918.9806604152375,1961.0468630602322,1918.2885816065534,1948.145263671875,849407.0
2023-11-20,1949.1831653657985,1955.6586818434955,1930.8936024913507,1949.875244140625,287305.0
2023-11-21,1950.2212342217824,1965.3966845503398,1946.6127801687753,1954.9666748046875,317975.0
2023-11-22,1957.2900415163986,1962.3319663264365,1936.4793342026435,1951.65478515625,315125.0
2023-11-23,1961.5411409361998,1961.5411409361998,1929.2128710590541,1934.650390625,437448.0
2023-11-24,1941.570786228378,1947.0576187497709,1923.3305363641716,1927.235595703125,168686.0
2023-11-28,1940.6809083305977,1964.4081111164005,1931.0418457884718,1953.4342041015625,699089.0
2023-11-29,1965.4955530599318,1986.1579569268918,1958.5256947760201,1980.4732666015625,824220.0
2023-11-30,1983.1919695103163,2007.9077344956936,1967.6210460508858,1982.648193359375,1707069.0
2023-12-01,1996.9834326404925,2015.8167711483648,1985.1692654244973,1993.1278076171875,932202.0
2023-12-04,2051.407546499371,2052.3962304791767,2005.386851646733,2029.6082763671875,1055783.0
2023-12-05,2034.5018423670642,2054.3734193306523,2015.3224652912436,2048.78759765625,561391.0
2023-12-06,2056.202341173199,2061.293821145847,2022.292420586245,2034.3536376953125,360631.0
2023-12-07,2034.3538492538837,2065.248529357525,2022.3420650927344,2058.0810546875,424799.0
2023-12-08,2056.3505921941833,2075.4312224827113,2019.42530767487,2046.513671875,594786.0
2023-12-11,2048.4418208566367,2064.506966889016,2044.5861955018463,2060.354736328125,254812.0
2023-12-12,2066.2368823083016,2104.7933729256906,2052.000561329356,2057.092041015625,774496.0
2023-12-13,2057.240371666691,2069.1532856770523,2014.1360557497624,2060.255615234375,805574.0
2023-12-14,2071.13076717279,2087.9374250816973,2058.2786027527727,2079.97900390625,607109.0
2023-12-15,2091.941426906771,2108.500914414211,2078.1005780428864,2103.508544921875,727207.0
2023-12-18,2103.508357887493,2103.508357887493,2078.100393267665,2085.762451171875,314105.0
2023-12-19,2083.093239341069,2113.493576434517,2065.4461990272207,2094.166015625,317963.0
2023-12-20,2109.736801473548,2111.3186958790147,2030.2015352398525,2040.087890625,678958.0
2023-12-21,2026.691754351423,2067.0773110846567,2026.691754351423,2061.886962890625,445236.0
2023-12-22,2065.248431591335,2072.761945321083,2011.7635352365937,2022.93505859375,1006017.0
2023-12-26,2027.6804122802494,2059.3164813969047,2025.703165533099,2046.0194091796875,643808.0
2023-12-27,2055.312619884324,2106.6226532159035,2048.0462772323067,2100.641357421875,1137913.0
2023-12-28,2104.793535888664,2123.8247328616885,2082.3516215707873,2115.619140625,1063989.0
2023-12-29,2115.965107170662,2120.6116793082224,2090.9526154122873,2110.527587890625,651373.0
