Date,Open,High,Low,Close,Volume
2013-01-01,109.76891866724527,110.2958937722799,108.8818353300349,109.28585815429688,1223180.0
2013-01-02,109.96215761742178,110.11146296782404,109.0575125753248,109.83041381835938,2322316.0
2013-01-03,110.6648372127718,111.01615415630441,109.61966716149384,109.95342254638672,4041084.0
2013-01-04,110.35738887712348,111.78900911368655,110.13781587895969,111.37620544433594,4405880.0
2013-01-07,112.24573317713104,112.24573317713104,109.97973521412739,110.29592895507812,1205952.0
2013-01-08,110.12904191941271,111.63969995174223,109.7338104982562,111.49039459228516,2580932.0
2013-01-09,111.3674571160458,112.92203010744161,111.13032249747387,111.69242095947266,2559260.0
2013-01-10,112.15785598404258,114.47654833815976,111.91193000658515,112.702392578125,3364128.0
2013-01-11,114.88058634735741,115.48660993336549,112.9659056196999,113.27330780029297,6828592.0
2013-01-14,114.1779956600447,118.74511548644648,113.89694642080262,118.1830062866211,12102412.0
2013-01-15,118.92070592247828,119.65847315518609,116.32974519521602,116.65470886230469,4186764.0
2013-01-16,117.07632314854814,119.61458916302804,115.65349440256979,118.35862731933594,10660852.0
2013-01-17,123.31224203109741,126.70244825036207,121.13407278360683,123.66355895996094,29586880.0
2013-01-18,123.13654561483631,125.90316557693855,123.0487164096902,123.95336151123047,8911400.0
2013-01-21,123.33679764673612,126.49001350643096,122.86997551787928,125.98796844482422,4523228.0
2013-01-22,126.12888933429383,126.12888933429383,122.36792745165614,122.89640045166016,2742436.0
2013-01-23,123.31035423850525,124.00617910207016,117.01271828989587,119.15303802490234,11598412.0
2013-01-24,119.24113969504377,120.315697258561,116.88062244664016,117.3826675415039,4735396.0
2013-01-25,118.3251132557676,120.57992936080089,117.01273641769465,119.97218322753906,5296860.0
2013-01-28,119.6110477250954,124.01498909936254,119.6110477250954,122.71141815185547,7459896.0
2013-01-29,122.69380478630639,123.82121806137685,121.14361959694186,121.88348388671875,5634676.0
2013-01-30,122.3943472255024,123.29275779549643,120.71204362379275,121.37263488769531,4817056.0
2013-01-31,121.49596529022918,123.78601534216229,119.80484495463722,121.19649505615234,9893804.0
2013-02-01,121.54000613157672,122.7643042855184,120.16597823475688,121.18769073486328,2876756.0
2013-02-04,121.18762699697947,121.98914195258816,119.7871718812418,120.17472076416016,2509300.0
2013-02-05,119.12661472656686,120.05144241945334,117.76139289421064,118.21939849853516,3933688.0
2013-02-06,119.20595347900397,119.31164382996546,117.90238180746047,118.03450012207031,11367776.0
2013-02-07,117.75256715508475,118.3603131146562,117.25051147030476,117.80541229248047,4135276.0
2013-02-08,118.0256488810176,119.12663441162411,117.37386329653619,118.06088256835938,6208728.0
2013-02-11,118.73024235538139,118.73024235538139,114.85477450401879,116.17595672607422,17760612.0
2013-02-12,116.2640850879554,119.84889007744215,115.19833312501174,119.52300262451172,4948684.0
2013-02-13,120.13953509682936,125.82942588433748,120.13072936338688,124.95744323730469,11434616.0
2013-02-14,125.07195545092851,126.65737460453184,123.56580940536772,124.76367950439453,9397740.0
2013-02-15,124.45540413110807,124.71964065792571,121.99800228134167,122.78190612792969,5011932.0
2013-02-18,122.86996102893863,123.91810119811373,121.24050276439715,121.76016998291016,3825096.0
2013-02-19,121.90106988443202,124.84290421264038,121.41663644197222,124.2791976928711,2620520.0
2013-02-20,123.66268065047427,128.01377712001974,123.25752017192457,127.33556365966797,15294124.0
2013-02-21,126.35789000051015,129.0266829058429,126.34908426768872,126.8687515258789,8070544.0
2013-02-22,126.40189760701045,128.24274687947437,125.95269782805518,126.87752532958984,4848304.0
2013-02-25,127.0977911896202,129.46711460332372,126.33150943119826,129.22048950195312,3427332.0
2013-02-26,129.47582343916258,129.75767127109702,127.63497454738753,128.0137176513672,4070164.0
2013-02-27,128.24282003794897,128.771293197446,125.30098396638597,126.79832458496094,2711884.0
2013-02-28,127.05374412313053,128.80651542985382,126.81593552324398,127.43248748779297,5751912.0
2013-03-01,127.20349794771973,128.5158752424546,126.16417374756122,127.2651596069336,4185324.0
2013-03-04,126.19055603763832,128.41895510109126,125.35380701606056,126.03202056884766,3710256.0
2013-03-05,125.96160171888,131.9069260047159,125.96160171888,131.35203552246094,7964048.0
2013-03-06,131.7659662862871,133.51873764059167,131.51934119304735,133.2280731201172,4185976.0
2013-03-07,133.09594042915853,136.33724622344857,133.09594042915853,135.88804626464844,7889252.0
2013-03-08,136.17865158990165,137.92261640033146,135.2185903710652,136.19627380371094,12723888.0
2013-03-11,135.82637396472404,138.4423219050904,135.82637396472404,137.91384887695312,10133052.0
2013-03-12,137.47345880213146,137.6672279508578,135.0600964176978,136.24916076660156,4722176.0
2013-03-13,135.64139006828006,138.037129799931,135.52688329542062,137.15634155273438,6109100.0
2013-03-14,137.4029426880221,140.2390760504748,136.19626729975425,139.43756103515625,5563356.0
2013-03-15,139.69303530651948,141.52507941454255,139.21740743695472,139.50807189941406,5285708.0
2013-03-18,138.67135472612551,141.89503874463531,138.4687690541321,141.28729248046875,5934792.0
2013-03-19,141.04065898390706,141.2608560966954,137.46464927077483,137.67604064941406,6497364.0
2013-03-20,137.59676823878456,138.16047500075427,135.48287594525735,136.38128662109375,10002516.0
2013-03-21,136.43414034257376,138.1252499828282,135.81758838492493,136.18751525878906,4612020.0
2013-03-22,135.34197011331392,136.68077519671232,134.43476433329715,135.2803192138672,4516588.0
2013-03-25,135.81757346298576,136.09061572101206,133.8798389518407,135.13055419921875,5216056.0
2013-03-26,135.57975998634515,137.2092184935783,135.30670698638679,136.59266662597656,3586592.0
2013-03-28,139.25262442534824,141.80691038887454,137.40296907244988,140.0453338623047,24468836.0
2013-04-01,140.0541140777989,140.9260964499445,137.79929868496137,138.90028381347656,1620592.0
2013-04-02,139.64899911754597,140.71475091819113,138.7065598417598,140.19508361816406,2992776.0
2013-04-03,141.10233603061994,142.2033217986491,136.80408329150836,137.49990844726562,4182904.0
2013-04-04,136.5045544716219,136.80401384706298,130.2333362692346,131.3255157470703,6570244.0
2013-04-05,130.75297988351593,134.72533165214858,130.75297988351593,133.34249877929688,5343432.0
2013-04-08,133.34255351189623,135.11293598559558,130.55044792733926,131.2991180419922,3010860.0
2013-04-09,132.33845826019555,132.9638158793157,130.11005928793483,130.44476318359375,4507564.0
2013-04-10,130.70899363000407,135.94968441233917,129.7401264265472,134.7606201171875,3796480.0
2013-04-11,135.60620240857054,139.81637595969661,135.1129629731122,139.28790283203125,5224088.0
2013-04-12,133.70366591189955,137.63197963747336,133.65962649625004,136.71595764160156,9597216.0
2013-04-15,136.52216736279217,138.10758608055363,134.45231514793696,134.7517852783203,9824632.0
2013-04-16,133.86221136617573,135.7206725459104,133.47466236024846,134.37306213378906,7339540.0
2013-04-17,141.84217889007775,142.68773368004142,131.24628918089041,132.34727478027344,28222348.0
2013-04-18,133.31606609958567,135.28903331918508,128.70955142918942,129.69602966308594,9565588.0
2013-04-22,130.71179291601194,131.41834314799038,126.51665091363994,127.3821792602539,11641000.0
2013-04-23,128.02687255210952,130.31433059612294,127.46163033095235,129.32516479492188,8919768.0
2013-04-25,129.82857040391175,129.82857040391175,126.18100149441025,127.01119995117188,7982256.0
2013-04-26,126.70201540023093,126.70201540023093,119.69834837646577,120.86415100097656,14659260.0
2013-04-29,120.65222896978186,124.14964892950555,118.86819472812824,123.78754425048828,7340976.0
2013-04-30,123.5137824071583,127.9562202234089,123.5137824071583,127.42630767822266,7386976.0
2013-05-02,127.43511518387164,132.69008034094787,127.42628546587736,129.96102905273438,13483624.0
2013-05-03,130.88837554989183,133.6615862029172,130.71173806601882,132.55760192871094,9582080.0
2013-05-06,133.00800073242186,135.83419995117185,132.12481347656248,132.47808837890625,6847016.0
2013-05-07,133.36128493057788,134.2444722479989,131.31229466659912,133.09632873535156,7104564.0
2013-05-08,133.36129429966286,134.13850350603303,132.3456288132747,132.6370849609375,4516352.0
2013-05-09,133.27301760965048,138.41316546744378,133.00806131221577,136.0373992919922,8729028.0
2013-05-10,136.6291069948067,137.9362288143712,136.18751324239943,136.87640380859375,5857196.0
2013-05-13,137.1590804559867,137.19441012810051,133.15823496862228,133.96194458007812,3741036.0
2013-05-14,134.59778821889563,135.0393820122647,130.02287220715257,131.61260986328125,5783876.0
2013-05-15,131.78038111210859,133.3612886101299,130.5350891164053,131.6920623779297,6634336.0
2013-05-16,132.08952337207032,132.32799047119587,129.828565476455,130.5174560546875,3496504.0
2013-05-17,130.60574392508036,132.37211854791838,126.5872416581239,127.1701431274414,6403588.0
2013-05-20,127.54997226684866,129.810941562294,127.22319710737132,128.5568084716797,3265484.0
2013-05-21,129.2986569034724,131.32115854267664,128.99837098122015,130.12002563476562,4222380.0
2013-05-22,130.53512233951483,133.00804752591972,130.3584848262002,131.3564910888672,4347576.0
2013-05-23,132.12480039428291,132.64588297986404,129.12196402168556,130.15528869628906,4821008.0
2013-05-24,130.41148510435133,132.11604156641107,129.12203330282748,130.2790069580078,2910452.0
2013-05-27,130.0493626292615,132.37215012482423,129.32515317357837,131.0120391845703,2576904.0
2013-05-28,131.72742900632286,131.9482259037522,130.0405428661827,131.56845092773438,2901148.0
2013-05-29,132.03652954101562,134.2091686066751,131.53311698497038,132.03652954101562,4270132.0
2013-05-30,131.76273794255454,132.70774420248244,129.88154435989063,131.0650177001953,4277368.0
2013-05-31,131.77158838580874,132.72543529514274,130.72059299782555,131.56845092773438,5051248.0
2013-06-03,132.77837724028979,132.77837724028979,129.84618901508705,131.09149169921875,2848988.0
2013-06-04,131.7716514673413,131.7716514673413,129.21040623104577,129.9346160888672,1948328.0
2013-06-05,130.50865310955825,130.50865310955825,127.39100673461274,128.3801727294922,1839204.0
2013-06-06,127.70893003125515,132.38982442382536,127.35565498275929,132.06304931640625,3382144.0
2013-06-07,130.88843196815083,133.16706080473315,130.88843196815083,131.45367431640625,3713360.0
2013-06-10,132.30147022667944,133.61742158608791,131.63907968816136,133.08750915527344,7422292.0
2013-06-11,133.57327357996675,136.4877921973852,132.47811897356587,133.48495483398438,6363000.0
2013-06-12,133.1670508859434,135.95792197002228,132.9197540079072,134.88926696777344,4490080.0
2013-06-13,135.11005997846928,135.43683511822195,132.96390953406137,133.811767578125,6391744.0
2013-06-14,135.09230711851154,135.38376319651283,132.31026753812841,134.89801025390625,3832808.0
2013-06-17,134.59783358606748,137.58301294785812,133.63515663582598,137.12374877929688,4248740.0
2013-06-18,137.19434093405883,138.0598581682608,136.2669941095659,137.74191284179688,3965100.0
2013-06-19,137.77723737388285,138.2629904543677,137.08834687457488,137.7330780029297,4030392.0
2013-06-20,137.2473554108951,137.2473554108951,133.9795612344452,134.218017578125,3152420.0
2013-06-21,134.24450904808484,135.3749934367185,132.4781339290311,134.02371215820312,2996392.0
2013-06-24,134.4211430193913,135.53395715886447,133.24649928372096,134.37698364257812,3464660.0
2013-06-25,133.89125303337133,135.4809908662214,131.59496505258792,132.6636199951172,3422596.0
2013-06-26,133.00803715772312,136.36414964908664,131.59493716135952,135.4897918701172,3512944.0
2013-06-27,136.88525786543164,141.31002589505053,136.47015319570528,140.49749755859375,7696940.0
2013-06-28,141.31005670606476,141.31005670606476,135.99327013493976,137.0707550048828,6568320.0
2013-07-01,137.7596525386148,137.7596525386148,133.50268040480304,133.96194458007812,2742568.0
2013-07-02,134.597781494293,136.48780499170542,134.2445064772476,135.32199096679688,2463896.0
2013-07-03,134.6066231921962,137.0707188115882,133.65278702995013,135.60462951660156,3266880.0
2013-07-04,135.31315280118608,141.66327299241462,135.31315280118608,141.26583862304688,6883720.0
2013-07-05,141.50426096437783,142.54642626187774,139.93219408268678,140.54159545898438,2890504.0
2013-07-08,141.786908680071,145.1253506146782,141.14217755959456,144.63076782226562,4591276.0
2013-07-09,144.2245069264424,146.2823379451799,143.95955069816355,145.3284912109375,3513816.0
2013-07-10,145.32848758480478,149.08203405843236,145.19600947397086,148.30482482910156,4127192.0
2013-07-11,148.7287975352151,149.9652602225625,147.03308159072114,148.49034118652344,3493012.0
2013-07-12,150.14187967766983,152.8356016365927,149.6737859756474,152.3675079345703,4853628.0
2013-07-15,151.99658631992423,155.96210080953418,151.99658631992423,154.60198974609375,3786484.0
2013-07-16,152.61482960821695,156.30655838687403,152.34987330681378,154.91111755371094,3098124.0
2013-07-17,154.2752146457594,156.97776655193925,154.2575444250584,154.60198974609375,3321512.0
2013-07-18,155.2466678209252,155.2466678209252,151.11334694676393,151.705078125,4242288.0
2013-07-19,153.1094008217897,160.1925718721496,153.1094008217897,157.60482788085938,9537080.0
2013-07-22,158.09058463898177,158.88545350029506,154.88460925257849,157.25155639648438,3851664.0
2013-07-23,157.4281405644476,160.0070432390961,157.4281405644476,159.05320739746094,4931300.0
2013-07-24,158.01990305258764,160.3780201442319,157.2162045844936,158.9914093017578,3090068.0
2013-07-25,158.97369461942375,161.25232188807294,157.73723255016156,159.3976287841797,4243444.0
2013-07-26,160.66939233700435,162.3121289619221,159.2916226222184,159.6448974609375,5295436.0
2013-07-29,159.85690716455963,160.3338304802752,157.62243890114726,158.40847778320312,3827536.0
2013-07-30,160.21019701216525,161.61446715763117,159.3270095975447,159.97174072265625,6222296.0
2013-07-31,162.15320013210234,167.78793983039475,154.91106374276006,165.60646057128906,16167372.0
2013-08-01,167.98222261745005,168.0705413464813,163.6634346116026,164.396484375,6363796.0
2013-08-02,164.80283065654444,167.70852044867036,163.6370271636971,165.32391357421875,5528720.0
2013-08-05,165.37682804996135,169.74860534687622,165.37682804996135,167.7437744140625,4003976.0
2013-08-06,167.62898532358003,169.5719977983528,166.04807756288633,166.82528686523438,3769488.0
2013-08-07,168.1589038823504,168.86545389866276,158.77061622816035,160.13955688476562,5661036.0
2013-08-08,158.62045923445922,160.80192783020058,156.0592157390253,160.01589965820312,5307584.0
2013-08-12,161.44667740125135,165.33270245904953,159.5124945912641,164.86460876464844,4591444.0
2013-08-13,165.68596473639573,168.10590049270954,165.15605226922176,166.1452178955078,3725304.0
2013-08-14,166.91364933043891,167.25809469739994,161.24357770034976,162.5418701171875,5897512.0
2013-08-16,162.32987621526894,166.2070718240731,160.03358852125533,162.6831512451172,8401384.0
2013-08-19,164.09627334982125,165.58886270712406,161.57918842491816,164.52903747558594,5959248.0
2013-08-20,165.05008011509372,165.05008011509372,157.67546467763563,158.8236083984375,5191016.0
2013-08-21,157.85204864649555,161.41128650540762,155.67056984803963,156.4831085205078,5213524.0
2013-08-22,155.8119155221244,160.14837424555984,153.97489221379593,159.38882446289062,4733996.0
2013-08-23,159.15921232416943,168.33553232319025,158.7264483062587,167.160888671875,7902228.0
2013-08-26,166.1540615325027,170.72013639843917,165.79194604821822,166.8429412841797,5192304.0
2013-08-27,166.0392421851397,169.73979979218748,166.0392421851397,167.39935302734375,3159176.0
2013-08-28,166.5691831128122,173.9702995911338,166.5426831720939,173.1312713623047,6561592.0
2013-08-29,173.28140344630162,181.25659161766097,171.4002095857449,179.7551727294922,9258668.0
2013-08-30,178.68651302120546,184.56855113126673,178.38623785855265,183.78250122070312,6049048.0
2013-09-02,181.93662597930464,185.46937599832026,181.93662597930464,183.4115447998047,3931360.0
2013-09-03,183.7030113936666,184.90415509304214,180.17026117455762,180.85031127929688,4718252.0
2013-09-04,181.01810218572425,185.61949570553193,179.28704621805213,183.579345703125,6988140.0
2013-09-05,184.09165351456812,184.53324740762955,178.5982297973243,180.15264892578125,5768332.0
2013-09-06,179.46367722542746,183.94143296974553,177.1850494521544,179.63148498535156,5481388.0
2013-09-10,179.11046722607756,189.52324168105685,178.61588426569693,187.70388793945312,8011760.0
2013-09-11,188.99332687415082,190.98933969655303,185.73437289334152,188.3927764892578,4176852.0
2013-09-12,189.97362998980236,191.09527379492295,186.37022070126676,189.77049255371094,5773264.0
2013-09-13,189.77048643852444,190.78615202405805,183.41153668561833,184.71865844726562,6290308.0
2013-09-16,185.9728283882652,186.17596587029797,173.8554975406459,176.00164794921875,10046268.0
2013-09-17,176.8583092148401,183.6676939398256,176.814149836759,183.19960021972656,3625604.0
2013-09-18,185.4693768220666,185.4693768220666,179.87879557970533,181.72467041015625,3725976.0
2013-09-19,181.76000337302685,183.3232410721048,175.94862480308257,180.87681579589844,5247480.0
2013-09-20,183.66768583778472,188.57819552647135,181.86597035423586,187.5537109375,4133648.0
2013-09-23,186.61752343112235,194.16877674553834,186.61752343112235,192.71151733398438,5997308.0
2013-09-24,191.58104545471542,194.99897707533384,188.74602626151272,189.46139526367188,5725484.0
2013-09-25,189.8941459383041,190.93628989979413,186.10525876688416,187.76565551757812,5015716.0
2013-09-26,188.2160470079118,188.89609689074845,184.44482012982039,185.86676025390625,6380440.0
2013-09-27,185.36340306969447,191.47505646356473,184.5861937310195,189.48788452148438,4014632.0
2013-09-30,190.04433767202806,195.00784833998065,189.35544693882179,192.0403289794922,5254356.0
2013-10-01,191.73996437212995,192.53483294852293,187.91575901993457,189.19638061523438,2051744.0
2013-10-03,190.76850645543766,197.08329729412458,189.88531892555136,195.11378479003906,8287912.0
2013-10-04,194.52208185828002,197.74571681302564,192.95884401458284,193.73605346679688,5397444.0
2013-10-07,194.35429087492787,199.52093883985918,194.30129098886934,197.71922302246094,5895704.0
2013-10-08,197.8251723371997,197.8251723371997,194.9018344598182,195.4759063720703,2544784.0
2013-10-09,195.37877322996144,198.54058942017812,194.398447847635,196.3856201171875,5126556.0
2013-10-10,196.38557450838587,199.60036827519724,196.38557450838587,197.4188995361328,5806820.0
2013-10-11,200.4836077924831,206.3833059377591,197.56908838404613,204.44911193847656,10934984.0
2013-10-14,205.7827038672141,206.31261640936145,204.0516476046542,204.87301635742188,6419404.0
2013-10-15,207.72575490628242,208.1585082707903,204.32548213251886,205.10269165039062,5579340.0
2013-10-17,205.7827017369476,206.36561415215397,190.24744116202822,191.30726623535156,16121608.0
2013-10-18,191.29837747560228,195.96161093426014,189.19638729801207,194.76046752929688,7820096.0
2013-10-21,195.36104066379409,196.80945928434542,185.87561720580817,191.49267578125,8981476.0
2013-10-22,194.04094873944157,197.58022733022028,192.0589613694224,196.2353057861328,5073020.0
2013-10-23,198.16422300947377,198.18191508256123,190.25392215551815,195.83714294433594,4021456.0
2013-10-24,194.8373312425569,196.43000697478487,185.63520478968408,186.6350555419922,7210448.0
2013-10-25,184.90964610132878,192.51909638037895,184.45837936256675,190.89987182617188,6109920.0
2013-10-28,189.528381046822,191.88201010586795,187.22784981095955,188.08612060546875,3539636.0
2013-10-29,188.48436794971212,191.97057200447614,188.43129170647364,191.22731018066406,4523612.0
2013-10-30,191.82894013580332,193.66936971212812,188.3073528737865,192.17401123046875,3709464.0
2013-10-31,193.95255534119897,196.7131895822144,192.20946415968348,193.8375244140625,7494488.0
2013-11-01,194.08520660990118,198.18192625560675,193.97017572528318,195.20892333984375,5212456.0
2013-11-05,193.2623878424982,196.39466372954504,191.48391253229138,194.83737182617188,3171148.0
2013-11-06,194.83736864804416,196.73087485239535,190.9264684751558,191.66087341308594,4078512.0
2013-11-07,193.58086368723892,198.80130006288704,192.96148987995863,195.20892333984375,3972848.0
2013-11-08,195.1028104174075,200.41173042876554,194.70464141655566,197.1909942626953,4594308.0
2013-11-11,197.31486000296425,201.36733992343528,194.0764101620953,195.0143280029297,3360592.0
2013-11-12,195.72220361492302,198.28818187208068,193.47476923050957,194.2003173828125,4512768.0
2013-11-13,192.89076252433136,196.7839705752812,192.89076252433136,193.97909545898438,3054692.0
2013-11-14,192.7757138211625,195.3239995398728,190.68755174767347,191.9351348876953,2580632.0
2013-11-18,190.0150390509738,197.19977101505341,189.1213624732923,194.00558471679688,3925068.0
2013-11-19,195.2797786967646,197.13790074145516,194.39495867548337,195.13819885253906,3945228.0
2013-11-20,196.3415448986594,197.41218566803875,191.5723740577136,192.3421630859375,2153208.0
2013-11-21,193.31544615710837,194.21795808840815,187.18364024420384,187.9180450439453,3041036.0
2013-11-22,187.59947482494906,188.88246343338585,185.52900529766873,185.85638427734375,4398836.0
2013-11-25,184.57345385429187,189.26299990140475,184.57345385429187,186.3430938720703,3398352.0
2013-11-26,185.28129159720842,189.07716042034312,184.75039964420782,187.53758239746094,6000408.0
2013-11-27,187.59946118883414,189.70533631346865,186.78543141685276,187.32518005371094,2826432.0
2013-11-28,188.46665385415898,190.13011972032402,187.15711597645247,187.96231079101562,3658696.0
2013-11-29,188.02425303731394,193.64286012807602,188.02425303731394,192.1829071044922,3602484.0
2013-12-02,191.545815824234,201.73893672797465,191.545815824234,200.45594787597656,4515568.0
2013-12-03,199.9692970086116,201.73893680514797,196.62467347274816,197.91651916503906,3753980.0
2013-12-04,198.23502738719733,200.67713877501356,196.66006536098854,197.59796142578125,2375652.0
2013-12-05,199.96933915003297,200.32326718392684,194.8993157440928,196.1999969482422,3172604.0
2013-12-06,195.36826303996693,200.5002192248936,195.36826303996693,199.36764526367188,2035128.0
2013-12-09,200.28785917525937,203.50859525941434,198.6774695311316,202.34063720703125,4063508.0
2013-12-10,201.39383977460975,206.3134248148054,201.38498293594725,204.3668212890625,12426016.0
2013-12-11,204.40227342303766,209.87930049063672,204.40227342303766,208.18045043945312,9236796.0
2013-12-12,207.26013545125954,210.23313796224923,204.74725641609626,208.9501495361328,3782148.0
2013-12-13,207.68495497208932,210.23324100161008,206.70281769126737,209.0210418701172,11441044.0
2013-12-16,208.72892800008114,210.9409768343338,206.72922721310098,209.8260955810547,8242520.0
2013-12-17,211.8258344948275,212.00279843341966,206.676188202204,207.1097412109375,7373060.0
2013-12-18,208.4704897084564,213.397641914686,207.90129569152472,212.99742126464844,3504008.0
2013-12-19,213.01521421216913,223.88342335343464,212.99740925803874,219.86343383789062,6543352.0
2013-12-20,220.51270363830292,222.6828022437574,219.00075876877722,220.15695190429688,11683408.0
2013-12-23,220.9929844315306,224.11469291072424,220.04135287314443,220.68170166015625,4224696.0
2013-12-24,221.41995801692224,222.96746986433848,219.49888935986732,220.16592407226562,2197664.0
2013-12-26,220.56611736497962,221.63337277158436,219.67673785947568,221.43771362304688,2933928.0
2013-12-27,221.9891069847473,224.46158615681776,220.56609988869124,221.6422576904297,3104892.0
2013-12-30,223.94572494905006,225.90235955940713,219.51661135202363,221.75784301757812,1578700.0
2013-12-31,222.66502856147196,225.5466090453175,220.2370185299439,224.5771942138672,1495972.0
2014-01-01,225.68891114083533,225.88457025394857,222.75395930404815,223.85678100585938,737988.0
2014-01-02,224.1236580364815,225.01303763186434,220.59282538548533,222.53167724609375,1030976.0
2014-01-03,221.47323110419165,225.1908409571359,221.1797315896557,224.07911682128906,2725944.0
2014-01-06,225.01299434132153,225.19087022617634,221.33097221017312,222.46047973632812,1392104.0
2014-01-07,223.41212827143053,225.45770110194124,220.94855142257572,223.47438049316406,3879316.0
2014-01-08,223.76790033190315,227.0586047485488,220.957452198826,221.7045440673828,2576776.0
2014-01-09,222.43380298625632,229.5399361875961,221.11751704254493,228.614990234375,3250300.0
2014-01-10,231.02519992915583,234.54712929921826,225.90236593751075,230.91845703125,5292496.0
2014-01-13,232.07467711092465,240.66609173170465,231.77229676748794,238.9495849609375,4611212.0
2014-01-14,238.7984538746097,238.7984538746097,233.9068654339752,234.97412109375,2560164.0
2014-01-15,236.62832626397696,239.6699999116775,235.34760671369375,236.63720703125,3919128.0
2014-01-16,240.31031497687889,248.67048137503826,238.39814925815097,247.37197875976562,13027348.0
2014-01-17,247.0696448547185,248.8484039969411,243.6544359869985,245.40650939941406,7473896.0
2014-01-20,246.44701060627716,255.60761764072197,244.69493768119662,254.46920776367188,7594044.0
2014-01-21,254.744931274037,259.4408585793797,254.53146720226144,256.1679382324219,7940204.0
2014-01-22,256.85467114228237,258.6027185859813,252.0654061080433,257.7019348144531,7216076.0
2014-01-23,257.70203673441455,257.70203673441455,249.47019365647935,251.80685424804688,6043544.0
2014-01-24,252.08328134490475,255.25829971864843,249.79121411624382,251.83355712890625,4416224.0
2014-01-27,251.50358147184318,254.99074976845512,249.11340123641986,254.0899658203125,6256364.0
2014-01-28,253.1088925648119,254.36641902810615,249.38092777691838,251.9405517578125,3914664.0
2014-01-29,251.68195077029685,255.96286276072004,250.8079268841499,253.6975555419922,2616276.0
2014-01-30,253.8045617526282,257.7465636656877,251.1111591099215,255.8201446533203,5446576.0
2014-01-31,256.1590274419529,262.1879862766402,255.0887996090859,260.81451416015625,3797684.0
2014-02-03,259.35187424430717,262.4109464417781,258.39759212919427,259.1556701660156,2420852.0
2014-02-04,255.873646747121,256.49794633834784,245.27838647267401,250.05874633789062,5091952.0
2014-02-05,251.86020525400284,252.21694775436262,245.3496546224369,248.58709716796875,6655344.0
2014-02-06,249.71983055562055,251.78002786724093,243.2984634841903,251.2716522216797,5371304.0
2014-02-07,253.23370762097025,253.8045088040716,247.1512510847961,249.72872924804688,4448856.0
2014-02-10,250.50470749027306,253.73322430237442,249.11340236628283,252.60057067871094,3536760.0
2014-02-11,252.3954489632807,263.8468804116525,252.3954489632807,262.7588195800781,7607308.0
2014-02-12,263.9895660510255,269.4298915676176,263.5882305620966,265.9159851074219,7410744.0
2014-02-13,267.3786017997748,267.9761413516303,264.08765973999493,265.63055419921875,5433888.0
2014-02-14,266.4867804375422,270.00961438241603,263.73985746246655,267.0843200683594,4833648.0
2014-02-17,267.5570118481489,271.48118135525505,267.2002691656847,267.985107421875,2792108.0
2014-02-18,268.98394344128985,270.19687709472646,264.56925338812545,265.17572021484375,2802144.0
2014-02-19,266.12996512335076,267.55693544572796,263.16900605918585,266.54913330078125,2796248.0
2014-02-20,266.6650227909057,267.18230377851114,261.7330532989023,262.7230224609375,3687320.0
2014-02-21,262.38418477550954,275.8333852771664,262.38418477550954,274.3707275390625,5888384.0
2014-02-24,274.87029779588966,274.87029779588966,271.2315172730235,272.9438781738281,2819804.0
2014-02-25,274.50455570327085,277.3406642681594,273.799997643628,276.28826904296875,2798184.0
2014-02-26,276.2970793476036,282.2100909201712,274.8968693234948,280.51556396484375,5771220.0
2014-02-28,272.90807688535114,283.61035441026684,272.90807688535114,281.03289794921875,16188144.0
2014-03-03,281.11313909443976,281.11313909443976,266.094285931036,268.3863525390625,8926652.0
2014-03-04,269.6973842888572,272.01621100562653,263.1065739841908,264.2392272949219,6936724.0
2014-03-05,265.2203227417327,266.55810765524546,259.235956185748,260.859130859375,8011076.0
2014-03-06,262.0987234940356,267.4676938541809,262.0273706380738,266.1031494140625,7490368.0
2014-03-07,266.1299078659994,268.4487341409713,259.75313560982687,265.3985900878906,8818956.0
2014-03-10,263.63280356714165,264.6316785763624,256.40876530971997,257.0419921875,9844140.0
2014-03-11,257.0419691527725,261.688528427767,256.47116793162553,259.4499816894531,7583096.0
2014-03-12,258.031872122365,261.92927997624236,256.85462610747305,260.4666442871094,4396776.0
2014-03-13,257.74652471447075,263.81114882539947,256.37307443417876,260.2793884277344,5891488.0
2014-03-14,257.67516033698496,257.7465132075195,250.6919200015428,252.72535705566406,5609800.0
2014-03-18,254.17908986501558,254.5090723988444,251.14677791574871,252.0475616455078,4530072.0
2014-03-19,250.43330661052153,253.28724742659585,244.5916465026194,250.36195373535156,6437264.0
2014-03-20,249.00638870931775,254.33969608873474,249.00638870931775,251.03089904785156,4944164.0
2014-03-21,251.68190586687209,259.83346561808435,249.27389330188075,254.41099548339844,7872676.0
2014-03-24,256.85467776535415,258.63839080539134,251.2984072908702,252.27944946289062,3845692.0
2014-03-25,251.69982723740742,254.98186468784428,248.5426628060059,249.3096466064453,5035292.0
2014-03-26,250.61172886156913,251.1468428733732,247.0443021162087,249.2025909423828,4753584.0
2014-03-27,250.6116346235214,250.6116346235214,246.64287386168985,247.78445434570312,7130636.0
2014-03-28,249.89817312640136,253.64397015399197,248.88146549987655,250.75436401367188,4330940.0
2014-03-31,250.61169258433577,250.61169258433577,246.33078110958556,248.06097412109375,3926028.0
2014-04-01,251.50351352872502,254.98175360944143,249.71980066681917,253.0107421875,5962896.0
2014-04-02,255.42779494104713,256.2839862034615,253.67974685272134,254.30404663085938,4831084.0
2014-04-03,256.51581743625087,256.85472733403003,252.038701196517,254.05430603027344,5065728.0
2014-04-04,256.90819285843696,256.90819285843696,248.82796423503203,249.34524536132812,4219764.0
2014-04-07,249.27384041986915,251.80670364876926,246.80340277834637,250.87025451660156,3937144.0
2014-04-09,248.91713791017924,250.61166518366306,243.8692216385811,246.1969757080078,7069268.0
2014-04-10,246.15240299281797,247.7577447514668,240.79233652245966,242.1212158203125,5669992.0
2014-04-11,239.42774999590674,250.6116192411186,238.12563109387426,249.83570861816406,7490088.0
2014-04-15,250.96855043522245,256.3642850838831,249.345375110561,254.14356994628906,6943812.0
2014-04-16,256.5871167208241,256.5871167208241,250.07656422842922,251.949462890625,4719656.0
2014-04-17,258.81664400758353,259.1377209178145,252.3952799936118,254.1343994140625,6078460.0
2014-04-21,256.49795544725964,257.4433321427984,253.50130859341527,256.8011779785156,3760100.0
2014-04-22,255.97835763171616,261.1476546139199,255.97835763171616,259.8329772949219,3949268.0
2014-04-23,259.89560242628386,261.14768034574973,256.4971052163049,257.2930603027344,6748472.0
2014-04-24,257.2930603027344,257.2930603027344,257.2930603027344,257.2930603027344,0.0
2014-04-25,259.01021066588044,261.827385957086,256.30928228416747,259.2516784667969,4847132.0
2014-04-28,259.35898638644267,260.2533277188097,253.20591365285637,253.92138671875,4263628.0
2014-04-29,254.17190149211532,256.4256381236649,251.8108482275421,253.00030517578125,2714904.0
2014-04-30,252.30258089311144,255.54902167562068,249.6016532559992,250.93423461914062,2430288.0
2014-05-02,250.95206988110922,256.26444637572786,247.91131065945643,254.8424530029297,2547248.0
2014-05-05,255.78169190083207,257.2841901222567,245.5861978880017,247.16024780273438,3030128.0
2014-05-06,247.04392208941215,249.16350677874067,244.87962033138677,247.29434204101562,2567100.0
2014-05-07,248.98466616524928,251.0416515538271,235.41751038227014,236.24925231933594,5386704.0
2014-05-08,238.78915909884816,240.81930975499682,234.6930710290526,239.64773559570312,3806532.0
2014-05-09,239.50461298134596,246.48047549536574,238.8159745103246,245.1747283935547,4030548.0
2014-05-12,243.61858873712293,250.63021633114374,240.1664223215096,249.41392517089844,4273256.0
2014-05-13,249.8163493303652,258.50038989233894,249.8163493303652,256.3003234863281,2679708.0
2014-05-14,256.4971774592164,258.9923818534143,249.70018112487176,252.4547576904297,3872396.0
2014-05-15,250.52287489811405,255.2360490751467,249.00249472265165,251.4530029296875,2618476.0
2014-05-16,251.30988684789088,258.60772005385854,243.04618257644464,244.18199157714844,6331776.0
2014-05-19,246.44459386421033,246.44459386421033,224.6584402117853,233.8164825439453,7669000.0
2014-05-20,232.52878331208802,240.2201199908725,225.99113840131778,234.04916381835938,8200708.0
2014-05-21,234.37110130760033,240.22008496268862,234.33531455314235,238.97695922851562,4006508.0
2014-05-22,238.97696001524315,239.66559848538674,234.85403767264097,236.7947540283203,4503816.0
2014-05-23,235.59633627441187,241.8030562481912,235.59633627441187,239.8712921142578,4848756.0
2014-05-26,239.86236695066376,250.2367273407745,238.35986901002215,247.94720458984375,4342600.0
2014-05-27,248.98464428702113,254.7889112048807,244.61132360069618,247.46426391601562,3412420.0
2014-05-28,247.74153213906715,259.850906557162,246.4805019692096,257.65081787109375,5542120.0
2014-05-29,260.25327349671466,260.25327349671466,247.74144959745982,250.3708038330078,4595600.0
2014-05-30,250.41553643384142,256.1393201237578,246.25684984663656,253.73355102539062,3531480.0
2014-06-02,254.0018619516267,254.84253397563256,246.25685815122102,247.33901977539062,2573924.0
2014-06-03,247.73251607429566,248.62685728756028,239.86231339756714,241.16806030273438,4747996.0
2014-06-04,240.05909624782203,242.36650125396747,232.8149314501942,234.00440979003906,5684584.0
2014-06-05,235.89150522568974,239.59407002644994,233.7808507088989,238.41354370117188,4592304.0
2014-06-06,237.22401768999052,238.67284615497593,235.12231574250143,237.48336791992188,5101056.0
2014-06-09,237.54594542360144,245.23727879031316,237.53699327891022,244.87059020996094,4268888.0
2014-06-10,245.40720242343946,250.77324912366046,244.02992583751606,250.1024932861328,3781152.0
2014-06-11,250.95216307926304,253.6351869183143,248.1260359016608,251.4530029296875,3514840.0
2014-06-12,251.0058684841034,254.33281415736133,247.08864874733698,251.62295532226562,4033532.0
2014-06-13,251.83756068602926,258.4646385252715,247.91141106991435,257.3824768066406,4694564.0
2014-06-16,258.0890833408059,259.0013073353752,252.55309616411245,254.43121337890625,4908220.0
2014-06-17,256.8549173997432,263.6519138211849,256.7654832363032,260.155029296875,7930660.0
2014-06-18,258.8224144749558,260.6379319772553,255.06618040171867,257.00689697265625,4956524.0
2014-06-19,255.06614623447896,261.82737539441234,252.1327023176162,260.8972473144531,5159952.0
2014-06-20,262.3997162274096,262.73957026086237,256.5954503929902,258.27679443359375,5725620.0
2014-06-23,255.5401903222914,258.17849763537856,252.20429230189308,253.82305908203125,2225304.0
2014-06-24,253.09865378885675,254.50276562848654,251.13110241664654,253.26856994628906,2555768.0
2014-06-25,253.2685443203893,257.2841504971678,252.00753598740496,253.7962188720703,1952040.0
2014-06-26,253.9930063013342,258.72406448067784,252.36530900813628,256.5150451660156,4119512.0
2014-06-27,256.31821653821453,265.7535172516764,255.03930411252216,264.984375,7069016.0
2014-06-30,267.03239838242405,269.7333044245493,265.6193349273579,268.3291931152344,4008964.0
2014-07-01,267.4080130062692,268.8300067496591,264.36725299215107,267.8641357421875,3690944.0
2014-07-02,267.1934387610368,267.6227051547689,263.3119840807434,264.7787170410156,2509572.0
2014-07-03,261.14773026376577,266.6926478241608,261.14773026376577,262.3014221191406,5190000.0
2014-07-04,263.62507561766427,265.5479101054575,262.7038993798655,264.7877197265625,1332268.0
2014-07-07,266.51372143951204,270.44882336680683,263.83964954544797,269.8227844238281,4390260.0
2014-07-08,272.47906584778474,272.47906584778474,262.936444819372,264.39422607421875,5588164.0
2014-07-09,267.4080650678206,267.4080650678206,260.3248859051661,263.50872802734375,7289728.0
2014-07-10,263.29407943242114,267.92677174585714,261.25497689600286,263.3656311035156,2593028.0
2014-07-11,267.2291963579891,269.91222041780827,264.7876400966525,268.5528259277344,3741516.0
2014-07-14,267.47958590653593,268.6601119917963,257.57028047149583,259.171142578125,6545688.0
2014-07-15,259.3590859959268,263.5267269391841,259.3590859959268,261.5949401855469,2453024.0
2014-07-16,262.5786727431736,264.21532210707835,259.5379115465565,262.8738098144531,2416688.0
2014-07-17,263.30313343784627,265.32433246251173,260.96889300172955,262.36407470703125,1463300.0
2014-07-18,265.61939617729723,269.77808369320445,264.74293723715095,268.3471374511719,2523740.0
2014-07-21,270.0910939711085,271.70090843848595,268.32029369009206,269.7423095703125,3082780.0
2014-07-22,268.6600892760406,274.2765562283388,267.58687986481806,273.4716491699219,3525144.0
2014-07-23,274.56285843815186,277.24588311344326,271.68308298690795,275.9938049316406,3395676.0
2014-07-24,277.0043347717038,284.12327840758536,276.35146125684986,283.05902099609375,3779220.0
2014-07-25,283.6851613459665,283.6851613459665,278.75733029496024,283.03228759765625,4394592.0
2014-07-28,283.03225674682,290.66099428685067,281.0199883248341,288.75604248046875,7546896.0
2014-07-30,287.977877502554,289.1494732535239,284.5972632693191,285.7509765625,4575384.0
2014-07-31,285.1250142423137,285.29493038867906,275.65392492588404,278.1580810546875,9427436.0
2014-08-01,276.39607508397694,277.24569900026813,269.55436670542196,271.030029296875,7734044.0
2014-08-04,271.87974778938906,279.7499510148714,271.87974778938906,278.14013671875,5132232.0
2014-08-05,279.76251721646327,281.23163535142055,275.4633360273698,278.40155029296875,2896968.0
2014-08-06,278.5007323311576,281.00634202613327,276.76122497430975,278.9784240722656,2478928.0
2014-08-07,276.1573073664941,277.8427277853942,272.1916019082285,273.6787414550781,3065656.0
2014-08-08,273.0838066587585,277.725483445522,272.57007207545405,276.30145263671875,2715936.0
2014-08-11,276.5179060217324,278.11319723253223,270.78564858148343,273.1470642089844,2854212.0
2014-08-12,273.6337458612239,274.3638051706842,270.87576847472883,273.48052978515625,2328568.0
2014-08-13,275.7968345595395,282.57458243281894,272.407949620741,281.2316589355469,3841344.0
2014-08-14,283.86332924375296,284.2689126638504,274.35465128369077,277.2388000488281,2531680.0
2014-08-18,279.5101070689937,280.11397141147194,273.63365743018295,274.5439758300781,2279596.0
2014-08-19,276.33759317405816,277.95992738055946,275.0126913062786,277.37408447265625,1789556.0
2014-08-20,279.2036997327808,282.0968489745575,277.3560414739183,280.9432067871094,3005680.0
2014-08-21,281.74541996015716,285.7832346022927,277.63549716284933,280.4024963378906,4270200.0
2014-08-22,279.6182345768177,291.10976565945185,279.6182345768177,287.4685363769531,4872620.0
2014-08-25,288.4149409727332,291.65960905867644,285.62092123205986,288.0003356933594,2884572.0
2014-08-26,288.3968760784836,291.5694355513175,282.7367293120504,288.70330810546875,3685648.0
2014-08-27,289.2981818213543,298.45534190866795,289.2981818213543,297.40985107421875,4965876.0
2014-08-28,297.60804427826895,300.26686841703605,292.8852603724859,293.9577941894531,5173812.0
2014-09-01,299.05027497876966,299.05027497876966,294.45366134889707,295.15667724609375,1488544.0
2014-09-02,296.0760477214184,298.68980887329695,292.78631385784706,297.0674743652344,1692040.0
2014-09-03,297.4279507221733,301.39365673180225,296.12107033263646,298.8700256347656,5052412.0
2014-09-04,300.807757328187,301.7270755115185,297.88756498011935,299.4197692871094,2324000.0
2014-09-05,300.2940563118065,301.38461217942637,297.60818758927167,300.0056457519531,2265920.0
2014-09-08,301.90734257809396,303.38548232647855,298.0407886472172,300.35711669921875,2090484.0
2014-09-09,301.0330640689081,301.3935827085116,294.9222687267668,295.7695007324219,2050352.0
2014-09-10,294.7239990234375,298.4914233506546,293.5162703368095,294.7239990234375,1732968.0
2014-09-11,296.4906134944089,298.29320715134395,292.26351816630586,295.21075439453125,2561660.0
2014-09-12,294.5437497439611,295.26478707503566,290.7042171542638,292.20037841796875,3091296.0
2014-09-15,292.38958035610864,292.92133644208064,289.3882588772407,290.1633605957031,2725728.0
2014-09-16,289.3342753641671,295.2287692522689,287.4956388144488,289.4154052734375,2231668.0
2014-09-17,288.56818800957643,294.72404946813805,288.55918824429244,293.20086669921875,2415480.0
2014-09-18,293.10178798812933,297.8426190678947,290.2717241752124,295.0666198730469,2857328.0
2014-09-19,295.62526504913814,308.4236759140703,294.55273096851926,301.6729736328125,8784152.0
2014-09-22,301.1863088463183,306.9546076307153,298.3292027555343,306.3236999511719,1930320.0
2014-09-23,306.44081339908684,312.7498889690681,305.8639924344123,310.84814453125,6775140.0
2014-09-24,310.9473254005008,312.7499185912283,307.1168148702048,308.1352844238281,2213248.0
2014-09-25,308.3155691967681,311.8486477414151,305.47648468698355,307.96405029296875,3119252.0
2014-09-26,310.0100210279861,310.94736079212663,304.8545863122713,308.9645080566406,3100920.0
2014-09-29,309.2980418847142,311.3890462182462,306.5130433634749,307.5224914550781,2720028.0
2014-09-30,308.96450642375663,310.7670998101263,307.5314534833183,309.0997009277344,3400592.0
2014-10-01,310.04605371935463,316.4452600606553,308.84732475033286,313.67828369140625,6437036.0
2014-10-07,309.4151524738864,320.185647877507,309.4151524738864,311.7044372558594,4816416.0
2014-10-08,310.9654367624634,314.47149473383655,300.13185295747456,301.5919494628906,4308300.0
2014-10-09,303.015969629943,308.24349081927573,301.21337611638,305.6297302246094,2169268.0
2014-10-10,306.45891842610973,314.19204898971446,304.08850355811256,313.20062255859375,4150172.0
2014-10-13,313.9937801708176,318.74360985430957,310.31648486593747,316.4993896484375,3618772.0
2014-10-14,312.33535988108235,316.24700089022565,309.43318881256613,310.58685302734375,2849840.0
2014-10-15,310.58685302734375,310.58685302734375,310.58685302734375,310.58685302734375,0.0
2014-10-16,310.5326590290172,313.7412830785413,297.076321112892,298.4823303222656,5132920.0
2014-10-17,285.7109851767478,287.18010284523757,269.9022536630133,271.38037109375,17284108.0
2014-10-20,275.7967795414281,276.69807620659617,266.7838128897474,269.7310485839844,8686504.0
2014-10-21,270.9346297082859,274.0113756702371,268.77186711925185,272.4006042480469,5980376.0
2014-10-22,275.1515637140678,275.8121414323021,271.839528662182,273.8756103515625,2648100.0
2014-10-27,278.35488166254754,278.35488166254754,269.1246482654149,270.8892517089844,7635320.0
2014-10-28,269.8576640255907,273.4683055495945,267.85777115380534,271.68560791015625,4554792.0
2014-10-29,270.63600835811206,274.9163094979745,270.63600835811206,273.6494140625,5262128.0
2014-10-30,274.7261466511564,287.3317551606215,274.7261466511564,285.3680725097656,7462896.0
2014-10-31,287.4043953963919,294.037505036182,286.6533026649033,291.09649658203125,3381084.0
2014-11-03,292.29081966855125,294.6979293735695,283.44064739746864,284.2912902832031,4489700.0
2014-11-05,284.3275559660059,291.5669590459806,280.88883950301795,290.4810485839844,4521552.0
2014-11-07,289.80227215257696,294.091608420814,289.80227215257696,292.951416015625,4924336.0
2014-11-10,292.9514595101699,294.28169522684,286.8613080778237,292.75238037109375,2880496.0
2014-11-11,290.84294437749656,294.4626449920267,290.48097431604356,292.3813171386719,2249508.0
2014-11-12,293.1595542665358,293.1595542665358,288.0195751040406,289.6665344238281,4119820.0
2014-11-13,290.47190368950334,298.0823327402183,287.4313685602783,296.7249450683594,3344836.0
2014-11-14,293.5758684292735,298.6253561426295,290.6620133121594,291.51263427734375,3885944.0
2014-11-17,292.45369144466815,293.9015715710427,289.2773955802749,293.13238525390625,3151992.0
2014-11-18,294.1007352931083,294.1007352931083,289.2141384605459,289.7027893066406,2493496.0
2014-11-19,289.58517480234417,295.9105942646,289.58517480234417,295.21380615234375,2264496.0
2014-11-20,296.81547055033354,298.9872910665555,293.593927947444,298.4443359375,2598452.0
2014-11-21,299.71118951466826,299.71118951466826,295.02367313447644,297.2950439453125,2194876.0
2014-11-24,297.35842391669115,305.7742283671636,296.5168390530638,302.8332214355469,3043364.0
2014-11-25,304.05489647350805,307.1316424497281,293.21388711518756,299.9917907714844,3713920.0
2014-11-26,297.1051515206996,298.81547406227963,292.4719371332107,295.5758361816406,3226832.0
2014-11-27,295.9105361969818,303.1046914347984,293.73871574782964,301.2224426269531,3862052.0
2014-11-28,302.2449829346824,303.7652615189215,297.66605309857266,300.8604431152344,1872272.0
2014-12-01,301.3399714763872,305.8284075163152,298.62519695858185,302.4530334472656,2494504.0
2014-12-02,300.4351929600395,303.14996880003986,296.46257981799994,297.05078125,1474592.0
2014-12-03,299.9827162810267,300.61616394738184,295.2499528695361,299.4578552246094,2619556.0
2014-12-04,298.37205119935516,300.4081337091827,292.5805276158455,293.8926696777344,2789168.0
2014-12-05,294.6345528751613,294.64361096327144,288.12815027857994,288.99688720703125,5571848.0
2014-12-08,287.96527732471105,288.490138331221,278.7169466939023,282.24615478515625,5132660.0
2014-12-09,282.8435263300499,285.25967302391393,279.8572721461283,282.46343994140625,4783444.0
2014-12-10,283.24155597240565,285.9563312692657,279.9295212730771,284.6080017089844,2574040.0
2014-12-11,282.5176650377517,285.9292288356746,279.2961222879248,280.8978576660156,3030856.0
2014-12-12,280.5449011292635,283.3954154589058,272.56346542484505,273.7398681640625,4364788.0
2014-12-15,271.4594546929073,272.69013965829265,262.42829715165993,268.81707763671875,4641384.0
2014-12-16,266.4099405904651,283.50396632448115,266.4099405904651,282.1375427246094,4342056.0
2014-12-17,282.31849929775564,282.3365933787522,273.2873435909717,278.6083068847656,4354888.0
2014-12-18,279.6218784204035,282.6986240082008,275.1153466408733,281.2959899902344,3485132.0
2014-12-19,283.11485934365214,289.7570003585604,279.7213904137814,287.6213684082031,4051596.0
2014-12-22,286.68940677596765,288.65309035185425,283.2054442051384,287.4947814941406,1639088.0
2014-12-23,285.68493637749367,286.7075064536816,275.45927980142244,278.2373962402344,4030532.0
2014-12-24,278.6264705203793,283.02441585227496,256.09383292389526,278.66265869140625,8100376.0
2014-12-26,278.9974730139917,283.7483299013076,275.4592069521837,283.17822265625,2106668.0
2014-12-29,285.23236445023355,287.3136919827067,284.1555125205906,285.9653625488281,1203840.0
2014-12-30,285.2324025667106,288.8249509342661,284.2279268296493,287.6033020019531,1301668.0
2014-12-31,287.585258781185,291.3497568459412,283.02444413106736,289.0150451660156,2909288.0
2015-01-01,289.39510095643016,291.68456630502857,286.9698968175144,290.8067932128906,1336492.0
2015-01-02,289.9470713503532,293.00570063241696,289.58510129634345,290.5262145996094,933372.0
2015-01-05,292.290723955652,292.290723955652,283.91111108187204,285.6395263671875,2012624.0
2015-01-06,284.87050819824424,284.94290664686287,275.57692901073887,278.01116943359375,3470408.0
2015-01-07,278.62636462173384,280.1647368849912,270.156259088054,271.4050598144531,3540560.0
2015-01-08,274.5543136494861,278.7169696903155,270.5726426539102,277.68536376953125,3906036.0
2015-01-09,278.1105732574894,286.6168672967494,275.622029788557,279.7213439941406,6164448.0
2015-01-12,281.4498133708269,285.7753599700812,278.8436245421336,285.1509704589844,2661684.0
2015-01-13,285.1509938134003,288.66208597916034,282.9429630293617,286.60791015625,2916072.0
2015-01-14,288.8340983125142,289.3589594716758,280.5811829481745,285.7392578125,4133276.0
2015-01-15,288.6620663502995,292.91521457871124,280.97020253295915,288.3544006347656,3658976.0
2015-01-16,288.4901638810703,297.557510284599,285.1509986130829,296.6344909667969,3185348.0
2015-01-19,298.62530897968844,313.1041118393097,296.7792704522467,297.65704345703125,3335832.0
2015-01-20,300.88761478379763,303.9191140605667,298.57099754409194,302.6341247558594,3099268.0
2015-01-21,300.65236537886875,306.2267139257899,296.9964760946934,305.3670349121094,7541032.0
2015-01-22,305.50271058100543,306.4166937596539,299.8921750193875,301.46673583984375,3769104.0
2015-01-23,300.9961457963645,302.04586762206605,295.24083611491494,298.0189514160156,4683076.0
2015-01-27,298.4261968311053,298.4261968311053,290.942470849868,292.5351257324219,4461772.0
2015-01-28,291.385933151167,301.47584978046984,291.385933151167,300.32659912109375,4173388.0
2015-01-29,300.0731649772975,300.9237857392898,291.1868048600597,298.43524169921875,4751440.0
2015-01-30,327.5829146459576,329.3927650031176,317.293919784083,324.2799377441406,21415344.0
2015-02-02,325.77298072076616,343.8714796496976,325.4200688288097,342.24261474609375,10089756.0
2015-02-03,345.68141315441636,346.5863383197421,338.6229968648759,343.91680908203125,8442272.0
2015-02-04,345.325338408125,347.1428401892204,342.6990572089626,345.3889465332031,4939900.0
2015-02-05,345.3254137745113,360.01991444444445,342.95356455801135,358.5295715332031,8494896.0
2015-02-06,358.04781513057407,362.95506944962256,353.55859505396404,355.26702880859375,4023848.0
2015-02-09,352.77727091296447,365.22716429654923,351.01430218426634,362.4645690917969,4670508.0
2015-02-10,360.77412032312407,361.29210391756186,349.86910912947803,351.38671875,5786408.0
2015-02-11,352.5409099135449,357.5027000340925,349.17853068089073,355.44891357421875,2142516.0
2015-02-12,354.41285881298865,361.6828661732551,354.231108628982,360.6650695800781,4365376.0
2015-02-13,361.6828704835147,364.2273730899314,359.2837769005569,362.2190246582031,3286008.0
2015-02-16,362.60078327008875,364.95443973148406,359.9744792939028,360.7469177246094,3024868.0
2015-02-18,361.9646173094499,370.77040556714826,361.23761651422024,369.5254211425781,6327804.0
2015-02-19,368.95302061383046,373.44224307386855,367.1355180492303,372.25177001953125,4136952.0
2015-02-20,372.5878537125726,373.4966045752862,362.79151497526004,363.63665771484375,2668572.0
2015-02-23,363.5005554168252,368.53502923482296,355.9488225035154,358.22979736328125,2666340.0
2015-02-24,358.22958319171437,363.282246765742,355.4397225341023,359.1474304199219,3643048.0
2015-02-25,361.5920873405352,362.33725885607396,358.37511710174965,360.4470520019531,2276348.0
2015-02-26,360.4107057758424,364.9544615218818,357.1301052526791,359.0384826660156,4156644.0
2015-02-27,361.50120485571796,368.1623551743078,359.0384803825048,367.49896240234375,4808820.0
2015-03-02,370.9340064710729,370.9340064710729,363.5640266119505,368.01690673828125,4098336.0
2015-03-03,369.1345572817599,371.66088882203104,360.78314670423725,369.1708984375,4306688.0
2015-03-04,370.225207255725,372.8969266809859,367.1354534396488,370.04345703125,3430308.0
2015-03-05,370.04339236058564,377.1134571080202,370.03429597642895,375.31414794921875,3448716.0
2015-03-09,373.81478110296325,377.11352998915214,365.49970817943796,375.4414367675781,6555768.0
2015-03-10,373.49670470175676,376.04120779948164,368.5894487275731,371.52471923828125,5425488.0
2015-03-11,374.4054724468687,384.74704274744755,369.96168821395185,374.2328186035156,10074260.0
2015-03-12,375.31411883512794,377.9131552638093,371.17930227169006,373.0785827636719,4880440.0
2015-03-13,374.18737049687996,374.22371166720114,360.05629056384214,365.7904968261719,6368968.0
2015-03-16,367.1354109300939,375.4959202879079,366.04490970950945,373.86016845703125,7937836.0
2015-03-17,375.6413051461952,376.0229539252691,369.4981397911329,370.6068115234375,10007444.0
2015-03-18,370.77045403913377,373.0877693768784,362.6007904092157,364.69091796875,18927840.0
2015-03-19,359.8654002414616,365.82681574624576,353.3223929643441,356.1031799316406,10163240.0
2015-03-20,356.2123234199737,358.04799652836476,351.0506118246378,356.19415283203125,6271108.0
2015-03-23,356.43037226573847,358.9930460761504,349.59656804253757,352.01385498046875,3897136.0
2015-03-24,352.2319395121993,355.8669440479289,349.08765171427035,352.72265625,5298696.0
2015-03-25,353.32243760524267,369.9707537876522,352.2682774251076,366.0994873046875,7518574.0
2015-03-26,365.6814174472025,367.1354191070323,355.5397469953675,358.9203186035156,7048128.0
2015-03-27,357.4662574052963,364.5908554772913,347.1064973044959,349.9963073730469,4280330.0
2015-03-30,351.14142663209515,358.48413999064866,347.68817243643787,356.3940124511719,3275064.0
2015-03-31,356.2304454358541,357.70261783942453,351.5049395270112,356.3758544921875,3726676.0
2015-04-01,344.23480342313263,350.05080854960585,339.87279957827775,341.999267578125,8281168.0
2015-04-06,339.1458974689253,341.32690002499555,331.5669224611033,338.8005676269531,7728748.0
2015-04-07,341.61769731265287,347.50640867516256,337.12847590774174,339.7093200683594,4348138.0
2015-04-08,343.48971602362246,352.2318964254028,341.6903845612783,348.5423583984375,3587334.0
2015-04-09,352.2318705681223,352.2318705681223,342.05385986027153,350.4689025878906,2674132.0
2015-04-10,348.7059315243189,355.39434780183535,347.5063846338686,351.59576416015625,2837478.0
2015-04-13,351.83210128577144,355.6851972563351,347.1429365148697,354.79461669921875,3099142.0
2015-04-15,355.50350003825605,355.50350003825605,341.2361049702585,343.32623291015625,3098572.0
2015-04-16,344.9619229531332,348.19708579423417,339.32766604504724,346.87030029296875,2057382.0
2015-04-17,344.59837710495333,345.5798326162472,339.6729511521591,341.7267150878906,3138232.0
2015-04-20,343.5079231795652,344.489378825911,331.7123292108998,335.98345947265625,3223104.0
2015-04-21,305.6311680695419,334.42040759545546,303.55921110696096,323.7516784667969,14596284.0
2015-04-22,321.5160718028914,324.2059833697144,313.7371551425236,318.89886474609375,7934682.0
2015-04-23,320.898085742013,329.69479813389273,320.69816499848605,325.3327941894531,6391380.0
2015-04-24,325.33286009738,333.29273931037045,324.0183928093286,327.5054016113281,6406490.0
2015-04-27,327.1768045886818,330.7916234015484,319.1256415446511,322.48486328125,3789232.0
2015-04-28,320.82355491390757,322.68572102327033,311.95082079565674,317.84771728515625,5803656.0
2015-04-29,317.8476897519484,326.13619800852035,313.4478496812599,323.9454040527344,4076096.0
2015-04-30,322.08322361097385,324.23751330064584,314.92663876329624,321.51727294921875,7338470.0
2015-05-04,321.5172506986403,338.3863678560648,316.13154913308654,335.84869384765625,3352524.0
2015-05-05,337.017160419289,339.2079545281901,330.4995568596722,332.9824523925781,3459534.0
2015-05-06,331.1931929894041,338.03942247192816,321.38940128479095,325.3876037597656,4595278.0
2015-05-07,327.19503676108036,337.72911671864864,321.3529201102522,336.195556640625,3639964.0
2015-05-08,338.6420358031372,346.41935116661233,334.44301336475405,337.9300231933594,3579368.0
2015-05-11,341.21616368878097,346.6931486597084,337.1632037246582,343.91815185546875,3592212.0
2015-05-12,343.9546946709141,344.48414106787646,332.4530249446574,334.3334655761719,2464630.0
2015-05-13,334.4611516402295,344.6848549654767,334.4611516402295,342.23846435546875,2774824.0
2015-05-14,342.7861580224573,343.9545857007021,335.19141154272245,337.85687255859375,2252426.0
2015-05-15,337.74726366959726,341.3255545464304,331.3574505731454,333.6943054199219,3405608.0
2015-05-18,335.00883240475895,340.85094828320706,329.3127783376334,339.7738037109375,3014132.0
2015-05-19,339.5729492769541,342.0375916507384,335.921627241718,341.0882568359375,2588934.0
2015-05-20,343.5894592581263,351.8962182359396,342.95047779829446,350.5634765625,3073544.0
2015-05-21,351.96923307439994,355.6205555352871,350.5269562451688,354.2695617675781,2092768.0
2015-05-22,351.7135770551231,360.7505986301185,349.595814840183,359.3448486328125,2995660.0
2015-05-25,359.65523903557187,368.78354459485035,355.36493542271097,364.8218688964844,3291366.0
2015-05-26,365.04101853545853,367.6882277221373,359.8378832375038,362.7589416503906,2462108.0
2015-05-27,361.48104899950357,366.9397824289511,359.3997900177787,362.02874755859375,2945442.0
2015-05-28,360.0570050596418,363.9091692198027,349.9793610121536,357.8662109375,3337232.0
2015-05-29,356.3691469051447,381.5450027230468,351.2572943880627,369.0574951171875,11358676.0
2015-06-01,362.5033191275423,364.5845775577622,353.9044584855894,355.38323974609375,2304588.0
2015-06-02,356.73425205539587,360.34907068864123,345.67074797902706,347.8615417480469,2331440.0
2015-06-03,348.7926293606601,352.717801583248,340.46761738295737,347.7154846191406,3619974.0
2015-06-04,343.9910633065166,346.4374536928765,341.1430363834584,343.4616394042969,3107452.0
2015-06-05,343.58947307147304,346.4740269776149,337.92992277114587,339.2078857421875,3000646.0
2015-06-08,335.55658223586397,338.8427729215253,333.3475362876841,335.538330078125,2978860.0
2015-06-09,334.1142745712497,337.74734506453024,329.0754537723329,332.78155517578125,2442408.0
2015-06-10,334.0960954206375,345.4151981070197,332.17915061084693,344.1554870605469,5172246.0
2015-06-11,343.2426318209201,345.0317890973521,332.452976257871,334.0230407714844,3641272.0
2015-06-12,333.6943431412104,333.6943431412104,322.3204656294469,327.2862548828125,3693056.0
2015-06-15,328.2539674868565,336.9623647177226,325.3329088217899,331.55841064453125,1717342.0
2015-06-16,332.16076992950497,332.8727821833995,328.03478048777646,330.9193115234375,1778324.0
2015-06-17,332.32508387823464,335.41043316860925,328.4729213031875,330.9193115234375,2501764.0
2015-06-18,334.2421256636791,336.12254368962084,330.1526393323525,333.6396484375,2637416.0
2015-06-19,334.1143505567045,342.31157622590956,333.6396829615199,335.2645263671875,3563616.0
2015-06-22,335.6296022266183,341.5812540397176,333.0006453064911,340.13897705078125,1651062.0
2015-06-23,343.114900444051,346.63841452410895,337.83873311892114,338.64202880859375,2200268.0
2015-06-24,339.2079140432913,344.6483943454315,339.02534788933906,342.5306091308594,2617310.0
2015-06-25,339.57301158580555,340.6866605537178,333.6578643461621,338.14898681640625,3102502.0
2015-06-26,338.4776658511218,350.527032596631,338.4776658511218,349.5229187011719,3170238.0
2015-06-29,340.3033285459788,346.6748921052285,335.70267014308973,338.9888610839844,2336726.0
2015-06-30,338.6784411391431,339.4087056975957,332.6355063751295,335.8304138183594,3974968.0
2015-07-01,334.9176139895645,346.5105649235178,334.86283522826926,344.7031555175781,2148066.0
2015-07-02,345.1230424950324,350.5087437339853,343.4069162871339,348.5187683105469,1977048.0
2015-07-03,345.7803150334982,353.81322625919717,343.2243887344121,352.3161926269531,1725652.0
2015-07-06,345.0866032402741,356.18663650074086,344.5024003469493,354.16015625,1624082.0
2015-07-07,352.35268448109264,353.37505050737946,340.6684503843103,341.8733825683594,2544644.0
2015-07-08,337.7474287059657,345.7803405238373,337.7474287059657,340.6684875488281,2349626.0
2015-07-09,342.8592588990281,342.8592588990281,333.0919690422134,334.99066162109375,2299680.0
2015-07-10,339.5729965679471,339.5729965679471,334.8445294166212,337.98468017578125,2360456.0
2015-07-13,341.36220619211304,351.62241520854985,341.2526486701756,350.8373718261719,2415516.0
2015-07-14,351.62241612036274,353.4480776786201,346.14543144559076,348.68310546875,2424140.0
2015-07-15,347.58778549955986,349.5960136583214,344.3198461294835,346.2002868652344,2391962.0
2015-07-16,350.0887899780311,351.8414202864835,345.06822163897795,349.2672424316406,1770108.0
2015-07-17,351.62240870504155,355.2737317445539,347.80677167156966,348.847412109375,2073870.0
2015-07-20,349.32219481555626,350.4540964166195,344.3198761450257,345.6526184082031,1413184.0
2015-07-21,346.29157875575964,361.481077755146,346.10901255487323,355.9310607910156,3963108.0
2015-07-22,355.93089638150417,360.00212969507675,353.1924046331556,358.9432373046875,1401298.0
2015-07-23,359.2902253962503,363.2884290079942,352.5717813728509,354.1966247558594,1595332.0
2015-07-24,358.0852487272191,358.0852487272191,347.0765010397946,347.8432922363281,2367716.0
2015-07-27,347.551291676394,349.88814812322914,337.10851318003785,342.16558837890625,3351408.0
2015-07-28,342.38459028536477,346.49232899771096,335.9765223512864,337.1449279785156,2392180.0
2015-07-29,341.03361498405263,348.3362619858525,337.8569590810877,347.36865234375,2906782.0
2015-07-30,350.4905491184924,355.2737739541796,347.9893791677213,349.7602844238281,3093446.0
2015-07-31,349.0664478266654,367.32306120672115,349.0664478266654,364.4932861328125,3933792.0
2015-08-03,347.7702559010982,351.7867111122726,341.14309588829775,342.804443359375,7071618.0
2015-08-04,344.1736004242735,346.8755875999386,339.5729436504662,340.6318359375,3809446.0
2015-08-05,342.82275342644107,345.0500517242659,340.0112300292838,342.2750549316406,2358616.0
2015-08-06,345.488161527091,346.8756597087449,343.8268141404039,345.4151306152344,1869728.0
2015-08-07,347.2505501188735,347.7093906977832,343.3962892560319,344.80950927734375,1818186.0
2015-08-10,344.77279348087575,348.7188222590705,341.4140716521246,343.7449951171875,2216746.0
2015-08-11,345.48863031628565,347.25057377848236,343.946921385241,345.1949768066406,1718378.0
2015-08-12,345.7088118300329,357.3817106818148,345.30504111673355,356.3539123535156,4219772.0
2015-08-13,358.92336388987127,362.99788069604995,350.9578888693827,354.4267272949219,3156994.0
2015-08-14,354.99576536452804,361.1626005857659,353.0686349589724,357.41845703125,1578496.0
2015-08-17,358.4095328156697,359.8044035812665,353.123680814718,355.4913024902344,1681246.0
2015-08-18,357.51020015501047,361.9150693455128,354.22489740289615,355.9134216308594,3223016.0
2015-08-19,357.9139334092336,366.22813209785875,356.61083089095945,362.72259521484375,3291464.0
2015-08-20,364.3009589421288,364.3009589421288,351.1047034532723,352.8482971191406,2518670.0
2015-08-21,351.2882904349835,358.81327471284885,345.0480595704122,354.18817138671875,3595260.0
2015-08-24,346.5163633282846,348.278306457564,337.3579019988601,340.60650634765625,4216894.0
2015-08-25,341.37730017004105,342.73547240426956,326.6577072642218,335.5224914550781,5470038.0
2015-08-26,334.8067317609276,343.1760005214385,324.49200613839287,334.035888671875,4808772.0
2015-08-27,333.33846596813476,340.62486717348366,332.3473883268861,335.173828125,4055770.0
2015-08-28,339.39509555985444,350.5174060065671,339.3583972855316,349.52630615234375,3081798.0
2015-08-31,351.7288370603702,359.73101223952733,351.7288370603702,356.4457092285156,5442574.0
2015-09-01,354.9590901607225,358.446278740378,339.9091183958935,349.4530029296875,2847484.0
2015-09-02,348.71880366465643,355.67483059756864,346.5530673959573,348.3150329589844,4090120.0
2015-09-03,353.12360311422833,354.86719678864887,348.90227106036804,352.75653076171875,2251964.0
2015-09-04,351.7471888565239,353.98632192664854,343.5798265272177,345.1582336425781,2665780.0
2015-09-07,345.04799894692235,346.86501150734676,335.87119046429143,338.0185546875,1340504.0
2015-09-08,336.9724819990772,346.5347140716724,336.9724819990772,343.708251953125,2376662.0
2015-09-09,346.1492983189642,350.921239865249,344.3139361857778,346.22271728515625,2106428.0
2015-09-10,342.47858998197137,343.5798073131031,333.6688513329174,336.20166015625,4118846.0
2015-09-11,338.0736521939326,339.5235925338258,332.7327537003972,337.7799987792969,2202750.0
2015-09-14,338.1470891589856,341.7443940895908,336.6787996032838,340.8450622558594,1539742.0
2015-09-15,341.3773199586081,341.9646268161635,338.07366847513765,340.93682861328125,2451676.0
2015-09-16,344.31394347425703,347.85620142801895,341.4324338258873,344.6443176269531,1801066.0
2015-09-18,350.18708914600285,350.88453570665996,344.1670924882629,348.9206848144531,2847952.0
2015-09-21,345.80059219112866,355.78496717194383,345.6721257971604,346.5163879394531,1972562.0
2015-09-22,347.6176074022915,354.40844767361403,341.74444824871534,343.2127380371094,3214488.0
2015-09-23,343.21274758542125,343.21274758542125,335.04538541026017,340.3128662109375,2276518.0
2015-09-24,340.64319133810193,351.83889967410636,340.49635341458963,350.5357971191406,3062620.0
2015-09-28,350.9211807210843,354.02294668426316,346.8833847086032,348.90228271484375,1557438.0
2015-09-29,345.0481289432137,352.5731147339966,345.0481289432137,350.0770263671875,2818428.0
2015-09-30,353.1236242931537,363.29153354836313,350.13197547904616,360.5201416015625,3516284.0
2015-10-01,326.6943724239165,335.7977616914948,306.4503245417639,314.5993347167969,26766424.0
2015-10-05,310.433166248796,319.6466755091016,307.625053127761,315.6455993652344,13383762.0
2015-10-06,316.78352836554626,318.6188906388113,311.53439674487316,313.3330383300781,5909462.0
2015-10-07,310.1762916661843,311.55281367062,297.7325237843535,299.9716796875,13752674.0
2015-10-08,304.2296079656079,307.3864441242238,298.2463321823826,304.174560546875,16981832.0
2015-10-09,306.688938952123,312.3051412527885,305.9547942747989,311.71783447265625,9468336.0
2015-10-12,315.31519730466,316.0309929784744,304.54163113147393,313.88360595703125,4835846.0
2015-10-13,312.74568337530064,313.11275577362846,303.3302673964637,304.6333923339844,5837378.0
2015-10-14,304.3030609180733,307.9554362748548,302.83477111870985,305.9732360839844,2702158.0
2015-10-15,306.5055236816406,307.9371153288304,303.93601629748315,306.5055236816406,3644676.0
2015-10-16,306.8909175494191,310.45152479769473,306.505495957523,308.76300048828125,2270164.0
2015-10-19,304.6701536342584,316.0494003362608,300.52223915600655,314.8564147949219,10051980.0
2015-10-20,315.3152625108478,318.8024510950772,311.44265230080566,317.2607421875,5670558.0
2015-10-21,318.1783096475464,318.96752416462226,312.78234160220694,316.8017883300781,2594696.0
2015-10-23,320.10626918596586,321.1769912110336,313.0912529062273,314.9188537597656,3064858.0
2015-10-26,317.2818574182528,320.715542005555,316.451131637753,318.8325500488281,4157440.0
2015-10-27,318.62941056635196,322.690735614127,315.5280260613743,320.34625244140625,3081400.0
2015-10-28,320.10622871585383,324.9059760899093,315.3064813417983,324.00140380859375,3351280.0
2015-10-29,324.05687953981356,326.8259652897808,322.4138841545241,323.3923034667969,4243554.0
2015-10-30,323.4291264354762,323.79833776702355,320.30928617692683,321.8415222167969,2655794.0
2015-11-02,323.05997719348187,325.23833348222246,321.2508323072481,323.5399475097656,2020104.0
2015-11-03,323.5215162168485,325.60756981467983,322.7830933552979,323.46612548828125,2115610.0
2015-11-04,324.5368244991358,326.5305750970398,323.0599788813922,325.49676513671875,1683688.0
2015-11-05,325.4966674461664,326.30893679911594,322.70912668626875,323.98291015625,2370498.0
2015-11-06,323.98303847196564,328.4135757502147,322.9123162824376,326.91827392578125,2653852.0
2015-11-09,324.49991897585625,326.7520995747942,321.2508405228048,325.8290710449219,3043880.0
2015-11-10,323.5214280237192,324.8505797982276,312.7958433905062,314.3096008300781,1678382.0
2015-11-13,304.59938497348367,316.34030221457766,303.93480900415267,311.39288330078125,2950796.0
2015-11-16,305.7439167250559,311.0236571754488,304.5993705285342,309.6206359863281,2876114.0
2015-11-17,311.7990292186531,317.48489382759124,308.56842944877366,316.3218688964844,3405776.0
2015-11-18,315.2881445929947,315.2881445929947,308.38388548140654,312.22369384765625,3046948.0
2015-11-19,313.82959581031844,323.7429099110851,312.37120671104964,322.6722106933594,3528336.0
2015-11-20,321.9523310879937,322.8384474352133,315.86034317176444,319.94012451171875,3386922.0
2015-11-23,318.2602520690123,320.4570645804084,317.00492419539245,318.9063720703125,1179312.0
2015-11-24,318.2971328538906,322.1369403545887,316.2664701926296,319.8109130859375,2248674.0
2015-11-26,317.9648958610054,320.84474057901986,316.35881257998807,318.5925598144531,2081658.0
2015-11-27,318.9986426139206,323.05996792497746,318.7032780073642,322.1553955078125,1580942.0
2015-11-30,322.0077554855695,325.55217617537085,318.5002469245646,321.564697265625,5165146.0
2015-12-01,321.56473783334604,327.0106070756263,320.8632270186936,324.0569152832031,2547178.0
2015-12-02,325.6444436176888,325.6444436176888,316.0449475473261,317.392578125,2575382.0
2015-12-03,316.0449386249446,316.0449386249446,313.5527618308811,314.2542724609375,3836614.0
2015-12-04,313.5528182253313,313.82972680780875,306.87010011549273,308.6607666015625,3778328.0
2015-12-07,310.21145089237615,314.8819620046028,307.9223354980054,310.9867858886719,2622184.0
2015-12-08,310.74679569484937,320.4385953150877,310.74679569484937,316.8018493652344,3176258.0
2015-12-09,316.41407851336936,316.41407851336936,310.0267276431188,311.7066345214844,2604402.0
2015-12-10,311.61431021433464,313.82957782249343,309.02983133814945,312.2419738769531,1837816.0
2015-12-11,313.7927536065729,313.7927536065729,308.7530093723748,310.35906982421875,1062294.0
2015-12-14,311.2451989934153,314.808097889081,304.9686054194081,310.4513854980469,1536460.0
2015-12-15,313.7189771788677,313.7189771788677,310.46992088848833,312.0575256347656,1609352.0
2015-12-16,313.5712958729689,317.44801629448006,311.1345091933995,312.7405700683594,1630720.0
2015-12-17,314.3650551205081,319.10941265818605,312.81436271338987,317.6879577636719,1939764.0
2015-12-18,317.5218024943805,319.36785948562687,311.9467193947665,312.4082336425781,2838258.0
2015-12-21,311.9837454701669,316.76503933079886,311.3007131478839,315.8420104980469,917704.0
2015-12-22,315.67569960627026,315.8418492183006,312.2974067895174,313.552734375,1436920.0
2015-12-23,313.82963178446437,319.53395136328567,313.6450261187088,318.92474365234375,1346418.0
2015-12-24,317.78026193585765,319.7370778824355,315.8788141793039,317.632568359375,741556.0
2015-12-28,316.9679664087884,322.6907427388248,315.25112449582787,320.3647155761719,1803666.0
2015-12-29,319.3494754260991,319.7371429746928,312.55597515263844,315.4912109375,2285528.0
2015-12-30,315.62031747947697,316.9679479377742,309.39911516814766,310.3221435546875,1752074.0
2015-12-31,309.0300489123522,317.5219140557024,309.01159284293027,315.7127685546875,1747706.0
2016-01-01,315.712752850579,315.712752850579,311.42990835309627,312.29754638671875,970392.0
2016-01-04,310.5067802088666,315.6572836265594,309.19608427619653,312.3343811035156,2172072.0
2016-01-05,313.4420460127652,314.2173809968851,308.80844710269884,311.17138671875,1465382.0
2016-01-06,315.1957447152718,315.1957447152718,309.02991045372465,310.6544494628906,2797870.0
2016-01-07,308.69770217320314,309.36230084951853,302.38419502724554,304.617919921875,2901314.0
2016-01-08,305.7070582092748,308.93765816015787,300.46425149629493,305.8362731933594,3376870.0
2016-01-11,300.90726900959845,307.5530737239209,299.46733564087907,300.7411193847656,2535276.0
2016-01-12,302.0149472654886,302.38415869246353,294.6491747903634,299.0797119140625,2315328.0
2016-01-13,300.8334067451487,306.3900331161128,296.9566875279821,305.11627197265625,3158468.0
2016-01-14,299.07958458800954,310.8020424039045,299.07958458800954,306.020751953125,5081220.0
2016-01-15,305.89163825266047,310.8759920443453,301.2764958529522,309.4176025390625,4571182.0
2016-01-18,306.85162030269123,315.288115269756,306.85162030269123,311.0052490234375,3774136.0
2016-01-19,320.10625123053285,321.2138853178357,295.36908994743516,309.4914245605469,10618998.0
2016-01-20,306.8331236751865,312.35283850804245,303.86097646822566,310.8390808105469,3976018.0
2016-01-21,311.61435763174387,313.88501628957283,306.906913248089,308.3837585449219,3348430.0
2016-01-22,309.3990815599866,314.18037258987454,307.1469015554193,309.860595703125,2018478.0
2016-01-25,312.9067101265306,317.1157297545736,308.97459909151996,309.65765380859375,2190134.0
2016-01-27,311.62847849284634,312.7069154806106,308.72788382914035,310.8847351074219,2201518.0
2016-01-28,309.76909959520935,316.0165390812099,308.5419276296594,314.0456237792969,3201306.0
2016-01-29,314.3245668601274,323.5283917992438,313.227540762278,321.94793701171875,3835114.0
2016-02-01,321.9665331142085,330.92865525352465,321.9665331142085,327.3586730957031,2594492.0
2016-02-02,327.2471029546568,329.1064614941719,322.43135979786314,324.51385498046875,2225464.0
2016-02-03,322.17118339021374,323.52852478574664,315.66342570774185,316.87200927734375,1956090.0
2016-02-04,317.9875095074969,325.3133871800914,315.7005119700678,322.5429382324219,2634614.0
2016-02-05,326.1315024915874,326.1315024915874,319.19608574852816,323.39825439453125,1967702.0
2016-02-08,322.0780792245885,323.1379272173339,314.60346692616395,315.99798583984375,1610434.0
2016-02-09,313.48790559534484,313.85977736947933,299.7100609031137,301.38348388671875,3334436.0
2016-02-10,303.2613031588237,309.76905644549373,300.32350831051576,307.68658447265625,2265394.0
2016-02-11,307.68667155267246,307.68667155267246,298.0923629769096,300.47235107421875,3238414.0
2016-02-12,302.7036297204089,307.11030124616013,291.9007590222944,296.8466491699219,2784934.0
2016-02-15,302.33172136118367,309.5832202130202,301.3462521819061,307.5751037597656,2761612.0
2016-02-16,306.8313979151224,311.59137487734006,304.6559570716927,306.5339050292969,2104598.0
2016-02-17,308.6349360188278,310.51288364995565,303.5774670500124,306.71978759765625,2720362.0
2016-02-18,308.3002580628687,314.9753602607368,307.66807157248223,313.8411560058594,2129164.0
2016-02-19,313.1160483651028,318.69412523621514,308.05860108086216,316.66741943359375,2366136.0
2016-02-22,316.01659700838053,316.01659700838053,312.40943662636306,314.58489990234375,1847550.0
2016-02-23,314.23166020408473,315.7191473529798,307.53796803405686,308.26312255859375,1260954.0
2016-02-24,308.50484598734,312.0004500971272,300.84429574323707,301.60662841796875,1722248.0
2016-02-25,300.10050616728654,303.0754802061196,297.3858468963015,300.75128173828125,1619632.0
2016-02-26,302.8337651325495,309.39731091536373,302.7036190926756,306.6640625,2047824.0
2016-02-29,305.6786219271154,309.26719390333636,295.63808325067725,302.42474365234375,3094060.0
2016-03-01,302.6664348554144,312.89290826597363,300.84425415063254,309.4530944824219,2114472.0
2016-03-02,311.2566301167326,321.6690382926806,308.41180237547593,317.89453125,3279278.0
2016-03-03,321.6691123110107,322.17113017039804,316.68602102983454,319.5494384765625,2015842.0
2016-03-04,319.8840973783477,320.2187683491099,308.78371155441556,310.66168212890625,3554776.0
2016-03-08,307.9098530394722,309.37875120151455,301.0116356297898,303.1684875488281,6490012.0
2016-03-09,302.68501319729023,304.1910892341216,297.9994155638424,303.31719970703125,12221478.0
2016-03-10,305.604212957509,306.01328551872507,299.87740137574644,304.13531494140625,5015794.0
2016-03-11,303.81912039665843,306.7940934237983,302.1456980688923,306.0689392089844,4241030.0
2016-03-14,306.3664298339001,308.8022071406642,305.6784764050729,307.8725280761719,2852722.0
2016-03-15,307.1660157051728,307.519298349852,301.40200451457935,301.9040222167969,2711290.0
2016-03-16,302.49908098109387,303.63328528440854,300.2864395188731,303.0382995605469,2436508.0
2016-03-17,304.93484405266554,308.2816899020241,301.4206513713889,303.1870422363281,3429634.0
2016-03-18,303.4472643379476,308.2072168861529,303.07539269047464,306.47802734375,3323064.0
2016-03-21,307.90979262738637,307.90979262738637,303.1498390199394,305.8830871582031,3316402.0
2016-03-22,305.21379195959724,309.02547806082885,303.81927265426856,308.07720947265625,5466422.0
2016-03-23,307.9098032222711,308.65354670831516,302.48048485304884,304.07952880859375,5018640.0
2016-03-28,304.897730780734,307.35207584652255,299.8960499918748,301.4579162597656,5914488.0
2016-03-29,302.92677977962484,303.5217883183972,297.46028210607557,300.02618408203125,5063370.0
2016-03-30,299.52405549703786,305.67852739107053,299.52405549703786,305.15789794921875,4604684.0
2016-03-31,303.0754773465173,306.6082589842988,301.17894049355584,302.74078369140625,9173934.0
2016-04-01,304.9347993673889,306.4222861935713,300.1004671822962,305.08355712890625,5329616.0
2016-04-04,303.07540452825134,313.0973503585425,303.07540452825134,312.31640625,5661970.0
2016-04-05,312.3164072953741,315.6818640055154,309.60174869315233,313.5807800292969,4999776.0
2016-04-06,314.9752589491547,315.3285415240243,307.203133090993,311.9073181152344,2165840.0
2016-04-07,314.93824899432406,314.93824899432406,307.53799080181165,308.07720947265625,1881660.0
2016-04-08,309.34143483374055,310.8847113193074,307.0172369321309,309.8062744140625,1445784.0
2016-04-11,311.0521739527722,313.0974688679175,306.571123269041,312.11199951171875,1940546.0
2016-04-12,313.4877652010718,314.2315084162582,309.1182738118516,312.24200439453125,1419372.0
2016-04-13,314.2130724741201,314.78946920728777,310.5687334834686,311.4612121582031,2636408.0
2016-04-18,314.2502039496514,320.05141661235336,314.23161490242063,317.3181457519531,5853044.0
2016-04-20,320.7393441884294,320.7393441884294,310.6988081964438,312.8184814453125,2778022.0
2016-04-21,313.8596998476736,318.0804343626982,311.81440559511174,314.6964111328125,2235054.0
2016-04-22,311.75860798142224,317.1693589813821,311.75860798142224,314.287353515625,2221718.0
2016-04-25,312.8371624631539,316.09104082458344,312.8371624631539,314.26885986328125,1662860.0
2016-04-26,312.0189803391581,318.09909693440477,309.82495068144124,316.0166015625,2257126.0
2016-04-27,315.9050845736455,318.2850731007766,309.04404553109464,311.4612121582031,4550172.0
2016-04-28,299.35674181694765,306.0504329383204,296.25162195898827,297.460205078125,17843912.0
2016-04-29,295.26621383130043,295.26621383130043,277.86261785777276,279.0154113769531,17978662.0
2016-05-02,278.90379931917266,281.24658669400384,275.22226008925986,276.0032043457031,5021166.0
2016-05-03,277.788267173092,277.9927921476236,269.9975475101116,270.8714599609375,6999808.0
2016-05-04,270.35073322510243,275.3710013111256,270.07182944254555,274.10662841796875,6404110.0
2016-05-05,276.24374369629766,277.3685146583213,272.00711098271347,274.78155517578125,5077866.0
2016-05-06,274.80030397290784,274.80030397290784,270.31996161356483,270.9198303222656,6136478.0
2016-05-09,271.4447019303319,274.81901452338855,269.2888911069902,270.46990966796875,7384902.0
2016-05-10,271.257262933225,271.5197140670179,268.4828187477411,269.4951171875,5401936.0
2016-05-11,266.5707205636161,268.74527320107296,264.8460808920009,265.7271423339844,8421688.0
2016-05-12,266.5707246462211,269.53263074014444,266.0083391511869,267.95794677734375,3558646.0
2016-05-13,269.19514141097847,272.5694537684977,267.3205234345789,271.1260070800781,7150908.0
2016-05-16,272.02575561214377,272.04449721145807,268.50148825097733,269.55126953125,3233028.0
2016-05-17,269.94502335096934,277.0685725782866,269.94502335096934,274.55657958984375,7834720.0
2016-05-18,274.44411144982524,279.16814028038823,272.5694932022172,278.2870788574219,4249196.0
2016-05-19,276.6937798979063,278.9433228239056,272.7570797774077,273.73187255859375,3490682.0
2016-05-20,273.31935529013595,277.4435156580255,273.31935529013595,276.1875305175781,3846760.0
2016-05-23,276.824836257614,277.38722166848487,274.4440805050022,275.02520751953125,2076592.0
2016-05-24,275.56883671657033,277.98709843180745,273.71296038238745,277.1622619628906,2790030.0
2016-05-25,278.19329545871057,281.34266267391496,277.4996959913654,280.948974609375,3373494.0
2016-05-26,281.5864371236424,281.94261921131937,276.187549634818,277.7809753417969,6462218.0
2016-05-27,278.4182601776009,284.82946755915464,278.4182601776009,284.0421142578125,6090190.0
2016-05-30,285.3543497308668,286.32916484463345,279.39307807632565,280.2741394042969,3186652.0
2016-05-31,280.4429706977619,282.4488036476025,276.0750997681079,277.36859130859375,30096216.0
2016-06-01,278.94321025732984,279.07442438831515,274.331653696716,275.4001770019531,4493556.0
2016-06-02,275.56888896635627,277.2935286418517,268.2578776264325,270.451171875,8587656.0
2016-06-03,271.93216709195787,272.3633385194886,270.20752714889045,270.6574401855469,3006706.0
2016-06-06,270.6949461777048,273.20693986714014,268.29542503601414,271.66973876953125,4081070.0
2016-06-07,272.9443968644039,274.2378879372377,270.5448765297697,272.4570007324219,4984376.0
2016-06-08,273.3193443108503,279.3181227868086,273.07563478185494,278.7557373046875,3800608.0
2016-06-09,280.7054250182033,283.4048806796947,278.94327876115125,282.3363342285156,5557702.0
2016-06-10,281.192699543437,284.19208833856703,279.6742635426066,281.58636474609375,11571664.0
2016-06-13,279.31811953252895,283.4422796867005,278.0808760629822,282.56121826171875,4130226.0
2016-06-14,283.06732151557327,286.7978159586085,278.96190346788165,282.092529296875,3292742.0
2016-06-15,281.5676804871045,283.92969506761483,281.1740152042736,283.1423645019531,1958544.0
2016-06-16,282.14869293129726,282.69233661687906,278.3807160981866,281.83001708984375,2266304.0
2016-06-17,281.1927377844251,283.06735603632126,280.38664278270033,282.56121826171875,5434012.0
2016-06-20,281.1739525528776,292.98404570742053,280.38659927912937,288.93487548828125,8265372.0
2016-06-21,288.128860487625,290.86579889278005,287.2665405631962,288.7287292480469,2932940.0
2016-06-22,290.19099064227964,290.19099064227964,287.30407310957156,288.8600158691406,3134118.0
2016-06-23,288.69120024154,289.44104751489465,285.6918111481214,288.6162109375,2584436.0
2016-06-24,278.9244689157506,279.9555090084079,271.18228597565974,278.1371154785156,6163378.0
2016-06-27,273.76930610549493,280.81786749529334,270.32000328986186,275.5876770019531,2887506.0
2016-06-28,273.3193895132327,276.5062411056366,266.6270103225954,267.3955993652344,5685362.0
2016-06-29,268.3328222944526,273.67548353865817,265.44590602789714,273.11309814453125,4966468.0
2016-06-30,273.39438245722107,275.7376557179907,272.3446006131019,273.863037109375,4793986.0
2016-07-01,275.56884731309765,276.2437052196093,273.69422930416505,274.33160400390625,2023766.0
2016-07-04,275.56884526879855,281.19269925387607,275.21266327303954,280.5740661621094,3263618.0
2016-07-05,280.44282393060774,280.44282393060774,274.5190362371194,276.84356689453125,3735640.0
2016-07-07,277.81837946420137,277.81837946420137,268.35155884143336,268.8576965332031,6865136.0
2016-07-08,268.0703931497896,272.100822137706,268.0703931497896,270.63861083984375,1702632.0
2016-07-11,270.69490808580446,272.4195479312786,268.0891838260018,268.74530029296875,4248750.0
2016-07-12,269.19518677257656,271.1822775856972,268.46408106187937,270.451171875,3229836.0
2016-07-13,270.88231637742786,271.4447018093533,268.67025785844567,269.94500732421875,6713100.0
2016-07-14,270.5073821110043,273.6567495592601,269.7950181051899,273.0381164550781,2168772.0
2016-07-15,274.7815231825624,277.4434716626742,266.289494254614,269.0076904296875,5935062.0
2016-07-18,270.76994322053446,271.7072526176676,268.0704875800849,270.8824157714844,1857346.0
2016-07-19,269.1014262740644,274.3316153112678,269.1014262740644,273.75048828125,3469512.0
2016-07-20,271.7821127593313,274.4065778238112,268.670228733204,273.6942138671875,2444450.0
2016-07-21,273.6942630832493,274.031703519912,270.0012743032751,271.2760009765625,1770048.0
2016-07-22,271.8195731088079,273.6941908543859,270.5448238884079,273.3942565917969,1828628.0
2016-07-25,273.5068285345776,277.8184509172337,271.81967195005996,277.593505859375,2976604.0
2016-07-26,277.03107882431294,280.21792967314593,276.0375220533267,279.4118347167969,2698330.0
2016-07-27,280.0679403506293,283.0298460619629,278.3807840834569,282.50494384765625,3354578.0
2016-07-28,284.00476121783186,284.5484052714568,279.73062100450744,281.4927673339844,4554068.0
2016-07-29,280.81784445183183,284.1921576695441,279.5056115338326,282.2987976074219,1694656.0
2016-08-01,282.3175322574452,296.56463215888334,282.1300704166368,292.60919189453125,6053078.0
2016-08-02,294.6337216065111,301.7760349708797,292.87159887550774,300.2200927734375,9400178.0
2016-08-03,321.3095171621708,321.87190254810224,306.0688640500204,309.7431335449219,19105090.0
2016-08-04,312.3113275726595,313.4360982601961,307.4748044628449,308.8807678222656,2971674.0
2016-08-05,309.23707966376827,311.73033155505425,306.42515176390947,308.09356689453125,2600712.0
2016-08-08,308.1872021546133,310.96164597462035,304.28798752382306,307.09991455078125,3029132.0
2016-08-09,307.8123511667926,309.1620673047347,304.0818558542657,306.25640869140625,2480738.0
2016-08-10,308.4847939825746,309.71231229349394,304.2545724236051,309.0135803222656,2305396.0
2016-08-11,309.71238676518254,312.5262417189257,307.37065435223997,311.430908203125,3479246.0
2016-08-12,311.99734788836673,315.5665976791498,304.8022074531106,307.5216369628906,3303140.0
2016-08-16,307.1439985615158,311.14758788424984,296.70064030847067,299.26898193359375,4489542.0
2016-08-17,298.38142628321447,302.4794404483665,295.359842219587,296.3229675292969,4735658.0
2016-08-18,298.30592776126207,299.28795656406817,294.6422519123932,296.7951354980469,3083444.0
2016-08-19,296.49298078116567,300.04335181039005,294.4534020106989,295.30322265625,2618344.0
2016-08-22,296.4740457579484,297.38050711414945,288.9389661478356,291.6772766113281,2693530.0
2016-08-23,293.09359475001975,300.59088946674984,291.43171463081177,298.7590637207031,3415382.0
2016-08-24,300.26985440062447,301.5351332451969,295.0198439515985,298.5135498046875,2417448.0
2016-08-25,301.40302522681975,304.04691141301987,299.911113411178,301.4219055175781,4425822.0
2016-08-26,301.40297961288627,302.3283442485844,291.8849861724347,294.1322937011719,3324064.0
2016-08-29,295.7185452705253,295.7185452705253,283.68885455010127,285.19964599609375,3060904.0
2016-08-30,285.5397028197626,292.99923870691913,284.74654619973967,292.3005065917969,4320538.0
2016-08-31,292.33818078934206,299.68440971044544,291.9793631661751,294.05670166015625,5584352.0
2016-09-01,295.0954278992082,298.2114362419775,294.2644877305653,296.0396728515625,2597516.0
2016-09-02,297.2294519695279,297.4371812633309,294.2645087753793,296.3229675292969,2263652.0
2016-09-06,294.6988380420114,297.739302058468,292.6026189407807,296.7195129394531,3044598.0
2016-09-07,299.09897912199045,304.80220824597313,295.7374585583606,297.2860107421875,3579364.0
2016-09-08,295.17092006267626,295.3220084495558,283.4622847178996,292.3193054199219,5158732.0
2016-09-09,292.3382167975352,298.1925350925763,291.9605188430164,294.8121337890625,2934120.0
2016-09-12,291.58283364227816,299.1745536390246,290.8274377001997,295.62420654296875,4770494.0
2016-09-14,296.36074188832896,300.1377218496772,292.7159470044855,293.225830078125,3247132.0
2016-09-15,295.7185959896797,296.30402316483975,292.7158928652018,294.2266845703125,1906998.0
2016-09-16,295.3597395222655,298.7401401286464,292.33815650925,297.0027160644531,4318854.0
2016-09-19,298.3814006951688,301.47852870536053,295.3220563142464,298.0225830078125,3766566.0
2016-09-20,300.2510034915095,300.553157254553,296.3040551256008,299.1556701660156,3031210.0
2016-09-21,299.87330941411335,301.4029815898065,297.8148508565945,299.3634033203125,2806130.0
2016-09-22,301.78063402441774,302.139451654166,296.039621107,297.9469909667969,2234722.0
2016-09-23,300.1377453309273,303.6692126499295,299.28792477313834,301.1197509765625,5211570.0
2016-09-26,300.2886890127554,301.00632419186525,296.73834284187456,297.9847412109375,3651990.0
2016-09-27,297.98474927025234,302.08276207783126,296.11514013966803,300.5908508300781,3263196.0
2016-09-28,301.40292478204435,302.8759558160291,298.38134157620937,300.7608337402344,3066374.0
2016-09-29,301.78065736804797,303.8957566340921,295.09539914619523,298.7779541015625,5692688.0
2016-09-30,301.02518094988983,303.66906585158273,297.2482025189,302.1205139160156,3662600.0
2016-10-03,304.0469732947406,306.6908600190427,300.04338261908543,305.40667724609375,3033736.0
2016-10-04,306.87957772983395,310.0900102353153,305.9353328752806,309.0135803222656,3013374.0
2016-10-05,309.05129730000215,310.9397867427153,304.5189226374907,308.20147705078125,1596940.0
2016-10-06,308.2015141714185,308.4847876219437,301.1007976221573,302.7437744140625,3177462.0
2016-10-07,302.97031505718286,305.7275045282732,296.6060929684945,304.6321716308594,1535854.0
2016-10-10,302.9138033445764,308.1449115502695,302.9138033445764,307.0684814453125,1538488.0
2016-10-13,305.85979128142066,311.6385652299355,298.62688946564964,303.4047546386719,4152022.0
2016-10-14,303.66910188950635,310.65651281606836,302.10164643348907,306.955078125,2752386.0
2016-10-17,308.80588850827985,308.95697693574834,303.2915066985403,305.3310852050781,1480186.0
2016-10-18,306.6906780203172,315.90651549723975,306.6906780203172,315.30218505859375,2653938.0
2016-10-19,315.22666287430314,317.88945155175367,311.9784701064417,313.6969909667969,4278520.0
2016-10-20,313.3192953770589,314.62235777191853,306.70958197848915,308.0315246582031,4977454.0
2016-10-21,310.8454115064717,320.5522533900877,310.1844400968285,314.1502685546875,10282518.0
2016-10-24,313.96141558416133,316.09541818641594,305.42545128084896,306.18084716796875,3414444.0
2016-10-25,304.7079240236518,306.5019898917799,303.10270719427405,303.8769836425781,3469130.0
2016-10-26,302.80058354739634,303.61262066330727,297.47502629169276,298.7025451660156,3223550.0
2016-10-27,298.6835260854964,299.3876232694547,293.5456213137421,294.6873779296875,4050632.0
2016-10-28,294.63028835861616,297.31341161749515,289.2449939816611,290.44384765625,5422932.0
2016-11-01,293.7357611333378,295.48646763697747,291.9089561448715,294.1544189453125,2196342.0
2016-11-02,291.14782311000437,294.1925062274946,290.3866523306318,290.88140869140625,2054166.0
2016-11-03,291.49034022200715,292.7652919025837,289.4351699602404,290.4246826171875,2406676.0
2016-11-04,290.3866003659882,304.08767194288936,290.3866003659882,302.4701843261719,5683326.0
2016-11-07,304.46833054435336,314.9344294068155,302.5273542287692,311.014404296875,5987574.0
2016-11-08,308.65475599668525,310.51963372775833,301.138194429565,307.8935852050781,2514742.0
2016-11-09,291.14784241863003,303.6120147574668,290.44376869265244,298.70245361328125,5296796.0
2016-11-10,300.6815171109553,306.675737688981,295.33429641574116,300.529296875,3644546.0
2016-11-11,298.70235094416523,301.80413030131604,287.3418895050361,290.8052062988281,5043522.0
2016-11-15,291.147815705583,299.5206940657436,280.1108396853714,293.336181640625,5257576.0
2016-11-16,295.3342284788463,299.8822280090993,290.862350663606,294.5159606933594,4562692.0
2016-11-17,291.52838650560636,295.3342401153401,287.7225328958726,289.3019714355469,5376838.0
2016-11-18,288.3314247936716,296.4569351906274,288.3314247936716,290.7100830078125,3682234.0
2016-11-21,291.14781490350833,296.66630289841146,287.4180828355294,288.6169128417969,2155720.0
2016-11-22,291.14789665364594,292.09936036820034,287.3610664239005,290.044189453125,2063646.0
2016-11-23,290.3866542909485,292.55599567262266,287.8938246174927,290.55792236328125,1801756.0
2016-11-24,291.1477751540486,294.059262197223,286.58075123006347,292.2134094238281,4187488.0
2016-11-25,293.79285847714215,309.0352967304047,293.069737037986,305.2104187011719,5477332.0
2016-11-28,306.7517578511445,308.71178147644224,300.7955884970167,306.7707824707031,3033048.0
2016-11-29,306.75179647469486,309.68230835730515,304.2018699475122,306.4853820800781,1647360.0
2016-11-30,308.2741234852548,308.44539153300815,303.70709943362135,305.91448974609375,3063460.0
2016-12-01,305.9526497823197,306.9421626517424,301.42367367660256,305.6481628417969,2512750.0
2016-12-02,305.11534874305863,310.90025201713945,300.66249449522246,302.0325927734375,2103394.0
2016-12-05,300.49118375764147,305.02015909576045,297.69389049115455,301.9564514160156,1507316.0
2016-12-06,303.7070654150852,305.03911394760746,296.2476029245934,297.1990661621094,1557628.0
2016-12-07,299.40641265351053,300.3198032911467,293.46926897801774,298.8926086425781,1621702.0
2016-12-08,300.2818248610017,303.32650749584076,297.9983128848724,302.50823974609375,2063636.0
2016-12-09,303.3265598213303,306.7137791285366,298.0935106399711,305.7242431640625,2699554.0
2016-12-12,302.94599197507495,305.81940722801545,300.9098692854716,304.3922119140625,3011062.0
2016-12-13,304.8678832268987,305.9525653878534,301.1191269039693,304.829833984375,1877952.0
2016-12-14,306.7898210115929,313.7164785683622,303.0410648541674,312.3844299316406,3721154.0
2016-12-15,312.8412113411627,319.6917488157867,312.8412113411627,316.70416259765625,5601630.0
2016-12-16,318.09322087559616,318.09322087559616,310.25317220391247,312.3083190917969,2632882.0
2016-12-19,312.3084211161112,314.70612811221633,310.1771518185657,313.86883544921875,2148158.0
2016-12-20,313.9829689751873,317.465334831821,313.7355791625404,315.9429931640625,2804568.0
2016-12-21,317.78874618929956,318.4737951280823,310.67179597014143,312.3844299316406,2063788.0
2016-12-22,311.43293379405293,313.18364004095287,306.7517394385124,310.9762268066406,1582514.0
2016-12-23,310.55765440452757,310.55765440452757,301.043020384781,302.0896301269531,2905268.0
2016-12-26,301.385483616018,303.6309227642036,298.1124363673055,300.8146057128906,1117150.0
2016-12-27,300.2437995283148,308.23609208119893,299.5206780533239,306.3141174316406,1011418.0
2016-12-28,308.2741597465632,311.22369646018774,306.04774455114,307.15142822265625,1434432.0
2016-12-29,307.1704704006817,313.9449091778863,306.48542131902326,311.8326416015625,3560002.0
2016-12-30,312.8412855222282,315.88596956624014,310.1391377248059,315.10577392578125,2051884.0
2017-01-02,313.22175243610207,317.4081914115542,312.9553380373013,315.3149719238281,842486.0
2017-01-03,316.2664476275767,318.54995988481556,313.4120573060282,317.84588623046875,1437066.0
2017-01-04,317.99807315276354,327.3033892726699,317.04660981185464,326.1426086425781,4233756.0
2017-01-05,327.3034326954191,331.0141402172567,319.7297742053664,321.4614562988281,4157614.0
2017-01-06,317.7888109836298,319.8059089704026,307.03727336651895,309.9487609863281,5591598.0
2017-01-09,306.94215695682476,319.7488662876396,306.73283961091806,319.0447692871094,3839588.0
2017-01-10,320.7192045064738,321.2139607005993,317.59840071641,318.87335205078125,2613934.0
2017-01-11,319.50140012780577,321.40432687067533,314.6489369334883,317.12274169921875,2766112.0
2017-01-12,315.9048818260574,323.4595153604821,315.9048818260574,322.6222229003906,3290556.0
2017-01-13,323.5737182953535,326.5232552052381,319.15891362826585,323.5927429199219,4573998.0
2017-01-16,322.6983234852351,322.6983234852351,314.6679587641003,316.09515380859375,2429338.0
2017-01-17,314.7440955271048,321.0237540231111,314.7440955271048,318.83538818359375,4099262.0
2017-01-18,318.74020304557513,321.8039102021665,318.26447139923846,321.2330322265625,2168782.0
2017-01-19,321.2141431210926,324.04950957526705,318.7783867726126,321.271240234375,2112076.0
2017-01-20,319.6916129144933,321.59453918184147,317.2939304634507,319.21588134765625,2219790.0
2017-01-23,317.40818380858957,327.49369564423415,315.1246716948587,326.27581787109375,3969016.0
2017-01-24,320.45294766803346,325.01997305047576,314.70611668676383,323.0409240722656,7390624.0
2017-01-25,324.63939004022336,326.2759028354048,318.7593401703469,320.1675109863281,3855738.0
2017-01-27,321.2140089056957,323.4594715771205,319.9390573799906,321.2901306152344,2699128.0
2017-01-30,316.3044695338698,320.6051024965492,315.16271350393777,319.7868347167969,1899068.0
2017-01-31,317.88398319676577,318.66417868929335,299.55878528983527,308.7118835449219,9645094.0
2017-02-01,308.65434054474747,314.2139528899634,298.5511922989739,312.0859680175781,9033230.0
2017-02-02,312.1050026763526,319.8117630375856,310.6288397272704,317.1470031738281,3760086.0
2017-02-03,316.3228221230933,320.42543795106866,313.19792670124076,318.5274963378906,2257058.0
2017-02-06,320.1569650069537,320.73209727942134,313.1019997704746,315.9776611328125,2185076.0
2017-02-07,315.9393521414196,317.35801653414387,311.3382936150883,312.7569580078125,2605080.0
2017-02-08,314.0221407010958,314.0413070915194,308.558385505747,309.9962158203125,2824810.0
2017-02-09,310.93565046581415,315.28747485506346,307.5231899704789,314.29058837890625,3130268.0
2017-02-10,315.21073859900855,318.2397771642172,311.45321338039844,317.6263122558594,3550994.0
2017-02-13,318.6231927104855,319.6392688110503,314.78897859844596,317.20452880859375,1209256.0
2017-02-14,317.9331078456979,319.9460706913535,316.13102214152997,319.0066833496094,2246504.0
2017-02-15,319.00664903167427,321.5372212616752,315.4024780110661,318.3548278808594,1995766.0
2017-02-16,317.18541864699864,324.719660073651,317.18541864699864,323.99114990234375,3441322.0
2017-02-17,325.9083111228636,325.9083111228636,318.66163460878363,321.7865295410156,2079702.0
2017-02-20,322.8409145409462,324.75802210947916,321.0196623508399,323.6077575683594,1331008.0
2017-02-21,323.64600785314775,330.70097126773385,323.64600785314775,326.4066467285156,3074096.0
2017-02-22,326.7901395101776,331.65959723675076,318.4507218917969,319.8502197265625,3487340.0
2017-02-23,320.15698983449795,326.29173454988955,320.15698983449795,323.1668395996094,6776184.0
2017-02-27,323.95287297021304,326.42592321553116,320.559578253145,322.054931640625,2385238.0
2017-02-28,323.60771880788116,324.3745617434449,320.4828244845834,322.11236572265625,2286110.0
2017-03-01,323.22430970465484,326.2916815642482,321.90150090976715,325.56317138671875,2193694.0
2017-03-02,325.9083170572917,327.2502924804688,321.80570179742574,323.5119323730469,1735692.0
2017-03-03,323.6078023666097,327.7487506074495,320.2145308614398,327.020263671875,1712464.0
2017-03-06,326.1767003402614,332.6948663520364,324.41294726046533,328.0362854003906,3084616.0
2017-03-07,330.39430745938705,330.39430745938705,326.7518032509618,328.7264099121094,1494044.0
2017-03-08,328.5922128372261,328.9756343224504,323.70358890061624,325.0263977050781,1458528.0
2017-03-09,327.4418777012584,327.4418777012584,322.9750090017196,323.7418518066406,1533834.0
2017-03-10,325.6589923531719,328.9755971868515,322.41909989050606,324.50872802734375,1412616.0
2017-03-14,331.6595576366809,331.6595576366809,325.90823582795235,327.2885437011719,3171728.0
2017-03-15,326.099937208881,328.17042236155845,321.0196030901065,323.1859436035156,2478532.0
2017-03-16,330.04919110969206,331.237811687889,325.75486603793286,327.9787292480469,3690466.0
2017-03-17,328.6880610017394,333.960106307979,327.05851972526534,331.9471435546875,3987020.0
2017-03-20,334.3243565786465,337.0274732708588,330.18340936906696,331.41033935546875,3392968.0
2017-03-21,331.659628528655,335.26380032672233,326.65598216597346,329.47412109375,7366514.0
2017-03-22,326.1765454028968,335.37865775430043,325.3330137569151,334.6309814453125,3364236.0
2017-03-23,333.979260095723,337.4108868641542,333.17408438567276,336.1264343261719,2848278.0
2017-03-24,334.45855815256635,336.06893307707026,334.0176374841959,334.7461242675781,1751020.0
2017-03-27,332.80976356192326,334.8035594526389,324.77708083238235,326.7325439453125,2353860.0
2017-03-28,328.03620427769766,333.86421477446805,326.73258543904075,329.7041015625,1796222.0
2017-03-29,331.81290846967505,337.2191411673099,329.58904549690783,336.4906311035156,4242538.0
2017-03-30,333.5767564236916,338.0627933456906,331.6788150256696,335.81976318359375,2927478.0
2017-03-31,338.9445980101458,341.3026495404365,332.4264326637968,335.39794921875,4314580.0
2017-04-03,335.14870421883865,336.73991271179995,329.16733852898403,332.13885498046875,1874754.0
2017-04-05,333.19324193345597,333.19324193345597,324.5279264753484,326.0999450683594,3578706.0
2017-04-06,325.14142592999417,328.4196750133549,324.7580044371522,327.250244140625,2089810.0
2017-04-07,327.403614930318,329.20567718546755,324.7196645391878,325.6398620605469,2059774.0
2017-04-10,325.5248487565584,328.7839314590681,318.6232618571261,319.4092712402344,1485086.0
2017-04-11,320.1569488541048,321.30721334100576,316.7061553934019,319.69683837890625,2620546.0
2017-04-12,318.75736086795916,320.1376919031036,317.08948719461694,318.8724060058594,1311888.0
2017-04-13,319.1983905909148,319.1983905909148,308.8076775673901,310.226318359375,2293364.0
2017-04-17,306.79471843214753,313.44707200620405,306.79471843214753,310.8781433105469,1404094.0
2017-04-18,311.3382500354443,314.3864555629043,308.27087811391283,309.82373046875,2028564.0
2017-04-19,309.2295224817865,314.23316971503243,308.25180207564375,310.0346984863281,2636200.0
2017-04-20,310.85898669809626,312.833616819374,310.03462109744055,312.4501953125,1079608.0
2017-04-21,313.25542670314184,314.9616573919396,309.72794353351185,311.6258850097656,1780310.0
2017-04-24,311.7216567826031,315.9392929752336,310.2838262623881,314.2330627441406,1373968.0
2017-04-25,315.93926572166083,316.64858602290366,311.9516733953668,314.38641357421875,2194602.0
2017-04-26,315.134091361617,315.1724241447985,305.41434380197035,306.8330078125,1918248.0
2017-04-27,305.58693269511633,314.4056271141724,305.28020017836997,310.4563903808594,5640334.0
2017-04-28,311.6833150680714,314.40559808082253,306.6413134940705,312.1434020996094,2794138.0
2017-05-02,312.9294775030195,316.4952928969815,311.2232470880561,315.191650390625,1722732.0
2017-05-03,316.3035678389269,321.1155029337951,314.7890482491293,320.1952819824219,1989864.0
2017-05-04,320.57874508095966,323.07098512864764,309.8621315976564,313.6388244628906,2758496.0
2017-05-05,314.76996507527275,319.0067690462285,312.22020209160854,318.0865478515625,1856816.0
2017-05-08,318.18230003120834,323.99114470845467,316.5911149594569,322.1507263183594,1581634.0
2017-05-09,323.9910956907707,327.76778726783016,322.05482222536364,325.8123474121094,1814522.0
2017-05-10,325.42894494876185,326.2533103999341,321.34549728013513,323.4543151855469,1515412.0
2017-05-11,328.8989951930081,329.28241673634386,320.3870322505146,321.5756530761719,7029834.0
2017-05-12,322.07404893094696,325.21810980333,321.70979383802745,325.0072326660156,3295402.0
2017-05-15,325.33318955971174,325.90832189246316,323.99121411662514,325.35235595703125,1375146.0
2017-05-16,325.908291298625,328.24715320471466,325.1606146557956,325.7549133300781,5948804.0
2017-05-17,326.6751105486814,327.94039678938253,322.9175846148272,327.2694091796875,2747118.0
2017-05-18,326.23416372860623,334.43939293330317,323.7035912684909,325.2947998046875,7317362.0
2017-05-19,327.0585227570375,327.63365497759503,323.6460622208536,323.8761291503906,2896062.0
2017-05-22,325.90821514185785,330.6051276541964,325.14137228270056,328.76470947265625,5784538.0
2017-05-23,330.8926448157661,333.88332684397716,329.4164818909608,331.62115478515625,6427042.0
2017-05-24,330.07678844565123,331.25438833657597,324.32389095365926,330.0574645996094,4033036.0
2017-05-25,332.14245386470554,334.94167826519276,329.18878007102745,331.8914794921875,5896078.0
2017-05-26,331.1579300228959,334.3625548772924,330.28920514013157,331.6984558105469,2604830.0
2017-05-29,331.6212794806898,336.6791797502095,328.744829940561,333.7641296386719,3686630.0
2017-05-30,333.7641742054708,336.6599244179672,329.324023879643,335.1927490234375,2826830.0
2017-05-31,333.6289042037434,335.6366283369394,331.3702292824398,333.68682861328125,5747114.0
2017-06-01,333.2041867179572,336.292985667834,331.71771164959534,332.91461181640625,1843166.0
2017-06-02,333.12698275698034,335.79108144326557,329.6134831591652,331.235107421875,2223574.0
2017-06-05,330.50150142786157,334.70999959894567,330.50150142786157,331.5439758300781,2816618.0
2017-06-06,338.0305266357089,351.1965262994202,334.4011774602959,343.4166259765625,13253770.0
2017-06-07,344.9224662466619,345.5209401697724,333.80278964857484,339.9610900878906,6733948.0
2017-06-08,339.7678478019963,339.9222971590807,333.97635039628045,335.269775390625,2830620.0
2017-06-09,334.57494655092233,337.0266956629498,330.7332468806849,332.3355712890625,2701028.0
2017-06-12,333.1270069560718,335.3857056321733,328.97643280743483,334.18878173828125,2065426.0
2017-06-13,332.8182008322078,333.93790026127715,325.21202610005395,327.0846252441406,2487790.0
2017-06-14,327.9918836614829,330.52083343685143,324.71003432525856,329.5942077636719,1801536.0
2017-06-15,329.3432158384925,329.3432158384925,324.9030669731435,326.02276611328125,3547290.0
2017-06-16,325.09616609011846,327.02666588875337,322.3934663720296,323.9378662109375,3824660.0
2017-06-19,324.13097603002717,326.6020256547396,320.5788510316314,325.2892761230469,1690856.0
2017-06-20,326.25444233051195,330.1347419314865,325.4822424670078,329.82586669921875,2082258.0
2017-06-21,329.72941739630375,329.72941739630375,323.5904176461447,325.65606689453125,1819308.0
2017-06-22,327.7988870994476,329.7293870234726,322.85681200707813,327.8568115234375,2895584.0
2017-06-23,328.1848945775903,331.27369358537936,325.2312211001254,328.899169921875,2161888.0
2017-06-27,328.95718974443764,331.6598896601783,321.6985146838687,324.4012145996094,2184790.0
2017-06-28,323.74480086093814,330.9841747621219,321.73707645254245,327.56719970703125,2476764.0
2017-06-29,328.91858005358165,330.8876805113358,325.289230841074,327.2583312988281,2984220.0
2017-06-30,327.58649064298504,330.4822401208257,323.7061910558125,328.5324401855469,2257114.0
2017-07-03,328.95709297456716,329.7099924427478,321.350920736083,323.609619140625,3953676.0
2017-07-04,327.5671924784319,328.1656426612561,323.5517437502516,324.9223937988281,1981500.0
2017-07-05,323.9378229579641,324.78724746908046,322.4320238898183,323.3586730957031,2420508.0
2017-07-06,324.323946269606,325.25059554235855,322.66372125778844,324.5749206542969,1373060.0
2017-07-07,324.5169522591958,324.5169522591958,319.9995789066424,321.1965026855469,2303234.0
2017-07-10,323.706210724396,329.65213587410494,323.5517613165922,328.0498352050781,390438.0
2017-07-11,326.50547412288756,335.52089968824106,326.50547412288756,328.43597412109375,2993400.0
2017-07-12,328.22357082738597,331.46681995972534,326.65987068223626,329.7293701171875,1205956.0
2017-07-13,330.5401213251732,333.55171945566735,330.30847080698203,331.50537109375,1912818.0
2017-07-14,332.04600386416035,332.2004532922273,326.2738040838521,328.32012939453125,1288116.0
2017-07-17,327.7988107600744,335.9069085527264,325.82971072241156,335.1733093261719,1818014.0
2017-07-18,335.5593444001512,341.42806638190825,335.269769534923,340.0381164550781,1977378.0
2017-07-19,341.6983885533114,347.33543728848946,341.6983885533114,345.7138366699219,2912888.0
2017-07-20,347.1038573128819,347.1038573128819,340.69460752736626,341.9494323730469,1613768.0
2017-07-21,341.3124145418458,350.57881493664706,341.3124145418458,349.4012145996094,2483620.0
2017-07-24,349.40112690001115,352.1231266196278,347.95325220173964,350.3470764160156,3004440.0
2017-07-25,348.26210380593295,349.3818029229285,342.08450551225786,345.5787048339844,3584666.0
2017-07-26,344.78727303171195,348.8413227146156,341.3123733035088,344.67144775390625,3023714.0
2017-07-27,348.64823799165436,358.30073627492277,341.83356477739903,343.7254638671875,9319652.0
2017-07-28,342.856735975616,346.29303476019794,324.710039364294,344.8258361816406,3042762.0
2017-07-31,342.8568187320847,346.7178189430316,339.16956824376547,344.74871826171875,1894566.0
2017-08-01,343.24289316990934,346.7177931007633,338.99579325442113,341.3896179199219,2664554.0
2017-08-02,342.8567915935906,344.78729154625717,338.57109112494,340.5401916503906,1658180.0
2017-08-03,341.3915478751965,342.24290308071704,337.03805109390805,338.8955383300781,2544010.0
2017-08-04,338.60529206621794,346.15135286083654,337.87002541289615,344.6614990234375,1141420.0
2017-08-07,344.4099398714156,346.22873865975106,341.0819431585523,342.8620300292969,1646970.0
2017-08-08,341.5462944583921,342.6298502345111,339.0309409852564,341.3141174316406,1731896.0
2017-08-09,337.05726108252577,342.3395111889707,337.05726108252577,340.05633544921875,1071692.0
2017-08-10,337.8507025121065,342.8620658737235,336.9800031348877,341.6624450683594,1693074.0
2017-08-11,339.804858569642,344.1003220464878,334.5613193216905,337.5603942871094,3384860.0
2017-08-14,337.83134394862066,339.9210318124902,331.27207086288536,332.8393249511719,808098.0
2017-08-16,334.348503470214,336.1479579886651,329.3177968207779,334.5419921875,2250010.0
2017-08-17,337.5991662043765,338.6439865149098,333.0908690718888,337.2121887207031,1602350.0
2017-08-18,338.160294801677,342.3590150453182,334.1744310884137,339.08905029296875,2129910.0
2017-08-21,339.66952298411326,342.4751100437941,336.7478473906372,338.2377014160156,1339674.0
2017-08-22,340.9271168018567,342.9587483151481,337.947385858517,338.9341735839844,1506462.0
2017-08-23,339.7275788127614,341.68181059112857,333.9616042397239,340.54022216796875,1509778.0
2017-08-24,342.0880387979557,342.0880387979557,335.12244524777105,335.7029113769531,1624246.0
2017-08-28,336.01253803382434,338.43114726132114,331.96861868160363,335.7610168457031,1792508.0
2017-08-29,335.89640854401995,336.5155629830459,328.93081481845275,329.9176025390625,1945588.0
2017-08-30,331.63969643994415,332.02667391537,326.3187561528389,328.62127685546875,3387850.0
2017-08-31,328.93081259709777,336.8251615471192,325.1384385404121,334.8515625,5019082.0
2017-09-01,334.1936544721186,342.4749798159223,330.86565846623006,335.0256652832031,1600518.0
2017-09-04,338.1796257226469,338.1796257226469,331.6396969305826,333.0328063964844,1149942.0
2017-09-05,332.0266352900025,333.76803372683815,328.31166140577756,332.76190185546875,1095614.0
2017-09-06,333.9615744581942,337.44437187432834,327.46035733859014,329.3371887207031,1658772.0
2017-09-07,331.79448112423233,334.2324343798152,329.4145603156696,332.52972412109375,2949318.0
2017-09-08,335.47072848301855,336.47686030824497,331.2913535309044,332.6070861816406,2320104.0
2017-09-11,333.5745380932198,335.6255137079985,329.70476386940055,333.07147216796875,1439608.0
2017-09-12,335.5094164592545,335.5094164592545,331.3107209835509,334.3678283691406,1698738.0
2017-09-13,334.34850086992435,338.60525261711086,333.4584575011764,337.1734313964844,2237308.0
2017-09-14,338.99227477018786,341.33348381615855,337.1734758780541,340.8497619628906,2327652.0
2017-09-15,341.2367094592577,345.7062942668418,336.012513903041,343.2683410644531,3502380.0
2017-09-18,344.4099062982624,347.6992143921222,344.02292887545536,347.2541809082031,1361938.0
2017-09-19,347.50579139029014,347.50579139029014,344.11973830046276,345.82244873046875,1095726.0
2017-09-20,346.3448332569236,346.98335552570387,342.47505858366185,344.1971130371094,1792966.0
2017-09-21,344.7195374318246,345.9578701023459,336.30277716926753,336.7864990234375,5197522.0
2017-09-22,336.6704082285423,344.4099578429916,336.51560778856094,342.2622375488281,6281534.0
2017-09-25,340.540222416428,342.08813251832083,336.7091354665497,338.2377014160156,3550896.0
2017-09-26,340.11457891948385,343.2103993265544,334.4646925050389,338.08294677734375,3446850.0
2017-09-27,338.9729451755449,340.90783267170167,337.48306763196496,338.4698791503906,2541882.0
2017-09-28,338.46981484478323,340.8303676939221,333.43910831055564,338.6826477050781,6193068.0
2017-09-29,339.37921764761654,342.9587589968075,335.3933547069578,338.5278625488281,2360270.0
2017-10-03,339.94037928489354,343.4231766792238,339.28251283100707,341.5269775390625,2684244.0
2017-10-04,342.04932666418966,343.81006907614614,339.7661506008445,343.0941467285156,1240900.0
2017-10-05,343.6360843742761,348.9376818412851,342.5332077403641,345.6290283203125,3552176.0
2017-10-06,343.5585917405385,351.762518794915,343.5585917405385,351.33685302734375,3640948.0
2017-10-09,351.2787632234108,351.2787632234108,347.2929004053108,349.36322021484375,1206462.0
2017-10-10,350.2145961482174,354.8583255999065,347.15746481149705,348.1249084472656,3423160.0
2017-10-11,348.08619217180063,354.47131965466303,348.08619217180063,351.7431335449219,4337494.0
2017-10-12,352.9234341950396,356.0192537932417,350.71765800747477,354.4713439941406,2076624.0
2017-10-13,355.9225394449167,362.21092353404947,353.65873062052134,358.5346374511719,2210684.0
2017-10-16,358.53468871607424,361.0113544053038,356.0193347207645,357.1802673339844,1651154.0
2017-10-17,355.36143815837204,361.378933637965,355.36143815837204,357.29632568359375,960424.0
2017-10-18,358.34109315238686,360.27598026444076,355.1678735647729,357.4510498046875,1160686.0
2017-10-19,354.70358620004924,358.34118434410834,354.70358620004924,356.90936279296875,58388.0
2017-10-23,357.1028418816024,365.22936960019194,356.8319529004695,362.6946716308594,3597394.0
2017-10-24,363.3718518642602,363.56534060327203,351.39489419558026,353.9102478027344,3155652.0
2017-10-25,346.1125630279847,357.56708352883805,338.99217009876855,351.0078125,6147680.0
2017-10-26,350.8918520470709,352.1495289361285,332.0266987112069,336.30279541015625,11565142.0
2017-10-27,336.68975559635646,337.36696619409264,329.8015610975148,330.8464050292969,4592368.0
2017-10-30,332.80064786957485,334.1357249598748,321.9652779389375,323.64862060546875,7251452.0
2017-10-31,325.061024102611,333.0521170594908,323.9000918736731,331.1752624511719,2958728.0
2017-11-01,333.5801595996866,333.8322936087409,325.04671365643884,326.0746154785156,3257662.0
2017-11-02,327.5291920711535,333.58017176355384,326.2685693290238,332.765625,2965682.0
2017-11-03,333.5801853439835,333.5801853439835,327.7425368353751,328.59588623046875,2761172.0
2017-11-06,330.47704755238584,331.73767009293186,324.89151051829936,327.78125,2273368.0
2017-11-07,329.70125597020245,341.33777088679784,327.4903134011393,340.0771484375,5960612.0
2017-11-08,342.11358395585347,343.1802646314528,335.65530785013084,340.7947692871094,3821814.0
2017-11-09,341.1439204888108,344.61548643847465,338.40934348472706,339.7669372558594,1600452.0
2017-11-10,341.70638542893647,341.70638542893647,334.62750303190376,336.3147888183594,3070800.0
2017-11-13,335.32562569985106,340.71722128561015,335.32562569985106,337.2650451660156,5322040.0
2017-11-14,336.68325286652265,343.2190876487749,335.94626392613975,337.3814392089844,2012894.0
2017-11-15,340.17409880421883,340.17409880421883,328.1497007849135,329.06121826171875,3122146.0
2017-11-16,329.58497460780416,333.07592992009796,325.31825144833397,330.4383239746094,2181070.0
2017-11-17,329.27462462136253,332.1061721194668,325.2406229291643,325.82244873046875,3096988.0
2017-11-20,326.9861249478721,329.1000969199904,324.62004264760833,326.65643310546875,2260478.0
2017-11-21,327.0249178136793,328.2273721495699,323.92184650746646,324.93035888671875,2987142.0
2017-11-22,325.2600368724891,327.49036927871714,323.65033290577003,326.65643310546875,2269436.0
2017-11-23,328.9255620621432,332.02863340235206,326.67584007540285,331.1365051269531,2332448.0
2017-11-24,331.6408102132348,334.93782411593946,331.6408102132348,332.9596252441406,1646756.0
2017-11-27,332.61042092486804,334.74378222526076,330.9037224147327,333.8516540527344,1592740.0
2017-11-28,333.9680118599637,335.1510529278092,332.3388948720778,333.2892150878906,2108650.0
2017-11-29,333.58018272987357,334.72444506833506,328.2079997220116,330.9231872558594,1523670.0
2017-11-30,329.701396654237,332.7656896929652,326.7146851496336,328.9256286621094,6822606.0
2017-12-01,328.5377537003483,329.6820162551141,320.818852496596,321.9437255859375,2768524.0
2017-12-04,324.2709711848853,329.58498585428583,319.94605581947474,328.90618896484375,1793768.0
2017-12-05,328.8868497323271,330.8262697126462,325.4734516273174,328.9256286621094,1980098.0
2017-12-06,327.9558697716165,333.63837893647667,327.76192780250256,333.0371398925781,3179456.0
2017-12-07,333.6383729582457,336.2953684176747,331.0977142687324,334.9377746582031,2450146.0
2017-12-08,337.34260150608094,338.54503201555247,334.8989378959778,337.6335144042969,1739846.0
2017-12-11,339.2045894622803,342.1137197321112,338.1379083633423,341.33795166015625,1597008.0
2017-12-12,341.7257351957145,342.03603759832504,337.5559830352674,339.47601318359375,2921624.0
2017-12-13,337.4590292651729,338.8360125232401,334.76323113555696,336.0432434082031,8609940.0
2017-12-14,334.7437525812994,343.29658648418496,334.43345024545056,342.4432373046875,6365040.0
2017-12-15,344.7900372744233,347.71855623163117,343.2772804669498,345.9148864746094,4469222.0
2017-12-18,344.47968281988625,345.8954685275838,339.6893261149778,343.2772521972656,2615662.0
2017-12-19,344.8287921244888,344.8287921244888,335.5195783888446,337.24566650390625,3971188.0
2017-12-20,337.45900992883475,339.3984295261269,335.13170641208416,337.40081787109375,2109744.0
2017-12-21,339.0105759305453,345.9924871053163,338.0214765823643,345.3136901855469,2859366.0
2017-12-22,345.60456628153526,346.3415551856277,340.60085433693,344.0142517089844,2104074.0
2017-12-26,342.1523710832904,346.49667540123585,342.13298162363407,344.6154479980469,2127136.0
2017-12-27,343.6651799226425,345.83732057422674,341.5512076588615,342.753662109375,801620.0
2017-12-28,342.1136421394007,345.5464056094119,339.6311754023531,340.678466796875,2319726.0
2017-12-29,340.67848588315195,349.77436970834447,339.3984735179389,345.4106750488281,3093850.0
2018-01-01,344.8288488319585,345.48825631491786,339.7669677656812,340.8336486816406,1286288.0
2018-01-02,340.13542466510177,347.15611426590834,340.11601152912925,346.3027648925781,1906518.0
2018-01-03,346.38035211429036,352.12102958687234,346.38035211429036,348.0482482910156,2583906.0
2018-01-04,347.5440012848068,348.8822055782366,342.5208996563261,346.41912841796875,1193460.0
2018-01-05,344.5378734067573,350.25916091900007,342.2299594719925,349.1148986816406,1492292.0
2018-01-08,349.1536178133559,350.4142401842013,347.1947856513263,349.28936767578125,2353168.0
2018-01-09,349.2894286881152,350.20094632258844,343.2772286385141,346.7099914550781,2504270.0
2018-01-10,345.99241773865555,356.0773985247599,345.6433127800846,355.2434387207031,3400572.0
2018-01-11,356.46533414234256,358.75385881503763,352.9937682098535,355.6507873535156,4243446.0
2018-01-12,356.27134294017924,359.95623979149303,353.8470686958939,359.1416931152344,1980698.0
2018-01-15,358.7927679062414,361.1588512842295,351.2290284747044,352.68359375,2536486.0
2018-01-16,354.56463358269684,370.4290932230112,352.974319196796,368.1987609863281,8963404.0
2018-01-17,368.4896941958278,373.764905611336,365.8908674071149,369.59515380859375,5498922.0
2018-01-18,369.65342018821025,372.2328580360521,364.80487060546875,370.1382751464844,1869500.0
2018-01-19,371.2049840558948,375.08382401468157,366.99645217043525,371.709228515625,4748438.0
2018-01-22,372.3684900305558,378.14796877272545,366.55023237382835,374.83154296875,4431318.0
2018-01-23,376.2279343718928,387.88383899889953,375.684887527474,386.0801696777344,5015202.0
2018-01-24,385.5565488064,403.67070575132504,384.78078110256416,395.0403137207031,9269776.0
2018-01-25,395.17618355529794,395.6416490538024,384.02451942755596,391.5882568359375,5307454.0
2018-01-29,392.5404833974784,396.8156767810153,390.616641630576,393.33721923828125,4013296.0
2018-01-30,395.4553596846086,395.4553596846086,387.8766083196456,388.80938720703125,2711352.0
2018-01-31,388.63457839838134,395.6109225567542,381.54164278241376,383.4266052246094,3221144.0
2018-02-01,381.69687614752786,394.4641673310171,376.6055210074587,382.7851257324219,3055658.0
2018-02-02,380.88078982409877,391.64650668894694,380.04517452106893,385.11712646484375,3345056.0
2018-02-05,384.76730804331675,389.3534186878062,380.88076957823273,385.9915771484375,2177578.0
2018-02-06,375.0315402637193,376.5084201610737,368.4632806582254,370.71746826171875,3310994.0
2018-02-07,372.40808342415755,372.7190017261267,358.3388108357547,364.7710266113281,4051696.0
2018-02-08,367.56933232959955,374.27361039746694,364.3629384710543,367.02520751953125,2896536.0
2018-02-09,363.391360999143,377.2274289988329,358.5526156725451,374.6623229980469,3456506.0
2018-02-12,375.24532328647615,378.06306393259416,364.30470701327357,365.0043029785156,2975588.0
2018-02-14,365.25686087453715,373.0299373933464,361.56464952810273,364.47955322265625,2889532.0
2018-02-15,366.88925500022896,369.08515886464477,362.22540853836165,365.2180480957031,2281842.0
2018-02-16,367.2778329373093,377.36340357021425,361.8366798567566,364.20745849609375,5698140.0
2018-02-19,364.4989915414076,365.2180153727853,349.8273091946746,355.3073425292969,2925546.0
2018-02-20,356.00703822881087,359.5826595142848,351.7318445382902,352.6840515136719,2462802.0
2018-02-21,356.7842701486244,368.3661512980277,354.45234681431964,366.4617614746094,5569512.0
2018-02-22,366.5006354531623,374.27371361759845,362.0505434597123,365.72332763671875,8186574.0
2018-02-23,368.7936516799069,376.1780749085236,366.4617285550805,371.3976135253906,5675166.0
2018-02-26,371.5142596542484,375.08985643338804,366.5200429789827,367.6860046386719,2112112.0
2018-02-27,370.38728257792343,372.56373561021945,366.88939638358835,369.1824645996094,2879428.0
2018-02-28,371.1255937024345,372.46643059024603,363.7022904774804,365.45123291015625,5119548.0
2018-03-01,366.81156651931724,370.1734324303058,364.55737851799415,366.42291259765625,2772230.0
2018-03-05,366.42297620729755,367.1420003201219,356.70662647905164,362.2643737792969,3747704.0
2018-03-06,364.55732073458114,370.38712863545396,360.08780134391196,362.53631591796875,2929756.0
2018-03-07,364.5572872043687,370.3093590598724,362.9249363979502,369.0462341308594,5695220.0
2018-03-08,370.3871124429792,374.6623047167177,367.49163656781946,369.4737854003906,4238350.0
2018-03-09,369.221187522783,371.49480324153996,365.3346487067537,366.5006103515625,1464728.0
2018-03-12,369.2212720996585,379.32627533607024,368.8326181290273,376.0810241699219,4946236.0
2018-03-13,376.08091501786896,376.60558823732,367.5110784754772,371.9417419433594,2513508.0
2018-03-14,373.8849840991099,376.2752146399216,373.10767643986014,375.07037353515625,2354082.0
2018-03-15,376.21698237715304,378.00478086263854,371.26164505761926,372.77740478515625,2590154.0
2018-03-16,373.1077631346385,380.7059425249969,368.07469012720964,376.0615234375,9482072.0
2018-03-19,374.15720030174253,374.50697465923287,357.95032420109493,360.0879211425781,3318748.0
2018-03-20,359.50484725418323,368.3467232271915,355.85149120968254,364.2464294433594,3707786.0
2018-03-21,367.2779297950154,369.1823433640544,360.06840480631234,364.3047180175781,3818980.0
2018-03-22,365.7233339068122,368.79370932302487,359.5048712686517,361.6618957519531,3095286.0
2018-03-23,351.7317564877105,373.3214744758783,351.1682036252711,372.09722900390625,5478072.0
2018-03-26,372.01951639110325,377.3829354461304,367.27793408505994,375.8477478027344,3571336.0
2018-03-27,378.9374575342424,380.4532168529976,370.97005458095833,377.7909240722656,2495200.0
2018-03-28,373.71015949514907,381.5026655854299,371.18390909989506,376.4501647949219,4620172.0
2018-04-02,375.5562868306319,382.78526414262205,374.97330593715947,380.6865234375,1295646.0
2018-04-03,377.96591447068147,384.37870376504264,374.29313040323706,376.7027893066406,2036000.0
2018-04-04,381.2694447795519,381.36660824662107,369.02684792883235,372.81622314453125,1804780.0
2018-04-05,376.99428323167785,382.5131733593797,371.7668835291551,373.90447998046875,2805104.0
2018-04-06,377.7715722576402,377.7715722576402,369.4543697172572,370.2511291503906,2515810.0
2018-04-09,370.8924569000636,374.1377315906412,368.44394177812745,370.484375,1708072.0
2018-04-10,370.42597004212854,373.8655708020191,366.7143305680785,368.6187438964844,2431772.0
2018-04-11,371.164477507065,379.98692585285215,369.7458812719513,375.9449157714844,3716964.0
2018-04-12,376.1974676943284,393.7063174423982,375.9448332241327,392.5597839355469,8182766.0
2018-04-13,394.2894705966021,396.42706752935845,384.0873034175377,385.2532653808594,6361110.0
2018-04-16,380.4922348804159,391.2773824983235,379.36512888397624,388.6151123046875,3824528.0
2018-04-17,387.50738081296043,394.8723772390424,387.50738081296043,392.9291076660156,3729906.0
2018-04-18,394.44487933008355,394.79465363085677,385.9333488546379,387.4296569824219,2008262.0
2018-04-19,390.59714800937184,397.0099370065406,388.2652247376741,395.8634033203125,2301628.0
2018-04-20,396.4269615964846,417.49198312760643,396.388105696713,412.8864440917969,9490598.0
2018-04-23,412.7504667394302,430.62854721966914,410.02988927504595,422.85546875,9086924.0
2018-04-24,421.65049825555064,427.42199743887403,411.23455790403756,412.7308654785156,3993618.0
2018-04-25,412.6921374548818,420.3291961382473,406.53198258031136,415.393310546875,3002280.0
2018-04-26,410.4184918668519,422.991435230403,408.7278569997704,418.69683837890625,6052212.0
2018-04-27,418.5802132541883,423.8853480082859,402.25675089887176,404.84130859375,4764608.0
2018-04-30,407.6590874730847,419.35756043973373,406.16277943835695,409.1553955078125,3147666.0
2018-05-02,408.08660458589065,408.84446073145136,386.90496653833725,388.8482360839844,15014958.0
2018-05-03,387.48783595791537,387.48783595791537,357.561493561968,359.7768249511719,15276024.0
2018-05-04,358.70813377598836,366.889293900974,352.7811616022703,361.38983154296875,8365006.0
2018-05-07,364.0909798266572,365.5873116200051,357.96968071586224,360.7485656738281,2576842.0
2018-05-08,361.52575929899376,362.61398516396576,352.5478425394993,357.600341796875,4080268.0
2018-05-09,359.89843657871467,364.825627064974,358.6520303121093,361.2616882324219,2757280.0
2018-05-10,363.36507176455876,365.31257451005814,360.71644901209817,362.31341552734375,3741482.0
2018-05-11,362.70288894310744,365.44886285419335,362.6639246271762,363.3455505371094,2117402.0
2018-05-14,365.1177551728278,365.1177551728278,358.5157173597269,360.40478515625,3132296.0
2018-05-15,358.45730675559594,363.28712248321324,355.04917736766305,360.2879638671875,4239330.0
2018-05-16,359.31424241194225,362.58605640498365,356.97723920926296,358.4378662109375,1963972.0
2018-05-17,361.0279644628939,361.0279644628939,352.38105000928556,354.3480224609375,2899904.0
2018-05-18,352.49792198148884,357.5614280431014,345.5258541258259,346.9280700683594,3517726.0
2018-05-21,347.43446015104996,350.7646848070457,345.48695757172794,348.9729919433594,2942476.0
2018-05-22,346.7917335249536,355.10758281306954,346.4801379039846,352.458984375,2485094.0
2018-05-23,352.49801355078097,357.71733066402845,347.3760715793983,348.3498229980469,3734828.0
2018-05-24,352.86809844136724,357.5226356973175,350.6284698319532,355.10772705078125,6309330.0
2018-05-25,357.5225923505234,359.84010178591717,355.22452941628006,356.78253173828125,2089082.0
2018-05-28,356.78246401621016,357.17196452277807,347.0449513520123,348.408203125,2651764.0
2018-05-29,350.1609521929701,354.25070747442305,348.60295018098805,352.5368957519531,1985832.0
2018-05-30,353.2769838831128,355.14658168926024,349.61566935893677,353.4132995605469,2374048.0
2018-05-31,353.6664399624168,356.31503850264494,350.9594068402185,354.5817565917969,5618644.0
2018-06-01,354.4455126056134,359.8595799448144,350.5505069725847,352.4395751953125,1939062.0
2018-06-04,353.2769071554792,357.13297110891216,350.219338140875,350.82305908203125,1505886.0
2018-06-05,352.86798705117354,354.5233641964468,342.7799144683367,344.7274169921875,2547736.0
2018-06-06,347.4149602999397,357.48353826847546,346.6554296040279,354.0364685058594,2337712.0
2018-06-07,352.4979483813544,360.6774587857836,352.4979483813544,358.86627197265625,2137298.0
2018-06-08,358.72990678583824,364.533472876135,357.50297088526304,361.72906494140625,2268428.0
2018-06-11,363.4040476567012,367.1043032330556,353.56915783533816,355.0687255859375,4105194.0
2018-06-12,355.59452749481164,359.8985037646242,355.08818154069724,356.3150939941406,2961048.0
2018-06-13,358.3405507938766,360.5996495116268,356.02301747703115,359.7817077636719,2113706.0
2018-06-14,361.45641013748366,366.1304154409856,358.74937731122805,364.94244384765625,3755080.0
2018-06-15,364.94255099780383,371.5835307283986,362.64448820623033,369.3633728027344,6186584.0
2018-06-18,371.7781972672968,372.88826409348394,362.7223113726246,363.4818420410156,2653666.0
2018-06-19,363.3650331458657,366.3446977658627,356.5487742610548,358.5157470703125,2812474.0
2018-06-20,358.7299660536127,361.74859497534504,353.0432681748647,354.81549072265625,2820262.0
2018-06-21,355.26339566548825,357.1719576200759,350.19988917796263,351.5436706542969,3208902.0
2018-06-22,353.29638946764413,359.04152128483037,351.2709823096528,352.4200134277344,4036700.0
2018-06-25,352.4591178930608,357.3668161588104,352.10855782840827,354.0171203613281,4255720.0
2018-06-26,354.05594712628607,356.58770032355875,353.1211364364653,354.60125732421875,3249236.0
2018-06-27,355.30241080089326,360.2880131470941,354.5623502375705,358.7494812011719,5751028.0
2018-06-28,360.85270888524025,362.2159605064363,352.4589786579489,354.28961181640625,13566568.0
2018-06-29,356.0424307998094,361.7486231671332,355.75030539752095,360.7748718261719,6059554.0
2018-07-02,361.0670517441846,363.189834742634,358.671613574454,360.71649169921875,1776396.0
2018-07-03,362.2354541015625,366.09151844483614,357.2303823364377,365.1567077636719,2054476.0
2018-07-04,364.9424884729987,365.5462094772136,359.898452378205,360.5411376953125,1547894.0
2018-07-05,361.4954084551785,364.3777216956793,358.72996438452236,362.6444396972656,3416140.0
2018-07-06,364.1829418996282,369.8501690216036,359.5089362281891,367.6495056152344,5055508.0
2018-07-09,369.63603416521545,375.8680431711622,368.42859192960435,374.5242614746094,3711984.0
2018-07-10,387.55309787614107,387.55309787614107,379.7825561339282,381.5353088378906,11042854.0
2018-07-11,383.15161965964506,389.9289136191,381.37939726392074,386.9492492675781,10209714.0
2018-07-12,391.81808460061876,397.2126577304917,390.2795526672949,391.8570251464844,10093442.0
2018-07-13,388.3319185106317,388.6435140918038,380.1524096954629,383.0152282714844,11524056.0
2018-07-16,383.6579269167871,385.9559889832416,377.89332525684387,378.63336181640625,3404444.0
2018-07-17,380.6199503565871,383.26854939859857,377.4260410236199,381.827392578125,3241946.0
2018-07-18,384.00861760872215,388.2541595150702,383.2880272975352,385.5666198730469,3784400.0
2018-07-19,385.6055674554399,387.3583200347828,380.3473097174112,382.52850341796875,1501536.0
2018-07-20,383.11268175318463,391.2532517010526,381.9247099844962,389.18890380859375,4379550.0
2018-07-23,390.6689904893637,393.76552413173556,386.03392516070903,391.3895568847656,3296730.0
2018-07-24,390.0847633139555,393.006017158044,385.2744414933129,386.22869873046875,2925630.0
2018-07-25,386.7739748761495,386.9687251152614,373.9204590947669,375.5953063964844,5643672.0
2018-07-26,375.5953382262927,377.01702460157907,368.0974533850783,371.0381774902344,7970088.0
2018-07-27,373.5309697744686,377.6986297706011,370.22021561066987,375.2642517089844,4929768.0
2018-07-30,378.983889561007,382.15832733331797,367.3378180806263,368.9153137207031,6447110.0
2018-07-31,370.1617890369974,376.45223159360893,368.9932875421388,375.90692138671875,4771570.0
2018-08-01,377.03650234667117,381.71050857410927,375.8680007898117,381.1846923828125,3568096.0
2018-08-02,380.93093756100336,384.05332229511,374.1202310953524,374.8813171386719,3200706.0
2018-08-03,377.0474799684379,378.55014196741587,373.690925790661,376.11077880859375,2289018.0
2018-08-06,377.80855750539075,378.0232166941378,371.9540860564436,373.32012939453125,2165794.0
2018-08-07,375.03753873198906,378.9600307607096,374.3349829353972,378.1208801269531,2235882.0
2018-08-08,378.19883682323064,378.5110705206234,373.61283441593145,376.4620056152344,1517966.0
2018-08-09,377.78908733834567,377.78908733834567,372.77374197327015,373.37872314453125,2005458.0
2018-08-10,375.19363942555117,377.7305776209476,373.2421485060155,377.0280456542969,2417448.0
2018-08-13,377.0085071665467,384.1509586307064,376.8328682326106,383.6630859375,2885640.0
2018-08-14,385.6730918102209,391.07871117342637,382.10185452972496,390.1810302734375,4962034.0
2018-08-16,389.43942114343787,396.07448853212594,387.2927816941565,389.2247619628906,5908118.0
2018-08-17,390.29812088630314,393.3424414648349,388.36614042353455,391.488525390625,2960410.0
2018-08-20,392.24962137513245,392.8350685712147,385.224255022145,385.7121276855469,2829604.0
2018-08-21,391.00070625328414,395.762348744174,389.65417278755365,392.0935363769531,9839198.0
2018-08-23,394.2011503042385,401.26553762746147,394.2011503042385,400.309326171875,5537558.0
2018-08-24,402.18269783125106,405.539299938,398.1626555902763,399.4115905761719,4540390.0
2018-08-27,400.445929607138,406.0272125958378,400.055631430133,405.5198059082031,2488450.0
2018-08-28,405.91006570156736,408.5445781472266,404.70015099602784,406.2027893066406,2626156.0
2018-08-29,405.2466300417653,406.3589703553442,400.8362414338927,403.1194763183594,4063384.0
2018-08-30,401.61678495336724,403.1389572239362,395.5866739426013,396.757568359375,4883942.0
2018-08-31,398.4944509011238,411.76458932486344,397.9090036177235,408.4275207519531,6558672.0
2018-09-03,410.9840535150001,414.106439486624,407.7055387160292,409.4814147949219,4454306.0
2018-09-04,410.2618579961041,421.13165056962555,410.2033037522488,420.09735107421875,5584742.0
2018-09-05,419.88281195105526,424.2541326224793,416.8384670108628,421.1122131347656,5701112.0
2018-09-06,419.57056138551144,425.3469937532783,415.82370822655423,424.9566955566406,5991810.0
2018-09-07,424.23461272334345,424.23461272334345,415.8041810667116,419.1607360839844,4379878.0
2018-09-10,420.3511631551034,428.1181068962976,420.3511631551034,424.9176330566406,8205078.0
2018-09-11,425.4249213562754,428.93760419316203,422.3025366123761,423.512451171875,8472420.0
2018-09-12,426.20564859341715,428.93773608440057,422.34168675597556,424.1761169433594,4139134.0
2018-09-14,423.0831654918714,424.8199730823522,415.7455417191732,417.8921813964844,7290574.0
2018-09-17,417.638542045831,423.2393108030191,417.638542045831,420.89752197265625,3018112.0
2018-09-18,421.52198667711644,425.81526617105004,420.8975191885801,423.0441589355469,2745526.0
2018-09-19,422.69285385176556,428.7229406040373,421.9512779127368,424.37115478515625,4439812.0
2018-09-21,425.8152879814022,426.2055861372055,420.9560949991782,423.4344787597656,6595630.0
2018-09-24,423.8247703291963,431.66975361016557,421.7366847568618,427.8838806152344,4432578.0
2018-09-25,430.10861152575154,439.1050039913283,427.1033344773385,435.7093811035156,5664544.0
2018-09-26,437.1730246370367,437.46574830065987,423.53212096972555,425.4836120605469,2870394.0
2018-09-27,426.9666521496142,431.0647828207372,424.83954623974915,426.28363037109375,5731064.0
2018-09-28,426.24453739154933,429.2303273286443,423.6685795092006,424.5662841796875,4445086.0
2018-10-01,423.55146681842785,429.71819567768415,421.9122339033393,428.70343017578125,3406600.0
2018-10-03,429.2889582313822,429.9914663372127,419.10218572438055,425.9324035644531,4730720.0
2018-10-04,423.41491670800224,426.537301747311,414.10631583832594,420.3901062011719,3891118.0
2018-10-05,418.39961315872927,428.54736497041483,417.65803715141965,423.08319091796875,2895914.0
2018-10-08,417.6190125796984,423.2978696120236,409.0324534425457,418.4386291503906,2311830.0
2018-10-09,416.25302229417,421.15128366749065,407.2566298996691,416.9945983886719,2694524.0
2018-10-10,413.32569125009604,414.9064176254326,405.344114097928,410.51556396484375,4523678.0
2018-10-11,400.2507408149651,400.2507408149651,389.51754201202846,393.8108215332031,6266576.0
2018-10-12,391.5861248348463,393.0302327383859,380.3455430025393,384.5022277832031,4651748.0
2018-10-15,382.4921172179264,392.698421507146,382.4921172179264,391.449462890625,3614908.0
2018-10-16,390.29812941910274,395.1768560368415,386.0243601375821,391.6251525878906,3003220.0
2018-10-17,393.0301753522013,404.3488199254028,393.0301753522013,399.7628173828125,3253970.0
2018-10-19,396.5427828108698,397.8698055891939,372.0710925324725,374.10064697265625,6869592.0
2018-10-22,376.247467870833,385.5756044557315,373.573934707777,382.5117492675781,3774108.0
2018-10-23,378.5892511286741,383.89729707965176,369.84656198621644,371.38824462890625,2948962.0
2018-10-24,380.54079811478726,386.60993120751704,369.1440843196845,382.7655029296875,8442982.0
2018-10-25,382.0237792003767,394.76702181705207,377.8085644441005,392.1910400390625,6176258.0
2018-10-26,390.2785707699954,390.2785707699954,375.4667538350929,377.2621154785156,3615756.0
2018-10-29,376.71578562610046,387.15626131823785,372.24686696732715,384.6973876953125,2786080.0
2018-10-30,386.1248101585382,397.7206879967101,381.9792479065274,392.98846435546875,6121068.0
2018-10-31,393.1644581645352,416.78638113616455,391.8738604043377,412.83636474609375,6582228.0
2018-11-01,412.60179951769584,413.5599552165073,392.4605742331827,394.5724792480469,3946070.0
2018-11-02,397.34923325722264,402.6289720849515,389.194979504758,392.8907775878906,5575206.0
2018-11-05,393.24266972706477,400.5365388380154,392.5778091215336,399.2068176269531,1938928.0
2018-11-06,399.9890027719416,407.5175173682358,396.4105044676446,402.39422607421875,2921884.0
2018-11-07,402.4333611266987,404.72123803394646,401.55340479770445,403.4306640625,139254.0
2018-11-09,407.90864903592484,409.4730158586897,396.37144371803436,402.003173828125,7343566.0
2018-11-12,403.7825996603089,414.1661032139294,403.6262011755336,405.48388671875,4782454.0
2018-11-13,406.6766971028992,412.54307263760666,402.57023422860397,404.075927734375,2737474.0
2018-11-14,403.2155059845796,403.3719521984713,376.6212728061592,389.9574890136719,3033632.0
2018-11-15,391.05263798894686,402.4333980053927,383.9738632159159,386.69195556640625,3582306.0
2018-11-16,389.91844029562225,405.8750013819289,388.6473922204359,399.7739562988281,6698234.0
2018-11-19,399.7740078459552,407.83051254507683,396.66482353322266,406.7745361328125,4180070.0
2018-11-20,404.7798828018545,404.7798828018545,392.3822719554976,394.5919494628906,2628564.0
2018-11-21,392.2845236676382,396.56698254313415,383.09386874676676,385.28399658203125,2503064.0
2018-11-22,386.3987140256179,391.8739994470335,381.4709666944838,382.8984375,3129880.0
2018-11-26,385.0297644756723,393.3991360957029,376.62129323521833,391.2872314453125,4758562.0
2018-11-27,390.5833103662289,402.4333848546437,388.35408276060366,400.1455078125,4103018.0
2018-11-28,400.16498331433826,409.7662786020017,395.9216245656663,407.94769287109375,2460574.0
2018-11-29,408.02606288958157,408.8277723739641,394.4160501922235,396.3519592285156,3260512.0
2018-11-30,398.131374535772,401.3774549372017,392.7538633374745,396.9580993652344,4219388.0
2018-12-03,399.3437157897069,401.1427280186281,392.9298263850094,398.2095642089844,2908898.0
2018-12-04,398.1705344584293,407.90872939676944,397.759892860623,405.26885986328125,2836286.0
2018-12-05,405.3469989455195,413.77504470859105,399.695742620208,411.0569763183594,3873412.0
2018-12-06,410.3920346639223,416.70817468713835,394.61149531611693,395.9803161621094,4051262.0
2018-12-07,391.0917605934651,391.0917605934651,365.45570046063284,376.2107238769531,21093670.0
2018-12-10,375.42845601248587,379.6326914943474,366.4919969683707,368.4083557128906,6182964.0
2018-12-11,368.0172708733733,377.46214449333996,363.9890313435142,374.216064453125,5605848.0
2018-12-12,377.403516064893,380.92334160332206,368.91682082594514,379.84783935546875,3653708.0
2018-12-13,379.37849906392915,384.26714531718926,376.797303390345,382.5072326660156,2756644.0
2018-12-14,377.794532502268,378.88958434414866,371.53706612541885,375.91729736328125,4611032.0
2018-12-17,377.4426329565261,380.9233590296789,373.06242451570574,380.0043029785156,2792580.0
2018-12-18,379.33934966804543,386.71141770251836,375.2133375457461,385.3034973144531,3874502.0
2018-12-19,383.2698397252484,384.6777602005924,373.10145622233364,374.3334045410156,6117266.0
2018-12-20,370.87227043717195,377.28618414376615,370.75494769614704,375.25250244140625,4527954.0
2018-12-21,374.29432526014523,377.0124174839166,369.5816748156651,373.2774963378906,10439250.0
2018-12-24,373.49266475002105,373.8446569141554,365.72950215649786,366.7854309082031,2941564.0
2018-12-26,366.8440474051804,370.6376420084928,364.10640526036565,368.7212829589844,2434064.0
2018-12-27,371.14609422276635,375.4481037448427,368.66267100134314,371.06787109375,5096808.0
2018-12-28,372.35841116373103,376.62132039232165,371.5371281128822,374.802734375,1556666.0
2018-12-31,376.40626250117026,378.0292789541378,373.7272696705406,377.1493225097656,1437004.0
2019-01-01,376.2302611021544,377.4035363446767,372.65176206432295,375.389404296875,717468.0
2019-01-02,375.0569077467795,376.23018274494456,367.29374772372336,370.1095886230469,2270096.0
2019-01-03,371.53709548721486,375.4480122818171,369.5816370899137,370.89178466796875,2809224.0
2019-01-04,369.97274965300926,371.7522121209292,361.7598239207543,364.63433837890625,3077278.0
2019-01-07,367.5871043641195,371.53712105030644,366.02273753864455,368.2323913574219,2344752.0
2019-01-08,370.75492159099144,370.75492159099144,364.92764587016904,369.64031982421875,3031576.0
2019-01-09,370.36383680745035,370.97002416332003,364.6147840913865,367.0004577636719,2471720.0
2019-01-10,368.7995506544526,368.7995506544526,364.49754104978774,366.00323486328125,1832096.0
2019-01-11,365.6708043272144,368.0173549432179,359.8044277872056,367.64581298828125,4331368.0
2019-01-14,368.0173021836089,369.19057732340787,362.9331099111467,366.5311584472656,1956808.0
2019-01-15,363.32418429641507,373.844560429669,363.32418429641507,370.6376037597656,3693892.0
2019-01-16,370.7549472141037,373.1797206302901,366.3551654038098,366.9418029785156,1701242.0
2019-01-17,365.7097429612464,374.2746584873037,364.9275597669156,373.3751525878906,3690234.0
2019-01-18,370.98968789042357,378.8701975475527,370.10973130257116,377.9120178222656,4685056.0
2019-01-21,378.987405692429,383.85650211327317,376.24976380267566,377.6968078613281,3265418.0
2019-01-22,376.23025516750266,377.22753433384634,366.4529616340436,367.9195556640625,4791592.0
2019-01-23,370.559402112038,371.517581593415,367.1177997741428,369.3665771484375,5641586.0
2019-01-24,369.54255531741006,372.9841574888062,367.3328776736052,370.14874267578125,2954782.0
2019-01-25,371.1460179818859,381.58817099632995,370.0118425200002,379.1242980957031,4310008.0
2019-01-28,380.5321886172366,383.2698302619649,376.9732640272261,382.409423828125,3029930.0
2019-01-29,382.4876720347594,389.0775574495935,375.87821293919154,386.5745849609375,4733138.0
2019-01-30,398.1313345398924,404.77989317169806,391.6783217501987,398.28778076171875,14053348.0
2019-01-31,398.75710310283137,400.1454977874852,385.9097498120279,393.1253967285156,9058428.0
2019-02-01,395.2373185158486,410.64634322895955,395.19821888844155,408.2411193847656,6460222.0
2019-02-04,408.69077858025975,413.69677084957243,406.8526669020561,408.6125793457031,4133944.0
2019-02-05,410.06244384357854,413.3930991447447,408.1032348428925,410.55224609375,2368564.0
2019-02-06,411.82568877413496,417.2918621801511,409.5138128292201,413.4714050292969,2331000.0
2019-02-07,413.7848689090746,422.32703779785976,413.7848689090746,416.48858642578125,3251088.0
2019-02-08,415.3522861750066,421.62175464557276,414.58821383805576,418.663330078125,3733802.0
2019-02-11,418.52619767826263,424.7564915768825,416.52781415703515,422.9344177246094,3157886.0
2019-02-12,421.621894372522,422.5623245212184,412.51156998203766,414.8822326660156,2788882.0
2019-02-14,419.27072940832767,419.27072940832767,414.19639718997786,415.8617248535156,1970720.0
2019-02-15,417.7816532378883,418.2322808152417,408.1031811800542,414.2746887207031,2492120.0
2019-02-18,415.66583746363176,420.0544468802246,404.57669440655957,409.984130859375,2550698.0
2019-02-19,410.6503068998242,411.9041818337888,406.0853392461742,407.1433410644531,1837440.0
2019-02-20,408.43628874562296,415.940068746837,402.0296849121571,414.54901123046875,2558354.0
2019-02-21,415.3521978739556,415.93996041811687,408.53414279523736,412.76605224609375,2603154.0
2019-02-22,409.16115986947347,419.4666176230988,409.0828106478423,417.7621154785156,2844492.0
2019-02-25,419.50586429682016,425.1483963587235,416.50826465466,424.0708312988281,2340940.0
2019-02-26,423.4242002045021,429.43896170966497,413.37344940112433,414.9016418457031,3726370.0
2019-02-27,415.3522753476215,417.7033259627967,406.73175642531237,415.4894104003906,3325110.0
2019-02-28,419.25116056301397,419.25116056301397,410.53267956087916,412.9621276855469,6661660.0
2019-03-01,413.39306653133707,415.90086342082026,408.9848466275669,412.45263671875,2295910.0
2019-03-05,414.4510218048116,415.2739277892152,409.5529996702542,412.4330749511719,2117558.0
2019-03-06,415.5874478537388,416.1360359987194,406.96692733399135,408.78900146484375,2807252.0
2019-03-07,410.4934505187839,411.6298012786733,404.38072814811125,405.37994384765625,2073614.0
2019-03-08,403.3619962137818,403.57748052458595,394.1928876697248,395.38800048828125,3176094.0
2019-03-11,394.58463590075166,400.36430162025124,392.23358543858234,393.56585693359375,4547588.0
2019-03-12,394.62389507125744,399.4827433007086,391.8614149694706,397.0729064941406,4902188.0
2019-03-13,399.1692415146441,408.69099235385306,397.36675490722433,402.95050048828125,6803340.0
2019-03-14,405.556255498772,407.73099658144804,393.44833453627166,394.4867248535156,3793832.0
2019-03-15,396.54396215097063,405.1056972218695,395.2900634162793,403.3228454589844,5207688.0
2019-03-18,404.41989953830273,407.4958480054468,396.5047145592793,397.03369140625,1690728.0
2019-03-19,399.71787534027555,408.299221716312,396.9749822961161,406.0265197753906,3242552.0
2019-03-20,408.29919782530305,413.1972208318446,404.1848584998082,406.71221923828125,4408802.0
2019-03-22,406.731800433824,410.65021854975674,398.8949642019584,401.5790710449219,5237090.0
2019-03-25,403.2052381675527,403.2052381675527,396.4851412983094,398.7578430175781,3055910.0
2019-03-26,397.0728974839537,409.0045095648469,396.3479996856802,405.3995361328125,3311446.0
2019-03-27,399.67866891112675,413.922109947538,399.67866891112675,408.74981689453125,2911690.0
2019-03-28,411.9824836224232,426.4610191940767,411.4338955286014,424.32550048828125,8627614.0
2019-04-01,427.10753391702895,438.8627871441031,423.9924109447534,435.2382507324219,4617730.0
2019-04-02,434.9443467970492,438.86276433576137,428.08711610430294,432.0447082519531,2787844.0
2019-04-03,432.0448682788092,444.07444327768593,427.7150439941382,439.0980224609375,5296628.0
2019-04-04,438.0791575998202,438.0987688238487,423.7769310771069,430.2619323730469,8444208.0
2019-04-05,427.2447622110564,432.84811993837286,425.3443387577246,428.2048034667969,3409044.0
2019-04-08,429.06678727653986,431.4178381657263,423.5613906447936,429.59576416015625,4027848.0
2019-04-09,429.5957088213907,442.330566164032,429.536922990283,438.13787841796875,6500982.0
2019-04-10,438.8627894961974,440.9395700436769,429.536936086504,430.51654052734375,4826866.0
2019-04-11,428.00880425495166,431.4569832907242,425.14834006905267,426.65692138671875,3035580.0
2019-04-12,426.63734636472594,431.3590110830327,421.8568479811115,424.54095458984375,2839484.0
2019-04-15,426.7156931801283,434.16068690870725,425.1483260793749,432.2994384765625,3868302.0
2019-04-16,434.7484147703252,437.3933465411226,431.94673673555025,433.7884216308594,2401182.0
2019-04-18,434.16076692458654,440.39106186477517,427.30353459500145,432.0644226074219,4055238.0
2019-04-22,432.39743062828575,436.62934124354746,429.06677529494596,431.4570007324219,2230516.0
2019-04-23,432.04472684364646,435.7084378335496,429.6936762192491,431.80963134765625,2135528.0
2019-04-24,432.2016028086194,447.5226110751834,429.7917656290456,446.2882995605469,5681646.0
2019-04-25,447.0914208373397,451.1665844587474,442.40893122439456,444.23095703125,5361098.0
2019-04-26,446.6995839702375,458.3960503524831,444.7403752686136,446.60162353515625,3465934.0
2019-04-30,446.7192826597951,465.3513323611308,446.69967143604146,463.6860046386719,8310400.0
2019-05-02,458.4549287971437,462.56926790173344,453.1650642340997,454.5561218261719,4226194.0
2019-05-03,448.2669143279069,450.2849086922471,441.31172400507444,447.8946838378906,5710316.0
2019-05-06,446.66055917886354,448.4238476017567,442.0172425650303,445.1519775390625,2827130.0
2019-05-07,445.6612232698229,450.618031179244,437.2954111269881,443.4669189453125,4689204.0
2019-05-08,443.564953295656,446.69968794792214,439.80328127938765,443.800048828125,2987822.0
2019-05-09,440.62600391718337,448.6587589908181,434.9834737136456,445.3672790527344,4962690.0
2019-05-10,435.336229392877,435.336229392877,420.3678921236096,425.7948913574219,15535450.0
2019-05-13,426.4414587391036,431.319870115343,422.4054689841833,424.619384765625,3368062.0
2019-05-14,424.61931075833326,424.61931075833326,414.1767188297162,418.4281921386719,4388014.0
2019-05-15,420.4267061659971,425.73618252225674,416.46911293127545,418.2715759277344,3240598.0
2019-05-16,423.9442661833196,424.16015496054405,414.58130649290155,420.9410400390625,2226902.0
2019-05-17,422.040293593562,422.8058002469204,416.03384105076503,417.1919250488281,2780046.0
2019-05-20,418.09486064165856,425.4753336884673,412.69692230004085,421.451416015625,2380474.0
2019-05-21,420.607405096738,421.62809667747047,413.2465793865866,414.6009521484375,1613426.0
2019-05-22,414.9542876593242,422.0206804482247,413.6587631458752,416.52459716796875,3424864.0
2019-05-23,417.7023054965179,420.4503469800476,412.3043668681559,418.6445007324219,3884200.0
2019-05-24,420.4503387266667,421.62807076791785,413.8157719765439,418.4678039550781,4340468.0
2019-05-27,420.8429147024189,424.3761108146594,415.42532816150117,417.7807922363281,3164414.0
2019-05-28,420.45041439297,427.88973729020756,414.26732006366166,420.5682067871094,10631688.0
2019-05-29,420.6073387928513,429.87215370846235,419.3510626497975,425.9463806152344,4354812.0
2019-05-30,427.1241940381409,431.1873603804736,419.27264635361627,423.27691650390625,4745448.0
2019-05-31,425.94636163335446,431.59948422008387,424.00312320761907,428.91033935546875,4255094.0
2019-06-03,431.38352572858196,439.293967343344,426.79039081525184,437.8021545410156,3400394.0
2019-06-04,436.70297523485266,437.0955525142939,424.3760390759912,426.280029296875,4128970.0
2019-06-06,427.9092262628543,432.2864724278391,422.2365038541451,423.66937255859375,4701806.0
2019-06-07,425.1612495608646,426.81005518259036,420.54846592066133,423.82647705078125,3272806.0
2019-06-10,426.69225650272364,432.5416675767637,424.5330814562145,428.38031005859375,2056008.0
2019-06-11,431.83503110484594,438.4891971880571,429.4403191531258,434.9364013671875,6485078.0
2019-06-12,434.583158598323,435.76089073544586,428.41971291619757,435.0149841308594,3136202.0
2019-06-13,433.01284895625946,434.2298292465239,429.0870751669915,432.1884460449219,3951850.0
2019-06-14,429.1262488768512,432.75758900196934,425.5538049327636,426.7315368652344,3467872.0
2019-06-17,425.55379764265416,427.0063144990045,420.6465813414243,421.9813537597656,2487348.0
2019-06-18,421.98136048973385,429.5384737141524,421.883216162144,427.7522277832031,1412162.0
2019-06-19,427.948634678978,430.500387901354,423.119961180634,425.5931701660156,2437878.0
2019-06-20,420.0577803421382,428.30190500305866,418.35007838964157,426.8689880371094,1895088.0
2019-06-21,428.89064123350846,428.94953740481094,420.50912661623386,422.5112609863281,4695110.0
2019-06-24,423.59094413610086,425.5734788451267,419.3118416035158,423.15911865234375,1350104.0
2019-06-25,423.15914738731004,424.41537577482467,416.190899223286,423.5909729003906,2203934.0
2019-06-26,420.9213668200605,428.94960145228913,420.9213668200605,423.4927673339844,3277734.0
2019-06-27,421.74589677597044,425.5735262152981,416.1123730584022,417.21160888671875,2776050.0
2019-06-28,420.332491867276,422.39352267230026,415.6215643129349,417.9574279785156,2829874.0
2019-07-01,418.9781630084358,420.0185025361298,411.1658644159533,411.8528747558594,2467696.0
2019-07-02,413.3839167756854,417.9574521249898,409.45814358693247,416.1319580078125,2014050.0
2019-07-03,416.52455367459294,417.9967186852242,411.26400778552977,412.6772766113281,1213340.0
2019-07-04,411.69583024996246,412.67727358318166,405.84646632160644,408.5748596191406,2553038.0
2019-07-05,409.81153338373537,411.81366842177766,397.5434903540113,399.0156555175781,2514352.0
2019-07-08,396.8957471353628,410.5574596773863,396.52279381716556,407.9075622558594,4008224.0
2019-07-09,405.70900988607264,411.3425327337769,395.7179363175055,400.7232971191406,3205934.0
2019-07-10,398.0734620896151,406.31758704413375,397.7201328642985,399.9971008300781,1731600.0
2019-07-11,403.4910158254548,403.4910158254548,398.48563069750367,400.7429504394531,1550706.0
2019-07-12,398.8781537755671,404.2368194486104,396.1104886520155,401.95989990234375,2903286.0
2019-07-15,406.10162341346705,407.4952921846487,400.4288998346259,403.37322998046875,2633206.0
2019-07-16,405.10051466804555,405.1986589904323,397.85745888369854,400.29144287109375,3450502.0
2019-07-17,402.1562298042948,409.4581586190379,400.78220913778796,408.5748596191406,2291110.0
2019-07-18,405.6894685662123,407.1027375306082,398.8586126625824,399.85968017578125,2608300.0
2019-07-19,401.9991665660031,404.6687114502945,396.18902715393233,398.7015075683594,2139624.0
2019-07-22,398.7015142069641,403.27504954183354,393.8531939185636,400.01666259765625,1902156.0
2019-07-23,400.68410392974386,402.76473524611157,395.3843094128556,396.8760986328125,2011658.0
2019-07-24,396.4835263785279,402.3329149145703,393.1662427533077,400.93927001953125,2384560.0
2019-07-25,400.860742196357,403.43214313401535,393.7551013966387,397.01348876953125,6042040.0
2019-07-26,395.6001228491684,397.32744847399886,391.55658172891066,393.1465148925781,2332384.0
2019-07-29,394.54020142773396,401.99917040994984,394.1476241128805,398.64263916015625,1825826.0
2019-07-30,398.46603774496197,403.314358767598,396.81720796898543,401.8421936035156,2134474.0
2019-07-31,401.4102632951089,407.45596290860516,393.7353823685644,406.1408386230469,3714036.0
2019-08-01,404.02098624699676,409.2422362088413,398.5052553528646,401.0373840332031,3490012.0
2019-08-02,399.2511545640888,399.6044837543054,389.82929840918405,396.69940185546875,3544858.0
2019-08-05,393.9120496219243,399.25109100872623,391.43879360615523,396.93487548828125,2687280.0
2019-08-06,396.9350043710814,407.10276873884266,393.8336572500706,402.0777587890625,3174832.0
2019-08-07,402.4506510682709,410.5966304964425,399.0352235760627,401.4692077636719,3967844.0
2019-08-08,406.6904759986248,429.8721870827231,403.58915335182314,427.2222900390625,12493298.0
2019-08-09,425.8679210945441,432.79687286475684,423.11987969199976,426.456787109375,5645698.0
2019-08-13,428.6550700447776,428.6550700447776,419.01728026116643,421.0390625,2507610.0
2019-08-14,420.50820774262274,426.1128860604448,415.9064430536812,423.2613830566406,2803920.0
2019-08-16,423.5564158471458,423.5564158471458,413.173000984488,417.9910583496094,3108220.0
2019-08-19,419.1119221865362,423.9693003071888,415.9851209541117,418.5023193359375,1682212.0
2019-08-20,420.01652299603825,429.0233479899756,418.9152337871973,426.34881591796875,4282308.0
2019-08-21,425.93586870074506,426.1718935662003,419.2889552603284,420.9015197753906,2555246.0
2019-08-22,421.0391368059804,427.27310227921623,415.35581595750324,424.34295654296875,2580980.0
2019-08-23,424.3823224219469,431.6388869510403,423.83167773956757,427.52880859375,3319154.0
2019-08-26,429.3379819503343,431.06855875934514,418.34496628513887,429.8296203613281,2314884.0
2019-08-27,432.2484602177075,432.64177091854253,418.4039427529382,429.92791748046875,6604388.0
2019-08-28,431.4618495094923,444.4411029587295,429.61330837437697,442.0615539550781,6985284.0
2019-08-29,437.7548817749979,442.74990928963615,436.5749494791084,439.62310791015625,2948038.0
2019-08-30,438.8168214151499,438.8561909027084,426.0342209668728,432.7795104980469,6738070.0
2019-09-03,435.3950349205797,444.6771597574036,433.76278557579013,435.9259948730469,4086894.0
2019-09-04,437.4991426358426,443.8511199719129,434.1756864627414,442.7301940917969,2425690.0
2019-09-05,442.6515528973855,442.6515528973855,434.1167290484652,437.34185791015625,2775294.0
2019-09-06,438.7381775448537,440.96039306660157,431.44224333040313,432.7991943359375,2075686.0
2019-09-09,433.4284547985823,433.4284547985823,425.1689288904423,426.5061950683594,3521728.0
2019-09-11,427.92206427059375,430.2819285956154,413.99885515065347,416.0047302246094,5325506.0
2019-09-12,415.72950751474735,418.65965371313195,412.1897103835905,414.903564453125,4064734.0
2019-09-13,414.90354653392427,420.84252963960864,414.51023575856016,420.2525634765625,3091588.0
2019-09-16,420.8424830919671,424.36259493750333,415.7294435777656,420.80316162109375,3888868.0
2019-09-17,420.44926858972457,420.44926858972457,411.61945984314843,415.2772216796875,3815108.0
2019-09-18,416.7718064630967,419.6429465487907,413.2320091982007,416.2998046875,2572672.0
2019-09-19,416.1228037986889,416.1228037986889,405.99505124876805,412.7993469238281,3762272.0
2019-09-20,413.762925275304,418.3056838211192,407.98127622751014,412.622314453125,5736082.0
2019-09-23,418.0894092335925,418.0894092335925,399.99711118585475,406.2507629394531,4733492.0
2019-09-24,402.43560933297954,413.64494295928614,402.35694237300066,411.9537353515625,5614452.0
2019-09-25,412.7796473275827,417.69603188365204,410.69508107118213,414.49053955078125,4312820.0
2019-09-26,414.5496083273407,415.15925930892274,406.38840873266105,411.0688171386719,6062076.0
2019-09-27,411.2064516921462,414.3922596495698,406.7226988576072,409.45623779296875,4458334.0
2019-09-30,410.6164619829366,431.2652783182854,410.24283593959194,425.0116271972656,8559586.0
2019-10-01,425.1689804781981,425.1689804781981,414.23492088754307,416.73248291015625,4190696.0
2019-10-03,416.1227676086531,428.7087114304649,414.60853084490446,423.51702880859375,3435302.0
2019-10-04,423.20252925711316,425.4837516863671,418.73846013538895,424.4217834472656,2694188.0
2019-10-07,427.0371262775543,429.10200761576033,420.40985006105353,422.57305908203125,1910498.0
2019-10-09,420.86229655492633,422.3961704690746,409.10229247312475,413.4090270996094,3750540.0
2019-10-10,413.3893409404793,419.3086397507988,409.5938820686238,418.2860412597656,2707552.0
2019-10-11,412.97637105485035,428.70880423789225,412.18974939569824,424.57904052734375,4312780.0
2019-10-14,425.7195878015543,432.56320481394454,422.41576772541055,427.4501647949219,2781204.0
2019-10-15,428.3546908813764,432.307482778923,424.55923287242774,426.54547119140625,3002070.0
2019-10-16,428.3155020755501,435.395097151179,425.9949585317786,432.99591064453125,3018788.0
2019-10-17,432.6418463556924,433.50711084377633,426.5652141728694,429.9083557128906,1552278.0
2019-10-18,430.6555166074412,434.7852788121324,428.0793604200212,430.8718566894531,1647630.0
2019-10-22,428.7873274491609,431.02922735858107,413.56622180008793,418.6595764160156,5502486.0
2019-10-23,420.8425381618105,434.195420051195,420.05591659515295,430.73431396484375,7829074.0
2019-10-24,454.3131596736049,455.847080937397,436.771512839499,440.13433837890625,13502160.0
2019-10-25,440.9014841598693,447.29278578127685,431.8946556572311,446.0342102050781,4587220.0
2019-10-27,447.58767882409956,448.23665122962973,442.513960033006,444.6378479003906,303910.0
2019-10-29,444.7951795887721,450.67515666259237,443.63488395765415,448.2759704589844,3218206.0
2019-10-30,452.30734313472516,452.30734313472516,447.6662572788041,451.0290832519531,2441752.0
2019-10-31,451.4231289306063,460.9775787465061,448.586363068808,458.12109375,5848998.0
2019-11-01,456.60421548177123,459.79558912913,450.4972475027639,453.8856201171875,2131710.0
2019-11-04,457.0573116996439,459.5197987285514,453.90532830264226,455.4222106933594,3022168.0
2019-11-05,455.5010665055051,457.2740574600598,450.4775921342668,456.52545166015625,2878100.0
2019-11-06,457.0375644062159,457.05728353941214,449.63038464145365,452.4474792480469,4576658.0
2019-11-07,452.7036565930089,454.75242674932997,447.62107328370934,452.4869384765625,2538638.0
2019-11-08,452.4475579977379,458.77124463719144,451.5610625676531,453.1370544433594,4026580.0
2019-11-11,453.0976335114473,454.5554066593469,445.296455018026,451.5019226074219,1906640.0
2019-11-13,453.0976039331815,455.5009816045199,447.06941657310836,448.60601806640625,3378350.0
2019-11-14,449.7486288094859,456.01320540016656,447.22703248485004,452.2308349609375,2540924.0
2019-11-15,453.47194779877395,456.95886833628543,449.1576892324863,450.06390380859375,3061712.0
2019-11-18,452.30972141202756,452.9794987996276,448.684958910673,449.59112548828125,2484314.0
2019-11-19,448.7636249626549,450.53661557927643,444.685756163515,447.04974365234375,2365020.0
2019-11-20,447.18769915358985,448.25147444202844,443.4447184117757,446.3209228515625,2225036.0
2019-11-21,448.6060195171162,452.5066085218097,445.8283630543344,447.8180236816406,3876184.0
2019-11-22,445.394946338758,447.16793704608364,436.9239907370913,439.2091979980469,2597928.0
2019-11-25,440.0956556697929,443.68102695186303,435.78139788954354,443.1491394042969,1693202.0
2019-11-26,443.8386080410076,446.9905910541706,432.7869483629275,436.5693664550781,6459924.0
2019-11-27,436.94358752990496,446.9511418949434,436.94358752990496,444.5280456542969,3354312.0
2019-11-28,448.7636877929367,450.49728847988456,443.444715198376,446.2618103027344,2413116.0
2019-11-29,447.5815901973097,447.9164787751115,443.2870037004474,444.2917175292969,2387702.0
2019-12-02,448.7636583580464,448.7636583580464,442.6566902241134,443.36590576171875,2995916.0
2019-12-03,445.19798512315435,445.61170222812643,441.67172254441175,443.0704345703125,3567662.0
2019-12-04,444.0355768529959,445.2175704027377,439.8788802982277,443.444580078125,5903136.0
2019-12-05,444.27206715179426,447.30588014451735,439.0319234114661,441.9869079589844,2683884.0
2019-12-06,444.3509746840441,446.83313328847123,440.2139955812054,441.51416015625,1659752.0
2019-12-09,443.28707942457635,443.7992959925562,431.0337529230926,435.01312255859375,2192234.0
2019-12-10,435.01313323287934,437.25895043745356,426.9361751417052,429.0243835449219,1628853.0
2019-12-11,429.4577200775925,433.3189188173867,425.0843529142405,428.5121154785156,2387958.0
2019-12-12,431.27007326969544,431.66407115283886,421.6171251326817,422.6415100097656,2061911.0
2019-12-13,423.941801804029,429.45777320296617,422.9961970879776,428.0,2889796.0
2019-12-16,430.24564273433515,437.29821371326244,429.4970372167168,435.1312255859375,4590144.0
2019-12-17,437.7316481976272,440.4896333797904,435.36766089863005,439.504638671875,3852266.0
2019-12-18,441.27758133472116,446.7541609364453,440.48958565376626,444.9811706542969,4618387.0
2019-12-19,445.6116276205999,452.3095919614931,445.02063076699164,448.76361083984375,3465644.0
2019-12-20,451.91553113328325,452.1125300570554,445.6115655725749,449.0787658691406,3135806.0
2019-12-23,447.1876849722244,453.5310425144136,446.4390792285105,449.9062805175781,1591463.0
2019-12-24,450.7336838612939,451.2459004675005,440.7261256669607,441.71112060546875,2354963.0
2019-12-26,442.57790639708077,445.2176733638005,440.9230861874841,441.67169189453125,1848547.0
2019-12-27,443.60225871168166,448.36962382748885,438.9136739400901,447.2270202636719,2786795.0
2019-12-30,446.79363726976334,455.06759351549965,444.6266487292133,448.60601806640625,1800754.0
2019-12-31,448.4483044866779,450.33951328194246,445.2569317281769,447.6603088378906,1838808.0
2020-01-01,448.6849253121279,451.4429112117746,446.6754971088767,450.6943054199219,918373.0
2020-01-02,451.16705169211104,453.0976513037133,449.55166968481467,451.9550476074219,1075642.0
2020-01-03,452.30962314898017,463.7355631065763,451.40340867278377,461.0169677734375,3269446.0
2020-01-06,460.9775433097918,466.651122692694,456.60417623594213,458.6135559082031,3589985.0
2020-01-07,458.6135451349888,463.1445208815974,456.28894795894394,460.38653564453125,3179728.0
2020-01-08,459.401523643816,467.28148116772365,455.4615448818622,461.5685119628906,3593096.0
2020-01-09,461.7656344611462,463.4598450203041,456.44666170924734,457.2740478515625,2313648.0
2020-01-10,458.6135668322106,464.7599246036558,454.98880530161284,457.3133544921875,2049636.0
2020-01-13,460.15013580264025,464.9175005536352,457.82553868078315,462.1595153808594,4096054.0
2020-01-14,462.71115709545586,470.7487241128066,462.6717669233775,468.305908203125,3395378.0
2020-01-15,470.4334810539499,471.4578659497186,466.2571130355416,469.448486328125,2348102.0
2020-01-16,470.43362276291873,471.4580079672636,462.3566635781283,467.4786376953125,2107442.0
2020-01-17,460.97744599056193,474.37337177148424,460.97744599056193,471.8517761230469,4555694.0
2020-01-20,486.981449973649,486.981449973649,460.2683706155547,464.3265686035156,10272118.0
2020-01-21,464.3660132462326,467.4786069317045,458.8894316622439,460.2290344238281,2640668.0
2020-01-22,461.13516171354655,468.8575111008235,458.21956757164514,465.42974853515625,4402650.0
2020-01-23,464.9962409714171,472.7580274342812,462.55347355199325,471.97003173828125,6089397.0
2020-01-24,473.59087975893675,481.4972383525751,470.8236542511633,480.46942138671875,3551260.0
2020-01-27,480.46949076410004,480.70667190484033,475.7651970702922,477.8208312988281,2450421.0
2020-01-28,480.15312382829046,480.19264596797376,468.530767623129,475.5279235839844,5330709.0
2020-01-29,478.33461181197987,483.4737440050011,476.1208414416856,481.3785400390625,4281329.0
2020-01-30,483.8691402582625,485.3317972783056,477.26735021260066,480.5879821777344,3334901.0
2020-01-31,480.58810838209854,481.4183148479801,466.15900032871946,467.5821838378906,3590768.0
2020-02-03,467.58213028860615,469.3610612147449,456.59227104226886,457.8572692871094,4024193.0
2020-02-04,460.940721178502,465.882195462148,460.5454032358103,463.70794677734375,3246094.0
2020-02-05,466.0007457193981,473.195511979021,463.31256477812246,470.90264892578125,3006324.0
2020-02-06,473.5513407535469,484.65976453070766,472.8002270625827,474.1443176269531,4704968.0
2020-02-07,475.6860840888842,481.6553751757645,473.7094944404746,480.46942138671875,2865379.0
2020-02-10,481.4183120346619,483.5134686214174,475.68620064969366,478.2557678222656,2286213.0
2020-02-11,479.12534270741605,485.2527707700934,478.8881615950164,482.80181884765625,2458748.0
2020-02-12,484.6599216571348,490.58969231362505,482.5251945694789,485.52960205078125,4873027.0
2020-02-13,483.8692407633316,485.41099064257253,477.5836747981757,484.22503662109375,2090363.0
2020-02-14,484.2249200646901,492.7637773126545,484.06678324857234,491.498779296875,3650630.0
2020-02-17,492.5661575511914,492.96147549465144,484.1458660528589,485.0155944824219,2190578.0
2020-02-18,485.0156868665793,486.8736622521084,478.4534174065008,479.9555969238281,5237465.0
2020-02-19,485.8062459454863,488.8106527607942,477.5440910109497,478.9277038574219,3799862.0
2020-02-20,483.07857103351023,484.6203208051478,478.45336997518683,480.7461853027344,4820313.0
2020-02-24,480.70658720217483,481.4972230363889,467.66109593764213,470.54693603515625,4070143.0
2020-02-25,470.82370994400947,470.98184678590457,454.6156729098328,460.50592041015625,5525575.0
2020-02-26,456.1178479120169,465.72404467760924,455.0109384030165,461.4150695800781,5460070.0
2020-02-27,460.22912814575994,460.466357515904,449.0811814992058,453.0738830566406,4078174.0
2020-02-28,442.7562145979515,445.9187589879369,419.9859046413764,422.47637939453125,7894806.0
2020-03-02,427.7734991900097,447.38125780274476,425.2434549239773,434.6125183105469,8175982.0
2020-03-03,439.59359453277074,449.67420304049165,438.8029585713809,446.74884033203125,4682284.0
2020-03-04,449.8718021034422,454.931890884919,443.5467152548876,445.20703125,5175180.0
2020-03-05,449.0812337233413,460.07109307660147,445.246668547882,455.72259521484375,6061347.0
2020-03-06,450.6624572675762,453.78547868416854,442.4003025663536,447.6580505371094,3288548.0
2020-03-09,438.8029060277707,441.1748136279208,424.1366203514926,427.2991638183594,3699776.0
2020-03-11,416.4674491476966,429.03857892294235,406.3868416932435,424.413330078125,4850031.0
2020-03-12,411.9212559274526,417.2975697700074,384.5257300086073,390.0601806640625,5321388.0
2020-03-13,363.6925489867811,408.95645861611416,313.0523243715702,389.7044677734375,6859998.0
2020-03-16,370.8081947583437,379.3470518519959,353.2956163987196,356.3395690917969,5281571.0
2020-03-17,355.7861098663978,378.3982985635646,350.52838662403013,356.3000183105469,5148153.0
2020-03-18,359.7393440417881,367.4875664159862,339.2223322412742,343.3336486816406,4936397.0
2020-03-19,331.1973789813141,343.6103724611572,296.68612622002036,326.888427734375,9270044.0
2020-03-20,326.92794387454444,365.234262790001,325.6233994682973,351.75390625,11916337.0
2020-03-23,328.113858550749,351.0422968591146,316.6101172576953,329.813720703125,9525470.0
2020-03-24,326.5327027908828,362.78337207892014,325.62347611966715,349.50067138671875,9915953.0
2020-03-25,341.5546707799595,370.01756001162283,330.2881104590928,361.7949523925781,11976272.0
2020-03-26,364.5622289456012,369.0293170851944,348.7495104845323,353.96771240234375,9504717.0
2020-03-27,355.98393082781405,361.67652082774123,332.4625050818341,340.4874572753906,9150873.0
2020-03-30,324.16076514487617,346.81248207873085,324.16076514487617,331.2764892578125,6325701.0
2020-03-31,342.5034878510739,355.3117751904323,336.25744482318976,345.03350830078125,6381806.0
2020-04-01,342.3453462370803,342.50348306910746,322.7375854803615,326.96746826171875,8136746.0
2020-04-03,331.1973930957466,338.8665714265525,315.7009237218434,320.8400573730469,8166356.0
2020-04-07,336.0202787838128,362.071742990252,336.0202787838128,356.6954040527344,5972948.0
2020-04-08,356.5767943442777,376.9751911099945,354.9955225290037,366.14349365234375,7991061.0
2020-04-09,380.0587063317624,380.29588746264596,365.27380458990115,370.8477783203125,5069225.0
2020-04-13,371.59880809294873,372.38944385484865,358.9486359025505,362.308837890625,2236731.0
2020-04-15,371.5988431686521,381.08647320700067,365.82721121330644,378.51690673828125,6333188.0
2020-04-16,373.97083063836067,376.3427386550945,361.0834733987589,363.4949035644531,10484842.0
2020-04-17,371.59879731582066,375.5519760106698,358.67189815800634,359.9369201660156,4706460.0
2020-04-20,362.11124605219413,374.4451710490629,358.5533844643451,371.598876953125,4800719.0
2020-04-21,362.1112385448587,367.6061676457102,354.0862890665209,360.29278564453125,3405204.0
2020-04-22,358.1581141878823,371.16408626390427,355.78620614690294,365.590087890625,3768051.0
2020-04-23,367.6457417151198,380.0982587732126,365.59008327987067,377.68682861328125,3052968.0
2020-04-24,379.50527362127997,392.8670169710367,367.7643243929625,370.0967102050781,6738184.0
2020-04-27,374.04978852103386,384.0118040728843,369.42456442964374,381.9561462402344,2914569.0
2020-04-28,386.62107099142617,386.62107099142617,371.1641441644591,372.46868896484375,4262237.0
2020-04-29,375.3939086282252,396.1085784710417,371.7570028590691,388.7951965332031,3849090.0
2020-04-30,400.45712930054754,447.10465275312856,396.1086313515781,429.75018310546875,8035267.0
2020-05-04,417.06042863236627,417.06042863236627,401.80116572898237,406.5845031738281,7032527.0
2020-05-05,415.87447154277027,418.95797076748914,407.6914095137164,411.4469299316406,4592828.0
2020-05-06,404.9637990822541,416.4280219380693,400.2199827281237,410.4191589355469,6921533.0
2020-05-07,419.037046521014,428.3665409243152,401.2872600878157,404.6079406738281,19998641.0
2020-05-08,411.80271159367953,413.1072802022166,397.21549292284567,409.8656921386719,10120968.0
2020-05-11,415.8744082609359,422.9110858022023,412.079366277931,417.0998840332031,4425540.0
2020-05-12,415.4396954626242,426.94343960054266,411.1307196153374,416.9814453125,6439945.0
2020-05-13,426.8247446947627,426.8247446947627,412.35611827837096,418.0487060546875,3502017.0
2020-05-14,410.6562820379494,417.0999352967313,406.6635323683524,409.1145324707031,3741672.0
2020-05-15,409.50994814161055,409.50994814161055,399.46886074373947,404.2126770019531,4895121.0
2020-05-18,406.94034351093393,410.06336524452405,401.24775487420845,403.81732177734375,5159655.0
2020-05-19,404.8055656054028,411.52597050314876,400.2198872088459,409.7470397949219,3966934.0
2020-05-20,407.21707808357536,417.96975705829567,407.17755593334715,416.467529296875,3138708.0
2020-05-21,418.87891070935416,424.9668170892055,413.81886965517504,422.8716125488281,4523685.0
2020-05-22,421.92286868515976,422.9902078509343,413.502577020633,419.3533020019531,6410434.0
2020-05-26,419.03699743838706,424.176130425839,411.3282979572092,414.2931823730469,4055691.0
2020-05-27,418.7998825287528,422.1205632506489,407.9681600995967,419.7881774902344,4828798.0
2020-05-28,419.82773661652556,431.6872771989133,413.5026483059188,429.0386657714844,4492767.0
2020-05-29,426.9434958097882,438.8030373600601,424.334406320048,435.0475158691406,7853755.0
2020-06-01,440.38419245608736,453.35064040554346,439.198238616439,442.5584411621094,4503261.0
2020-06-02,442.20265398516426,448.8835370634943,434.8497496872248,442.91424560546875,2930058.0
2020-06-03,445.9186518908373,449.39746918694635,440.3842005375822,444.9698791503906,4202273.0
2020-06-04,446.7094163133122,461.4943216904002,441.9655995029053,457.7388000488281,5315353.0
2020-06-05,462.5220675546145,464.22195428501635,452.63911739319116,455.3668212890625,3995824.0
2020-06-08,457.89680279739815,461.33604967485917,451.49262302533805,457.1852111816406,3771973.0
2020-06-09,453.94360620792037,461.4150766094544,450.66244802928406,452.9157409667969,3812291.0
2020-06-10,454.6157440430079,464.4986950004646,453.50883423313417,457.5411071777344,6491708.0
2020-06-11,458.5688493576711,462.4429848014317,453.90407796674214,457.027099609375,4975680.0
2020-06-12,438.960994375363,457.54093519131237,438.960994375363,451.25537109375,6624056.0
2020-06-15,454.4576407856567,459.3595944743971,445.68159898904406,457.7388000488281,3787100.0
2020-06-16,462.52210619927615,469.24251287054767,457.3039273806922,459.280517578125,4728405.0
2020-06-17,458.5688476803672,460.03150487464336,453.03439607043174,455.2876892089844,3572351.0
2020-06-18,451.6113700020526,461.573366001267,450.741641299518,457.7388000488281,1918229.0
2020-06-19,453.82503943818506,456.98758326702256,448.4487245804791,450.3462219238281,6182627.0
2020-06-22,454.6156753953944,455.9202440274256,447.02558950882,450.3462219238281,2666273.0
2020-06-23,450.4252504627511,461.3360154703741,445.7209575345731,458.7664489746094,4521803.0
2020-06-24,454.6156939106413,458.4107370084902,438.32861183143564,442.43988037109375,5339893.0
2020-06-25,440.858635700198,443.30963637314443,433.2685490343507,434.88934326171875,6353371.0
2020-06-26,434.88933323807515,453.7460312728637,430.8966309875822,444.6537170410156,7034875.0
2020-06-29,444.3374463627534,447.4209461650611,435.0869952124237,437.7751770019531,3857610.0
2020-06-30,441.1748450966358,443.38861603003267,437.41932446185257,440.2655944824219,3110587.0
2020-07-01,441.13538198568364,442.4399024794409,435.64045193339024,436.2334289550781,3004648.0
2020-07-02,438.8028096973838,452.55989006079585,437.1424940444013,450.02984619140625,5243652.0
2020-07-03,452.24375384269064,459.00368142101473,451.13684423344756,457.8968200683594,3735570.0
2020-07-06,457.8969030635221,465.6846491153594,456.3946752153501,457.5411071777344,3288417.0
2020-07-07,460.15006659177436,469.99349261605926,454.73423029964175,468.095947265625,7255475.0
2020-07-08,470.2307567674279,470.2307567674279,453.034423922213,454.5366516113281,4625011.0
2020-07-09,455.1295898916478,467.7401943001793,454.6156572373533,465.0915832519531,4807930.0
2020-07-10,465.09150148738144,465.3286825720558,458.4501415770253,460.3476867675781,2376881.0
2020-07-13,462.52199205347756,478.33470973051953,461.2174235424877,476.4371643066406,5443990.0
2020-07-14,478.0184052543606,485.2527424278111,464.9729140119021,467.54248046875,6212718.0
2020-07-15,469.3611542102739,496.4799636060893,468.4519033652375,486.39935302734375,9928037.0
2020-07-16,498.1008003262209,515.6529334176084,480.03478266464936,496.3218688964844,20771204.0
2020-07-17,497.7052409769542,509.68339276695855,484.976023774854,492.6847229003906,26830157.0
2020-07-20,500.47255601053274,515.4946390503434,495.6101256186954,512.8064575195312,10543170.0
2020-07-21,515.494537009471,523.6775981639681,508.6159959594091,515.771240234375,8801061.0
2020-07-22,519.4478193791284,520.2384553294772,508.45796036664535,514.031982421875,3837958.0
2020-07-23,515.4990317207063,521.0109156640473,510.3836854940734,517.75927734375,3172594.0
2020-07-24,508.3614653679465,543.0981673609758,508.28217716924416,539.2517700195312,12365728.0
2020-07-27,542.4637550751635,558.6425180097796,536.5156875853042,556.0253295898438,11348828.0
2020-07-28,556.7391436539416,567.8818476029527,551.7427764048139,565.0267944335938,8469603.0
2020-07-29,563.0835664781292,563.6783730624371,549.2047461776119,550.7116088867188,7142681.0
2020-07-30,553.5667054259723,565.1059444038258,549.3237708139137,551.5443725585938,7966760.0
2020-07-31,556.6200842305251,568.3972858012153,551.9806113849605,559.2769165039062,6322671.0
2020-08-03,562.3698630849333,569.4282549669146,555.5890766936539,559.8717041015625,5546316.0
2020-08-04,562.6870324552108,563.8766456316488,544.8824789000907,549.32373046875,6683186.0
2020-08-05,549.3238796876287,557.0563674349368,540.0845288119797,545.9533081054688,6052220.0
2020-08-06,548.8081272606776,561.1800830217045,544.3669247837644,559.038818359375,5132907.0
2020-08-07,555.0736997786498,555.0736997786498,543.2568525293162,547.4601440429688,7371589.0
2020-08-10,551.1478387459681,551.1478387459681,543.3360158811213,548.847900390625,3769570.0
2020-08-11,550.394557927568,555.9064439452628,540.4811112790168,542.30517578125,3956468.0
2020-08-12,539.7671610177639,570.2212793023658,536.951752699524,568.7144165039062,13085350.0
2020-08-13,568.6353024626499,578.1522112904767,565.5026436257233,574.6626586914062,8850347.0
2020-08-14,577.2797326389748,577.2797326389748,560.9027025896432,562.369873046875,3887203.0
2020-08-17,563.9560806469883,571.6489242053048,562.4889100429135,570.1024169921875,3344102.0
2020-08-18,570.1816326703308,572.3625902657413,564.9869978969049,566.61279296875,3634301.0
2020-08-19,566.0973187527992,566.4145683354682,559.1182635834934,562.9646606445312,4858027.0
2020-08-20,561.8941231677634,567.7232100938958,559.9510780572198,563.1630249023438,3025569.0
2020-08-21,567.049184615648,567.049184615648,557.2943621697943,559.8322143554688,4164686.0
2020-08-24,559.9510800779416,561.8544810921794,551.6634294535914,559.6735229492188,4066936.0
2020-08-25,559.1182903300509,564.3129257576926,550.9496214432069,556.4218139648438,3982510.0
2020-08-26,558.8803674577506,569.2299940317755,552.773675848342,565.3042602539062,4511228.0
2020-08-27,565.8988806376628,571.014226094185,560.3077093549191,563.2024536132812,3917059.0
2020-08-28,566.0180474291539,568.3576300559671,557.6907538935583,560.2682495117188,5416681.0
2020-08-31,559.11818924941,574.9796981642868,544.0497557802769,550.7116088867188,7786675.0
2020-09-01,551.1875347726042,558.325215079012,541.1948017058303,546.9049072265625,6377322.0
2020-09-02,547.1427910025457,558.9595865678081,546.5082918964898,556.6993408203125,4090511.0
2020-09-03,558.9595357596315,568.1592395008664,553.2493831625687,560.5060424804688,5467610.0
2020-09-04,551.3064450151807,558.7216814680697,548.8478819583316,555.7872924804688,3354824.0
2020-09-07,552.2582173787787,564.9871204669196,546.4687747324434,562.1320190429688,4238823.0
2020-09-08,562.1320411656652,586.0036485533319,557.6908366498429,575.6936645507812,11522742.0
2020-09-09,564.7490897375835,579.6589490645263,563.2422752093437,572.5609130859375,5514179.0
2020-09-10,577.8745077365364,578.1124207158549,566.0973070026384,572.9177856445312,3366359.0
2020-09-11,564.6697995198382,582.1174618645523,563.2026290939563,572.322998046875,7221661.0
2020-09-14,592.4833515183469,656.1852333863926,591.8073832178569,632.2075805664062,32312474.0
2020-09-15,629.105982000855,644.0572302969298,622.7437445523108,630.418212890625,14024028.0
2020-09-16,628.3107135599508,633.2812116555457,619.721702558767,627.6744995117188,7471292.0
2020-09-17,632.2076801917037,650.1412297885697,627.8733956184414,642.8246459960938,19972637.0
2020-09-18,642.8244312510617,655.3103295190753,639.4047389967676,644.653564453125,8847382.0
2020-09-21,654.5151049468593,675.9081454115533,631.0146026850205,638.2913818359375,24911507.0
2020-09-22,647.3177279759648,661.2748728297951,628.708169144187,652.9244384765625,21882919.0
2020-09-23,661.6726587232744,671.8522283802445,644.2958180514163,647.4371337890625,18070370.0
2020-09-24,644.9718032749315,645.3296888293885,623.4992524877266,626.9189453125,10553627.0
2020-09-25,632.4460385109192,664.8536789627519,630.3385283661457,658.2528686523438,19813100.0
2020-09-28,666.7623519885865,671.8123573958607,652.7654036693554,664.2572021484375,11145837.0
2020-09-29,665.9672507576871,668.9097468623361,644.3356328666238,646.3635864257812,10554255.0
2020-09-30,650.5388455390865,652.5270449447684,641.870276714304,645.4490356445312,9470272.0
2020-10-01,652.0497861279981,652.8848200290296,645.1308436594212,646.5225830078125,4321350.0
2020-10-05,659.127749313177,667.3986769022293,648.23240864645,655.469482421875,11889998.0
2020-10-06,660.0819129093896,663.6606702685369,654.2763829014402,659.4059448242188,7848500.0
2020-10-07,660.0820548972191,660.5592032317417,654.5150978077245,658.53125,6980002.0
2020-10-08,681.9524279606613,699.0509436471386,671.6137905688379,675.6299438476562,25860257.0
2020-10-09,678.2940193338419,685.928684405127,675.4309835270974,680.560546875,7286954.0
2020-10-12,684.5765810322362,693.4439668361968,681.6738399933672,688.552978515625,8717550.0
2020-10-13,688.9507000053042,721.0004578159973,686.5648612322002,716.0697631835938,18948618.0
2020-10-14,718.9327672864454,724.2611503803104,701.4366158701823,708.15673828125,15441198.0
2020-10-15,715.7118581931951,718.6941565784604,662.8257668278245,683.9404296875,15648823.0
2020-10-16,683.1451880331399,697.4602210769076,652.6064314570957,657.8155517578125,28982990.0
2020-10-19,667.8758559327183,685.2925000897735,662.4679638946434,671.8125,15671485.0
2020-10-20,673.5620953000155,704.6177552801497,670.8978794037837,699.5677490234375,21563969.0
2020-10-21,700.6412513156666,709.1109975495044,683.9403815340219,692.7282104492188,11161929.0
2020-10-22,686.217101655206,701.477003291847,680.3447990777,692.08935546875,9607794.0
2020-10-23,695.8843317038915,699.4396632432303,679.5857583903174,681.0638427734375,5447267.0
2020-10-26,681.5031754048043,687.8148890319544,672.7546782303457,677.3486328125,6612856.0
2020-10-27,678.2674020168246,685.0584648994965,670.0781791288967,676.9091796875,5807904.0
2020-10-28,680.7042700920515,680.7042700920515,656.416210902433,662.8078002929688,6853002.0
2020-10-29,659.1325720231929,673.1141720358061,654.2989429144797,671.15673828125,6690978.0
2020-10-30,673.3538304165122,686.8560804617946,665.52414435338,672.6747436523438,8727274.0
2020-11-02,672.6747945192652,674.1927676257085,654.4987135721337,657.0553588867188,5953172.0
2020-11-03,661.5293748141972,664.7251688954252,649.0258109658135,650.384033203125,7011687.0
2020-11-04,648.9060314437622,672.514951684777,647.6276844869119,651.262939453125,10077502.0
2020-11-05,666.3231753863158,679.9851778221076,663.1673184599324,673.433837890625,8903859.0
2020-11-06,675.9104876078023,683.7401738107527,668.2406008710245,679.1861572265625,5871913.0
2020-11-09,692.5285344837789,697.3222253760487,676.7892396347042,683.1009521484375,7505062.0
2020-11-10,677.9078233847488,677.9078233847488,643.752773944916,646.9086303710938,10397497.0
2020-11-11,649.5451067211969,662.3282822532254,643.433131414368,659.9713745117188,9779484.0
2020-11-12,660.8501945810747,668.7198168871331,656.7355907780446,658.8927612304688,4699639.0
2020-11-13,657.4549415735421,664.2859435884993,653.6599350359036,661.6094360351562,3918289.0
2020-11-14,666.3229918735419,666.3229918735419,662.3282497160267,663.5266723632812,475390.0
2020-11-17,669.4788825757436,669.4788825757436,650.3440568982458,651.1430053710938,5977903.0
2020-11-18,654.3388692463234,655.0579424543719,639.3585837782299,650.5838012695312,5816221.0
2020-11-19,651.1430279309715,655.4973070116428,641.5556459246259,642.7940063476562,7170339.0
2020-11-20,650.3042174609589,657.9341667764319,642.3546692024909,654.5386352539062,7455575.0
2020-11-23,659.1325214901276,672.7146461753787,652.1417220197777,670.4776000976562,7116516.0
2020-11-24,674.2327411245601,685.0185471938292,667.4016916028611,671.5162963867188,8465615.0
2020-11-25,671.516136312587,675.9103525525861,657.135064981681,658.8927612304688,5610232.0
2020-11-26,658.4133825116675,675.1114242259089,654.8181145720029,672.7545166015625,8414555.0
2020-11-27,672.7147091538482,677.3486011980796,650.6237612538448,656.8156127929688,11723771.0
2020-12-01,658.3336536929088,667.6813621692517,651.2229915685571,666.4030151367188,8078785.0
2020-12-02,668.0408440828072,677.0689528706174,664.1659143888705,673.6334838867188,7062229.0
2020-12-03,677.9077294915118,690.2914299123938,673.7531879846211,688.8533325195312,9633229.0
2020-12-04,691.889268363015,693.3673032990934,682.6614247098062,685.8971557617188,5577388.0
2020-12-07,685.497869121584,687.0558285769232,679.4258795300499,683.3406982421875,5314265.0
2020-12-08,686.2968314641817,699.6392825271604,683.8999857198364,690.1317749023438,8722526.0
2020-12-09,691.9692666400405,703.0746701398735,690.3713696624498,695.5245971679688,5952003.0
2020-12-10,695.5247647674619,701.317142707008,691.0906093389457,692.48876953125,4641898.0
2020-12-11,695.8841712356616,704.5128056267814,683.2607941853245,688.8933715820312,5637035.0
2020-12-14,691.9693519413762,699.599349961103,685.5777632431016,697.4821166992188,5143894.0
2020-12-15,698.8402994314281,710.265253829095,695.0852315312853,707.868408203125,7527270.0
2020-12-16,708.067939619158,712.6618924008902,701.8361525549865,707.1091918945312,4378179.0
2020-12-17,708.6674576793521,708.6674576793521,700.677971121524,702.5554809570312,4863371.0
2020-12-18,714.8592880476906,723.0485115207152,708.3878236380041,711.5836181640625,11568187.0
2020-12-21,708.3878013956873,727.4427061534333,679.1063154644902,695.44482421875,8875855.0
2020-12-22,702.3955663570073,734.4333804733851,696.683065295395,730.0791015625,10251896.0
2020-12-23,735.0326166961654,747.0168441422985,730.87807476205,737.10986328125,10723068.0
2020-12-24,741.3843538314806,741.6240286556863,727.6024906542001,734.5133666992188,4390561.0
2020-12-28,739.0273480277228,741.0247192386086,729.8394404576485,736.470703125,3884750.0
2020-12-29,742.2233186246372,755.0064974168806,739.227261095205,747.736083984375,6760167.0
2020-12-30,749.4138128389756,759.0011963720968,743.8211724446548,751.5709838867188,6382809.0
2020-12-31,750.2525465019291,758.8811801733999,747.0168149706208,755.9251098632812,3468390.0
2021-01-01,752.6095112615482,763.3953163592455,752.6095112615482,759.4005737304688,3142822.0
2021-01-04,766.1916659496925,786.7246536116661,761.1183621197348,783.2891845703125,5259092.0
2021-01-05,772.7429605630139,795.5928670222547,772.7429605630139,792.0375366210938,7150252.0
2021-01-06,797.2708528500942,797.3507282070583,771.8642475493673,781.5315551757812,5995748.0
2021-01-07,789.3611427825729,789.5209422403791,766.5112344707618,769.0278930664062,5261000.0
2021-01-08,778.8950203051471,801.7449310722784,774.9801526059891,794.6742553710938,8034775.0
2021-01-11,810.9326468271263,846.1263637621564,805.3400078834909,842.970458984375,13384331.0
2021-01-12,840.4937506917529,850.9200667433321,829.8676975321196,848.5631103515625,6700542.0
2021-01-13,850.0812328576142,852.4780784389797,831.7054167338124,843.649658203125,6691409.0
2021-01-14,838.0971125980797,838.0971125980797,804.2216711914888,821.0794677734375,15021108.0
2021-01-15,837.0183930795873,841.1728861569959,786.1653029130197,790.7991943359375,23769415.0
2021-01-18,798.9484541159895,802.9032587166524,780.4927643314877,784.1679077148438,12947569.0
2021-01-19,789.36112700983,796.5516635919034,782.4502029003696,786.0454711914062,6387923.0
2021-01-20,792.3571297552754,806.6583265964914,789.0015364935659,798.3492431640625,7444118.0
2021-01-21,809.3789483211707,818.2027029609455,788.4827028071445,796.7850341796875,8857975.0
2021-01-22,795.5018049054243,805.3683596792267,787.2395695732138,790.76904296875,5379466.0
2021-01-25,799.7531671287517,799.7531671287517,754.8322269490023,760.0462646484375,7731883.0
2021-01-27,763.7361387412844,772.6802379023273,756.035426133344,766.4635009765625,7531736.0
2021-01-28,761.0889289543879,763.9767325498731,746.0885364109713,749.1768798828125,6960905.0
2021-01-29,754.8321359580142,761.6504921276669,729.564110152831,733.173828125,7692663.0
2021-02-01,737.1847629263898,749.0166184793433,719.0158261712672,744.6849365234375,8651478.0
2021-02-02,759.6451367580024,772.4796902829528,750.4603995997225,765.7816772460938,7690178.0
2021-02-03,774.8861346873359,780.7418896812885,764.0970788171454,769.9929809570312,6354619.0
2021-02-04,773.8433868547003,778.4558046199232,762.1719743016453,768.1881713867188,4623148.0
2021-02-05,770.7148025624095,773.2015262746473,754.0699936985943,758.9631958007812,4631703.0
2021-02-08,766.0624326398746,773.6027526079488,755.112934306649,768.2683715820312,6509526.0
2021-02-09,774.0839797206263,787.640495944267,759.3242241502696,763.3350219726562,7557977.0
2021-02-10,766.1025580612356,774.1642526898802,758.9633666069875,769.632080078125,4896963.0
2021-02-11,769.6319321748175,780.1001037232828,764.4980918568311,778.4155883789062,3745595.0
2021-02-12,782.1056766125668,791.3305127982534,768.1480787998123,770.3941650390625,8045740.0
2021-02-15,778.0948074501187,779.0975069442553,762.1318119194871,765.7816772460938,4643228.0
2021-02-16,767.6667665012037,771.878104561947,757.3188876822592,763.8966064453125,3277086.0
2021-02-17,763.6558567185489,768.7896971880242,754.8321020715908,756.5968627929688,3643176.0
2021-02-18,757.2386919510972,767.4662272502248,752.7064704502535,760.5275268554688,5133094.0
2021-02-19,762.0516535410411,768.4689306234919,757.5996773570786,762.1719970703125,5494816.0
2021-02-22,761.6505424809054,763.2147634975771,734.8182939885639,738.107177734375,5043203.0
2021-02-23,741.1955659748812,746.0085241954973,727.1978693579341,729.9252319335938,5916942.0
2021-02-24,736.3825174523233,737.5456586716591,726.3555223889747,734.7781982421875,3435827.0
2021-02-25,742.7196450878896,749.2572169084447,739.7115463778349,745.4068603515625,6234947.0
2021-02-26,728.3609066557748,741.9976196658498,726.0346242641995,729.5240478515625,9198218.0
2021-03-01,734.7781534875293,749.5780070915738,734.4974172268296,746.2891235351562,5397960.0
2021-03-02,749.0967570654296,768.388735493881,744.8854189732207,765.0597534179688,6715548.0
2021-03-03,774.0838839618136,776.4903623575499,759.6450135873964,774.284423828125,5742015.0
2021-03-04,763.6558539723056,778.0145287937825,763.1344307065243,768.4688110351562,6268541.0
2021-03-05,766.9447871442969,779.699144587261,751.0620365835808,755.2332763671875,5992152.0
2021-03-08,764.0571520079291,780.5014266705668,757.2387942209816,771.5974731445312,5621823.0
2021-03-09,773.3620594371547,783.6297416000949,761.3296653024,780.6216430664062,5440319.0
2021-03-10,790.6887163616299,798.2289871193344,785.8757588295026,792.9347534179688,7694950.0
2021-03-12,792.9348698631367,804.4057438739228,780.9826706524921,785.514892578125,6447010.0
2021-03-15,784.1109605144629,797.6273293547031,775.9690214939455,796.0230102539062,5321071.0
2021-03-16,796.5445662986318,817.2402763560943,794.4990688961976,807.975341796875,8094575.0
2021-03-17,811.7854756912944,821.3311940506894,788.2822103471598,792.0924682617188,6758901.0
2021-03-18,798.1488064479399,801.9590645691738,747.9336347920745,760.2467651367188,8269566.0
2021-03-19,762.0515056768191,777.2925357903555,752.1849538689893,770.43408203125,9004154.0
2021-03-22,770.4342575021174,788.0817700739565,757.7199974778055,785.11376953125,4745254.0
2021-03-23,789.044365012789,796.4643418289497,779.5387437155813,786.7982788085938,5158305.0
2021-03-24,778.9371114619338,789.9267083618756,774.725773336623,782.6270751953125,3874331.0
2021-03-25,778.0948249291292,781.7045431891097,762.0516326625492,767.7068481445312,4879437.0
2021-03-26,774.0840345642818,782.1056307773831,765.0998370136207,768.9100952148438,4271178.0
2021-03-30,774.0841986671682,802.8015094060434,773.643020573907,798.7907104492188,5475000.0
2021-03-31,802.1595755160737,802.1595755160737,785.0334881627795,788.2421264648438,4445140.0
2021-04-01,795.7423666178474,812.9887989588593,794.6193235325966,804.2452392578125,5269079.0
2021-04-05,807.7747521033655,834.2460200471698,804.2452301268827,829.031982421875,9452833.0
2021-04-06,833.4437281274373,834.7271637552109,818.4032373647912,824.9408569335938,4260257.0
2021-04-07,827.0264670270087,838.2567003329041,821.9728228714104,831.9998168945312,3551106.0
2021-04-08,837.4546995011295,845.7971796931632,827.548047113038,832.2406616210938,4852068.0
2021-04-09,835.9304101189309,846.117894700641,829.5532811493285,838.5775756835938,3708082.0
2021-04-12,836.612221914253,836.612221914253,803.1221113265723,809.6998291015625,5976427.0
2021-04-13,812.1865741775739,818.8444888948943,779.8595529183449,788.84375,7773994.0
2021-04-15,776.4904162069596,797.9080852063073,769.0704406388662,795.6620483398438,7430279.0
2021-04-16,802.1594904228893,815.6357600700079,797.7476132255634,812.3870239257812,4677808.0
2021-04-19,798.9509238302587,824.980962451761,792.4133038153446,797.827880859375,6239343.0
2021-04-20,806.9725085284457,806.9725085284457,767.666690518611,771.115966796875,9742418.0
2021-04-22,774.8863084930808,779.6190705409399,766.3031894869345,771.5974731445312,4970596.0
2021-04-23,773.2818139955816,781.9852256168488,762.2120218859719,766.5838012695312,6023490.0
2021-04-26,754.0299113012231,765.6612237627846,740.433298321412,745.0457153320312,19619972.0
2021-04-27,746.8106614296308,752.8669572163684,740.7142674509165,745.0859985351562,6406825.0
2021-04-28,746.970911799506,750.7009239767435,739.3904949800599,741.034912109375,6845677.0
2021-04-29,758.9118557977688,758.9118557977688,740.4635009435017,742.4634399414062,8588734.0
2021-04-30,738.7492589994688,746.9122342370321,730.9128227005469,733.8106689453125,10921664.0
2021-05-03,733.6474953833632,743.1981876244128,727.321188747234,740.953369140625,6871176.0
2021-05-04,742.8308429585335,746.9123311066572,734.0556434400672,735.443359375,6217026.0
2021-05-05,737.8922325261005,743.4838512103195,735.1576056462937,742.341064453125,2696835.0
2021-05-06,744.4634471376911,754.1774089757565,735.6882475140834,747.7286376953125,6319104.0
2021-05-07,749.3612932153071,752.1367253415441,745.8512230482602,748.0552368164062,3651558.0
2021-05-10,749.4020985147238,752.2999454044646,742.9941814561621,746.0552978515625,4029147.0
2021-05-11,741.6063370611218,744.8307224042184,738.8309054137567,740.6267700195312,3818154.0
2021-05-12,739.6881936111821,741.973817246246,730.5864541692046,739.6473388671875,4076940.0
2021-05-14,742.0145342588695,744.463427111209,731.8108140407883,743.1165161132812,5184569.0
2021-05-17,746.5858747582597,756.8712559236361,742.9125350183807,752.7489624023438,7956551.0
2021-05-18,757.5242389375742,766.911662157167,754.6671970881329,760.462890625,5913426.0
2021-05-19,757.524189750786,768.1360587882431,755.1977614678691,760.2996215820312,4178834.0
2021-05-20,760.7892904564234,763.074913553311,752.6671201484619,754.58544921875,4753782.0
2021-05-21,755.4834860769805,762.9526296123943,753.4427419222615,759.6874389648438,4161547.0
2021-05-24,760.3813278091108,766.5035607222276,757.2794064310367,761.4425048828125,4191877.0
2021-05-25,765.6872771610022,770.4217940701336,763.3608485401367,767.8096313476562,5032874.0
2021-05-26,767.3197441376274,774.625617623508,761.2383170519663,772.0542602539062,5017674.0
2021-05-27,774.6665367251712,781.1153086460207,765.7688716429145,769.2789916992188,9078274.0
2021-05-28,767.3605621172345,775.2786589380291,765.1974033337301,769.4013061523438,4098094.0
2021-05-31,768.585190340448,773.727856560806,761.2793150020448,771.564697265625,4171524.0
2021-06-01,773.8501855611252,777.1153762175012,768.9932044951946,776.05419921875,2944472.0
2021-06-02,773.0339490635348,776.0542606242366,765.3607304847635,770.3809814453125,3657189.0
2021-06-03,771.4012916752778,775.3195104938192,764.8709103700902,766.870849609375,4164240.0
2021-06-04,767.4014479450407,770.7482984092096,763.0342751785907,764.5036010742188,3550303.0
2021-06-07,766.5035145992679,777.0745794243934,764.9525290921291,775.15625,3282517.0
2021-06-08,777.1152773732922,793.4412285786135,776.6663236797157,789.5230102539062,6385642.0
2021-06-09,794.9922767651824,804.053160471815,787.8088178082686,792.869873046875,5521459.0
2021-06-10,799.5635300647696,801.318589901659,788.9924657721348,790.6250610351562,3878256.0
2021-06-11,796.7065308456735,808.1346982963287,792.2168936329161,802.706298828125,4777035.0
2021-06-14,802.4206403134783,806.8694727497777,796.7065564048371,803.4002075195312,2236373.0
2021-06-15,804.1347981542594,810.5835695430084,802.5838625070542,804.4205322265625,2559001.0
2021-06-16,803.2778103998811,804.8696010155492,795.0740277780375,799.4820556640625,3138753.0
2021-06-17,799.9717198832907,807.277594024347,798.7880782923615,805.196044921875,3609989.0
2021-06-18,808.1347518564951,813.6039566063585,791.8904071173066,796.0943603515625,5622783.0
2021-06-21,790.1762019077775,802.7880117891626,784.6661922353834,801.6043701171875,1639495.0
2021-06-22,801.6859401038826,806.665385898423,796.9106185543641,800.0533447265625,2529648.0
2021-06-23,804.0532072973176,804.0532072973176,792.6250398839547,794.176025390625,2395543.0
2021-06-24,793.4412925614137,811.8895989819514,791.0740095166057,807.8897705078125,4686567.0
2021-06-25,812.2161517416152,824.4606163407351,807.5224403119527,812.7467651367188,5196000.0
2021-06-28,816.2976815870255,816.2976815870255,803.4001881825218,804.298095703125,1844159.0
2021-06-29,805.6449663451587,811.318244911832,800.3798365987806,802.9103393554688,1895170.0
2021-06-30,800.7880521152731,809.3183731344875,800.7880521152731,802.8287963867188,2682591.0
2021-07-01,805.6858112677774,806.5021089488997,796.0127036756198,804.4613647460938,2861509.0
2021-07-02,802.8697426640634,806.1757390013008,797.7270761591535,803.7677001953125,1646631.0
2021-07-05,809.5223444647618,812.95080436873,798.3390573169177,799.767578125,2598033.0
2021-07-06,799.971754482761,801.7676194063755,791.972046902505,793.482177734375,2486069.0
2021-07-07,791.8086700649694,798.0125118806678,783.8905733997494,796.1758422851562,3014899.0
2021-07-08,795.8902931793275,801.6043773354868,791.8088044963565,797.359619140625,2555624.0
2021-07-09,793.4413666976784,799.5635994654074,789.0333391757704,797.400390625,3218471.0
2021-07-12,799.9715977301864,802.4612952891648,795.890109986665,799.5226440429688,2037878.0
2021-07-13,802.4203985738475,802.4203985738475,786.9107469228779,790.1351318359375,2997764.0
2021-07-14,790.3802096168507,810.5427717916322,790.2577450386588,807.6857299804688,4371180.0
2021-07-15,810.5836264703618,859.153340241748,808.7877615428145,848.7455444335938,12701032.0
2021-07-16,852.9494470367681,856.0921731066348,814.7058716745964,820.379150390625,8665827.0
2021-07-19,820.3792176699033,831.235967501361,810.1754960570935,816.4609985351562,4644600.0
2021-07-20,815.4813131052885,826.2564515313102,791.278069018418,797.68603515625,10216774.0
2021-07-22,791.8087175868448,801.1961405273073,791.8087175868448,798.828857421875,6156400.0
2021-07-23,803.8082228773002,819.481146102685,802.0939680956889,811.3997802734375,5265839.0
2021-07-26,811.3999974983091,819.5629753403445,805.8899874549353,816.5426635742188,2477027.0
2021-07-27,821.2234127906061,823.0301143234452,807.960634624638,814.6536254882812,2883514.0
2021-07-28,817.1173671130327,817.8975394480424,802.5817014120498,807.3447875976562,2952249.0
2021-07-29,809.3568144734157,828.6145156700317,809.3568144734157,827.4647827148438,4732101.0
2021-07-30,831.8994919840551,862.2436633648235,829.353718918799,841.7130737304688,9330054.0
2021-08-02,849.1451278513775,853.2512454908909,840.1527201961418,850.2948608398438,2536478.0
2021-08-03,845.860205557749,856.4950097909579,840.9328645545,853.6207275390625,3359006.0
2021-08-04,854.9757991815878,860.4369557192107,849.637846223177,854.0313720703125,3122161.0
2021-08-05,854.0724479781929,881.1728237313471,848.8986997810593,871.4413452148438,7896314.0
2021-08-06,871.4412314718886,878.7090385167634,856.5360067037235,862.2434692382812,11584782.0
2021-08-09,868.6902595429983,876.0401697788756,856.9467233787267,862.7363891601562,6321578.0
2021-08-10,864.3377372521612,880.598002716849,860.6422314871876,873.535400390625,5871606.0
2021-08-11,879.4894233918728,886.1003138395329,868.1565972277763,876.2045288085938,5011239.0
2021-08-12,879.5304182185683,904.2903281926117,877.0667475793006,900.4716186523438,6540144.0
2021-08-13,902.5246231026459,923.0141092517141,895.2978162310459,919.318603515625,7270809.0
2021-08-16,920.5503977394201,927.4486948554529,915.1303429507531,922.7677612304688,3159376.0
2021-08-17,919.1545928269496,946.0085667423805,913.6524343356874,938.6175537109375,5295838.0
2021-08-18,950.8948592491447,950.8948592491447,929.2966377262452,931.472900390625,4871006.0
2021-08-20,909.5050842693222,936.8107673862116,909.2586771047996,917.5941162109375,3467046.0
2021-08-23,927.1613968240307,967.5655557719401,924.7388274271501,955.1651000976562,9383780.0
2021-08-24,959.147989329679,963.2952082876942,944.4070669487198,946.7886352539062,3947317.0
2021-08-25,952.5372621760616,960.7494980768001,936.4412998600183,947.9794311523438,3447912.0
2021-08-26,952.5370063257024,962.4737890471833,948.5129917657822,958.7371826171875,4654833.0
2021-08-27,958.737314754084,960.6261688630472,952.2086281655937,955.0418090820312,3050466.0
2021-08-30,955.9040909712354,961.1188398029924,948.143569506739,955.411376953125,2956868.0
2021-08-31,957.546693776882,980.048239906463,954.302900736394,970.9326782226562,7199002.0
2021-09-01,977.2560467331243,977.666658517466,954.0564809178211,956.4380493164062,3200410.0
2021-09-02,962.4740481273982,970.6862840329221,947.6920234974552,963.0899658203125,5224479.0
2021-09-03,963.7057094667333,969.5363758572253,951.1820519725981,964.7322387695312,4533364.0
2021-09-06,964.9376390219769,993.762564614848,964.116415499405,985.5914306640625,4331916.0
2021-09-07,996.9651627710932,997.7452848672159,969.1256707135069,970.8502197265625,3721585.0
2021-09-08,973.1500618668912,978.2006075538345,958.4091368935428,976.270751953125,3118518.0
2021-09-09,978.8982296928193,989.5330319384208,971.5072195692998,984.2772827148438,3388292.0
2021-09-13,978.8987916514171,997.7869394769059,966.1287211749304,992.3668823242188,3723138.0
2021-09-14,998.6077639929986,1018.8098418006922,991.2167525818662,1017.20849609375,5593286.0
2021-09-15,1017.2087276965444,1058.5162185067493,1010.3104287594492,1045.623046875,6063895.0
2021-09-16,1057.0788192574653,1063.730809617272,1030.7996679993853,1037.287353515625,3616292.0
2021-09-17,1038.847699970451,1051.9872756222512,1033.5097473619073,1037.45166015625,4817180.0
2021-09-20,1033.0992882205187,1066.6052511805333,1026.5294994242038,1048.0045166015625,5453683.0
2021-09-21,1058.557084944029,1079.9088958117907,1048.702403005062,1067.179931640625,4645597.0
2021-09-22,1067.5907356845069,1091.118813101113,1067.2622261779677,1080.3197021484375,5367303.0
2021-09-23,1089.6402206394662,1097.523945030368,1079.0054179776498,1090.8310546875,3037295.0
2021-09-24,1100.4397551259738,1131.4409497200077,1097.976084032408,1115.385986328125,7951730.0
2021-09-27,1121.7912192310134,1123.3925648404854,1059.419339051194,1063.6485595703125,7653504.0
2021-09-28,1071.6555115801316,1071.6555115801316,1029.8142164875148,1042.132568359375,8572321.0
2021-09-29,1042.9541893309477,1068.7816368340664,1033.756523193145,1052.15185546875,4639821.0
2021-09-30,1060.5691108821927,1060.5691108821927,1042.0094787482587,1050.796630859375,3589722.0
2021-10-01,1046.2388752376717,1054.4511113070412,1035.275560134468,1046.0335693359375,3372796.0
2021-10-04,1052.3977174622933,1062.3344998953717,1046.0332365334343,1050.0572509765625,2706626.0
2021-10-05,1042.953680623514,1078.758999530954,1036.548098234273,1071.8197021484375,3710314.0
2021-10-06,1077.4452015344616,1083.8917857777778,1044.4320578667357,1047.429443359375,2861608.0
2021-10-07,1054.4922996049802,1082.249599661823,1054.4922996049802,1072.7645263671875,2421641.0
2021-10-08,1072.7642675935808,1098.7970117032942,1062.7042800051165,1085.7806396484375,5197831.0
2021-10-11,1067.5908432557817,1088.039334072165,1014.7451165640277,1069.972412109375,5264998.0
2021-10-12,1073.2982572187252,1074.9818058752496,1015.2788839518082,1026.8170166015625,12811641.0
2021-10-13,1037.2052766674703,1043.610860042605,1021.1503172029905,1039.1351318359375,5705730.0
2021-10-14,1058.8855523150771,1062.0472425954597,1021.6430883500152,1027.4737548828125,10360519.0
2021-10-18,1018.3171567352199,1045.0069209238445,997.7865688978163,1003.0424194335938,23861603.0
2021-10-19,1010.1047965876189,1028.9929350603957,1005.9986795283197,1011.829345703125,10189780.0
2021-10-20,1017.4956480335431,1037.533516195949,1002.2209150131869,1012.4862060546875,8222562.0
2021-10-21,1025.7336209933053,1025.7336209933053,984.4194457400614,1002.3856811523438,5998795.0
2021-10-22,996.2174556227385,1012.8590068683665,981.9355099676442,988.5590209960938,3812305.0
2021-10-25,980.3210854308867,985.2472814112392,958.0495090242893,964.8800048828125,6690819.0
2021-10-26,968.6885487213062,978.6238158876786,954.8205716349114,966.0391845703125,5126660.0
2021-10-27,968.6884931402013,978.0855792491926,961.651012634482,974.6082763671875,3536653.0
2021-10-28,979.7002360835905,981.1076919237773,949.480463294377,953.7857055664062,4096585.0
2021-10-29,953.7856352459016,971.1723525550718,942.1944903731217,946.9551391601562,3558520.0
2021-11-01,946.7481325817913,986.4477624281933,946.7481325817913,984.5848999023438,4511112.0
2021-11-02,986.0752208167601,989.4697500621393,967.7363541373365,969.2266845703125,3016082.0
2021-11-03,972.828164564088,983.3429477033125,970.0959258879717,973.9458618164062,2063067.0
2021-11-04,981.1074667082132,982.8875553210754,975.3118951749158,979.5343627929688,256369.0
2021-11-08,983.1357683122337,987.5653212080268,967.4878077447913,979.3272705078125,3808317.0
2021-11-09,983.59122018057,986.0750363931472,969.0608549102973,971.006591796875,3565461.0
2021-11-10,963.7208358561268,972.8281633427397,962.1477318041789,967.9847412109375,2401325.0
2021-11-11,965.376702774184,966.8670331365578,953.9925435433563,960.9885864257812,2861259.0
2021-11-12,967.7777456217297,975.4361800130613,962.8928861749889,970.6340942382812,3812518.0
2021-11-15,969.5164229587067,978.2925548233759,963.3068813940694,969.3922119140625,3619915.0
2021-11-16,969.4335398873499,973.2420380705336,960.7815189769178,963.2239990234375,3141207.0
2021-11-17,960.8229677190768,964.3417075836231,952.1296104066681,954.1580200195312,3172985.0
2021-11-18,950.4737710095092,956.2693427839573,921.9098815497287,927.45703125,5384530.0
2021-11-22,927.4570103628428,932.1348848316478,912.3885645153326,919.0948486328125,3961223.0
2021-11-23,914.8725401476496,927.2916244030475,902.4534558922517,921.1648559570312,4545069.0
2021-11-24,927.2915274072371,937.7649742471076,921.4545179910518,926.8361206054688,2675632.0
2021-11-25,924.3937529532701,936.3988666279879,919.8400891456185,931.2656860351562,3106454.0
2021-11-26,927.2915402489461,932.2591735002799,913.4650014594371,919.0535888671875,2207274.0
2021-11-29,911.6434144367784,947.9899488460604,910.8154756168256,938.1788940429688,3661152.0
2021-11-30,938.0546694667489,958.6703659993592,938.0546694667489,942.7325439453125,7421904.0
2021-12-01,948.8179136581773,962.8928739829496,948.1555221573691,957.6768188476562,2918586.0
2021-12-02,961.9820656964172,982.2665653214582,954.6133905172372,980.8590087890625,4011279.0
2021-12-03,983.5914218981881,984.9988776139305,968.398763162187,969.84765625,2571036.0
2021-12-06,968.6057612823126,970.88259330893,939.586461752721,940.9940185546875,2493755.0
2021-12-07,952.1297242186795,956.2694186718041,936.7300810664074,951.8399658203125,2299958.0
2021-12-08,958.2566726652278,978.2927571645018,957.9669142122985,970.0133666992188,2525711.0
2021-12-09,976.8021648187995,976.8021648187995,956.2692436623829,967.4878540039062,1734844.0
2021-12-10,956.434896934274,966.2046155646273,956.434896934274,962.23046875,957733.0
2021-12-13,965.3766775453282,971.5447814134068,954.8204574435247,959.6638793945312,2225682.0
2021-12-14,957.0971625517448,965.2937761122051,948.4038059714737,962.3545532226562,1972685.0
2021-12-15,958.9603254758474,962.0236592811796,945.7547391455171,951.2191162109375,1604301.0
2021-12-16,957.0973775328735,966.9498707502406,951.7572120036203,960.2021484375,2121810.0
2021-12-17,970.3443993810408,979.3689536841996,964.5488270297889,969.84765625,6373455.0
2021-12-20,960.4092507383523,970.6342772893239,948.4041351041228,960.3264770507812,3091768.0
2021-12-21,967.7778075395161,1005.904333524808,964.5902629644297,997.6663818359375,6217986.0
2021-12-22,1008.4295395369834,1015.0530504699028,1001.8888022773742,1012.4036865234375,3809814.0
2021-12-23,1018.2821120965147,1018.9444026016765,1006.442544948995,1016.2536010742188,2814281.0
2021-12-24,1044.983269444048,1062.908169700064,1031.7362449321506,1047.5084228515625,15952929.0
2021-12-27,1049.826698296545,1057.2781496251482,1038.2769891639207,1049.164306640625,3372907.0
2021-12-28,1051.482473036666,1067.2133131844587,1051.482473036666,1062.9908447265625,3446067.0
2021-12-29,1062.245581577295,1075.4926036390539,1057.36072197867,1069.6142578125,2254162.0
2021-12-30,1069.6143273483833,1098.2195568325724,1061.997228527628,1090.43701171875,4518139.0
2021-12-31,1092.8794426316254,1100.703425487394,1083.7306765677363,1092.13427734375,2231508.0
2022-01-03,1089.857349767247,1109.3553512704452,1087.994487244015,1097.97119140625,2661272.0
2022-01-04,1100.7446966308428,1106.7058159000735,1082.3230572927184,1104.0150146484375,3367100.0
2022-01-05,1100.3310802051544,1101.1590193174231,1077.9767241738984,1085.22119140625,3510253.0
2022-01-06,1068.0411938132422,1074.4991577374221,1057.2779879841164,1063.8187255859375,4409632.0
2022-01-07,1074.2921542998422,1075.0786558238758,1061.5832114003072,1068.49658203125,3898684.0
2022-01-10,1080.335869724356,1080.335869724356,1059.7616117716686,1066.4678955078125,2529949.0
2022-01-11,1066.9233280793687,1116.0614744138395,1059.7616374256042,1112.4599609375,6772189.0
2022-01-12,1121.0288585715043,1123.5954480048154,1102.317466522134,1119.4971923828125,3162044.0
2022-01-13,1109.4380163686294,1125.5000496547789,1093.8313898591819,1104.6773681640625,4598005.0
2022-01-14,1092.8794846828773,1111.8806443875865,1070.5251315870912,1107.1199951171875,5636243.0
2022-01-17,1053.9660966981132,1053.9660966981132,1029.4591283315226,1042.16796875,11973283.0
2022-01-18,1051.4410986872108,1051.4410986872108,1007.6017688110876,1009.8786010742188,7799487.0
2022-01-19,1010.0855510153559,1010.4995205034769,986.0753207043351,992.8643798828125,8464215.0
2022-01-20,1001.8812340531468,1003.0501158762014,976.8342032018181,981.3009033203125,6172404.0
2022-01-21,981.3008462276136,985.0579006367251,964.3106316719562,975.12255859375,5514748.0
2022-01-24,970.5724336830714,972.2422357195154,927.5750312446386,939.18017578125,5878438.0
2022-01-25,930.914685210231,951.495016795739,908.7063373185872,938.1782836914062,4725254.0
2022-01-27,930.9145750763852,931.707690225721,893.5109711138423,899.8145141601562,8304735.0
2022-01-28,900.8581599282164,920.227821951497,899.3970832091484,902.0687255859375,7654724.0
2022-01-31,918.933701815234,930.0378227059181,912.4214339871528,917.8900756835938,7572995.0
2022-02-01,932.3337711459433,948.8648493226973,919.4345933274267,945.7757568359375,6783774.0
2022-02-02,954.2085257639299,980.0486750764834,946.1934952664693,977.62744140625,6982539.0
2022-02-03,970.1548361266074,977.5436886346106,960.97092631818,965.7716064453125,4169794.0
2022-02-04,968.485233142959,974.4130103073177,949.574703681453,971.6578979492188,3625482.0
2022-02-07,965.9803880619904,977.9611961736447,956.7964777174079,966.2725830078125,3824483.0
2022-02-08,967.6084562235886,976.7088973474058,958.9255675090789,970.1131591796875,3267641.0
2022-02-09,978.504173638581,992.6974935633727,973.4947666063016,985.934814453125,3772972.0
2022-02-10,989.3159159955276,995.1185391941113,980.2572603749123,993.8244018554688,2053245.0
2022-02-11,984.3482443672159,984.3482443672159,966.857109799265,971.57421875,3912397.0
2022-02-14,947.9047997544819,972.1169279827784,946.4437230510503,957.1721801757812,3243813.0
2022-02-15,963.0581147321953,980.1735818774142,958.5496298325726,975.6234130859375,3000492.0
2022-02-16,983.5134475945417,987.3957579025837,968.4852285311277,974.9974975585938,1885868.0
2022-02-17,980.1738643068961,980.1738643068961,968.4852492299826,971.03173828125,1644055.0
2022-02-18,962.515479607247,976.917520093726,960.219502138388,972.6595458984375,2166690.0
2022-02-21,962.7243108212322,976.4167074353738,960.3030775678237,972.450927734375,1706058.0
2022-02-22,945.1079445358738,963.6010223144904,945.1079445358738,959.760498046875,3254855.0
2022-02-23,965.1455109886574,967.650213871846,958.5080891148561,962.6408081054688,1937649.0
2022-02-24,923.4005137275897,947.5708571132118,911.7118996297721,917.1805419921875,5469084.0
2022-02-25,931.415658861217,952.6221674596861,930.9147385780456,943.187744140625,3213276.0
2022-02-28,934.7551604913173,946.1933656016216,924.2354280352176,940.8916625976562,4571884.0
2022-03-02,938.971234359969,938.971234359969,925.9050160495289,931.3736572265625,3867328.0
2022-03-03,939.263737757355,961.8060674635315,935.5066828063256,951.5367431640625,3969380.0
2022-03-04,941.7683064731099,964.1853774273764,937.3016066085346,950.4929809570312,3522375.0
2022-03-07,927.5748412567638,969.653864339762,927.1573908331558,963.6425170898438,5249845.0
2022-03-08,965.1455857453288,984.8492295692606,964.3106847195976,981.2592163085938,3805165.0
2022-03-09,985.1831250868281,997.7066393887793,969.4034766830455,987.4373168945312,3781326.0
2022-03-10,1000.378176489735,1000.378176489735,981.0085171726298,995.3270874023438,3834327.0
2022-03-11,985.1832195224135,1007.85080296509,982.0941264651394,996.41259765625,2770879.0
2022-03-14,996.4124699894139,1014.2376863039232,983.2210965003579,1004.2605590820312,5740660.0
2022-03-15,1007.7257586153781,1013.8205782038219,975.2480812228199,982.553466796875,3003066.0
2022-03-16,993.6573806252826,1004.3440515772285,989.3576203728278,1001.4636840820312,1894018.0
2022-03-17,1014.4046555815116,1014.4046555815116,994.200093331639,999.29296875,6987787.0
2022-03-21,1001.7975030522737,1010.1465111585238,972.742914075882,975.2059326171875,4046440.0
2022-03-22,976.8341038130992,986.6441898984017,970.4054073153359,982.177490234375,4516870.0
2022-03-23,993.5323212880005,994.2419668484498,976.8342990814795,985.7677001953125,2338886.0
2022-03-24,975.9993285671877,996.8718548410797,975.9993285671877,995.2855224609375,2351703.0
2022-03-25,1001.0462663934786,1001.0462663934786,981.3426238185996,984.6404418945312,2489854.0
2022-03-28,989.274195738786,991.5283876276009,966.9822783292194,971.782958984375,3406258.0
2022-03-29,974.3296724434281,981.0088818517806,971.53277388701,974.9140625,2443230.0
2022-03-30,982.9707282706211,986.8112527072786,970.2384872913262,972.82666015625,3073672.0
2022-03-31,980.8416629303155,980.8416629303155,969.3199892169039,971.615966796875,3006639.0
2022-04-01,969.3198356922044,980.1735461693781,961.8475142457141,976.541748046875,2479745.0
2022-04-04,979.5058748177266,992.6555664052257,975.1644301078719,991.0693359375,2282137.0
2022-04-05,993.5321060915585,1004.3858181749117,988.6061702242517,998.082275390625,2634464.0
2022-04-06,993.5323420104589,997.6233779197127,974.7470666363116,977.2517700195312,2838968.0
2022-04-07,973.1606780756509,985.8094498159218,970.9899556518459,979.5894775390625,3391918.0
2022-04-08,984.348447349602,985.1833484923922,970.6143643173612,972.9520263671875,2656091.0
2022-04-11,971.8250219263481,971.8250219263481,944.8994575301929,946.3605346679688,5679058.0
2022-04-12,943.2710975038991,953.2063368903915,934.7133630982017,944.398193359375,2906617.0
2022-04-13,947.6126473244185,954.375325129047,937.5938351941163,939.3471069335938,1971580.0
2022-04-18,926.7401060723707,929.0360838126401,905.533600378921,919.8521728515625,4391701.0
2022-04-19,931.6661737273645,931.707857633091,883.9515546670837,893.5529174804688,3422431.0
2022-04-20,897.5184831077617,914.0495619818811,888.9189629215713,909.5410766601562,2573318.0
2022-04-21,914.2165402726548,922.6073355870107,902.6113966840433,917.7230834960938,2547848.0
2022-04-22,907.2033799069281,947.5708217029094,902.6114245400992,920.1026611328125,9567571.0
2022-04-25,915.8029631644548,916.7213339171113,899.4389233066375,909.9168701171875,3565801.0
2022-04-26,921.7308857844481,924.2355892784276,905.9095494808029,913.6323852539062,3213714.0
2022-04-27,907.5374009696769,918.307644418788,897.1846080269917,914.717529296875,3288792.0
2022-04-28,926.9408719339959,935.6840369905022,911.0674753732076,927.3652954101562,5202061.0
2022-04-29,928.6385341111448,934.1560391127193,911.9586713441219,916.1180419921875,2988180.0
2022-05-02,910.812833686783,918.452456709319,901.4755166592391,905.6348876953125,2584604.0
2022-05-04,913.2745011349607,913.3593651105169,879.2357574155192,887.0026245117188,3385725.0
2022-05-05,898.928974905474,912.6802548870153,888.8276748602583,910.0064697265625,2982126.0
2022-05-06,891.2044534908612,896.9341705317009,873.4210473186238,891.4590454101562,4075606.0
2022-05-09,886.196364979466,919.216537616779,877.7927580360272,913.4443359375,4207192.0
2022-05-10,910.8129089733711,920.9990738453939,905.3802669844869,910.4309692382812,2473518.0
2022-05-11,907.4174491044821,916.1606147109076,894.7272278167185,900.5418090820312,2895668.0
2022-05-12,891.3741149466204,909.0725522065617,885.9839578192579,899.2684326171875,3195189.0
2022-05-13,908.2662158366431,915.0569912821508,887.1299065386986,893.1143188476562,2496626.0
2022-05-16,894.6849557681389,905.6774856461357,882.9708228692878,886.6633911132812,1415370.0
2022-05-17,898.2498477377119,921.847835622053,887.342184586982,919.2164306640625,2620776.0
2022-05-18,919.7680850766272,931.4821099358926,908.9452872765534,911.4068603515625,2865869.0
2022-05-19,895.6183102483055,898.3346823989609,852.7515433882057,856.8260498046875,4729354.0
2022-05-20,873.4635904535876,878.1322491003269,863.107646366191,873.3362426757812,2005622.0
2022-05-23,868.3704504967595,880.2543080793154,861.3674629927534,864.380859375,2285466.0
2022-05-24,867.5640473254448,867.8611748547587,837.8119709773601,841.843994140625,3418456.0
2022-05-25,842.0563136920748,842.7353810025041,817.4397480700283,827.1590576171875,3904551.0
2022-05-26,829.3235500540865,836.9631733401527,822.5752057894923,832.4642944335938,4278059.0
2022-05-27,839.5096905999783,857.7174692767129,839.5096905999783,852.1575317382812,2795530.0
2022-05-30,864.9750208390535,894.1328921327407,862.1314043500872,882.7159423828125,3562969.0
2022-05-31,887.0452222565232,887.7243413862459,866.2060362486678,883.4376220703125,5185485.0
2022-06-01,883.4375774631993,887.4271171965422,858.6512329558003,864.0414428710938,2554081.0
2022-06-02,858.5238357893253,890.355596779,855.0435321687501,882.546142578125,3560227.0
2022-06-03,894.642306894364,907.9692677506964,882.9706599569361,885.3474731445312,3556955.0
2022-06-06,881.1031235782687,889.0398217421897,866.8000733653716,880.5089721679688,1997494.0
2022-06-07,874.3123762395734,877.4955523666592,860.0093255656707,868.2855834960938,1839248.0
2022-06-08,868.4553238694959,877.538048720163,862.4285310397732,874.4821166992188,1665512.0
2022-06-09,870.0257685906233,875.755486350278,858.7785966497039,873.1665649414062,1654005.0
2022-06-10,859.0332141624409,869.0071669948605,855.8076057359864,861.8768310546875,2260855.0
2022-06-13,845.4515812062671,850.5446630207626,833.992147123652,841.8864135742188,1738804.0
2022-06-14,838.6608173163756,849.6533960833856,830.2996952764478,846.215576171875,2461791.0
2022-06-15,839.5097595822849,854.789006976098,838.6609125048509,840.2737426757812,2408630.0
2022-06-16,854.7888513796652,854.7888513796652,816.29366414908,819.0948486328125,3198618.0
2022-06-17,808.4419343534086,817.5670399513907,801.3540305474086,813.8320922851562,4302066.0
2022-06-20,819.1372885106856,819.9861354417848,808.1871423757045,814.9354858398438,1305407.0
2022-06-21,824.8246231573602,848.7621184228657,817.9914153109635,837.472412109375,2128325.0
2022-06-22,830.1299669001467,831.0212459235557,814.171653029809,815.9966430664062,2575065.0
2022-06-23,816.6757773049703,829.7480434186978,813.7048124436246,824.4427490234375,2169033.0
2022-06-24,835.2655499007382,835.7324054457918,814.8932194153542,820.5805053710938,1922313.0
2022-06-27,837.0905830160783,854.6192444328643,835.4353208197992,842.3533935546875,3626024.0
2022-06-28,840.2736020562003,854.7888639273916,834.6287492121229,850.502197265625,2702471.0
2022-06-29,836.1992449383667,849.0592990341977,836.1143809534464,838.2789306640625,3150015.0
2022-06-30,840.3585066796574,845.9184440134646,823.3391351638547,826.1403198242188,3741119.0
2022-07-01,818.7128828832099,833.1008490407258,818.4582391602329,827.9228515625,2827579.0
2022-07-04,827.9229451025818,839.934151520182,826.310166801843,835.7747802734375,2738846.0
2022-07-05,838.15163765359,851.0965557801641,830.5544458337961,833.6951904296875,2476050.0
2022-07-06,833.5677367141507,847.9981354149048,831.9124747365744,837.472412109375,2998254.0
2022-07-07,846.3004166064958,849.6109404644662,836.071821130776,840.2311401367188,2985141.0
2022-07-08,847.9982428229314,847.9982428229314,831.1486488119673,834.883544921875,3141642.0
2022-07-11,827.6258766425495,831.1486126361664,797.9162297887144,800.9296264648438,5787815.0
2022-07-12,793.6720735211161,805.1739418717378,784.6743145878924,787.5603637695312,5305354.0
2022-07-13,789.4277339759687,794.5208161306524,768.2065583314535,779.0293579101562,12874342.0
2022-07-14,786.1595539048908,787.3479084440384,757.4260561041006,766.5087280273438,4916497.0
2022-07-15,760.566903831707,768.2065267496595,744.7358867279244,749.6592407226562,5591590.0
2022-07-18,759.7179796773197,770.3285659856622,754.4975504898139,764.2168579101562,5156225.0
2022-07-19,763.95946928159,770.3973299777832,759.6675621507947,763.7019653320312,4636293.0
2022-07-20,776.4916816554563,788.6807062583188,768.3370595298602,787.47900390625,4827089.0
2022-07-21,790.5691527419867,795.67653179662,784.1742017773504,793.5305786132812,3498709.0
2022-07-22,797.7796251264256,799.9255784408484,780.2686251241595,789.9254150390625,3514659.0
2022-07-25,789.925534078098,800.0115161758081,784.5606499835715,798.8527221679688,2120224.0
2022-07-26,797.0070676506054,797.9942271400815,782.0712115005775,784.13134765625,2780103.0
2022-07-27,782.9297258209889,797.7368063296097,782.0713443422283,796.9642944335938,1742497.0
2022-07-28,803.3592360074191,814.6040122697376,800.6124048344371,812.1146850585938,2843497.0
2022-07-29,821.4709871927857,828.9389157364631,813.0159514891234,814.0889282226562,3617725.0
2022-08-01,818.8958459428209,821.0417994175137,811.3421001901902,817.307861328125,2489519.0
2022-08-02,817.3079595733285,818.7671661983711,807.7798935654972,816.3637084960938,2545241.0
2022-08-03,816.3207249486936,825.5912337442702,815.5052521268705,821.6427001953125,4119614.0
2022-08-04,828.337952006401,832.5869499068973,811.8570206177272,822.4151000976562,3513266.0
2022-08-05,826.5353696831942,828.2950408591696,819.7541364979974,822.1146850585938,2565683.0
2022-08-08,822.1147638961994,830.9131730112462,815.5052168144126,829.2393188476562,1746911.0
2022-08-10,829.2393242202289,830.0547970120244,813.8313679235685,817.2219848632812,3271939.0
2022-08-11,828.3381474588102,831.3424827086608,822.973263084077,826.0634155273438,3594584.0
2022-08-12,827.4796098293913,827.4796098293913,818.8957964494184,820.9559326171875,3022304.0
2022-08-16,831.7716076202602,831.7716076202602,817.7370921634313,822.5010986328125,2784861.0
2022-08-17,826.6212684432797,843.703078851592,819.7542174074063,841.728759765625,4649125.0
2022-08-18,844.1751825930403,844.1751825930403,830.9989969134637,835.63427734375,2829269.0
2022-08-19,836.4927205169927,847.2653972039044,829.8831728935205,832.6729125976562,2880969.0
2022-08-22,828.3379804955957,832.6298871302879,819.9258539698867,823.573974609375,3616799.0
2022-08-23,815.419505699061,816.3207957839397,806.0202179191582,812.8014526367188,3753715.0
2022-08-24,815.3765131010058,818.7241691273078,810.4408200492841,814.7327270507812,1494361.0
2022-08-25,818.8101264009891,818.8101264009891,809.1533346133283,810.1404418945312,3316314.0
2022-08-26,814.217545740341,820.6124967002355,810.0973261096728,811.728271484375,2195046.0
2022-08-29,783.3587908435989,791.4275964056114,772.6290240810499,787.5648803710938,4974880.0
2022-08-30,795.6337483938996,811.3850262812913,792.8869174087608,805.9772338867188,2998417.0
2022-09-01,787.3932762476172,799.1531123316457,786.4919862232765,794.9041137695312,2953921.0
2022-09-02,799.3246522082958,804.3032531153547,788.8523901953158,793.5305786132812,1750283.0
2022-09-05,794.8611327603332,808.852738333874,791.856798025278,803.4449462890625,2279812.0
2022-09-06,803.445036174948,809.3678891289698,795.7625117289602,804.9901123046875,2108615.0
2022-09-07,795.719624921708,800.4836316152799,792.37191622274,799.7540283203125,2709547.0
2022-09-08,803.7884171508902,807.651133706715,796.5779919567718,799.196044921875,3214686.0
2022-09-09,806.0200600712062,818.0373985600208,801.9856573859595,814.1746826171875,2206526.0
2022-09-12,819.8830582513555,827.0505223614279,818.4667079103492,820.2263793945312,2517615.0
2022-09-13,819.7541606950725,823.8743805532628,815.8485361669071,820.0975341796875,2442828.0
2022-09-14,801.1274210850592,805.5481066431074,795.3333461219685,800.0115356445312,6761712.0
2022-09-15,803.874295415191,804.0459821978944,786.5349781911596,789.6251831054688,2995215.0
2022-09-16,785.5046997577457,787.9940264624041,766.877867624888,769.8822021484375,5095937.0
2022-09-19,770.783563318602,778.6806824177831,761.8134675046255,770.65478515625,2686561.0
2022-09-20,774.5175349454903,790.4404996058596,774.2600310010514,784.5606079101562,1836721.0
2022-09-21,780.2686631441353,784.3459746402131,771.5560713064666,773.3587036132812,1819649.0
2022-09-22,770.4831620615809,776.7493885068591,763.7448886925212,770.526123046875,2315711.0
2022-09-23,769.5389869778492,783.3589076725178,765.676270367252,768.9810180664062,2569608.0
2022-09-26,765.0323703585228,787.4790633878899,757.0923429522772,778.2943725585938,4182702.0
2022-09-27,782.2000181859853,790.9555185797709,779.0669052498438,788.6378784179688,3545337.0
2022-09-28,783.7022185629999,795.6766495768348,782.7150589959655,790.3975830078125,4154139.0
2022-09-29,795.7194127770543,799.1529377512811,786.7922268874914,792.3287963867188,2928360.0
2022-09-30,791.3418457935628,803.0587206489937,781.1699946121751,800.3118896484375,3229901.0
2022-10-03,800.3118572820101,800.7410479712569,786.277342700215,798.50927734375,1598950.0
2022-10-04,809.0245344875731,816.3207769736679,804.3463450034934,812.0288696289062,2331351.0
2022-10-06,820.1834409097355,830.8702999901449,820.1834409097355,827.9517822265625,3713623.0
2022-10-07,828.3380118242629,835.1621541098078,819.7541982302291,822.0718383789062,2174327.0
2022-10-10,808.7669586279649,830.1835848527344,808.7669586279649,826.8358764648438,2758812.0
2022-10-11,830.9988831027389,834.3465909985042,803.4448654059671,805.6766357421875,3134969.0
2022-10-12,809.7111486331834,827.3938365693697,809.7111486331834,817.1790771484375,3502390.0
2022-10-13,834.3896951850846,848.9821801357326,832.0291461489504,843.0164184570312,9698562.0
2022-10-14,862.6732351628499,878.1240990762143,853.2310405491271,860.5701904296875,7424383.0
2022-10-17,863.2741584376729,864.2183569926359,850.741758940556,853.74609375,2136170.0
2022-10-18,858.3814446837455,870.0983723602568,857.6088804269518,866.278564453125,2487826.0
2022-10-19,872.6073702255845,872.6073702255845,861.7702195769806,863.2007446289062,2517099.0
2022-10-20,858.3024368108574,883.704710468669,856.5684924940678,882.0574951171875,3931399.0
2022-10-21,886.4789235886392,892.8945379427788,877.0289070510665,890.5536499023438,2071897.0
2022-10-24,897.3161345457218,900.6539560054985,892.9812739923608,894.368408203125,398105.0
2022-10-25,898.1831347228142,899.2668498950184,885.0918766088998,889.9468994140625,3068136.0
2022-10-27,893.8481209653401,899.4400479636898,883.9646191210444,894.7584838867188,3313674.0
2022-10-28,894.671815467908,901.434240174525,889.0798877604957,892.9812622070312,2423629.0
2022-10-31,900.7839990990844,912.4881222827588,898.5298928374283,902.6480102539062,2418565.0
2022-11-01,909.4537294750188,920.5942997517527,905.9858410880788,919.0338134765625,2275488.0
2022-11-02,923.2819405316324,924.4957226970616,903.8184582712685,906.1592407226562,2799322.0
2022-11-03,896.4492061254382,909.6271405172881,895.6689100214926,906.115966796875,2396164.0
2022-11-04,906.1159545450083,909.4537761223293,895.9723169939929,906.289306640625,1709158.0
2022-11-07,908.6734346760383,915.2624014540091,900.4805906832045,907.849853515625,2213508.0
2022-11-09,919.7707121171046,920.2474832680194,909.6270751577855,913.3117065429688,2307691.0
2022-11-10,910.3207847203615,921.071260868134,907.7632591340112,912.44482421875,2321667.0
2022-11-11,928.5272078620152,952.5422949951013,926.8799395482346,945.563232421875,3923101.0
2022-11-14,949.3344796539112,956.2268657352134,945.0430099552225,952.8023681640625,2170007.0
2022-11-15,948.0341873444747,958.958016896532,944.046136026305,957.0507202148438,2172420.0
2022-11-16,960.1716906540217,964.463160618224,953.1058462111125,958.1776123046875,2213697.0
2022-11-17,949.4210423106974,954.1893884426704,944.219210166727,947.2103271484375,2460883.0
2022-11-18,951.9787321253121,958.8711178094954,939.7977321026158,956.4002685546875,2623894.0
2022-11-21,952.7155482203435,959.1744472623307,947.2535823092021,949.767822265625,1733741.0
2022-11-22,945.953447006733,958.7846792660083,943.2658540667921,956.6172485351562,2529146.0
2022-11-23,961.4288812587005,963.639702936801,953.4527785017966,956.6172485351562,2217599.0
2022-11-24,958.8712641226201,984.0134582090179,956.7038335979306,979.331787109375,3295202.0
2022-11-25,984.1867248640674,986.2241940456224,971.5723438045889,978.117919921875,1977441.0
2022-11-28,975.3436909792574,982.0627252948923,968.4079136211826,969.968505859375,2368293.0
2022-11-29,969.9686265937504,987.2646812007061,969.3183973854952,978.768310546875,1785948.0
2022-11-30,977.0773932609087,979.5916330966543,968.4076737111225,971.7022094726562,6053488.0
2022-12-01,979.6784692314393,997.5814641938823,978.2913350430863,985.2271118164062,3919684.0
2022-12-02,985.227078430727,988.6949666998732,974.3465366536606,984.4901733398438,2944923.0
2022-12-05,982.4962207020719,990.0388363179198,977.2509966926337,980.4154663085938,2646466.0
2022-12-06,972.395828388435,975.3435545195149,959.7380576472026,971.832275390625,2807894.0
2022-12-07,965.8068763588586,968.0609825520935,955.4032116224975,958.784423828125,2399879.0
2022-12-08,965.5902588392773,965.5902588392773,952.6290671699752,954.8397827148438,1752350.0
2022-12-09,931.9950818435409,931.9950818435409,884.918503641484,890.8139038085938,12415478.0
2022-12-12,888.6463291129023,900.9140044811116,877.7658407396013,891.5940551757812,4275785.0
2022-12-13,894.8018204456122,907.633048957726,893.9348484064571,905.7256469726562,2284909.0
2022-12-14,905.9858773125113,916.6496768613491,905.9858773125113,915.6959228515625,2425507.0
2022-12-15,911.6645613748773,911.8813044016098,899.136750930805,903.6883544921875,1906369.0
2022-12-16,892.981275518255,907.2429244305597,886.3489176939682,892.6778564453125,5159215.0
2022-12-19,892.6778108820179,899.4835204487415,887.2158445216122,895.7988891601562,3328172.0
2022-12-20,890.3802871551013,895.8855384556222,876.9422205037829,892.7210693359375,2629849.0
2022-12-21,897.3160664294371,913.1383062481204,897.3160664294371,901.954345703125,2878658.0
2022-12-22,906.8529178987553,914.3522485677687,896.1024414915771,900.8707885742188,2623451.0
2022-12-23,892.5478776276476,905.2056505491084,890.4671231866315,893.5015258789062,2177675.0
2022-12-26,893.848239984306,903.1681901102336,892.1142957748311,894.455078125,1680715.0
2022-12-27,900.7839472617603,902.3011483278893,893.2846179685844,898.4864501953125,554319.0
2022-12-28,892.9811606518244,900.1770705896943,889.9467586496096,897.7061157226562,1397806.0
2022-12-29,892.9811472097094,906.8526990110253,891.3338792669948,905.5088500976562,1277244.0
2022-12-30,910.3205640486797,914.872166868923,896.709146518853,901.0440063476562,1860560.0
2023-01-02,900.870653208635,903.8183794012899,894.2816866689982,901.174072265625,701880.0
2023-01-03,900.7841086803851,906.6795619264155,896.0157616180732,902.8214721679688,2484372.0
2023-01-04,898.3564370681011,903.3849175212825,894.2817105788896,898.7032470703125,1219170.0
2023-01-05,903.2115331349065,910.1473096048799,895.6688127248804,905.2055053710938,2294943.0
2023-01-06,905.1187968179457,908.5000088919082,888.8630713003821,895.4087524414062,1887689.0
2023-01-09,905.9425877512525,928.5272566341322,901.6945084972681,925.449462890625,4562242.0
2023-01-10,919.8573977525567,929.9142529424471,915.782671216718,922.3282470703125,2297082.0
2023-01-11,926.7930768846195,935.9829590064089,910.7974856638964,914.4821166992188,3594167.0
2023-01-12,919.8573635227966,931.5614864328417,919.8573635227966,929.0906372070312,4748542.0
2023-01-13,905.0322309424015,939.7977923146673,902.517990590008,934.422607421875,8253765.0
2023-01-16,942.3986050700981,954.0593366456601,935.0727336834509,948.207275390625,4508538.0
2023-01-17,951.8485647935471,965.7634016728146,949.3343248673164,963.249267578125,4390338.0
2023-01-18,970.0983855475954,976.0805141828491,965.8935920437075,966.803955078125,6905092.0
2023-01-19,964.3544095752912,973.9773956870201,961.205090023833,972.2715454101562,2298287.0
2023-01-20,971.9654084863769,981.0197425002409,968.4661407098746,969.1222534179688,4747128.0
2023-01-23,971.9215153834513,982.3318572030873,969.4283087315249,980.8446044921875,1696834.0
2023-01-24,984.9563810243907,1000.5280579599146,980.8446774709746,995.410400390625,4861107.0
2023-01-25,992.7858234383142,992.7858234383142,976.9516607270531,982.2005615234375,2692236.0
2023-01-27,982.2007635412865,992.3049423682057,966.6727621582023,975.94580078125,3864525.0
2023-01-30,975.9457211825102,997.2474915339417,967.372579557829,992.698486328125,3508427.0
2023-01-31,993.7920601427468,995.2792062494719,973.6712701926735,981.7195434570312,4582858.0
2023-02-01,994.6668734418405,994.6668734418405,974.9397084780481,990.3802490234375,2393911.0
2023-02-02,995.3666781249997,1010.8508940195846,992.9171481715522,1005.689453125,3048359.0
2023-02-03,1009.538432044865,1011.8567175664016,996.066234037564,1002.671142578125,1814055.0
2023-02-06,993.0921927086071,1005.9082828199369,986.7935531700033,1002.2777709960938,2070175.0
2023-02-07,1004.1585355059959,1008.6638638010157,984.9563476835614,987.0121459960938,1931191.0
2023-02-08,991.9550793972078,1005.1647955615448,990.9052348583547,1001.66552734375,2848255.0
2023-02-09,1000.7906369773543,1007.7891729002729,995.5417350351654,1002.846435546875,1501083.0
2023-02-10,984.8689764919953,988.5431650091007,962.2986562035493,975.9895629882812,3185163.0
2023-02-13,980.8883200180177,980.8883200180177,966.6725472641334,973.6710815429688,2009185.0
2023-02-14,980.6697904353792,999.3908943224895,978.0453396135183,984.5626831054688,3938046.0
2023-02-15,984.1690033216183,992.5672241254618,979.4449707478403,991.080078125,1648954.0
2023-02-16,996.0665378803222,1007.9203500301022,983.2942320250211,986.9247436523438,2369355.0
2023-02-17,981.2819537375808,981.2819537375808,968.9033815511732,970.6530151367188,1958807.0
2023-02-20,970.6531644531585,992.6547247445865,968.9472073713272,976.033203125,1706036.0
2023-02-21,980.6698068589558,981.5884073776622,965.0105620017664,966.84765625,1313278.0
2023-02-22,957.9245943195407,967.1539561859635,953.5942929787005,955.8250122070312,2212194.0
2023-02-23,966.497735465683,972.7525907504606,955.7374450845323,957.3558349609375,2139983.0
2023-02-24,959.6742739528361,966.2354016234343,946.5520186116396,957.7933959960938,1684570.0
2023-02-27,953.5504978874329,953.5504978874329,941.3030602998879,948.2578125,1834553.0
2023-02-28,947.8642003425807,959.5867692634912,934.3919974570325,942.7027587890625,20793703.0
2023-03-01,942.4839032282991,965.7977934219056,942.4839032282991,963.2608032226562,1655100.0
2023-03-02,953.8131043886995,977.1706776930802,953.8131043886995,967.50390625,4074162.0
2023-03-03,975.4207765853649,988.280541417506,971.9652927830829,978.9200439453125,3253621.0
2023-03-06,987.6683106126745,1004.2898322261739,982.6818968442949,985.6561889648438,4091674.0
2023-03-08,972.7964594000348,983.2942629187402,968.6848624042137,980.3636474609375,3209393.0
2023-03-09,981.5009070228197,985.6562878430503,974.5899380373639,976.8644409179688,1834324.0
2023-03-10,966.6727530501173,978.1766175777354,966.6727530501173,976.5582275390625,1193681.0
2023-03-13,980.625989456847,991.6924449169902,957.9245329665964,961.0738525390625,3028387.0
2023-03-14,961.03018241554,965.2730231737162,932.5548485913804,948.3453369140625,3683544.0
2023-03-15,957.9683573635551,960.4615643484857,940.8656430334673,944.4961547851562,1528510.0
2023-03-16,948.25775787763,951.4071842214989,935.7479399930334,938.1536865234375,1812907.0
2023-03-17,951.9755730762023,977.2577992643819,948.3451688865612,969.6906127929688,5350523.0
2023-03-20,966.6728106543209,969.5597495466105,950.2699914690099,954.2941284179688,2066169.0
2023-03-21,961.4239496564429,964.3983490204978,942.2654346703277,948.2142333984375,2421127.0
2023-03-22,955.2563176422965,967.3288341644055,943.9712645154466,946.0707397460938,1382329.0
2023-03-23,942.1777923311352,945.1521911206555,928.1807220643774,932.4673461914062,2178855.0
2023-03-24,938.6785433991153,953.5504308527825,915.9770873252161,920.0886840820312,2688253.0
2023-03-27,921.4446471556136,932.1173701991481,914.0087037987926,919.8699340820312,1459887.0
2023-03-28,924.5065399495351,930.6302582317428,909.2409210153855,910.7718505859375,2965015.0
2023-03-29,915.0585613885027,936.054168915581,911.646753807516,933.8671264648438,2478745.0
2023-03-31,947.776690591325,959.5867192369334,935.5292534773607,949.3950805664062,3131614.0
2023-04-03,953.5066738886817,961.6425140853564,951.8008235841418,960.6802368164062,1540702.0
2023-04-05,949.4825606897422,973.6712708517568,932.6861178705049,972.0965576171875,3342291.0
2023-04-06,970.2156761933543,970.2156761933543,949.5699129746591,955.1687622070312,2378264.0
2023-04-10,955.1688079523205,966.6726715095675,954.8626433961022,965.010498046875,711625.0
2023-04-11,965.7978515625,970.9592925980687,949.1763305664062,950.9259643554688,2318905.0
2023-04-12,955.3001401717394,960.0678499871435,944.88979677357,957.4871826171875,2715967.0
2023-04-13,952.6756167435124,952.6756167435124,929.930377041647,937.6724853515625,3071057.0
2023-04-17,922.9318916846711,922.9318916846711,889.032734525637,911.7341918945312,9509446.0
2023-04-18,918.1641324309543,932.9047760359156,914.3585934335522,930.6739501953125,3686404.0
2023-04-19,939.5095990208142,939.5095990208142,906.7039641540903,908.6723022460938,4322881.0
2023-04-20,909.8096620858435,916.1083016461494,902.6798823183918,907.6226196289062,3057560.0
2023-04-21,922.0570282921047,939.5533665898677,907.8412534251725,917.63916015625,7708194.0
2023-04-24,924.6816197243287,926.3437934733458,915.0586321964502,922.1009521484375,2033625.0
2023-04-25,918.9514158679077,926.2562227797324,913.6588374316036,921.5758666992188,1237595.0
2023-04-26,922.9318328039476,933.4296356415281,916.8081144820256,932.1611938476562,1647101.0
2023-04-27,932.1612909266385,940.4282688065199,928.1808308871791,937.147705078125,1654910.0
2023-04-28,943.1089570633233,950.938954001597,937.5924423664869,946.801513671875,2629188.0
2023-05-02,946.8015748476888,956.3221522644021,946.712619820545,949.871337890625,1905168.0
2023-05-03,944.9330113552658,946.7125462165751,938.7046393406831,942.2191772460938,1649820.0
2023-05-04,939.6389791992553,950.2271251903095,932.7432813136531,949.2039794921875,1403672.0
2023-05-05,949.2039140996046,952.0065945428643,936.1242680362558,939.1940307617188,1641673.0
2023-05-08,941.3740457919984,958.7245126095257,938.7047432046865,957.1674194335938,1389075.0
2023-05-09,952.941002988064,963.2622843788206,948.536697260269,960.0591430664062,2981949.0
2023-05-10,964.6415198593526,968.7789607274544,953.9197773383171,959.4364013671875,2091411.0
2023-05-11,962.861932620821,972.1599596541732,960.9934425727547,968.156005859375,2653108.0
2023-05-12,966.2875041674392,981.7694803769392,958.6799486033153,974.7402954101562,1585037.0
2023-05-15,977.8098101371065,984.0381817418923,972.3378276899609,978.5216674804688,1523466.0
2023-05-16,978.9220899611663,983.4599907775992,968.1559257048887,970.4692993164062,1166324.0
2023-05-17,970.2914799344838,973.3611344308252,945.5558994487504,956.0997314453125,3602382.0
2023-05-18,962.6840047857102,965.3978393928203,954.7206282658951,960.8600463867188,1515743.0
2023-05-19,968.6010022034301,982.3034451723356,963.1289096582964,974.60693359375,1984436.0
2023-05-22,974.6068835562191,998.2302559243086,968.9123494001047,996.4061889648438,1864932.0
2023-05-23,996.5396386515835,1006.6384784454357,982.303358099418,985.2840576171875,2138096.0
2023-05-24,977.8988579957247,992.0906039063818,976.9645588244011,989.3767700195312,1302744.0
2023-05-25,986.9299460142771,994.9823843433011,981.4579634545071,992.9804077148438,1124803.0
2023-05-26,992.0904788366802,1014.6460567896406,991.2007115910867,1013.622802734375,1635167.0
2023-05-29,1019.6734066203257,1021.4084095471749,1000.4544531398469,1002.0559692382812,1288914.0
2023-05-30,1004.5475093561091,1017.8940218807695,1003.702273675226,1010.6423950195312,1983735.0
2023-05-31,1009.7081411390258,1026.213262093363,1007.305703866377,1018.8726806640625,5967930.0
2023-06-01,1021.4530112689743,1027.8148701264574,1012.2439400766256,1016.0254516601562,1445692.0
2023-06-02,1021.452931136694,1024.2111882348718,1006.8607246833338,1011.7100219726562,1336554.0
2023-06-05,1017.8939576538394,1021.8979111585966,1010.7758180898264,1012.8223266601562,1435758.0
2023-06-06,1005.4372244805603,1007.4837330734097,990.9785033320567,1004.1915283203125,1943605.0
2023-06-07,1008.8186205235633,1008.8186205235633,993.1586227514608,1004.5922241210938,2459039.0
2023-06-08,1004.5920409255104,1006.5494859829588,995.0270402852304,1002.5455322265625,1385218.0
2023-06-09,1004.6364121322671,1006.326992020303,984.0382738176781,987.41943359375,1824218.0
2023-06-12,990.2666423949496,1015.180131054402,988.9765230350472,1014.0234985351562,1670970.0
2023-06-13,1018.7391715865716,1018.7391715865716,1004.814398252362,1006.5939331054688,2014656.0
2023-06-14,1012.5554168709053,1012.9113455944023,1001.922738671938,1010.6423950195312,836964.0
2023-06-15,1014.3348838341265,1020.5632559278448,1011.2652296050412,1017.5380249023438,2109652.0
2023-06-16,1023.2324841001338,1027.0139954544168,1007.6170231797155,1021.630859375,2909817.0
2023-06-19,1021.6308427511707,1026.70258188878,1010.2863088729181,1012.1549072265625,1278608.0
2023-06-20,1008.1066683407181,1041.6953944924057,1007.6617845506295,1039.826904296875,3504867.0
2023-06-21,1045.4768303664268,1046.0996241813914,1033.5984557612735,1041.4283447265625,2019683.0
2023-06-22,1041.161693681078,1041.4285588219823,1031.1072752466036,1035.15576171875,972005.0
2023-06-23,1033.8207803178118,1041.5172901737471,1024.1222937798568,1036.7125244140625,1699790.0
2023-06-26,1038.58102494103,1046.3219580787663,1034.8440452085063,1038.803466796875,1190307.0
2023-06-27,1038.3586516551484,1044.9873759513991,1032.3081893309316,1041.0279541015625,1504039.0
2023-06-28,1044.0977010308256,1044.5425848113346,1037.9138599274327,1041.25048828125,1424076.0
2023-06-30,1041.3395014235068,1062.3825271386684,1036.5792664292703,1056.9993896484375,3036648.0
2023-07-03,1058.8234347317941,1063.272272692852,1045.0320370525144,1051.349365234375,1749952.0
2023-07-04,1051.7049564792567,1061.4923968525832,1048.6353027169282,1059.35693359375,1094468.0
2023-07-05,1062.3826248222022,1070.034605254694,1056.6880898674804,1063.094482421875,1653610.0
2023-07-06,1063.0943837940235,1065.9415967001262,1045.432409845479,1050.504150390625,2334220.0
2023-07-07,1048.2795150329605,1052.5503335107478,1026.6136999250875,1029.9947509765625,2159585.0
2023-07-10,1032.13026318989,1033.8208431024361,996.539564459204,1000.5435180664062,3960400.0
2023-07-11,1006.9944540208585,1006.9944540208585,989.4215443969027,992.0018920898438,4982603.0
2023-07-12,996.2726334482711,1000.5435609245753,980.9241439632121,988.13134765625,3824027.0
2023-07-13,978.7441609813185,1000.4545077295596,967.2217163499859,986.5741577148438,12294227.0
2023-07-14,991.378924590023,1029.549972815045,989.0211275599186,1024.077880859375,6605038.0
2023-07-17,1024.967588982758,1042.807470121208,1017.5825841836914,1026.5692138671875,3159479.0
2023-07-18,1031.1959177388503,1041.0278912687302,1020.0294016805062,1038.5364990234375,2431478.0
2023-07-19,1036.5791374373516,1045.3878574096586,1029.4609974377818,1040.1827392578125,2242397.0
2023-07-20,1041.0353353300281,1043.548223063414,1030.26600427489,1037.26611328125,1990001.0
2023-07-21,996.1631716110918,1022.99677805394,982.7015071298608,1001.05419921875,5259150.0
2023-07-24,1005.1375180338619,1012.0477946498264,997.0605201210897,998.7656860351562,2672505.0
2023-07-25,1003.7913929314203,1004.2401150561103,991.7656180794696,997.55419921875,2506726.0
2023-07-26,996.342553408758,1005.900356494024,996.2528308948393,1000.6503295898438,1969964.0
2023-07-27,1000.6502444301424,1007.5605206832697,995.220663408907,1002.7592163085938,1769815.0
2023-07-28,999.7977366828633,1003.791319479857,984.9000755922405,990.3745727539062,2031899.0
2023-07-31,994.3683036499976,1004.6889132997945,983.5989718415138,1002.176025390625,2526624.0
2023-08-01,1005.1375164690382,1024.8812891139657,997.8682402691194,1021.740234375,2710536.0
2023-08-02,1020.3941268626678,1020.3941268626678,1006.4837407884626,1014.9197387695312,2701150.0
2023-08-03,1010.5220863210101,1019.0927215485983,1000.6951169574965,1010.0733642578125,1608187.0
2023-08-04,1014.515738254609,1034.1697878772345,1010.5221554395081,1026.990234375,3315303.0
2023-08-07,1036.1444692128482,1037.2213586654325,1025.9135812080262,1032.779052734375,1655404.0
2023-08-08,1036.4582635308711,1038.2531518183778,1020.3939914474308,1024.2978515625,1667697.0
2023-08-09,1023.9392690660015,1028.4714076585024,1009.6250729631894,1026.8111572265625,1559337.0
2023-08-10,1023.0863964625762,1027.394172478726,1012.9004266185806,1017.9710083007812,1676669.0
2023-08-11,1041.0353421939083,1065.221421194186,1035.9199537295106,1051.31103515625,7391806.0
2023-08-14,1050.5931429823274,1056.2918921127775,1035.6506741700468,1050.9072265625,1720940.0
2023-08-16,1055.1701917452203,1064.5933573955072,1050.0996092707558,1056.4266357421875,2567226.0
2023-08-17,1056.157221552749,1059.8367209903233,1044.5801690602802,1056.0225830078125,2331256.0
2023-08-18,1052.7021550814097,1057.0547379896864,1039.8238513945537,1053.330322265625,3406088.0
2023-08-21,1052.6573359134316,1066.9716394265274,1049.0675584131666,1058.311279296875,1661946.0
2023-08-22,1060.779133148646,1065.2663545240634,1055.5291060496684,1058.5355224609375,1805887.0
2023-08-23,1070.6061545692842,1072.445959240387,1057.7727665618786,1061.2279052734375,2347850.0
2023-08-24,1067.0164353277282,1067.0613513665621,1049.1124640433231,1051.1317138671875,2464221.0
2023-08-25,1045.5225153329714,1050.7277356246755,1032.0608520454223,1035.605712890625,2105159.0
2023-08-28,1036.5479468186759,1040.7658903142215,1022.4581181153334,1028.874755859375,2571967.0
2023-08-29,1035.5610980756812,1043.9970972075018,1030.5354314284211,1038.8367919921875,1794652.0
2023-08-30,1046.4198753620915,1054.6315112170857,1042.516015233048,1050.4583740234375,1497356.0
2023-08-31,1058.5356474152472,1066.2536471817716,1046.3304257436134,1051.939453125,4483967.0
2023-09-01,1052.7022434665414,1066.1639089840164,1050.9970772573984,1064.1895751953125,1669640.0
2023-09-04,1064.3688203204235,1108.3435860840834,1063.4713761211651,1106.0999755859375,4517935.0
2023-09-05,1109.9139251687427,1114.3562293810487,1099.548402604995,1108.8370361328125,2842400.0
2023-09-06,1112.696222282918,1114.9847489220792,1097.3050316119911,1109.1064453125,1767709.0
2023-09-07,1111.0360329367898,1128.0874744762073,1104.12575571239,1125.3951416015625,2582004.0
2023-09-08,1129.8823799555728,1139.3504611935152,1125.6644355427427,1132.61962890625,2280777.0
2023-09-11,1145.6322864269976,1152.5874780608544,1140.1129834137453,1150.1195068359375,2691836.0
2023-09-12,1153.215779262916,1159.2735275197444,1135.7156176320777,1150.8824462890625,2140769.0
2023-09-13,1150.5234464979294,1150.8824460826022,1136.2540620297013,1144.4656982421875,2275523.0
2023-09-14,1149.4912572327712,1158.3310597356458,1144.7796756927776,1151.959228515625,2655172.0
2023-09-15,1161.2928986721881,1175.6520071565428,1158.6454818659067,1170.8057861328125,4286280.0
2023-09-18,1168.4723402702946,1176.8186150927424,1157.4337328665786,1171.1646728515625,2761885.0
2023-09-20,1150.0749071802238,1170.2674045751166,1150.0749071802238,1160.7545166015625,2220756.0
2023-09-21,1152.3183811528022,1153.215825374884,1130.1515526879048,1146.9337158203125,3112700.0
2023-09-22,1141.9529017093023,1151.9594270913356,1135.3567083265104,1143.07470703125,1321467.0
2023-09-25,1139.7542806493643,1148.7287238040838,1127.7285049117788,1133.8759765625,1246703.0
2023-09-26,1134.3693368111124,1138.8116412637132,1128.1769506413652,1132.080810546875,903152.0
2023-09-27,1129.4335127201991,1137.6451489660874,1124.7668467543476,1131.766845703125,1670373.0
2023-09-28,1131.766896131406,1136.1643947670673,1111.5295944830395,1114.5360107421875,1807072.0
2023-09-29,1108.4332300099181,1121.5358924799011,1101.3883154554571,1108.1640625,2338327.0
2023-10-03,1106.0999524017411,1127.818057748058,1097.3049556128374,1111.6640625,2162636.0
2023-10-04,1107.4463858699987,1117.1388291778808,1099.369386297203,1112.42724609375,2253785.0
2023-10-05,1120.9077263214017,1125.3500309759,1101.8819544509524,1108.747314453125,2995200.0
2023-10-06,1123.6002204504914,1127.1899975126335,1103.9461691250028,1110.7667236328125,2497711.0
2023-10-09,1109.2409486903182,1136.7476332845222,1104.8883665543392,1121.4461669921875,3430211.0
2023-10-10,1126.7861153207482,1135.042558185589,1120.1898127734748,1132.3951416015625,1532394.0
2023-10-11,1136.1642043697761,1143.747563019189,1113.7281023877506,1117.8563232421875,2186131.0
2023-10-12,1117.3180032638536,1120.5039739209858,1090.5293164211591,1098.247314453125,3921609.0
2023-10-13,1086.804834563578,1136.6129834638905,1084.6061402794835,1127.10009765625,5740821.0
2023-10-16,1133.471932859168,1148.100315955695,1131.0488775358024,1140.33740234375,2527113.0
2023-10-17,1147.741425810105,1147.8311483211378,1140.6515946178,1146.1708984375,1687345.0
2023-10-18,1146.9336897920577,1150.0747444980611,1137.4208031641354,1139.260498046875,1743126.0
2023-10-19,1136.8825699608722,1144.017208870703,1135.1774037502723,1137.3760986328125,2279726.0
2023-10-20,1134.3408267979742,1142.8121199582724,1128.4063317474452,1140.320556640625,1625449.0
2023-10-23,1130.716565207104,1142.0418513169507,1116.4920500925352,1120.4332275390625,1646367.0
2023-10-25,1115.4954035013939,1135.156167729222,1110.1499566149673,1113.502197265625,1420065.0
2023-10-26,1100.8177129982184,1121.8373979288306,1098.1449899509098,1116.0389404296875,4617424.0
2023-10-27,1120.750429175258,1150.6491875930296,1117.5340033484883,1149.4713134765625,2675348.0
2023-10-30,1150.6493214058485,1154.9982764663187,1137.9649981777525,1145.8927001953125,1158770.0
2023-10-31,1152.4613569014498,1159.5736159544474,1138.5991595483686,1156.08544921875,2525870.0
2023-11-01,1159.7091527673247,1165.0999440427481,1137.330434449411,1140.6373291015625,1572719.0
2023-11-02,1147.024901135415,1155.1791065937234,1146.118878306714,1153.7294921875,1368604.0
2023-11-03,1162.064916722231,1166.3232905915083,1144.3068905016041,1147.25146484375,2052536.0
2023-11-06,1156.3118140214444,1159.2563886702746,1146.254981186679,1150.3773193359375,1175823.0
2023-11-07,1149.743135862313,1157.6254913723214,1148.0216701191773,1154.2279052734375,1385282.0
2023-11-08,1159.7095041508142,1160.4343668303152,1146.9346012638562,1148.5201416015625,937671.0
2023-11-09,1148.520080843468,1155.9041904310034,1143.2198684003697,1148.3841552734375,1483749.0
2023-11-10,1143.6725306720791,1151.5548841447728,1133.1173437999944,1137.4661865234375,1469902.0
2023-11-13,1141.5888501499307,1144.850510459231,1135.5185409798025,1142.494873046875,730991.0
2023-11-15,1155.1792343835054,1162.4274178149312,1149.1995051722795,1156.6741943359375,2410620.0
2023-11-16,1163.1523053217247,1194.0929005288235,1157.8973279819354,1187.8414306640625,3936945.0
2023-11-17,1189.9705927456023,1201.1599543225886,1183.6284319458603,1186.1199951171875,2882039.0
2023-11-20,1191.374767776099,1206.5506513467744,1190.5140902607436,1200.8427734375,2831858.0
2023-11-21,1210.0840146699734,1210.4464459052108,1197.5809665429176,1201.9298095703125,1514256.0
2023-11-22,1201.9299984937227,1210.2201304344792,1196.3127005592935,1204.7386474609375,1535630.0
2023-11-23,1208.5893840444232,1209.7672582300559,1201.1146940010622,1204.1046142578125,1307344.0
2023-11-24,1204.0139488021741,1207.4115349448932,1182.9489147173165,1186.1199951171875,1795933.0
2023-11-28,1186.1201102580555,1195.8598581459885,1173.5717130058642,1192.915283203125,2152951.0
2023-11-29,1199.5743495577028,1212.983533051978,1197.3092922511362,1208.5892333984375,1835524.0
2023-11-30,1211.3528404584106,1220.2319107535343,1204.7388278305614,1214.8863525390625,4104385.0
2023-12-01,1219.5068680648817,1222.224936864432,1203.1984552675804,1211.080810546875,1854324.0
2023-12-04,1223.1308766782788,1223.1308766782788,1205.9164421176215,1212.2132568359375,1547057.0
2023-12-05,1220.4127978564618,1220.4127978564618,1185.3497572576673,1193.73046875,3932040.0
2023-12-06,1200.4804564477415,1214.0254558490126,1195.5426754134546,1204.6029052734375,2077245.0
2023-12-07,1205.916677543916,1211.3528158348727,1200.7976252002284,1203.1986083984375,1985003.0
2023-12-08,1207.7289500297413,1241.2064637075048,1204.1048571564338,1235.90625,4509751.0
2023-12-11,1241.341959264334,1253.0296768514115,1237.6726328604195,1246.0533447265625,2824656.0
2023-12-12,1247.5935394247242,1256.653768469203,1241.251379093589,1246.0533447265625,2730422.0
2023-12-13,1249.7227666307147,1252.8486122490274,1229.5185206766757,1240.526611328125,1896931.0
2023-12-14,1260.2779148257098,1285.873062988058,1252.1237083315104,1281.6600341796875,5145574.0
2023-12-15,1288.3645471415018,1356.316263762889,1288.3645471415018,1351.1519775390625,7374290.0
2023-12-18,1349.8382005380686,1368.0040039910052,1341.8199199625165,1362.9302978515625,3075527.0
2023-12-19,1360.3935414529706,1363.2475360372594,1338.8301497033558,1348.43408203125,2590417.0
2023-12-20,1345.4441890392309,1361.7979488423791,1300.1430378931288,1304.6278076171875,4368383.0
2023-12-21,1287.5947133639309,1311.0607330934758,1286.643344897097,1288.41015625,2841508.0
2023-12-22,1296.5189817798348,1329.4528974572643,1289.2707973953213,1325.2398681640625,2303438.0
2023-12-26,1325.2397698443704,1329.452798825007,1306.6210639470853,1321.117431640625,1363265.0
2023-12-27,1327.7312199273654,1337.289805800365,1320.5737274672601,1333.7110595703125,1402329.0
2023-12-28,1332.3972440258399,1343.3600989089698,1330.4492726866292,1334.0733642578125,1928616.0
2023-12-29,1335.4325710069702,1342.5901749038335,1320.5738821255975,1328.3203125,1481617.0
