Date,Open,High,Low,Close,Volume
2013-01-01,119.41733381454729,122.3233041854505,119.41733381454729,121.82383728027344,7134099.0
2013-01-02,123.91253070756103,124.50281492313026,122.1417057743779,122.59576416015625,6934542.0
2013-01-03,123.18601092032685,123.50385727218706,120.87032468188103,122.05086517333984,4968022.0
2013-01-04,120.82491553551573,121.50600298063503,118.78165320015783,120.37085723876953,5798690.0
2013-01-07,120.77950747941823,123.50385727218706,120.09842003122601,122.05086517333984,5957987.0
2013-01-08,121.77844432306553,121.77844432306553,119.19030641254626,120.77951049804688,4031319.0
2013-01-09,121.73303467764671,122.59574268817448,119.37192594242978,119.91680145263672,7741914.0
2013-01-10,120.87032917568729,121.36978223752293,117.14704544443906,118.10057067871094,10305042.0
2013-01-11,117.37406675783107,118.73624161382136,114.87674618851551,115.37621307373047,6063225.0
2013-01-14,114.92216214402008,116.96542455878502,113.87782663524199,116.46595764160156,7377731.0
2013-01-15,116.96543148657165,118.2367892994675,116.2389353691622,117.23786926269531,5680905.0
2013-01-16,117.14706770654777,117.64653472006002,111.6983668829874,112.06161499023438,5598439.0
2013-01-17,110.790223723472,112.56104829851986,109.24642829539846,110.83563232421875,10642611.0
2013-01-18,111.51672971075355,113.42377332974151,110.9718541667167,111.47132110595703,5857034.0
2013-01-21,110.7902336042913,113.15133555772309,110.7902336042913,111.47132110595703,3733592.0
2013-01-22,111.60754785394502,112.3794456911983,108.29292039333654,108.74697875976562,5344542.0
2013-01-23,108.9739898173315,109.97291667164778,105.34152349008713,107.02153778076172,7443568.0
2013-01-24,107.24855767357363,107.56639706411066,102.84419401744285,103.4344711303711,8651011.0
2013-01-25,102.61716773675914,106.9307212478176,102.34473000681427,105.70476531982422,6066863.0
2013-01-28,106.6129022792625,108.51994596919567,104.66044998284353,107.5210189819336,5580358.0
2013-01-29,107.15776412012957,108.56534769136469,103.93394725872275,104.8420639038086,5062131.0
2013-01-30,104.97827312318142,105.84098801362968,103.9793462912125,104.47881317138672,5109210.0
2013-01-31,103.57069492094095,106.15882569332143,103.1620383179044,105.52313995361328,8784944.0
2013-02-01,105.38693867595514,106.6128947523318,102.61718015700257,102.88961791992188,8014047.0
2013-02-04,103.52530135098249,104.66044719912922,102.4809657850114,102.7988052368164,4727480.0
2013-02-05,101.70906073616464,103.88854199475846,101.39122130704013,103.07123565673828,5971025.0
2013-02-06,103.75233091671376,104.88747676919421,102.93502451725173,103.8885498046875,8416196.0
2013-02-07,103.34367709453862,104.79666234258049,102.39015184480917,102.93502044677734,4313994.0
2013-02-08,102.66258024587333,103.75231735041206,98.7576762525804,99.6203842163086,15775966.0
2013-02-11,99.71121463847761,102.34474747842046,97.98579155382576,101.98150634765625,9989725.0
2013-02-12,102.39014801567644,102.88961492369025,100.8009439444797,102.2539291381836,6902951.0
2013-02-13,101.70906059990102,103.07123551864969,99.93823597687971,100.34688568115234,5822068.0
2013-02-14,100.11987567913849,101.16421136895087,98.84851079277476,100.48312377929688,4795232.0
2013-02-15,99.71120055844473,100.98255819335435,99.07551481261044,99.57498168945312,4204225.0
2013-02-18,99.93824104242958,101.43662798629764,99.7566135536957,100.80094909667969,5420355.0
2013-02-19,100.43770355893452,102.02690775109608,99.57499548311327,101.70906829833984,4956450.0
2013-02-20,102.52636340867807,102.98042169930252,100.52850277290266,101.30040740966797,9989553.0
2013-02-21,99.93822834762935,100.52849855798881,97.44090785390138,97.89496612548828,8142335.0
2013-02-22,97.16847384603719,98.30361956853761,95.71548870691255,97.21388244628906,8026436.0
2013-02-25,97.25929671432927,98.03119451992303,96.26036973483258,96.85064697265625,6425189.0
2013-02-26,96.85064435055702,96.85064435055702,91.90140433643924,92.40087127685547,12356631.0
2013-02-27,93.35439398969139,93.76304370908107,90.5846354477563,92.85492706298828,11568128.0
2013-02-28,93.99007962727207,94.35332769749805,88.99543771471171,89.812744140625,14636637.0
2013-03-01,89.81272973743211,90.49381716173764,88.5413651597192,89.8581314086914,7542160.0
2013-03-04,89.22246552682083,89.44949470118932,85.22675067225909,85.6808090209961,10336404.0
2013-03-05,86.04404348553769,90.03975770853671,85.90782461677124,89.54029083251953,8264711.0
2013-03-06,90.53922337723536,93.08195266028287,90.08516507157545,92.44627380371094,8092286.0
2013-03-07,92.35543823595809,92.40084682884702,89.99433690168291,91.8105697631836,5696259.0
2013-03-08,92.21925482484932,93.17277321490286,90.4938316873106,91.99222564697266,8498923.0
2013-03-11,91.58355315843556,92.17383030468332,89.94894751695655,91.44733428955078,10007382.0
2013-03-12,91.49272601075097,92.49165265099916,89.44946413954312,90.31217193603516,7605318.0
2013-03-13,89.90353634371074,89.90353634371074,86.7251284931755,86.99756622314453,14201065.0
2013-03-14,87.1791931444908,87.63325144211835,85.27214968013102,87.22460174560547,12394783.0
2013-03-15,88.08731315464856,89.54029837770901,86.40729877397301,86.81594848632812,12975662.0
2013-03-18,86.22567170152726,87.31541582029787,84.99971563024292,86.54351806640625,5934442.0
2013-03-19,86.77055108743292,87.36082138361351,84.00079245669777,84.50025939941406,10548598.0
2013-03-20,83.59212592025186,85.2267314500036,81.73048433895734,82.00292205810547,7972634.0
2013-03-21,82.18454860253122,83.68294231079472,79.77803833512375,80.05047607421875,7563390.0
2013-03-22,79.50561512067365,82.59320617405967,79.32398763446378,81.41265869140625,7451650.0
2013-03-25,83.95538498135416,83.95538498135416,79.5510204330051,79.91426849365234,5622910.0
2013-03-26,79.46021491192027,80.82239002469606,78.91534625248615,80.09589385986328,6766929.0
2013-03-28,80.0958888246114,83.50132639246699,79.59642880502086,83.18348693847656,13010048.0
2013-04-01,83.72834263506202,84.18240090733107,82.184547280699,83.27428436279297,4414052.0
2013-04-02,83.0926706459644,84.81809360789539,82.86564149119401,84.591064453125,4370443.0
2013-04-03,84.00079611256636,85.27216089886512,81.36725625417193,82.18456268310547,6856262.0
2013-04-04,81.5488709657595,82.41157893811241,80.14128750731042,80.36831665039062,4545436.0
2013-04-05,79.91426207705153,81.95752445970342,79.50561237187313,81.59427642822266,7366012.0
2013-04-08,81.82131699561553,82.82024402524924,81.41266723343203,82.27537536621094,5753327.0
2013-04-09,83.22889171562615,83.90997919786797,82.27536646913555,82.50239562988281,7646303.0
2013-04-10,82.86564608516838,83.50132498241479,80.64076301642558,82.59320831298828,5252564.0
2013-04-11,83.45594031901923,83.50134200471778,81.18564818263886,81.82132720947266,3714734.0
2013-04-12,80.82238494377278,84.68188085400912,80.73157466097273,83.18348693847656,4435867.0
2013-04-15,83.00187049104827,83.18349106565955,81.27644731871776,82.77484130859375,4755374.0
2013-04-16,81.73048803885938,84.72727537163595,81.50345890541811,84.31861877441406,5608091.0
2013-04-17,84.545654296875,85.2721503501393,83.00185884416317,84.545654296875,6041053.0
2013-04-18,84.45484545898438,85.63539983352646,83.36510828893012,85.13593292236328,7013200.0
2013-04-22,85.77161660745446,87.3154191016343,84.45485020888316,86.67973327636719,7264653.0
2013-04-23,86.81594387409345,88.63217703852378,86.36188558298588,87.45162963867188,6402187.0
2013-04-25,87.72406170875512,89.44948462527391,87.72406170875512,89.13164520263672,5221811.0
2013-04-26,88.99542498347735,90.63003760146452,88.99542498347735,89.9035415649414,6230237.0
2013-04-29,89.90353759246251,90.4938147300081,88.58677137887416,89.76731872558594,2978869.0
2013-04-30,90.08516326937753,90.35760101867518,86.63432437242584,88.31433868408203,5726841.0
2013-05-02,88.13272291179335,88.45056235094117,86.77054794826257,87.1337890625,4364022.0
2013-05-03,87.13378964453977,89.72192763524072,86.08946104156102,89.04084014892578,4464583.0
2013-05-06,89.90354149453017,92.76411010957752,89.67651234934196,92.35545349121094,6785285.0
2013-05-07,92.62788235091624,94.26249481081342,92.08301384041019,92.58247375488281,6985141.0
2013-05-08,92.90032430959174,94.26249911220523,92.3100471761167,93.53600311279297,7409486.0
2013-05-09,93.26357959877168,94.58035293239854,93.17276931709613,94.03548431396484,7470893.0
2013-05-10,94.08088540706751,96.7144251296061,93.67223567787202,96.21495819091797,5930251.0
2013-05-13,96.21495876502557,96.53280514338569,93.94466708176985,95.39765930175781,13696216.0
2013-05-14,94.7165677416849,97.62253820048689,93.94466305972117,95.80630493164062,8583986.0
2013-05-15,96.71442524534648,99.43877525225764,96.66901664054582,98.39443969726562,8242372.0
2013-05-16,97.25928034973877,102.2085196651045,97.25928034973877,100.8917465209961,7569341.0
2013-05-17,100.80095051934254,101.79987747214643,99.39336690740498,100.029052734375,5189367.0
2013-05-20,100.16527162075289,101.6182569092295,99.71121328508018,100.029052734375,3996080.0
2013-05-21,99.89281737434253,102.0722984118222,99.25713858058477,100.25606536865234,14920677.0
2013-05-22,100.7101529758482,101.11880275828811,98.39445239967209,100.48312377929688,5142628.0
2013-05-23,99.8928402862291,100.61933644148127,97.25930038391598,98.89391326904297,13357897.0
2013-05-24,99.80201330791412,100.07444412428643,95.17062014578828,97.21388244628906,8991868.0
2013-05-27,96.80523918065674,101.25501241225248,96.6236186113592,100.43770599365234,5154867.0
2013-05-28,100.71013781768737,100.71013781768737,98.53065647315806,99.93824005126953,9193504.0
2013-05-29,98.89390689519321,100.52851274658677,98.21281939168414,100.029052734375,5256339.0
2013-05-30,98.98471693375022,100.43770221866131,96.2603669263993,97.03226470947266,10861618.0
2013-05-31,96.39658747009281,96.7144269240733,91.71978515804135,92.99114990234375,9148981.0
2013-06-03,92.9911319513247,93.67221933339732,90.13056356094386,92.08301544189453,5575586.0
2013-06-04,94.17166450140536,94.17166450140536,90.8116367143265,91.58353424072266,4522679.0
2013-06-05,91.26572168861948,93.7630424313429,91.08410113322799,93.08195495605469,4667579.0
2013-06-06,92.44627721221238,93.94466413343183,90.72085420141224,93.39979553222656,4967248.0
2013-06-07,93.08194059773446,94.89817358500733,92.17382410409803,92.58247375488281,3896574.0
2013-06-10,93.12736077569039,93.76303962894143,90.67544178090806,91.35652923583984,3531868.0
2013-06-11,90.81166974740033,91.35653838020862,84.63647343322488,85.6808090209961,9481909.0
2013-06-12,84.4548469632779,85.99864246974923,83.0926720122573,83.81916809082031,6952543.0
2013-06-13,83.31970127532261,88.90461996719192,82.63861379895758,87.90569305419922,10520991.0
2013-06-14,88.08731243853333,95.53386597641817,88.08731243853333,94.12628936767578,12196294.0
2013-06-17,95.44305942568462,95.6700885903168,91.76519111567177,92.62789916992188,8909126.0
2013-06-18,92.53709428820049,94.35332771121374,90.99329172161085,91.99222564697266,6626285.0
2013-06-19,91.90140087627381,95.71549490800572,91.40194088304304,94.71656799316406,6678170.0
2013-06-20,92.71870015303443,92.99113789462733,88.26892758675439,88.76839447021484,10484687.0
2013-06-21,87.63326799108627,91.7197934414478,82.774844674666,85.36297607421875,11354652.0
2013-06-24,87.22460508408828,87.99650283392322,84.13700715636851,85.45377349853516,6540033.0
2013-06-25,86.8159401727708,89.13164013004345,86.04404249647303,88.1327133178711,7980824.0
2013-06-26,88.17812326236076,88.81380905948791,85.45377337622162,85.99864196777344,4472739.0
2013-06-27,87.99649301906545,88.08730328626204,86.08944969442018,86.99756622314453,6247947.0
2013-06-28,88.17812395594578,91.40194078458677,87.72406563801776,90.63004302978516,6716298.0
2013-07-01,89.9035542720603,93.44521082602972,89.13165645439047,92.53709411621094,5796204.0
2013-07-02,92.44627454044667,94.76196776073884,91.76518707652897,93.03654479980469,6291540.0
2013-07-03,92.21925481144385,92.21925481144385,88.58678796594542,89.812744140625,5372862.0
2013-07-04,90.22138204075966,91.62896552988686,89.0862363006183,90.76625061035156,4699475.0
2013-07-05,91.76518440437978,93.44519871411305,89.17704657415366,90.76625061035156,3698882.0
2013-07-08,89.9489340428869,91.71975828798675,87.86026350854176,90.94786071777344,4357406.0
2013-07-09,91.71975308146976,92.58246085890464,90.35757853075486,91.58353424072266,4020564.0
2013-07-10,91.94681400902941,92.17384317942208,88.72299701810138,89.17705535888672,3961539.0
2013-07-11,90.72083854545713,94.80736274184368,90.53921109081257,93.35437774658203,8199130.0
2013-07-12,93.62682124139877,93.99006927160269,91.4473399885552,92.44627380371094,4027737.0
2013-07-15,92.26463899876454,96.44197369348656,91.03868305649755,95.71548461914062,7054795.0
2013-07-16,93.08195261977177,94.8073755662045,92.62789431430947,94.35331726074219,4815809.0
2013-07-17,94.17170003685636,94.80738589075791,91.49275851424319,92.53709411621094,4538415.0
2013-07-18,92.9911398732888,95.89711017967483,92.9911398732888,94.807373046875,7285184.0
2013-07-19,94.62574935334051,95.26143514652287,93.53601217699931,94.12628936767578,4057651.0
2013-07-22,93.80845975242386,96.39659101336973,93.44521167950252,94.76197814941406,4479336.0
2013-07-23,95.35224547625525,96.26036209983863,94.21709969677602,95.48846435546875,5916408.0
2013-07-24,94.85278349830915,95.39765904351988,92.26465237207968,93.76304626464844,3802684.0
2013-07-25,93.53602067192722,94.17169959446186,91.9922250438399,92.80952453613281,5696212.0
2013-07-26,92.90034352136745,93.71764302924949,85.18135137693804,85.77162170410156,9553322.0
2013-07-29,86.7251263016155,86.8159365665173,81.18561700205724,82.32076263427734,7939096.0
2013-07-30,82.6840191765788,83.22888775073957,77.37153152546662,78.55208587646484,8851620.0
2013-07-31,78.55210791876127,82.45701316468822,76.73587420965696,81.82132720947266,6882175.0
2013-08-01,82.63861328125,83.54672991071429,78.46127817139029,79.460205078125,5414718.0
2013-08-02,80.00508369835539,80.82239015299444,76.78127341669709,78.73371887207031,6503281.0
2013-08-05,79.00614701091295,79.82345336566738,77.3715343014041,78.37046813964844,3901121.0
2013-08-06,77.46234768418238,78.91533283848919,76.73585164283912,77.68937683105469,5157109.0
2013-08-07,77.64396927673693,79.77804190042157,75.46448805171396,78.55208587646484,8781589.0
2013-08-08,78.55208110254655,83.90997010099728,78.27964336783336,83.27428436279297,8935982.0
2013-08-12,84.2732176674987,86.13485241712088,81.73048858462528,85.40836334228516,7344754.0
2013-08-13,83.5467224864547,85.27214531478563,81.45805165294156,83.0018539428711,22789755.0
2013-08-14,83.68295359241249,89.72193091053347,83.13808496914618,89.17705535888672,16664295.0
2013-08-16,88.40516222996678,88.8138189152648,83.59214772070962,84.9543228149414,9314657.0
2013-08-19,84.45484335872546,87.76947031708258,82.36617241828678,87.22460174560547,9593013.0
2013-08-20,84.45485275346695,89.6311151508756,83.81917383742748,88.40515899658203,12915528.0
2013-08-21,89.90354949187252,90.72085587292923,83.63754314161142,84.72728729248047,11279306.0
2013-08-22,86.04403717701251,95.6246688899734,84.9543001635365,94.4441146850586,19204284.0
2013-08-23,94.7165552053563,95.85170084814159,91.5381474055575,94.26249694824219,11149842.0
2013-08-26,94.35331475347844,97.62253308025764,93.08195014629217,94.807373046875,9829310.0
2013-08-27,92.99113554459458,95.17061663712012,88.99542136302766,90.03975677490234,9714221.0
2013-08-28,89.31326694611167,93.85384998280652,87.72406288326847,92.71870422363281,10128111.0
2013-08-29,93.53600101896228,98.53064185007193,92.71869477001397,97.25927734375,15191190.0
2013-08-30,97.90340311891104,100.29577807257606,93.67073865932721,96.66120910644531,12961890.0
2013-09-02,96.6151873343784,100.75583822013748,96.33914113393587,100.249755859375,8545257.0
2013-09-03,100.66382596537383,101.58397061401502,95.46500729652189,96.06310272216797,11638850.0
2013-09-04,96.38514633888174,100.75583316570454,95.55701479924399,99.88169860839844,10579678.0
2013-09-05,101.26192755557307,101.99803910721057,98.17943717885419,99.55965423583984,10731601.0
2013-09-06,99.6516514254443,100.75582200926854,97.53531628294489,99.2835922241211,8174003.0
2013-09-10,100.75584202555861,102.36609520861548,98.54749339905126,101.39994049072266,10171012.0
2013-09-11,101.67599323786979,106.13869379948441,100.43379924940038,105.31056213378906,12710941.0
2013-09-12,105.35655595536694,105.35655595536694,101.26191532236528,102.32007598876953,6488525.0
2013-09-13,101.35393747920685,104.62044686736283,101.30792743734189,103.42426300048828,5066014.0
2013-09-16,104.48242102327524,106.04666401852695,102.59612180534278,104.06835174560547,6926671.0
2013-09-17,103.79230108509438,105.54056999669415,102.64212047475488,104.80445861816406,4628986.0
2013-09-18,104.80448223754655,106.55275856329395,104.34440988972602,105.49459075927734,5013717.0
2013-09-19,107.74894353118577,110.14131835970599,106.73678575990573,109.03714752197266,7588877.0
2013-09-20,108.02498235230247,108.71509083365856,103.42425914326188,104.85047912597656,7175240.0
2013-09-23,104.80447422564572,107.79494425786919,104.11436575667106,107.24285888671875,5854812.0
2013-09-24,106.59876930977667,107.42690099988666,102.55013095157587,103.05621337890625,7708701.0
2013-09-25,103.05619584550737,108.16300121555305,102.27407433463767,107.47289276123047,7855335.0
2013-09-26,106.92079812126111,109.63522886296573,105.95465051772237,107.70292663574219,7970953.0
2013-09-27,107.74891817257505,109.03712186018436,104.20636329675847,104.80445861816406,5494749.0
2013-09-30,103.10221072344284,104.75846687947353,101.72199375001065,102.96418762207031,5614201.0
2013-10-01,102.82616037912499,103.51626883804528,100.43378579223052,101.67597961425781,5375233.0
2013-10-03,102.32008096671879,106.92080415803072,101.67598252799371,106.32271575927734,6776388.0
2013-10-04,105.58659727720132,110.27933352993654,105.03451189808186,108.62307739257812,10374519.0
2013-10-07,107.7949516777202,112.62571129305847,107.19685622607753,112.11962890625,14800082.0
2013-10-08,113.17778629391532,113.17778629391532,109.58922093422535,109.91127014160156,8023428.0
2013-10-09,109.03714341431102,110.96944581762389,108.48505801624259,110.04930114746094,9207369.0
2013-10-10,109.58921882559176,111.75155719939302,106.92079812126111,107.70292663574219,7408245.0
2013-10-11,109.49722089704852,109.58923396436117,104.43642497323535,105.12653350830078,12420442.0
2013-10-14,105.12653502764758,105.12653502764758,101.03189380180682,101.76800537109375,10461942.0
2013-10-15,99.37560979859282,104.29838165773472,96.61517619307635,103.14820098876953,22947336.0
2013-10-17,101.2159257276565,104.66646865019024,100.57182719017588,102.27409362792969,9822584.0
2013-10-18,101.39993040401502,106.5527456933407,101.39993040401502,105.67860412597656,12059655.0
2013-10-21,106.36873643058209,110.23334876468942,105.77064091243061,108.94514465332031,10397418.0
2013-10-22,108.39304451209738,111.47552774056828,106.46073509650225,107.19685363769531,10174738.0
2013-10-23,106.27670849229277,109.17516558247554,104.25239304335538,106.64476776123047,11436312.0
2013-10-24,105.90864031202038,108.66907406656556,104.80446961826074,105.4025650024414,6134457.0
2013-10-25,104.89650264911869,104.89650264911869,100.20376577674023,100.47980499267578,11030631.0
2013-10-28,100.75583931961054,101.8140070726586,97.99540536564861,98.5014877319336,7039471.0
2013-10-29,98.45547568392591,101.86000801633955,97.62734411059259,101.4459457397461,6557724.0
2013-10-30,101.81401047914228,104.80448069598926,101.16990498957946,104.39041137695312,7013388.0
2013-10-31,103.56227885168074,107.0128211454487,102.780150315643,105.86264038085938,8231615.0
2013-11-01,105.12652912408852,106.64476924194497,104.29839751251713,106.00066375732422,6356485.0
2013-11-05,106.6447767011772,109.35920087436581,105.44858573189059,108.30103302001953,5356086.0
2013-11-06,108.1630122530175,108.62308460284719,105.21854500201937,106.04667663574219,3544847.0
2013-11-07,106.2767192532295,109.68125204029566,105.54060064081918,107.51891326904297,8682989.0
2013-11-08,107.56491290829184,108.48505757470983,105.26455124224688,107.19685363769531,5874233.0
2013-11-11,106.64476802643158,107.01282729628456,101.95203164120939,102.4581069946289,7096767.0
2013-11-12,103.28621809027169,105.3105331423347,101.21589300605689,102.36607360839844,10337140.0
2013-11-13,101.39993671919612,105.72462074778218,100.38777901723648,104.85047912597656,8827958.0
2013-11-14,105.81663763037358,107.65692698046702,105.21854218756384,106.00066375732422,6313951.0
2013-11-18,107.19683866741276,109.86525923140326,104.85046728766433,109.49720001220703,8677657.0
2013-11-19,109.81926223689828,114.74203469528173,109.77325921662721,114.32797241210938,16182171.0
2013-11-20,114.18994301606855,115.01807455690752,110.55537466812874,111.10746002197266,7845073.0
2013-11-21,110.60138145140878,112.39566768767267,109.40519764737925,109.95728302001953,7108124.0
2013-11-22,110.87744731030017,111.93561522393007,107.10485507140662,108.94514465332031,8317855.0
2013-11-25,109.49720172667757,111.1994677444497,107.65691262202753,108.71508026123047,5389057.0
2013-11-26,108.57706474480206,112.25764321072755,108.20900549418025,108.99112701416016,8244575.0
2013-11-27,109.49721756784538,110.96944766052655,107.5649151324422,109.26718139648438,6496457.0
2013-11-28,110.04929564531186,112.57969336174737,109.26717411880651,111.70555877685547,8327954.0
2013-11-29,111.33750551996346,113.5458541409177,111.33750551996346,112.90174865722656,5005082.0
2013-12-02,112.94776053005165,113.54585598169433,110.73941187329622,112.11962890625,5004229.0
2013-12-03,111.10746370948348,116.26027221661866,110.78541449406498,114.1439437866211,9469051.0
2013-12-04,114.09793488023999,114.51199715844034,110.55537943516505,111.06145477294922,5586058.0
2013-12-05,112.85574236518639,114.05192619426849,111.56753845528166,112.0276107788086,4796038.0
2013-12-06,109.54322680087733,112.67171309215666,109.49721675888631,110.87743377685547,5150035.0
2013-12-09,113.91390735171083,114.97206805405256,111.47552269210257,114.00592041015625,6669984.0
2013-12-10,114.46600890157157,115.93823910522752,111.0614690967106,115.110107421875,8452805.0
2013-12-11,115.0180849718661,116.72035122542037,112.90174940032506,113.59185791015625,8394182.0
2013-12-12,112.25764133791782,113.4078220893309,110.8774244362221,111.38350677490234,3781269.0
2013-12-13,110.60138551039319,111.383514088829,108.39304393878767,109.2211685180664,6925600.0
2013-12-16,108.57707863063848,109.49722336479644,106.41473990939674,107.33488464355469,4894608.0
2013-12-17,108.11699544149398,109.49721240457689,106.82879153858731,107.15084075927734,4133927.0
2013-12-18,107.33488331227437,108.99113960112773,106.78279788265658,108.39305114746094,4704581.0
2013-12-19,109.03712774324818,111.10745295356301,108.25500629004726,109.49720001220703,9030128.0
2013-12-20,108.57706327383747,110.55537557650018,108.57706327383747,109.91127014160156,5390331.0
2013-12-23,110.41736708273574,114.83406457410402,110.41736708273574,113.68388366699219,6397430.0
2013-12-24,113.72987465458047,114.4199831258099,111.79757233916736,112.25764465332031,2888364.0
2013-12-26,111.15347285014747,112.90174201118246,110.7394035592605,111.42951202392578,5727281.0
2013-12-27,111.42952085193373,113.26981023683817,110.96944850570763,112.67171478271484,2847198.0
2013-12-30,113.17779158762593,113.54585085047678,111.42951535419427,112.0276107788086,2793865.0
2013-12-31,112.25765274642337,113.315820549292,111.56754422544127,112.80973815917969,2175457.0
2014-01-01,112.80974286092727,113.91392075260734,111.65956194468586,112.0736312866211,4120036.0
2014-01-02,112.07360953614084,115.61616466662002,110.41734653013054,111.01544189453125,7275995.0
2014-01-03,110.41736225328947,111.06146072504158,107.74894126147227,109.26718139648438,4279292.0
2014-01-06,109.0371498285338,110.04930762122494,107.8409588788961,108.80711364746094,3307710.0
2014-01-07,108.71509352937676,109.45120504898811,105.81663643178125,106.78279113769531,4922926.0
2014-01-08,108.80711073472028,108.85312077776203,105.35656811099766,106.04667663574219,5002283.0
2014-01-09,105.8166198348949,106.04665596497075,103.0561862739846,103.65428161621094,5398443.0
2014-01-10,103.79231014255987,103.97633624821515,101.35392563182475,101.72198486328125,9012277.0
2014-01-13,101.39994563110575,103.28624512065541,99.83570241061123,101.2159194946289,4214147.0
2014-01-14,101.21591904529078,102.36609994353272,100.06573814704883,100.66383361816406,2923798.0
2014-01-15,101.49196386944558,103.88433870077073,101.39994378273744,101.99803924560547,4817973.0
2014-01-16,102.55010395956278,104.2983799518241,102.27406481561346,103.9303207397461,4745742.0
2014-01-17,104.43643271593962,104.89650510675874,101.67599837102492,102.41211700439453,5325344.0
2014-01-20,101.30791191842522,104.43640474203968,101.30791191842522,103.14820098876953,3113909.0
2014-01-21,103.47025131019434,104.34439284031062,101.81399534075352,103.97633361816406,3825639.0
2014-01-22,103.60828900623207,106.18469690442161,103.51627594275675,106.00066375732422,5517465.0
2014-01-23,105.08052629677886,106.0466810799698,104.52844085787571,105.17254638671875,2853691.0
2014-01-24,104.11437044172445,106.13868590041724,103.97634733768932,104.89649200439453,5737135.0
2014-01-27,103.05620474081381,103.70030321238517,100.57181689887078,102.22807312011719,8724577.0
2014-01-28,101.21591829548872,105.81664185437457,100.98588211754442,104.71247100830078,4513345.0
2014-01-29,105.35656984060402,105.5866060192953,102.27408645017034,102.826171875,4713458.0
2014-01-30,101.39993848583164,101.86001081475128,99.0075637794788,99.46763610839844,5077231.0
2014-01-31,100.34177703955123,101.21591165029056,98.45547769619174,100.80184936523438,8287236.0
2014-02-03,100.29577065294492,100.66382993093005,94.7749025436085,95.18896484375,5572627.0
2014-02-04,93.8547442175592,95.18895100867206,91.83042901308194,94.26880645751953,13935173.0
2014-02-05,94.22281315462882,96.75321093113419,92.9346092461968,95.92507934570312,9106760.0
2014-02-06,96.29314767903797,97.99541403046736,94.86692053532441,97.30530548095703,10194884.0
2014-02-07,97.67336043350731,99.09958049363483,96.38515646102509,97.90339660644531,9650511.0
2014-02-10,97.9493900014517,99.0995707530899,97.35130162671678,98.27144622802734,3124538.0
2014-02-11,98.36345682421216,98.5474829318136,95.92507228769013,96.20111846923828,3964390.0
2014-02-12,96.75321790147832,97.16728021395066,94.82091540969562,95.23497772216797,5325176.0
2014-02-13,95.60303347931458,96.2011289242384,91.7844316603436,92.19849395751953,12652556.0
2014-02-14,92.70456871277759,92.93460486342964,90.03614796118453,91.92244720458984,6390793.0
2014-02-17,92.01446378291561,92.70457226128748,89.8521252880464,90.63424682617188,6870442.0
2014-02-18,90.81826895357867,92.47453203692535,89.9441343941239,91.370361328125,8475360.0
2014-02-19,91.64639964032956,92.10647193472894,90.54222894182946,90.95629119873047,4582897.0
2014-02-20,90.63424807437136,90.68025811495505,89.3000411392032,89.57608032226562,3404267.0
2014-02-21,89.53007784957889,90.40421246484443,89.53007784957889,89.85212707519531,6484994.0
2014-02-24,89.85211631218752,90.91028394401373,88.97797478148512,89.66808319091797,8047904.0
2014-02-25,89.39206101539054,91.14033738865913,89.2540379032633,90.9103012084961,15034041.0
2014-02-26,91.7844302203104,91.7844302203104,90.22018709980237,90.542236328125,12130348.0
2014-02-28,91.09431611909676,97.90338761687669,91.09431611909676,96.9372329711914,26493472.0
2014-03-03,96.61519667040501,98.77753538233227,96.33915044328785,97.16728210449219,9870841.0
2014-03-04,96.98324407002181,105.12652252931356,96.98324407002181,104.52842712402344,16427565.0
2014-03-05,105.67861278681588,107.84095133357877,103.24022803402086,106.50674438476562,12023136.0
2014-03-06,106.50674707193572,111.52153278691846,105.54059234659378,111.15348052978516,16609108.0
2014-03-07,110.50937125332396,115.80020300003322,110.23333206993142,114.60401916503906,15695038.0
2014-03-10,113.22380415476103,113.63786644711693,111.33750477814696,112.21163940429688,8823020.0
2014-03-11,112.1656452271151,112.1656452271151,106.92081599622783,108.02499389648438,14421017.0
2014-03-12,106.46073588886864,108.94513071877608,104.85048271065237,105.58660125732422,9497798.0
2014-03-13,105.35655099123744,109.45119143131019,105.35655099123744,106.41471862792969,6402750.0
2014-03-14,105.54059141980085,106.82879536889563,104.43642061780348,106.00066375732422,5684021.0
2014-03-18,106.73677180218259,107.10483104001243,105.08050874202132,105.67860412597656,8034386.0
2014-03-19,106.04666669505313,111.42951127944957,104.94249596702433,110.46336364746094,15915307.0
2014-03-20,110.09530639648438,112.21163483364556,109.49721098288472,110.09530639648438,7021283.0
2014-03-21,110.9234467235456,114.09794313994496,110.23333819648948,113.63787078857422,10588714.0
2014-03-24,110.41735737471025,112.71771898668338,108.76109420603099,111.88958740234375,7514958.0
2014-03-25,111.29148613320525,112.85573615926688,110.64738772374503,111.10746002197266,8547719.0
2014-03-26,111.42951416775335,115.89221425441892,111.42951416775335,115.38613891601562,14059505.0
2014-03-27,115.20210577647642,116.35228657304725,114.1439450597484,115.38613891601562,6763076.0
2014-03-28,115.38612672287258,121.18303311292799,115.01806750283436,120.44691467285156,9719662.0
2014-03-31,121.45908642319776,131.53466692070003,120.58495186684684,130.4304962158203,27873616.0
2014-04-01,130.66053863968224,131.12061095883604,125.23169088978445,127.16398620605469,12584698.0
2014-04-02,127.90010525198544,128.40618761319936,123.85147444285992,125.1396713256836,10111996.0
2014-04-03,125.13967705881292,129.64838039554976,122.65528921938052,126.19783782958984,10256995.0
2014-04-04,126.88792645483319,128.26814326488702,125.23167751500173,126.65789031982422,5444146.0
2014-04-07,126.51989016671908,127.85409710950947,123.48340999465917,126.38187408447266,4661247.0
2014-04-09,126.97994488896748,132.45480202358573,126.79591879138954,131.4886474609375,9943888.0
2014-04-10,132.04071933679413,133.5129559699054,129.37230623460522,131.12057495117188,8923225.0
2014-04-11,129.83240646787615,131.8107117081114,128.08412333343622,129.46434020996094,5404598.0
2014-04-15,129.46437050990278,130.75258165366174,122.56328451214361,123.34541320800781,5422799.0
2014-04-16,122.65528530632295,126.8419462941798,121.09104220105039,124.63359069824219,8006291.0
2014-04-17,124.90961346341942,130.660516477389,124.21950510174307,130.15443420410156,8629888.0
2014-04-21,130.47649806305338,132.96088550315085,130.2004518940889,132.04074096679688,4436455.0
2014-04-22,130.66054109970725,135.44529050093365,129.09629799319194,133.282958984375,6223989.0
2014-04-23,133.42095915395976,134.34110369984913,131.39664396106144,133.55897521972656,5031335.0
2014-04-24,133.55897521972656,133.55897521972656,133.55897521972656,133.55897521972656,0.0
2014-04-25,131.85675064263785,135.1692634480803,130.84458576191378,132.27081298828125,4116077.0
2014-04-28,131.5806970106817,133.69703270772357,129.55638140319164,129.97044372558594,4118525.0
2014-04-29,129.740395554087,131.58068485272653,125.41571851034273,126.24384307861328,4775590.0
2014-04-30,125.73774784537308,127.76207709894031,121.50509131584992,123.5754165649414,7609347.0
2014-05-02,124.40355554403376,125.13967408198647,119.84884227337307,121.13703918457031,5364611.0
2014-05-05,119.61880104801192,129.7403919059206,119.48078497061206,127.8080825805664,9715098.0
2014-05-06,128.2681677065679,129.41834860078137,124.9556551554096,127.62406921386719,4170017.0
2014-05-07,127.30201315702881,127.57804530941544,123.57542465659088,124.40354919433594,3592081.0
2014-05-08,125.36972345774092,127.99214163792901,124.21954250858732,125.82979583740234,4178306.0
2014-05-09,125.5997447726737,133.14492809747898,125.5997447726737,132.5928497314453,7371362.0
2014-05-12,132.04073527574675,133.23692592950854,129.32631181855436,131.94871520996094,8081158.0
2014-05-13,132.50082179633293,137.83766326007702,129.92441412001244,130.8445587158203,16612600.0
2014-05-14,130.84458324486718,134.157110026882,129.18831985385975,129.9244384765625,12157631.0
2014-05-15,130.66054702924046,131.99475403239578,126.15184362815182,127.4400405883789,6154288.0
2014-05-16,130.5685370063168,134.29512612600976,127.99214288729962,129.9244384765625,13107049.0
2014-05-19,131.21264013405676,140.736129376505,130.66054769668557,139.9080047607422,13751989.0
2014-05-20,142.76043831696558,146.30300087244717,140.1840445023898,143.72659301757812,9385502.0
2014-05-21,143.63458546291594,150.58166633730113,139.90799682282955,146.9470977783203,13573762.0
2014-05-22,148.92539183267854,148.92539183267854,141.70225194532335,142.71441650390625,12270836.0
2014-05-23,144.41670818486236,144.41670818486236,137.74565909471468,139.9080047607422,19542712.0
2014-05-26,142.62242402917903,142.80645015535154,132.22478643705762,135.35328674316406,12522081.0
2014-05-27,136.0893777228143,138.481759246174,130.43049417372202,137.6996307373047,13805470.0
2014-05-28,137.7456745127048,139.44794801822457,134.43316163858717,135.4453125,11376239.0
2014-05-29,134.80120123358057,140.96616803825205,131.6727148074172,137.3776092529297,19321960.0
2014-05-30,139.4019337215939,140.32207849863414,135.2612822249129,136.18142700195312,11040937.0
2014-06-02,135.53732051739584,139.07986927706824,134.66318583853092,138.06771850585938,13844656.0
2014-06-03,138.66577665308037,143.266499262939,137.42358997259325,142.80642700195312,23276134.0
2014-06-04,143.5425713101527,148.83340326549487,142.80645275178549,147.86724853515625,15948295.0
2014-06-05,147.77523725593622,157.34473605485078,147.1771348058208,156.2865753173828,20296986.0
2014-06-06,158.26489510247416,158.35691519248874,152.0999281594483,155.7344970703125,13769155.0
2014-06-09,156.24055993017905,159.78310830765338,154.2162445658662,156.05653381347656,10337636.0
2014-06-10,156.10254473204344,159.50709139774875,149.2474694375747,156.19456481933594,13457788.0
2014-06-11,156.42459868867286,157.80481573592584,148.14329640515487,149.66152954101562,11473448.0
2014-06-12,149.79956631202862,156.4246056245384,149.0634477127954,155.7344970703125,13367632.0
2014-06-13,155.918501083473,155.918501083473,145.84292042967093,149.38548278808594,11006055.0
2014-06-16,148.60336249005266,154.8143389408753,145.9349485939647,148.3273162841797,10365321.0
2014-06-17,148.14329640515487,150.6276842821515,144.46271761248022,149.66152954101562,9823831.0
2014-06-18,148.46533267608757,156.05652541389207,148.46533267608757,153.48011779785156,14186255.0
2014-06-19,154.53828942554068,157.06868718464995,151.04173698671295,154.35426330566406,14719990.0
2014-06-20,154.49228067490438,156.24056392905607,149.9835775189787,150.71969604492188,8800606.0
2014-06-23,150.4436513607692,154.03220990555099,150.1215951148276,152.09991455078125,8765528.0
2014-06-24,152.8360194039144,154.9063446960429,152.09990093643256,153.48011779785156,6166113.0
2014-06-25,153.66413821112985,154.58428275131624,152.4219374657616,153.38809204101562,4898203.0
2014-06-26,153.2040901588059,154.81434335867326,150.90372844470974,152.0539093017578,7655847.0
2014-06-27,151.91588831860543,152.099914441743,147.45318112097954,148.05126953125,6538554.0
2014-06-30,147.68320588093442,152.09990269664695,147.22313358847043,151.08773803710938,5259988.0
2014-07-01,153.84817376447185,163.04961973172846,153.84817376447185,161.25534057617188,18819612.0
2014-07-02,163.60170009902183,164.84388678926103,160.15115811453865,164.01576232910156,11699288.0
2014-07-03,164.01578836784088,166.3161500560294,159.0470127374711,159.87513732910156,12055737.0
2014-07-04,158.21887865973017,160.61126050042608,157.3907540442629,159.41506958007812,6733395.0
2014-07-07,159.59907669346796,161.80743213870795,158.35688991829443,160.5652313232422,7093773.0
2014-07-08,160.74926181762623,161.8534325502135,154.72231176687603,155.5044403076172,6479098.0
2014-07-09,154.90636381607248,163.41770217870737,153.94020908576869,156.93067932128906,11753471.0
2014-07-10,158.26487664838209,170.1347367808936,154.8603443192371,162.1754913330078,13850220.0
2014-07-11,162.40552242799498,163.46368310531824,152.14591572075702,153.43411254882812,9546897.0
2014-07-14,152.23792321268326,161.02530706334122,151.82386094543602,159.55307006835938,7338881.0
2014-07-15,161.3933660251913,162.31351067536983,154.26224498630796,160.749267578125,8803424.0
2014-07-16,161.9454860309262,168.66254593004078,160.38124266709568,167.74240112304688,10109551.0
2014-07-17,168.66248630163096,174.36737928004396,166.17809900912908,173.5852508544922,11547823.0
2014-07-18,172.06706055722185,172.20507664743357,168.89256411970624,169.8587188720703,9555163.0
2014-07-21,171.00888360423772,171.1468996814121,164.88991344414063,169.16859436035156,12711833.0
2014-07-22,169.8586869227909,174.82746179993566,168.38645004941174,173.2172088623047,12856830.0
2014-07-23,173.9073431987147,178.96813890026462,173.9073431987147,178.2780303955078,16908175.0
2014-07-24,178.69209185993472,183.01676899492224,177.1278487311469,182.1886444091797,14784601.0
2014-07-25,183.01675225721533,183.01675225721533,175.28754336284453,176.48373413085938,14535973.0
2014-07-28,176.4837400835652,178.8761076599961,171.60697081273202,172.80316162109375,7659739.0
2014-07-30,173.033217855411,178.324050009212,171.23893845478952,177.21987915039062,10593328.0
2014-07-31,177.67991917511506,179.42818821338523,173.58526467339678,176.39170837402344,13370034.0
2014-08-01,174.55144791528477,179.15217144515677,168.52449728309367,169.58267211914062,12377607.0
2014-08-04,169.39865142052616,177.7259500445095,169.39865142052616,175.65562438964844,9443678.0
2014-08-05,176.1156911509844,180.90045485547103,173.9993695589545,180.02630615234375,10095697.0
2014-08-06,178.73812132117956,180.99247319645076,175.70164077639012,176.43775939941406,6055467.0
2014-08-07,176.66775751001103,177.90995829612004,173.07919930170567,173.9993438720703,7742761.0
2014-08-08,171.88302271615416,172.2510749585125,166.13211867747324,169.26060485839844,9919821.0
2014-08-11,170.22678637974062,172.89520065822384,169.7667139841197,170.8248748779297,4670064.0
2014-08-12,172.80320468480804,172.80320468480804,168.66255288264952,170.5948486328125,7032239.0
2014-08-13,169.81269366686183,170.64081821478118,163.00361500505332,165.6720428466797,7549317.0
2014-08-14,166.36217577573956,168.8005537788935,161.7154419196342,164.33786010742188,14030737.0
2014-08-18,162.3595234862885,170.45679935408225,161.99147123605425,167.6963653564453,9334923.0
2014-08-19,167.83438564301395,170.82485588200615,165.4420178759964,166.40817260742188,10288612.0
2014-08-20,166.04011090566212,168.38648273544433,165.11996619126077,165.94810485839844,10604946.0
2014-08-21,164.70590565762296,167.78839610029394,162.4055438467623,163.69374084472656,7638544.0
2014-08-22,163.83173600165173,169.4446091977012,163.83173600165173,167.92637634277344,8364204.0
2014-08-25,169.07661443721125,169.95074922760293,147.36119058589185,151.68588256835938,18698120.0
2014-08-26,146.30302406825626,157.89685423317968,145.10683301309822,156.8846893310547,22135877.0
2014-08-27,157.3447483774364,159.46108405840812,154.81435037721445,158.5409393310547,9876204.0
2014-08-28,158.12688543876084,159.92116494466256,155.96453959812604,156.51663208007812,6182439.0
2014-09-01,158.17285102852938,164.65987326267717,155.87248952991612,162.08346557617188,11752433.0
2014-09-02,161.94545932138755,163.32567630424026,159.64509768329964,160.88729858398438,7741063.0
2014-09-03,160.10519048039825,163.09566099224477,159.36907185403857,161.1173553466797,8545333.0
2014-09-04,159.4610603078568,160.9792932657426,152.60598591814548,155.96450805664062,6861332.0
2014-09-05,155.0903866407663,158.67894523080474,152.7900249701536,154.30825805664062,5787423.0
2014-09-08,155.60419195078367,161.06560628417557,155.60419195078367,160.55648803710938,8514685.0
2014-09-09,159.67710318454206,161.94497805704222,156.7612660805443,160.04736328125,7951226.0
2014-09-10,157.91834653840328,161.89869201382442,157.45551435525968,160.04736328125,4651282.0
2014-09-11,159.26056001502133,162.407813269291,158.9365718309711,160.1399383544922,4690133.0
2014-09-12,160.1399497889925,160.5564959664301,154.67853518588055,156.06703186035156,6512210.0
2014-09-15,155.4653058857573,156.2058401007677,150.8369846975864,151.4386749267578,8421482.0
2014-09-16,149.95763852001457,153.6140102145804,148.1063096493971,148.4302978515625,8528462.0
2014-09-17,150.00393129599112,151.16101189203468,145.32932286307135,148.70799255371094,7797094.0
2014-09-18,148.56913972632285,152.9660457306844,147.5971892583498,150.88330078125,4836865.0
2014-09-19,151.16100548427931,154.12312885968183,150.05021098406817,152.086669921875,8650571.0
2014-09-22,151.9015166086182,153.05859697850556,148.33770341955866,150.1427459716797,5133026.0
2014-09-23,149.54110243067072,151.80897762516722,143.66312722037634,145.46817016601562,7484298.0
2014-09-24,144.03336841894907,150.4204463366689,137.6462763767132,144.49620056152344,22873474.0
2014-09-25,143.29286371650818,144.07967004643416,123.15966136255214,138.06285095214844,31086655.0
2014-09-26,135.79496752889457,147.27321480651682,135.23957735185166,145.56072998046875,13351556.0
2014-09-29,146.06984135786595,149.63364073075945,142.1820538035651,147.82859802246094,9198699.0
2014-09-30,146.71784401244145,150.8833348519114,144.31111032205027,145.09793090820312,10734306.0
2014-10-01,143.6631255718353,146.62524910562712,141.30267830484587,143.70941162109375,8703260.0
2014-10-07,142.36719199230592,143.0614403139935,136.3040871579973,137.22975158691406,12921339.0
2014-10-08,135.88753234394298,138.6645254540051,134.86929588711325,137.73886108398438,9467940.0
2014-10-09,139.86788518957417,146.71779554634776,139.86788518957417,146.11611938476562,12406852.0
2014-10-10,143.52427436632092,143.52427436632092,138.34054784820052,138.98851013183594,10095610.0
2014-10-13,138.57193571782705,140.70096632261178,136.44290511304231,139.8678741455078,7777533.0
2014-10-14,140.33073390027297,143.66311738929335,136.5817901161715,139.77532958984375,11878963.0
2014-10-15,139.77532958984375,139.77532958984375,139.77532958984375,139.77532958984375,0.0
2014-10-16,139.77534143149308,139.77534143149308,130.79639848232094,131.8146209716797,11734190.0
2014-10-17,132.37000414159326,133.29566850621978,127.88052632334768,129.08389282226562,13305567.0
2014-10-20,132.37002230178783,136.58179856356674,131.39807176068203,135.60984802246094,10451491.0
2014-10-21,136.58177242460718,139.68273940336394,136.11894026737335,136.90574645996094,8449946.0
2014-10-22,138.84970005095172,139.77536471795807,134.68420904942317,137.4149169921875,7869325.0
2014-10-27,138.84967271529803,140.238169442451,135.65613306775,136.39666748046875,6682773.0
2014-10-28,135.70240448232886,137.83142126808178,133.89734763207755,136.7206268310547,6866486.0
2014-10-29,137.1834769921618,146.53269415446866,137.1834769921618,145.23675537109375,12809507.0
2014-10-30,145.09790023464373,149.95763852001457,143.10772734853728,148.4302978515625,11033080.0
2014-10-31,148.29145466725015,152.22552891407696,146.9955299769269,151.53128051757812,7740469.0
2014-11-03,150.9758793542449,153.66030064338815,148.56914610399878,151.39242553710938,7051365.0
2014-11-05,151.29985066147123,151.8552549780992,143.75569108696564,144.86648559570312,8390745.0
2014-11-07,145.37557880751152,148.5228317272108,143.10770413380035,144.49620056152344,9383309.0
2014-11-10,144.9127488979736,145.32929500780608,140.2381413610358,140.7009735107422,9011011.0
2014-11-11,141.62665712971332,143.2928559208489,138.5256756538633,140.00674438476562,11436433.0
2014-11-12,140.23816962306958,142.22834261807776,139.4513491601952,140.05303955078125,10127123.0
2014-11-13,140.97868792306303,143.0151467345085,138.47939692153824,140.60841369628906,13597431.0
2014-11-14,140.7009858458001,146.85664832674684,139.7290354213039,145.6070098876953,10434031.0
2014-11-17,144.54246844621548,147.2269032730124,143.94079232745042,146.30123901367188,5914642.0
2014-11-18,145.32931826423956,148.80055994252555,143.06144319266312,143.7556915283203,9471205.0
2014-11-19,145.79215941791196,148.291450754458,142.5986197031854,143.24658203125,9177295.0
2014-11-20,144.8664882366474,145.88472479418851,142.64489917867243,144.40365600585938,6453261.0
2014-11-21,144.86647522264934,149.031964925537,144.31107094579065,148.38400268554688,8704409.0
2014-11-24,150.55929550131316,155.51160524677604,149.91133330435488,153.33628845214844,10540335.0
2014-11-25,153.29001467788484,154.1231069032309,146.9954945740508,153.2437286376953,9865469.0
2014-11-26,152.36436441890672,157.17781642753488,150.0964753611863,156.5761260986328,7594843.0
2014-11-27,157.36296573562126,163.47235711398844,156.25217115533252,159.7696990966797,16167478.0
2014-11-28,160.5101871597401,162.1763857577529,159.30683484544096,161.11187744140625,8705076.0
2014-12-01,160.13996484826984,162.037579973399,153.33632485375216,154.95623779296875,9673977.0
2014-12-02,154.5859562229319,159.4456943676648,153.66029181441138,158.33489990234375,9360449.0
2014-12-03,159.02915883651906,160.13995337607358,155.51163102416393,156.48358154296875,6342942.0
2014-12-04,157.4092342454647,158.56631474693896,153.01232833986242,153.56771850585938,7635372.0
2014-12-05,155.00250958805597,155.3264977959078,150.79073350857496,151.0684356689453,6802949.0
2014-12-08,150.6519017303266,152.59580288633228,146.0698651477644,147.3195037841797,9025091.0
2014-12-09,145.97726596541395,146.94921636311275,141.16381414409258,142.96885681152344,7678563.0
2014-12-10,143.29287209552592,145.51446131813074,141.81180319744283,142.55233764648438,4808967.0
2014-12-11,141.90434629724652,145.3755875759242,140.23814765857784,143.98709106445312,5043248.0
2014-12-12,146.25497649669538,146.25497649669538,140.79356213808165,142.13577270507812,6382001.0
2014-12-15,140.7009883850932,143.66311163145477,140.238156186458,141.81178283691406,5268900.0
2014-12-16,139.77533201438362,140.5621524470535,131.3055079427897,133.98992919921875,16684445.0
2014-12-17,132.37002261122163,137.18347515399856,128.66736463608257,136.16525268554688,11916627.0
2014-12-18,137.92401132871584,143.43171231190496,137.92401132871584,141.58038330078125,8113040.0
2014-12-19,140.70099803888786,146.7178170339719,140.70099803888786,146.06985473632812,11532006.0
2014-12-22,144.86646806736078,147.04178489900966,143.43168552677432,144.218505859375,4714890.0
2014-12-23,143.57056725096186,144.12595746716394,140.8861317701682,141.71923828125,6821884.0
2014-12-24,141.71923625225008,142.08949639108377,138.47941060163905,139.4050750732422,8568559.0
2014-12-26,139.5438931364762,142.18204203960914,138.61822883706344,140.7009735107422,4821806.0
2014-12-29,141.62665149305377,146.1624013485798,140.88611715707546,145.37559509277344,4804910.0
2014-12-30,145.42189422815304,145.88472646423944,143.2465770687394,144.72764587402344,3056250.0
2014-12-31,144.82015791876137,147.82856649924656,144.77387188492793,145.83839416503906,4327309.0
2015-01-01,145.69957358510388,147.18064230210206,143.84824475111517,146.67152404785156,2350082.0
2015-01-02,147.08807442480722,149.2171054697966,146.57897028048848,148.19888305664062,2923839.0
2015-01-05,149.03197730356146,149.91135571119426,143.94082279940253,145.1904754638672,4830121.0
2015-01-06,144.6813530427741,144.6813530427741,139.91417275986075,141.99691772460938,7054029.0
2015-01-07,142.3671690862743,143.01513125735912,135.79494704858925,137.83140563964844,6638158.0
2015-01-08,139.49761358325074,141.81177443939134,137.50744089677664,141.21009826660156,3540099.0
2015-01-09,141.71923993423943,143.70941295008507,140.79357543858669,143.47799682617188,3743205.0
2015-01-12,143.6630891045005,143.6630891045005,139.31246994442813,139.8678741455078,4659450.0
2015-01-13,140.79352242456625,142.92253866329793,139.5438701761681,140.42324829101562,4324660.0
2015-01-14,139.72904059335727,140.09931483399922,130.333552432662,131.58319091796875,13580758.0
2015-01-15,132.87913089744214,134.91558980545096,128.06567871727995,131.35177612304688,10860317.0
2015-01-16,130.98150035688275,132.74025690268093,127.51025918134698,128.25079345703125,9096928.0
2015-01-19,130.47236395961275,131.16661209787728,129.13015371720422,129.82440185546875,8541810.0
2015-01-20,130.51869349331267,134.40648153842238,130.51869349331267,133.9436492919922,8856169.0
2015-01-21,134.82302032156855,135.47099673055484,130.05585409528538,132.55514526367188,8871757.0
2015-01-22,132.41631515152739,134.12878607425864,130.6112721250723,132.7865753173828,6918171.0
2015-01-23,134.77675880085835,135.37843508476058,131.5369330039581,134.03622436523438,6943971.0
2015-01-27,129.50041766648033,133.7584786933765,128.6673255251165,131.9071502685547,7886739.0
2015-01-28,131.21294139165823,132.46259410233884,129.269040313826,129.73187255859375,7496686.0
2015-01-29,129.50045968970133,132.27745322807536,127.97311889340342,131.8146209716797,10636771.0
2015-01-30,132.37000281473874,132.4625749000804,128.2970853010152,129.3153076171875,7570814.0
2015-02-02,129.59302051957832,134.86930495868606,129.13018830343697,134.4527587890625,7296741.0
2015-02-03,135.00814747725846,137.46115228917787,132.27742641836517,135.56353759765625,6262548.0
2015-02-04,136.07266137521745,142.36718186917858,135.14699701212072,141.0712432861328,8349284.0
2015-02-05,140.9786746867383,142.4597290812271,135.84123503430266,137.0446014404297,6672029.0
2015-02-06,136.99833458556228,138.84966343131313,134.82301754199779,136.35037231445312,5623571.0
2015-02-09,135.42474228277848,137.92403403433525,134.6842077315153,135.65615844726562,9737189.0
2015-02-10,137.4611837670617,142.27463653534775,135.6561407445194,138.10914611816406,8706407.0
2015-02-11,138.43309805766467,140.23814060690978,136.11893732157705,138.71080017089844,6154345.0
2015-02-12,140.51586388644202,141.9969185059238,137.97028669329822,141.4415283203125,10713094.0
2015-02-13,141.6266544556607,144.4962197709094,140.7009900474538,142.13577270507812,5666609.0
2015-02-16,145.32930671116836,146.25497108512485,139.08107218696207,139.72903442382812,4949268.0
2015-02-18,139.77532269849857,141.11753323725614,138.47939820408115,140.3769989013672,3717870.0
2015-02-19,139.77531767578125,146.0698381178722,138.94222540566625,144.6350555419922,8185032.0
2015-02-20,146.25497606597332,148.75426713586802,143.66311290572338,144.9127655029297,6630757.0
2015-02-23,149.58739263771218,149.77252271749626,142.73746668954436,143.3391571044922,6743403.0
2015-02-24,143.4779543509448,145.23671072221487,140.14555750331036,142.22830200195312,6455384.0
2015-02-25,143.10769431210323,143.89450042577033,140.93237774149256,142.22830200195312,3479311.0
2015-02-26,141.7192216669808,142.55231395587697,136.99832769785579,138.6182403564453,9010829.0
2015-02-27,139.3587884701347,144.21852692671033,138.66454011919532,143.61683654785156,6534491.0
2015-03-02,142.73744850024255,145.69957177287765,142.08948624130952,144.9127655029297,4452819.0
2015-03-03,145.7921443771842,147.45834313782703,144.54249177557259,146.90293884277344,3718817.0
2015-03-04,148.10631757694824,148.10631757694824,140.97870386846145,141.71923828125,5559004.0
2015-03-05,141.67294810695023,142.5523265170543,135.98010321613586,137.09091186523438,8404364.0
2015-03-09,138.29426290855892,138.7108232098556,129.59302274545706,130.33355712890625,8031261.0
2015-03-10,131.99975516471497,131.99975516471497,126.49204043162402,127.78797912597656,6588296.0
2015-03-11,128.52850165068153,128.52850165068153,117.7445034142846,120.66035461425781,21561044.0
2015-03-12,121.95627901460567,125.6126503992483,119.50327411876772,124.87211608886719,14242872.0
2015-03-13,126.53832585220098,126.58461189900558,121.30832742720482,121.91000366210938,6690050.0
2015-03-16,121.2620479749313,121.63230812046693,113.94929710444917,117.37425994873047,10785285.0
2015-03-17,118.48505150139665,124.73328663916561,117.37425696847482,124.27045440673828,9699896.0
2015-03-18,124.03904829157709,124.77958274807257,122.00258912960443,123.25222778320312,4154051.0
2015-03-19,124.03901959456833,126.07547828539671,121.53972874107365,122.46539306640625,4626972.0
2015-03-20,122.32654386545339,124.96469303488584,120.8454893116024,122.2339859008789,4836454.0
2015-03-23,122.14138921910343,126.63086627029953,122.14138921910343,125.79776000976562,6306085.0
2015-03-24,125.70524050020188,125.79779847444125,122.18771261516451,122.97453308105469,4386125.0
2015-03-25,123.1133698227753,124.45558042827031,122.51169358999013,123.02079772949219,2895061.0
2015-03-26,122.55795768881833,123.48362206448772,118.99415831720171,119.9198226928711,7955596.0
2015-03-27,121.26200742560243,124.45554601763335,120.382629280625,123.99271392822266,5241353.0
2015-03-30,124.2704519702396,124.68699814635346,120.61408023065582,121.40088653564453,3651285.0
2015-03-31,123.11335523738418,123.52990135877275,118.85529369214919,119.41069793701172,8516432.0
2015-04-01,119.41071738355853,123.02080318953294,118.02222066979623,122.37284088134766,7180617.0
2015-04-06,123.48362231485288,125.05726305629535,122.18769783609523,124.6869888305664,5542921.0
2015-04-07,124.96470952312244,127.32515686124088,124.22417508622965,126.7697525024414,6514199.0
2015-04-08,127.04743419225368,128.5747747458509,126.02919774017732,127.69539642333984,6176434.0
2015-04-09,128.29710521455593,130.3798503373603,126.44577621650761,129.50045776367188,6142066.0
2015-04-10,128.6673607073882,128.8524907755886,126.86231782452644,127.64912414550781,4860480.0
2015-04-13,127.74171299799875,128.62109153068954,125.05729134567517,125.98295593261719,5017864.0
2015-04-15,125.89035122877571,127.18627566514749,124.59442679240395,125.10353088378906,8714291.0
2015-04-16,125.75151966052489,127.6491204604462,125.33495936345103,126.95487213134766,5457847.0
2015-04-17,127.74167497938562,131.16663010682817,127.37141490461427,129.36158752441406,8674061.0
2015-04-20,130.42610367795427,131.1666379965569,127.00114834449923,127.97309875488281,5669966.0
2015-04-21,128.11194209537476,128.9913345391932,123.76132241737102,124.31672668457031,6236971.0
2015-04-22,123.57621561502839,125.4275446879127,122.7431231820384,124.6407241821289,6263990.0
2015-04-23,125.42752484934135,126.81602143438941,123.85389821119041,125.01097869873047,6782890.0
2015-04-24,124.82585628807044,125.70523468753714,120.42895016621839,121.40088653564453,7487405.0
2015-04-27,122.18771043899436,123.06708886346212,118.71646866515928,120.3826675415039,4805160.0
2015-04-28,121.16946115457408,122.60424376211157,119.96610876552727,121.58602142333984,6154792.0
2015-04-29,121.63228958741827,121.63228958741827,119.13299867457047,120.89176940917969,7223085.0
2015-04-30,120.3363755987532,121.16946793386033,117.60566836199283,119.04045104980469,11618447.0
2015-05-04,120.70665029960733,123.66878812558932,119.87355786387486,123.25222778320312,4003261.0
2015-05-05,123.52993408572728,129.77816993545946,122.51171153307575,128.99136352539062,8946517.0
2015-05-06,128.57476986599022,131.44433494055554,125.0109706680162,127.51026153564453,9503948.0
2015-05-07,126.72344555189373,126.72344555189373,122.41911191690949,124.31672668457031,5764064.0
2015-05-08,125.1498514890724,129.1302121065069,124.82587735276503,128.62109375,4144037.0
2015-05-11,130.33352393235913,134.31388287062904,129.77811975510662,131.9071502685547,6190079.0
2015-05-12,131.8146231369166,131.90719523952416,126.07550588824124,127.37144470214844,5822453.0
2015-05-13,124.87211153632175,126.26060802097108,121.95627456836486,123.57618713378906,9200683.0
2015-05-14,124.13160706336298,127.7416927298335,122.65053830944159,127.23257446289062,3697331.0
2015-05-15,127.46398704548801,128.4359375055689,124.5481497897634,126.81602478027344,3519076.0
2015-05-18,127.74169690451728,131.3055107650668,127.64912480767747,128.7599334716797,5044666.0
2015-05-19,128.5285001061071,130.10212666957753,126.44575532737697,129.54672241210938,4364176.0
2015-05-20,130.19472075004967,130.19472075004967,127.88055924276459,128.62109375,3050410.0
2015-05-21,127.46399473851673,129.50045374832266,126.12178408145276,128.7599334716797,3942179.0
2015-05-22,128.66734283502294,128.66734283502294,126.3531819926664,126.72344207763672,2577977.0
2015-05-25,126.58460646845593,128.11194707585506,123.94645728347442,124.50186157226562,2879752.0
2015-05-26,125.10353291783255,125.56636509899289,123.29849023621068,124.31672668457031,2693352.0
2015-05-27,123.11336405961703,124.59443273570521,122.37282972157293,123.62248229980469,3168751.0
2015-05-28,122.74308520954611,124.03900950984273,120.15122248443733,121.81742095947266,10174628.0
2015-05-29,121.21575470225402,123.29849967694746,118.99416571238837,119.64212799072266,11477479.0
2015-06-01,119.17928872706635,120.15123914935563,118.2536243486037,118.80902862548828,3272418.0
2015-06-02,119.36442688574758,119.59584299608231,113.76416125300277,114.08814239501953,4980345.0
2015-06-03,114.82867418724013,115.6154875322086,111.07973045933399,112.88477325439453,3508099.0
2015-06-04,113.2087761126396,114.36585678810705,110.15408030450152,112.28311157226562,3192106.0
2015-06-05,111.95910177628495,113.20875431498482,110.29291016178284,111.21857452392578,4163808.0
2015-06-08,111.31114327319108,112.14424263945467,108.9506962458207,109.41352844238281,4663365.0
2015-06-09,109.22840076136404,112.2830961499329,108.81185460031328,111.17229461669922,4663442.0
2015-06-10,111.54257484258271,112.74594154545642,110.75576141174675,111.3574447631836,3297811.0
2015-06-11,111.72768414615136,112.46821845056465,109.7837904248896,110.33918762207031,4749485.0
2015-06-12,109.92263287497282,110.38546501339376,107.46962112889025,108.07130432128906,5422403.0
2015-06-15,107.56221613404081,108.44160167958091,105.34062690001514,105.80345916748047,4287348.0
2015-06-16,106.12741964524511,106.91423293403957,105.15546924821405,106.45140075683594,5266441.0
2015-06-17,106.45140683972146,110.29291554247624,106.26627678316466,109.73751831054688,5112962.0
2015-06-18,109.69123058319092,111.63512439626405,108.90441726150166,111.07972717285156,4713738.0
2015-06-19,113.71788233945178,114.22700063902839,111.07973992859948,111.82027435302734,7892805.0
2015-06-22,112.0053988039476,112.93106325687278,110.98716931818176,112.1905288696289,2533356.0
2015-06-23,113.4864554270401,115.19893317570624,112.23680988408151,112.560791015625,4076380.0
2015-06-24,112.88477689088849,113.6253112760434,107.93247349416045,108.5341567993164,3604713.0
2015-06-25,108.30272920252912,109.69122573076667,107.05308373956704,109.2283935546875,5509978.0
2015-06-26,109.13584143226483,109.55238761507029,107.33079149483596,108.30274200439453,4253624.0
2015-06-29,106.45142286350752,106.63655294793135,102.74876467695074,104.46124267578125,6441434.0
2015-06-30,104.50751254785635,105.06290977739964,102.98016486991814,103.58184814453125,7516460.0
2015-07-01,103.9521140109251,105.43317562516643,103.81326293972086,104.6463623046875,3867419.0
2015-07-02,105.10919735803897,106.08114075837436,102.47104812021381,102.79503631591797,4764056.0
2015-07-03,102.74875382530328,103.16530000239405,101.49910823177171,102.37848663330078,4606491.0
2015-07-06,100.15688990084487,101.36025650156624,99.27751150495872,100.94371032714844,4509017.0
2015-07-07,100.80487239807509,100.89743744199187,98.7684061206054,99.1849594116211,5412336.0
2015-07-08,97.65759179450178,97.65759179450178,91.68705938647128,94.27891540527344,12611248.0
2015-07-09,94.60289015347148,97.10218804094005,93.21439368118612,96.26908874511719,6650883.0
2015-07-10,97.19476823379733,97.51874938212478,94.74175600401628,96.82450103759766,3399973.0
2015-07-13,96.45422497915649,98.99980200853427,94.55661724915738,98.72210693359375,4140433.0
2015-07-14,98.67582995633666,98.81468103769394,96.54680593714242,96.82450103759766,3600749.0
2015-07-15,96.91705235177261,98.49068594729715,96.91705235177261,97.70387268066406,2290566.0
2015-07-16,97.88901606334386,99.0923826790972,96.82450052821733,98.76839447021484,2705253.0
2015-07-17,99.13866665179839,100.20318224047709,98.25928820068883,99.23123168945312,3325040.0
2015-07-20,99.50893618973956,102.1007996781902,99.13866896820949,101.2677001953125,4352389.0
2015-07-21,100.98999555484605,103.44300789271814,98.16672306671826,100.0643310546875,6584314.0
2015-07-22,99.87919076836228,100.80485517388507,97.70388082783548,99.69405364990234,3385362.0
2015-07-23,99.92547213825837,101.17512476537247,98.53697549680638,100.61972045898438,2382191.0
2015-07-24,99.97175191343612,102.05449674496604,99.74033582104391,101.22139739990234,3081533.0
2015-07-27,100.43459676056206,100.43459676056206,96.22282052311853,96.63937377929688,6011766.0
2015-07-28,95.48229033711655,98.72211594289772,94.64919091174953,97.65760040283203,4192798.0
2015-07-29,97.93529122603299,100.11060103988235,97.8427191410644,98.6295394897461,4721020.0
2015-07-30,98.90723295891169,99.32378614776056,96.50050709606582,96.91705322265625,8222321.0
2015-07-31,97.65760023334924,99.32379908119164,96.7319357761611,97.37989807128906,5201040.0
2015-08-03,97.42615870079419,98.58323897039983,96.91704055726471,97.84270477294922,2485343.0
2015-08-04,98.12042822936034,102.19335307774786,97.88901212504581,101.12883758544922,4300456.0
2015-08-05,101.82309122063546,103.58185511780741,99.83291120705297,100.20317840576172,4508245.0
2015-08-06,100.85113656589304,101.82308703981309,99.50892597072642,100.61972045898438,2977481.0
2015-08-07,100.11060078616583,103.90582320572733,99.9717497213234,101.40653228759766,3542555.0
2015-08-10,101.82307986616995,103.44299250040447,98.81467068830584,99.78662109375,3049401.0
2015-08-11,99.97176599387106,100.24946816875791,95.20459240671138,95.57485961914062,4765889.0
2015-08-12,95.15830311675376,95.25086814427459,88.44723621873904,88.7712173461914,11715218.0
2015-08-13,89.78943947310799,90.71510379757302,83.68005634409045,84.05032348632812,9789915.0
2015-08-14,84.23545203895668,88.26209036682879,82.84695557677607,86.22563171386719,11777040.0
2015-08-17,86.54961816416991,86.7347482123449,83.03209075077613,83.9114761352539,6356760.0
2015-08-18,84.79086380807408,86.04050942671074,81.36590810332778,82.29157257080078,8355260.0
2015-08-19,82.29157183052232,82.29157183052232,79.4220134196219,79.7459945678711,9032174.0
2015-08-20,79.60714337676026,79.83855949122758,77.38554726542206,78.63519287109375,8280327.0
2015-08-21,76.83013898272847,79.88483408043909,75.95076069879335,79.60713195800781,11079753.0
2015-08-24,77.2929757771336,77.2929757771336,70.44305794850474,72.80350494384766,10640052.0
2015-08-25,75.21023036884165,76.13589474261201,69.65624412621949,74.46969604492188,9592625.0
2015-08-26,74.70110355115443,75.7193398950582,73.12747712154336,74.42340850830078,7083082.0
2015-08-27,76.7375913960268,76.7375913960268,73.26634938832589,74.65484619140625,10675016.0
2015-08-28,77.10785315870497,78.40377776660836,74.14572261801,75.58050537109375,11959033.0
2015-08-31,75.02510597183583,76.55244665382902,73.82173937036195,74.09944152832031,7893204.0
2015-09-01,73.54403217869974,73.68288324817529,69.98022572754077,70.30420684814453,9754819.0
2015-09-02,70.44306342673107,71.18359781367613,68.63802056915901,68.82315063476562,11987371.0
2015-09-03,69.6099596625875,72.52580391859775,69.42482960853496,71.46128845214844,8897644.0
2015-09-04,71.22986520618957,71.27615124618775,68.03632618954286,68.4065933227539,9254943.0
2015-09-07,69.5795723133247,69.67340712004284,66.99907575332311,67.13983154296875,5573543.0
2015-09-08,67.89049256256959,69.90797239229488,67.18672102841897,68.21891784667969,8371762.0
2015-09-09,70.51791040208282,74.31827245829263,69.43879259878828,73.75525665283203,15543929.0
2015-09-10,71.78469848632812,72.39463526477087,69.86105337565509,71.78469848632812,9452127.0
2015-09-11,73.00456724677191,73.28607155431126,70.8932527241239,71.40934753417969,6938110.0
2015-09-14,72.06622395040797,74.27137381485517,71.22169649022041,73.80219268798828,6215669.0
2015-09-15,73.47376285941172,73.80218819640348,71.03401542087772,71.55011749267578,6194943.0
2015-09-16,72.72306250908613,73.4268340817547,70.6117477910804,72.48847198486328,6409074.0
2015-09-18,73.0984272435059,74.13062437898087,70.70560042837788,71.2217025756836,10191740.0
2015-09-21,70.61175617431478,73.9429448774217,69.6264729919492,73.28608703613281,7954972.0
2015-09-22,72.20696059029409,72.25388155885629,68.2658426416467,68.68810272216797,10220655.0
2015-09-23,67.56207294475398,69.67338772427755,66.90522232144504,68.4535140991211,6112851.0
2015-09-24,68.78194333920443,68.92269192392045,66.8113772435659,66.99905395507812,6783348.0
2015-09-28,67.46824166420184,68.50043862257803,65.91994264706996,66.20145416259766,6132965.0
2015-09-29,65.21616959070869,65.49768110007801,63.3394452859401,63.99629592895508,9667246.0
2015-09-30,65.12234930677165,67.09290883369623,64.74700293042014,66.4360580444336,7662075.0
2015-10-01,67.233640599136,67.65590064721005,65.91993233082303,66.52986907958984,4570648.0
2015-10-05,67.51514436613384,69.81413560689543,66.95212858687138,69.43878936767578,6499084.0
2015-10-06,70.23640336858807,70.98709592950763,69.01653690601233,70.37715911865234,5594644.0
2015-10-07,70.37715291681808,78.25939547532855,69.81413712531038,76.85185241699219,20395886.0
2015-10-08,76.94569881410393,79.1039346932756,75.44432075687531,77.27412414550781,16159275.0
2015-10-09,77.97789106304784,80.22996159219971,77.69638672136314,78.77549743652344,13467309.0
2015-10-12,79.47925689661398,86.70464844302764,79.33850832682488,83.185791015625,26948602.0
2015-10-13,76.00733803389045,81.3559996985471,76.00733803389045,80.83990478515625,18613124.0
2015-10-14,80.13612211197278,85.15635774851569,79.99536636981777,83.13887786865234,14422511.0
2015-10-15,83.79573430445701,85.8601279600616,80.98064814183205,82.38819122314453,16205040.0
2015-10-16,83.74881353133765,83.88956927162054,80.74605781459607,82.34127044677734,9119969.0
2015-10-19,82.57585315539446,83.04503413923192,81.16831020388204,81.40290069580078,4943125.0
2015-10-20,81.35598935969368,81.35598935969368,78.86933557844453,79.24467468261719,8452425.0
2015-10-21,79.24468941001217,81.26216968598834,78.91626405325694,80.27689361572266,7239578.0
2015-10-23,81.82516544249613,82.01284214234849,79.43234658223481,79.85460662841797,7207731.0
2015-10-26,80.98067409670146,81.54369007785013,79.62004438652751,80.13614654541016,5855329.0
2015-10-27,79.7607773557405,80.79297421910552,78.07172273631805,79.19776153564453,9200960.0
2015-10-28,78.82241442076553,79.94844604883696,78.82241442076553,79.29159545898438,5213212.0
2015-10-29,79.52618786236188,79.7607783870296,77.88405418968773,78.11864471435547,6610339.0
2015-10-30,78.3532369599991,81.54366959738292,77.93097686997639,78.86933898925781,10426450.0
2015-11-02,78.72859154039921,79.05701688494874,75.16281224751286,75.96041870117188,6934948.0
2015-11-03,76.80494305517792,79.19776947951453,76.66418729625188,77.27412414550781,10902466.0
2015-11-04,78.35324600682516,78.72859232970295,76.47652155157186,76.80494689941406,6302042.0
2015-11-05,76.71109554900858,77.3210322971272,75.81965448885111,76.05424499511719,4001045.0
2015-11-06,76.10116748758577,77.1802853714143,75.06897057401999,75.91349792480469,6199574.0
2015-11-09,73.1922605586721,75.77275692452272,73.1922605586721,75.02206420898438,6902286.0
2015-11-10,73.333006876086,77.69639250901102,72.34772370895811,74.36520385742188,18103849.0
2015-11-13,74.13062016034937,75.3035730109878,72.39465137323168,72.62924194335938,11899968.0
2015-11-16,72.20696963056993,74.59979614413021,71.69087470744407,74.17753601074219,11401155.0
2015-11-17,74.88130120261633,77.36795513192806,74.36519916494694,75.8665771484375,11768848.0
2015-11-18,75.86657186487471,76.28883909150585,71.5970287453895,71.83161926269531,13878123.0
2015-11-19,73.004580558672,74.03677752613183,70.7525098920372,73.56759643554688,13759182.0
2015-11-20,73.52067679765523,74.50595996942626,72.11313350034541,72.44155883789062,14167159.0
2015-11-23,72.30081026937644,72.53540081903809,69.2511331237749,69.67339324951172,11048526.0
2015-11-24,69.0634536743164,69.95490202347733,68.68810737778207,69.0634536743164,9426757.0
2015-11-26,69.43879615263137,70.84633931788741,69.29804040427882,70.47099304199219,7517900.0
2015-11-27,70.65867329946097,74.22444520127162,70.56483135643468,72.86382293701172,12432617.0
2015-11-30,72.62922944803198,73.09841050756819,71.87853688912011,72.3008041381836,10087833.0
2015-12-01,72.81689529312496,74.88129614524087,72.72306051783207,74.6467056274414,8171916.0
2015-12-02,75.06898129892603,76.19501315475556,74.97514650412957,75.49124145507812,8880279.0
2015-12-03,74.64670791394718,76.617266891996,73.75525962352259,74.31827545166016,11515236.0
2015-12-04,73.98985927213097,75.16281204169276,73.37992240013172,74.17753601074219,6152914.0
2015-12-07,74.88130592765751,75.63199138720387,74.03677852142438,74.36520385742188,6293540.0
2015-12-08,73.66144230491237,73.89603288550127,71.03402493866223,71.31553649902344,7459812.0
2015-12-09,70.8463343216201,70.9870900600462,68.50042921163268,69.2042007446289,7645728.0
2015-12-10,70.09565722009768,71.45628677824907,69.90798763372858,71.03401947021484,7082364.0
2015-12-11,71.31552694351946,72.4415587158156,70.09565322425247,71.55011749267578,9056848.0
2015-12-14,71.31552289331415,74.36519985914667,71.08093235748089,73.94293975830078,10437559.0
2015-12-15,74.22443474625986,74.4121114467418,72.48846643182296,74.13059997558594,5371495.0
2015-12-16,74.45902886682383,75.25663519496987,73.52066679626742,73.70834350585938,5407666.0
2015-12-17,73.9898572169875,76.61727421148098,73.80218764272455,76.28884887695312,12765646.0
2015-12-18,76.19500227974189,76.94569484924212,74.69362429987635,74.97513580322266,9069541.0
2015-12-21,75.25664474110081,76.75802997174587,75.25664474110081,76.28884887695312,7868108.0
2015-12-22,76.14809061350832,76.71110647692477,74.31828010848592,74.6936264038086,5451649.0
2015-12-23,75.63199372027927,79.0100962902832,75.2566473993598,78.72859191894531,12159348.0
2015-12-24,79.33851078497874,80.37070756383743,78.58781831355388,79.995361328125,11012588.0
2015-12-28,80.4176388477515,80.69915037550632,79.10393747592379,79.7138671875,6753979.0
2015-12-29,79.99536787737503,80.22995839900956,78.96317101401,79.19776153564453,5043169.0
2015-12-30,79.47926330566406,80.41762536197243,78.91624750370592,79.47926330566406,6327517.0
2015-12-31,79.76076694364745,80.22994792566891,78.07171254471676,79.52617645263672,8803069.0
2016-01-01,79.47927730073809,79.99537938623904,78.8224266093147,79.66695404052734,2806421.0
2016-01-04,79.01009771774808,80.60531782069252,75.4443255024299,75.77275085449219,8706224.0
2016-01-05,76.94569690594794,78.77550024920363,75.63198845377546,77.50871276855469,9819068.0
2016-01-06,77.32104395468917,77.74330406597791,74.78746180955117,75.58507537841797,6494446.0
2016-01-07,74.1306104540719,74.50595674895752,71.40935876507008,71.92546081542969,8098318.0
2016-01-08,72.67614431599505,73.33300210438439,70.56482951736096,72.16004943847656,6800939.0
2016-01-11,71.12785251346085,73.802183159496,69.72030931458605,73.0984115600586,9706674.0
2016-01-12,73.56758691914386,73.80217743409067,70.37715448404049,70.94017028808594,6696133.0
2016-01-13,71.69086201363834,72.72305883626166,69.72030314151489,71.97236633300781,8275596.0
2016-01-14,70.3771688878385,71.31553113967634,68.8757907167251,70.09565734863281,7864816.0
2016-01-15,70.70559423471943,70.75251521095939,66.76447564118072,67.3744125366211,5206900.0
2016-01-18,66.67062989168524,68.969614166929,65.732267794176,66.8113784790039,6814262.0
2016-01-19,67.65591624419021,69.34497114413898,66.71755400180439,67.42132568359375,4396738.0
2016-01-20,66.62372175191217,66.67064272947638,62.26033572647382,63.43328857421875,8312143.0
2016-01-21,64.74698426691576,65.07540956687754,62.68259053075489,64.09013366699219,5883512.0
2016-01-22,65.30999957101405,68.40659730980256,64.84081852932698,67.89049530029297,6988053.0
2016-01-25,68.40659237039492,68.92268718350452,67.37439558504168,67.56206512451172,3930042.0
2016-01-27,68.03126918757744,68.35969457251775,66.43605608407503,66.67064666748047,5960177.0
2016-01-28,66.67064152062692,66.99906688021339,64.98158658684517,65.40384674072266,12038432.0
2016-01-29,65.68535229838486,66.7644702322568,64.51239957877084,66.15453338623047,9203028.0
2016-02-01,66.48295402828188,67.13981180043282,65.87301722526128,66.71754455566406,5582032.0
2016-02-02,67.32748601389028,67.37440698626486,63.996297431082034,64.3247299194336,6192773.0
2016-02-03,63.808623195945856,63.808623195945856,62.213410479701096,62.54183578491211,6780055.0
2016-02-04,63.62095678011004,66.1076107560263,63.057933761505915,64.4654769897461,12083591.0
2016-02-05,65.02849603414111,67.74974038178885,64.55931498673499,66.8582992553711,15932693.0
2016-02-08,67.56208239177354,67.56208239177354,65.1692557767439,65.49768829345703,10400835.0
2016-02-09,64.27780532836914,66.43604107166175,63.433277987118345,65.68534851074219,16969989.0
2016-02-10,65.87302297353503,66.15453449461306,60.99354244184183,62.776432037353516,16937036.0
2016-02-11,63.33944163971376,63.574032164305294,59.06989480806134,59.77366638183594,7915911.0
2016-02-12,60.8058692540422,60.852783065343935,55.17569286054989,57.14625549316406,11171816.0
2016-02-15,58.600711653071826,64.23088046138213,58.45995591154801,62.87025833129883,17333390.0
2016-02-16,64.27780643784443,64.27780643784443,60.571278857272354,60.852783203125,9530757.0
2016-02-17,61.18121294176055,62.21341709523391,57.80311043341137,61.74423599243164,12113622.0
2016-02-18,63.48019979829503,65.7791841629906,63.05793254250497,64.65315246582031,14663310.0
2016-02-19,64.09012802991472,65.68534058035547,63.29251459556037,64.79389953613281,6048480.0
2016-02-22,64.88774593471108,66.24836822693813,64.5593206047737,65.21617126464844,5132711.0
2016-02-23,65.59151762307292,67.42132100509734,63.62095848263078,64.2778091430664,10366393.0
2016-02-24,63.433274975960096,64.23088130961573,61.931897084525765,62.30724334716797,6136935.0
2016-02-25,63.19869022929607,63.808627066909736,62.35416285099523,63.01102066040039,6197874.0
2016-02-26,63.99629027208793,65.63842389360623,62.11956613320988,65.16924285888672,9806363.0
2016-02-29,65.82610620699569,66.43604303588413,62.58875249634243,64.51239776611328,15550728.0
2016-03-01,64.7469920093903,66.15453531394225,64.37164569634935,65.9199447631836,8273262.0
2016-03-02,67.46824547799805,72.25389139854188,66.90522957425212,70.33024597167969,21643529.0
2016-03-03,71.78470782451448,74.88130592765751,70.84634563072999,74.36520385742188,22949555.0
2016-03-04,74.92821867466353,76.85186400817746,72.81690376871984,74.5059585571289,15840406.0
2016-03-08,75.3504802123352,79.01008670993222,75.11588968509771,78.02481079101562,19055239.0
2016-03-09,75.44431515742782,76.38267726844275,74.1775277393846,76.10116577148438,11565488.0
2016-03-10,76.8518683209298,80.27689190349228,76.52344297117958,78.63475799560547,18838685.0
2016-03-11,78.7285949314734,79.52620141948769,76.57035887295389,78.3532485961914,10301155.0
2016-03-14,79.29160772008444,80.69915105239363,79.01009618996837,79.66695404052734,6642436.0
2016-03-15,79.76078893212213,80.69915115485297,78.4470803884718,78.72859191894531,11700066.0
2016-03-16,78.82243000802818,79.05702057352826,74.45904405789943,76.47652435302734,13890592.0
2016-03-17,77.4148828011972,78.63475654535513,75.72582794915321,76.00733947753906,8476015.0
2016-03-18,77.3210459711952,80.22996733150455,76.94569966296342,79.94845581054688,14366152.0
2016-03-21,80.41763095592614,81.63750457763672,79.10392971301917,80.69914245605469,12324190.0
2016-03-22,80.60529260986134,82.57585126504131,79.6200097027046,81.63748931884766,12800780.0
2016-03-23,82.57587938169985,86.04781690113967,82.48204458695693,85.67247772216797,22685606.0
2016-03-28,86.79849412706163,86.79849412706163,77.46179410893969,78.11864471435547,20101957.0
2016-03-29,78.72858049237547,80.83989518708626,78.3532342259333,79.19776153564453,14305542.0
2016-03-30,80.22996880791405,83.79574806303108,79.99537825584412,82.57587432861328,15758559.0
2016-03-31,82.43512638374041,83.51424445743336,81.16833871424703,82.52896118164062,16963906.0
2016-04-01,82.10668842988471,82.24744418473439,80.74606617098638,81.30908203125,8139439.0
2016-04-04,82.05977131568284,85.06253464345545,81.16833009162552,83.60807037353516,14431538.0
2016-04-05,82.7635450761262,83.88958403745491,79.1508519550264,79.66695404052734,11541211.0
2016-04-06,80.46455946699392,84.17108733097385,80.22996891461202,83.46731567382812,14585715.0
2016-04-07,83.51422667917899,83.88957295001346,81.40291195976154,81.91901397705078,6979457.0
2016-04-08,81.87210478821513,83.98341981140692,80.69915199755302,82.29436492919922,10212068.0
2016-04-11,82.71662081058899,87.45534513521876,82.43510931603745,86.51698303222656,15187158.0
2016-04-12,85.71937079920052,87.4084253324311,84.64025302292177,86.32930755615234,12789430.0
2016-04-13,87.31460361895623,91.67798202396563,87.31460361895623,90.3642807006836,18201767.0
2016-04-18,90.83345603992682,91.58414144011759,88.67522030121681,91.06804656982422,11527074.0
2016-04-20,93.32011925536884,96.08829208027316,92.19408746298657,95.52527618408203,24020057.0
2016-04-21,96.08829208027316,97.82426074316896,94.44615820688664,95.52527618408203,18328986.0
2016-04-22,95.2437544801941,96.4167071215758,94.39922714657231,94.868408203125,10577244.0
2016-04-25,94.91534267471289,95.10301226037717,90.59887777221208,92.33484649658203,9752785.0
2016-04-26,92.94476267160448,97.07354990901175,92.80400693416236,96.79204559326172,17484714.0
2016-04-27,96.8858987306787,97.96501671011143,94.86841853593673,95.47835540771484,8607518.0
2016-04-28,95.52526774103211,96.13519739850116,90.55194558611976,90.92729187011719,19093454.0
2016-04-29,91.39647699198972,92.89785503548362,87.64302830368734,90.41119384765625,23929755.0
2016-05-02,90.45810519824198,94.44614400537128,88.7690506045099,92.56941986083984,18962903.0
2016-05-03,93.3670319773981,94.39922888903983,90.59886655629502,90.92729187011719,13225593.0
2016-05-04,89.61358950409605,89.89510102587826,85.06253429618633,85.5317153930664,14740553.0
2016-05-05,85.86013046138564,87.45534313635866,83.42039048119503,84.87484741210938,15926658.0
2016-05-06,84.92178036027843,86.61083520899896,83.70190661852078,86.23548889160156,13758624.0
2016-05-09,87.26767170007044,88.11219898705929,85.39094757748828,86.04779815673828,11577265.0
2016-05-10,85.43787509808332,85.43787509808332,83.70189942422189,84.31183624267578,12264885.0
2016-05-11,83.98341277149005,87.0800107429197,83.3265621274341,85.95397186279297,14204732.0
2016-05-12,86.61083130234427,87.97145358751034,86.32931978721014,87.64302825927734,9628472.0
2016-05-13,87.64302937010501,87.64302937010501,83.37347857155619,83.79574584960938,12852619.0
2016-05-16,84.2180021250157,84.96869470120465,82.66970316108535,84.26492309570312,8759799.0
2016-05-17,84.96869985552343,85.57862955664926,83.4204007976711,83.60807037353516,7734643.0
2016-05-18,82.76352767262304,84.07723593835901,81.8720866132669,83.65497589111328,8076399.0
2016-05-19,83.5611573974075,85.29712604853877,80.98066132814503,81.68443298339844,10822516.0
2016-05-20,82.20052829999901,83.09197669645333,81.1214103248888,81.59059143066406,10826038.0
2016-05-23,82.52895431841095,82.99813542803042,80.98066238397516,81.5436782836914,6339823.0
2016-05-24,81.73133723777998,82.05976253998706,78.3532351195428,80.98065185546875,8892273.0
2016-05-25,83.5142460352938,83.74883661404462,82.15362354219353,83.27965545654297,8223849.0
2016-05-26,83.42039197232431,85.10943945381646,82.24743934942643,84.73410034179688,12228049.0
2016-05-27,85.3909614672413,86.98617436726083,85.25020570332534,86.23548889160156,11544310.0
2016-05-30,93.83621234602815,97.12047977813913,92.10024384945359,96.60437774658203,43496929.0
2016-05-31,96.74513143489432,101.01468186929098,96.18211560464528,98.76261138916016,36580800.0
2016-06-01,98.85647058882935,99.2318169547645,96.27597416683784,96.74515533447266,12374620.0
2016-06-02,96.41671519719233,99.79481765548586,95.90061312810309,99.51331329345703,12148730.0
2016-06-03,100.12323145741682,100.31090816961934,97.68349147186056,99.04412078857422,9025991.0
2016-06-06,98.57494476850924,101.34311019252137,98.10576370280313,100.26399230957031,13723112.0
2016-06-07,100.63934127598593,103.45442774524427,100.40475073688107,102.75065612792969,14522201.0
2016-06-08,102.98524772647878,103.64209837907559,101.34311393585155,102.60990142822266,10622548.0
2016-06-09,102.28149459080063,105.65959756747684,102.23457361036127,104.06438446044922,16009358.0
2016-06-10,103.64209876120178,108.7561768806346,103.64209876120178,108.19316101074219,26738862.0
2016-06-13,106.50410287829726,108.38082715809104,104.48662284569194,107.63013458251953,15420130.0
2016-06-14,107.8647259532757,108.70925331755366,107.06711956001014,108.47466278076172,10883646.0
2016-06-15,109.08459854949885,109.50685864797195,107.16095330282144,108.61541748046875,10291525.0
2016-06-16,108.24006910530419,112.08735236530416,107.30170698534639,111.7120132446289,19649978.0
2016-06-17,112.69728339003252,112.83803913262777,110.67980350385928,111.4774169921875,9115066.0
2016-06-20,110.21064293353578,113.87025712491203,110.06989432393867,113.58875274658203,7879482.0
2016-06-21,114.71476558731635,116.96683603680837,114.10482879653847,115.8877182006836,15274422.0
2016-06-22,116.30998810656394,116.30998810656394,112.69729518393079,114.66785430908203,10065713.0
2016-06-23,114.57402197643586,116.82609266444501,114.15176185455587,116.26307678222656,8243327.0
2016-06-24,111.05516123557572,112.22811394646929,105.09656289606345,110.06988525390625,22745648.0
2016-06-27,108.8030941768923,113.35415657213208,108.75618036239489,112.4157943725586,13603388.0
2016-06-28,112.50962736207353,113.588745306159,110.49214723341552,110.7736587524414,11037595.0
2016-06-29,111.66509266009612,113.82332840709645,111.28974637899152,112.55653381347656,9327343.0
2016-06-30,114.85553376142562,115.84080976779143,113.77641580852796,115.27779388427734,15709303.0
2016-07-01,116.35689738852705,117.76444050209794,115.55929105599711,117.0606689453125,8905862.0
2016-07-04,118.32746993174416,118.93740678297107,117.76445405335598,118.18671417236328,5715305.0
2016-07-05,118.23363013621291,119.54733856955339,115.70005521123379,116.02848052978516,9848628.0
2016-07-07,117.29526725405239,120.76720430111835,116.91992096701243,119.82884216308594,15661285.0
2016-07-08,120.76718776830387,120.76718776830387,117.76443220132604,119.03121948242188,8327269.0
2016-07-11,120.39187045544125,121.75249275163196,120.15727991064041,121.09564208984375,7534954.0
2016-07-12,122.31550643727866,127.80491617507286,121.987073972353,126.9134750366211,26490373.0
2016-07-13,127.61725789229385,131.27686470748517,126.39738418113984,127.4295883178711,20241097.0
2016-07-14,127.61725789229385,128.88405257662123,125.5059429639287,127.4295883178711,11703265.0
2016-07-15,128.4617729034121,129.49397699809631,127.19499258895804,128.9309539794922,10639879.0
2016-07-18,129.4001212569466,132.73130940554665,127.75798766577586,128.79019165039062,13729613.0
2016-07-19,128.4617687172722,130.90151596069336,128.18027153541334,129.4939727783203,10933178.0
2016-07-20,130.29160229411457,130.71386243697856,126.02205125344214,127.52342224121094,11898110.0
2016-07-21,128.6963909020822,129.02482345272568,125.27137404319184,125.64671325683594,11200454.0
2016-07-22,124.98986162034699,128.55564139871035,122.31553752527928,127.61727905273438,15030516.0
2016-07-25,128.08645097374665,128.4617901577162,125.64670332312835,126.8665771484375,6407189.0
2016-07-26,126.86655833017797,128.36794347989814,122.92544020999989,123.53536987304688,12881150.0
2016-07-27,124.4737389636197,126.30355669149154,123.11311664972506,125.55286407470703,9550329.0
2016-07-28,125.74054523375669,127.2419306056477,123.9576626331242,125.97513580322266,10626361.0
2016-07-29,126.63197681250757,127.28882749293129,124.00455977254177,125.31827545166016,7051660.0
2016-08-01,126.20970121594448,130.24466107014524,125.83436210692221,128.18026733398438,12647887.0
2016-08-02,128.9309459098759,129.7285594165985,126.30354350288931,127.14806365966797,9026140.0
2016-08-03,127.0542047933866,128.79018016222443,125.36516470488932,127.3357162475586,9958140.0
2016-08-04,128.0864368069132,129.44705909615308,127.05423268775445,128.6494598388672,6943209.0
2016-08-05,130.43235169162847,135.358753464154,129.96317057043555,134.8426513671875,13302798.0
2016-08-08,137.2354662713738,142.7717973030476,137.00087573073898,139.9567108154297,20168915.0
2016-08-09,140.94199912685792,140.98892010036244,136.4378577175682,137.56390380859375,9816523.0
2016-08-10,137.9392182162727,139.956690850632,135.64023410965515,136.8131866455078,9266876.0
2016-08-11,136.62554429552023,137.00088345438817,129.96316683858058,133.48202514648438,9200944.0
2016-08-12,134.1857960541722,140.05055986772868,134.1857960541722,137.32931518554688,22086647.0
2016-08-16,138.5960919715243,145.96224085696494,137.56390215816242,145.11770629882812,17292821.0
2016-08-17,144.836184282637,147.13516838017907,144.46083088168493,146.33755493164062,13401034.0
2016-08-18,146.85366970155255,147.46359934361223,144.50776443475456,144.83619689941406,7030499.0
2016-08-19,147.13519124466438,149.62184526996893,146.61908918707178,149.1526641845703,13625085.0
2016-08-22,148.2612304636413,148.2612304636413,145.7276553383599,146.43142700195312,6708408.0
2016-08-23,145.91531352617318,147.2759357725703,144.32010074356032,145.9622344970703,6120185.0
2016-08-24,146.66601006230368,147.88588374718773,145.8214755181822,147.32286071777344,7012966.0
2016-08-25,147.27591465203153,148.07352808808886,144.0385685801699,144.74234008789062,7136191.0
2016-08-26,145.86840800362583,147.2759513699875,144.78929715005717,145.9153289794922,7924816.0
2016-08-29,145.44612678829293,149.668756275695,144.97694573413716,148.542724609375,7488966.0
2016-08-30,150.04412187498275,153.42223178845947,149.24652253310074,152.7184600830078,7930389.0
2016-08-31,152.95303167465906,154.54824447877752,148.49581142647114,149.43417358398438,15209502.0
2016-09-01,149.19958118257068,150.7478729958365,146.94751775995312,147.7920379638672,6261144.0
2016-09-02,148.5427324703431,149.10574117416311,144.97695340640215,147.5574493408203,6820117.0
2016-09-06,148.7851350548639,151.00439051940026,148.26572993425916,149.68228149414062,5189625.0
2016-09-07,149.7295041316831,152.7986992061803,149.25732027406812,150.81552124023438,7925196.0
2016-09-08,151.9487492196408,154.35688961068485,151.09882409805198,152.94033813476562,9379095.0
2016-09-09,153.790277500469,153.790277500469,145.43261803759268,146.23533630371094,9427758.0
2016-09-12,140.7107651970924,142.22175904370786,132.11701471303942,133.01417541503906,16165924.0
2016-09-14,132.44756712588963,135.7056327400531,130.8421449517997,135.28067016601562,13195609.0
2016-09-15,136.88608666420205,138.113767479333,133.2974867468603,137.4527130126953,10494591.0
2016-09-16,138.63318500015617,139.67198085237214,134.1002170352915,134.71405029296875,10327538.0
2016-09-19,135.13900762183522,136.5555590039932,133.81688435254426,135.94171142578125,4969953.0
2016-09-20,135.04457725086516,138.20821471965598,134.66683594559484,137.49993896484375,7633586.0
2016-09-21,137.45269354567344,142.93002796904506,136.08336354230667,141.23016357421875,14671999.0
2016-09-22,144.86598441000947,147.51021657808664,143.7799674314682,145.99923706054688,16321716.0
2016-09-23,145.99925352392438,148.12408086842575,144.53548069350856,145.8575897216797,10730581.0
2016-09-26,145.43262718388928,146.66030808755298,143.82720496059412,145.0548858642578,7234470.0
2016-09-27,145.7631613414749,146.66030778115606,141.23019346582925,141.70237731933594,8046035.0
2016-09-28,141.8440194750144,149.39896074569324,140.2385973369765,148.17127990722656,12785618.0
2016-09-29,148.69067165313444,149.0684273287002,139.57753032745637,141.65513610839844,14157620.0
2016-09-30,138.82206263058532,145.76317152607803,138.6331919579676,144.2049560546875,9167292.0
2016-10-03,145.90479511140498,146.5658495535531,144.11050242415922,145.5270538330078,9299252.0
2016-10-04,146.32972494870532,148.73786468753164,143.87437836805924,145.66867065429688,13696719.0
2016-10-05,147.79352485887196,150.43775693960606,147.08524918063455,148.50180053710938,10169595.0
2016-10-06,149.21009968946655,152.70425736983324,147.41580678627787,149.54063415527344,13604084.0
2016-10-07,150.1072293591061,151.47655951738642,147.9351809649858,149.2100830078125,7263839.0
2016-10-10,150.0127905551402,153.74303948257153,149.96556929582482,151.8070831298828,8157913.0
2016-10-13,149.11564194535038,150.3905440006845,143.63832125849387,146.5186309814453,8680827.0
2016-10-14,147.08525403908814,147.65188036435686,144.67711377155527,145.99923706054688,5656494.0
2016-10-17,145.62149000194304,146.9436133692717,141.65514871977084,142.26898193359375,7752014.0
2016-10-18,143.5439009415679,144.8188031941571,140.99411084629807,143.8744354248047,10851523.0
2016-10-19,144.8659944607759,145.38539955999073,141.6551501545685,142.59951782226562,8197044.0
2016-10-20,143.3550172591516,147.55745056938628,143.2133534606606,146.6130828857422,8035617.0
2016-10-21,146.7547306503897,146.7547306503897,142.45786926528254,143.40223693847656,5801324.0
2016-10-24,143.6855215508369,144.62988913095387,142.03287828563217,142.45785522460938,5649471.0
2016-10-25,142.78840441271305,144.01608539974174,139.43589593617995,142.12734985351562,8898884.0
2016-10-26,141.5607114682186,143.77998131153868,140.3330449947981,141.84402465820312,6191861.0
2016-10-27,141.8440366575218,142.45788435606804,139.1998040104894,140.04974365234375,8386282.0
2016-10-28,140.23858328484985,142.03287589288237,139.76639950274597,141.32460021972656,4501956.0
2016-11-01,142.1273225175301,150.62663084083755,141.37182556236604,148.21849060058594,17722418.0
2016-11-02,146.18812633757761,149.39897083039114,144.62991094937362,147.79354858398438,11309743.0
2016-11-03,148.2184859899286,157.14275656981147,148.0296153594893,153.7430419921875,26147206.0
2016-11-04,154.8762896005665,155.77343595712512,146.14088912004675,150.01280212402344,14042173.0
2016-11-07,153.695827590803,159.3620332162704,152.4209255611104,158.27601623535156,13926778.0
2016-11-08,160.54252015773613,162.8089970312937,156.62339969431952,158.087158203125,23431723.0
2016-11-09,142.31618676791024,154.54574364681898,142.31618676791024,153.0819854736328,11328441.0
2016-11-10,159.12594517671198,167.48360444105376,157.7093937359697,165.9726104736328,16275443.0
2016-11-11,164.41441853571965,168.19188924845386,161.5340942352784,162.7145538330078,13455096.0
2016-11-15,165.9253830494062,170.59999974830362,157.2372040840979,158.41766357421875,30748024.0
2016-11-16,162.24235005110555,163.09227509303517,152.23204812886212,153.7430419921875,11909724.0
2016-11-17,154.876303989525,160.3536395735751,152.9875685750186,158.9370880126953,10560503.0
2016-11-18,159.59811996222354,159.88143311632695,154.49854082798456,156.15118408203125,8775559.0
2016-11-21,157.237210497581,161.29799419121153,147.41579290313612,148.59625244140625,16027161.0
2016-11-22,150.01281087446148,157.9927148428654,149.82392581161542,157.28443908691406,15431966.0
2016-11-23,159.55092028794982,164.60329325498554,158.65377385349788,164.0366668701172,15975588.0
2016-11-24,163.84778078687998,171.07218725934192,162.57287874590145,170.4111328125,24353559.0
2016-11-25,172.72485079496604,174.51915811484167,168.90017304425012,170.4583740234375,17338861.0
2016-11-28,170.26950384568113,172.205460565575,167.8141419946097,168.71128845214844,12519439.0
2016-11-29,169.70288949379088,170.78892110151776,165.07549307277233,165.64210510253906,9819481.0
2016-11-30,165.2643347532617,168.75849209177792,163.18672885548767,165.9726104736328,15095725.0
2016-12-01,166.96419873803805,167.62525319259095,160.25918284637186,161.81739807128906,7638033.0
2016-12-02,161.43965129282327,164.46162497334183,158.18158569335938,159.36204528808594,11034636.0
2016-12-05,159.12596869263746,165.64210051905502,158.46491413791384,164.79217529296875,9144499.0
2016-12-06,167.10587806344375,167.95581772295728,164.50886663309666,165.64210510253906,8668165.0
2016-12-07,166.68091488577005,166.96422810466814,162.8562224554179,165.31158447265625,6213861.0
2016-12-08,167.57803896235325,171.3082883502232,166.4920219135745,169.23068237304688,9432763.0
2016-12-09,170.41116015360723,173.24426344596947,169.08905104780158,171.96937561035156,9543322.0
2016-12-12,170.7416655155585,173.00814199894447,169.27789284883147,171.8276824951172,8051004.0
2016-12-13,171.44997841790422,172.48877436071947,165.50045834574718,167.1058807373047,9690930.0
2016-12-14,167.38918467001483,168.28633115579908,165.12270782067472,166.20872497558594,6198952.0
2016-12-15,163.75334221873197,167.53081276043196,163.56447157362828,166.3031463623047,6165323.0
2016-12-16,167.05862930774606,167.05862930774606,159.69257326326132,160.7313690185547,9584392.0
2016-12-19,159.9758685155186,162.1951381788718,158.74820214165305,159.73977661132812,5526669.0
2016-12-20,160.25916854976725,160.30638980871694,156.1511783994339,157.8510284423828,5435726.0
2016-12-21,158.6537590089453,161.48686184839073,157.28442885186124,159.4092559814453,6539566.0
2016-12-22,159.31480167303957,159.31480167303957,151.33489881412004,152.27926635742188,9593033.0
2016-12-23,152.04316599272883,153.08197599639246,150.01278165181873,150.437744140625,9804162.0
2016-12-26,148.73790703197517,148.73790703197517,141.37183637317213,143.0717010498047,10229442.0
2016-12-27,141.93846259284427,147.88798175013127,139.6247647010957,146.89639282226562,10782163.0
2016-12-28,147.79354645635502,149.44618994708102,144.11051815527154,145.0548858642578,9007119.0
2016-12-29,144.58268364150865,146.89638135260384,143.82718668831887,146.14088439941406,7714023.0
2016-12-30,146.37697307554492,147.51021127543902,144.72432983114362,146.4241943359375,8199773.0
2017-01-02,147.17969926547647,150.86272721762498,145.62148404733188,150.01280212402344,9537127.0
2017-01-03,150.95716974353908,152.04318674201954,148.312937526914,150.01280212402344,6841113.0
2017-01-04,150.06002807617188,152.60983250131906,148.69069773557203,150.06002807617188,7732019.0
2017-01-05,151.09884379822532,153.60141263466997,151.00440125688797,152.98757934570312,9921362.0
2017-01-06,153.41250507726912,154.6874070292582,151.19324998849854,151.8070831298828,6830935.0
2017-01-09,152.6098121820796,153.17642410451995,148.8795485789593,149.2100830078125,6143220.0
2017-01-10,150.29611317124824,156.19841127583555,149.21009608396716,155.25404357910156,15806841.0
2017-01-11,157.8038544850377,165.87818710172635,157.19000681055488,165.21713256835938,24145144.0
2017-01-12,165.8309672090546,168.66407019501858,162.80897916276746,167.153076171875,14225168.0
2017-01-13,168.85292303772084,168.85292303772084,161.3452037986833,162.6673126220703,17430533.0
2017-01-16,162.43122220420713,164.6504917599129,160.44804454124005,162.9978485107422,9673403.0
2017-01-17,163.94222850516906,165.0754667942099,159.8814447603583,161.53408813476562,7373767.0
2017-01-18,162.24236721151883,167.48361061753357,162.0534965611026,167.153076171875,13047979.0
2017-01-19,166.49201700740838,167.38916337908083,163.84778474623707,166.3031463623047,8384318.0
2017-01-20,165.83097190625114,168.427983050279,160.07032324099004,162.1007080078125,12034397.0
2017-01-23,163.37560286704002,172.25265298140206,162.6673271320673,171.5915985107422,18223180.0
2017-01-24,172.4415419583987,177.39947221590575,170.97776919086758,176.7384033203125,17125785.0
2017-01-25,176.97450027523774,180.98806297890158,176.7384083514928,180.1381378173828,21241955.0
2017-01-27,179.90204589363788,184.15170052104665,177.58834792291904,180.1381378173828,19584307.0
2017-01-30,179.4770899616199,184.43502054393034,176.54954423476863,180.84642028808594,12048505.0
2017-01-31,181.27138008406843,182.451839728286,178.67436886678976,179.3826446533203,9510113.0
2017-02-01,180.2798013299575,188.87355379143105,176.17181018093902,187.78753662109375,12602860.0
2017-02-02,187.45700475106426,187.45700475106426,180.84643027621564,182.54629516601562,12723782.0
2017-02-03,183.20733157161627,184.52944057157222,177.77721736266372,181.08250427246094,11316589.0
2017-02-06,181.7907685372609,184.62387142355587,178.76879500719423,179.5242919921875,7376710.0
2017-02-07,180.09092080584873,182.21574816975863,173.81088124981147,175.55795288085938,10634847.0
2017-02-08,177.0689222547743,181.5546682852286,175.9356840343249,178.4854736328125,10372799.0
2017-02-09,179.38264490919448,179.66595810619236,171.82770317542554,173.4803466796875,13995996.0
2017-02-10,175.27464245517675,175.36907057469128,170.74167483118123,171.92213439941406,11598507.0
2017-02-13,174.23582400760134,177.4466681169497,171.49716370315164,174.7080078125,17458689.0
2017-02-14,176.59674805665367,177.54111569332028,173.9525157920059,176.8328399658203,11938838.0
2017-02-15,176.691181385637,179.382620364075,171.92212218676937,174.1885986328125,11976086.0
2017-02-16,173.76364456765978,178.29661209053657,172.111001209,177.30502319335938,10429023.0
2017-02-17,177.49388906568174,178.76879110061702,172.81927228742921,173.43310546875,9231407.0
2017-02-20,173.76365459729493,175.55794744058667,169.75009192317262,173.10260009765625,17874216.0
2017-02-21,173.14982054258334,176.50231429125475,171.68604775110168,172.2998809814453,13307165.0
2017-02-22,172.81928322761223,173.7636508955227,169.1362550867243,170.0334014892578,8976506.0
2017-02-23,169.79732687089214,173.2914847161572,169.32514298883177,171.96937561035156,11393385.0
2017-02-27,172.20545205842822,172.96093467382886,169.2306852231361,170.6944580078125,7419931.0
2017-02-28,170.93053994177245,175.18019424971706,170.26948548696234,174.09417724609375,10009502.0
2017-03-01,174.84965985287792,181.31858384247028,174.33026918750429,178.72157287597656,19044703.0
2017-03-02,180.56310493350668,185.23772225909138,177.73000177740593,178.91046142578125,22934124.0
2017-03-03,177.9660918048936,188.6374497941274,177.4939079505904,187.50421142578125,31030530.0
2017-03-06,187.6458443761279,191.04557359318153,185.426589101304,188.4485626220703,17600803.0
2017-03-07,188.25968466610934,188.25968466610934,180.94083584999876,181.83798217773438,17607880.0
2017-03-08,182.16851847444747,182.64070231124998,176.40788431140106,179.6187286376953,19426738.0
2017-03-09,180.37422688868045,181.3185945687259,177.35225319451646,178.6743621826172,11667482.0
2017-03-10,180.18533391554277,180.70473895721182,176.59673429389957,177.16336059570312,9745858.0
2017-03-14,182.73514752380459,183.20733136753535,177.96608782014243,179.80760192871094,15425412.0
2017-03-15,181.69633281436424,182.16851664642851,179.4770774496064,180.23257446289062,11000147.0
2017-03-16,183.20732314391705,188.30690266334176,181.97964232334246,187.6930694580078,17634067.0
2017-03-17,188.873527268242,189.20406170492402,183.8211546498539,185.28492736816406,12329364.0
2017-03-20,185.75711118633467,186.1348668868151,180.98805174083026,185.28492736816406,7107018.0
2017-03-21,185.09604857388805,188.68464831597524,182.49903768828503,187.26809692382812,8832703.0
2017-03-22,184.0572527964627,185.5682468297774,181.31859232222524,182.6407012939453,17762515.0
2017-03-23,183.58506570459846,184.3405627078496,181.9796435788815,182.92401123046875,10680580.0
2017-03-24,182.73514201791502,186.04042882444062,181.55468244415587,184.0572509765625,11748143.0
2017-03-27,183.1601249756754,183.72675139813114,177.16339831924296,178.2021942138672,16988411.0
2017-03-28,178.95766623749984,180.5630883296808,178.2493905136047,179.05210876464844,10087530.0
2017-03-29,179.9964865832087,182.40461265281212,179.0521188979031,181.5546875,9066478.0
2017-03-30,181.6963286868785,182.78236012189976,179.24098146186518,179.71316528320312,16296796.0
2017-03-31,180.18536597583343,185.04885402703448,179.90205277452188,184.1989288330078,13264696.0
2017-04-03,184.24612599628065,185.898769309487,181.64911507552782,182.82957458496094,7198876.0
2017-04-05,183.5850604235381,188.1180279027416,183.3961897806351,187.1736602783203,10440883.0
2017-04-06,185.75710614429087,185.75710614429087,180.70474807294653,183.16009521484375,15667730.0
2017-04-07,182.924023859618,186.6070666010311,181.6491360879005,182.7351531982422,14576273.0
2017-04-10,183.30178237044456,184.62389143002113,181.88523077379477,184.1989288330078,6929296.0
2017-04-11,184.24612374388045,186.04041641232115,181.88520475387637,185.52101135253906,9870105.0
2017-04-12,185.9932195829406,186.98480857098042,181.41304478661635,182.26296997070312,14253253.0
2017-04-13,181.3185911920191,181.3185911920191,172.29987713355968,173.0553741455078,20027226.0
2017-04-17,172.34708813609578,172.77205067691588,169.3723359404489,171.35549926757812,16069287.0
2017-04-18,173.48035604325165,179.76041034435627,173.00817215940506,173.57479858398438,22344207.0
2017-04-19,173.43310463518125,176.78561250990387,171.92212511538227,175.65237426757812,10062015.0
2017-04-20,176.54951533064627,178.1077304759255,174.61355891918728,176.07733154296875,9335160.0
2017-04-21,177.30502464363306,180.09090630332267,174.3302723376759,177.63555908203125,13683524.0
2017-04-24,177.5411162379824,181.0352736223869,176.69119112633769,180.1853485107422,8934000.0
2017-04-25,182.0268519072014,182.97121949167456,178.62712283913572,181.03526306152344,8090965.0
2017-04-26,181.8852236997478,187.40976606587157,181.8852236997478,186.04043579101562,13469283.0
2017-04-27,186.65424266728402,186.74868518734598,182.92399368332318,184.01002502441406,9453547.0
2017-04-28,183.06568229968903,192.36769539156717,181.5546882331356,188.25970458984375,17428449.0
2017-05-02,189.67623018177363,192.55653971172495,187.55140317186536,189.10960388183594,12542163.0
2017-05-03,189.91233831124185,190.66782089588654,185.52102013598486,186.087646484375,7853965.0
2017-05-04,186.7486811196883,187.78749117812143,179.66592456647635,181.7435302734375,11224342.0
2017-05-05,181.31859291629206,181.31859291629206,173.19702517795366,175.46351623535156,19912601.0
2017-05-08,177.1633732379396,177.4466719991519,171.4971674551898,173.9525146484375,15591759.0
2017-05-09,174.2830493762662,178.1077411680381,172.91371919177928,176.03012084960938,11355111.0
2017-05-10,176.59676534886515,178.06053821101113,175.13299248671916,176.6912078857422,9459887.0
2017-05-11,182.59348651803123,184.90718432313278,181.36580572045494,182.8767852783203,23026210.0
2017-05-12,183.91558972603104,184.4822160488413,178.62712541282207,180.4214324951172,11231977.0
2017-05-15,181.27135496342396,188.7790743782439,181.22413370221764,187.4097442626953,18159344.0
2017-05-16,187.59860649770576,187.78749153407352,184.62385450368012,185.56822204589844,10068622.0
2017-05-17,185.19052525646157,189.20408827452948,185.19052525646157,187.78753662109375,10643485.0
2017-05-18,185.096056436755,185.75711089919068,181.6018990696751,183.2073211669922,13959394.0
2017-05-19,185.04885445840665,185.09607572705335,175.6523983940404,180.37423706054688,11428477.0
2017-05-22,181.83797229125696,183.58504359030047,178.62711401668997,179.66592407226562,9699691.0
2017-05-23,179.9964793147592,184.38778311014175,174.28305216739318,181.31858825683594,13372515.0
2017-05-24,181.2713466026912,182.87676854031918,174.80243759315104,176.64395141601562,11130641.0
2017-05-25,177.54112405743646,181.31859478206277,175.51073930691274,179.9492645263672,9696039.0
2017-05-26,180.0909056404987,191.84827984873698,178.86322482941816,187.36253356933594,17803837.0
2017-05-29,187.26808893321117,193.5009061467643,186.2765001190375,190.05397033691406,12516450.0
2017-05-30,191.18722738896338,198.6477404515064,189.95954656501004,191.84828186035156,27444380.0
2017-05-31,192.60377114804598,196.6645547524058,188.873521971098,189.53457641601562,26247788.0
2017-06-01,189.34573016148556,190.24287662440875,184.38779957122222,186.2765350341797,12262290.0
2017-06-02,187.2681060352656,189.06239878865665,183.82115550072106,186.087646484375,8824329.0
2017-06-05,186.04042990611083,188.6846622486867,184.6238784093638,186.13487243652344,7725805.0
2017-06-06,186.08763882436583,187.12643454044516,183.96281172022796,184.57664489746094,6027099.0
2017-06-07,185.1432919821068,186.93758486282744,184.01005361481444,186.22930908203125,7822110.0
2017-06-08,186.2292847820662,189.53457132782768,186.13485666955933,187.4097442626953,7250812.0
2017-06-09,187.69307114709713,191.61219114545116,185.3321520131714,190.90391540527344,9077091.0
2017-06-12,189.9595457052396,192.93431242788253,187.64584786089955,189.44015502929688,7589316.0
2017-06-13,189.58180441184368,191.89550225618373,188.40134485759808,189.44015502929688,6458838.0
2017-06-14,189.44014417944206,189.8178854512035,185.23769687909024,189.01516723632812,8933791.0
2017-06-15,187.8346924418809,189.34568622559817,185.1904749352327,185.66265869140625,8424950.0
2017-06-16,185.66268897884154,186.70148476594093,184.05725241803043,184.38778686523438,6718837.0
2017-06-19,185.66269163287362,190.24286623445835,185.09606526096897,189.67625427246094,6775145.0
2017-06-20,190.7150162912163,191.61216254622244,188.30687625205957,190.76223754882812,7011446.0
2017-06-21,189.2985068649725,189.34572813302216,184.8127601885044,185.615478515625,10786414.0
2017-06-22,186.5598103966636,186.98477290765453,180.4686426460468,180.94082641601562,9349289.0
2017-06-23,180.61033489444145,180.65755616463085,176.219030555089,178.2021942138672,14335956.0
2017-06-27,178.86322402470458,179.33540784146453,174.80245472849427,177.30502319335938,6723293.0
2017-06-28,177.54112205343029,179.80759869866017,175.46351606031837,179.2882080078125,8184171.0
2017-06-29,181.3185908976479,182.82958491909108,180.75196453712996,181.50746154785156,7868064.0
2017-06-30,181.27136347847343,181.93241793669696,178.8632231428888,180.32699584960938,7522346.0
2017-07-03,180.5630988896831,186.79593138844197,180.5630988896831,185.70989990234375,13851222.0
2017-07-04,186.3709590776041,189.01517693543104,186.18207402212514,187.36253356933594,15943321.0
2017-07-05,187.5986011193637,188.8735030287698,186.2764923621242,187.74026489257812,6510422.0
2017-07-06,187.03202331021456,188.49579610718598,185.23771605879858,185.70989990234375,6864881.0
2017-07-07,184.43500668610957,186.89035395358445,183.72673094185407,184.0572509765625,7307585.0
2017-07-10,184.52942509646257,186.22928967521332,183.20731620738206,184.9071807861328,3225083.0
2017-07-11,184.62387802459017,191.04558101177471,184.3877861089577,189.48736572265625,15115931.0
2017-07-12,190.52617205524015,191.1400052594852,187.976382300051,189.44015502929688,8329987.0
2017-07-13,190.38455644479865,194.162027688466,186.70151333627743,193.3120880126953,11902359.0
2017-07-14,194.35085855591333,195.86183809791075,192.65099396249826,194.4925079345703,14793571.0
2017-07-17,194.6813777504457,197.84501501949316,194.6813777504457,197.5144805908203,9977809.0
2017-07-18,196.38123671956578,198.69493442437852,194.9174640785926,195.86183166503906,7529525.0
2017-07-19,195.95628698219036,202.0002341661121,195.86184445341698,201.5752716064453,13700281.0
2017-07-20,201.4336248622373,202.66130570284193,199.5448895412785,201.76414489746094,6600194.0
2017-07-21,201.52804330369386,203.60566358489365,196.42846394598183,202.61407470703125,9896744.0
2017-07-24,202.75575583784,203.7945661411225,200.3476151601641,202.47244262695312,7911040.0
2017-07-25,203.03904392944452,208.61080727796428,201.38640054862347,207.9497528076172,10567887.0
2017-07-26,209.64963300047293,210.40513005542917,206.5804379227633,209.22467041015625,8253006.0
2017-07-27,209.41352904583775,211.30226436981374,207.24148054128398,208.94134521484375,8395336.0
2017-07-28,207.71364959131398,207.71364959131398,202.09466528431537,203.8417510986328,6034925.0
2017-07-31,203.98340755132588,208.56359630891777,203.51122373754967,207.4303436279297,5389040.0
2017-08-01,208.79970545477232,214.0409346924907,208.79970545477232,213.19100952148438,10837725.0
2017-08-02,213.04935240761426,216.1657541949548,210.16902812818986,215.50469970703125,6397948.0
2017-08-03,215.12694389562478,215.12694389562478,207.94974431382346,208.65802001953125,10254636.0
2017-08-04,206.20268007928502,213.33264423755475,206.20268007928502,212.71881103515625,5760887.0
2017-08-07,213.75763927753317,215.97689477453918,211.63281190662295,214.9853057861328,4951339.0
2017-08-08,220.03766218716072,231.27563144477404,219.3766077149317,221.8319549560547,24897407.0
2017-08-09,224.4761865755303,229.67020862860693,224.1928733997448,226.1288299560547,12844802.0
2017-08-10,225.70385857590108,231.1811935906866,221.6902962372083,224.75949096679688,10897284.0
2017-08-11,221.92642522613386,221.92642522613386,205.87217318849866,208.7052764892578,21126006.0
2017-08-14,210.6884423383392,218.80999601664215,210.6884423383392,216.40185546875,10891996.0
2017-08-16,219.32939170277237,223.1540836542747,214.51311081422767,220.6042938232422,10236544.0
2017-08-17,223.34297705795046,226.17608036101115,215.12698036105618,217.48789978027344,10310147.0
2017-08-18,214.37146100399448,219.61270445237312,213.19100141696808,217.2517852783203,10750779.0
2017-08-21,220.79313987334405,223.34292942026235,211.49111358173033,212.3882598876953,7018024.0
2017-08-22,215.31581587860694,218.76275190392917,213.23821001088234,216.16574096679688,12201333.0
2017-08-23,217.20454879779373,218.62110020299676,213.2854290073612,218.05447387695312,7189281.0
2017-08-24,219.09332144413895,221.59589025701592,217.48789912588342,220.03768920898438,9492099.0
2017-08-28,221.17090108055396,222.39858190938116,218.90442448110898,220.55706787109375,5152003.0
2017-08-29,220.9820302755047,221.2181221881922,213.99371542391728,214.65476989746094,9095620.0
2017-08-30,218.00727200751928,224.47618159319063,217.34620314205685,223.2012939453125,12685001.0
2017-08-31,224.57062032695728,226.12882111801673,222.0208306643572,224.75949096679688,23200769.0
2017-09-01,225.93995145357573,231.370065229367,224.80671319973965,230.18960571289062,9852014.0
2017-09-04,230.85067996850512,233.258820470731,224.33454864239502,228.96194458007812,11283027.0
2017-09-05,230.7169951944752,231.80797652704194,227.87097959304108,229.4837188720703,3776840.0
2017-09-06,223.88654612471768,234.03733154966244,223.88654612471768,233.18353271484375,9688366.0
2017-09-07,234.79628600642351,238.35380549136934,233.04123727028337,237.1205291748047,11330389.0
2017-09-08,238.8281180896351,242.33820074340304,233.98988627256148,236.7410430908203,11886595.0
2017-09-11,238.5435124888,239.53962073747823,233.94246311245922,237.2153778076172,6580356.0
2017-09-12,237.64229916967744,241.53185955709927,236.6936273167047,238.06919860839844,6812508.0
2017-09-13,237.40512624863655,238.78069751160388,233.7053118895405,235.27061462402344,4323093.0
2017-09-14,236.50388960255697,239.06530064289993,231.90282544677575,234.5116729736328,7307378.0
2017-09-15,232.47202416924264,236.8833421860885,229.0093634632827,235.08087158203125,8809971.0
2017-09-18,235.839804724038,238.44865205737656,235.0334279398641,236.693603515625,5570498.0
2017-09-19,237.5474248896759,237.5474248896759,232.99381160087935,233.8476104736328,4938461.0
2017-09-20,234.70140625719603,236.17185049699142,229.38885266499716,231.57080078125,9917420.0
2017-09-21,232.89894657265015,233.18355103180687,224.17116817054344,231.99771118164062,9888709.0
2017-09-22,230.8118642215992,230.8118642215992,217.3407268337893,219.04832458496094,14454217.0
2017-09-25,219.52264704375222,220.56619180597056,211.83841420811967,217.34071350097656,9248669.0
2017-09-26,216.53433890875337,223.26991449636725,216.10743949276835,222.55841064453125,7602977.0
2017-09-27,222.70072565290835,223.1276251072859,218.85860161234197,221.6571807861328,6569514.0
2017-09-28,220.5661757916189,227.39660930811397,220.42388082327633,226.2107696533203,15196210.0
2017-09-29,228.91450987452205,230.19520812834423,226.3530988912947,228.2504425048828,9189997.0
2017-10-03,230.0529107655175,232.1399858237376,225.97361914342474,229.19911193847656,4986233.0
2017-10-04,229.62602833749236,230.52726371616305,227.96585256998912,229.4837188720703,3207388.0
2017-10-05,229.57858577423255,230.3849626302019,227.11203319468922,228.3927459716797,3698369.0
2017-10-06,228.6299282575387,239.20761416884665,228.6299282575387,238.0217742919922,9453802.0
2017-10-09,237.59483879020732,240.39341757994495,235.6026367846436,236.693603515625,5744914.0
2017-10-10,237.64227257215597,240.48828781254107,235.36546617008074,239.1127166748047,8106676.0
2017-10-11,239.96651818415145,241.53183526950394,233.9424612088827,236.693603515625,9799296.0
2017-10-12,237.40514435812,251.77751793661955,236.88337191496328,250.8762969970703,30320448.0
2017-10-13,251.11342302551873,253.91198730862797,248.07766185448196,252.9158935546875,12276907.0
2017-10-16,254.67091839896202,258.8924899101512,253.76966874258918,257.469482421875,14632858.0
2017-10-17,257.943843411211,263.6358739195179,255.66703699812103,262.3077392578125,9929992.0
2017-10-18,262.782095725211,264.1576814529756,259.177154367931,261.1693420410156,9664157.0
2017-10-19,260.88473123862485,261.1218991761145,259.1296827109685,259.8411865234375,569539.0
2017-10-23,260.552725841725,264.25254038050883,255.6196494404027,257.9438781738281,6263035.0
2017-10-24,255.76190357604256,260.8847251153476,253.76968715765628,255.05039978027344,9597374.0
2017-10-25,257.848993472123,258.41820236401776,250.68653269001783,253.05821228027344,7240195.0
2017-10-26,255.42990107115696,261.1693543058449,254.24406123331502,258.8925476074219,8484342.0
2017-10-27,261.7860303138883,262.1180423280085,255.33504382781322,256.1888427734375,4587536.0
2017-10-30,256.66312081867875,261.6436473206026,256.56827680814405,259.1771240234375,4647384.0
2017-10-31,258.2285083112408,259.7463602229328,251.16089092385067,253.67486572265625,4764121.0
2017-11-01,255.6670570322901,261.8334238994882,253.8645863536501,261.1693420410156,9043536.0
2017-11-02,261.83343487077474,261.83343487077474,252.6787571591859,256.90032958984375,8317616.0
2017-11-03,262.21290917194835,263.3513270402402,251.96726416199786,255.09786987304688,14396735.0
2017-11-06,254.90817697488953,260.5053359625751,247.6033910232372,258.9400329589844,10582403.0
2017-11-07,259.79379680930685,260.78989069011425,250.44937312045045,253.2005157470703,8882930.0
2017-11-08,254.43374732896945,255.99904975642937,245.8957025051941,249.54806518554688,7922193.0
2017-11-09,253.39023312359916,254.19660991058745,245.70598607016794,249.78526306152344,7419140.0
2017-11-10,248.07766374377482,253.34278039955365,247.41358193531428,250.49676513671875,5272277.0
2017-11-13,250.449341579435,251.6351812649437,245.5162369072532,247.50845336914062,5439255.0
2017-11-14,246.7495337148693,251.1608516649268,245.84828395090312,247.60333251953125,5575097.0
2017-11-15,246.18033779813712,246.37008374299532,235.65007478416848,238.92300415039062,9886735.0
2017-11-16,240.53572699475953,243.00226487876168,238.44865202350164,241.62669372558594,5264913.0
2017-11-17,243.57150397483045,249.69044915077055,243.57150397483045,245.563720703125,5927180.0
2017-11-20,245.70601576198695,249.02636732633812,240.29858896658897,248.0302734375,6377940.0
2017-11-21,249.12124030412463,251.4929199929469,245.94318373086915,248.0302734375,3610061.0
2017-11-22,249.31092232017699,250.30704502038708,243.6188918658244,244.5201416015625,4497727.0
2017-11-23,243.80864360633723,245.37394622836288,237.21537773466753,242.14846801757812,9682203.0
2017-11-24,242.19592198599963,242.62282141595503,238.11663020686103,238.73326110839844,6186665.0
2017-11-27,238.02174672192044,240.58317213970355,234.51166398812123,236.83590698242188,7592581.0
2017-11-28,236.36158391020243,240.01397629624833,235.27061708090744,237.7845916748047,4692698.0
2017-11-29,238.0217533114894,239.01786161536174,233.373267194196,234.22706604003906,5285364.0
2017-11-30,232.5194561869837,234.74882615700903,227.20688849458097,228.10812377929688,14998374.0
2017-12-01,228.1555666732236,228.96194348912093,221.5623005937917,223.26991271972656,7209250.0
2017-12-04,224.36091172840005,228.48764041934666,222.60586286544924,227.25436401367188,6457124.0
2017-12-05,226.59029531439046,229.29400161812833,223.60197006215202,227.72869873046875,6775195.0
2017-12-06,224.36087176529787,224.50316673939813,219.3329085304094,220.1867218017578,7402990.0
2017-12-07,220.5661785976954,225.78387314516775,217.62529042616,225.02493286132812,7697931.0
2017-12-08,226.2107971638814,231.42849227952198,225.35699829882816,227.39663696289062,8857585.0
2017-12-11,227.6812396109182,228.48761645810688,223.93398877077186,225.87876892089844,6613622.0
2017-12-12,226.21080138255127,230.71699270282355,224.4557671326376,225.73646545410156,5268296.0
2017-12-13,223.5544951393199,227.586350131684,221.56229312255996,222.4160919189453,7349390.0
2017-12-14,223.4122076447568,225.7838871314315,221.08796464293215,224.26600646972656,6618531.0
2017-12-15,228.48761416692193,231.42848813038964,226.82743847807325,230.2900848388672,6290840.0
2017-12-18,228.62990177532484,241.24723949870622,223.41220692153112,236.83590698242188,13833894.0
2017-12-19,239.0653203970645,241.81646313520963,237.73718551842575,241.2472686767578,5550113.0
2017-12-20,241.43697842672466,247.6033452627707,238.30635852253852,245.08937072753906,15519081.0
2017-12-21,247.50845662562352,251.06597572895606,246.32261692451266,249.78526306152344,13770746.0
2017-12-22,249.97504753666695,255.6670789796271,249.83275254082676,254.10177612304688,7760233.0
2017-12-26,255.00298224342941,256.6157359723362,252.8210485642425,254.86068725585938,4332214.0
2017-12-27,255.09783792899094,255.8567927298701,251.11343379124563,252.10952758789062,6351948.0
2017-12-28,253.29534562861886,264.48966018454956,253.29534562861886,261.12188720703125,22938436.0
2017-12-29,262.5449474412647,262.5449474412647,256.8054940460514,259.5091857910156,5007765.0
2018-01-01,258.9874095150693,263.63589569049105,256.14139402589274,257.23236083984375,4614411.0
2018-01-02,260.3155578719162,260.3155578719162,254.33893661320147,257.9438781738281,4546324.0
2018-01-03,259.36685103828773,265.01145953949117,259.0822610933381,262.3077392578125,7285874.0
2018-01-04,262.8769580373107,266.86136217306307,260.69499555593563,265.4383544921875,10346774.0
2018-01-05,267.5254275800962,269.4227710381111,260.97959844017765,262.2128601074219,7084973.0
2018-01-08,262.7821154279484,264.7268812360271,259.651509748805,261.9757385253906,4157464.0
2018-01-09,263.30384486349743,263.30384486349743,256.75801527465165,257.56439208984375,5197857.0
2018-01-10,258.79766277107456,262.307760110708,252.9159148156031,255.0029754638672,7472579.0
2018-01-11,255.0029755518863,257.2323601358735,253.10563189762772,254.0068817138672,6502479.0
2018-01-12,255.19269474919454,257.6592470314269,252.96331039888523,255.05039978027344,4435500.0
2018-01-15,256.3311393599748,260.5527116214688,252.15696015822053,253.0107879638672,6592272.0
2018-01-16,254.05432393042284,254.24406989140638,246.37010468046097,247.17645263671875,8447591.0
2018-01-17,246.93927687737244,251.6352142275911,243.28691332850013,249.26353454589844,11037340.0
2018-01-18,250.16476846450027,250.16476846450027,239.16016965244378,240.86776733398438,11341249.0
2018-01-19,240.96263702156006,246.03803693803474,239.25502488770803,244.75732421875,5898314.0
2018-01-22,244.7573222147746,245.5162480675325,238.2114926434498,242.0061798095703,6230212.0
2018-01-23,242.95487960100428,256.805495143824,242.95487960100428,251.3506317138672,17400430.0
2018-01-24,250.02246805639334,250.82884496289094,243.61893272135708,245.4214324951172,6409442.0
2018-01-25,245.9905812984439,253.1530706176034,243.23943892304317,245.6585693359375,15254979.0
2018-01-29,248.17253810599897,250.35447157265187,240.39341809667502,245.32652282714844,5990929.0
2018-01-30,244.52015472068894,244.75732266901161,239.58706429069363,240.53573608398438,5286436.0
2018-01-31,240.39344122837838,249.6904427379201,239.0653064273488,243.00228881835938,17514495.0
2018-02-01,244.56758244344738,246.18033611018484,235.98211409405965,243.09715270996094,8940788.0
2018-02-02,243.28688956267828,248.2199654480038,233.13608993616165,237.02565002441406,21737420.0
2018-02-05,230.05291415019377,236.59874385536813,227.91840257560435,233.94247436523438,8462501.0
2018-02-06,223.88655477137476,235.7449527995196,220.5662033234942,231.8553924560547,10473645.0
2018-02-07,232.4245887074044,240.01396303254415,231.5707898860593,233.37326049804688,13707458.0
2018-02-08,232.9938115307866,236.55133095882843,228.15557931841627,232.6143341064453,10180978.0
2018-02-09,227.68122052265142,232.89891515962884,225.16724616961335,231.00157165527344,7024965.0
2018-02-12,234.3219388704996,234.93856976150448,229.57857978405224,230.76441955566406,5557349.0
2018-02-14,233.6578714935136,233.89503944783596,229.34141182972985,230.76441955566406,7121280.0
2018-02-15,232.8989119482325,241.19978966532835,231.4759043395875,238.5909423828125,10053559.0
2018-02-16,242.38564761900656,243.76123332490374,233.752728351932,234.93856811523438,7629453.0
2018-02-19,235.36547660261397,237.64228310560827,230.14778176396788,234.8437042236328,6056718.0
2018-02-20,235.0808692386133,239.44475072751754,234.1321974616016,236.029541015625,4778807.0
2018-02-21,237.64229000285204,237.92689444288226,226.4953961604029,228.29786682128906,11901519.0
2018-02-22,226.25822998296792,228.6299095425378,221.84691179240122,227.58636474609375,13120748.0
2018-02-23,229.10423931301474,234.74883361836373,227.72866810045483,233.89503479003906,6908252.0
2018-02-26,233.8950291929766,238.54351510365424,232.04512212548582,233.56298828125,6522004.0
2018-02-27,235.88722676638872,237.07306646353643,230.85927803094825,231.76051330566406,4805004.0
2018-02-28,228.39272868939685,233.98988634368075,226.40051218162395,232.80404663085938,8747792.0
2018-03-01,230.9067391077195,234.32196380359278,226.73258845772742,228.44020080566406,5767109.0
2018-03-05,223.88652618390856,223.88652618390856,216.48688386406982,217.81503295898438,12425050.0
2018-03-06,219.14319195887174,223.03275223841837,212.64478415600522,214.25753784179688,12488311.0
2018-03-07,210.60515440473895,213.73577445992618,207.85401178157727,212.9293975830078,13960066.0
2018-03-08,214.8741666162494,215.82283843353966,206.52585172897827,211.2692108154297,7733982.0
2018-03-09,213.16654496041727,214.5421161391349,208.09115964920645,208.89752197265625,13433660.0
2018-03-12,208.7552512819347,216.86639879739823,206.24126210021942,215.96514892578125,9531278.0
2018-03-13,213.45116269749218,216.24974171329816,211.0794831119645,214.54212951660156,9990633.0
2018-03-14,212.0281417641812,216.20229178496567,210.3205296736485,215.0638885498047,6385584.0
2018-03-15,214.3998222137308,215.44336696164126,211.55380687461047,213.3562774658203,6730350.0
2018-03-16,212.50248948144963,215.63310940910551,208.8500971532539,210.32054138183594,7793461.0
2018-03-19,211.26920596424077,212.40760922373235,201.11842064743493,203.53753662109375,6780348.0
2018-03-20,200.16975736138252,207.56940057601952,199.50568997141406,206.14639282226562,9600657.0
2018-03-21,207.7591318736777,208.56550872369473,202.3517053090685,203.67984008789062,8817896.0
2018-03-22,204.6284829269844,207.9488338791279,201.6876093404347,205.67202758789062,8362938.0
2018-03-23,198.27242875345098,199.88516810178322,193.81367368138504,195.5212860107422,12819120.0
2018-03-26,194.8097533299299,200.64407891232483,192.2009059681857,199.7428436279297,10187531.0
2018-03-27,201.97223699197505,208.04374569520309,199.3633893280433,207.28480529785156,15563344.0
2018-03-28,205.38744372721538,205.38744372721538,201.4030250812035,203.53753662109375,13861721.0
2018-04-02,205.4348692714628,205.67203720770885,199.31593941143058,200.4069061279297,8156843.0
2018-04-03,199.2210709094539,200.8338100169378,193.95593971173045,197.2762908935547,18145471.0
2018-04-04,197.32371968845018,199.31593611015282,189.734345854279,190.4932861328125,17752702.0
2018-04-05,196.09047831359302,203.9170214677868,195.5687058748632,203.1580810546875,24201909.0
2018-04-06,199.2685266443524,204.86568481565416,199.2685266443524,203.01577758789062,15008286.0
2018-04-09,203.63239744864202,212.02814872531383,203.63239744864202,209.98851013183594,18411692.0
2018-04-10,218.1945343017578,220.89825497355676,216.77152646935505,218.1945343017578,27519382.0
2018-04-11,222.9378801788914,224.36088792471412,219.2380658299857,222.17893981933594,18802049.0
2018-04-12,221.94173935809644,223.50705633460913,219.1905972426469,220.66104125976562,11712671.0
2018-04-13,222.93789307182328,226.25824467076532,222.55843010789215,225.59417724609375,16774668.0
2018-04-16,225.02494284521515,228.34529406819644,223.459640201757,227.15945434570312,9325515.0
2018-04-17,229.10421587477543,234.13217878701928,225.78386492006854,227.11199951171875,16417908.0
2018-04-18,227.39662087160352,232.18741621570598,223.93397469375753,230.33750915527344,23323232.0
2018-04-19,237.1679491541991,254.05429555351182,236.31415032747714,251.16085815429688,37033062.0
2018-04-20,242.81255583026154,249.97503115505828,241.199816588894,248.6468963623047,23314520.0
2018-04-23,249.50069565987755,251.35061734124466,241.24725348943937,242.48052978515625,9559885.0
2018-04-24,226.73254916584858,226.73254916584858,219.23804810080864,224.59803771972656,35117665.0
2018-04-25,222.7007084897981,224.26601119374234,218.28939034189477,220.13929748535156,10496552.0
2018-04-26,221.2777233612843,226.44798238393372,219.5701110254372,221.98922729492188,16400986.0
2018-04-27,224.59805407086247,225.7364573632222,221.98920655789576,222.89044189453125,9169183.0
2018-04-30,224.07627678084927,226.11592984089557,220.4238990277889,223.55450439453125,5872046.0
2018-05-02,222.9378705341446,223.64937437627484,214.58955589136647,216.3446044921875,8849434.0
2018-05-03,217.2932681250253,222.46352628864278,215.91769697699235,219.66494750976562,10232446.0
2018-05-04,219.52265699667112,220.85080625203702,215.39594319661478,219.47523498535156,7889501.0
2018-05-07,222.22639219686653,226.87487870872303,220.4713433946191,225.64161682128906,7746284.0
2018-05-08,225.59415345391614,227.5389335090223,220.8507945271121,226.4479522705078,8701503.0
2018-05-09,228.914502762423,235.60264168764525,224.6929162484657,225.92617797851562,18653553.0
2018-05-10,227.91841192621374,230.43238653808004,224.64549693935155,228.91452026367188,8435591.0
2018-05-11,229.57856267737873,230.8118388430761,226.35308452916902,230.2426300048828,6236509.0
2018-05-14,230.71699226934098,232.1400000520165,227.44407726430404,229.6734619140625,6801148.0
2018-05-15,229.0093479165145,235.50775500289973,227.39660888411856,231.3810272216797,7445308.0
2018-05-16,230.76441253884866,234.8911406088104,224.83521386107762,227.44406127929688,17297698.0
2018-05-17,227.68121735082414,228.44015763710993,216.86636531689277,221.08795166015625,17195201.0
2018-05-18,220.1392955820239,223.36477393372343,218.76372435778686,219.61752319335938,7332967.0
2018-05-21,220.32903489512918,221.98921061554458,212.83453314748735,216.5343475341797,8159685.0
2018-05-22,217.24584744341078,224.07628167315247,213.5934551350241,222.89044189453125,9261805.0
2018-05-23,221.98920318728537,222.84300202469558,217.05611267824008,218.14707946777344,8998284.0
2018-05-24,219.14320259095666,223.55452100872282,215.49081009087377,222.08409118652344,9274702.0
2018-05-25,222.93787192909878,234.5591014232752,222.510972516266,232.89892578125,15151718.0
2018-05-28,234.32195180659897,234.98601922024582,228.39275262120933,229.24655151367188,5898310.0
2018-05-29,227.68122281733247,232.3297086596201,227.11201397005624,230.0529022216797,6812212.0
2018-05-30,227.63380312421592,227.91840756884625,223.45965285491576,225.87876892089844,7818247.0
2018-05-31,227.0171719453665,227.58636635834557,221.04053651779446,222.17893981933594,8948198.0
2018-06-01,221.79946991873015,227.20689628809004,219.19062246657046,226.2582244873047,7341372.0
2018-06-04,227.68123127308948,230.38495168469055,225.49928324493914,229.19911193847656,8045521.0
2018-06-05,227.87097364026386,230.7169891673502,225.49929403435854,229.6260223388672,5490029.0
2018-06-06,230.0528957503074,236.74103437754613,229.1042240152546,235.36546325683594,6455908.0
2018-06-07,239.06529153431845,242.38564280562844,234.7488319864989,235.83981323242188,12822346.0
2018-06-08,233.04122227734433,234.46422997977206,228.20300477443988,229.7208709716797,6829526.0
2018-06-11,229.62600967745195,233.0412194362932,229.4362782145579,232.13998413085938,5187556.0
2018-06-12,232.13999057273924,233.278393857277,226.4479596744673,228.29786682128906,4661081.0
2018-06-13,228.34528443722377,234.51165073410874,227.34917621722596,232.42457580566406,5976795.0
2018-06-14,232.4246069311,236.69363032371203,230.81186765567443,232.18743896484375,6799990.0
2018-06-15,232.42460300473462,232.51947597986796,223.45965692681156,225.21469116210938,6786903.0
2018-06-18,222.9378757229099,222.9378757229099,217.2458448533888,219.1431884765625,6830177.0
2018-06-19,217.24584517302947,220.28159207945737,210.46284750043668,214.21009826660156,10126361.0
2018-06-20,214.39983761734075,217.95735704683202,212.549930409122,214.58956909179688,7229700.0
2018-06-21,216.58178635169298,216.58178635169298,210.13081487355075,210.88975524902344,6019694.0
2018-06-22,210.65258480250932,211.3166521948737,207.4745283507593,210.6051483154297,9807671.0
2018-06-25,209.7038997901345,215.58566192894293,206.6207165062222,207.18991088867188,9318246.0
2018-06-26,207.28477653966794,212.21786672467178,205.6720374662835,211.50636291503906,8483133.0
2018-06-27,211.7909603786869,212.21785975533052,205.7668891980638,206.71556091308594,6888151.0
2018-06-28,206.81046637637348,211.17436274152132,205.05541763753308,209.70391845703125,10398473.0
2018-06-29,211.36406891688466,220.09184612679638,210.1782292287015,218.66883850097656,10441528.0
2018-07-02,219.14319175728758,219.2380647300998,207.61683486418306,211.79098510742188,9159214.0
2018-07-03,212.02815266752106,215.77540347726662,209.3718686651603,214.4947052001953,8001296.0
2018-07-04,214.21010557498488,214.21010557498488,208.8026789516107,212.5973663330078,5246876.0
2018-07-05,212.31276793518825,212.40762643707652,208.04374450944957,208.99241638183594,4773707.0
2018-07-06,208.13859626102686,214.73187714074734,203.53754651452368,209.13470458984375,8822679.0
2018-07-09,211.55382325601593,214.2575438277725,210.13081547626695,210.652587890625,5167643.0
2018-07-10,212.73966142942575,218.24196103040944,212.54992995537464,217.2932891845703,11551274.0
2018-07-11,215.20620311138967,215.20620311138967,208.51806404208682,209.46673583984375,9759711.0
2018-07-12,209.6564837973896,214.30497018184926,208.3757709794344,208.99241638183594,8962227.0
2018-07-13,211.45893959899672,211.45893959899672,205.48231880641623,207.52195739746094,5814556.0
2018-07-16,206.81045504565998,209.18213457600012,201.49788710746486,202.11453247070312,6440638.0
2018-07-17,200.16976386485177,209.89365049809695,197.37118475332724,208.2334747314453,8643253.0
2018-07-18,209.56158910815884,210.0833614790296,199.69540844776589,201.4978790283203,7509081.0
2018-07-19,203.01576149463233,203.39522441747337,184.51666173227096,187.45755004882812,33211007.0
2018-07-20,190.06638900008937,191.82142303467148,183.6628547516914,185.6076202392578,22835887.0
2018-07-23,186.03453294978905,188.2639028408038,182.4770139449531,186.0819549560547,13363743.0
2018-07-24,186.88834785686785,199.22108147178807,186.0819710225821,196.94427490234375,18526745.0
2018-07-25,198.93648255602946,202.3517069806173,196.84940739681846,198.2724151611328,15344017.0
2018-07-26,199.69541666023343,199.69541666023343,191.34710180972462,195.9481658935547,13565234.0
2018-07-27,201.82993281842425,209.46674398234617,201.11842894244862,202.44656372070312,30005793.0
2018-07-30,203.01575342663645,205.33999630673154,198.69929409184158,200.4069061279297,9030681.0
2018-07-31,200.16975710781443,203.9170079595028,197.0391371584049,202.44656372070312,11169360.0
2018-08-01,203.49011278152466,203.8695757330749,195.75844295791467,197.32374572753906,11173257.0
2018-08-02,195.4263807810005,199.93257159997987,192.81753346474926,197.22885131835938,12829967.0
2018-08-03,197.37116495282615,201.7824829000041,194.00337726893355,200.73895263671875,16743513.0
2018-08-06,201.68762906973583,205.6720477069519,199.5056810497705,205.0079803466797,10375458.0
2018-08-07,207.56939329046833,211.12691254998646,203.5849746149246,207.75912475585938,20854265.0
2018-08-08,211.55381462107363,213.35628527828453,208.138590298841,209.27700805664062,20806040.0
2018-08-09,212.50249094954884,216.4869097597362,211.2692146694571,215.77540588378906,15345515.0
2018-08-10,217.00867820515253,217.05611469113367,208.89753127220396,211.2692108154297,13147995.0
2018-08-13,209.60903443188215,212.12302342461624,206.47841455021157,210.27310180664062,9996307.0
2018-08-14,209.7039110813727,212.45505360030083,208.94497072165976,210.0833740234375,7631497.0
2018-08-16,206.43098803679848,207.09505539707067,202.541427893574,205.0079803466797,8129284.0
2018-08-17,207.33222049864762,209.84619492643955,206.43098520239667,208.42318725585938,5232908.0
2018-08-20,209.6564890686746,215.3485204461047,209.08728014069786,215.0164794921875,7597426.0
2018-08-21,216.249741109035,216.4394725802304,212.6922217406842,214.779296875,6115262.0
2018-08-23,214.8741772213238,215.30107666505737,207.85401121713,209.70391845703125,6182708.0
2018-08-24,207.80656032690237,211.88585195498712,205.52973932547738,210.70001220703125,9112060.0
2018-08-27,214.58956263795287,219.14319026586674,213.35628637770367,218.4316864013672,13523673.0
2018-08-28,221.65715930616156,227.68123099993463,219.71239370517003,226.73255920410156,18891748.0
2018-08-29,226.73257080406503,230.52725818153894,223.9814282456299,224.69293212890625,12141850.0
2018-08-30,226.3531236514705,229.1991393831709,223.60196642547606,227.91842651367188,9911302.0
2018-08-31,227.68124565586214,228.345313060575,224.21859916841274,225.73646545410156,7187784.0
2018-09-03,225.30952906939612,230.3849284618235,224.45573032841833,227.11199951171875,8308169.0
2018-09-04,227.1120225097249,227.53893639902572,220.66106586780307,223.03274536132812,5836458.0
2018-09-05,221.13538127886204,228.53500903263668,219.42776930661347,227.63377380371094,11428802.0
2018-09-06,226.82744979261537,228.060711642525,222.27382192379957,223.31735229492188,7398756.0
2018-09-07,224.83524037263527,233.6104554504702,222.22639264679248,230.10037231445312,11021703.0
2018-09-10,229.57856363455684,231.38103417038045,222.79556640831416,223.6019287109375,6103496.0
2018-09-11,224.645492980923,228.4401803134535,217.00868182908866,219.71240234375,12646049.0
2018-09-12,222.57322895446092,227.62737986939803,217.04228617495917,226.86448669433594,8896676.0
2018-09-14,229.2008532380312,237.49728208374785,229.2008532380312,234.06427001953125,15742465.0
2018-09-17,232.68153292692963,234.25498829231515,229.34388798740403,230.1544647216797,9898386.0
2018-09-18,231.1557426866069,231.9186358559013,222.66859437452126,223.28843688964844,6825203.0
2018-09-19,225.72015318984322,229.29620129028743,222.71627860586085,224.71885681152344,9799989.0
2018-09-21,226.2923137751515,231.20341373206625,213.60926099346906,229.24850463867188,17636361.0
2018-09-24,229.43923857868984,233.96889924203947,225.52942039625023,228.77169799804688,8991121.0
2018-09-25,228.91476572093904,233.4444267221931,223.90829829850037,231.77560424804688,7847876.0
2018-09-26,234.58877621433223,238.73699819948916,230.2021510013152,236.4483184814453,11935712.0
2018-09-27,237.21117892447742,239.16608803284427,231.53718579607715,232.58615112304688,11385152.0
2018-09-28,233.44443626592926,235.0655752540374,216.47012406761255,218.9971923828125,11588117.0
2018-10-01,218.4727219364244,232.7769154839604,214.56290321304,231.632568359375,12577302.0
2018-10-03,230.48823996282235,244.36331086558076,228.19957477413118,241.97927856445312,16541649.0
2018-10-04,240.3104402831537,247.70093993471895,237.92640813748747,240.1674041748047,17158063.0
2018-10-05,235.780758724207,238.06942356484015,227.67505013308158,229.8683624267578,13862891.0
2018-10-08,224.09900845640638,225.91086695970583,200.9262144590167,212.22653198242188,25198149.0
2018-10-09,212.1788491001363,217.70980627900934,208.69816818247978,213.84767150878906,10656797.0
2018-10-10,214.56289721440004,217.61445550903153,212.17886502312894,216.374755859375,8303201.0
2018-10-11,206.8386231608491,211.3206152359871,201.307680223064,206.45718383789062,15964574.0
2018-10-12,207.88757779071443,217.56674130324046,207.88757779071443,216.1840057373047,7263391.0
2018-10-15,218.37732078445254,222.04873570973433,213.9906962932828,220.999755859375,7695758.0
2018-10-16,221.1428068069106,222.00106707421327,217.61444228838232,219.85543823242188,10252207.0
2018-10-17,222.38252053373625,223.0023776358433,213.3231981807459,217.18533325195312,7065573.0
2018-10-19,214.46753042696315,220.0461715832681,212.2265488944049,216.47012329101562,5283114.0
2018-10-22,219.8554506725486,219.90313422637078,211.08221515544574,213.60928344726562,6460230.0
2018-10-23,211.60670416084474,216.37476882919168,206.36183302566315,209.3180389404297,6752747.0
2018-10-24,212.56029126294675,221.14280662297384,211.7974126495036,219.1879119873047,10435431.0
2018-10-25,216.75620843684848,217.4237345361939,209.22265802715694,212.03582763671875,7334578.0
2018-10-26,212.70333761250927,213.5138997606365,202.54735257804688,210.98683166503906,12234401.0
2018-10-29,210.74842956661226,215.32577393345798,207.0770144528666,213.75230407714844,10915002.0
2018-10-30,217.42371906926155,218.13892867146308,211.89276190204114,213.51390075683594,6568207.0
2018-10-31,213.60928166409977,213.94305198709094,206.17109841024364,210.17626953125,9699183.0
2018-11-01,212.2742340984739,221.90571550988466,211.03453443732818,220.52297973632812,9524000.0
2018-11-02,224.0990016519091,233.34904263968627,220.61832085089756,229.2961883544922,19429972.0
2018-11-05,229.82069484626305,233.92123297570717,227.4366627420487,231.1080780029297,7753905.0
2018-11-06,231.680221806602,233.01528842812627,227.34128075085653,231.34646606445312,5174397.0
2018-11-07,232.68153397689306,233.7305139258683,231.72792113272547,232.72921752929688,784393.0
2018-11-09,232.6815472232998,232.6815472232998,226.1969766036024,227.72276306152344,8125041.0
2018-11-12,227.34127348713423,228.86705970556162,217.70979345511063,218.61572265625,9063022.0
2018-11-13,217.80516239828356,221.61961368057206,214.133761769667,220.80905151367188,10009305.0
2018-11-14,221.9533983617047,222.5732409148264,217.7098239455433,218.85415649414062,6327199.0
2018-11-15,218.85414338819572,223.90829427206188,214.84897243246334,222.7639617919922,8640440.0
2018-11-16,221.81036228813701,224.52815027265382,217.9005436495268,219.2832794189453,5455625.0
2018-11-19,220.379929692407,226.38767884952117,219.71238907408147,223.57452392578125,7276409.0
2018-11-20,223.00237503015487,223.00237503015487,210.17627031316445,211.6543731689453,14761307.0
2018-11-21,210.3670048777172,214.70593179410116,207.1247123901274,212.7987060546875,13704110.0
2018-11-22,213.6092969329485,214.8489966557015,206.45719993742568,207.9829864501953,9708087.0
2018-11-26,208.93656892604787,209.93785071868038,203.83473465921608,208.65048217773438,6781682.0
2018-11-27,206.9339914065051,212.65566858825179,203.35794316791345,209.699462890625,11504462.0
2018-11-28,209.79481325481302,211.98812557630862,204.5499429234427,206.02804565429688,8117964.0
2018-11-29,208.45976509719068,216.3270707423581,208.45976509719068,214.08607482910156,12444802.0
2018-11-30,214.03840708146475,216.85156215512038,210.46235879690815,215.7072296142578,9378800.0
2018-12-03,221.71496624962802,226.8644693227774,221.04744022917916,222.2394561767578,10802517.0
2018-12-04,219.99849084105745,224.57583562384087,218.18663217021592,222.52557373046875,9408047.0
2018-12-05,218.4250147463553,219.71238329574672,210.08090274650198,211.0821990966797,12875627.0
2018-12-06,209.12727234876544,211.3205845143582,204.35920875007483,207.79220581054688,13399767.0
2018-12-07,209.50872787169837,211.12986671083954,206.5048533918479,208.65048217773438,6694888.0
2018-12-10,202.54733585198719,210.0332015223216,201.64140667843105,207.79220581054688,9520082.0
2018-12-11,205.02674927463423,208.31671048070635,204.07313648731034,206.21876525878906,7211664.0
2018-12-12,207.8875902331892,212.56028712904916,206.93397743395437,211.03451538085938,7166872.0
2018-12-13,214.03838938696308,214.03838938696308,208.3643961547298,210.08090209960938,6889863.0
2018-12-14,209.31800845592696,212.51261713885674,207.22006321758906,209.93785095214844,5749881.0
2018-12-17,211.4159713738207,215.46882609058693,211.320618816954,214.9920196533203,5693529.0
2018-12-18,213.60926878121532,216.4701072023923,212.2742166717234,214.80128479003906,5915969.0
2018-12-19,215.0873873071479,217.70982271877114,214.56289731462772,216.6131591796875,5429082.0
2018-12-20,212.464935404193,214.56288066045548,209.55641344504485,213.51390075683594,8411639.0
2018-12-21,213.84768666539875,216.899244947307,211.5113380378898,213.60928344726562,6933691.0
2018-12-24,213.6092654642587,213.6092654642587,206.88629236869278,207.7445526123047,4667022.0
2018-12-26,203.93011672930805,209.60411035831316,203.02417286798138,208.45977783203125,6554865.0
2018-12-27,211.12988304776238,213.51391521655364,209.41339152701474,210.36700439453125,7947144.0
2018-12-28,210.74844462759543,215.56419253946225,210.74844462759543,213.13247680664062,5074920.0
2018-12-31,216.1840360521987,217.9005421389814,214.80130029236568,215.7072296142578,6944360.0
2019-01-01,215.03970223885995,215.27810545641967,211.3206178653195,212.41726684570312,5015702.0
2019-01-02,208.79351616193952,208.98423580855825,203.73936549617304,204.59762573242188,10991026.0
2019-01-03,204.35923515239648,205.69428731212264,198.44683843635931,199.4958038330078,8656029.0
2019-01-04,200.25869761854358,202.54736262807887,197.92234905652268,201.116943359375,17408469.0
2019-01-07,203.88244437201618,204.7883737321139,198.2561194364491,198.8759765625,8143876.0
2019-01-08,198.82827670118132,199.82957309116688,195.77671853011162,196.92105102539062,13402916.0
2019-01-09,198.8282916646731,199.5435013469201,193.67878777288578,196.15817260742188,13253349.0
2019-01-10,196.44425889557482,197.0641014649026,193.63110372935324,194.5370330810547,9291967.0
2019-01-11,194.53700380398598,198.30377131058364,194.53700380398598,196.3011932373047,13314252.0
2019-01-14,195.96742253990047,197.01640239821734,193.96482991983225,196.58726501464844,5204874.0
2019-01-15,197.7316134651828,199.3050687135838,196.11046011716226,198.82826232910156,7173758.0
2019-01-16,200.06797686364675,200.73550294185654,196.96873513176536,198.73291015625,8209760.0
2019-01-17,198.82827647681376,199.01899613398217,195.77671830918757,196.44424438476562,6537377.0
2019-01-18,197.06408828000448,199.6865235995113,196.39656219978,199.11436462402344,6258424.0
2019-01-21,199.40045045262576,200.16332908303383,195.58599909667674,198.0177001953125,4883723.0
2019-01-22,196.7780292064061,196.7780292064061,191.67619433287607,194.10791015625,7665916.0
2019-01-23,194.10788034464795,197.68392819716183,194.01251324819054,195.91973876953125,5821081.0
2019-01-24,196.4442287733355,196.63494841534745,193.8217936804876,195.53829956054688,3917176.0
2019-01-25,196.6349632043959,198.30378566172146,193.82180825795675,194.9661407470703,4381964.0
2019-01-28,194.9661232532875,196.92103229522704,189.10141067844467,190.72254943847656,5741120.0
2019-01-29,189.86431891223276,191.39009069870812,188.29084902342694,190.29344177246094,4458350.0
2019-01-30,191.10399187106904,196.68263235460833,191.10399187106904,196.25350952148438,5619506.0
2019-01-31,196.53959750397715,200.25868148254833,194.87077515828926,198.82826232910156,6553608.0
2019-02-01,198.3514721411604,202.4996938452727,194.06021433041414,201.59375,10475839.0
2019-02-04,200.1633276601502,200.1633276601502,192.10530213818473,194.7277374267578,6196724.0
2019-02-05,196.3488920665254,199.06669467651218,193.29733366910506,195.2522430419922,4765441.0
2019-02-06,196.0628071291533,202.26129063356456,193.10660148358164,201.59375,5888996.0
2019-02-07,202.07055559875238,202.78576523095794,198.54219099006707,199.4958038330078,6215565.0
2019-02-08,199.25741449558487,199.44813416725643,194.9184728479099,196.34889221191406,3958618.0
2019-02-11,195.39522995640266,195.39522995640266,186.57431277272607,190.1980438232422,8463393.0
2019-02-12,189.76896670883892,193.29733152137047,187.8617409127702,189.1491241455078,16467366.0
2019-02-14,188.43391157383394,189.3398409028376,181.4725346150547,182.8552703857422,10767206.0
2019-02-15,183.37975856187583,183.57047822646103,173.74826271505745,177.9441680908203,12678835.0
2019-02-18,178.32559096904595,179.9467297949329,175.36938551227016,175.98924255371094,6483004.0
2019-02-19,176.51373347910672,180.47122074236646,175.56012068786566,177.89646911621094,5513105.0
2019-02-20,179.08848804291677,184.90551743432013,178.8500848411959,184.04727172851562,7595081.0
2019-02-21,184.90551781432833,186.43130412886833,183.33206250012753,185.38232421875,6498528.0
2019-02-22,185.2869727662998,187.86172445523715,183.37974713731265,187.3372344970703,8758060.0
2019-02-25,187.86170932294152,189.29212842946137,185.33464138848,187.38490295410156,6169952.0
2019-02-26,183.80885518780192,188.05242896028238,180.28049096858138,187.38490295410156,9059558.0
2019-02-27,189.7689343509182,189.7689343509182,185.57304413540874,186.86041259765625,11910998.0
2019-02-28,188.5292349173836,189.00604128518225,185.95448344146612,186.66969299316406,9582600.0
2019-03-01,188.91071949766533,189.67359816956252,186.2406004930913,187.05116271972656,6512004.0
2019-03-05,185.9545000184257,190.19807415993287,185.47769360812205,189.53054809570312,7354264.0
2019-03-06,190.72256593904132,194.48933370614196,190.38879562825718,193.34500122070312,13683897.0
2019-03-07,194.2986133518812,194.2986133518812,190.62719815036283,191.29473876953125,5533457.0
2019-03-08,187.86173968919826,188.43391324468345,184.6194616773901,186.47900390625,10050458.0
2019-03-11,187.86174178789898,192.62980630028218,187.00349599606125,191.723876953125,5446100.0
2019-03-12,193.5834044384923,197.30248865411193,192.72515871211147,193.96484375,10988099.0
2019-03-13,194.53701719566692,195.77671678407,191.3900919484828,192.91587829589844,4971396.0
2019-03-14,192.96354561850455,195.1091743041767,190.48414665022645,191.43775939941406,5106833.0
2019-03-15,192.15298363557184,193.15428000888062,188.10012914201758,189.81663513183594,7489589.0
2019-03-18,191.3901059493573,191.67619272929812,188.33854758227056,190.0550537109375,3663166.0
2019-03-19,190.72255095877375,194.7754051666477,190.19806103344195,192.9635467529297,6097075.0
2019-03-20,193.58339114461327,198.303771417501,193.58339114461327,197.54087829589844,8788334.0
2019-03-22,198.4468388153941,201.73680021962807,196.49192957343627,199.40045166015625,11359037.0
2019-03-25,196.92103507843035,196.92103507843035,192.53441055895627,195.91973876953125,7451785.0
2019-03-26,196.01510757085146,199.63883900311183,195.10917835053039,198.82826232910156,5069088.0
2019-03-27,199.35276690048096,201.06927292085345,197.11177090847005,198.0177001953125,5731820.0
2019-03-28,197.35015669439596,198.63753973375805,192.2006536388994,192.9635467529297,8924025.0
2019-04-01,198.87594926611504,208.6027967650801,198.87594926611504,205.88499450683594,18454840.0
2019-04-02,206.21879588142806,208.17370529593325,203.3102735379914,206.88632202148438,8273747.0
2019-04-03,206.98167344414145,208.93658271045115,204.16851842724577,205.9326934814453,4910619.0
2019-04-04,205.45586904097433,205.45586904097433,200.2586823381091,200.68780517578125,7739096.0
2019-04-05,200.73550595638253,206.743269852446,200.0202963152078,205.408203125,7965595.0
2019-04-08,206.6479178992139,207.6968979369119,203.16723654399686,204.50228881835938,5032285.0
2019-04-09,204.5022745598768,207.74456700880438,201.7844866442068,207.0770263671875,3937427.0
2019-04-10,204.54995592105536,206.69558482931816,199.92492778729792,201.8798370361328,13323115.0
2019-04-11,201.21231106236192,202.6904138879444,199.97261144893864,201.49839782714844,5920717.0
2019-04-12,201.4984123805822,202.16593851264525,198.35148684259536,200.0203094482422,5530088.0
2019-04-15,200.25869869317347,204.7883597350429,200.25869869317347,202.88113403320312,4965812.0
2019-04-16,204.07313570710733,207.79221974306128,203.26255902059046,204.97906494140625,6750812.0
2019-04-18,206.12342518465843,206.12342518465843,196.6826631727574,197.58859252929688,7237958.0
2019-04-22,197.68394111544802,198.16074752694163,190.34112528864176,191.10400390625,9367081.0
2019-04-23,190.72256513983325,193.44036751346667,189.5305491077093,191.05633544921875,4352433.0
2019-04-24,191.1039889488937,192.0576016972434,188.05243106436973,191.39007568359375,6364227.0
2019-04-25,191.5331399484439,193.24963137677125,186.66970876557835,187.43260192871094,6735299.0
2019-04-26,188.62460463037618,192.53440817002704,187.38490514669147,191.81919860839844,7452786.0
2019-04-30,192.6297931980533,197.01641807146913,189.81663823728707,196.49192810058594,8879385.0
2019-05-02,194.77543642783618,198.01771449412612,192.2483680424318,195.20455932617188,7948283.0
2019-05-03,196.44425959313568,196.44425959313568,193.24965052207932,195.5860137939453,5320008.0
2019-05-06,187.86174056068572,191.62850859066629,187.6710208916319,189.67359924316406,8845838.0
2019-05-07,189.9596715923106,194.7754192627352,189.9596715923106,191.1516876220703,9042640.0
2019-05-08,190.72254943847656,193.48802058494417,187.52794091499177,190.72254943847656,7883819.0
2019-05-09,192.3436869046033,192.53440654256363,187.14650037756167,188.95835876464844,10482577.0
2019-05-10,189.86433268141596,191.72387491124547,184.61946177365286,186.7174072265625,8821650.0
2019-05-13,185.85914518597048,185.85914518597048,182.5215000935012,183.28439331054688,6979614.0
2019-05-14,182.14004595113818,184.9532008187222,179.27920753305747,183.9995880126953,8451501.0
2019-05-15,183.99958676322578,186.9081087120525,180.8526616145112,181.8062744140625,6684736.0
2019-05-16,182.37845034064108,186.8127440971601,181.1864343253428,185.57305908203125,10526494.0
2019-05-17,183.0936581622066,183.85655131474442,178.56399734829782,182.8075714111328,13564609.0
2019-05-20,185.47769360812205,190.4364773650847,184.76248399266657,189.53054809570312,5411945.0
2019-05-21,190.4841751760366,190.7225783990354,184.2380078232726,186.9081268310547,5194195.0
2019-05-22,186.9081276017006,190.1027366234474,185.95451470577356,188.8153533935547,5592495.0
2019-05-23,191.67618955689272,191.67618955689272,181.99702461110246,182.8552703857422,7476261.0
2019-05-24,184.04728821786932,187.33724978617968,181.18644954090763,186.7174072265625,6326402.0
2019-05-27,186.90811394831272,192.48675480236486,186.24058788012127,191.29473876953125,4498005.0
2019-05-28,191.29475449903384,197.5409073838999,191.29475449903384,192.4867706298828,12223332.0
2019-05-29,191.67619272929812,191.67619272929812,188.10014435748286,190.0550537109375,5123395.0
2019-05-30,189.8643490549921,191.48548820154573,187.19422981603242,189.33985900878906,7039964.0
2019-05-31,189.81664945514103,190.43649201583105,186.14523399296112,187.8617401123047,8803541.0
2019-06-03,187.86172567573712,191.10400344568902,185.38232652155492,190.150390625,5305570.0
2019-06-04,189.62591490053495,191.1993702316767,187.71868926231375,188.62461853027344,4728557.0
2019-06-06,188.62460180022296,189.24444425727722,184.71478376825988,185.8114471435547,6628617.0
2019-06-07,185.81144697461264,187.52793825442546,184.42869687002093,185.76376342773438,3812625.0
2019-06-10,187.67099062989092,189.3874964765467,185.95448478323516,189.05372619628906,3880878.0
2019-06-11,189.67356966543315,191.58079516051433,186.57432823592623,190.3411102294922,5966155.0
2019-06-12,189.3875275917276,193.4880514172933,188.00477724717658,190.0550537109375,6232564.0
2019-06-13,189.7212982912017,191.0563651855588,187.57566909942915,190.38882446289062,4654391.0
2019-06-14,189.19676228727053,191.39007450516536,187.67099062989092,189.05372619628906,3624064.0
2019-06-17,189.76893346900204,189.76893346900204,184.04725708300197,184.6194305419922,5976790.0
2019-06-18,184.47640850371624,186.24059814998347,180.5189208768717,181.13876342773438,8848621.0
2019-06-19,183.33206085097393,187.14651205203452,179.66064574956252,181.23411560058594,11219284.0
2019-06-20,181.37716863809243,185.76379374934652,179.37459030111134,185.2869873046875,6469404.0
2019-06-21,184.9055043512354,189.1014091352254,184.19029479667782,188.48155212402344,7596593.0
2019-06-24,187.86172526711542,193.8218053834579,187.38491885780803,189.0060577392578,10464941.0
2019-06-25,187.38490611888744,194.4416346765112,185.4776806113161,193.10658264160156,8418631.0
2019-06-26,192.1529583887305,199.2573700690866,191.72383558540227,198.68521118164062,6730323.0
2019-06-27,199.9249257519751,200.64013538078157,195.8244021875998,196.53961181640625,8700344.0
2019-06-28,196.44426017130377,197.97004665321975,194.10791144353973,197.445556640625,5454954.0
2019-07-01,198.44682296399472,200.83085488547002,197.58856274167795,199.20970153808594,6353325.0
2019-07-02,199.3050694309503,200.44940184763135,196.44423111375963,199.6388397216797,3552844.0
2019-07-03,199.06666548222782,200.54476818402762,195.824387888776,199.01898193359375,5052706.0
2019-07-04,198.73292485986457,199.78190488250291,196.6826629213185,197.30250549316406,4032487.0
2019-07-05,196.96874663004147,197.20714985410325,188.81535345693285,189.67359924316406,8694153.0
2019-07-08,187.86172541377493,191.19937028153237,185.9544997750564,188.43389892578125,6197157.0
2019-07-09,187.86172498803737,189.7689506224337,184.1426408213553,188.719970703125,6355556.0
2019-07-10,186.90811017468536,188.24316228411388,183.57046535013743,184.6671142578125,5239125.0
2019-07-11,187.38491897233035,190.00735422512378,185.81146364104504,189.2444610595703,4524147.0
2019-07-12,189.7689516302924,192.10530013464083,188.2431652942812,189.62591552734375,3535841.0
2019-07-15,189.33982880065992,191.67617730538086,186.71739353901913,190.8656005859375,3882644.0
2019-07-16,190.15040633550623,193.106612144279,188.3385476468894,189.8643341064453,6833661.0
2019-07-17,189.67358617660858,194.7277370887351,188.91070755294777,194.0125274658203,4790772.0
2019-07-18,192.53442363747902,193.48803646292663,190.10272257336922,191.24705505371094,5174253.0
2019-07-19,192.62980418302575,194.25094318922194,185.9545139390595,186.9081268310547,6741873.0
2019-07-22,186.86044541399878,195.9197679915943,185.76379639604951,193.01124572753906,9147466.0
2019-07-23,192.67746040909716,194.77540556372546,191.103990629894,193.6787567138672,4637360.0
2019-07-24,193.63110113069203,194.44166336039785,186.57435698108688,188.1001434326172,5942539.0
2019-07-25,188.71998579910183,190.96098191916866,186.3836371202739,187.6233367919922,5720563.0
2019-07-26,187.6233372736459,190.1027366234474,185.7161114817918,188.8153533935547,5373373.0
2019-07-29,187.24188057246002,189.29214228818827,183.47509834206485,184.28567504882812,6900021.0
2019-07-30,183.47509711823855,185.7637765715517,180.08978331498585,181.28179931640625,6033395.0
2019-07-31,179.27920668712116,182.37844829208467,176.2276486324293,181.71092224121094,9273653.0
2019-08-01,180.23283125307262,180.47123446901585,171.93640224844415,174.2727508544922,11880072.0
2019-08-02,171.45957934852646,173.84361127898157,168.16961819469364,172.03173828125,11797603.0
2019-08-05,169.74307133768227,169.74307133768227,163.63995549199868,167.59744262695312,9712978.0
2019-08-06,164.97502447781713,174.12971373743957,164.97502447781713,172.31784057617188,10421582.0
2019-08-07,174.5111510265515,175.560130978796,167.64514143734166,168.21730041503906,6387281.0
2019-08-08,169.26626780307913,173.36680565160248,167.26367515234236,172.65159606933594,6183264.0
2019-08-09,172.603909714038,175.8938708287789,165.26109436568018,168.0265655517578,14562944.0
2019-08-13,167.120666850205,171.9364150819045,164.9750377465647,168.07427978515625,6836149.0
2019-08-14,169.56250644960457,174.02719836813762,168.9864105533364,173.40310668945312,5965374.0
2019-08-16,171.96289235297888,174.26724678069684,166.77807291452126,172.63499450683594,7169006.0
2019-08-19,172.97103277178013,174.987353820122,170.66667841715602,173.93118286132812,5179954.0
2019-08-20,174.7472960727414,175.08335442547937,170.71466909351562,172.2509002685547,4539348.0
2019-08-21,171.77083665840823,171.77083665840823,166.3459947812443,169.99456787109375,6642215.0
2019-08-22,167.06609523057193,172.15489301544142,165.76988690728575,169.5144805908203,7128023.0
2019-08-23,166.68206982039453,174.69931468241634,165.28984039968418,173.0670623779297,7073375.0
2019-08-26,174.79532932738115,174.98735641799607,164.28168862088995,171.6268310546875,7974145.0
2019-08-27,172.82699471828627,175.17935921625113,170.61864685562966,173.9791717529297,6928021.0
2019-08-28,174.26724264605886,174.74731769467058,169.46649215994154,171.290771484375,5851491.0
2019-08-29,169.75452649036987,173.69113278249566,167.93023266167356,172.53895568847656,5284552.0
2019-08-30,174.98732819384992,179.5480404513028,174.21920530455486,177.0996551513672,13905732.0
2019-09-03,175.2273927432823,175.2273927432823,170.33062138715152,171.290771484375,4927852.0
2019-09-04,171.86686304990653,174.93934035305546,169.5625087352267,174.4112548828125,5129501.0
2019-09-05,174.98735479559917,181.13230954267067,174.98735479559917,177.24371337890625,5614061.0
2019-09-06,177.5317326244662,182.14045564507575,174.7473034301014,180.8922576904297,5570553.0
2019-09-09,180.9882919734819,182.47652754319716,177.38772913581315,181.70840454101562,5014192.0
2019-09-11,181.56436890857455,186.46112506550136,181.4683480493162,185.7410125732422,5904788.0
2019-09-12,186.2210935953565,189.72564996154955,185.88504987852812,189.24557495117188,8635479.0
2019-09-13,188.81349162922555,193.85427912894568,187.42127705944813,192.36605834960938,6473051.0
2019-09-16,190.20571404096597,193.23018057224115,190.06168275569402,192.41404724121094,5748421.0
2019-09-17,192.0300171488904,194.86245697169102,188.81350850135544,190.06170654296875,6911141.0
2019-09-18,190.4937801442857,192.79814924929417,189.29359248044636,190.10972595214844,7326216.0
2019-09-19,190.10969835254136,190.97382748476244,185.45296503260528,188.14138793945312,4158836.0
2019-09-20,188.2374232262754,199.9032406590117,186.98922521127932,194.09432983398438,14594234.0
2019-09-23,196.3987153935246,198.6070636605844,190.10972900390627,192.030029296875,7366155.0
2019-09-24,191.98198011223366,194.28634878914917,188.23740115699363,189.91766357421875,5805761.0
2019-09-25,188.2854310566262,188.765506082624,181.37233896167626,182.33248901367188,7163444.0
2019-09-26,183.38864841078484,188.6694733650221,182.66853591702522,188.14138793945312,8625560.0
2019-09-27,186.7972001057892,187.18125427567173,181.94843929470306,183.10061645507812,4392645.0
2019-09-30,181.8523967828971,184.2527716857903,177.3877053238061,183.72470092773438,6521755.0
2019-10-01,183.67671210751703,186.79719984837672,179.308026340168,182.1884765625,6163235.0
2019-10-03,179.06798947661687,180.46020415902416,172.8270139720699,175.3234100341797,13862733.0
2019-10-04,176.66763274936557,178.3478955608405,174.31526774344644,174.84335327148438,6277398.0
2019-10-07,174.98732892767543,177.77175793098058,173.88316234205718,175.03533935546875,4525369.0
2019-10-09,174.7953100426928,179.6920662414028,173.49910168527543,178.6359100341797,4536877.0
2019-10-10,177.09967769021281,178.53990279691132,174.5552858620031,174.9873504638672,4351508.0
2019-10-11,176.18751466681837,181.66036641569707,175.9954876082258,179.7400665283203,7642682.0
2019-10-14,181.94842076382412,183.38864573029238,179.5960562487378,181.1802978515625,5222539.0
2019-10-15,180.41218563857876,187.7573421936043,178.49188556940507,184.87689208984375,6691660.0
2019-10-16,184.8288908837035,186.4131326595585,179.6920820819693,180.460205078125,8082988.0
2019-10-17,178.1078384996214,182.18847630891193,175.27539871508287,181.27633666992188,9520625.0
2019-10-18,180.46018380193834,183.7247024880327,179.21198591168832,179.93209838867188,7347790.0
2019-10-22,179.01995665439523,183.34063146335436,177.67575257412042,178.3478546142578,6683536.0
2019-10-23,177.72377014160156,180.1241451318948,176.66759928558204,177.72377014160156,5610514.0
2019-10-24,178.82795970434552,179.21201389174144,173.4991236125402,174.12322998046875,6890297.0
2019-10-25,174.26722568265347,176.09150482950915,173.78715068077287,174.50726318359375,5956396.0
2019-10-27,174.84335327148438,175.6114616932897,174.07523019895,174.84335327148438,365752.0
2019-10-29,176.09151411957384,180.65222687804905,175.1793744980242,176.95565795898438,9687658.0
2019-10-30,179.35601241113514,181.90040390161917,177.05164375584775,179.7400665283203,5978614.0
2019-10-31,180.65220789854163,183.29262027078073,179.1639871911328,180.41217041015625,6501134.0
2019-11-01,180.5562009518185,186.6051485644233,179.88409891724586,186.029052734375,6921052.0
2019-11-04,187.70934176304038,195.96663836073373,187.70934176304038,190.06170654296875,15421372.0
2019-11-05,191.0698604350983,194.62241269897228,189.48561870886695,190.68580627441406,8912298.0
2019-11-06,191.06985503923212,195.53454679669235,189.7736466447557,193.47023010253906,13028120.0
2019-11-07,194.8144484814628,199.0391176913362,191.30990649381204,197.02279663085938,17556268.0
2019-11-08,196.8787701442821,198.7510598065169,195.00648048204727,195.72659301757812,10082727.0
2019-11-11,195.8226151548934,195.8226151548934,191.54995002679723,192.17404174804688,6851401.0
2019-11-13,189.19758188598777,193.90231155923442,184.6848793043726,185.45298767089844,13457979.0
2019-11-14,185.64503042248944,185.69302620761223,180.31619435906117,180.98829650878906,6720055.0
2019-11-15,180.98828576058744,182.5725274944874,179.64408154095884,180.26817321777344,4558349.0
2019-11-18,181.0362948593024,187.08524310450318,179.7400864314997,185.8850555419922,8873375.0
2019-11-19,185.88504774163934,186.26910188523584,183.0525934923909,184.6848602294922,3476640.0
2019-11-20,185.30895820107716,186.1250915974867,182.66854558422244,183.14862060546875,4437118.0
2019-11-21,182.62052070681864,185.21292268634647,180.55620413903603,181.08428955078125,6342754.0
2019-11-22,180.50819587456883,183.67669373229953,179.59605632556062,182.6685333251953,4635776.0
2019-11-25,183.86874278605805,192.6541102755969,182.76457603953992,191.30990600585938,16931103.0
2019-11-26,192.1740599765844,194.81447307201987,189.677678204065,190.78184509277344,16163735.0
2019-11-27,191.4539003746763,195.3905211575513,191.4539003746763,194.9104461669922,7251212.0
2019-11-28,194.91045812400785,197.11880614619864,192.12602886824135,195.9666290283203,5421765.0
2019-11-29,194.91047546586384,196.35070065403525,188.71751008687244,192.17404174804688,10212511.0
2019-12-02,192.030003277448,194.4783887493808,190.54176782190248,192.79812622070312,5195682.0
2019-12-03,192.12602836264497,192.5100825173514,186.8452031564333,188.1894073486328,5815771.0
2019-12-04,186.46113748030157,193.7102733151786,185.11693326554285,193.086181640625,6574810.0
2019-12-05,191.1178618688483,193.42221602590456,189.3895889256929,190.63778686523438,4443222.0
2019-12-06,191.06986706314595,192.702119278766,187.85335841561098,190.06170654296875,3819461.0
2019-12-09,190.73380055559818,194.19034657746562,189.24557970661206,190.92584228515625,5743160.0
2019-12-10,190.78179426239103,192.6060879781703,189.82164430168376,191.16586303710938,4876818.0
2019-12-11,192.03000719165487,192.03000719165487,186.94120907093065,188.7655029296875,4757660.0
2019-12-12,189.43762402240534,196.11066451137373,189.43762402240534,193.4222412109375,10621630.0
2019-12-13,198.75106060490603,200.67136070736888,197.118808447958,199.9512481689453,14246993.0
2019-12-16,201.63151717926306,203.21575895395196,197.9829439382547,198.41500854492188,8779955.0
2019-12-17,199.6151785986219,206.2402223710995,198.55902239192056,205.18405151367188,16629136.0
2019-12-18,206.00019117782782,206.91233077313245,203.74383275458183,205.13604736328125,11721371.0
2019-12-19,203.93585660377312,208.59259002032883,202.7356690892718,207.68045043945312,6847801.0
2019-12-20,207.6804612361947,209.4087342770701,206.24023614391973,206.91233825683594,8175626.0
2019-12-23,208.1605350693476,210.60892064227423,204.84802030631843,206.57627868652344,10295626.0
2019-12-24,209.55274637034861,209.60075680252615,206.57627538406433,207.6324462890625,7782646.0
2019-12-26,208.11251348451125,208.92864684866265,205.76014890352826,206.4322509765625,7436907.0
2019-12-27,207.4884251509981,208.49657095126474,205.85615839666298,206.86431884765625,5252162.0
2019-12-30,207.68045253900013,210.2728546663856,202.73567113882953,209.2646942138672,11352906.0
2019-12-31,208.3525407949367,210.65689483283927,206.91231585856616,207.53640747070312,9432449.0
2020-01-01,207.53643118759268,208.7846292052341,204.70399141918966,205.76016235351562,5085208.0
2020-01-02,207.39239756718823,212.3851745784753,207.39239756718823,211.37701416015625,15238841.0
2020-01-03,210.56091168850722,211.18500336899575,207.4404239846099,207.82447814941406,8658243.0
2020-01-06,206.43224838946145,207.0563400243019,199.75920887166828,200.9593963623047,7798846.0
2020-01-07,202.15958052143236,204.7039720993605,199.42314722758618,200.52732849121094,12767569.0
2020-01-08,197.79089719769462,200.3352888013551,196.35067221809976,199.13510131835938,12470053.0
2020-01-09,203.07173607442726,203.50380066784444,200.57534007799688,202.35162353515625,8676205.0
2020-01-10,203.83985452236934,205.66413372107638,201.82353359687056,203.0717315673828,7800086.0
2020-01-13,204.3199220007636,204.51194906974487,201.15142408503075,202.78367614746094,6614653.0
2020-01-14,204.03186959584548,206.192207038625,202.3996175692239,203.5037841796875,7981507.0
2020-01-15,202.68767651554947,206.43225575973773,201.63150562579034,205.13604736328125,9564560.0
2020-01-16,205.47209901407768,206.19221151062234,200.67134903711326,201.29544067382812,6986058.0
2020-01-17,201.15143419902472,203.55180930879828,199.85522577945622,201.6795196533203,8678002.0
2020-01-20,201.72753134625896,202.39963345105014,198.5110228187716,199.0391082763672,3977566.0
2020-01-21,197.79091062581492,200.19128575476898,196.4947021958889,196.9747772216797,4479791.0
2020-01-22,197.40685711633049,199.51918430662906,194.9104611136967,195.48655700683594,6268889.0
2020-01-23,195.4865510244405,197.16681356882785,194.67041764259025,196.4467010498047,5560681.0
2020-01-24,196.35068405287117,199.4231612643844,194.19034645326747,197.21481323242188,5749852.0
2020-01-27,195.43852921359212,195.43852921359212,189.53359811098173,190.3497314453125,7942736.0
2020-01-28,191.45391161581833,191.45391161581833,186.46113435099997,188.1894073486328,6308211.0
2020-01-29,189.77365381616568,192.4140664855826,189.2455830028641,189.8696746826172,8978837.0
2020-01-30,189.4375958937965,189.86966045900678,185.02090008098298,185.7410125732422,8588693.0
2020-01-31,187.0372275406413,187.37327125848904,180.7482419554716,181.80441284179688,6008376.0
2020-02-03,176.57157347890674,178.20384014715808,173.11504238015732,174.55526733398438,7678833.0
2020-02-04,175.7074664782344,182.76457550035622,175.7074664782344,181.70840454101562,9235507.0
2020-02-05,182.52452045318827,189.67763500708872,180.79624752689776,188.47744750976562,7411014.0
2020-02-06,188.57347364070557,189.48562795561548,184.97291076835967,186.2691192626953,7348886.0
2020-02-07,186.26912577957805,190.49378050397817,185.1649589870523,189.53363037109375,6977770.0
2020-02-10,188.0933745678128,189.10153497345317,182.04444143542239,183.24462890625,5385023.0
2020-02-11,184.7328720758538,189.10155793016494,184.3488178988556,185.9330596923828,7530810.0
2020-02-12,186.50915560860784,188.57347244874663,183.5806948941315,185.9330596923828,10581151.0
2020-02-13,186.94121385297515,189.14956192231514,184.73286578363516,187.46929931640625,6711481.0
2020-02-14,187.70934441163368,189.14956956057205,185.741033777939,186.2691192626953,3798528.0
2020-02-17,186.26909574290613,186.9411977974003,182.1884583361672,182.6685333251953,3484321.0
2020-02-18,181.6123704864102,181.90041842265657,174.50726619620875,177.003662109375,8152961.0
2020-02-19,178.58789670619458,181.08429252044257,177.05165087423796,180.60421752929688,4317249.0
2020-02-20,180.31617648367114,183.38865361407576,178.0118076478227,182.3804931640625,6207445.0
2020-02-24,179.45202447048317,179.45202447048317,170.81067469532553,171.91485595703125,14690243.0
2020-02-25,173.7871545397413,174.2192191208826,167.1141147955706,167.4981689453125,10694830.0
2020-02-26,166.05796217150265,166.29799970417344,161.06518442209602,163.12950134277344,16855158.0
2020-02-27,163.1774971500686,163.5135555259703,159.5289240504333,161.64126586914062,7657497.0
2020-02-28,155.54429874263266,155.73632581093514,147.9591196642392,149.6873779296875,14033411.0
2020-03-02,154.15207786562516,155.01620696293026,140.99802644126342,143.78245544433594,11441351.0
2020-03-03,146.038812370132,154.05605561360323,144.79061451255237,152.95188903808594,21836942.0
2020-03-04,153.62399266818065,155.25624466013494,150.6475219499444,154.20008850097656,12074078.0
2020-03-05,156.2164227098011,161.20920043932185,148.67925300439552,149.3033447265625,12338386.0
2020-03-06,143.01433376899973,145.41470867163727,134.42099454770246,144.11851501464844,11173720.0
2020-03-09,138.16558509629436,139.989878965379,134.70905373771242,137.7335205078125,10550403.0
2020-03-11,136.34129702583175,136.67735537879145,131.6365679887519,132.3086700439453,9682790.0
2020-03-12,124.81950768950318,124.81950768950318,113.44173095364812,115.4100341796875,15926851.0
2020-03-13,109.3610883135047,124.81950210971172,98.99146520809101,122.3711166381836,15365436.0
2020-03-16,115.9861174190875,123.90735454271147,109.88915934849275,111.04134368896484,20577663.0
2020-03-17,112.33755389582069,116.03413005894382,109.31307982586053,110.80131530761719,11615932.0
2020-03-18,114.25784601505954,114.25784601505954,103.84022034346492,104.84837341308594,12105333.0
2020-03-19,98.8954509075423,103.60018741578928,93.66263628966715,95.77496337890625,11569487.0
2020-03-20,97.16717432983334,103.40814915384382,94.76679939752162,101.29582214355469,13928853.0
2020-03-23,91.16623936917888,95.96698935861144,81.51673628563735,84.39718627929688,14591356.0
2020-03-24,85.50135816421071,91.02222051789826,81.61274783712038,85.21331024169922,16845493.0
2020-03-25,85.40534237841865,93.32658013890942,84.5412132102922,90.78218841552734,7876385.0
2020-03-26,93.61462807852718,93.71064161661195,88.57384041276032,90.78218841552734,11013083.0
2020-03-27,93.61462283624795,95.34289572644695,86.70154592617791,87.9017333984375,9158997.0
2020-03-30,84.58922020268191,87.80572149115035,83.10099198059005,85.2613296508789,9970397.0
2020-03-31,88.28579735111367,93.37459572977114,87.37365770086554,91.88636016845703,15557731.0
2020-04-01,91.16624785058751,91.59831978505099,87.37365793624757,87.99775695800781,9270755.0
2020-04-03,88.42982050541765,89.72602164251822,84.87726815553259,85.2613296508789,8216768.0
2020-04-07,88.47782815766439,102.30399027790062,86.41350409477212,99.8075942993164,23639659.0
2020-04-08,95.53492988030285,107.34477841374199,94.9588413159466,96.83113098144531,24227474.0
2020-04-09,100.8157666913484,104.65636732720928,97.79129222553507,103.26415252685547,14943427.0
2020-04-13,104.65635263731,109.79315380168327,100.91176607787486,109.26507568359375,23259069.0
2020-04-15,115.21801210588063,119.05861250940998,109.2650844105557,110.51327514648438,45561393.0
2020-04-16,114.1618446710512,117.0422948780986,109.88917246871269,115.74609375,18971910.0
2020-04-17,119.05860511809153,120.69085725811354,114.35386845077167,119.20262908935547,14577288.0
2020-04-20,120.01874885264255,120.16277281633833,111.137361437547,111.80946350097656,18342210.0
2020-04-21,109.12105518562787,109.16905829314643,101.5838787210362,102.83206939697266,22935311.0
2020-04-22,102.25598741903718,104.41632518141121,98.65542448174715,103.98426055908203,14419829.0
2020-04-23,104.65635849170471,108.78500675684406,104.03225947599334,106.81669616699219,16545796.0
2020-04-24,105.56849505739478,105.56849505739478,98.75143116811064,99.5195541381836,16901936.0
2020-04-27,102.15996372706833,105.32845440200622,101.1038001687557,103.88822937011719,18657007.0
2020-04-28,104.84837774401959,106.24059964818933,102.44800272858541,104.41631317138672,13489808.0
2020-04-29,104.65635292384238,112.96165212094475,103.98425083521076,111.66545104980469,35702215.0
2020-04-30,115.21800790292785,126.93183577624671,114.73793286999899,125.01153564453125,45993216.0
2020-05-04,116.56220437865863,118.09844282019019,110.03318184544612,111.28137969970703,22496677.0
2020-05-05,115.2179929953075,115.93810545152817,110.41724328716968,111.28137969970703,19405341.0
2020-05-06,111.3774058887476,115.89010819719799,110.89733086336507,113.87379455566406,15993752.0
2020-05-07,112.33754807928942,117.13829799720777,112.0495001540691,112.9616470336914,16729796.0
2020-05-08,118.00243614758395,118.09844968225299,111.23337573565102,112.43356323242188,21602930.0
2020-05-11,114.20984335300476,116.56221532614393,112.86563916876912,114.97796630859375,13916698.0
2020-05-12,114.16184273598999,117.37834394759997,111.76146760413722,116.274169921875,13673363.0
2020-05-13,120.49882304782294,121.89103759512268,116.7542366434156,118.62653350830078,13922270.0
2020-05-14,114.25785212488408,116.08213862388345,112.33755208917174,112.52957916259766,12778232.0
2020-05-15,113.68176062879118,116.08213561113321,112.72161063585436,114.49788665771484,12509914.0
2020-05-18,115.74608803543065,116.17815261501056,109.74515040035779,110.75330352783203,14500038.0
2020-05-19,113.0576673104063,115.60206638373866,111.90549019152843,112.62560272216797,15916351.0
2020-05-20,112.62559715449163,117.09028876345273,111.61743673128957,115.98612213134766,8718400.0
2020-05-21,116.56221065258394,125.53961162493496,115.84209815760343,124.33942413330078,34325670.0
2020-05-22,121.45897429770919,121.45897429770919,118.6745378487365,119.87472534179688,17058546.0
2020-05-26,120.54684010894553,125.25156943126026,120.49882967693682,123.95537567138672,18786655.0
2020-05-27,125.20356261292245,129.4282316892648,124.81950844722192,127.98800659179688,32423355.0
2020-05-28,129.04415047527158,133.84490033894576,128.27604221766444,132.88475036621094,21951352.0
2020-05-29,130.5324046429169,135.52518228930626,129.23621078367637,133.3168487548828,19390589.0
2020-06-01,136.2452707355665,139.65380595545994,133.02877722440823,133.6048583984375,14504755.0
2020-06-02,135.28512425183666,137.781520021932,133.31682854353255,135.52516174316406,12836264.0
2020-06-03,137.20541776348645,140.95001124344375,136.62933660168733,137.6374969482422,12470626.0
2020-06-04,137.58948403502467,138.88567761368668,132.83674494514764,136.9653778076172,11358214.0
2020-06-05,138.06956900187754,144.9826458750458,137.68550022236903,143.30238342285156,21825018.0
2020-06-08,148.8232513073972,149.63938467485735,139.7018262272664,140.51795959472656,16211802.0
2020-06-09,142.10219279275847,144.3585510386094,135.57317019375688,136.91738891601562,19223606.0
2020-06-10,138.16557947964193,142.10220034961785,136.14927326511696,141.0940399169922,17278002.0
2020-06-11,140.0858854654254,141.5741209627734,136.7733707459908,138.64566040039062,12532780.0
2020-06-12,132.50070850719524,140.99804241305628,130.77243546608636,140.22991943359375,15804914.0
2020-06-15,143.11037115674247,146.27886932437718,138.0215728451749,139.98988342285156,34911162.0
2020-06-16,143.92647330185684,148.43918983939602,141.0460234186918,144.11851501464844,28477417.0
2020-06-17,143.7344709117535,146.03884000426498,141.33409559709253,142.1022186279297,13573256.0
2020-06-18,142.53426059905277,145.36670008999977,141.4300939901038,144.79061889648438,9854686.0
2020-06-19,146.2788681799521,146.2788681799521,142.58228457151088,145.03067016601562,14631215.0
2020-06-22,144.88662326291185,145.41470867163727,143.06234419719763,144.11851501464844,8037341.0
2020-06-23,146.8069202420766,153.14391571829628,144.5985870964997,152.0397491455078,22570926.0
2020-06-24,153.04791502379163,153.72003179217063,144.45457484281704,145.36671447753906,15907046.0
2020-06-25,143.06238075818902,146.23087936955653,138.83772571018528,140.75802612304688,18500612.0
2020-06-26,143.0623596037382,145.94280979710206,142.29423662202905,145.03067016601562,12107599.0
2020-06-29,143.4944345222131,143.4944345222131,137.5895170614472,140.03790283203125,13110757.0
2020-06-30,142.1022048741917,145.55875085304385,139.41378185183189,140.37393188476562,14655358.0
2020-07-01,141.6221250678786,142.9183334287904,138.74167506649803,141.67013549804688,8255166.0
2020-07-02,142.96633403592264,144.31055287239434,140.90201732551586,141.86216735839844,9519798.0
2020-07-03,142.67829012195352,143.49440879869448,138.78967984820315,140.56594848632812,10780269.0
2020-07-06,141.91018692335516,148.96728132879193,141.23808478722705,148.1991729736328,24254504.0
2020-07-07,148.82326785947046,150.64754721810178,145.75079042090445,146.23086547851562,13160047.0
2020-07-08,146.66290480090726,151.70369203629033,146.3268464582582,148.8232421875,18306575.0
2020-07-09,150.74355392560582,159.81696873174695,150.64753306281474,158.23272705078125,45180719.0
2020-07-10,157.1765594482422,157.94468241444568,153.9600655876851,157.1765594482422,16256492.0
2020-07-13,158.71279680946404,163.70557384406447,157.5606197477449,162.50538635253906,21894776.0
2020-07-14,161.01716238746604,161.97731244899026,155.4962995337018,157.2725830078125,16396492.0
2020-07-15,159.72096161219935,161.78527829393818,157.94467821574378,158.80880737304688,11233286.0
2020-07-16,158.32874099020037,160.15303491717978,154.63217200395766,159.43292236328125,12766387.0
2020-07-17,159.86498253167363,162.36137850957616,154.7281739293741,155.68832397460938,14372019.0
2020-07-20,155.73634197046937,156.45645453936865,153.28795630606632,154.48814392089844,14067880.0
2020-07-21,156.36044168468507,156.50445833206177,151.27164348361984,153.62400817871094,13098754.0
2020-07-22,154.1520756110333,157.3685691157147,151.1275945132496,153.52796936035156,17455691.0
2020-07-23,154.2960983644783,155.97636082412728,153.335948387536,155.54429626464844,8258361.0
2020-07-24,153.57599600037173,154.53614604057503,148.1511541335139,149.97543334960938,15793319.0
2020-07-27,150.74355955147647,153.4319826519667,148.43920526575752,151.89573669433594,12745516.0
2020-07-28,152.2318014874442,158.66480423584733,152.2318014874442,158.13671875,15539141.0
2020-07-29,157.75265653164277,161.7852838213774,156.79250647929038,157.5126190185547,15845599.0
2020-07-30,158.37673576648297,159.09684824918966,153.62399631076389,155.54429626464844,8980592.0
2020-07-31,155.44828734458054,157.94468333663582,153.23995394860134,156.60047912597656,9872721.0
2020-08-03,156.60047432921237,160.82512856250392,154.34411591894033,154.9202117919922,16525131.0
2020-08-04,155.54431270600776,158.04070877022235,154.34412510796756,155.88037109375,13653194.0
2020-08-05,157.36858464954992,170.3306101033806,156.9845304963938,168.74636840820312,47894708.0
2020-08-06,170.90670776367188,171.77083694263558,167.25813466778516,170.90670776367188,23198186.0
2020-08-07,169.41847792428482,171.86686354742434,168.36232163146897,170.5226593017578,10117475.0
2020-08-10,169.85053655290457,171.86685750119824,167.45016144813923,171.48280334472656,9378730.0
2020-08-11,172.8270081338428,179.16400429237453,170.90670804346678,171.81884765625,30405569.0
2020-08-12,170.2826079854631,170.2826079854631,165.81790170485505,168.79437255859375,17437072.0
2020-08-13,170.90671405827837,177.24371043983137,170.90671405827837,176.2355499267578,26526442.0
2020-08-14,177.00369163136952,181.90044876136875,173.40312845457788,177.57977294921875,28520464.0
2020-08-17,177.77177304346492,185.74102126068118,176.9076438726275,184.87689208984375,25968766.0
2020-08-18,185.50098431350696,189.38959489549907,184.39681763068074,188.1894073486328,20401535.0
2020-08-19,189.00552996053167,189.77363822613418,186.55714457442704,188.95751953125,16328384.0
2020-08-20,185.35696502485962,194.28636317635096,184.78086915028857,191.06985473632812,28491717.0
2020-08-21,193.71026852358676,195.05447270509544,187.5653141927947,188.429443359375,18332315.0
2020-08-24,189.5816323952215,189.91769078710982,184.7808819438321,185.59701538085938,10628826.0
2020-08-25,187.61331854802017,188.57346862175768,182.47652444396093,183.6767120361328,13439855.0
2020-08-26,184.34880692829458,187.22925703654917,183.62869440123092,185.78903198242188,8427317.0
2020-08-27,185.78903553019714,187.85335228690846,184.92490634151034,187.13323974609375,7659778.0
2020-08-28,187.32527006842355,188.3334158435808,185.30894921665646,186.0770721435547,8153155.0
2020-08-31,187.22922877261513,189.14952855489838,176.90761744284276,177.86776733398438,17662183.0
2020-09-01,177.8197894606846,187.66132764646218,177.62776237744905,186.31712341308594,24334797.0
2020-09-02,186.2691120030132,189.05354132214876,184.8768973434454,188.38143920898438,11183054.0
2020-09-03,189.29825818003883,189.29825818003883,184.85895009109544,185.29322814941406,11310236.0
2020-09-04,181.48119068587417,187.22334709757658,178.3929734727199,181.7224578857422,16804686.0
2020-09-07,181.72246695882828,184.81068432617187,180.08185286296904,180.95040893554688,6839463.0
2020-09-08,181.62593748724026,181.62593748724026,173.27809861272667,173.95364379882812,9202151.0
2020-09-09,171.1549740367567,177.37966545046433,165.75058234649956,176.4145965576172,22609497.0
2020-09-10,178.5377311471241,178.82725473738384,167.29468531925295,170.47940063476562,19154786.0
2020-09-11,172.45781754963977,173.71241012346593,168.69405455394474,172.40956115722656,15780805.0
2020-09-14,172.74730517030778,174.1949082862601,168.50100858715987,169.65908813476562,11605907.0
2020-09-15,171.20321662780924,173.0851127596775,168.40452271371112,170.575927734375,10726507.0
2020-09-16,170.91371041623765,178.1517272651616,169.3213378740046,177.37966918945312,14453126.0
2020-09-17,176.31806402448223,176.31806402448223,169.22481729220675,169.7073516845703,18642039.0
2020-09-18,171.25146431279757,175.8355413456253,170.3829082389956,173.2298583984375,28529202.0
2020-09-21,173.13334192738373,174.3879343494799,157.40273180484044,161.31124877929688,26161690.0
2020-09-22,162.1315911645215,163.04840376464023,155.18309734548455,157.7405242919922,18465421.0
2020-09-23,159.71889542596924,161.6007767471611,156.6306780366054,159.67063903808594,17256291.0
2020-09-24,152.48088354811046,156.63068269109527,149.00662967822024,153.54246520996094,19292629.0
2020-09-25,156.29290677450825,159.0916154444147,152.1431075231179,156.38941955566406,20236970.0
2020-09-28,158.2230328769671,162.80710985260043,156.43766436403163,161.842041015625,12412713.0
2020-09-29,163.53090351690656,171.10669940855976,162.2280694859026,170.23812866210938,36624865.0
2020-09-30,171.29973146272624,171.4927422994995,166.66739775125367,169.12832641601562,15625518.0
2020-10-01,171.01019826927137,172.98859236843217,167.43944644866377,168.01849365234375,12663078.0
2020-10-05,168.88703135896282,173.61586234670156,166.7638830527491,172.79556274414062,13647813.0
2020-10-06,174.29143911072472,176.0285512492395,169.4660948908905,170.72067260742188,13192286.0
2020-10-07,170.7206815487864,171.7340068331801,164.83377012773533,166.81216430664062,11851388.0
2020-10-08,166.8121329585018,170.2863714903783,165.5575406862492,168.16322326660156,11214012.0
2020-10-09,170.817188577091,175.11174206791227,163.33790489645565,164.06170654296875,30474092.0
2020-10-12,167.92199536572434,168.8870643046078,163.77219598336873,166.13661193847656,16792391.0
2020-10-13,164.49598538048275,168.79053889205315,163.82044011896306,167.19818115234375,9712302.0
2020-10-14,166.95692571658716,168.88706358614309,165.0750442389268,168.11500549316406,10703596.0
2020-10-15,168.7905494153959,172.02353621064987,165.70233179463904,167.58421325683594,19813786.0
2020-10-16,168.01848927363596,174.2431802849554,166.32961882032856,173.51937866210938,15546394.0
2020-10-19,174.6774554185698,177.427907430114,171.49272538567163,176.3180694580078,17095601.0
2020-10-20,175.449520145432,176.75235425946977,173.0368480167153,174.4844512939453,10427991.0
2020-10-21,174.7739691275852,180.95040368298513,174.67745635530832,179.4545440673828,24286914.0
2020-10-22,178.44122077736876,181.1434164465354,175.7390398339838,178.00694274902344,17453750.0
2020-10-23,179.11679097690424,180.08185986206905,175.30475709987715,175.88380432128906,9732876.0
2020-10-26,175.9320755136235,176.51110805797265,163.67570258593588,166.3778839111328,15615702.0
2020-10-27,166.86041762965172,169.27309003450952,165.0750488855272,168.3562774658203,15437539.0
2020-10-28,168.35626244175924,170.91370379815345,163.33790723264823,164.49598693847656,14425414.0
2020-10-29,162.61409662240013,164.54423426776984,159.52587933496486,162.03504943847656,12266096.0
2020-10-30,162.3245645555623,165.94357245168413,161.06997220641722,164.68898010253906,12957793.0
2020-11-02,165.50930884432478,166.47437770055993,161.7937878575067,164.78550720214844,11083051.0
2020-11-03,166.42610999568907,174.0984039358893,165.84707755679122,173.4711151123047,22507173.0
2020-11-04,170.81719019730437,174.87047651106698,168.0184963612208,170.33465576171875,11618409.0
2020-11-05,172.65080551725057,181.38468125859717,171.8787622440689,180.80564880371094,23733769.0
2020-11-06,179.50279053781497,183.70084556167293,178.92374338770327,181.5776824951172,14037270.0
2020-11-09,183.21832034817612,188.91222046419165,182.6875295549723,187.89889526367188,14673743.0
2020-11-10,191.13187041938437,193.64104035409017,183.4595767403541,185.6309814453125,23544708.0
2020-11-11,185.77575405748806,200.97558848037346,185.3897324069022,196.92230224609375,42959437.0
2020-11-12,197.88737235852696,204.0155507738497,197.11531432665657,201.31336975097656,40805593.0
2020-11-13,198.80420013472377,203.67780118997922,197.1635858943026,203.1952667236328,15133046.0
2020-11-14,204.59458972776585,205.07712413750116,199.81750201654273,201.98890686035156,1794824.0
2020-11-17,202.95398036586442,208.45486981870158,202.76096954267015,206.0904541015625,22284208.0
2020-11-18,205.02886727771593,212.55640699735284,203.19524241527043,211.68785095214844,16606283.0
2020-11-19,209.85422881960994,219.31190696041935,205.27015155641087,206.37998962402344,28576299.0
2020-11-20,207.05551530031548,212.31513734856688,204.6910996704536,208.0205841064453,17773062.0
2020-11-23,209.4199328557308,214.19702054484117,208.0205860191322,210.43325805664062,22567883.0
2020-11-24,212.31514719735205,219.31189636635568,210.964056696409,218.10556030273438,18538052.0
2020-11-25,218.10556664806293,221.96584216395786,214.24529113216803,215.64463806152344,18591189.0
2020-11-26,216.3684490861606,223.17218792257853,212.65294257675725,221.8693389892578,16363181.0
2020-11-27,221.96582408851404,222.54487125905746,212.8459268700335,218.44332885742188,42583153.0
2020-12-01,222.7379017906325,223.4134470655446,214.727827093234,221.29029846191406,16869243.0
2020-12-02,221.33853346294686,228.62479106611696,220.5664754837461,223.75120544433594,20100114.0
2020-12-03,226.4051725793426,234.65649999390465,224.95756921176567,233.5466766357422,28072333.0
2020-12-04,236.00758908742228,247.00936803465532,234.51172943189783,243.87289428710938,41978766.0
2020-12-07,243.48686646690302,245.07922413113215,239.81960200219604,242.47354125976562,17202162.0
2020-12-08,243.05259871694304,244.16242201761935,235.9110803046738,237.11741638183594,14240101.0
2020-12-09,237.88946732643728,239.38532696269291,231.56826352534517,232.5815887451172,14737004.0
2020-12-10,231.4235048127705,236.92439411384188,229.6863780003844,234.22219848632812,19673032.0
2020-12-11,235.71807003587082,239.33707827593025,232.5333398394621,235.13902282714844,12610389.0
2020-12-14,237.35868407804125,239.48183263299066,235.52505912735361,237.74472045898438,10448747.0
2020-12-15,237.02092415181068,237.40694581566947,234.12571749552203,236.00759887695312,15446054.0
2020-12-16,239.3370652284264,243.34209490544436,237.31041483416345,242.6665496826172,19222530.0
2020-12-17,243.1008311242254,245.99603759919015,235.91107132321935,237.26217651367188,13711470.0
2020-12-18,238.0824826939353,242.61830335033437,236.63487941684315,241.1707000732422,18866376.0
2020-12-21,237.406941651981,241.02594990887096,220.6629908931239,224.1855010986328,16278713.0
2020-12-22,225.72959137766,230.89271546114773,219.0706224020085,223.79945373535156,18337596.0
2020-12-23,223.2686743891106,229.58986329431707,219.55315359185892,227.94924926757812,13095413.0
2020-12-24,229.5898776644215,236.1040925193793,227.85276548372525,228.67306518554688,14541771.0
2020-12-28,230.79621786778117,232.72635563703136,229.39687093023127,231.52001953125,8213627.0
2020-12-29,233.4501458944798,233.54665866853986,226.11563156515177,227.37022399902344,9405315.0
2020-12-30,228.14226150923875,230.79620074506263,224.523253460388,229.10733032226562,8480116.0
2020-12-31,228.14226389814175,233.4501424253689,226.5016498439733,232.14730834960938,10380624.0
2021-01-01,230.6514587939725,231.61652765921923,229.30036827293995,230.024169921875,5091899.0
2021-01-04,232.48509068918008,248.98777466795033,231.18225651766622,245.41702270507812,24902369.0
2021-01-05,242.32880549791287,243.92116328483016,238.3720171369062,241.55674743652344,12297457.0
2021-01-06,241.99099385348498,250.91787996772123,239.09578754616513,250.0010528564453,18029077.0
2021-01-07,252.31725856831198,265.77995113905763,251.88296581214837,263.3672790527344,32739259.0
2021-01-08,264.38065909120036,264.8631935816376,255.8880343885638,258.8315124511719,20606695.0
2021-01-11,258.25241368906933,259.9895257277186,248.98774742929479,255.45372009277344,13163440.0
2021-01-12,251.35218898494745,261.05111896244625,251.35218898494745,255.11595153808594,13136084.0
2021-01-13,256.2258094885096,259.0245035888427,249.8081067795817,253.47535705566406,13300126.0
2021-01-14,253.52358906195718,255.83974832381514,250.48359873848304,252.26898193359375,7601547.0
2021-01-15,252.84802222368643,254.1025998663089,242.3287783344638,244.50018310546875,17738049.0
2021-01-18,243.4868832980484,245.3687646838001,232.19558025775572,234.656494140625,17989695.0
2021-01-19,237.8894610993692,243.82462837644456,234.8495002454099,242.7630615234375,10254337.0
2021-01-20,242.81133458156887,244.78971399258478,239.91612795965406,243.2938690185547,11090894.0
2021-01-21,244.01767662599028,245.65829080660257,237.8412268464497,240.2056427001953,8781513.0
2021-01-22,238.61327439073128,241.074202916055,227.32197173276714,230.84446716308594,16005359.0
2021-01-25,232.29207329214685,235.38029072073104,225.44009317337918,231.9060516357422,8297942.0
2021-01-27,231.6165071879185,231.6647635720722,221.72455219343448,223.31690979003906,14139166.0
2021-01-28,217.1404946405711,223.99248947287535,216.7062165964464,221.0490264892578,13756664.0
2021-01-29,222.06234508894107,226.1156312556241,217.140488134252,218.39508056640625,14992241.0
2021-02-01,219.4083960510097,235.42852918460886,218.6363380711996,232.72633361816406,12417894.0
2021-02-02,235.66981681409945,248.40872304511896,235.38029320584806,246.4303436279297,18251184.0
2021-02-03,245.127472961841,254.19911370869903,243.7281261597741,248.26394653320312,15670948.0
2021-02-04,250.86963756356624,258.05938220108453,249.90456879733065,252.70326232910156,21296401.0
2021-02-05,254.77815134623225,256.708288856431,246.9610885396152,252.89625549316406,12833374.0
2021-02-08,254.7782011619763,270.75008040116285,254.34390835664163,269.20599365234375,27556901.0
2021-02-09,268.8199368054015,275.9131992819912,266.0212428181363,268.33740234375,22066741.0
2021-02-10,271.18434430731924,273.45226197386756,265.1044223899514,269.6402282714844,16789592.0
2021-02-11,270.9913183963321,286.9632253636686,270.07452066959183,285.0813293457031,47356292.0
2021-02-12,286.62546786450616,286.8667350933483,276.4922442531347,280.64202880859375,15454237.0
2021-02-15,282.28262037503947,285.7086027904194,278.90487961841507,281.2210388183594,8041775.0
2021-02-16,283.2959691291018,296.6139378698908,282.76519300477054,292.1263732910156,27519511.0
2021-02-17,292.12638925164464,297.7237775018464,290.48576022060223,293.2844543457031,18221106.0
2021-02-18,295.3593081589144,301.6805267630466,294.3459976525394,299.0748291015625,16202053.0
2021-02-19,297.2412109375,302.40433526455195,291.6920649540889,297.2412109375,17410357.0
2021-02-22,299.17133239975226,316.54257105522174,299.17133239975226,305.0582580566406,45975603.0
2021-02-23,310.7039275557721,326.3380252305625,305.58904498777434,321.4161682128906,50677230.0
2021-02-24,322.5260161693614,325.7107315415871,316.5425776167128,321.1748962402344,14777374.0
2021-02-25,325.80726797721417,342.21343935007354,325.2282207443295,338.4496765136719,35967464.0
2021-02-26,331.0186244675904,337.43632660266957,323.0568062406003,328.36468505859375,20379210.0
2021-03-01,330.0535193702364,334.87886322067845,322.9120163618945,332.0801696777344,14556212.0
2021-03-02,332.2249336436035,337.0985192918825,326.91705525568824,333.19000244140625,12878208.0
2021-03-03,338.4496459730847,348.679351874167,338.2566204290193,346.7974853515625,20104887.0
2021-03-04,339.70423040251063,345.2051345504495,334.8788862206568,337.2433166503906,13623173.0
2021-03-05,333.18999549620713,335.4579130140824,321.51265739589013,326.0484924316406,15127687.0
2021-03-08,328.1716327659356,331.8871535261327,323.008538261242,324.8421630859375,10555735.0
2021-03-09,328.0751649225487,332.3697036024901,316.9768732292641,321.60919189453125,13883599.0
2021-03-10,324.070130910008,330.3913499943594,318.9070357595429,328.4612121582031,10886045.0
2021-03-12,329.61921711173926,332.94871605289245,316.01177140821744,318.66571044921875,15035151.0
2021-03-15,320.3063591277278,324.1666346928744,313.64738966816293,322.1399841308594,14049436.0
2021-03-16,324.2631311730348,324.98693280511753,314.9019516174735,322.2364807128906,13294567.0
2021-03-17,321.3196929074576,321.89871066975616,313.6473835897891,314.99847412109375,11028678.0
2021-03-18,317.84543780971416,328.60594980584824,317.84543780971416,320.2098388671875,23744146.0
2021-03-19,318.47273503520813,327.8339150880813,309.401093321488,323.39459228515625,16753538.0
2021-03-22,323.39460696022053,330.68086566027966,319.5343312088639,327.8821716308594,8470164.0
2021-03-23,329.9569952117064,330.4878006878668,318.7621919748502,320.1133117675781,13880498.0
2021-03-24,316.8321311382575,316.8321311382575,305.7338379808796,306.6506652832031,20388678.0
2021-03-25,307.90520207956433,308.7255164850978,294.73201828427426,303.0316162109375,20856373.0
2021-03-26,306.9884281282298,317.0251389662232,306.9884281282298,315.7222900390625,13857627.0
2021-03-30,319.0035204584884,321.27143831601364,313.59915805532137,314.9019775390625,9159261.0
2021-03-31,311.8137313027012,324.2631127779716,309.6905681884111,315.4327392578125,10387652.0
2021-04-01,318.2314972207003,339.7042820976088,316.9769193231262,338.0154113769531,25631843.0
2021-04-05,337.67759604331695,340.5728026903615,326.19328223368655,338.4013977050781,14771653.0
2021-04-06,340.3798095451842,345.78417177208485,336.3265084234434,338.2084045410156,11185963.0
2021-04-07,338.16007542057474,348.1003009610946,336.8089850956036,339.897216796875,12542475.0
2021-04-08,343.4679582914784,360.93570835625076,342.26162236782784,352.443115234375,28768469.0
2021-04-09,354.1802820177627,357.075488682758,342.3099464719079,348.4381103515625,16371164.0
2021-04-12,339.80076641520094,341.634391439393,320.016853916592,324.4561767578125,16096812.0
2021-04-13,324.45617021367315,338.06361790139783,324.45617021367315,336.51953125,12942071.0
2021-04-15,341.63436599653727,353.98723524629514,337.5328234669178,341.2000732421875,21825520.0
2021-04-16,344.28833729511985,363.34844846983214,340.37981994878,357.07550048828125,28438547.0
2021-04-19,346.1702106642092,353.2152015371942,341.48962081910025,348.77587890625,15435944.0
2021-04-20,355.72437191067354,358.5230655902444,342.1651373580589,346.7974853515625,15526407.0
2021-04-22,348.1968426062339,352.8291909342044,342.3099459575086,343.4197692871094,12756931.0
2021-04-23,341.68261645257854,349.98221449881726,333.23826396835165,337.29156494140625,12805877.0
2021-04-26,340.6692654133916,345.73587630126787,333.43124985928273,336.18170166015625,16472269.0
2021-04-27,337.8705960356971,357.0754594509919,337.8705960356971,353.4564514160156,41263319.0
2021-04-28,355.9656400848796,356.0138817452459,345.4946374994035,349.9339599609375,15197329.0
2021-04-29,354.56628315326566,364.12045870424697,351.86410220302,359.1503601074219,34391622.0
2021-04-30,356.01389134936215,363.8309548911831,348.6793622304738,351.67108154296875,19935239.0
2021-05-03,351.6710720586488,360.16369534416094,345.1568575247424,357.0272216796875,15890242.0
2021-05-04,359.00559307975277,371.02071140296624,347.1352586375795,349.88568115234375,29767756.0
2021-05-05,354.18028165454655,360.6462549803646,351.5745838780968,354.27679443359375,15192338.0
2021-05-06,357.07546329865005,375.02574923586775,354.9523001146274,372.46832275390625,31912131.0
2021-05-07,376.37687116081304,390.8046630026037,371.7927938838544,387.0891418457031,46343220.0
2021-05-10,393.5550253579958,412.5668915565477,392.4934732918477,410.8780212402344,39516234.0
2021-05-11,400.3588410547258,405.90798725743855,394.5684276258082,398.38043212890625,27497466.0
2021-05-12,401.4686418100934,403.0609995231139,379.9476182244568,384.86944580078125,18242276.0
2021-05-14,388.9227473155612,389.55003617898313,355.29009193654537,369.4283447265625,41384078.0
2021-05-17,371.0689425036265,381.53994456081614,364.0721939128559,379.2237854003906,20821967.0
2021-05-18,386.9925871354256,398.38038714581813,382.64977755410536,388.0541687011719,30540086.0
2021-05-19,386.0275343778674,392.252240150336,380.4301469100138,389.2122497558594,16113667.0
2021-05-20,376.3768252117652,379.4650570966917,366.1953613360204,371.7445068359375,30689219.0
2021-05-21,375.1222552517186,378.2104577482817,369.959131268866,376.1838073730469,22406993.0
2021-05-24,379.1755169182268,379.9475896114261,366.1953595273801,375.7012634277344,23694105.0
2021-05-25,380.2371236028964,385.54500223187085,375.94255547700976,377.5349426269531,18155697.0
2021-05-26,375.65304096852697,375.89430817531473,366.967421524168,367.69122314453125,15340621.0
2021-05-27,368.7045468265294,374.8810111025716,366.72616744069876,372.371826171875,17374666.0
2021-05-28,379.27205576795217,384.9177143967955,371.35847946494187,374.2054443359375,14862168.0
2021-05-31,377.87269588288206,381.5882168402476,374.4467132510304,380.4783935546875,13703439.0
2021-06-01,382.167297559135,382.9393409250925,372.99914269344873,380.9127197265625,11399189.0
2021-06-02,375.4117828464575,388.6332378790021,375.4117828464575,384.86944580078125,9587386.0
2021-06-03,388.92277378784746,391.33544608181677,384.0974291999089,385.2555236816406,12441261.0
2021-06-04,386.0275297068412,386.0275297068412,378.5964879793592,381.25042724609375,10040657.0
2021-06-07,382.312002193369,387.37861343264535,380.4783773494672,381.2021789550781,6176784.0
2021-06-08,381.20219345633865,381.6847278784353,367.7877424123651,374.2054443359375,17334691.0
2021-06-09,374.4467338624215,377.29369890308425,368.94582934206386,369.7661437988281,11807015.0
2021-06-10,372.66133215822657,376.32861147511727,370.8277072255633,371.9375305175781,5796380.0
2021-06-11,374.8327622345397,381.2022229900024,369.76615040998905,379.4168395996094,9630564.0
2021-06-14,379.22380153212947,383.61485284698557,368.0289974203703,381.0091552734375,11601461.0
2021-06-15,377.3419285125841,382.5050528620846,376.37685964170794,377.1971740722656,7929361.0
2021-06-16,373.7711304122684,377.67967668088505,363.8309336605235,366.9674072265625,17978012.0
2021-06-17,362.8658995218348,367.01568393254894,352.2983834865171,356.3516845703125,14321673.0
2021-06-18,355.8691111902414,360.30843345065574,347.23173386344,358.3782958984375,22723111.0
2021-06-21,354.08377835904696,357.02725621521563,347.8108304233129,354.75933837890625,13172227.0
2021-06-22,358.04049742117945,358.86081172876374,353.4564209717169,354.71099853515625,9787216.0
2021-06-23,355.19361120633033,363.8309899907154,354.5180806199932,355.24188232421875,14295574.0
2021-06-24,356.11038871151396,359.4398878662711,353.3116950699474,356.15863037109375,9066954.0
2021-06-25,358.571323229889,367.0639468706635,358.571323229889,362.7693786621094,12815999.0
2021-06-28,365.664602905934,371.50328746316876,361.17703837950774,368.9458312988281,14518487.0
2021-06-29,370.0074069333812,370.10391971279796,359.68118747022146,361.1770324707031,9106037.0
2021-06-30,363.39670435396505,366.1471567745762,357.9923417504235,359.05389404296875,10110801.0
2021-07-01,359.2951003956074,367.4981851484894,359.0055915378953,366.1470947265625,8232292.0
2021-07-02,364.7960195435859,367.3052044043042,361.12876975208,362.91412353515625,5070326.0
2021-07-05,365.7610417544408,377.3418662954785,364.3134386868111,375.9425048828125,12836172.0
2021-07-06,375.79783007408383,377.34194623030106,370.5864638169709,371.8893127441406,6153733.0
2021-07-07,369.52489240703596,381.2022325083651,366.9192239317164,379.8993835449219,10577866.0
2021-07-08,378.78950586457665,379.17552749616436,367.88424015152094,369.7178649902344,12333337.0
2021-07-09,369.62135598355013,377.72792813569663,368.75279994074214,376.4250793457031,7375406.0
2021-07-12,379.27207990159565,379.27207990159565,373.0956447960558,374.7845153808594,5679273.0
2021-07-13,376.8593474583234,381.15391518309514,376.3768130825765,378.5482177734375,5467940.0
2021-07-14,378.54822439743464,380.6231163591414,377.34188843695847,377.96917724609375,3341557.0
2021-07-15,378.1139722254118,388.8262425936906,376.3768600366378,387.4269104003906,10347950.0
2021-07-16,388.9227162465802,391.8179225709965,385.4002211088528,391.33538818359375,9287112.0
2021-07-19,384.09738639765584,390.8046264080893,382.3602743202011,383.0840759277344,5708367.0
2021-07-20,382.6015561812317,382.6015561812317,367.88425626419485,369.6213684082031,9214553.0
2021-07-22,376.56986233678185,381.3952063982395,375.41176798140685,379.75457763671875,7381389.0
2021-07-23,380.3336526283325,382.6980537204185,377.14890764393124,378.06573486328125,5217004.0
2021-07-26,379.27202166965526,388.3919332079852,376.5698409294781,386.07574462890625,7083799.0
2021-07-27,389.8878095311218,405.03940202867443,389.45351677453345,402.771484375,28240273.0
2021-07-28,404.36381513868383,404.7498367568571,393.3137659276584,401.75811767578125,12775129.0
2021-07-29,405.81145776160065,457.44264204280313,402.2406911802188,442.0980529785156,61414603.0
2021-07-30,442.09803686839973,443.5938817741224,426.7051772508381,429.2626037597656,12987115.0
2021-08-02,432.3508549508645,436.4523976596618,427.2360017064021,430.2276916503906,7683565.0
2021-08-03,432.1095837607585,435.101303128812,424.82332561979024,433.1228942871094,8879300.0
2021-08-04,430.4207078616505,439.588861952874,425.5953636031118,427.2359924316406,8621637.0
2021-08-05,429.4556648331096,430.1312248505521,417.7783251349748,427.6220397949219,11790679.0
2021-08-06,429.16614351482855,439.92665565652896,423.95474799188395,426.7052001953125,18059875.0
2021-08-09,426.5122221005802,429.4556705337242,413.821542207825,419.5154724121094,13778833.0
2021-08-10,421.2525592020985,424.4372746731724,408.46539675209203,412.0361633300781,10417993.0
2021-08-11,414.3040163929745,428.97307366215904,414.06274919743896,421.39727783203125,19239106.0
2021-08-12,424.5554826056351,431.74639133507094,421.591671533365,424.8955993652344,8349354.0
2021-08-13,425.04135765277096,436.8966613203886,423.19504764691203,429.5599670410156,13343808.0
2021-08-16,430.0944525263023,434.3701256847543,423.8752888726164,429.2684631347656,8288547.0
2021-08-17,427.6651161476781,431.30916105409096,416.87873729363326,424.2640075683594,8413999.0
2021-08-18,426.40181551853556,427.22780493472465,412.4086894662764,414.88665771484375,12169397.0
2021-08-20,404.2460243794362,404.2460243794362,389.76702607190816,392.2449645996094,23309477.0
2021-08-23,399.38729000084834,404.00307984879004,388.21221984267373,395.35455322265625,15943020.0
2021-08-24,403.2742387773303,411.77700887203304,400.8934512886901,408.9589538574219,15050015.0
2021-08-25,411.72845375522564,422.66058727256666,411.72845375522564,418.5306701660156,17974391.0
2021-08-26,419.30806573605685,420.0854500560619,408.91037993795146,412.1171569824219,7695674.0
2021-08-27,414.9352048179723,426.5961473421308,414.9352048179723,425.5272216796875,15558923.0
2021-08-30,428.49107443102827,439.7147200644721,428.1995330665281,435.39044189453125,11735730.0
2021-08-31,435.3418520149618,457.8377475886907,432.23225549558794,455.0682678222656,20847646.0
2021-09-01,460.60723730917437,460.60723730917437,442.19265340694693,445.156494140625,10038500.0
2021-09-02,447.05141872402714,451.86156987840656,442.8243503429638,444.0390319824219,5360608.0
2021-09-03,444.33049601882203,451.37564877144416,437.28534326619996,448.26605224609375,8516918.0
2021-09-06,453.75645288232795,461.57899022292884,448.6547903588114,455.991455078125,12183840.0
2021-09-07,456.72027387794265,459.05245657944846,447.8773860483924,449.2378234863281,5684070.0
2021-09-08,451.71575727880463,452.68750246832326,442.33842213101167,443.4073181152344,6689343.0
2021-09-09,445.3022463354217,453.464900238986,443.11581959400394,450.4524841308594,6926659.0
2021-09-13,462.5507432961651,466.92359696178005,455.3112292542999,464.8343505859375,16632808.0
2021-09-14,469.45013023615604,469.79024700039315,459.8298583145575,464.4456481933594,15253798.0
2021-09-15,464.68860752815243,473.82300728354045,460.9473822467883,473.04559326171875,12415050.0
2021-09-16,469.3529280016246,474.2116539643743,466.87498962274617,469.6444396972656,8011765.0
2021-09-17,470.32470445913407,471.7337469441219,456.81745131585353,459.68408203125,12113274.0
2021-09-20,448.9462885810624,450.88977900782027,429.90007646777343,431.84356689453125,18031539.0
2021-09-21,432.4266089462653,439.6661224637817,426.40177691455295,438.257080078125,18750888.0
2021-09-22,440.1034271382862,451.2784977505571,439.42322324203093,449.9180603027344,13613171.0
2021-09-23,460.1213701606352,471.1020794871383,454.7767713520111,469.59588623046875,12757667.0
2021-09-24,467.4094491983518,471.92805852461265,460.21854052636235,465.2230224609375,9226843.0
2021-09-27,461.4817825169506,476.10656534728645,458.95523910438766,467.7981262207031,6825039.0
2021-09-28,467.31228356131066,473.14275504593166,461.6275679327429,464.6399841308594,6148679.0
2021-09-29,461.5789816114529,482.8601960957398,460.0241833212785,480.1878967285156,9508220.0
2021-09-30,481.25684506539625,489.7596161796258,471.87950913905115,474.1631164550781,14333358.0
2021-10-01,469.4500829795182,472.26813795394304,460.0727483112886,470.6647644042969,8072310.0
2021-10-04,472.26819706352956,495.0556353066003,467.40947075629157,491.4115905761719,10303925.0
2021-10-05,481.9856229116592,491.8974358901118,480.23649340031363,481.3053894042969,8162109.0
2021-10-06,483.9291279096946,484.4150005280779,460.6072422272997,462.45355224609375,11231113.0
2021-10-07,471.29645126901994,471.8795043562914,459.635508144838,464.00836181640625,9774465.0
2021-10-08,467.36087830427596,476.8839696568997,459.2953751353334,460.2671203613281,7086881.0
2021-10-11,464.9801224459135,476.1551933092949,462.7936955378606,473.725830078125,5565678.0
2021-10-12,478.87601472406345,485.3867193177771,473.67720171487747,484.56072998046875,8685800.0
2021-10-13,485.82404715102973,497.5335654923881,481.01389632564866,493.6951599121094,8901206.0
2021-10-14,496.9504850702434,508.5628223170763,493.98667409788555,501.5176696777344,8876529.0
2021-10-18,520.3210138990663,536.2576006554052,511.62388191698517,527.4633178710938,23481789.0
2021-10-19,532.2248639026137,532.2248639026137,511.18655636117245,518.6690063476562,11017925.0
2021-10-20,515.9967471516828,515.9967471516828,496.0759687776537,498.4567565917969,9440844.0
2021-10-21,501.6149179267016,506.084922423872,477.7099784636969,479.7992248535156,14173662.0
2021-10-22,475.183392962995,478.0986285026453,451.3756360558511,457.15753173828125,19392383.0
2021-10-25,460.16992966793737,464.49420768951404,446.37116555905004,459.87841796875,9196105.0
2021-10-26,461.627544758172,474.2116569428575,459.1981817615385,472.3167419433594,8120433.0
2021-10-27,469.35295326012124,473.92016777301717,462.2106197794484,466.2919616699219,8972879.0
2021-10-28,442.9700556288872,463.6682165397448,440.6378730784865,455.55413818359375,12659503.0
2021-10-29,456.1858062775799,460.8015960815493,443.7474496442234,446.8084411621094,8306338.0
2021-11-01,450.6954338990785,467.50664447292263,450.25816633091887,464.6399841308594,7466267.0
2021-11-02,466.43771706881915,467.40946231271255,453.950784753727,455.16546630859375,5953912.0
2021-11-03,457.6919776475802,466.87498141791974,456.5744766268486,464.78570556640625,6928590.0
2021-11-04,468.38119476639685,468.38119476639685,456.7202521581048,459.2467956542969,1615558.0
2021-11-08,466.43772289752525,467.8467653809029,446.2254334340905,456.5259094238281,13018619.0
2021-11-09,457.400491183838,462.7450899437051,449.2378075354287,451.47283935546875,8628327.0
2021-11-10,450.5497037295507,450.88982051660645,435.827768322625,437.0424499511719,14672997.0
2021-11-11,436.36217353859496,443.40732629253154,433.98141557355433,441.1237487792969,7789754.0
2021-11-12,447.48868097754735,457.20613333319443,445.9824877245465,455.31121826171875,17010073.0
2021-11-15,460.2185804462003,460.2185804462003,442.2898677821234,443.0186767578125,8882843.0
2021-11-16,444.087594899154,446.90565029239684,430.5317363218359,433.00970458984375,8937525.0
2021-11-17,429.5114101416615,436.5079879608451,427.0820469621272,432.8153381347656,7474301.0
2021-11-18,435.4390670320658,441.1723582679212,423.9724549050424,427.85943603515625,9688141.0
2021-11-22,430.09446276130234,435.05036957314707,420.6685217729838,429.65716552734375,10007050.0
2021-11-23,426.83908388903745,440.58927269224944,424.70123256292726,437.4797058105469,9020906.0
2021-11-24,441.0751794576532,443.9904153161377,431.649267975074,439.3260498046875,7761523.0
2021-11-25,438.74294856540416,445.8366765139724,431.11474297489946,434.4186706542969,8633424.0
2021-11-26,429.3170116918845,430.19160608430474,402.9827408522716,405.2177429199219,14826141.0
2021-11-29,402.30252039680477,421.2515521546253,395.5974843212535,408.27874755859375,19069247.0
2021-11-30,407.1126616662791,417.85043421837145,398.4155303012379,401.08782958984375,14850682.0
2021-12-01,407.64714320917795,414.06066796069473,404.34321520243066,412.8945617675781,8183556.0
2021-12-02,415.90695196917477,421.640242805912,409.104735465006,419.89111328125,7775405.0
2021-12-03,415.71260291117187,421.5430743666178,412.019982851514,412.651611328125,5938378.0
2021-12-06,412.9431434624513,420.27980801774663,406.3838632217119,409.4448547363281,8160853.0
2021-12-07,415.3239243605821,431.8435940259026,413.1861025500222,429.9972839355469,18303734.0
2021-12-08,433.3983769678984,445.49661706601023,427.6650859839145,444.5248718261719,13700443.0
2021-12-09,444.5248855974437,445.73956718487216,439.42322293024415,442.7757263183594,5586232.0
2021-12-10,442.5327836873553,447.9259876517813,440.6378982311881,442.24127197265625,5308752.0
2021-12-13,447.0028002250409,456.23437979490586,444.5248617815698,445.30224609375,9401208.0
2021-12-14,442.0468997901805,451.27847948759046,441.8525685371058,448.65478515625,8027659.0
2021-12-15,448.55761666605895,450.7440434948149,443.1644126952739,445.3994445800781,3651118.0
2021-12-16,450.8898012624861,450.8898012624861,435.87632511263416,437.771240234375,8879417.0
2021-12-17,436.7994628662118,444.0875517905646,432.18367321412165,437.43109130859375,14337902.0
2021-12-20,432.2322551034753,432.66955230762846,414.64369062611075,420.86285400390625,5952052.0
2021-12-21,425.6244083344329,436.99383932329897,424.99277986956497,432.8639221191406,5029410.0
2021-12-22,438.1113627839958,451.5214357052145,434.7102543244521,450.2581787109375,7765878.0
2021-12-23,451.9100967733121,455.2140542022383,446.3225618315773,448.26605224609375,6986665.0
2021-12-24,450.8898057388875,451.27849791622066,440.0548518984228,445.93389892578125,3122116.0
2021-12-27,443.99041772949676,445.64239658707595,438.3543069012493,440.0062561035156,6146709.0
2021-12-28,443.6988848571739,446.17682337012945,440.0062351324951,445.205078125,2889804.0
2021-12-29,444.0875519588221,444.71918040144334,437.7712082219898,441.4152526855469,3050356.0
2021-12-30,441.1723184760608,443.11580886582317,435.7305394536641,436.9452209472656,3843627.0
2021-12-31,442.6299245412673,463.86256241794206,442.6299245412673,462.1134033203125,18257598.0
2022-01-03,462.1134226202312,466.38912526724755,458.76091943988337,464.54278564453125,5549693.0
2022-01-04,465.46597399051143,467.8953371115475,458.66375725161043,462.6479187011719,5063834.0
2022-01-05,459.82985160102453,465.854654193259,458.66374547075424,461.9190979003906,4489031.0
2022-01-06,461.0931069257321,471.9766652526998,460.1213617056568,465.5631408691406,12132277.0
2022-01-07,467.5066394074664,481.2568285786514,466.48628911552635,479.5562744140625,9300149.0
2022-01-10,482.95736683757707,483.24887853692434,476.20372580136615,478.97320556640625,4746931.0
2022-01-11,478.0014811443498,483.15174874745674,471.9766784051773,472.6083068847656,5346073.0
2022-01-12,480.0421486384668,486.6986094646171,477.1269129179903,483.88055419921875,9296587.0
2022-01-13,488.01043749664876,494.61829280759315,485.04659692730775,493.1606750488281,9366574.0
2022-01-14,491.7030961223239,495.10420449471155,488.78786037456314,492.043212890625,5461072.0
2022-01-17,494.6183215845134,494.6183215845134,481.98563360691287,491.6545104980469,6721706.0
2022-01-18,494.42395309975836,497.87363674788315,479.84777488743873,481.9856262207031,6194537.0
2022-01-19,481.2082566866201,491.94602977059947,476.4466812668135,490.5369873046875,5799747.0
2022-01-20,489.6138414062741,493.64657819074654,484.0263063184851,489.1765441894531,4243563.0
2022-01-21,486.8443714975102,501.2261893722382,485.14381730565265,492.3833312988281,14173177.0
2022-01-24,484.85231780518734,486.3585111223624,462.06487919816846,464.8829345703125,11020372.0
2022-01-25,462.11345486187224,472.7540775128265,461.23889004316794,472.0252685546875,5498495.0
2022-01-27,468.96424334690477,478.92463172964904,464.9315066644655,475.32916259765625,6746500.0
2022-01-28,479.11896404986976,492.28612944189484,474.6489598069845,476.4952697753906,6616401.0
2022-01-31,484.8036911109073,485.62968049052773,474.3574298497304,475.23199462890625,4846015.0
2022-02-01,478.8760529923273,498.16523201896314,473.9201758830588,496.56182861328125,9809417.0
2022-02-02,500.4487874139442,503.752744880343,493.3064541285277,499.428466796875,7283452.0
2022-02-03,498.5053092785101,501.90641762641417,494.61832830947685,498.16522216796875,5078613.0
2022-02-04,498.50528390208433,513.567334390354,497.58211410680843,510.31201171875,12631663.0
2022-02-07,512.9356463392576,518.1830937981691,504.77302278281513,507.833984375,10939353.0
2022-02-08,511.13805137728247,518.0374196012793,499.52568264451304,511.9154357910156,9863290.0
2022-02-09,520.85549434032,529.0181787967701,517.0656638475479,526.9774780273438,9235351.0
2022-02-10,532.2248948887637,537.8610055783178,525.7141897341822,531.78759765625,10906403.0
2022-02-11,532.2734514677172,538.2010736657926,524.256553294082,527.3661499023438,9110193.0
2022-02-14,515.9967019938737,518.8633622004081,505.01599307910357,506.5221862792969,4995178.0
2022-02-15,511.57535529279465,521.1955987451928,499.1856019852801,518.7662353515625,8233217.0
2022-02-16,521.6813291125864,522.798859693053,511.3322794652537,514.3446655273438,4348474.0
2022-02-17,518.7176112703318,525.4712527330009,513.3730123058722,517.5029296875,5340469.0
2022-02-18,515.9966974631456,522.6045529131674,513.0814618842577,514.63623046875,3344269.0
2022-02-21,513.5673660039902,514.0532386302948,496.75618499597476,497.5335693359375,6308263.0
2022-02-22,487.7189537967315,504.57874046355266,487.37883701509173,501.61492919921875,10664925.0
2022-02-23,505.1131770735089,508.4657101011357,501.08046980862736,504.0442810058594,8928934.0
2022-02-24,490.82847596788906,512.4984103752519,490.82847596788906,503.0238952636719,24819208.0
2022-02-25,510.1662027583454,531.447445226226,508.31986325268747,518.8147583007812,13815949.0
2022-02-28,521.8271816278595,563.6608013655106,516.774094636378,557.538818359375,35212827.0
2022-03-02,558.9964419380804,596.8945057982892,558.9964419380804,583.144287109375,41248362.0
2022-03-03,596.554427844238,596.554427844238,580.034758728682,589.1691284179688,18676314.0
2022-03-04,590.6267568322968,600.5385703408235,564.1952739131002,567.3048706054688,20490598.0
2022-03-07,570.1715993692723,605.3973692493508,570.1715993692723,602.2391967773438,20963374.0
2022-03-08,600.5385706072612,600.5385706072612,570.7545546676192,573.2811279296875,19477245.0
2022-03-09,574.5929866927722,582.0268619965002,568.5681539427045,571.434814453125,15686460.0
2022-03-10,557.2959214268453,579.6460630010693,553.7004520071276,577.0223388671875,14824703.0
2022-03-11,578.1883985746099,585.9623602361172,569.199755403492,572.455078125,7635725.0
2022-03-14,569.3455397425162,576.7793549797311,561.9116651946807,574.1070556640625,7904911.0
2022-03-15,563.6122279233196,565.4585675666273,540.2417672310372,543.9343872070312,13005715.0
2022-03-16,552.6315128121817,559.1422175815774,547.3840649537144,556.5184936523438,10485661.0
2022-03-17,558.8021312464837,567.8879855235224,557.636025006947,560.502685546875,11581454.0
2022-03-21,567.4992317712631,583.9703257883928,566.090189282309,573.2811279296875,14159371.0
2022-03-22,582.8527481209474,585.8165590630056,570.6087825557873,576.6821899414062,7490300.0
2022-03-23,584.0189087100863,594.5137457898397,580.6178002566998,591.2584228515625,13581577.0
2022-03-24,592.9589467581878,608.5068703215065,592.764585851522,604.376953125,12139664.0
2022-03-25,603.5023705525759,613.1226721705623,599.2267270750664,605.1057739257812,11087146.0
2022-03-28,603.9396644441747,616.863864226632,599.5668108802186,612.3938598632812,7075442.0
2022-03-29,612.1995115833862,618.0299831222756,606.8549126727376,613.4627685546875,5245788.0
2022-03-30,604.4255393974412,604.4255393974412,581.9296133628211,582.852783203125,11195965.0
2022-03-31,583.0471022072542,583.3386138962342,552.0970422559998,553.4088745117188,23497993.0
2022-04-01,553.7975918610925,560.6969587909455,545.5863333754274,554.380615234375,15300787.0
2022-04-04,555.8382783410905,572.9896055840811,552.9716180154935,570.9003295898438,15845385.0
2022-04-05,574.2528678728163,574.2528678728163,565.6043114156876,570.2686767578125,7065571.0
2022-04-06,566.4788830188783,572.7952268948862,559.7738173339444,564.826904296875,9648592.0
2022-04-07,564.9726884485509,568.3737966813254,552.9230241281875,558.5105590820312,9357569.0
2022-04-08,563.0292275383409,568.0336800424785,561.9602721656437,565.3128051757812,7157576.0
2022-04-11,566.9162203278846,570.8517768515065,558.3162390096924,560.0653686523438,8297062.0
2022-04-12,554.4778036829291,554.6721645907622,523.3819563695228,527.0260009765625,16701775.0
2022-04-13,531.5446330813114,536.3062083633266,528.192100224433,531.3016967773438,7396320.0
2022-04-18,529.5525606494008,539.9502461917227,522.2158962231608,529.9412231445312,7550655.0
2022-04-19,536.4033331425985,540.4846747134158,522.4101789885443,525.519775390625,8143101.0
2022-04-20,529.5524988263572,533.4880545799886,521.4383917359038,529.60107421875,4725779.0
2022-04-21,529.6011413263535,531.8847188536959,516.4340055463272,524.9853515625,8575442.0
2022-04-22,514.0532261794333,514.8791858998962,498.79681422086827,499.6228332519531,23871439.0
2022-04-25,488.4477591998669,494.1324750205463,478.3416142160549,481.4997863769531,10749312.0
2022-04-26,483.929119316337,486.747174521856,475.9122212553736,479.5076904296875,11623406.0
2022-04-27,475.1834198235696,483.5404347740238,462.9880289887906,478.3901672363281,17623544.0
2022-04-28,487.81608793509486,487.81608793509486,466.43769364311856,474.7947082519531,25042778.0
2022-04-29,479.0704173602121,483.73478278678704,465.708919918624,469.0128479003906,12462169.0
2022-05-02,464.34848967865645,472.26820780858145,456.234410629895,470.7134094238281,14625673.0
2022-05-04,469.35293683684256,469.35293683684256,446.0310517766268,448.6061706542969,10366562.0
2022-05-05,456.72027142661545,462.45356251984464,447.1971797568661,448.5576171875,6328868.0
2022-05-06,437.28535225022006,441.4152694659166,426.59615475077027,431.2119445800781,8595262.0
2022-05-09,421.5916743712209,435.8763114727452,417.3645766856014,431.55206298828125,10773327.0
2022-05-10,422.70916012162013,429.8028881879739,408.42449388297246,411.0482177734375,9661841.0
2022-05-11,411.04822860819183,417.7532647040718,402.25394621758767,410.6109313964844,14197501.0
2022-05-12,404.24598949702056,410.0764604993814,383.45064885299524,394.3827819824219,23831422.0
2022-05-13,399.3872796284784,402.73981245098753,374.07332887668065,377.0371398925781,17007818.0
2022-05-16,384.6167801195462,389.4755066478644,374.1219426805041,379.9038391113281,13900633.0
2022-05-17,387.72632178905957,424.9441498380161,386.8031520179144,416.2956237792969,37772554.0
2022-05-18,422.2233083685412,426.0131088877374,411.534110688325,423.7781066894531,18052317.0
2022-05-19,410.17364930396127,413.9148742044278,402.1081464598514,405.2177429199219,10319381.0
2022-05-20,419.79394639645443,422.70918213531866,409.15332408747526,416.97589111328125,9703961.0
2022-05-23,406.18953310948604,408.81325726681604,388.066489297745,401.4765625,15828786.0
2022-05-24,402.69120450363533,403.76013015351526,388.69807957017116,389.4754638671875,12840838.0
2022-05-25,393.55683348045494,393.6054088817228,378.6891427444293,385.6371154785156,11103850.0
2022-05-26,395.01443196712705,398.9014128474924,381.5071793389196,396.3262939453125,13391224.0
2022-05-27,411.14545895357116,414.8866844406176,394.62578818689036,397.589599609375,20350558.0
2022-05-30,398.4155427215338,407.6471223699596,394.13986965753566,404.9748229980469,7161082.0
2022-05-31,403.1770863846324,416.3928273253196,400.3590311739362,410.6109313964844,39115757.0
2022-06-01,409.1047181372959,410.0764633110187,394.72290142832225,399.0471496582031,12551513.0
2022-06-02,396.47204938978615,402.6912128609168,394.91725110817583,398.318359375,7202046.0
2022-06-03,402.3025384022549,405.120593730532,393.84834276211177,395.25738525390625,12229014.0
2022-06-06,391.22467949963254,399.0958226783492,384.76257892490554,397.589599609375,8810058.0
2022-06-07,396.4234634197359,401.3307647831689,390.8359285589533,392.7794189453125,7636671.0
2022-06-08,390.64159475560524,395.50032105853563,389.76702995214015,392.0992126464844,6911005.0
2022-06-09,387.72636072899564,390.9331082413212,382.2845813140175,388.4551696777344,8798828.0
2022-06-10,378.9806559297533,380.729785556535,371.93550271054636,374.8507385253906,14541630.0
2022-06-13,367.1253545278501,367.1253545278501,350.31417306401806,356.0960693359375,12269608.0
2022-06-14,353.5695038065855,359.1570388149248,347.25315988411495,348.1763000488281,11273145.0
2022-06-15,349.8282888986014,352.6463441836667,345.9898833110616,347.39892578125,8393144.0
2022-06-16,350.2169738093886,353.47232625024685,322.9109270051115,326.60357666015625,16614475.0
2022-06-17,323.5911593039468,332.8713143227615,316.6431868895939,324.2713928222656,18606308.0
2022-06-20,321.64768732762076,325.14597626285075,300.22071578922,312.4161071777344,20646347.0
2022-06-21,318.34372541798155,333.7944677770357,316.4002350670235,329.66455078125,15208306.0
2022-06-22,324.5629059406714,324.5629059406714,306.5370438351327,307.5087890625,19176515.0
2022-06-23,308.0432591466013,318.3923406285081,302.3099678254086,308.6263122558594,18756690.0
2022-06-24,312.6104275602223,315.76859930725004,307.6545213492094,313.1934509277344,11621311.0
2022-06-27,322.13354309485135,328.44988707710337,317.1290611015139,320.6273498535156,15014176.0
2022-06-28,319.1697194538814,335.49502678049714,316.10869838174494,333.8430480957031,15742835.0
2022-06-29,329.8589321286432,335.8351593972837,325.58322936720856,334.4261169433594,12659696.0
2022-06-30,335.2521005222818,340.01364616385496,327.52671416986146,329.0815124511719,21225418.0
2022-07-01,325.5346372952453,333.21141833323543,320.91884766195454,331.5108642578125,11278576.0
2022-07-04,328.4499092270099,332.33689040129406,317.42059421391605,330.8792724609375,10905377.0
2022-07-05,332.0939174820598,346.8158511262816,332.0939174820598,335.4950256347656,20928565.0
2022-07-06,330.1990280626889,332.6283912169327,318.53808492231883,331.3165588378906,22317536.0
2022-07-07,338.02156891882953,354.2011203364706,331.65662015663446,351.431640625,18699515.0
2022-07-08,357.6022282996583,357.6022282996583,341.1797405941327,347.4474792480469,25506273.0
2022-07-11,342.05430894994345,353.03501780126936,337.9729672651213,346.1356506347656,13745531.0
2022-07-12,340.11083537670913,345.94130684030984,331.94818125873036,337.0984191894531,16896696.0
2022-07-13,336.223845433581,341.957136288814,334.2803549975487,339.0419006347656,13690887.0
2022-07-14,344.4836544322738,344.4836544322738,336.70969326031843,339.2362365722656,9511166.0
2022-07-15,334.86345759767715,341.9571868764864,334.86345759767715,340.64532470703125,10062417.0
2022-07-18,345.8441328526721,357.6994369124972,344.19218370027806,356.7276916503906,13863266.0
2022-07-19,354.20114740947696,360.8576083741605,353.035041234893,357.5536804199219,10868823.0
2022-07-20,364.40444742776106,365.57055352165384,357.0191780288298,358.9140930175781,10150339.0
2022-07-21,361.14911437207604,368.7773204763648,360.371730038203,365.32763671875,12521152.0
2022-07-22,368.048541960169,371.206714267418,366.1050513095543,370.4779052734375,9498042.0
2022-07-25,370.2349062758272,377.5715703779622,369.5546728011234,376.11395263671875,7734139.0
2022-07-26,376.45409583047893,378.3975862887213,370.2835076944973,371.1094970703125,5532712.0
2022-07-27,371.1095421488659,378.8349295209038,368.43724244417933,377.6688232421875,4744697.0
2022-07-28,382.8676034049343,384.082284887818,374.99646146478614,381.31280517578125,7586494.0
2022-07-29,385.29701247570097,405.0234302560895,384.0337554444633,403.3228759765625,15509534.0
2022-08-01,408.13300798524097,415.9069700421027,407.01550687062945,412.0199890136719,15535311.0
2022-08-02,407.1612696479705,408.61888755840477,396.0833794597326,406.5782165527344,15535733.0
2022-08-03,405.21777063806013,410.5623695313679,398.0268616944902,402.54547119140625,6883530.0
2022-08-04,414.93521097364896,420.7656823222248,406.57819610962804,409.78497314453125,20678616.0
2022-08-05,410.99962908119954,414.4493125521596,397.4923475738926,399.1929016113281,12217436.0
2022-08-08,403.17712469959895,410.6109704179085,402.30255984838254,409.49346923828125,7643955.0
2022-08-10,411.09679608315264,431.84356208898515,404.8290573197921,427.6650695800781,23766201.0
2022-08-11,437.8639138473634,437.8639138473634,423.6443690527682,425.1153564453125,14865139.0
2022-08-12,427.2237633674035,434.137422030639,424.6250249736972,427.8121643066406,9420634.0
2022-08-16,425.60567204311593,426.3411657160015,414.1810096430896,420.60430908203125,11154059.0
2022-08-17,422.6146947528945,433.84321402322183,418.34882527955216,430.4599609375,12297570.0
2022-08-18,428.5476523583425,432.4702853318742,425.26244125754675,429.57733154296875,6755688.0
2022-08-19,433.45092625686397,433.45092625686397,416.87780859132886,419.08428955078125,8116871.0
2022-08-22,413.8377910144583,417.1720231556519,408.29707776003585,410.4054870605469,7407485.0
2022-08-23,407.02222238867165,423.4482491939319,405.8454503649834,419.6236877441406,8605014.0
2022-08-24,421.6830488572293,423.79145811605247,416.9759012130048,420.5552978515625,6538727.0
2022-08-25,422.6147098289206,428.30251604473574,421.3888869438469,424.3798828125,6818164.0
2022-08-26,427.7631250705087,436.8342135532486,427.56698145671317,431.53863525390625,11051127.0
2022-08-29,409.96418917296484,424.62504268701093,409.96418917296484,421.87921142578125,7716457.0
2022-08-30,425.6056809132083,433.05868960590715,424.96825903555236,430.50897216796875,8824878.0
2022-09-01,415.79909475007986,423.2521033772895,412.66097640368173,413.78875732421875,14093149.0
2022-09-02,415.8971591933428,416.97588922626767,405.257011467004,406.8750915527344,10102220.0
2022-09-05,406.9731807847731,421.8791984133584,406.9731807847731,420.99658203125,14707728.0
2022-09-06,422.1243559333035,424.5269506908369,418.8391448083959,422.61468505859375,6180669.0
2022-09-07,416.04426873052023,425.1643786198036,414.5242603914114,424.4779357910156,7043379.0
2022-09-08,427.07665434594855,428.498620734329,411.04288648090767,412.4158020019531,12076714.0
2022-09-09,417.7604064941406,422.3204612837899,415.06359635832166,417.7604064941406,8000436.0
2022-09-12,423.64438707657166,424.5269735641846,420.3591757746581,422.8108215332031,5530132.0
2022-09-13,423.88951654606285,430.80314504164915,423.88951654606285,428.20440673828125,7628228.0
2022-09-14,417.76042582654304,439.23683609835996,415.89718108648873,433.4509582519531,12387075.0
2022-09-15,430.99929041596306,430.99929041596306,415.55392335327497,416.19134521484375,13039806.0
2022-09-16,415.79911576704546,416.0933012836901,397.951122883477,404.52154541015625,14826674.0
2022-09-19,406.580908326916,408.1989884216833,397.80400519353014,404.17828369140625,6080201.0
2022-09-20,407.9538319635362,419.2314018375282,407.75768834262783,413.2984313964844,8758050.0
2022-09-21,409.81709874031367,415.7010485569077,402.8544188052141,403.393798828125,6859320.0
2022-09-22,401.08922588805893,406.9731754120891,395.69560549103124,404.1292724609375,8704463.0
2022-09-23,402.7563506377322,404.7176671152916,386.82065425756275,388.68389892578125,9228856.0
2022-09-26,382.456728827776,382.456728827776,362.4513059207093,366.17779541015625,13092570.0
2022-09-27,368.0410329702096,372.6011178206049,358.03833667560053,366.3739318847656,14934966.0
2022-09-28,360.8822331947332,364.9029379739418,351.86016539393904,353.7724609375,10751444.0
2022-09-29,359.65641403094935,369.6100893063293,358.9209203417245,364.0203552246094,14020084.0
2022-09-30,368.72749782731717,387.70324073554224,367.8939323387872,382.9960632324219,17706821.0
2022-10-03,381.4760743637131,381.9173825646232,371.7675632895343,373.581787109375,8504297.0
2022-10-04,388.3406708213841,393.1458903082059,382.7509067704533,386.4283752441406,9017446.0
2022-10-06,394.22460553265614,405.9434832650624,391.6748881681264,404.6686096191406,11758976.0
2022-10-07,402.02086958092696,403.9821861200659,397.9511138203614,403.14862060546875,5241693.0
2022-10-10,395.69562243128115,401.2363358181519,392.2633183953221,399.6182556152344,6519737.0
2022-10-11,395.2052656058061,404.47249782480833,386.2812697518251,388.3896789550781,7054654.0
2022-10-12,390.35097261365706,393.63618346875484,384.17283811332743,392.45941162109375,6584436.0
2022-10-13,403.05052679018604,408.44414697837584,392.2632864138063,393.7832946777344,16565725.0
2022-10-14,403.295701485906,403.295701485906,388.7329206261192,389.4684143066406,6115990.0
2022-10-17,387.40905544392234,388.2426209972951,378.8282951860311,380.78961181640625,8966396.0
2022-10-18,383.92770079976293,390.694236667476,383.78060804928725,385.8399963378906,7081590.0
2022-10-19,386.37933233510694,390.40003695654406,381.966370417574,382.7508850097656,6208852.0
2022-10-20,375.59210972366304,389.0271397186469,372.7482067843254,387.55615234375,8222063.0
2022-10-21,389.51746872315806,390.35100429349,378.7792489188058,386.1341857910156,7988528.0
2022-10-24,387.3600029688192,391.1355431604338,386.7225811012954,387.89935302734375,793366.0
2022-10-25,386.77161134892,395.0091347387328,383.9277083833949,390.6942443847656,6156624.0
2022-10-27,400.10857153978276,405.4041201776404,397.50983312676436,404.4234619140625,9752346.0
2022-10-28,404.52154230461935,404.52154230461935,392.0181491788402,397.1175842285156,6569623.0
2022-10-31,397.16659423145916,400.8440626965653,395.2052777167359,397.80401611328125,4257977.0
2022-11-01,398.1472424561967,406.9731665500533,398.1472424561967,406.384765625,7483252.0
2022-11-02,406.728006626219,418.5939773619586,405.9925129433506,413.15130615234375,11554760.0
2022-11-03,406.9731713047163,407.85575773895033,401.0402008987902,402.4131164550781,7304472.0
2022-11-04,404.47252111485915,423.6443785917784,404.0312129162331,422.222412109375,13317485.0
2022-11-07,423.64437388392855,430.41090998133376,418.05460975758945,429.0379943847656,9887999.0
2022-11-09,421.78111951194944,424.62502245284503,407.5615748801567,409.0325622558594,13898567.0
2022-11-10,407.267341712508,412.2687045575554,404.7666752536411,407.07122802734375,5574432.0
2022-11-11,412.21969644343955,423.4482153152746,412.17064557513726,421.53594970703125,14060782.0
2022-11-14,426.58634568957535,449.7789076939019,425.6547083659939,446.7388610839844,30135088.0
2022-11-15,447.1801577095559,451.6421407333197,440.8549000868173,448.062744140625,11841577.0
2022-11-16,446.7388491470121,446.7388491470121,435.5593511993294,438.7464904785156,7137989.0
2022-11-17,434.87291347436263,435.80452085663256,428.0573266574588,431.9309387207031,6533823.0
2022-11-18,431.979943842369,435.31417578894724,426.04697361069213,430.11669921875,6128677.0
2022-11-21,431.2935012343147,435.8535861957316,420.11400278471706,422.222412109375,6372470.0
2022-11-22,424.37988404383105,427.9102599485498,420.70241537794,422.32049560546875,6108017.0
2022-11-23,426.09601272900244,430.8031603923669,423.2030588995021,424.96826171875,6031033.0
2022-11-24,427.12569044680276,431.0973743308505,424.2817874964113,429.8715515136719,4733568.0
2022-11-25,429.5283063439927,433.25479566098295,425.94890977658895,432.1270446777344,4800030.0
2022-11-28,426.58636198682564,428.0573494419526,420.7024121663177,422.8108215332031,5613201.0
2022-11-29,424.6250210532432,432.3722152209457,423.88952736781613,427.5179748535156,6518828.0
2022-11-30,430.26381817550254,443.208519377008,429.6754172250131,441.9826965332031,13921394.0
2022-12-01,446.19948868238413,457.4770581765543,445.26785140541847,454.43701171875,13243436.0
2022-12-02,454.3389793804409,461.301659310637,449.1415023503697,452.1815490722656,6621056.0
2022-12-05,457.13383663161085,474.49149960397875,457.13383663161085,471.89276123046875,14599958.0
2022-12-06,468.26433043784283,468.26433043784283,458.1635620872827,460.9093933105469,7409338.0
2022-12-07,460.9093745559242,462.96876285323276,454.1428386596087,455.3196105957031,5510513.0
2022-12-08,456.0551152701974,463.80233952428466,452.37764676755427,462.5274658203125,4902003.0
2022-12-09,464.83203925660933,466.79335587794526,452.96606771206376,453.897705078125,5405738.0
2022-12-12,450.1221522928514,457.918397620484,445.6601690722037,453.0151062011719,4809486.0
2022-12-13,455.31962635347554,456.9867573964489,448.4550184097521,449.23956298828125,4359377.0
2022-12-14,452.7208708347159,461.8410104296352,452.1324699048317,460.222900390625,6639699.0
2022-12-15,457.9673843218293,461.5467808048348,450.12211863751526,452.08343505859375,3986930.0
2022-12-16,449.14147220939384,453.7995988316528,443.79687285082355,447.9156494140625,6460140.0
2022-12-19,450.1221269521982,454.0447598668143,446.24851497808913,451.2498779296875,3690005.0
2022-12-20,449.14147617078197,450.3672989769249,435.6574253032094,448.2098388671875,7580480.0
2022-12-21,450.41633165934456,454.9273656890037,443.1594664432749,448.30792236328125,5557133.0
2022-12-22,450.5634620591761,454.0447870080741,438.550398040064,446.6898498535156,4435416.0
2022-12-23,444.1401053385163,444.1401053385163,419.3294641487074,421.2417297363281,7766201.0
2022-12-26,422.66372041200486,436.78519371640914,420.80047565783275,434.3825988769531,3939359.0
2022-12-27,439.28588401363675,463.2629607585407,438.1090821187208,461.8900451660156,13898138.0
2022-12-28,458.60484528432863,464.53784592046225,454.9764275522799,456.937744140625,7519133.0
2022-12-29,450.41632628594033,463.0668417660322,446.4446723088143,460.8113098144531,8427104.0
2022-12-30,464.78298100275674,472.9714532976725,462.6745418622168,464.194580078125,8024424.0
2023-01-02,466.744325077589,481.50322037056696,465.9597804892311,477.6296081542969,11255811.0
2023-01-03,477.09023985646627,479.0025354198282,469.24497383621605,470.6178894042969,5906501.0
2023-01-04,467.7739946855109,468.2153028778385,451.10280409923485,452.57379150390625,9899885.0
2023-01-05,454.2899411981265,458.4087178814803,449.7789071942903,456.69256591796875,7087634.0
2023-01-06,457.9674075031753,464.832015324422,452.1815297535875,453.7015380859375,6004013.0
2023-01-09,461.8900315036054,464.83200622655835,457.1828839178066,461.6448669433594,6047398.0
2023-01-10,468.75463214734737,471.2062777129716,464.14552651304825,468.3133239746094,7092319.0
2023-01-11,472.579217751052,483.9058388079949,471.69663128712136,481.4541931152344,11383752.0
2023-01-12,485.425844169383,486.01424511747564,472.87343027087866,476.2566833496094,7278634.0
2023-01-13,478.21797871051837,480.5225315308742,473.31468757244824,479.0515441894531,7445162.0
2023-01-16,481.45416355253906,483.1703154320947,471.94176687779105,473.7069396972656,3294109.0
2023-01-17,472.43209275842696,479.83605027442655,467.7249453204464,478.463134765625,7819426.0
2023-01-18,479.0515528013249,494.25175560259515,479.0515528013249,493.2220764160156,12045667.0
2023-01-19,483.61161177039696,493.2711015536805,481.5032025106504,489.2503967285156,7945795.0
2023-01-20,488.3677975060484,491.8491222442522,478.80637978379144,480.4735107421875,5664588.0
2023-01-23,484.445213785448,490.67240015054216,481.6993824393723,484.641357421875,5559031.0
2023-01-24,487.0929504998391,488.269722409033,474.1972709476494,475.2760009765625,3293586.0
2023-01-25,474.7366925938997,486.21037683399544,474.7366925938997,479.6399841308594,7341066.0
2023-01-27,483.95486625400616,485.22971006044594,458.89905890823576,469.7353210449219,4591590.0
2023-01-30,469.7353305166409,474.00120015084616,454.9764349212305,463.2139587402344,5804476.0
2023-01-31,465.7636617169508,467.13657732248555,456.496429006789,459.34033203125,5679604.0
2023-02-01,463.851348314658,471.30435693688923,445.8072426532082,458.80096435546875,6075062.0
2023-02-02,457.9674357634152,461.8900690461853,451.8873422041947,456.39837646484375,3356544.0
2023-02-03,458.70292075103055,459.8797226843328,441.4923795222124,450.75958251953125,5707642.0
2023-02-06,448.16082548563946,448.16082548563946,437.3735846096175,438.6974792480469,4398369.0
2023-02-07,431.4896201866876,433.35286483384914,417.27007588508087,421.2417297363281,16652967.0
2023-02-08,423.6443500322165,431.29347215909485,423.6443500322165,428.05731201171875,6121515.0
2023-02-09,428.5476715406466,439.0407271854515,423.39921553243516,435.9516296386719,11431814.0
2023-02-10,435.9516235782377,436.3439108295483,422.6637159412656,424.7721252441406,6648361.0
2023-02-13,426.09601549039974,431.29349231601935,418.29977032465507,419.42755126953125,6437475.0
2023-02-14,421.1927209678368,426.8315059400488,417.12299519074674,426.39019775390625,3951666.0
2023-02-15,427.07667950052866,428.7928314847443,422.27145993018786,425.5566711425781,3623450.0
2023-02-16,428.4496055981582,429.52833571441107,424.62504421082195,426.29217529296875,4282249.0
2023-02-17,426.34120521056917,429.528344754984,418.3488458769615,421.1927490234375,4014137.0
2023-02-20,421.58499106713964,427.125704396278,420.70240459540963,425.8508605957031,3749802.0
2023-02-21,429.28313609595097,429.82248614639093,421.6830348857999,423.1540222167969,3761409.0
2023-02-22,422.1733695964819,426.0960025311763,418.49590122020595,421.38885498046875,5276939.0
2023-02-23,422.0753305679307,430.0186688630652,421.7811450459065,428.0083312988281,5037774.0
2023-02-24,429.5283292785314,429.5283292785314,406.23769498546034,407.2183532714844,10814032.0
2023-02-27,406.9732015934356,406.9732015934356,393.7343143126853,403.8350830078125,8301373.0
2023-02-28,405.5021914632429,405.894448782702,390.3019883975107,391.4787902832031,12174759.0
2023-03-01,394.22459105853034,406.8750756816624,393.8813547077183,405.06085205078125,7935816.0
2023-03-02,406.97314646194434,408.7383192226614,400.10853917222477,402.8543701171875,4804013.0
2023-03-03,405.2080081474813,411.2390505078213,404.22734987987104,408.83642578125,5102333.0
2023-03-06,410.89578044601456,414.03389861605007,405.89441770571983,406.4828186035156,5071598.0
2023-03-08,402.02086345139713,402.02086345139713,388.43874063948084,399.8634033203125,7044653.0
2023-03-09,403.05054796163705,410.40548496823624,400.1085731589974,400.942138671875,6982179.0
2023-03-10,395.2052777167359,401.5795563895865,387.75226897532457,397.80401611328125,5239128.0
2023-03-13,401.0891998651385,406.92412806882055,390.79228886615573,394.4697570800781,5962595.0
2023-03-14,396.48010096608715,400.0595273621059,391.72393260582436,394.91107177734375,5841181.0
2023-03-15,400.0595448464693,404.76669247304943,397.1665910395761,398.2943420410156,5681268.0
2023-03-16,392.8517214784036,393.0968860537237,375.69020120599606,377.5044250488281,16739755.0
2023-03-17,381.7212143741712,390.3509947898678,379.0734251937138,389.0271301269531,9861244.0
2023-03-20,386.13420685467133,386.42839237468166,373.6308134898534,378.2889404296875,6331283.0
2023-03-21,380.20122393234055,383.04512693498197,377.50441368500015,381.0347595214844,6080002.0
2023-03-22,382.5547955163525,389.0761669991807,380.7405717389588,385.1535339355469,6511605.0
2023-03-23,379.5147317720597,392.9007105118905,378.5340735504265,391.08648681640625,10453779.0
2023-03-24,393.0478213163506,393.2439649406137,378.68118369488104,380.8876647949219,8833099.0
2023-03-27,382.4567357876681,388.929086532615,381.86833482406996,382.40771484375,7066058.0
2023-03-28,385.39870047466525,392.06716474604883,384.17287763600535,385.3006286621094,6424209.0
2023-03-29,387.2619392626123,393.14588879790847,382.35864798319886,391.3316650390625,6959623.0
2023-03-31,396.23495298185526,402.36406702950995,393.34202910775105,397.50982666015625,7468634.0
2023-04-03,398.6375892120832,399.0298465370379,391.82200222264777,394.76397705078125,5200766.0
2023-04-05,394.22460696036893,396.77432433413264,386.6735266471676,395.49945068359375,5607641.0
2023-04-06,393.24394573421114,398.6375659375482,391.03746474193684,397.4117431640625,4174551.0
2023-04-10,398.93176696981703,405.8454256379372,397.65692320666494,403.4918518066406,5327008.0
2023-04-11,404.91379149036663,409.9641755678741,403.1976395272213,409.4738464355469,4965642.0
2023-04-12,411.7783804080741,414.23002595697585,407.5615620348886,409.5718994140625,4701591.0
2023-04-13,409.96414699988355,414.5732524935042,407.3163878262124,413.88677978515625,6368113.0
2023-04-17,414.18101726123433,420.8494813804594,413.44552357482064,420.408203125,6920340.0
2023-04-18,421.6830556190037,424.62503042564794,419.6236672688897,423.20306396484375,4866068.0
2023-04-19,425.99793636650975,428.89089016510206,422.9578898163803,424.6740417480469,5982454.0
2023-04-20,423.54628712456474,427.2728063863901,419.77074692175154,421.53594970703125,3830118.0
2023-04-21,421.6830601250834,422.51662564800307,410.89581905211617,414.1810302734375,5139533.0
2023-04-24,410.895793382151,420.65335462313,410.2583715258515,419.52557373046875,2308450.0
2023-04-25,416.779760284346,423.3501825938723,416.779760284346,421.4869079589844,3648159.0
2023-04-26,417.3681627308753,418.74107831365376,413.9358588102716,416.5836181640625,5184973.0
2023-04-27,416.7797539665414,423.10501161531243,413.88680017396547,422.4675598144531,3271257.0
2023-04-28,425.11535214002674,428.54765602120347,422.5656346999754,427.6650695800781,4913550.0
2023-05-02,430.5089600882879,441.1981287382746,429.52830186485215,437.5206604003906,5178547.0
2023-05-03,432.4702734769741,435.3141763193645,425.85083051559184,433.7451171875,4826725.0
2023-05-04,436.39291063302295,437.8148770318539,431.97994861538564,436.88323974609375,3100187.0
2023-05-05,434.43162059619226,434.9219497390773,424.28180135300767,425.8508605957031,3034975.0
2023-05-08,429.7734611816807,438.25614872553126,427.7631238190695,436.4419250488281,4090222.0
2023-05-09,435.9516018118895,438.06004093680906,430.70510425168675,431.8328552246094,2941913.0
2023-05-10,432.47031463765506,434.2845384963149,425.2624700748975,428.0083312988281,3075599.0
2023-05-11,425.6056717083093,425.6056717083093,411.43514831760234,412.71002197265625,11081500.0
2023-05-12,410.8957969660815,410.8957969660815,395.9897799500856,396.9214172363281,11152831.0
2023-05-15,400.59888757598,404.86475686855545,396.5291619006342,402.75634765625,5148782.0
2023-05-16,405.6002546543283,409.6209594297872,403.05053724106307,404.4725036621094,4010692.0
2023-05-17,403.8350362651108,405.4040953763084,397.7059224927086,399.8143615722656,3727878.0
2023-05-18,403.0505661630103,405.4041401259441,397.804038209245,398.6376037597656,4078918.0
2023-05-19,400.10857430278116,400.5008316254581,392.65556546265844,398.88275146484375,5523299.0
2023-05-22,398.1472306552469,401.08920526599996,394.9110705543439,399.8143615722656,4237198.0
2023-05-23,401.28537455591305,405.7963786392098,399.0298425869495,402.36407470703125,3690618.0
2023-05-24,400.99113207421783,402.5601911799923,395.79365558411035,399.0298156738281,7866105.0
2023-05-25,396.6762558672262,397.90207866038816,390.10583372495205,396.43109130859375,8018242.0
2023-05-26,397.26466421588174,407.26736043858506,395.3033477101774,405.55120849609375,6401768.0
2023-05-29,408.93450879671565,416.7797751525279,407.4635213550008,411.7784118652344,8350721.0
2023-05-30,413.34744753447745,413.34744753447745,403.6389369586323,405.10992431640625,5596603.0
2023-05-31,402.56022846005175,402.75637208918033,396.5291859557967,398.0491943359375,22945527.0
2023-06-01,401.1382685057019,406.38479643359267,398.04920082412843,398.4905090332031,4269628.0
2023-06-02,404.0802300351003,413.73972002434783,404.0802300351003,412.6119689941406,11695310.0
2023-06-05,416.63265934228735,417.7604103330757,410.3074017219523,411.582275390625,8039709.0
2023-06-06,411.5822677704406,413.83776971025816,405.79636031842233,407.51251220703125,4383684.0
2023-06-07,409.91517427696056,415.50493862439123,405.8454482690043,414.42620849609375,6911473.0
2023-06-08,415.7500727762425,417.4662246960664,409.62095877687176,410.1603088378906,5571023.0
2023-06-09,413.69071121542856,413.69071121542856,406.4828667010089,407.022216796875,3518826.0
2023-06-12,409.86612320252243,412.85711886230933,405.9925111852638,408.73834228515625,2813911.0
2023-06-13,410.895815782165,415.7991071399474,408.8364274264333,413.2493896484375,4247391.0
2023-06-14,418.74106137562234,421.68303604570866,415.9461794535775,416.8287658691406,7213168.0
2023-06-15,416.6816859125797,417.4171796026798,412.61196014615547,414.8674621582031,4863359.0
2023-06-16,419.42757136958994,423.1050400339458,417.56429663779636,418.69207763671875,7931068.0
2023-06-19,416.04428693957203,423.64438882238096,414.8674849996944,417.90753173828125,3950931.0
2023-06-20,417.9075202061524,424.8701999824415,414.8674735514554,420.65338134765625,5090801.0
2023-06-21,420.65340262636425,421.3888963738676,410.0132537603518,412.8081359863281,5689533.0
2023-06-22,413.7397304307086,417.1720344777733,408.14999608187867,411.9255065917969,3566261.0
2023-06-23,407.95381349449207,408.88545076065725,399.569197808259,400.598876953125,5403772.0
2023-06-26,402.0698798798136,407.9538293414694,400.30470701224266,406.6789855957031,4460980.0
2023-06-27,407.9538309769599,411.1899912229186,405.9925144818784,409.66998291015625,3047635.0
2023-06-28,411.63129314275415,413.39646599054663,410.2583776025473,412.0726013183594,4613401.0
2023-06-30,411.7294058378597,414.47523719094545,406.6299705509093,412.8081359863281,4115005.0
2023-07-03,415.7990951769177,420.4572218327912,413.9358505000312,417.41717529296875,3693861.0
2023-07-04,419.67273986621575,420.6533981858683,414.96556197549364,417.5643005371094,2721964.0
2023-07-05,416.7797464210085,419.13332018004076,411.23903342463905,413.3474426269531,4783528.0
2023-07-06,410.84679330395886,419.7217386574484,409.0815904653654,418.1526794433594,5021705.0
2023-07-07,415.70103343874166,416.77976351801607,410.4054847818582,414.5242614746094,6769909.0
2023-07-10,414.8184172386617,427.7631174071055,414.8184172386617,419.5746154785156,6502214.0
2023-07-11,420.9475882596903,423.49730590380295,415.79913202587926,416.4365539550781,3055356.0
2023-07-12,417.27005121939214,419.8197684461482,414.0829121677752,416.63262939453125,2854995.0
2023-07-13,421.879179587176,430.99928909191556,421.879179587176,426.782470703125,11590791.0
2023-07-14,432.470277880311,439.82521457895575,431.0973623486935,438.3052062988281,10801568.0
2023-07-17,439.13877439599577,445.3659605811686,434.8238838651248,438.45233154296875,8441112.0
2023-07-18,438.3542334918096,440.3155499727573,433.6470859084609,435.902587890625,3963196.0
2023-07-19,435.41225619811854,435.8045135065279,430.0186359073761,430.7051086425781,5062700.0
2023-07-20,433.45095174345187,434.33353819366556,429.77348326146557,433.0096435546875,5156038.0
2023-07-21,432.9115950880257,432.9115950880257,425.26244280540885,426.09600830078125,4309067.0
2023-07-24,425.6056679306961,429.0869926444571,423.1540223780999,424.57598876953125,3399581.0
2023-07-25,427.71408423155884,441.7865359228896,426.58633324407765,440.8058776855469,8482756.0
2023-07-26,440.80588088003725,442.91429012014066,437.7658343367809,440.3155517578125,4218466.0
2023-07-27,442.2768711031185,450.710538045315,439.43296816131084,442.66912841796875,5615100.0
2023-07-28,441.7865536373979,443.89496294676366,434.82387388761623,442.7672119140625,3886408.0
2023-07-31,444.28722231389,454.28994875276715,444.23820137075774,453.65252685546875,4974267.0
2023-08-01,456.0060910875719,462.429390722288,453.1621881178651,455.1235046386719,6249656.0
2023-08-02,451.1027877690113,452.2795896210735,440.9529690587457,445.70916748046875,5986653.0
2023-08-03,441.2962188497519,449.6318140946916,436.392927529199,444.5323791503906,4026983.0
2023-08-04,455.02543549986325,456.9867520321902,445.12078102614885,448.16082763671875,7576934.0
2023-08-07,450.31826532951675,458.3106238145952,450.2692144622663,455.8589782714844,3770469.0
2023-08-08,455.85900015830015,458.21257400722413,443.2575354762232,445.954345703125,6448476.0
2023-08-09,445.954349389502,460.7132444187122,442.1788090551668,459.8306579589844,6171305.0
2023-08-10,458.94807149925657,461.8900463165595,454.044780137085,459.8306579589844,4285159.0
2023-08-11,457.96741531792986,460.90939014866603,451.1028073795455,453.50543212890625,4422888.0
2023-08-14,452.6664445540317,452.6664445540317,441.8087672234073,444.96734619140625,4566085.0
2023-08-16,441.21648745701526,442.2035489502077,433.31999551147584,439.4397888183594,5066857.0
2023-08-17,437.2682572806343,443.437391835948,434.8006034585088,441.8087463378906,3558210.0
2023-08-18,441.7100297496045,441.7100297496045,432.4809985224696,433.81353759765625,3990678.0
2023-08-21,437.26826139915426,445.0167004981543,434.2083646063528,443.58544921875,3775298.0
2023-08-22,443.9309199035391,448.52074996026425,442.54903979608906,444.5231628417969,3254685.0
2023-08-23,448.8168939763332,459.27972219490664,447.04016513192676,455.2821350097656,9182054.0
2023-08-24,457.9965590344332,459.8719699542096,447.97789033010054,450.5935974121094,5950400.0
2023-08-25,447.13885782877605,448.4220257248895,443.0918996693566,444.17767333984375,3304204.0
2023-08-28,444.7205546622821,446.99081422617724,439.7359060479783,440.5255432128906,4259997.0
2023-08-29,442.20355054515414,452.5676962610562,441.56196659681024,450.1493835449219,6062408.0
2023-08-30,454.2457061942053,459.13164245785424,449.85327054897033,450.84033203125,5510658.0
2023-08-31,456.269179619023,458.9835987514239,450.84034135422127,453.9002380371094,9294166.0
2023-09-01,456.9601101722122,472.30890366543684,456.12110191545065,467.1268310546875,11151562.0
2023-09-04,471.4205903554354,485.93037669901867,468.85422436593956,480.3534851074219,10359653.0
2023-09-05,479.7118957342252,483.41337641118685,472.0128279752358,479.81060791015625,4941534.0
2023-09-06,478.6261049215802,478.6261049215802,468.1139061996287,471.96343994140625,5138246.0
2023-09-07,469.397101512205,473.29600662946365,467.42297843971505,468.95294189453125,4055611.0
2023-09-08,466.8801115181475,472.6050564390463,461.6486973705237,469.9893493652344,5637990.0
2023-09-11,471.8154048150236,481.4885956261572,470.2854715137728,478.5767822265625,5960678.0
2023-09-12,483.6601374699519,484.54848679994325,469.24903347181214,471.5686340332031,6817270.0
2023-09-13,472.3089191030308,478.5273943900932,467.71908923660607,476.9481201171875,4162140.0
2023-09-14,479.7118851039429,502.31558724581805,479.7118851039429,490.9150390625,16108768.0
2023-09-15,501.22983907822476,501.4272634357551,488.5461223591836,490.1253967285156,8515363.0
2023-09-18,487.6083768956802,487.6083768956802,476.89875368628043,478.2312927246094,6238600.0
2023-09-20,475.7636508901269,480.10671553760756,469.1009856546324,472.11151123046875,5861905.0
2023-09-21,472.8024651305399,480.156085457757,470.2360991700041,473.3453369140625,5146457.0
2023-09-22,472.8024721500416,475.5662323807421,465.3995106863144,472.6544189453125,3684720.0
2023-09-25,472.60505730841936,472.60505730841936,461.20450847388634,463.27734375,5768069.0
2023-09-26,462.43832106200915,468.16326581582047,460.1680916202939,465.3995056152344,4666823.0
2023-09-27,460.2174235222894,469.59450775491507,460.2174235222894,468.80487060546875,5656858.0
2023-09-28,469.84129957488494,473.3947271928541,458.44075067840913,460.8096923828125,5869780.0
2023-09-29,471.8154032467631,488.101918212394,468.0645815461934,486.2758483886719,11604605.0
2023-10-03,476.8494110033199,478.2806320876624,470.433511329625,473.74017333984375,4657602.0
2023-10-04,467.8671452610307,471.7166790392661,463.9188993094608,467.27490234375,3302259.0
2023-10-05,467.2749233838941,476.15847717492903,462.29027469468207,464.4617919921875,4801287.0
2023-10-06,468.8542322023469,470.28548348658205,463.2773405175382,466.48529052734375,3134022.0
2023-10-09,466.3372337450759,467.3736363065908,458.5887946793335,463.72149658203125,2681298.0
2023-10-10,466.88007705934604,478.527390399897,460.9577082171556,474.43109130859375,7863825.0
2023-10-11,479.3663956540163,479.6625321678937,473.8882165586279,477.6390380859375,7006735.0
2023-10-12,476.8494309376627,487.60839558493046,476.30652902278797,478.1325988769531,6895255.0
2023-10-13,472.8024704379222,481.1924933997642,471.3218781505383,474.38177490234375,4652247.0
2023-10-16,473.5427697644408,480.2054351024501,469.15033389992146,477.1455383300781,5043158.0
2023-10-17,480.2054281908826,482.1302101988063,474.4804834393421,478.083251953125,4495043.0
2023-10-18,481.48861974538755,488.3980507059479,477.2936080907616,478.7742004394531,7437952.0
2023-10-19,472.2595811074526,476.0104027137531,464.9059609708195,473.74017333984375,6035837.0
2023-10-20,468.8542206829417,473.6414750660392,463.91891309680545,465.6462707519531,2777724.0
2023-10-23,464.70855918703325,467.81782712419954,449.1129989643936,450.791015625,2994345.0
2023-10-25,459.9706713642032,466.88010204993157,453.45605926454243,455.2327880859375,7854105.0
2023-10-26,450.7910093333505,452.5183669975665,442.94385818110686,450.74163818359375,6625855.0
2023-10-27,452.07417775313684,458.39136547885363,448.57012139387916,450.24810791015625,6193726.0
2023-10-30,452.8144734051984,455.77565797242585,448.1259311737549,450.74163818359375,7523779.0
2023-10-31,458.9836175397639,458.9836175397639,447.38564440838275,453.5547790527344,5236060.0
2023-11-01,452.5677084590609,459.9706698842364,450.10005465066905,456.71337890625,4931538.0
2023-11-02,457.2562397247729,469.6438494966125,457.2562397247729,468.0645751953125,3933951.0
2023-11-03,472.7531163584525,475.2207701026291,468.1139152703098,469.0516357421875,3274345.0
2023-11-06,473.789542884114,478.52742626386396,472.0621851756823,475.7143249511719,4294682.0
2023-11-07,475.76364486267374,485.1407291493862,474.0856282570135,478.2806396484375,5425669.0
2023-11-08,485.09138475048627,485.09138475048627,471.96344876673027,481.7353515625,8220612.0
2023-11-09,482.4756699300984,482.4756699300984,476.8987782394589,478.1819763183594,3271496.0
2023-11-10,475.81298900383865,481.9327824169542,473.34533522802224,475.07269287109375,3498064.0
2023-11-13,475.7636361929086,485.979728596285,474.8752868801642,481.1924743652344,4918873.0
2023-11-15,490.56958989120614,506.85610545097455,487.80582960288206,498.86090087890625,11674265.0
2023-11-16,497.4790095578176,500.884383874715,490.7176320740042,497.7751159667969,4171759.0
2023-11-17,496.5412895368054,499.8973228296837,490.42152613776,491.30987548828125,3595049.0
2023-11-20,493.67882355419897,499.4037985638682,490.1253959831504,490.8656921386719,4305637.0
2023-11-21,496.2945274871129,504.33910309130135,495.406178130627,500.2921447753906,7154476.0
2023-11-22,498.36735691263834,500.2921389314807,492.4943589247253,493.77752685546875,4337970.0
2023-11-23,492.5436923915749,496.49193842276986,485.28878428470875,495.4555358886719,6628259.0
2023-11-24,498.3179841297748,506.11576363960893,496.0477246980293,501.22979736328125,5973059.0
2023-11-28,505.1287313008799,511.5446311610767,503.2039492937301,508.92889404296875,7804926.0
2023-11-29,512.2849076086168,516.57860094415,507.2509181638226,510.7549743652344,6275280.0
2023-11-30,512.581009705299,513.0251994162215,504.73388908656506,508.978271484375,7599701.0
2023-12-01,513.321310346811,518.0098523742708,508.632768319351,510.5082092285156,4933886.0
2023-12-04,517.269560335725,519.835956349804,509.8665991814724,512.5316772460938,5985489.0
2023-12-05,511.64328466009755,521.9580889856882,508.7808425679563,513.91357421875,6399021.0
2023-12-06,514.2590921376449,520.1321206900361,508.92893541461825,516.2332153320312,4831956.0
2023-12-07,514.2590746996764,515.6409849870713,508.4353873755281,509.37310791015625,4628885.0
2023-12-08,512.778453456923,518.2566327777764,507.34961516238394,513.617431640625,3733998.0
2023-12-11,513.5681257548254,517.0228412695548,510.4095166636955,515.6409912109375,2597347.0
2023-12-12,518.2072975804297,531.5326280896408,515.394196348889,520.6256103515625,9498031.0
2023-12-13,522.1061848301929,528.3246601400607,516.5292633386607,525.9556884765625,4000017.0
2023-12-14,533.0132533167007,538.8862817680781,530.2988339711063,536.0731201171875,7190654.0
2023-12-15,548.8062121467026,551.8167377721574,541.1071442412175,550.0400390625,8191005.0
2023-12-18,549.7932531154976,560.0587167691565,544.364414889043,559.0716552734375,5076184.0
2023-12-19,560.6016139343141,560.6016139343141,548.5101100640896,557.5416870117188,4484733.0
2023-12-20,562.1315142251881,563.5134243987249,539.1823347594539,541.1071166992188,6959868.0
2023-12-21,536.9614747191011,554.3831348996216,534.6419042114194,549.052978515625,4591119.0
2023-12-22,552.1622567918619,564.5992082602514,551.7674080725185,563.0692749023438,7865384.0
2023-12-26,567.5110299399657,573.3346567295683,563.1185941503508,572.3475952148438,4649730.0
2023-12-27,574.469777618762,599.7879285140581,572.7917610645998,597.764404296875,12430827.0
2023-12-28,600.1334526812597,608.5234762795997,597.3696922508983,606.3519287109375,7139743.0
2023-12-29,606.3518426017622,610.0039820514842,600.2320495029647,606.8947143554688,3995822.0
