Date,Open,High,Low,Close,Volume
2013-01-01,204.10300029169127,204.30466596324553,202.16947179298984,202.45884704589844,2959992.0
2013-01-02,203.1033650099694,204.1380898501377,201.98972936846744,202.4895477294922,4349944.0
2013-01-03,202.99812912579296,205.96638247134118,202.64737641888013,205.0061798095703,10599288.0
2013-01-04,205.92693199380298,206.50129390645645,204.48885427489492,206.0277862548828,8454008.0
2013-01-07,206.16367685784329,208.68907917188415,204.8001214545999,208.24188232421875,8761624.0
2013-01-08,207.38252828552456,207.6412041131534,203.74346912110624,205.54107666015625,12867424.0
2013-01-09,205.20788056242307,207.10195386917653,203.72595884033421,204.40115356445312,6149968.0
2013-01-10,204.40111212212898,205.42267067861835,202.48950584808975,203.6382293701172,10901016.0
2013-01-11,221.06185994780517,238.68718079251317,221.06185994780517,237.81907653808594,92852568.0
2013-01-14,242.00176928831513,248.76690173895628,241.33971945053963,246.0968017578125,50924760.0
2013-01-15,246.05296741381233,246.35548727242696,243.2907904809773,244.3912811279297,20377880.0
2013-01-16,243.86078633669962,244.54475830386653,241.62473813404378,242.672607421875,11660824.0
2013-01-17,244.82539706500722,246.11002033086402,243.70298408621167,245.34713745117188,11767072.0
2013-01-18,245.96532944097441,246.40377031341822,243.5495159521599,244.47901916503906,7290592.0
2013-01-21,242.2868368055426,246.45641416278292,242.2868368055426,245.2024688720703,5899560.0
2013-01-22,244.96569733139145,245.40850549412693,243.5100650447431,244.0844268798828,5110280.0
2013-01-23,243.86081758072365,245.3515165734861,243.86081758072365,244.6149444580078,7458712.0
2013-01-24,246.40375850450383,247.98214556965723,244.71576122649256,245.36903381347656,11211296.0
2013-01-25,246.40375150297436,247.9821385232781,244.75082097674752,246.81149291992188,8442536.0
2013-01-28,246.5792335878584,247.94717815541668,245.61466332844645,246.46084594726562,6723008.0
2013-01-29,246.0529956333805,247.71907079982176,244.52284140690293,245.43917846679688,6197184.0
2013-01-30,245.94341258207646,246.048634112032,243.82136299636275,244.70700073242188,6805528.0
2013-01-31,244.82539109761493,246.1494911385546,242.89625119641596,244.60617065429688,17480440.0
2013-02-01,244.746513598714,245.69352891609088,241.31789683546273,242.97958374023438,7899648.0
2013-02-04,243.86081927829613,244.65001286819353,240.70404491870656,242.68580627441406,7500016.0
2013-02-05,242.30430657424776,243.97915898286013,240.7522304337975,241.6597900390625,6166112.0
2013-02-06,243.35664291684157,244.47905600106247,241.65550063874423,243.4224090576172,9097344.0
2013-02-07,244.29926203365156,245.4392083389055,243.77752166020386,244.60617065429688,10704472.0
2013-02-08,244.04935156175418,246.99129430600735,243.0935589553845,244.60179138183594,5482696.0
2013-02-11,245.63651518551296,246.83783897456107,244.20280487360787,244.8297882080078,7394792.0
2013-02-12,242.8962448199035,243.2557749008053,240.41905387544057,241.60284423828125,4442392.0
2013-02-13,241.7562201792981,245.27689070203766,240.70396242008462,244.6104736328125,6322888.0
2013-02-14,245.0358413142815,247.9821727217997,245.03147403188476,246.64492797851562,6894000.0
2013-02-15,244.6499765454812,246.2722075727541,243.4486529853115,244.5272216796875,5194256.0
2013-02-18,244.03619327447532,244.36063524331678,242.2824297583095,243.7819061279297,2754784.0
2013-02-19,243.7819240849889,247.71911490549758,242.6375890247494,247.32012939453125,4643344.0
2013-02-20,247.74101757402084,248.36361218272248,246.27224063592163,247.232421875,5545224.0
2013-02-21,245.6671379041765,247.27181397680533,244.92615588504756,246.21080017089844,5558744.0
2013-02-22,245.41286800099707,250.34971607065918,245.2725797791437,249.08262634277344,8703536.0
2013-02-25,251.66506823645844,256.2248534449239,251.4546251747509,255.8565673828125,10457648.0
2013-02-26,255.69874302801512,260.3812834625541,255.69874302801512,259.53948974609375,12173544.0
2013-02-27,258.5047585632917,258.5047585632917,254.4798796035055,255.22084045410156,7029760.0
2013-02-28,255.63737739539678,257.4393739308412,253.01548774322313,254.90956115722656,11808104.0
2013-03-01,255.5233469523269,259.67975796539776,253.59420706456055,255.5058135986328,8414632.0
2013-03-04,256.575654911053,258.02251010791986,251.85363711434195,254.59828186035156,10108320.0
2013-03-05,256.4484692489579,257.75062586760737,255.45758854046315,256.1634826660156,7171944.0
2013-03-06,258.4169915018088,261.02132541072854,256.5974622945938,260.4425964355469,12205480.0
2013-03-07,261.4203784289269,263.9238801710863,261.3107682073634,263.44598388671875,13715360.0
2013-03-08,262.01233710533097,262.1000253038268,259.3159250015864,260.45587158203125,6162896.0
2013-03-11,261.4685351994693,262.18757376225284,256.92628465665575,258.307373046875,4866160.0
2013-03-12,257.80318989573595,258.21531996528137,255.34792142053848,255.88282775878906,5714056.0
2013-03-13,253.4188235498744,253.4188235498744,249.9200739610481,251.0906982421875,10730136.0
2013-03-14,251.31429915775269,253.32234971891825,249.28869383571637,252.0245819091797,8332320.0
2013-03-15,252.22188980093966,255.31726524050808,251.49407366945567,252.38848876953125,7260792.0
2013-03-18,251.33630426699054,253.4188990254174,249.9990592115796,250.85401916503906,6446824.0
2013-03-19,252.10346828321784,253.0855714258378,249.13084812484504,250.43739318847656,11976144.0
2013-03-20,251.2090167357041,252.0771208585626,247.9426331438605,251.28353881835938,8994640.0
2013-03-21,252.80501387716944,253.81342791101872,250.9635621631838,251.9105987548828,9940080.0
2013-03-22,249.9069790169034,252.1474167880108,248.15760372459414,251.06884765625,7370288.0
2013-03-25,249.49046140755235,251.22669204258605,248.38997022009588,250.1525115966797,5036856.0
2013-03-26,249.4729067350414,251.63441210883056,248.50833662112734,250.31033325195312,3415584.0
2013-03-28,251.22667660622784,254.02831013175714,250.0165752435425,253.3618927001953,12348048.0
2013-04-01,255.23831357976067,258.9913711367553,255.23831357976067,258.1714782714844,7422040.0
2013-04-02,256.92632823129964,262.1613074975719,255.59786107012474,260.3505554199219,9720888.0
2013-04-03,258.5836957487972,263.02511543135,258.50478494084643,260.2980041503906,8355472.0
2013-04-04,258.2416370043788,258.60553431326105,251.8447898702482,252.54629516601562,7499960.0
2013-04-05,252.4542536477335,254.20801713260835,249.911296594665,251.30116271972656,4372960.0
2013-04-08,249.91132239581455,251.98513936748418,247.91641622581287,248.32415771484375,3716360.0
2013-04-09,248.46882810669453,248.94233567992305,241.69052801883907,242.57618713378906,10840656.0
2013-04-10,245.78998397367806,247.96465525587973,243.44432501138914,246.89923095703125,6551616.0
2013-04-11,251.35811413051258,257.4173746339521,248.58715967273653,255.7600555419922,17018672.0
2013-04-12,230.18586497512143,230.18586497512143,198.93817295508117,201.38905334472656,98027744.0
2013-04-15,200.80593092199786,206.68103894460654,193.26474748999271,205.10704040527344,66559976.0
2013-04-16,203.34891020515786,203.96272752789875,200.5428881583424,201.35400390625,14301736.0
2013-04-17,201.6828181706424,202.73068766166213,197.29840907997627,200.26666259765625,15149144.0
2013-04-18,200.49025123904244,203.69964727118582,200.0430543547258,201.30575561523438,13224368.0
2013-04-22,200.94627521754532,201.0690301266294,194.9790892960709,196.82054138183594,15401288.0
2013-04-23,197.2984088851755,199.10479399204544,196.80734650420675,198.37258911132812,7869960.0
2013-04-25,197.1230308990177,197.2984072610275,194.943971037747,195.34295654296875,13762344.0
2013-04-26,194.6765150410539,196.22859137048388,193.13319468368888,193.9662322998047,11129584.0
2013-04-29,193.44007696458291,197.19313441671366,191.6863138008061,195.48321533203125,8965680.0
2013-04-30,195.89537840350627,196.62758321106102,194.86065368087182,196.02252197265625,8840720.0
2013-05-02,196.07075444654217,200.93305934828342,196.07075444654217,200.51654052734375,9376184.0
2013-05-03,201.39776452603428,203.7872666848824,199.7711450133171,202.37986755371094,9117192.0
2013-05-06,202.99813416648362,205.62877953365188,202.99813416648362,205.28680419921875,6000104.0
2013-05-07,206.06718135195155,206.50562216333867,203.85305525444653,205.9619598388672,6983104.0
2013-05-08,207.3825558093974,208.6978785735162,205.0193635248469,206.1242218017578,7278352.0
2013-05-09,206.23381108887,207.72451007015613,206.06721211896578,207.0668487548828,4561424.0
2013-05-10,207.1282449558984,209.13629558289287,206.68980408465544,207.95689392089844,4534040.0
2013-05-13,206.50569355771816,207.1326555714617,204.33979948230845,205.15530395507812,5014960.0
2013-05-14,204.95357003796764,207.89112381918383,204.95357003796764,206.07159423828125,4484448.0
2013-05-15,206.3302936056244,208.05774652075803,205.8392312198895,206.9835662841797,8893176.0
2013-05-16,206.37413253663522,206.9265723547116,202.84468327612979,204.5414581298828,6991752.0
2013-05-17,204.91852492572423,207.7333244193154,204.75192592617202,206.220703125,6431752.0
2013-05-20,205.71642107996598,208.96088296400637,205.54104476190975,208.00070190429688,8758288.0
2013-05-21,207.83852662465222,211.94672655279828,207.55354003050596,210.24119567871094,5660128.0
2013-05-22,210.45167089398169,213.34538136877393,208.54445262650498,209.16265869140625,6245672.0
2013-05-23,208.34715557070152,212.13967008182647,206.6065363011391,206.93099975585938,5100584.0
2013-05-24,207.08435571611895,209.13624998284288,204.6641540712601,205.8830108642578,3688648.0
2013-05-27,205.29556160303397,209.22399632703505,204.33976900959985,208.0577392578125,3325168.0
2013-05-28,207.82093595925693,208.69781754558292,206.38722600231722,207.4877166748047,4234952.0
2013-05-29,207.8209385829174,209.66238993744957,204.5764766725512,206.27761840820312,5166528.0
2013-05-30,206.99614424999785,208.34003598812524,205.48813719953716,207.70135498046875,6338632.0
2013-05-31,207.75023259261718,215.99104229361868,207.75023259261718,213.9330596923828,18498304.0
2013-06-03,223.98339998459858,232.85402968695894,219.56138241524764,223.01651000976562,33215248.0
2013-06-04,220.8787105287715,223.4911070106908,218.53687262203536,221.40206909179688,11714560.0
2013-06-05,219.9916583013268,220.89645837104186,217.7740004555473,218.3284149169922,5078784.0
2013-06-06,217.3304967113639,217.7429724607625,214.3056023597154,215.5253143310547,7509232.0
2013-06-07,215.11284385033147,219.36186826819423,214.66931221352667,217.04664611816406,6618168.0
2013-06-10,218.2175146194754,221.588354276199,217.9691326291963,220.5904083251953,4289040.0
2013-06-11,220.8787557886625,223.05206081549875,218.73650663922265,219.59251403808594,5957704.0
2013-06-12,218.41717345808314,222.33354948747586,214.03508916971793,214.78909301757812,5927288.0
2013-06-13,215.02409374368463,215.11280005298482,210.67748458797485,211.1121368408203,4154328.0
2013-06-14,212.15889380112594,213.69351741487904,210.86821255885104,212.4471893310547,5584064.0
2013-06-17,213.91078367553015,215.20146455647856,212.43827222129048,214.89987182617188,2720504.0
2013-06-18,215.55627492186713,218.21746350114944,215.0861272748323,217.0243682861328,4284904.0
2013-06-19,216.97563746547928,217.21514017465478,213.54270754912585,216.2970428466797,5836832.0
2013-06-20,215.37892205802368,217.15304826937478,207.8167090821396,210.1541290283203,6802928.0
2013-06-21,210.28718010622094,215.73373869509044,210.28718010622094,214.55838012695312,6161368.0
2013-06-24,213.11691227736938,213.18344201065057,208.6283642759403,211.156494140625,7336552.0
2013-06-25,211.12101215879807,211.72865902878718,208.0162913917569,210.57989501953125,5790640.0
2013-06-26,212.15004223791448,214.19028758505837,210.38033383961275,212.84193420410156,5567232.0
2013-06-27,214.75799647063994,221.76135596470303,214.01287206011008,220.24005126953125,10670944.0
2013-06-28,219.21098483455324,222.4532041440692,215.02405217634282,221.66372680664062,11707392.0
2013-07-01,219.01588783591,219.41506624630352,216.5409903541961,217.41917419433594,4209080.0
2013-07-02,217.16198790381776,218.53249645153338,212.8952045172237,213.24559020996094,5110832.0
2013-07-03,212.9838699274188,217.4990128595719,212.23874551751283,213.29434204101562,5349856.0
2013-07-04,215.8224941235114,219.5614571530595,214.66931186966607,218.92721557617188,5210784.0
2013-07-05,218.8384645987638,220.30655834606068,216.3280717193082,217.88043212890625,4337360.0
2013-07-08,220.4352162108333,221.23357313071156,218.2619112622758,218.9405059814453,5415168.0
2013-07-09,220.08035019379676,223.0076583584059,220.08035019379676,221.60609436035156,8611368.0
2013-07-10,222.2093411197096,223.53993597671385,221.1448652341062,221.86781311035156,6865416.0
2013-07-11,224.87052803163192,227.39421858093908,222.63069338358508,224.2806396484375,15704960.0
2013-07-12,246.70557438229565,257.74509328441786,243.94238116383914,248.75025939941406,52873040.0
2013-07-15,247.0515827923959,247.49067481958275,242.0174982776965,243.29486083984375,12874240.0
2013-07-16,239.68881350054698,245.76963346024527,237.82598157939344,242.06170654296875,6301536.0
2013-07-17,242.31456760279508,244.68304325427133,242.31456760279508,244.0177459716797,6575048.0
2013-07-18,244.297163597188,249.93001395609193,242.95327174121394,248.44418334960938,13078696.0
2013-07-19,248.64377058566058,254.14356144413756,248.64377058566058,252.58676147460938,16402840.0
2013-07-22,250.3469638958997,256.79590882047944,250.3292269638352,255.18589782714844,6751136.0
2013-07-23,256.3612589973724,258.7696268681334,256.3612589973724,257.4212951660156,6168480.0
2013-07-24,255.47406977523048,259.64326466392345,255.47406977523048,258.0110778808594,4875280.0
2013-07-25,258.0467061093944,261.2711897693979,257.33705549101177,258.6055603027344,7177688.0
2013-07-26,259.90955303570126,261.9497986738655,257.4790081990508,258.42816162109375,6899640.0
2013-07-29,258.1353997644008,261.15141474446597,258.1353997644008,259.12890625,4362952.0
2013-07-30,259.99819794818455,263.7238630160193,259.99819794818455,262.1892395019531,6336208.0
2013-07-31,263.3690463359544,265.3738176956129,259.7498243924301,263.42669677734375,11807328.0
2013-08-01,265.0545079162579,265.688749498377,262.28243516780304,263.8702697753906,8690632.0
2013-08-02,264.788382284388,267.8931036847074,264.4424362767938,266.89959716796875,11962296.0
2013-08-05,266.0125131619426,268.33661438325413,265.8084842973293,266.9217529296875,8502784.0
2013-08-06,266.8286029650089,267.1834282349091,261.7767825161668,264.996826171875,10031832.0
2013-08-07,263.9012787609898,266.36731857119486,261.7945038465113,262.86785888671875,6503608.0
2013-08-08,260.7964993567792,264.16733846411165,260.7964993567792,262.9742431640625,5765368.0
2013-08-12,263.98991366289096,267.8929903433907,263.5463822219251,266.5978698730469,7594376.0
2013-08-13,266.83749330991907,274.45735763385966,266.82861401507756,273.5348205566406,10334312.0
2013-08-14,272.3283275947115,274.5371056932604,269.89334411093523,272.2972717285156,9211208.0
2013-08-16,267.89307223903614,269.66275889812636,263.2492879697824,264.202880859375,12087616.0
2013-08-19,265.24081481933695,268.5096301944874,261.76794889021585,266.5625305175781,5259328.0
2013-08-20,267.89303909514376,267.98174539947985,264.5665526825385,266.70880126953125,10362056.0
2013-08-21,265.65767532262964,265.65767532262964,259.20873058191273,262.4598083496094,7526584.0
2013-08-22,265.14325514425616,269.35236672342876,262.9255966034042,267.910888671875,10965816.0
2013-08-23,266.56250231370984,267.88865751964755,264.5488731001411,266.1810607910156,5498864.0
2013-08-26,267.8886008269954,270.5409323343812,266.87291796848285,268.8421936035156,5571544.0
2013-08-27,268.9575208660523,273.2154235710558,268.94864157269166,271.0909118652344,8525552.0
2013-08-28,270.7317098030736,277.6508033039385,270.7317098030736,276.43109130859375,14329696.0
2013-08-29,272.3283665942093,277.3801865226317,271.53000981917745,275.3976135253906,20086288.0
2013-08-30,274.279892909377,277.0209090496597,269.4453993247842,275.50848388671875,12678560.0
2013-09-02,272.9582322577769,277.437901521548,271.849403232091,273.73883056640625,5125040.0
2013-09-03,272.50576261856656,274.50165443462055,267.6091790278767,269.1083068847656,6267312.0
2013-09-04,271.41465508316617,278.5288958363042,271.0509722562247,276.1160888671875,8979400.0
2013-09-05,274.6967775267018,274.6967775267018,265.68423101008966,266.544677734375,9457072.0
2013-09-06,266.6423885286848,272.49700718354137,266.6423885286848,268.6959533691406,13465928.0
2013-09-10,268.95750404170263,282.7956869673311,268.95750404170263,280.2143249511719,21879136.0
2013-09-11,278.9813532427707,281.46069034960664,275.6770430970495,276.6838684082031,9145680.0
2013-09-12,275.4331406106139,276.6839084625873,270.3768800583418,271.9602966308594,6957440.0
2013-09-13,271.4635169189963,271.9602809758071,267.2987595088852,268.607177734375,9255384.0
2013-09-16,268.3366368726575,271.25950599086553,264.3537314872583,265.53350830078125,6332184.0
2013-09-17,267.6269542315095,268.7756966874511,265.3205900253381,268.12371826171875,8027280.0
2013-09-18,268.3367038392827,268.71370581988333,266.56257687175025,267.6403503417969,7439816.0
2013-09-19,266.03025590935147,269.2236834561126,265.43592789173425,267.80438232421875,15327808.0
2013-09-20,266.1190772777669,268.9576807687298,264.6554223527392,265.6888427734375,7991712.0
2013-09-23,266.5624814533491,270.01758815446783,266.21209583404976,267.83984375,8886376.0
2013-09-24,268.7802119054077,268.8689182459706,265.8440233700491,267.45849609375,11752256.0
2013-09-25,268.9398028866448,269.2236587556173,265.4669377540775,266.9749450683594,8080776.0
2013-09-26,269.13503678075756,269.3878585136328,266.2077275474797,267.2101135253906,10682440.0
2013-09-27,268.2479492951461,270.64302027099563,265.3206403246634,266.7044677734375,5701568.0
2013-09-30,267.91077578585094,270.99775950535957,265.90158665715325,267.2720947265625,8679184.0
2013-10-01,268.7801185721782,269.51638527454725,266.3850482086637,267.44952392578125,5310216.0
2013-10-03,269.22368826308264,270.2881641310092,267.8930934281745,269.4143981933594,14686712.0
2013-10-04,268.44743513426033,269.5784404371804,266.56242629606027,267.57366943359375,7352816.0
2013-10-07,267.44954301345877,269.64502433670356,266.68666003235256,268.05718994140625,9795344.0
2013-10-08,269.6938418000367,270.7317014618264,268.09712796441653,269.1482849121094,17982912.0
2013-10-09,268.51398572226634,277.77491531834687,267.0059785345298,275.8633117675781,17371792.0
2013-10-10,277.2161004340253,280.39620868085746,274.1690299965263,277.4378662109375,17434688.0
2013-10-11,295.83551168915045,296.1016305902201,280.02805329697253,290.4687805175781,41290600.0
2013-10-14,288.8277236108033,295.8843143712933,288.8277236108033,294.89080810546875,12231712.0
2013-10-15,294.8597603960801,298.67857119105616,293.86625410276275,297.5919189453125,9221320.0
2013-10-17,297.1813832924843,299.65327985337865,290.9168589689579,291.6753845214844,11513008.0
2013-10-18,293.2371836761992,296.6193080294811,291.00622518809666,295.7849426269531,10944776.0
2013-10-21,297.43136433764505,301.42031347142154,291.37209023248624,297.6499938964844,9383368.0
2013-10-22,297.8774297007816,300.2154686802196,296.7530184653644,298.265625,7208760.0
2013-10-23,296.271267120519,297.9489521470961,292.6124954482475,296.6996154785156,6561584.0
2013-10-24,294.69165972024257,301.17928015316573,293.59849048116814,295.2672424316406,6480560.0
2013-10-25,296.9851100272467,298.9483529420903,295.04864296403605,297.3019104003906,6011344.0
2013-10-28,296.0213315810322,297.6008453854282,293.8751457666452,296.5790710449219,3412448.0
2013-10-29,296.2266148726035,300.282492318535,295.08882624792335,297.6633605957031,5200392.0
2013-10-30,295.4681274052138,297.95342375149727,295.15132695838713,296.6192932128906,5591088.0
2013-10-31,294.87024298159247,296.98518722316675,294.1474037331047,295.3699645996094,9687544.0
2013-11-01,294.4864839733491,295.82505890050066,291.7557824072793,292.4072265625,6166704.0
2013-11-05,290.2030662210634,293.64320840215,288.5075378513831,291.43902587890625,5320232.0
2013-11-06,292.28222861130774,295.5751133949262,292.28222861130774,295.03521728515625,3704664.0
2013-11-07,296.41848212541095,303.40584753306626,295.70013101767046,299.6266174316406,7192712.0
2013-11-08,298.9483958165383,302.4465338818872,298.9483958165383,299.8452453613281,8616112.0
2013-11-11,298.94843368031127,303.23187392408886,298.0649828447136,300.0728454589844,7803200.0
2013-11-12,300.063856579633,301.17933560037517,296.9940670292305,297.77490234375,6452184.0
2013-11-13,295.9187444534722,299.7158394430675,295.9187444534722,297.3465576171875,4687512.0
2013-11-14,299.15353485149797,301.17923975115235,298.9527486916639,299.3275451660156,4343528.0
2013-11-18,302.60703173533983,304.7487506270084,302.3259398454848,303.77606201171875,6326536.0
2013-11-19,303.94572091066135,307.6937303875397,303.4147572587768,307.2430725097656,8975208.0
2013-11-20,304.2133922350765,307.27427055946276,302.96405592199613,303.6065673828125,4306608.0
2013-11-21,303.053395827472,303.4103491794478,295.65554632245454,298.4442443847656,8495496.0
2013-11-22,298.5914628818891,301.179374544643,297.6990795499049,298.7342529296875,2720936.0
2013-11-25,299.12683685357786,301.5184280926824,295.11111261180844,296.806640625,5707296.0
2013-11-26,296.2712083459255,298.859119503164,293.830531695023,295.9320983886719,7321096.0
2013-11-27,296.271239244391,297.68567541148786,293.21929288421353,293.8885803222656,6779624.0
2013-11-28,294.6114107156497,297.87754227250326,291.3631442539614,296.9673156738281,7499968.0
2013-11-29,297.69899514833696,300.37614438528243,295.37879914298424,299.3543701171875,5411560.0
2013-12-02,299.12684592640096,301.34887135956365,296.72634385485736,297.9399719238281,4711376.0
2013-12-03,296.27119056784244,299.7961038291165,296.27119056784244,298.8367919921875,7001240.0
2013-12-04,298.9483290222028,302.1609080803518,297.77038772488737,300.3181457519531,8443120.0
2013-12-05,301.6255583460972,303.3210866326581,298.23450177297536,299.0644226074219,6317072.0
2013-12-06,297.97122613660963,298.8591430912308,296.1105983913378,296.788818359375,6544848.0
2013-12-09,300.28698400816046,301.9869785721444,296.364963715528,297.9489440917969,8856632.0
2013-12-10,297.6098182827814,302.5045491962056,297.3019504143118,300.80902099609375,12345896.0
2013-12-11,300.28698130564493,301.777257063551,298.056023049288,301.1213684082031,6256960.0
2013-12-12,300.2334203402196,302.1342010733978,298.76992048383227,300.1843566894531,5520232.0
2013-12-13,298.50209611890335,301.6254364370384,298.50209611890335,301.0766296386719,8315624.0
2013-12-16,301.62546950528184,309.12148709062023,299.28743028243207,308.07293701171875,10117696.0
2013-12-17,307.4349726182321,310.9866406445506,307.4349726182321,308.43890380859375,10713952.0
2013-12-18,307.87216625952436,309.9915760997167,307.6490704868725,308.5369873046875,9183344.0
2013-12-19,308.9876703727592,316.34536519873626,308.31838300011066,313.4272766113281,7331456.0
2013-12-20,314.56506555261706,318.84850474312077,313.08370078455516,316.91650390625,8685456.0
2013-12-23,312.33415038505234,315.8947509847614,308.8137026759096,309.5186767578125,8845904.0
2013-12-24,311.08485781175096,312.59297706523284,309.30902353433464,311.12054443359375,7109912.0
2013-12-26,311.17401915539887,315.40390677222655,310.883994617901,314.1768798828125,6869928.0
2013-12-27,315.01130974762947,318.7593196653067,315.00684347372044,317.8044738769531,7382064.0
2013-12-30,318.37553409249864,319.02697815348034,310.10314659673963,312.5438232421875,11863432.0
2013-12-31,312.3341063828804,314.2705734851146,310.57164963971985,311.05352783203125,3590808.0
2014-01-01,311.62020472754244,312.2448729500776,308.94752147560666,309.4784851074219,1478688.0
2014-01-02,309.0545919947472,313.0480065596111,309.0545919947472,310.5984191894531,4404744.0
2014-01-03,310.1031838536494,319.0270164825314,308.2514885831564,318.14801025390625,10046344.0
2014-01-06,319.0358755188879,319.5177536551348,309.53199595897394,313.9314270019531,11098328.0
2014-01-07,314.0341811972105,314.645450747303,307.5777786562507,308.51031494140625,7713688.0
2014-01-08,308.85377824360336,310.1031145323669,305.2842459899934,305.9178466796875,8990392.0
2014-01-09,306.9798557102608,310.72786557649073,305.00323541215596,307.9436340332031,12590808.0
2014-01-10,311.44174552039334,319.02700293278116,307.69373597544876,316.9075927734375,30258176.0
2014-01-13,319.65166063920213,327.9508243576404,319.65166063920213,327.0584411621094,17119912.0
2014-01-14,325.2736292928488,329.7355446466602,324.8675906383127,328.99932861328125,7425832.0
2014-01-15,329.7623991133992,332.3547769093408,328.4862866606373,331.25714111328125,17130144.0
2014-01-16,330.0925129302675,333.5237216365044,329.61507925095583,332.41717529296875,17608232.0
2014-01-17,332.7697106612033,335.95104820157064,331.9665657440805,332.8366394042969,25667896.0
2014-01-20,331.25267431101884,335.53164779128997,330.5789205757023,334.5812683105469,9761944.0
2014-01-21,334.6437062798059,336.42847271329816,331.8193221134842,335.38885498046875,12102464.0
2014-01-22,333.85843965148007,337.1424145903249,333.7558242854888,336.0626220703125,6769760.0
2014-01-23,337.6866557827692,339.01629772249146,335.6118653321117,338.4362487792969,7907344.0
2014-01-24,335.98229343785533,338.8334535626771,335.0631343335272,335.3710021972656,6876584.0
2014-01-27,331.9665945600769,335.8841486145324,331.18129288227175,333.0552978515625,8099048.0
2014-01-28,330.80641012780666,330.958110895155,327.2235007505965,327.959716796875,14108544.0
2014-01-29,327.14762359857025,334.08143548607813,326.04552182567,331.7701721191406,8102080.0
2014-01-30,330.51198023769456,331.6720784637214,326.61226978908303,330.5610656738281,7183632.0
2014-01-31,330.18182789956484,333.7290515911885,328.98157669332437,330.2799987792969,5369928.0
2014-02-03,328.8432220105243,329.4678902748591,323.4710792945852,323.8592529296875,4384112.0
2014-02-04,319.5624244323393,320.5395796805661,316.4881686607504,317.7865905761719,4535112.0
2014-02-05,319.47310788885255,320.27625257348933,316.1489812774392,319.58465576171875,4326992.0
2014-02-06,318.75929818047166,319.7409197594149,315.992910094359,318.01861572265625,5749904.0
2014-02-07,320.09783789693853,321.42303559761433,316.69340487318226,318.2729187011719,7551456.0
2014-02-10,319.46426257119816,320.00862505409617,317.4653328583232,318.919921875,6049424.0
2014-02-11,319.8301703163017,323.2212268096107,318.8931678642032,320.92333984375,5833592.0
2014-02-12,321.30262387503467,323.70759263626996,320.6511796748146,321.2669372558594,4208712.0
2014-02-13,321.686219794382,322.8596946940512,319.47757192707536,319.9906921386719,3588320.0
2014-02-14,322.64561047220724,326.9692026952675,321.54797478485875,325.2112121582031,5962168.0
2014-02-17,328.8432318439363,328.8432318439363,325.61727506847865,326.4471740722656,13569920.0
2014-02-18,325.45215922888696,329.69991205634307,325.45215922888696,328.57550048828125,4978240.0
2014-02-19,329.79356983269383,335.71454074255337,329.74450618884424,334.94708251953125,7064304.0
2014-02-20,334.18852928014826,334.18852928014826,330.7171678306037,331.1856689453125,8816848.0
2014-02-21,333.3943473571697,335.1255619665614,332.6135120950243,334.7061462402344,5517984.0
2014-02-24,334.2867144077414,334.9738450479833,332.8589014257542,334.6347351074219,4357608.0
2014-02-25,335.08994061895,338.400691489946,335.08994061895,337.5796813964844,8099512.0
2014-02-26,337.32078795705434,340.6940001939639,336.6158140725629,339.77484130859375,7352168.0
2014-02-28,335.63423851592637,342.42079500812923,335.63423851592637,341.32318115234375,9839496.0
2014-03-03,341.3365573163705,343.56304893420565,338.3872266271862,338.9494323730469,7204176.0
2014-03-04,336.42846351435657,341.2874856393395,335.7056244138769,339.0654602050781,6937912.0
2014-03-05,341.5954181019663,343.0678506478726,339.9891280518867,341.0421447753906,4943504.0
2014-03-06,342.4966940444314,343.5630876792307,340.65393133336454,341.95233154296875,6226312.0
2014-03-07,341.5150025515218,342.13967070356273,330.92241981639546,333.7780456542969,15072744.0
2014-03-10,332.8321638347402,332.8321638347402,325.30045820365183,327.6474304199219,7432472.0
2014-03-11,325.9875099091724,330.975922164635,324.02873358145615,327.98199462890625,4124272.0
2014-03-12,327.8080233791093,330.4807283897847,325.8983321191583,327.6206359863281,3940104.0
2014-03-13,305.19508035859064,306.9709143629558,298.05601415137215,299.6266174316406,40790880.0
2014-03-14,298.0559981637753,303.75831827624063,297.61427282323785,302.88824462890625,11167544.0
2014-03-18,303.4102358135139,304.472162924183,298.05593753445186,298.9974060058594,11804312.0
2014-03-19,298.94838342603225,299.6489129794867,289.02061994658567,291.9654846191406,15777848.0
2014-03-20,291.8093056488613,298.9037520705997,291.8093056488613,294.7586364746094,8023032.0
2014-03-21,297.1635620743427,297.87746852977654,291.85388281205337,294.9906005859375,12380320.0
2014-03-24,292.00551568163723,296.13278641747326,291.80919580937893,292.3267822265625,8160344.0
2014-03-25,289.8460283111311,292.67487835571995,289.6675516927129,290.4171447753906,7548064.0
2014-03-26,290.91691512316294,291.7155937076491,288.29331730268257,289.9263610839844,8458568.0
2014-03-27,289.8460506766429,291.17569287177946,286.9859582884577,288.3334655761719,13599368.0
2014-03-28,289.14115468029274,292.61251739799354,287.9988995688518,291.1490173339844,7146824.0
2014-03-31,293.17463386829445,294.9281580029413,288.24421707820517,292.9515380859375,9176928.0
2014-04-01,292.97386789650847,296.7174110256426,292.25549507036976,295.7313232421875,8628352.0
2014-04-02,298.84131839910236,298.94840003580475,295.42348606523336,296.4541931152344,5644400.0
2014-04-03,298.0113801091153,298.76990585576226,296.1864607583459,297.8908996582031,4700216.0
2014-04-04,299.03757573785344,299.48376728625374,295.03078434789785,295.918701171875,3925584.0
2014-04-07,294.307996465617,295.7759625575975,290.55998680777714,293.8974914550781,7097544.0
2014-04-09,292.7954187053192,295.36102062010394,288.28441689433146,290.43060302734375,10664680.0
2014-04-10,290.4261771603971,290.716201765028,284.3267279144778,285.6697692871094,21263240.0
2014-04-11,286.45500579797687,290.52428188473993,282.4392814176314,288.6993408203125,18678336.0
2014-04-15,297.35992398860856,302.3394265758578,289.801442681552,290.8990783691406,20782384.0
2014-04-16,289.3060568711509,289.3060568711509,280.8775051178054,281.7520446777344,13198304.0
2014-04-17,283.7779450396979,286.4595617393167,281.84594353107536,284.853271484375,8391912.0
2014-04-21,286.4550388755763,287.3474221742541,282.8855056808651,284.0411376953125,6119624.0
2014-04-22,283.06846588914107,285.5626730038182,280.4225361750683,281.15875244140625,6626896.0
2014-04-23,283.2468949626522,284.8353414216523,282.3500454861166,283.1219482421875,12016720.0
2014-04-24,283.1219482421875,283.1219482421875,283.1219482421875,283.1219482421875,0.0
2014-04-25,284.4917698641789,285.5626297256501,282.29205394675336,283.3852233886719,5962904.0
2014-04-28,282.7962705840608,284.9379905253727,282.4393172605088,283.6038818359375,6042480.0
2014-04-29,284.04558860881446,285.11644850931896,282.97472870831,283.57708740234375,4835464.0
2014-04-30,283.5681293934012,284.67023132339216,282.9747032998359,283.8492431640625,7741936.0
2014-05-02,284.22402210671896,289.75679741931447,284.22402210671896,287.3205871582031,4764392.0
2014-05-05,284.84872810023404,288.5074993571606,283.29152371529676,283.501220703125,4196688.0
2014-05-06,283.5011868929417,284.17940678411907,281.54687655955274,282.45263671875,4566024.0
2014-05-07,281.18984109867137,282.8853685442044,272.17677415136393,273.7250671386719,15596072.0
2014-05-08,273.9615909608793,275.6035670259016,271.8600245621302,273.54217529296875,9161992.0
2014-05-09,273.5154676343103,278.86976716385635,272.43123069425747,277.66058349609375,6179400.0
2014-05-12,278.26290309282854,284.35788422486064,277.0894279921751,283.340576171875,7044200.0
2014-05-13,284.0455551246764,292.25548006073365,284.0455551246764,291.3854064941406,7299968.0
2014-05-14,290.0468351473697,291.36310030187275,287.0930381876699,290.3904113769531,5184688.0
2014-05-15,290.39041355321393,294.0268749395174,286.0311130907818,292.0279235839844,8409192.0
2014-05-16,294.39719279199124,298.0559636026829,272.98446407553917,283.5592041015625,14188792.0
2014-05-19,285.3842257206584,285.3842257206584,267.72396605819273,269.0580749511719,17246512.0
2014-05-20,272.08766230656204,280.1057347989547,271.48083731829865,278.6199035644531,8787344.0
2014-05-21,278.24508687403346,282.376825523313,276.5540250362923,281.73431396484375,6788304.0
2014-05-22,281.9931069218209,283.7778734213261,274.9566562828415,277.87921142578125,9832744.0
2014-05-23,278.86976962392936,282.9747326327936,268.7992157885897,273.9215087890625,9081776.0
2014-05-26,274.05082647576546,277.6158922967745,272.19019915736897,276.1791687011719,5750544.0
2014-05-27,276.6387989345543,281.5469066575867,276.5941797734358,279.6773681640625,4984128.0
2014-05-28,278.73588951280897,284.4917610907107,278.24507875810417,283.1799621582031,5389320.0
2014-05-29,273.6540555831692,273.6540555831692,263.70299901650856,264.5624084472656,41341328.0
2014-05-30,265.9646266851011,267.7241501553294,260.5367771609154,265.91033935546875,28035616.0
2014-06-02,267.8191505871317,271.1844129835966,267.8191505871317,270.7727966308594,6229856.0
2014-06-03,272.1161899658784,274.7351229487869,269.1082566825122,272.9484558105469,6824936.0
2014-06-04,272.7494832206799,273.86672459828094,267.18593654801924,269.9903259277344,5508008.0
2014-06-05,271.39252040091355,277.5802610316625,267.9548818091687,275.1151123046875,12153720.0
2014-06-06,271.40609766068866,272.2971786577985,266.86932792043376,271.66845703125,16882424.0
2014-06-09,271.935235044777,272.7494123952105,269.2303657927266,270.1666564941406,10858344.0
2014-06-10,271.39254358630575,279.4619441317422,271.0623581593351,278.19091796875,10479176.0
2014-06-11,280.89118115366085,294.6643477657848,279.56589021223675,288.8836975097656,20375704.0
2014-06-12,296.72245031816595,298.26486869204575,282.31150494496944,287.2282409667969,21128856.0
2014-06-13,288.4449919026437,290.11857896558837,283.24783000815455,288.3092956542969,10151744.0
2014-06-16,288.21876683374927,294.8859699230353,287.67598196212265,293.479248046875,9375328.0
2014-06-17,293.91806089029495,295.54641579827444,291.1634315881584,293.72357177734375,10079392.0
2014-06-18,293.556136484592,296.27006070478853,290.6386679478807,293.1490478515625,9791280.0
2014-06-19,293.633135595932,300.61243749051823,293.56528746830094,299.6082763671875,11313704.0
2014-06-20,300.3409860318824,302.0959817544258,297.88489312808986,300.0334167480469,8853000.0
2014-06-23,298.5317349576395,299.34138479131406,291.42577060683124,292.429931640625,6328112.0
2014-06-24,292.1991967775084,292.64246226640375,288.7751199561132,289.82904052734375,10638024.0
2014-06-25,293.55624818486336,293.55624818486336,290.0281453561393,290.5030822753906,6433520.0
2014-06-26,291.2946280624018,292.6515906154875,286.6583393393589,287.9022216796875,7376552.0
2014-06-27,289.4852899853564,292.70582267083347,286.95229369798454,291.6021423339844,6890744.0
2014-06-30,291.29464478216397,295.18460432428606,290.51664403934745,294.5106506347656,7290576.0
2014-07-01,293.55619962025014,294.4427528067146,290.02809737519937,291.38958740234375,4662512.0
2014-07-02,290.5709096271193,293.42958619009636,289.322499682883,290.86944580078125,6119632.0
2014-07-03,290.4080760201723,292.0545195077675,288.62593627668775,290.45330810546875,7504912.0
2014-07-04,289.48982446911,294.7683946771673,289.48982446911,293.6421203613281,5752968.0
2014-07-07,295.3655032947984,304.68331243396045,294.9131824628002,302.6433410644531,11638312.0
2014-07-08,302.96444535629854,308.15257331316786,298.80762198486343,302.3447570800781,11460480.0
2014-07-09,301.2456907468099,306.13075600216354,297.6271238909923,299.46807861328125,8270752.0
2014-07-10,299.8887238182031,305.92267954540375,294.0628400993844,297.8713684082031,11345616.0
2014-07-11,307.70476135864897,310.4729732764478,298.5633763614658,300.94256591796875,15826360.0
2014-07-14,299.8886582212165,299.8886582212165,288.20069442055876,291.7695007324219,8231600.0
2014-07-15,293.0134305352104,294.72772204535113,291.02774652997687,291.80572509765625,4139800.0
2014-07-16,293.1039044507282,293.55622529092994,289.7793462752454,292.1630859375,4589488.0
2014-07-17,294.92221680624175,302.6840240642986,292.3484937858458,293.0405578613281,4946672.0
2014-07-18,294.2799112900555,296.24297913692243,293.4295570238846,294.14874267578125,4098368.0
2014-07-21,294.4607604312777,296.1207861485888,288.4087186134839,289.5485534667969,7435968.0
2014-07-22,289.93761869834697,293.7099695696764,289.30889723412133,292.533935546875,8733360.0
2014-07-23,293.91809678514585,303.50729908099856,293.91809678514585,303.0052185058594,11827336.0
2014-07-24,302.5121880832379,307.1258608081916,300.47221660824385,305.9724426269531,5571560.0
2014-07-25,307.4876945934889,307.4876945934889,298.9569194789807,303.25396728515625,5337672.0
2014-07-28,302.602561093816,306.40205513445585,300.41786085483716,304.96368408203125,4601448.0
2014-07-30,307.0353247894973,307.0353247894973,302.65686876831484,305.0632019042969,9934720.0
2014-07-31,305.768883137713,307.1167903857927,302.43979738931387,304.6516418457031,8457168.0
2014-08-01,303.0549782203886,306.8544734697188,301.24569476832653,302.2679443359375,7607008.0
2014-08-04,303.5072989806968,315.07765781832614,302.99165761422955,313.50811767578125,13086960.0
2014-08-05,314.4534543778799,318.43387785101766,313.91519698450367,317.8006286621094,10985624.0
2014-08-06,318.886155837206,326.42635221458397,318.886155837206,323.48626708984375,18004184.0
2014-08-07,316.53413559840084,320.64120014387976,315.02791597960214,317.2895202636719,7754224.0
2014-08-08,316.62452399008646,318.43380698431554,314.36292024730017,315.0549621582031,3811352.0
2014-08-11,318.79567554431713,324.19638106752956,317.529177400838,323.2736511230469,5628672.0
2014-08-12,325.58053518623467,325.58053518623467,320.3336135299964,323.5722351074219,5916936.0
2014-08-13,322.05694864602395,327.9325916291915,321.21562751099356,326.4308776855469,8941360.0
2014-08-14,326.39474954560063,328.17688940946,324.4588249985417,326.8063659667969,6762480.0
2014-08-18,326.7565262077393,326.7565262077393,321.14774862610034,322.0343017578125,6777888.0
2014-08-19,322.1428835173013,324.67588007402253,319.33849447235986,320.9487609863281,6424824.0
2014-08-20,322.3238049486391,324.08785608433897,320.87637837575727,321.55938720703125,3938224.0
2014-08-21,321.7132188151872,322.36002882495086,319.3385342474828,321.0528259277344,4298880.0
2014-08-22,321.0527500133031,326.3946626425385,320.9668134855118,325.76141357421875,4855040.0
2014-08-25,325.580510355047,328.90054059470924,322.23786407548795,328.1858825683594,4198352.0
2014-08-26,327.6611932600304,329.2895481685562,325.6709817051655,327.8556823730469,5842128.0
2014-08-27,328.3848716468785,330.1941546862552,325.7704664893689,328.43463134765625,5569872.0
2014-08-28,328.29445231005207,328.71510183973976,323.9702608384558,325.56243896484375,7599304.0
2014-09-01,326.5800920714404,327.3806865055507,324.3139608150777,325.6392517089844,3643152.0
2014-09-02,325.671004167027,327.9326083626313,321.64987632443814,326.9148864746094,3583832.0
2014-09-03,326.57559430271203,338.9148960120588,326.57559430271203,337.8157653808594,11857560.0
2014-09-04,336.97901485020117,336.97901485020117,334.5229216032009,335.50897216796875,6238464.0
2014-09-05,337.6122562291115,343.31149849664473,335.2013951201729,337.4991760253906,6468352.0
2014-09-08,337.67563420408726,342.9044681313727,337.67563420408726,342.1038513183594,6517296.0
2014-09-09,339.05964940150733,339.73360293202876,336.5266530879422,337.9786071777344,4316800.0
2014-09-10,335.4411031803522,335.4411031803522,331.0988235275321,331.75921630859375,5080752.0
2014-09-11,332.3653059605661,334.6902303303026,328.4391704621613,333.28350830078125,5013032.0
2014-09-12,333.631764093851,335.4410469793925,330.1941266113222,331.9943542480469,3907552.0
2014-09-15,331.5511618017448,331.82255429435196,328.1406672285103,329.40716552734375,4958800.0
2014-09-16,329.83234462927396,333.8579999600482,327.8059561735675,330.3072814941406,5034904.0
2014-09-17,332.89904227251253,339.06871544429345,332.10297536026087,338.4309387207031,7926120.0
2014-09-18,332.3607806789938,337.4041573632471,330.59672964145227,334.44598388671875,9104776.0
2014-09-19,334.6269119391659,342.6691665466226,333.0257008004477,334.90283203125,14755016.0
2014-09-22,332.9081116131779,333.15688805528015,328.56583189648427,330.24847412109375,8612040.0
2014-09-23,329.74178390946076,333.2201256078547,325.2683366903525,326.3132019042969,12962304.0
2014-09-24,328.38494176575,332.2070530025552,325.51270432744076,329.72381591796875,5564560.0
2014-09-25,330.1941980420332,336.41813693191136,329.83234138664466,333.9032287597656,24975512.0
2014-09-26,333.3604519343177,336.5493137879635,331.1440798658263,332.92169189453125,8864840.0
2014-09-29,334.807855785603,340.2311777543431,333.0076278380067,339.1546630859375,4996144.0
2014-09-30,338.7158961615635,339.8105213083846,334.8169042011026,339.03704833984375,6927368.0
2014-10-01,336.7076509018189,349.18717911275456,336.7076509018189,348.0428161621094,9470864.0
2014-10-07,340.9865290303904,352.1724124753155,340.9865290303904,346.5953063964844,20063456.0
2014-10-08,342.4068335348358,343.04008263252246,329.37999495385395,330.2077331542969,20327680.0
2014-10-09,334.71747524802515,335.9839738030177,328.0140704904219,329.90478515625,12432832.0
2014-10-10,331.0988258974341,353.53393759758814,323.20130030514423,351.783447265625,45893056.0
2014-10-13,351.8421779401467,360.499591568911,351.8421779401467,356.6593933105469,17726984.0
2014-10-14,358.6904315699377,358.6904315699377,352.81026056059443,354.46575927734375,6860512.0
2014-10-15,354.46575927734375,354.46575927734375,354.46575927734375,354.46575927734375,0.0
2014-10-16,355.5414038425309,359.02379248033185,351.3707367266867,352.36895751953125,10017392.0
2014-10-17,352.3325320964538,357.61083314824157,349.79824250944694,351.1246337890625,8190016.0
2014-10-20,351.24766257779345,352.1182653103091,346.60751938452063,347.54193115234375,7702720.0
2014-10-21,350.96508646869256,350.96508646869256,338.2115129814586,343.9501647949219,26081384.0
2014-10-22,347.26389794945163,347.5009061279518,344.24642261611496,346.0559997558594,5353320.0
2014-10-27,350.97417961195185,350.97417961195185,344.7933831145229,346.6941223144531,4767752.0
2014-10-28,343.2254813161611,347.54201785226564,343.2254813161611,345.3450012207031,6666368.0
2014-10-29,347.59661163009395,354.86679092237137,347.59661163009395,353.8412170410156,8229336.0
2014-10-30,355.16762916384704,362.9392001048681,355.16762916384704,359.77587890625,15245208.0
2014-10-31,363.46807283867435,370.66532049087857,363.46807283867435,369.3206787109375,8670800.0
2014-11-03,371.658910876585,374.67638654179774,367.6067583006635,372.4793701171875,8578408.0
2014-11-05,372.3972779514631,378.6874645313042,369.8447384697884,376.0255126953125,10241080.0
2014-11-07,375.4329330770536,381.33113992182535,375.4329330770536,379.8360900878906,9970400.0
2014-11-10,380.606450938639,381.15800855871566,377.411235937078,379.7358703613281,5594168.0
2014-11-11,379.6903388847724,379.6903388847724,374.11119773278745,376.0621032714844,6255088.0
2014-11-12,375.67913849575604,378.38667156737836,373.50037248686675,374.31170654296875,5392896.0
2014-11-13,375.77032888696624,382.9766780150284,374.89516346881095,380.93011474609375,4956680.0
2014-11-14,382.33405196389447,383.9248492651318,380.5108089883871,382.11981201171875,5233176.0
2014-11-17,381.5135057413224,385.4243521305994,378.1496321201333,384.5628967285156,5458184.0
2014-11-18,385.1599672399113,385.41520337759545,380.33749986625133,381.27191162109375,5267120.0
2014-11-19,381.0577268676419,381.9648079221085,377.38845090916766,380.4515075683594,5201120.0
2014-11-20,381.969340812239,385.84373150066864,381.4087025916419,385.2147216796875,5347928.0
2014-11-21,380.14611922593855,380.96657847606645,373.91063782751894,377.9718933105469,10463272.0
2014-11-24,382.8809489680946,390.32432803774395,382.1471116210094,389.72723388671875,11047440.0
2014-11-25,391.54145399204396,393.8159675543354,387.0745084168146,392.28900146484375,14886576.0
2014-11-26,391.9971367289626,393.6107241433913,389.4081412866063,392.0381774902344,7930800.0
2014-11-27,393.99359654733894,398.9619325794126,393.09110037250474,398.0047302246094,17389032.0
2014-11-28,398.3876589632032,400.93107365203144,395.9536121297881,397.4532470703125,14347264.0
2014-12-01,399.92829042465434,401.31397269624057,391.32259369326835,396.5416259765625,18341864.0
2014-12-02,394.72291338301665,394.72291338301665,385.6158251386766,387.7308044433594,10654992.0
2014-12-03,383.15448462960296,388.88857448584184,380.0640969038087,387.1656188964844,12775044.0
2014-12-04,384.704217622706,391.0673169716449,381.9693535163834,383.20916748046875,9399228.0
2014-12-05,385.61585946743315,385.90759612603676,375.5515679243112,377.4659729003906,7358760.0
2014-12-08,366.28950154741773,368.112744462039,356.9453816099836,359.2062072753906,166320408.0
2014-12-09,361.5034244362542,362.0959782778469,355.9789904874695,358.230712890625,10050460.0
2014-12-10,358.44947516758833,361.9136359143758,357.1914333924793,358.03924560546875,7804712.0
2014-12-11,355.7146000074219,356.25244762461557,349.15092722409685,350.2539978027344,8285932.0
2014-12-12,353.5359163435497,357.4285354057799,349.7162091907521,353.4629821777344,14572500.0
2014-12-15,347.3186199816051,356.8541885002323,347.30951712165177,350.9377746582031,12966284.0
2014-12-16,351.1019150228869,355.824119105295,351.1019150228869,353.3445129394531,17792756.0
2014-12-17,352.9797667433744,356.53508980716356,345.7415025365708,353.4355773925781,17851776.0
2014-12-18,356.26161122502924,361.33023465780417,354.5751117860162,358.4312744140625,19949980.0
2014-12-19,364.2108943970134,366.1070709287965,362.0959376815686,364.40234375,14294632.0
2014-12-22,365.7424717761237,366.48999680355263,360.15422866087056,364.5755920410156,10465104.0
2014-12-23,364.8035354283169,368.64147046949347,358.0119559193507,359.47967529296875,8196952.0
2014-12-24,360.2727433448586,362.2783102359484,349.1600884281448,351.9861145019531,27339488.0
2014-12-26,354.63897330607114,357.4832277890471,352.0590801419949,355.9425964355469,2268748.0
2014-12-29,356.63546127879727,359.6893933497065,355.98820110151337,356.95452880859375,2792676.0
2014-12-30,357.76581110023204,360.0904456226058,356.7721526971425,358.5133361816406,4640552.0
2014-12-31,356.44390779392205,360.81056466715825,355.5322865463673,359.6437072753906,6968808.0
2015-01-01,358.98736794362657,361.3667086056663,356.79037381072544,359.9810485839844,2002764.0
2015-01-02,359.5434254899942,368.12179046217244,359.5434254899942,367.05517578125,6778320.0
2015-01-05,366.4535099269477,370.1182228546765,360.5461998498142,363.9009704589844,9937024.0
2015-01-06,361.0020709851815,361.91369237655823,352.6333821610669,356.298095703125,9667316.0
2015-01-07,358.26719943026603,360.0448611068284,355.5323353124777,358.0028381347656,7249916.0
2015-01-08,362.0230751982361,364.1015763799739,355.53233547368507,359.8078308105469,13564920.0
2015-01-09,361.0203037811982,384.5219080159027,348.79547411346914,378.22259521484375,44863328.0
2015-01-12,381.42246511481403,386.38167755600864,378.3229517749709,385.78912353515625,12758888.0
2015-01-13,384.3030718104022,384.3030718104022,378.3228273715676,380.85711669921875,8801236.0
2015-01-14,382.60746400799405,388.89765105029846,381.53176866673266,388.1045227050781,9921260.0
2015-01-15,389.2987789908638,392.50770400228373,385.11444582609045,389.1255798339844,8342452.0
2015-01-16,391.6325205378124,393.8204117140013,385.0688470092457,386.2174987792969,6690960.0
2015-01-19,386.52749760794444,388.77922041090864,381.89647841340866,383.3368225097656,4087744.0
2015-01-20,384.15721401830626,388.8976447560737,383.14530547750036,387.2931823730469,6804504.0
2015-01-21,388.6241329232632,396.72843680909534,386.1627555859589,395.6253662109375,8494908.0
2015-01-22,396.5187927144086,401.66032772554786,394.05741530891845,400.4660949707031,9958396.0
2015-01-23,401.1134021357138,405.67150897816504,394.7503027887566,403.8573913574219,9486328.0
2015-01-27,404.94216598271487,404.94216598271487,388.3689091872645,389.5357666015625,13739968.0
2015-01-28,391.9972290486525,392.87239455559353,388.4054493873647,391.0035705566406,13134356.0
2015-01-29,391.08556515852126,391.97893629014226,387.9131406168856,391.1767272949219,15369424.0
2015-01-30,394.09392889664707,394.28537829207113,387.79461615723153,390.5203552246094,10833744.0
2015-02-02,390.44736878748773,392.3617733507698,387.63046811835216,389.5995788574219,8702540.0
2015-02-03,389.59963605117815,390.16481458327274,383.2456174056423,386.6915283203125,5265956.0
2015-02-04,390.1557112762303,391.9972043202356,387.6943334816614,390.693603515625,5160016.0
2015-02-05,392.1430579170815,404.7598887912658,391.6325410466842,399.9830017089844,11875936.0
2015-02-06,402.0250169847664,409.82850467505017,399.01666651753345,406.6742858886719,7453728.0
2015-02-09,401.11341330733103,410.95892436123825,401.11341330733103,410.029052734375,6536868.0
2015-02-10,408.95340858153793,418.98124517181196,408.58875997825527,415.38946533203125,8516920.0
2015-02-11,415.79055071854714,418.10606034005673,411.36918660763956,416.58367919921875,5796972.0
2015-02-12,416.24625204995414,423.34777250235084,414.4230095968225,421.3877868652344,6287536.0
2015-02-13,419.2728088647115,424.2137686928567,416.79318158039285,418.6346740722656,5657516.0
2015-02-16,415.7540470715218,420.6038460075496,413.0100578705688,415.471435546875,6244276.0
2015-02-18,417.62285165129896,420.2483032468115,411.71551879225615,418.7076721191406,8613764.0
2015-02-19,418.25186657783354,425.54483722435197,417.89634316136784,423.8492126464844,9673624.0
2015-02-20,424.54209202714236,425.90952414661996,415.13414124003083,416.26458740234375,6971628.0
2015-02-23,419.3457581645833,421.0231322946907,409.8831477745799,413.0738220214844,5090488.0
2015-02-24,415.51702881628427,418.6074164202854,411.6153070791919,414.3866271972656,6437676.0
2015-02-25,417.3219159250383,425.6906248635485,415.6992480688178,422.5546569824219,6044972.0
2015-02-26,420.71322135329217,420.98670773770385,409.3908672335457,411.7064208984375,6445776.0
2015-02-27,414.769476120715,415.8178407038059,410.50310588332843,413.1012268066406,7801076.0
2015-03-02,419.89279267925406,420.89557616155366,415.3438110575565,417.83251953125,7040992.0
2015-03-03,417.5225332166595,419.8836233556609,415.38934839054923,418.95379638671875,4905552.0
2015-03-04,419.34581493589224,421.88010444713973,410.57599987060695,414.723876953125,4375228.0
2015-03-05,413.33818986162527,419.117859544197,407.1938716878786,409.7919921875,5684916.0
2015-03-09,411.87053570084873,411.87053570084873,397.28459375482487,399.2992858886719,7984720.0
2015-03-10,400.7669990115525,402.38054210676034,393.8568824136611,400.7487487792969,6329916.0
2015-03-11,400.037696986449,408.40636314033634,395.47959025497204,397.8680114746094,6780912.0
2015-03-12,397.28456823110145,405.93584558947924,396.9199197058779,404.4499206542969,5688564.0
2015-03-13,405.6715648041432,406.5831862980851,399.72777485853476,404.8328552246094,6179684.0
2015-03-16,403.0369244545202,416.0639846597412,403.0369244545202,413.2652893066406,6818632.0
2015-03-17,413.2652899448865,415.60817462603603,404.25848878682973,408.4975280761719,5539312.0
2015-03-18,411.0499882036112,412.57241337242937,405.2247377922982,406.49188232421875,4905564.0
2015-03-19,407.4217724159935,410.0472237178444,405.2612123249616,406.66510009765625,6891740.0
2015-03-20,408.5885745737719,413.6754024762173,407.12085570900933,411.5877990722656,6430896.0
2015-03-23,410.7766375988705,414.7877720982824,405.7627194746055,407.2121887207031,5078700.0
2015-03-24,407.4765455830831,410.84954501155045,402.2073913080437,403.2010498046875,6736532.0
2015-03-25,405.2885301355625,406.4280566210675,401.250066076034,404.5957336425781,6170968.0
2015-03-26,402.5719684466157,403.82998804290776,388.7153246051561,391.3316955566406,15740840.0
2015-03-27,394.54974802677515,405.6168230915168,394.36742374395317,401.5054016113281,10074220.0
2015-03-30,402.1343992702275,408.40633590944793,400.183494109025,406.21844482421875,4623088.0
2015-03-31,409.31803096772944,414.5416040700731,401.90656638582556,404.4591064453125,8016412.0
2015-04-01,400.91281211660174,401.0222244816918,393.40106123345447,396.36383056640625,6738488.0
2015-04-06,397.2845707061282,398.3238101069378,393.893321595318,397.1387023925781,7741752.0
2015-04-07,396.555304875057,397.97744314681677,389.80930658522846,393.7292785644531,8542268.0
2015-04-08,397.922752350015,402.0067985323731,396.1997967578566,401.2137145996094,10185576.0
2015-04-09,403.1918204746047,404.55925232189503,398.2690658243596,403.84820556640625,10581548.0
2015-04-10,402.97320316171584,408.04182816027395,402.97320316171584,407.30340576171875,7123776.0
2015-04-13,408.04169272501736,409.13563828192093,404.048809247423,408.18756103515625,4872336.0
2015-04-15,407.7683005870536,409.31805715087654,400.21096718720037,403.6112976074219,6237784.0
2015-04-16,405.12446422329873,406.7653823952203,393.9115233818348,400.13787841796875,9007812.0
2015-04-17,397.4760685266398,400.1926825824538,392.6262247147904,397.3302001953125,6450316.0
2015-04-20,396.73764399791787,397.4669411376199,385.6431934550944,388.7427062988281,12825384.0
2015-04-21,391.6325129414124,392.927033000652,386.5456838605452,390.6479797363281,8881648.0
2015-04-22,392.1886244123517,392.90879636624817,382.5071880053692,389.75457763671875,12350984.0
2015-04-23,391.7601388105798,391.9971692573339,385.0688471960415,386.89208984375,11891800.0
2015-04-24,389.42649049165885,392.0337371247456,361.002147304462,363.7734680175781,43565452.0
2015-04-27,364.648526505277,365.0131750317823,355.18589279118913,361.849853515625,19822640.0
2015-04-28,361.36669083504023,361.36669083504023,355.8969629212909,357.5196533203125,10393500.0
2015-04-29,357.5196350008408,359.5434297739519,353.3352800074029,357.5652160644531,8289056.0
2015-04-30,357.35561041378395,358.26723186892116,352.3052364548771,354.1193542480469,13134260.0
2015-05-04,357.2644118273034,364.64854486073324,355.51410326324805,363.3905029296875,13361592.0
2015-05-05,364.64851213221243,365.32310297710546,355.9060729563942,357.85693359375,9408516.0
2015-05-06,360.0904633686185,360.0904633686185,349.20571244175045,350.4364013671875,10508408.0
2015-05-07,350.42725102302956,358.6500712445623,348.2393597575372,354.4383850097656,6779984.0
2015-05-08,356.9909366398982,358.73214239889165,354.6663020933412,356.9818115234375,5777676.0
2015-05-11,358.2671588492541,364.6485077346098,355.93339949720115,363.4907531738281,4785512.0
2015-05-12,363.49080520927714,363.6640043726939,354.0737516976588,355.00360107421875,8284892.0
2015-05-13,355.8513795350897,358.24894803959296,351.6123404295737,356.7538757324219,7099084.0
2015-05-14,357.35554876686143,357.50141707707314,347.87468726896515,352.760986328125,6233844.0
2015-05-15,352.79747766674865,358.5589203959732,352.30521101906857,357.6746520996094,5189344.0
2015-05-18,359.17885537426014,364.4480318663064,357.647326869611,363.3814392089844,6469976.0
2015-05-19,362.33308794008656,371.15756619768575,362.0960574490718,368.7235412597656,10272076.0
2015-05-20,371.94148495642787,374.12937604440685,370.7746052582299,373.2724609375,5882188.0
2015-05-21,373.56421476117663,375.9344304980899,371.44015461743356,373.482177734375,10059312.0
2015-05-22,372.67080711774713,374.0473642559838,370.1364953186546,373.11749267578125,6888824.0
2015-05-25,373.8558660327984,374.9589366224982,365.93388645491785,367.7115478515625,4675808.0
2015-05-26,368.29506278414203,370.38266698499405,365.0405786855686,365.97955322265625,3965040.0
2015-05-27,365.92472569991526,366.2893741560188,356.44386584122293,358.9052429199219,8454708.0
2015-05-28,360.1268210277636,370.482846505872,360.1268210277636,367.675048828125,10980540.0
2015-05-29,365.5328111778447,374.9407391337125,364.83086718401415,368.8693542480469,18993044.0
2015-06-01,370.62878342227367,376.31729172014224,368.88757774843884,373.3636474609375,5724892.0
2015-06-02,373.4183527305711,374.694622612158,365.56015894026694,366.22564697265625,4673140.0
2015-06-03,367.96684805966225,371.84123895771353,366.10714933115025,368.4591369628906,5495796.0
2015-06-04,370.11827978282616,374.6763866767033,366.9458329334114,369.76275634765625,7489464.0
2015-06-05,370.1182593495154,372.67079906916723,366.1344785954777,366.7726135253906,6125788.0
2015-06-08,368.2950756237179,369.1428880461086,362.27837389323145,364.65771484375,6141048.0
2015-06-09,365.33227321476073,366.04334235251866,361.54904443412124,363.20819091796875,7561740.0
2015-06-10,362.8252672354968,371.8229647631516,361.9136459610358,369.4801025390625,6385840.0
2015-06-11,371.20313026184823,372.8075929204597,363.7460845870932,364.2201232910156,9229464.0
2015-06-12,365.5601821521038,369.3069550163651,356.53513027353563,360.0995788574219,9852924.0
2015-06-15,361.64499760243774,369.7333688288615,358.3319036849286,366.64239501953125,5236426.0
2015-06-16,368.0861539025418,371.2881997575328,364.62500175590213,369.9370422363281,5223444.0
2015-06-17,374.24962076001975,377.95139742431274,367.2902851499193,368.5859069824219,6412068.0
2015-06-18,372.2506404984688,373.12057154325356,368.62290400147435,370.8995056152344,3474426.0
2015-06-19,373.99048994909646,374.0275212718597,367.62342960052575,368.4563293457031,6670458.0
2015-06-22,371.99146987113176,380.82019637034404,369.0670578675412,379.0063171386719,5710868.0
2015-06-23,379.4321374067039,380.3205729123195,369.49287533266477,370.3257751464844,6952116.0
2015-06-24,375.7303137848679,375.7303137848679,366.92009025626874,368.36376953125,7073694.0
2015-06-25,369.8814489009808,371.4732080039523,365.60590229623676,366.64239501953125,7117466.0
2015-06-26,369.80742271288625,374.4716514392935,369.4742538350653,372.12103271484375,5320284.0
2015-06-29,365.3652731328569,369.992492904043,363.6994740152299,366.5313415527344,5690668.0
2015-06-30,366.47591239608647,367.75302994290405,362.7741355031967,364.3843994140625,6212530.0
2015-07-01,366.10570855548383,372.02855116103257,364.99517556694343,369.2152099609375,6880852.0
2015-07-02,369.80742728661914,370.69586257589793,364.64344517961297,365.7354736328125,4007568.0
2015-07-03,365.7354491119455,367.5863370123096,363.5143836315086,366.58685302734375,2695306.0
2015-07-06,364.6249730065454,365.7355059192557,360.9231966308444,363.99566650390625,4305602.0
2015-07-07,364.6249361636382,366.47582416446886,362.40387056264143,362.9591369628906,3497418.0
2015-07-08,362.4039495323719,362.4039495323719,353.4456451375203,354.44512939453125,7024178.0
2015-07-09,354.44511860926775,357.59162880057715,345.764447739179,347.2266540527344,8587772.0
2015-07-10,350.9653774728775,352.4460878895442,345.24615156358084,347.04150390625,7411522.0
2015-07-13,348.3371394307205,353.51962609600224,345.7644004602573,351.7242736816406,6531768.0
2015-07-14,353.5196775144285,360.3679644610431,350.00298962292374,359.5350646972656,5367074.0
2015-07-15,359.07233447563357,364.9766727417094,358.33197914681784,364.25482177734375,4129566.0
2015-07-16,365.62450622029417,367.03117691309166,362.58904466603457,366.1242370605469,3472938.0
2015-07-17,366.84606913114226,371.8434676510922,366.1427225241271,370.86248779296875,3447978.0
2015-07-20,370.69594706788416,374.1756037906668,365.51345941816896,370.6404113769531,4377180.0
2015-07-21,383.13395525577056,425.3342169940873,383.13395525577056,411.8782653808594,38310112.0
2015-07-22,409.04623918543814,411.63748232959927,398.5517134891243,408.3614196777344,12665660.0
2015-07-23,408.65758648431284,413.4884227481696,403.4936264955281,406.4550476074219,7710748.0
2015-07-24,405.5481334560521,409.5830336005863,400.93939470407895,402.6051940917969,4480302.0
2015-07-27,402.34610921036176,402.7347686422073,392.55488295377916,394.35028076171875,6752244.0
2015-07-28,395.53474969814056,398.31108158652245,390.259719110215,393.4432373046875,8476602.0
2015-07-29,397.5707982491784,404.23399598519813,394.23919938116853,401.79083251953125,7071334.0
2015-07-30,403.4936098473094,403.4936098473094,391.64792588848934,396.0900573730469,11956598.0
2015-07-31,399.2550955390907,400.29156577652424,392.3882825199128,398.6998291015625,7931012.0
2015-08-03,399.0514865323838,404.23397337046674,395.7013608941149,399.40313720703125,7961012.0
2015-08-04,399.0514861346137,399.4031368089106,389.0566900997022,391.37030029296875,9099054.0
2015-08-05,393.12872937538674,403.493705291122,393.1102024147394,402.1425476074219,4753476.0
2015-08-06,404.9743333946521,409.2313762045593,398.68131358870227,402.36456298828125,7238252.0
2015-08-07,399.60673874155935,407.5655575307613,399.2365611234569,405.56658935546875,4988058.0
2015-08-10,406.4551022355728,409.5460768990033,394.9795938846595,402.0129699707031,3992754.0
2015-08-11,406.75122040407405,413.45142683991816,405.60363353747687,410.5825500488281,7574406.0
2015-08-12,412.74808505134706,425.3341253130025,411.2673744323288,423.6313171386719,10168440.0
2015-08-13,424.59372614990656,431.9417428003145,390.7410011941146,428.6656799316406,9787960.0
2015-08-14,431.2569024030193,432.6265414428693,423.1500039555008,425.4266052246094,5109066.0
2015-08-17,425.7041634082343,426.9812578233841,415.5242812397765,422.79827880859375,3107436.0
2015-08-18,425.70425665641505,435.9581585025386,425.70425665641505,431.01629638671875,4150446.0
2015-08-19,433.1078798613431,439.10474012280304,430.44261867573977,435.1623840332031,6869518.0
2015-08-20,429.0359025014864,432.5525902269084,417.5603951869514,419.9850769042969,8369114.0
2015-08-21,422.3356984460435,429.75773336571285,413.67353222368496,425.66729736328125,10822142.0
2015-08-24,410.87861490822803,415.709450732243,399.273556020161,404.2524719238281,14122684.0
2015-08-25,407.1954328062341,414.2288084637963,386.65057233282863,401.8833923339844,13735078.0
2015-08-26,403.41962957821875,406.08489063951384,392.01813964197373,394.09112548828125,11498212.0
2015-08-27,402.7532441412904,407.23238423436646,399.06999495606976,400.8283386230469,15343392.0
2015-08-28,407.7875920559693,416.41274730014385,407.7875920559693,411.2857971191406,7208820.0
2015-08-31,420.0960730160947,420.0960730160947,400.71728318549526,405.1224060058594,9917064.0
2015-09-01,403.4935601464754,412.59991953059125,400.53213952154715,403.1233825683594,9071550.0
2015-09-02,406.45505126520345,412.74807118461,403.4936301266591,406.9917907714844,11171830.0
2015-09-03,410.9527094719785,411.63752905742086,404.4190651935542,406.95477294921875,8590536.0
2015-09-04,408.3059556209406,411.26737687657754,394.9795599705745,397.5522766113281,7318888.0
2015-09-07,401.62420350401146,401.6427304606792,390.5374015078494,391.9255676269531,5180988.0
2015-09-08,393.12867274481795,397.5708046402396,389.53796753776635,391.9441223144531,5459496.0
2015-09-09,402.4200844605649,407.0473047427159,396.8304113972662,403.0123596191406,9148664.0
2015-09-10,401.6057221165364,404.04888545093996,392.7584676715046,399.9584045410156,8363004.0
2015-09-11,404.0674309463108,409.5645599978529,401.8278380941968,403.7712707519531,9883810.0
2015-09-14,406.8251500252188,408.67603787792683,400.772755784402,407.102783203125,6557076.0
2015-09-15,406.9732630721785,408.3799108416166,402.80876506609366,406.8992004394531,5291886.0
2015-09-16,410.1568937840378,410.8047047624873,406.5661881500007,407.8062744140625,7478240.0
2015-09-18,411.56343156325784,413.8215056542301,406.843667647109,408.84259033203125,11576876.0
2015-09-21,407.1954129455196,410.4714760939501,404.4190805845274,408.916748046875,4351234.0
2015-09-22,412.74804513333544,420.50324817533567,407.60256719234,409.95318603515625,9626986.0
2015-09-23,409.9532944812353,416.9496623677676,406.2515173124573,413.21087646484375,4758254.0
2015-09-24,412.19282250834976,426.7037686383225,410.8972007043271,422.2061462402344,13399262.0
2015-09-28,421.98398312773554,423.05750732250897,407.5655821082504,409.2499084472656,9788464.0
2015-09-29,407.93579570400846,419.5593836754022,406.2699961752716,415.2838134765625,8699370.0
2015-09-30,419.9293831302434,432.71898919367527,416.8013560078622,430.12774658203125,9495692.0
2015-10-01,433.07077845926256,443.38021546702237,429.4060112224971,434.2368469238281,10864394.0
2015-10-05,434.21837361438446,440.27076901724945,430.14641955661955,437.4574279785156,6881760.0
2015-10-06,439.41930218887165,441.4552788222282,425.0008587363954,427.4070129394531,8711880.0
2015-10-07,427.9253900659408,432.6451553975504,417.7269770978516,419.4853210449219,9182488.0
2015-10-08,420.6698736016551,425.556200310319,416.83854411557786,419.09661865234375,9080874.0
2015-10-09,420.52179881487024,434.1813627610975,420.52179881487024,432.1453857421875,11782138.0
2015-10-12,443.8429950133697,451.54270808117565,410.5270070640759,415.6724853515625,30404970.0
2015-10-13,409.953199940173,411.2673486071116,401.7167476390855,406.9732971191406,15326862.0
2015-10-14,404.03034440513704,412.9516611781118,402.45708952352,406.30694580078125,8865510.0
2015-10-15,407.1584181315593,408.8056906469577,403.1604813200336,406.2144470214844,8255666.0
2015-10-16,410.5666503445429,411.46325633583206,407.2044120796649,409.03497314453125,6418992.0
2015-10-19,411.6873876260361,416.9175359261854,411.1270145938773,415.4045104980469,7347494.0
2015-10-20,415.79674462709545,422.147638300645,414.9001387525288,420.6346130371094,8788310.0
2015-10-21,420.2798188954417,428.4425778128885,420.2798188954417,425.28582763671875,7278098.0
2015-10-23,426.5559953021986,430.7400959460534,420.31714781681615,429.5820007324219,6033362.0
2015-10-26,431.1135111909174,432.7946297354227,427.06015670981753,430.4223937988281,3195942.0
2015-10-27,429.6193427383618,431.4872529241808,427.41519959844027,429.39520263671875,5263748.0
2015-10-28,427.5646736100952,432.60803149016186,425.5099722515495,430.8148193359375,5255472.0
2015-10-29,430.77741898893714,431.8234668883049,424.40787289736886,427.7701110839844,5887324.0
2015-10-30,427.7514118260868,427.7514118260868,422.14768154015553,424.1836853027344,4044676.0
2015-11-02,422.14772806980625,424.31452226050266,416.2077641913541,422.59600830078125,3544988.0
2015-11-03,423.41795918979614,429.7875066016736,423.41795918979614,427.93829345703125,3614682.0
2015-11-04,429.656724461328,432.4585899529069,423.00699105661516,424.6881103515625,3205572.0
2015-11-05,426.985562100065,427.75142350135565,418.18773267298474,419.4952697753906,2345306.0
2015-11-06,419.53259018757626,427.34046318616504,419.49524110785774,425.2484130859375,3026172.0
2015-11-09,418.41183141730136,425.8834712640389,416.6186196127762,423.8661193847656,6125676.0
2015-11-10,421.2137023693817,421.2137023693817,410.9775465126555,412.37847900390625,4680052.0
2015-11-13,410.92152402547885,413.1817134843111,407.2044011735073,411.2391052246094,3520868.0
2015-11-16,404.8321898531519,408.6987548759758,398.68673788633225,403.5433044433594,6808334.0
2015-11-17,403.468517244171,404.55191405001705,393.0082223526555,396.5572509765625,7184106.0
2015-11-18,388.89887210621555,390.44924656715904,377.7848073173972,381.05364990234375,10125252.0
2015-11-19,384.8828871392559,393.0082963072043,382.47327848084717,391.43927001953125,8539622.0
2015-11-20,391.51400566576046,397.19243483486804,389.29121061154626,393.15777587890625,6082978.0
2015-11-23,392.2611058850243,396.8935318751781,387.7781218177669,393.6433410644531,5616350.0
2015-11-24,392.26117881591506,392.56006271727756,387.40461184009894,388.9549865722656,4325802.0
2015-11-26,388.88023385580016,395.81019943022255,388.5440464785964,393.15777587890625,9853968.0
2015-11-27,395.2498007278086,399.7327852351183,390.393234178223,398.36920166015625,5142478.0
2015-11-30,399.73273401924155,410.30512270236716,394.5772842550682,406.41986083984375,18105534.0
2015-12-01,406.4572701865153,409.0723445351418,400.83484209565734,403.09503173828125,5898550.0
2015-12-02,403.44990767148926,403.44990767148926,395.6233821395945,396.2584533691406,6397616.0
2015-12-03,396.3705442172082,397.79017420972076,391.90625708302804,395.1564025878906,5504726.0
2015-12-04,391.88749162479354,397.8274541456705,388.56260292791427,391.90618896484375,8375530.0
2015-12-07,394.2411653697277,395.62340074764785,388.5253416218638,390.8602294921875,4513870.0
2015-12-08,390.41184374119115,397.0242261614299,388.2637474810846,390.16900634765625,5724372.0
2015-12-09,389.6460673400282,391.12169815527864,382.00631006915063,384.1170349121094,6818254.0
2015-12-10,387.25511146304495,392.8588417435345,384.9015721072036,391.2711181640625,5587746.0
2015-12-11,393.7555312528045,396.7068389473674,390.7295253799624,393.3072509765625,5390198.0
2015-12-14,392.07434922370356,400.9095735507815,391.53267350944054,399.5459899902344,4816672.0
2015-12-15,400.94692371611217,403.1323695255657,395.5486814890343,402.5533447265625,5431808.0
2015-12-16,404.7388141582605,410.19310313022885,404.7388141582605,409.389892578125,5495852.0
2015-12-17,410.94016746269835,414.6012890141277,406.45718381765073,413.59259033203125,4958782.0
2015-12-18,412.21042186514927,412.21042186514927,403.26310486639727,404.6453857421875,7219820.0
2015-12-21,402.34783867668233,413.7047412938749,398.2197390821903,412.22906494140625,4331012.0
2015-12-22,409.98753127249466,409.98753127249466,403.50589295220414,404.8694763183594,4109254.0
2015-12-23,409.09100314311246,411.87417090930825,406.10234702767076,411.25775146484375,2870928.0
2015-12-24,411.70613582101834,412.6026963005935,407.24180275143516,409.5766906738281,1230054.0
2015-12-28,407.20438708382835,414.67602721380683,407.20438708382835,412.7147216796875,5526952.0
2015-12-29,411.4072355987523,414.67607856037694,409.93160473167296,412.6960754394531,3345062.0
2015-12-30,411.35109884184095,413.4057996808145,404.5892742924181,405.8221130371094,5153970.0
2015-12-31,407.26048476777237,414.6573820655431,406.08369217852214,412.9576110839844,7943938.0
2016-01-01,410.9402749528175,414.283816221349,408.3998986481609,412.9015808105469,1806550.0
2016-01-04,410.9215218096096,411.8554768531364,401.9929480761123,403.0576477050781,3975362.0
2016-01-05,405.5233153234974,405.5233153234974,396.83753265995864,401.2458190917969,4949786.0
2016-01-06,401.46993217246415,401.46993217246415,395.5860152803914,399.48992919921875,5588328.0
2016-01-07,396.015569606907,398.9481788327657,391.47653973337225,392.5599365234375,5294088.0
2016-01-08,396.55727052492875,398.7614133206622,394.31577865196635,397.229736328125,3156716.0
2016-01-11,394.61468861444826,399.714046480589,393.04561683748256,394.3905029296875,5360622.0
2016-01-12,396.7441441823748,397.0990288948989,385.10705399648276,392.2424621582031,6565212.0
2016-01-13,394.87622485792735,407.57801449384937,391.55133550904526,404.7388000488281,8751294.0
2016-01-14,398.23852318193883,431.4873304644834,393.8862825462073,423.2685241699219,30227006.0
2016-01-15,428.8720739776705,434.84938511324776,424.9681608835525,425.8460693359375,13036614.0
2016-01-18,425.8462004331624,434.13970394563415,421.5313093875176,422.8575439453125,10066612.0
2016-01-19,424.0155811158361,432.96285200908585,421.60599539397583,425.75274658203125,7500436.0
2016-01-20,423.6420777591973,433.35521181716837,417.2911824136009,418.87890625,7507998.0
2016-01-21,424.01557176097947,426.8174367726159,419.1590057408097,424.78143310546875,6743000.0
2016-01-22,428.9095431592795,430.5533133025217,422.52129921488245,424.48260498046875,6436018.0
2016-01-25,425.97688882652943,428.44252098301155,420.1116694843468,425.0055847167969,4579262.0
2016-01-27,428.2931403288283,429.4699329546488,424.0156439243831,425.32318115234375,6971962.0
2016-01-28,424.38925604000053,426.85488872380176,420.7281333011593,421.9983215332031,7788598.0
2016-01-29,425.13627448833216,437.0908973210445,422.7453408011363,435.1856384277344,10232108.0
2016-02-01,437.09103843568556,440.78951018925926,433.9529398083115,438.342529296875,4251126.0
2016-02-02,439.65008860023016,444.5627023731618,434.84956769946245,439.1644592285156,7632702.0
2016-02-03,436.26906417378416,439.2950691583306,430.6466370086161,432.495849609375,5245966.0
2016-02-04,433.3738807200893,446.4118579442116,433.3738807200893,440.7334289550781,5549346.0
2016-02-05,439.14574670622136,443.31119612953574,437.7821629573405,438.84686279296875,3984224.0
2016-02-08,434.75598929323115,437.9127384929803,427.30304771808176,429.9181213378906,4221044.0
2016-02-09,421.5126039172761,421.5126039172761,408.5119316109809,413.7981262207031,7579572.0
2016-02-10,413.9288195381204,421.2136678964177,412.8080736368439,414.1343078613281,5866054.0
2016-02-11,415.04966484278884,415.7968289559172,400.1624290093625,402.96429443359375,5214378.0
2016-02-12,408.9601906726323,412.5839633771226,398.6119876780621,405.2057189941406,7408096.0
2016-02-15,409.5392733207687,411.0149040004332,405.9341978488756,407.858154296875,5093478.0
2016-02-16,406.08357964580097,408.2316758582787,401.1149214695462,403.1509704589844,5125448.0
2016-02-17,404.1223022026695,412.0609191860823,402.34778781814197,410.136962890625,4164598.0
2016-02-18,410.94020923637817,421.02692346308925,410.94020923637817,419.6820373535156,4189072.0
2016-02-19,418.11300761669537,423.7167383063577,416.11435279137123,421.120361328125,3974018.0
2016-02-22,422.5213130871312,423.6233619312369,416.18911536307866,420.896240234375,3857010.0
2016-02-23,422.2411641919524,423.0817239083266,416.9363166677044,419.8689270019531,2501960.0
2016-02-24,418.22504637771647,427.284409820914,417.795417959756,420.4104919433594,4950714.0
2016-02-25,420.4291955835708,422.37180375918683,411.35113466317114,414.7881164550781,4484528.0
2016-02-26,418.4678791880974,422.8948166909305,416.9175047942389,418.8414611816406,4235636.0
2016-02-29,421.9607866944547,422.29701954952515,399.0975909953431,404.98150634765625,8166076.0
2016-03-01,408.9975639060946,422.25972400026706,408.9975639060946,420.44781494140625,6386154.0
2016-03-02,424.78147840077077,434.66270515415493,420.27979656074285,431.86083984375,7214898.0
2016-03-03,436.3437319460072,445.627234588075,431.11358447405166,436.82940673828125,5814304.0
2016-03-04,439.18301402906474,442.6946941412195,433.01891069292117,437.33380126953125,4281680.0
2016-03-08,434.4759492778394,444.7494562470058,428.648078081441,434.64404296875,7617746.0
2016-03-09,427.75153916318084,442.22784671127977,426.9856775548052,440.26654052734375,6305782.0
2016-03-10,434.4384638013151,434.4384638013151,425.64059053573357,426.8173828125,24381016.0
2016-03-11,428.19965554367053,431.84207991934977,425.2109996456773,427.00421142578125,4058548.0
2016-03-14,428.1250603559207,431.20711249199087,425.32319477767516,426.33184814453125,4174262.0
2016-03-15,427.37782106003385,431.30043217990305,421.7553935469122,423.79144287109375,6720258.0
2016-03-16,426.5934042208964,431.4873205541439,422.726838650873,430.53466796875,5588850.0
2016-03-17,432.1970474589812,436.9975672886657,431.1323478241133,434.0089111328125,6474622.0
2016-03-18,434.4011637014723,447.9248137312835,434.1022798630121,445.832763671875,8477422.0
2016-03-21,443.81546328129366,447.9248657190834,440.8455043062016,446.3931884765625,5138392.0
2016-03-22,445.02952856950145,446.0568790027154,437.83807553700376,444.5438537597656,7097950.0
2016-03-23,444.56262384658316,452.29575376798226,441.6113166348456,451.21240234375,6333176.0
2016-03-28,460.4024100022259,462.1208778728542,446.71062224451526,450.12890625,10787510.0
2016-03-29,447.92488676442764,455.35917882637784,445.14171867847045,447.2711181640625,6995356.0
2016-03-30,447.40177872691413,452.0342044886084,446.6359630151557,450.52117919921875,5756818.0
2016-03-31,452.12771678576445,459.46861385092836,448.4105932943621,455.13507080078125,17996320.0
2016-04-01,454.27572003208894,456.5919102317331,446.46784697338296,450.33441162109375,5511428.0
2016-04-04,453.3605599952112,466.2304446531788,453.3605599952112,464.6240234375,4577054.0
2016-04-05,463.988876270665,464.10096911976973,453.528579543146,455.69537353515625,4790716.0
2016-04-06,458.7586508073192,458.7586508073192,446.80402798497863,448.5598449707031,4931354.0
2016-04-07,451.4366048498176,451.4366048498176,438.95895397365473,441.3872375488281,5657890.0
2016-04-08,439.27634253776455,439.8927618980203,434.120938804869,435.503173828125,4195578.0
2016-04-11,435.52192715534943,443.34845205330015,430.0302442255041,442.28375244140625,5768678.0
2016-04-12,441.0136713437916,446.3932627324286,440.303856229443,441.64874267578125,5842138.0
2016-04-13,446.41177808607944,446.41177808607944,435.72734235551513,438.0995788574219,12511386.0
2016-04-18,466.97759925419535,473.6647275961717,460.81349494404,462.756103515625,25015990.0
2016-04-20,464.7360508211428,465.65130856416675,457.9368760359701,464.58660888671875,8072848.0
2016-04-21,467.35102164077705,467.35102164077705,455.0601663075088,458.1235656738281,5441100.0
2016-04-22,458.1237101262691,458.9455724379596,450.91355794270834,452.50128173828125,5143938.0
2016-04-25,452.80011171166996,457.56328253114697,448.70936117533086,454.2196960449219,5364134.0
2016-04-26,454.0702050079667,463.07356732077494,451.5111775337319,460.3090515136719,5846744.0
2016-04-27,459.2070396993421,464.1196527997565,458.9642478483641,463.29779052734375,4486208.0
2016-04-28,459.87940114122085,463.09219693512017,450.9134339378177,451.7166442871094,12165168.0
2016-04-29,452.5758618236737,457.09624016834294,450.16627634512525,451.3243713378906,5036410.0
2016-05-02,452.0342451907216,452.463873635318,446.8601433230363,448.6907043457031,3615250.0
2016-05-03,449.32579748092405,452.85612950874236,437.7634516132887,440.00494384765625,6824810.0
2016-05-04,441.2003251032774,445.68330893159185,437.33376067201016,444.1329345703125,5812842.0
2016-05-05,446.4866347751802,447.9249166713586,441.2377882776269,445.4779357910156,6302668.0
2016-05-06,444.48798712459325,444.48798712459325,439.7248154963685,441.3872375488281,2596720.0
2016-05-09,441.57398083688076,448.8775281182602,441.0509568489058,447.9435729980469,5123678.0
2016-05-10,449.2324694789003,454.5186652466475,447.02832599655926,453.08038330078125,3395704.0
2016-05-11,447.7381027148799,453.79011389699843,445.49661033583175,448.9895935058594,3709888.0
2016-05-12,449.75533881138176,453.15492558755165,447.1029159685797,452.0341796875,3406932.0
2016-05-13,450.5400109021504,452.0343392965191,445.36590795730564,451.0069885253906,5652064.0
2016-05-16,452.10913106423834,457.13383869241784,450.1665219907407,453.90234375,4533878.0
2016-05-17,455.7700754267359,457.9181720937062,451.343137503287,453.6219787597656,3796294.0
2016-05-18,447.9248847831182,453.52861561860345,447.513953642505,451.9782409667969,4256596.0
2016-05-19,452.38914152010335,454.33179544035687,448.67201855853466,450.446533203125,3954400.0
2016-05-20,450.1663060736382,455.5832450263915,448.2983960899302,448.8961181640625,3994548.0
2016-05-23,449.56853995923115,450.222308389485,442.69462277190854,443.81536865234375,4585946.0
2016-05-24,444.9548542079449,445.21634336361956,439.9301490039511,443.7220153808594,3485060.0
2016-05-25,446.09427071905475,453.19232893608387,446.09427071905475,451.5299072265625,3857396.0
2016-05-26,452.071548447641,463.16696070322996,452.071548447641,461.05621337890625,6136436.0
2016-05-27,460.10361574626637,470.5265634295935,460.10361574626637,466.0435791015625,6180764.0
2016-05-30,463.80201005780043,475.196260002837,463.80201005780043,473.552490234375,5285700.0
2016-05-31,472.58126256667236,473.23503111172505,462.86812989731783,466.47320556640625,13782038.0
2016-06-01,465.50193857975717,473.8888374859103,465.48324123566755,470.0409240722656,4840534.0
2016-06-02,468.84540858210727,476.2796994802786,468.47182658323703,471.2923889160156,5053552.0
2016-06-03,470.73192749890586,477.9233796263681,470.73192749890586,473.29095458984375,3998380.0
2016-06-06,472.54392873743876,477.06426227419763,471.1242987524776,473.23504638671875,4225768.0
2016-06-07,473.3283208847311,475.38302156734045,468.8826866507962,469.741943359375,5692420.0
2016-06-08,472.18900814169183,472.18900814169183,461.50457076165185,462.53192138671875,8741370.0
2016-06-09,463.43893088956565,463.43893088956565,445.9784978797847,448.0382080078125,12740804.0
2016-06-10,444.2212042824167,449.7390012898756,442.2181465792667,446.1864318847656,6383956.0
2016-06-13,444.75020183826837,447.811440474618,440.6685195669641,446.2997131347656,5286722.0
2016-06-14,446.8666513478629,446.8666513478629,441.1409743029006,444.0699462890625,2940728.0
2016-06-15,447.3578967233526,450.7404143429411,445.6005505898079,449.719970703125,6711572.0
2016-06-16,449.55005675343193,449.55005675343193,442.21816766023335,448.227294921875,5302564.0
2016-06-17,449.3609517975953,450.77819617879044,444.10769006444735,445.7705993652344,8515082.0
2016-06-20,446.33758483066185,457.9779060894356,445.84625489492333,456.8251953125,6229566.0
2016-06-21,457.7511129562374,459.1117047456485,451.87429941038994,455.82366943359375,4761724.0
2016-06-22,455.02994747567345,458.0344872299695,449.039736879029,453.3292541503906,3031258.0
2016-06-23,452.49773341598825,459.1304083977519,451.00487522169817,457.9021301269531,3828626.0
2016-06-24,448.98305444833375,453.140304952485,438.4009622559488,451.4585266113281,7808348.0
2016-06-27,442.9550483628681,447.16895163163656,438.4009510640592,440.7441101074219,5583778.0
2016-06-28,439.4592030031831,443.12512373947646,436.5490998831427,438.0797424316406,7655974.0
2016-06-29,441.80234810447934,445.9218146404323,438.47652925443685,444.76910400390625,5459150.0
2016-06-30,446.1485560478706,447.6602834720057,441.4054928009428,442.4826354980469,9346224.0
2016-07-01,445.95964505902094,445.95964505902094,442.2181099965032,443.0873718261719,3991912.0
2016-07-04,444.5234510766078,451.4774067746026,444.5234510766078,447.4524230957031,5381322.0
2016-07-05,447.84938104445126,448.79421096226656,442.5772485567512,444.2401123046875,3596416.0
2016-07-07,441.68893452847226,442.55819623695385,436.51128663849846,437.36163330078125,5954876.0
2016-07-08,439.53476403392335,441.0464915112541,435.9444112752627,437.7206726074219,5551648.0
2016-07-11,441.19764880441295,445.46825100841005,438.4009439009517,444.0888366699219,6668882.0
2016-07-12,445.9595776142219,446.09184453327276,441.42439546899254,444.6557312011719,6197368.0
2016-07-13,445.95966147934325,451.9310042138752,444.1455698263984,451.1751403808594,5275420.0
2016-07-14,451.62858090213206,452.02542781604336,439.91269302935706,444.5423583984375,7413328.0
2016-07-15,449.5499421260071,449.701124095062,397.58431199374485,405.350830078125,61484126.0
2016-07-18,407.12705918562926,410.01824687873255,398.77477506553,408.9033203125,14332824.0
2016-07-19,411.41659603685594,411.9457098451601,405.93658430038363,410.7929992675781,10404644.0
2016-07-20,404.3872047069935,411.9080600774642,404.3872047069935,409.3381042480469,9822896.0
2016-07-21,407.78845319317463,410.88747581100455,406.50347571715093,408.12860107421875,8668002.0
2016-07-22,404.3871041635602,408.12863893360816,403.13991052879027,405.3130187988281,9386538.0
2016-07-25,401.74153591415177,409.3946554835417,401.74153591415177,408.48760986328125,8469552.0
2016-07-26,404.5193361756934,411.90792210977196,404.5193361756934,411.4543762207031,7189610.0
2016-07-27,409.9426895446759,414.4023041580387,407.6184454027726,410.1883544921875,7431820.0
2016-07-28,410.20725912149226,410.79302583686024,405.9177416427022,407.2215881347656,11258562.0
2016-07-29,405.36971772713946,406.938144226842,403.0643425288386,405.8421325683594,8156784.0
2016-08-01,404.9540103682997,411.13318739391724,403.7635157166593,410.15057373046875,9096662.0
2016-08-02,408.12862609469784,410.05606935976726,406.2767507481565,409.6025695800781,6822502.0
2016-08-03,410.3017289214545,410.62296177238125,404.50048415547997,410.0182800292969,7213460.0
2016-08-04,410.5851477649187,410.77411367919433,404.4059715949572,405.0673522949219,4237278.0
2016-08-05,405.1430142863413,405.6909971112867,400.6078312905987,403.63128662109375,5609968.0
2016-08-08,404.0091587536538,408.54434107829724,401.5715167078621,407.6750793457031,4643064.0
2016-08-09,407.0326123722326,409.86710131632896,404.953987146562,409.4513854980469,7192664.0
2016-08-10,406.65470719308655,411.15210583963966,406.3523432321745,409.0545654296875,5576454.0
2016-08-11,408.8088808643176,413.8353931341722,406.37123878312207,407.1648864746094,5038552.0
2016-08-12,406.29571252860626,407.7129571709772,400.6078189101846,401.5715637207031,7449928.0
2016-08-16,393.8049775392028,399.8708020288985,388.5139317757202,397.50872802734375,16429408.0
2016-08-17,396.80955768305625,397.83000143634985,389.45880109427355,390.51702880859375,6599316.0
2016-08-18,391.726349503733,392.7089630542184,386.0573719421739,386.77545166015625,8434000.0
2016-08-19,389.2697926053693,392.6711791426978,384.9046844958902,385.9817810058594,5686016.0
2016-08-22,384.7346567464478,389.26983934070853,381.3710537621852,383.77093505859375,10253518.0
2016-08-23,385.52831369452633,393.8050313538644,385.52831369452633,392.9169006347656,7406138.0
2016-08-24,395.6946822876027,401.38257559176486,395.6946822876027,399.62518310546875,6129966.0
2016-08-25,398.71809165870354,399.70070521698244,390.0634432858953,391.5940856933594,4796562.0
2016-08-26,391.53744941305746,395.316768422836,384.3756352761006,385.58502197265625,6881054.0
2016-08-29,384.58342538517877,389.2697893576957,382.0890845054663,386.5486755371094,5220282.0
2016-08-30,390.1957011231413,394.9387640639276,387.3801274311251,393.2002868652344,4375438.0
2016-08-31,391.95315827598694,395.2222783879035,388.4384193402343,391.4807434082031,11139814.0
2016-09-01,392.293280868181,393.21919549552365,390.0256896492898,392.12322998046875,2877826.0
2016-09-02,392.6900698472152,393.04908661686534,387.83360912920887,389.96893310546875,3332592.0
2016-09-06,392.3877114400909,396.412694543019,391.38618289196245,394.9387512207031,8215044.0
2016-09-07,396.07258457133565,400.22983498191263,394.56085714930765,398.4724426269531,7425470.0
2016-09-08,394.9387700020787,394.9387700020787,387.0022014183049,392.1609802246094,9092774.0
2016-09-09,391.9153475096006,393.4270749831188,387.9659779387388,391.34844970703125,5053438.0
2016-09-12,387.4746384955448,399.8519068795771,387.4746384955448,398.3401794433594,6203096.0
2016-09-14,398.32134130202337,399.77641614772745,393.2948742866777,395.1656188964844,5152418.0
2016-09-15,395.1656541799965,395.61920021948185,391.2918515308762,393.88067626953125,4701722.0
2016-09-16,396.45050988232356,402.3084535459804,392.3310434984486,400.6644592285156,9949384.0
2016-09-19,395.3167333651584,403.9713823568884,393.55934095460833,401.061279296875,5809154.0
2016-09-20,398.07562636128796,399.53065472149063,395.2222225095954,396.8851318359375,4214004.0
2016-09-21,398.3402670504159,401.0802736311706,397.2253862747134,399.00164794921875,4231532.0
2016-09-22,400.22983427468586,400.9856979843642,397.5843112908116,400.1542663574219,3629514.0
2016-09-23,399.4739753318572,400.15427113238945,393.0491337229248,394.01287841796875,5205294.0
2016-09-26,394.0884578745484,394.5608727125663,389.64775839718,391.4996337890625,6371798.0
2016-09-27,391.17838959312405,396.7906684793297,390.53587775147713,392.95465087890625,6525660.0
2016-09-28,393.04909906829664,393.9183607218617,390.498059242613,392.6522521972656,5434708.0
2016-09-29,394.9199262923359,394.9199262923359,387.0022713239363,388.9674987792969,8902638.0
2016-09-30,389.6855449974365,394.52309142521835,389.6855449974365,391.55633544921875,6502354.0
2016-10-03,391.34834975479515,393.0490427281381,387.79578187251786,392.3309631347656,3656160.0
2016-10-04,393.0491983405324,397.3576314722726,392.4067325277214,396.5261535644531,5066586.0
2016-10-05,396.52608466810807,396.77174960124023,391.9153344808607,393.61602783203125,2307574.0
2016-10-06,394.9387924152444,394.9387924152444,387.739172051961,388.2872009277344,3721882.0
2016-10-07,389.25092773740363,390.7060024066822,381.7489890231975,382.6749267578125,6288558.0
2016-10-10,384.35665594055,389.9311502130408,381.7111332349612,389.2508544921875,5413170.0
2016-10-13,386.01964027023814,399.85193816712524,386.01964027023814,397.71661376953125,9778690.0
2016-10-14,397.9244638828096,409.18680560936485,376.51461482666707,388.1927185058594,33461690.0
2016-10-17,391.1405697705103,393.72943998323456,384.48897809611503,386.3975524902344,8014858.0
2016-10-18,389.26988316824287,393.2381683850065,388.2494854233538,392.690185546875,6388134.0
2016-10-19,393.80502959425746,395.2033591343127,391.5374382530237,393.7294616699219,3509836.0
2016-10-20,394.84435072142946,397.0930270624519,390.7060148890386,391.7831115722656,3535490.0
2016-10-21,395.35463419821457,397.64654512110275,390.5798197755308,396.6152038574219,3863620.0
2016-10-24,396.30963035668043,398.295934671667,391.72580812604895,392.33697509765625,2902974.0
2016-10-25,395.9276687504744,396.84444257700983,387.7913884694482,388.55535888671875,5636014.0
2016-10-26,388.4788860006886,389.56753432001426,385.53759577022726,387.4093322753906,2775216.0
2016-10-27,388.82273969383874,388.8418342907021,382.4053697599869,383.3221435546875,7227790.0
2016-10-28,383.9714721622193,385.8049961940985,379.368555830927,381.0301818847656,5840706.0
2016-11-01,384.58266407945257,384.58266407945257,376.7901806085486,377.9552307128906,6332798.0
2016-11-02,376.1789652866205,377.21032983870435,374.34544125765086,374.74652099609375,5377194.0
2016-11-03,374.7465513264441,375.1094419056529,368.6538831213852,369.3223571777344,5225108.0
2016-11-04,369.3796521234954,374.03987576872356,367.0877411485823,370.9075927734375,6005548.0
2016-11-07,376.2553685441803,376.63735368991047,372.43551708687903,373.5623779296875,4537672.0
2016-11-08,376.98117794844654,377.3058560208829,370.75480095398655,375.338623046875,5261108.0
2016-11-09,355.24616122745954,372.28268823578503,344.1685927590764,366.05633544921875,12764158.0
2016-11-10,367.66066924585783,367.66066924585783,357.1560786959762,358.8368225097656,7287330.0
2016-11-11,359.06600148688545,360.9759270267093,350.92972335013997,352.01837158203125,7096782.0
2016-11-15,352.95430766252764,359.0469759696072,347.0526319461745,352.78240966796875,9235850.0
2016-11-16,355.2462336139519,365.5025268392539,354.69235041476685,359.4098815917969,12222616.0
2016-11-17,356.8696384425125,362.50391959533783,353.87106423953037,355.1697998046875,5706730.0
2016-11-18,355.24615113631535,356.48760273974875,350.4713372769563,351.4263000488281,6040228.0
2016-11-21,354.0620255379419,354.0620255379419,346.4414175484305,348.0266418457031,7940568.0
2016-11-22,350.242179958125,354.7305052988707,348.23675799736634,349.2108154296875,5483126.0
2016-11-23,352.2285138203929,352.5341206061811,348.54237094069754,351.5218505859375,8251786.0
2016-11-24,354.55868022033593,359.02791188606614,352.68694334633346,355.36083984375,16780644.0
2016-11-25,355.4180472826142,376.25533019551233,355.4180472826142,373.39044189453125,12631380.0
2016-11-28,374.07807149339595,375.6633192712109,370.7547958588176,374.2499694824219,7365712.0
2016-11-29,373.88711174782077,376.1408337696094,369.41788021323026,371.518798828125,6125506.0
2016-11-30,371.6714810436896,373.199421356305,367.10675469684736,372.6455383300781,8500918.0
2016-12-01,372.8175067550955,375.70148997743775,369.37964040182106,372.6647033691406,4611590.0
2016-12-02,368.5393040280455,370.3728282641003,367.12595417219205,368.4247131347656,4453228.0
2016-12-05,368.95943528879815,369.99077645714175,365.9417435268082,367.33599853515625,3659576.0
2016-12-06,367.3932640024235,374.154404925856,367.3359802262159,369.1885986328125,3562110.0
2016-12-07,369.7615879952743,371.67151355310114,366.78210878796864,369.1504211425781,3385980.0
2016-12-08,370.54467660825077,376.6755333797075,370.54467660825077,376.1216735839844,5941662.0
2016-12-09,376.25539652339893,385.09836263044406,374.9184484139249,377.9170227050781,8648384.0
2016-12-12,375.41501472583553,375.41501472583553,368.69208516149274,373.33319091796875,5345020.0
2016-12-13,374.53640839176063,379.25391527568,370.9457389549041,378.2416687011719,4854282.0
2016-12-14,378.54727842116785,383.87597585296777,375.9115715967652,381.8896484375,5382614.0
2016-12-15,380.99197076765427,389.22374550025,377.783286410653,379.06292724609375,7966416.0
2016-12-16,383.43675957702146,385.6904817032066,381.12575365649246,383.95245361328125,6436742.0
2016-12-19,384.31530398535125,385.13658149883605,379.73148154251857,383.7614440917969,4124134.0
2016-12-20,382.74909289994986,389.2428399850787,382.4816986511873,386.6262512207031,7636498.0
2016-12-21,388.0969303255848,390.3888413314446,381.3166935999164,382.5772399902344,7343976.0
2016-12-22,382.9400463791562,384.6589792556711,370.3345386180468,376.1407165527344,7060054.0
2016-12-23,376.2172299183909,384.5062900431523,371.900778539898,377.5732727050781,7306036.0
2016-12-26,377.4013265698534,379.6932374599537,372.4737088303284,375.3959045410156,3213828.0
2016-12-27,375.395881720168,382.7109061921901,374.34542262606425,381.58404541015625,4912816.0
2016-12-28,383.1120396358356,385.72862878409165,380.07525280229913,381.4122009277344,5476816.0
2016-12-29,383.4175669713781,385.04100374311247,377.4586083821148,379.06292724609375,6240124.0
2016-12-30,381.22120630499336,386.56899877820973,379.21578412753723,386.0342102050781,7267768.0
2017-01-02,386.22521689629815,386.93190348763545,381.73689090667324,382.4053649902344,2335222.0
2017-01-03,383.55127301127885,383.85687977749694,375.1094106712682,379.63592529296875,6778482.0
2017-01-04,380.0943372863515,383.5895109042428,379.02478347736263,381.1257019042969,7073586.0
2017-01-05,382.5962654679812,385.6139570730134,377.687766276317,380.51446533203125,8207074.0
2017-01-06,380.03701274854865,381.54583535084583,369.7806980844906,371.3850402832031,14393448.0
2017-01-09,371.38505233197895,373.1803871527238,368.6156600672252,370.6592712402344,10545692.0
2017-01-10,373.1994961667431,374.7274367856448,369.7425351793827,370.7356872558594,11939854.0
2017-01-11,372.12999278967453,373.7534299171009,368.2146444235286,370.1818542480469,12241574.0
2017-01-12,373.4095761280092,383.66589132304097,373.4095761280092,382.0042419433594,11855740.0
2017-01-13,393.4447522055815,397.2646041687425,367.73715315641334,372.74114990234375,31276246.0
2017-01-16,368.6157419796556,368.78763999374337,363.82183207070136,365.044189453125,12351372.0
2017-01-17,365.27328643835153,368.23367124347277,363.8026529900035,364.9486083984375,5560094.0
2017-01-18,365.9799849025547,367.08775122999515,362.80951262975833,363.1914978027344,5952962.0
2017-01-19,363.2679253907149,366.552988786629,362.1601589843227,365.9800109863281,8876480.0
2017-01-20,362.88588877113335,364.08915130707845,361.3579481868338,362.3893127441406,9124742.0
2017-01-23,360.97600671969707,365.9418142195447,359.0660807582172,363.91729736328125,7948580.0
2017-01-24,362.88590430955134,362.88590430955134,359.1042418756738,361.1860656738281,6826010.0
2017-01-25,361.39613178075064,361.6635260417681,357.07970435983304,357.76727294921875,9978090.0
2017-01-27,356.7168336106515,361.9500349841946,344.22593748578385,359.8873291015625,10635138.0
2017-01-30,358.11111905825777,363.45891176952773,354.80693780726983,362.63763427734375,11369208.0
2017-01-31,359.6390129452901,359.6390129452901,345.4482555250386,354.7113952636719,24068534.0
2017-02-01,351.8465015138483,352.64868429288134,345.75385721042073,350.18487548828125,11531782.0
2017-02-02,350.28037984226467,360.9759639595857,347.64467300182986,357.4999084472656,11828268.0
2017-02-03,356.69776319511095,359.40987201333144,351.8274520576193,357.5763244628906,8423958.0
2017-02-06,358.01558774424507,360.4984912602094,355.45628253411553,357.2516174316406,6727934.0
2017-02-07,356.39220440005016,362.80955132762796,354.69236553609414,359.9255676269531,9268002.0
2017-02-08,357.53810288265817,360.6321732933333,356.1820602536468,357.7290954589844,6319962.0
2017-02-09,357.9201348851146,362.8859425195932,357.74823688101577,361.3580017089844,11907266.0
2017-02-10,361.45345270330023,371.28957043868724,360.3265918338172,369.876220703125,12252452.0
2017-02-13,371.6142507713284,376.6755541030723,367.79439920020087,376.007080078125,13724268.0
2017-02-14,374.34545280058177,377.7833192038524,371.42325703199225,377.2867431640625,9338818.0
2017-02-15,377.8596887410027,381.526736599939,370.0671828976109,375.0329895019531,7259486.0
2017-02-16,378.5472701647292,387.2947391139209,378.18437962225204,386.6071472167969,12815858.0
2017-02-17,387.23739079460927,387.23739079460927,379.19660919243165,382.0232849121094,4851208.0
2017-02-20,380.64815647547215,393.82664257522504,379.50220116245015,385.90045166015625,4650662.0
2017-02-21,390.4270190935955,391.3437927949128,382.00425105652187,387.1801452636719,7613996.0
2017-02-22,387.71488532245536,387.71488532245536,376.79012053967034,378.2225646972656,6607838.0
2017-02-23,381.56504936635076,389.62492826243914,379.4450127227123,385.36578369140625,9542656.0
2017-02-27,384.7736026425528,390.77077362601267,384.63991717777566,386.72174072265625,5328696.0
2017-02-28,386.5116302572618,390.65618275412925,385.518478281577,386.72174072265625,5940132.0
2017-03-01,386.5690179207526,392.29879585436055,385.84323672335177,391.5921325683594,4282448.0
2017-03-02,391.30563470593796,392.68077205268577,388.28794240423645,390.88543701171875,2948498.0
2017-03-03,385.90053566313,395.0872980739173,382.13799089215047,393.9031066894531,5401612.0
2017-03-06,389.64397013746895,395.7175203851406,389.5102846530439,394.9344787597656,5286386.0
2017-03-07,390.38883392984957,391.84039619099264,387.6003469218269,389.5484619140625,4644496.0
2017-03-08,388.440739779404,388.440739779404,383.6850196143382,384.96466064453125,6179176.0
2017-03-09,384.96461993211267,386.9509473256126,381.6031553586249,386.3970642089844,3480630.0
2017-03-10,387.71492352462286,392.54704495150247,387.10375661630457,390.3315124511719,4550324.0
2017-03-14,390.69438391325895,397.99031384038113,390.69438391325895,395.2782287597656,7878396.0
2017-03-15,395.31639810795747,395.31639810795747,384.8499968093683,386.5498352050781,6373978.0
2017-03-16,387.06550729621375,394.09401933143073,387.06550729621375,393.00537109375,6702956.0
2017-03-17,395.50741392310596,398.37230240531545,389.3383447322726,397.379150390625,9507846.0
2017-03-20,392.1269198593939,392.1269198593939,387.75316140723766,390.1978759765625,4427388.0
2017-03-21,389.96862162441215,395.33548462827264,389.16643887693033,394.5333251953125,4869584.0
2017-03-22,390.56070244794046,397.2454189360865,389.77763759110377,392.56610107421875,3990852.0
2017-03-23,392.7762618518318,398.41054326424563,392.1459769781924,397.43646240234375,4501662.0
2017-03-24,396.5005848462623,398.7924957413274,392.56611915811527,393.9794921875,4883896.0
2017-03-27,392.37508633644796,397.9711775237002,391.343745191075,393.00537109375,7684824.0
2017-03-28,394.01767118528664,396.88255973001725,393.4638113849235,395.41192626953125,4796796.0
2017-03-29,395.08722819116656,397.8375024030172,391.8594259503654,394.1513366699219,6981186.0
2017-03-30,394.9726427990538,395.698423905635,389.7203470171515,391.72576904296875,12157180.0
2017-03-31,390.86629910934346,393.1773278851852,385.04102565572265,390.48431396484375,14153854.0
2017-04-03,394.2659547620845,394.38052232177114,384.3152236378469,385.3465881347656,4315600.0
2017-04-05,383.8951020505716,384.0479054468495,378.5473095841955,380.4381408691406,7398338.0
2017-04-06,381.27856804461277,384.20074107608195,378.9293495457106,381.8324279785156,5379008.0
2017-04-07,382.3289573795464,382.3289573795464,373.9634730188913,374.9375305175781,6404508.0
2017-04-10,376.2171313863866,377.9742535068966,362.9240313582774,364.1846008300781,9528472.0
2017-04-11,365.1969316566312,371.17500913096995,365.1969316566312,369.4369812011719,8655466.0
2017-04-12,370.5255654059895,373.16127205272727,366.83939968206977,370.0862731933594,6696752.0
2017-04-13,370.5255291297058,378.1652307612461,353.9664851691498,355.7809143066406,30973188.0
2017-04-17,355.24621075889615,356.04837029609024,352.76330713531246,353.298095703125,7213434.0
2017-04-18,353.24075810074396,356.77412064460106,351.08253273463293,352.4385986328125,4647518.0
2017-04-19,352.5722969782618,355.24619305502,348.6187599620073,351.1207580566406,10071702.0
2017-04-20,351.9992737718049,355.131556291387,350.87241305070563,354.21478271484375,4549000.0
2017-04-21,357.0796861583849,357.0796861583849,351.8464853420235,352.83966064453125,3577466.0
2017-04-24,350.47138369741106,354.67322045018653,348.7524504803665,353.9283447265625,5556666.0
2017-04-25,353.68006415466994,356.392149427937,351.6364295877784,354.9978942871094,4737060.0
2017-04-26,355.2271219252427,357.3662296021416,347.6829146389035,349.2299499511719,9084496.0
2017-04-27,349.8984000312415,354.86420701858447,349.8984000312415,353.4317626953125,7797208.0
2017-04-28,354.0429373395136,354.253047829797,349.7456042759274,351.0252685546875,5029702.0
2017-05-02,352.95431373553026,353.87108751260166,349.5546362362934,352.4195251464844,3231126.0
2017-05-03,353.90922304067703,358.7222263541694,350.528663965072,356.8887023925781,4659448.0
2017-05-04,357.9200963153162,358.932366319072,354.82602583306385,358.16839599609375,5279806.0
2017-05-05,357.538055272494,358.0537258340981,351.42629364390433,355.8191223144531,4432788.0
2017-05-08,358.3020124753148,362.3319504900384,356.0101019477542,361.1669006347656,4707098.0
2017-05-09,363.11514623211133,363.6308402755337,359.8682718135943,361.6063232421875,5649372.0
2017-05-10,361.79721402697396,362.8858622880295,357.97736284499473,360.46026611328125,3364302.0
2017-05-11,361.6826920087521,362.82864765537374,358.13023416713054,360.6322326660156,3229482.0
2017-05-12,364.0318298735457,368.99763657696235,363.4397575833504,368.32916259765625,10979996.0
2017-05-15,368.0427553343624,368.0427553343624,362.5421589023607,363.47802734375,7297164.0
2017-05-16,364.070025796568,366.7630396717857,361.72083118597135,364.7958068847656,6130168.0
2017-05-17,363.49705749545245,366.11366974785454,360.536672598579,363.9554443359375,2915508.0
2017-05-18,360.21198520407546,372.01533529638067,360.15467810755524,367.37420654296875,8057848.0
2017-05-19,367.27874166783636,367.7371285356309,362.0646347614067,365.9226989746094,4257396.0
2017-05-22,366.09453261645405,369.3414059970577,365.387846186081,367.25958251953125,5503052.0
2017-05-23,368.48195151544746,369.37960721233696,364.4519898895904,365.6743469238281,4039982.0
2017-05-24,366.70574885592646,368.80666720874683,362.7330939175111,364.71942138671875,5636286.0
2017-05-25,367.0877234978899,376.8665338615146,367.0877234978899,375.6059875488281,10438514.0
2017-05-26,377.01937561225947,381.98518299114437,374.574661115306,380.3426513671875,4988004.0
2017-05-29,378.509128432679,380.7246378386203,372.7029489686594,376.3127136230469,6308434.0
2017-05-30,375.1094363033943,381.9851693517254,373.82979531187584,380.53363037109375,3716910.0
2017-05-31,379.5213525773903,379.5213525773903,372.37822539383376,373.2185974121094,7763900.0
2017-06-01,375.9334463003369,379.9669932608484,371.7641647583755,376.7479248046875,5508606.0
2017-06-02,377.5236115105998,378.31867908379,373.95547739592195,375.99163818359375,3917966.0
2017-06-05,376.20493743379234,376.980617717161,371.18240286460366,371.84173583984375,5462698.0
2017-06-06,374.2657712329868,382.9921752254658,374.0330765952751,379.8312683105469,7008686.0
2017-06-07,382.0225662461296,383.5351523731171,366.50895949501773,372.83074951171875,12455046.0
2017-06-08,373.47066794392674,373.47066794392674,367.7306386002087,370.94970703125,6195352.0
2017-06-09,364.0073928461058,368.8166205024878,357.9764828371272,367.9051818847656,14757662.0
2017-06-12,365.86897943416415,374.3433005303122,364.6084990038525,373.8197021484375,8591676.0
2017-06-13,369.8055891807569,373.4706833936426,369.06868341473677,371.4732971191406,4937794.0
2017-06-14,372.3265855929267,373.06349142900075,368.91359662603554,371.7835998535156,7438110.0
2017-06-15,372.1908466402106,375.4099154727828,368.293033805371,369.26263427734375,5528062.0
2017-06-16,368.0991551529114,369.9413962570658,363.0184575765255,364.6667785644531,10948450.0
2017-06-19,364.5503478483231,364.6666951570701,359.91565339618296,360.6331481933594,6855860.0
2017-06-20,362.63059570067463,367.2459036601656,362.2621427674568,365.9466247558594,5184396.0
2017-06-21,366.508933739376,368.06029430546863,363.0377597383671,365.8689880371094,3735864.0
2017-06-22,367.55611811129097,375.7007613326851,362.6693179753239,364.6279296875,9465242.0
2017-06-23,366.50895099250636,368.11849712434906,363.7940698740434,365.8302307128906,6403018.0
2017-06-27,366.5089462048549,367.67246666899734,358.26734291717963,359.5472106933594,6904660.0
2017-06-28,361.77736064191714,361.85493342204455,357.2008506770665,358.6358642578125,5905224.0
2017-06-29,360.7688903808594,367.6530526257799,359.3726517224219,360.7688903808594,15914040.0
2017-06-30,361.0016312335616,363.79408523627694,360.30352365085423,362.8438720703125,4216700.0
2017-07-03,364.9963659189273,370.38735362366975,362.4754048733212,369.18505859375,5088924.0
2017-07-04,369.94133854352907,376.20496678923814,368.2154687158704,373.1604309082031,5167726.0
2017-07-05,371.938675684131,371.938675684131,366.6640595123165,368.79718017578125,4226228.0
2017-07-06,366.5088962123915,371.16297743413617,366.19862886531814,367.2845764160156,3829720.0
2017-07-07,366.062936075151,366.683494552129,361.8742669610626,362.78570556640625,5776886.0
2017-07-10,365.8108872126351,372.24902516663144,364.56979381845014,371.1824645996094,1464376.0
2017-07-11,371.0273148530521,383.7678552007136,371.0273148530521,378.2799072265625,11539708.0
2017-07-12,378.12482332528435,380.66517200571815,375.72020925169585,377.1164245605469,6275976.0
2017-07-13,379.0168122715867,381.42142609891226,373.91670448472405,378.9392395019531,5170392.0
2017-07-14,387.62689196585774,390.4968952378497,374.67301983910954,377.00006103515625,22478180.0
2017-07-17,378.14419520954186,384.7374786131954,377.7563550093269,381.6541442871094,7698250.0
2017-07-18,382.4297512968396,389.7017536553258,380.5099379398227,382.2552185058594,8260180.0
2017-07-19,380.6457354703831,383.4381893986052,375.8558952194761,380.0251770019531,5890278.0
2017-07-20,379.81185419266234,380.0251615408035,375.0220378085119,375.99163818359375,6809740.0
2017-07-21,377.36856656992126,381.07243625562825,376.7480316332182,380.1222229003906,5980754.0
2017-07-24,381.4407805549649,385.5131020555517,381.09171495758966,384.175048828125,6129176.0
2017-07-25,383.96175042089294,387.45231178835564,382.48796257789667,385.4549255371094,7145614.0
2017-07-26,387.1032491135764,387.4523147217191,384.11689885853417,385.5325012207031,6870024.0
2017-07-27,386.28879934314216,389.3915206230068,374.9638619372594,376.6121826171875,12676852.0
2017-07-28,378.5319999006156,389.0036843240957,373.218584921732,386.8123779296875,11098428.0
2017-07-31,384.69864988531367,396.25628148969435,382.7012636667413,392.1839599609375,19158248.0
2017-08-01,392.10637874598683,394.4334195694052,387.2001915411932,389.9926452636719,7689398.0
2017-08-02,390.1672043814807,392.78512548443797,382.8758140439175,385.2610168457031,4257584.0
2017-08-03,384.34961635310475,387.35537773225366,380.18033444009177,381.6347351074219,4640348.0
2017-08-04,383.18607089322586,383.5739110459518,378.55137633377404,381.5377502441406,5349018.0
2017-08-07,381.44083871602584,381.5377987665383,374.537287853916,375.5262756347656,6073744.0
2017-08-08,375.6231682328674,376.30188846457366,370.4067137176626,373.8197021484375,6004648.0
2017-08-09,375.2935410060516,377.71754201065875,374.09122230463555,375.9528503417969,3922410.0
2017-08-10,376.16616953481156,382.99214668030953,375.95283851560896,380.5681457519531,9140684.0
2017-08-11,378.53193772498486,386.67657982767406,376.04975161541284,383.0696716308594,6544156.0
2017-08-14,383.1861004148177,383.65151336832224,378.97804390229606,380.645751953125,3816470.0
2017-08-16,380.85904915964943,382.4491843971626,375.8171269202651,378.22174072265625,6178080.0
2017-08-17,389.779408441165,399.1845334707155,387.08391426532864,395.9266662597656,25784260.0
2017-08-18,394.78257294928454,394.78257294928454,342.92833033559964,358.073486328125,164404960.0
2017-08-21,358.36432774047074,358.36432774047074,337.4209579374562,338.7396240234375,90407176.0
2017-08-22,347.19451982562225,347.9120146608437,333.54254130749655,339.5152893066406,49242598.0
2017-08-23,341.29932282286234,350.49113886508206,338.93350744023,346.263671875,61284190.0
2017-08-24,352.93456675445276,356.13424826623765,349.9675798838614,353.7684326171875,42380524.0
2017-08-28,366.1017443547035,369.9801461728117,363.79409053855187,364.9576110839844,40712108.0
2017-08-29,365.13215529289397,365.34546266516827,358.96548674093737,359.702392578125,13369392.0
2017-08-30,363.4838296181197,364.1819372234679,358.4031089425411,359.3921203613281,16149664.0
2017-08-31,360.2259780103413,360.28416350990136,354.0593329481411,354.8544006347656,15022452.0
2017-09-01,355.2422183781876,359.10123291195987,352.93456456779023,356.7935791015625,8433922.0
2017-09-04,357.20079888116226,357.239573429659,346.5351941371536,349.13372802734375,10177108.0
2017-09-05,349.8318653721087,350.99538598864564,347.9896243959252,349.7930908203125,9783392.0
2017-09-06,349.05614607547886,349.1724933897937,345.177744452418,347.3496398925781,7735910.0
2017-09-07,349.0561883209339,349.2501084255567,346.08920125145085,347.4078674316406,6241192.0
2017-09-08,348.6683269982526,348.6683269982526,342.1138183901538,342.9670715332031,8604542.0
2017-09-11,345.33296263880885,345.87592477713724,338.83663855345577,340.79522705078125,13787642.0
2017-09-12,342.28838736498517,344.3051612783519,340.8339865147528,342.8701477050781,17241354.0
2017-09-13,343.4324739663908,344.2469288627742,341.6871931839529,342.7537536621094,11478228.0
2017-09-14,343.0446649399819,347.7375220012141,341.91991886486613,346.1086120605469,13698006.0
2017-09-15,346.06977350892333,354.19502967689573,346.0309989612879,352.2558288574219,13459460.0
2017-09-18,352.93457589662466,355.9403373946454,351.4995624470632,352.58551025390625,8475860.0
2017-09-19,352.15883886745513,355.2615599147455,350.41355827835434,353.8071594238281,6033330.0
2017-09-20,355.64942793000006,355.64942793000006,351.94555912377564,353.9817199707031,5767830.0
2017-09-21,354.87374335385823,354.97070339302593,352.2170477494165,352.760009765625,8204152.0
2017-09-22,352.2170290947871,353.0314839119058,344.40204088302374,348.39678955078125,17604088.0
2017-09-25,349.44399196859536,349.81244486320566,344.8286844927088,347.252685546875,9088700.0
2017-09-26,347.8926041683931,352.3139912152064,346.8454310602654,351.3443908691406,7366478.0
2017-09-27,351.42199570302165,352.1201270004356,347.1557535036071,348.9786071777344,6000138.0
2017-09-28,347.54359632887645,350.5687688488231,346.8454886980762,347.50482177734375,17537266.0
2017-09-29,348.2804587396522,349.9869648881994,347.1169382761567,349.0173645019531,5705832.0
2017-10-03,352.9733010570906,353.7102067899898,349.67665987538567,350.4329528808594,4947522.0
2017-10-04,350.21969763171916,351.15052357258486,347.9508419497037,348.9010314941406,4991492.0
2017-10-05,349.0561972903918,350.97601110986665,348.6683570711803,350.2391052246094,8611300.0
2017-10-06,350.6075263446472,357.5886496568194,350.588139069824,356.87115478515625,8574308.0
2017-10-09,356.8129449227591,360.3035063404817,354.48590397761063,358.3255310058594,3504832.0
2017-10-10,364.55036495728103,364.55036495728103,360.51681780426924,362.8050842285156,7143220.0
2017-10-11,362.8051623083017,363.7941501997332,359.9157477455783,360.9629211425781,5982504.0
2017-10-12,360.6913687810273,362.3784641017325,356.63843415013207,359.6441955566406,10280972.0
2017-10-13,361.77733685737167,362.04882973402425,359.7411757903083,360.73016357421875,7180728.0
2017-10-16,362.9990683501057,365.34549700947235,361.8549349361334,364.1819763183594,5758750.0
2017-10-17,363.3286420784927,363.3286420784927,360.4974137623422,360.88525390625,5625102.0
2017-10-18,360.2647527922602,360.6913675216497,357.9570989861047,358.50006103515625,7231852.0
2017-10-19,360.6913611633098,361.46704150989757,358.8297330658763,359.5084533691406,1091434.0
2017-10-23,360.69143314574745,365.34551615407963,359.95452720067203,364.37591552734375,9154096.0
2017-10-24,366.89674445788927,367.1488499984153,357.43343629487384,359.3338623046875,14529328.0
2017-10-25,356.4251274883018,366.3926249065195,354.97072680486207,362.7469177246094,13984134.0
2017-10-26,365.3454745202457,369.1463038095395,364.6085686591462,367.42041015625,33659258.0
2017-10-27,370.3874202370101,371.4345935940475,366.12117770024867,367.0325927734375,8524956.0
2017-10-30,370.25167588986346,370.25167588986346,364.97703468905894,366.1599426269531,12968326.0
2017-10-31,363.7610718709923,365.7273479351598,361.79479580682477,362.5223083496094,9954988.0
2017-11-01,363.7610923110581,365.49142494571186,363.0925536111967,364.5672607421875,5633134.0
2017-11-02,362.99421557908613,364.1543232451947,361.794791993066,362.93524169921875,4686138.0
2017-11-03,360.61505052550234,365.6880526583893,360.59539256422966,364.40997314453125,3699086.0
2017-11-06,363.03356383046633,367.6936285593791,362.83693622161104,365.21612548828125,5066534.0
2017-11-07,364.25262606873804,377.52498896193094,364.09531438904696,375.7553405761719,13442820.0
2017-11-08,377.62330132806426,378.25250003965607,372.6092975874417,374.4969177246094,5369994.0
2017-11-09,374.7722082602659,378.7047602881806,372.90424604700644,375.3620910644531,4723232.0
2017-11-10,377.0530364734487,379.2355977754637,373.592395922226,378.33111572265625,6589428.0
2017-11-13,378.33115127089263,381.2215913228913,373.336805550393,374.3592834472656,5021216.0
2017-11-14,374.35928657692756,375.49971223762964,370.93796159003693,373.2384948730469,5733710.0
2017-11-15,371.6851603012998,374.9688316063872,371.4295348214292,374.30029296875,7023516.0
2017-11-16,374.3003255328444,391.6428956893763,373.00258806593524,388.6934814453125,15687502.0
2017-11-17,387.55297369978524,387.55297369978524,379.550240515566,381.83111572265625,8057670.0
2017-11-20,381.0643447360727,381.85085525152385,376.44359545779736,377.7413330078125,5661190.0
2017-11-21,378.03626137975925,382.0474696703438,377.5446923245992,379.9828796386719,5364656.0
2017-11-22,380.1205047303028,381.8704953457767,378.82276724101024,380.0025329589844,6084920.0
2017-11-23,382.047418944081,391.072630398977,381.064280964297,389.814208984375,11894618.0
2017-11-24,389.6765478510551,400.84497999952794,389.40126443843144,397.0107421875,18619912.0
2017-11-27,395.8900250803451,395.8900250803451,390.62039566042466,392.7636413574219,6017730.0
2017-11-28,391.05298359112965,393.21588720833194,385.90132602872126,387.2384033203125,4616868.0
2017-11-29,388.39852241017263,390.08951503295077,385.5080821806115,386.451904296875,3838070.0
2017-11-30,389.1063864401704,389.1063864401704,380.80868680694107,383.8564147949219,17266944.0
2017-12-01,385.15411018254053,386.64847497794784,376.3648430263604,377.05303955078125,4085000.0
2017-12-04,385.39008239235267,391.9967647186004,380.88730571086165,387.4939880371094,17811606.0
2017-12-05,387.4940242658508,394.4349885506762,384.9968632015075,387.10076904296875,9976738.0
2017-12-06,387.35633471648055,390.9349470910777,386.96307955433184,389.4405822753906,7490094.0
2017-12-07,388.92942301753106,394.39568032318414,387.592345632691,393.17657470703125,7549544.0
2017-12-08,393.6484087360358,396.0079396575305,391.2888778145411,393.982666015625,5983244.0
2017-12-11,391.2692955134269,395.9687003078952,390.8760402838044,395.3394775390625,5139098.0
2017-12-12,394.041730047393,398.76079268269115,394.041730047393,397.3843994140625,9320434.0
2017-12-13,397.5416730681548,400.7270304412652,392.33104190687243,394.7298889160156,5362398.0
2017-12-14,395.319786143495,399.1540243080303,392.9799129246591,398.4068298339844,6023572.0
2017-12-15,398.3675062177811,403.6371353481735,397.9152531497459,402.2607421875,10384134.0
2017-12-18,397.9348926195051,405.3280605759508,395.5360218227625,399.7831726074219,4035448.0
2017-12-19,400.1175084376923,400.3141360378875,393.0782307497471,394.8085632324219,7118898.0
2017-12-20,395.2608180876926,400.5697636391768,393.6484812619032,399.4883117675781,4186326.0
2017-12-21,399.07535257662414,404.63989898213254,392.62598201453466,401.92645263671875,11059162.0
2017-12-22,399.5473275427205,410.8730977615957,399.5473275427205,408.7298278808594,12906940.0
2017-12-26,405.0528464508433,409.5752811442265,402.3000601157405,407.25506591796875,10808906.0
2017-12-27,404.26636751325685,408.6314908689113,404.0304239814246,406.7242126464844,6970172.0
2017-12-28,405.05288364752823,408.98543591595086,402.61469644062737,406.3309631347656,8433472.0
2017-12-29,405.09216707233935,412.44606802722507,405.05285115376677,409.7915954589844,6601768.0
2018-01-01,408.0808841797726,410.7550386259718,405.0528384727151,406.44891357421875,5431340.0
2018-01-02,407.90394082067246,409.7719029502441,402.3000544319575,404.9348449707031,6112248.0
2018-01-03,404.46294226808027,405.6820236938922,400.5697064848644,401.6315002441406,6846552.0
2018-01-04,401.5135905405488,401.5135905405488,397.0304713096574,399.3113708496094,8947614.0
2018-01-05,399.2720110779499,403.6371583231272,395.61474241475344,397.9742736816406,11025976.0
2018-01-08,403.04729299317495,408.5921821099753,401.13999073492084,407.4320983886719,5594690.0
2018-01-09,408.9853505071483,410.9123103172242,404.62022800172963,409.5162353515625,9948236.0
2018-01-10,411.6595433544917,415.2774718237705,406.25228460678636,413.8027648925781,9468634.0
2018-01-11,414.9826410574139,426.0527869727689,414.9826410574139,423.0640563964844,16775298.0
2018-01-12,426.9965434152921,427.0358593369181,420.999401221284,424.1060791015625,18016528.0
2018-01-15,424.7155936225588,429.8082289923236,418.85608185032805,425.1678466796875,10649250.0
2018-01-16,425.2071827239928,446.2660177731852,425.2071827239928,441.56658935546875,22646966.0
2018-01-17,442.3531608327129,456.8839712042629,441.62564821710697,453.0693664550781,26154088.0
2018-01-18,450.27722137902714,458.10300976203047,445.2042195022711,453.3052673339844,13204970.0
2018-01-19,450.27725892807007,451.4177087481474,446.737961696321,449.6676940917969,5988278.0
2018-01-22,445.2239638179573,454.97666571735687,445.1649659264606,452.2435607910156,9650214.0
2018-01-23,454.2096754698815,467.187094769021,454.2096754698815,462.9006042480469,15403796.0
2018-01-24,461.9961841786254,480.1842354470736,459.1254022900176,466.3219909667969,20604718.0
2018-01-25,464.82765248740844,465.3782193755758,457.06086218569413,462.232177734375,13548914.0
2018-01-29,458.7518065634599,470.4314651161567,458.22087371624605,465.1815185546875,10823002.0
2018-01-30,463.6085828204634,465.2602355224607,457.2378195310733,460.3642272949219,8628312.0
2018-01-31,455.84177777974975,458.77150983775186,449.15643933430306,452.341796875,9213698.0
2018-02-01,449.17602055274017,455.35015531266293,439.87557450533177,450.1198425292969,13005454.0
2018-02-02,446.4429174807357,457.316432184834,444.4176438189774,449.5889587402344,10244486.0
2018-02-05,448.31090587072214,454.1507357015026,446.6788872703239,447.60302734375,9860220.0
2018-02-06,432.56109932496815,443.7295581883144,430.67350290039747,435.6285095214844,10552078.0
2018-02-07,438.87278326904294,442.33344807379444,433.9767754533042,436.1396789550781,8342056.0
2018-02-08,441.5469904806032,450.8278042873557,439.0891452984766,446.04974365234375,8807244.0
2018-02-09,439.6592535215933,440.56375955990876,434.94019176644207,436.178955078125,4382690.0
2018-02-12,438.4009475029886,440.68179902317445,431.71560862505686,433.681884765625,6291972.0
2018-02-14,434.940247707936,439.3840506341715,428.7267963959087,431.6958923339844,8345712.0
2018-02-15,433.76043131913934,444.26032464326664,433.76043131913934,438.26318359375,7986736.0
2018-02-16,442.41206376678855,448.95977191149325,439.69859350806263,443.61151123046875,9889222.0
2018-02-19,443.74916355958345,446.7378933862105,440.5638061390364,445.0665588378906,6461840.0
2018-02-20,434.05548651965546,452.0469143867216,434.05548651965546,447.1115417480469,7188594.0
2018-02-21,451.2603852587494,452.9907179055797,448.31097097601247,451.2210693359375,13771358.0
2018-02-22,450.4936383595286,457.7491796075746,448.4879978800896,456.4710998535156,17859974.0
2018-02-23,457.5524368641456,458.5355748892082,450.96541209622603,454.46539306640625,9459828.0
2018-02-26,452.63681191919176,454.2295149510593,446.0891021284377,447.76043701171875,5083608.0
2018-02-27,450.2575536099195,453.6789028926939,442.66775652059783,452.3221435546875,6616026.0
2018-02-28,451.2996922501575,467.7770959845779,449.3137821419571,461.1310729980469,17268416.0
2018-03-01,459.95139973668574,459.95139973668574,454.6228191034113,456.4710998535156,6579852.0
2018-03-05,456.47102957446054,460.4232640227464,449.5890627275486,454.5637512207031,8101456.0
2018-03-06,457.1788707689813,458.29963853412954,449.7266556195468,452.7743835449219,6689734.0
2018-03-07,454.2098318404322,456.17610816874577,447.5441742893665,449.92333984375,6370416.0
2018-03-08,451.8502609739008,458.45696806472984,451.8502609739008,454.8586730957031,6093014.0
2018-03-09,457.10003293452615,458.5354235784144,454.42592719164816,457.5129699707031,4220964.0
2018-03-12,462.468069309377,468.70115400991205,460.79673487522314,466.30230712890625,7676970.0
2018-03-13,464.11979576948517,470.7265027290004,462.1338856928413,465.5355529785156,8581052.0
2018-03-14,464.04108956019746,468.2095846620703,459.75459870821925,464.355712890625,4429710.0
2018-03-15,464.0411235010901,467.3444766930716,460.8950819858285,465.0242614746094,6101500.0
2018-03-16,464.82770336675105,464.98501506698733,459.813698952262,460.8558349609375,17954826.0
2018-03-19,457.74907612972123,464.23778726042605,449.3530867827668,450.9654235839844,7526620.0
2018-03-20,451.692913303397,460.1085841877888,451.692913303397,457.9653625488281,8553766.0
2018-03-21,460.10859578886175,462.27149944427947,457.0411859483548,459.1254577636719,7692994.0
2018-03-22,457.9456532227802,463.03828855863884,454.32772479940365,456.687255859375,6813168.0
2018-03-23,451.06368686225034,461.6029447807354,449.2350406929334,459.16473388671875,12008084.0
2018-03-26,458.8895693347358,458.8895693347358,449.88401434179565,454.3081359863281,8930722.0
2018-03-27,456.1759983109023,456.6872492350599,452.28276251746496,453.81646728515625,3802088.0
2018-03-28,452.5385024004752,452.5385024004752,442.9037482759376,445.0863342285156,12558322.0
2018-04-02,448.70420855145915,452.0665599033436,440.9570998756672,447.190185546875,8072702.0
2018-04-03,446.22660633918673,449.7069528738282,443.6311319103804,448.4878234863281,4077168.0
2018-04-04,449.8839452449148,450.10025480511956,440.44582051949703,442.09747314453125,4813302.0
2018-04-05,448.13401796451166,452.7547669316132,444.0244719951523,451.2800598144531,7763544.0
2018-04-06,449.49062966835,450.6703951005504,441.2715875563983,443.19854736328125,5937742.0
2018-04-09,442.41208053949316,442.7267038875678,435.15654162055864,437.00482177734375,7202882.0
2018-04-10,437.29980540453306,442.2154956631272,434.7043305489529,437.8503723144531,8926058.0
2018-04-11,439.6593119914144,444.9682571719905,439.0694291935726,442.1171569824219,9025574.0
2018-04-12,444.16209648291266,461.1900669966639,442.4121299264523,457.1985168457031,17044366.0
2018-04-13,461.6816530745839,466.36140004486697,452.3418410979899,460.6788330078125,21227038.0
2018-04-16,433.3672662496685,448.3109650858639,433.3672662496685,445.6368103027344,24745084.0
2018-04-17,443.19860120347533,443.3559128811681,438.4795389013975,442.49072265625,10397940.0
2018-04-18,441.5665935247998,446.2463400248944,438.0272967103261,442.7856750488281,10430380.0
2018-04-19,442.01890713313685,448.23235937126674,441.6649678022676,445.49920654296875,8525542.0
2018-04-20,447.9176513762057,469.42869058542374,447.1114590528516,463.4315490722656,24272692.0
2018-04-23,459.32216512063445,477.56921963734464,454.30816032158646,467.06927490234375,21830638.0
2018-04-24,466.0073746804708,470.4904932024037,452.2827596986297,454.0130920410156,8526216.0
2018-04-25,453.03004895962766,460.50189872545485,450.3558940520466,456.313720703125,11594178.0
2018-04-26,461.6816549412616,464.69006714894937,456.1760815433249,462.6451110839844,11302084.0
2018-04-27,464.0410605121474,468.6028104891079,461.7601615212784,466.0859680175781,7663370.0
2018-04-30,464.7096632916252,475.0326125727079,464.2967741232538,471.7096252441406,5511678.0
2018-05-02,471.4736367370211,472.5354065027181,464.434359535985,470.7461242675781,10295042.0
2018-05-03,470.8247156243387,473.75444721081874,462.5073598254673,465.04388427734375,5332230.0
2018-05-04,466.00741373470544,466.4006689361693,454.2097576907888,461.3276672363281,6023368.0
2018-05-07,464.5327201256385,467.97370323768024,462.27150265201107,465.2209167480469,4638960.0
2018-05-08,463.215365803173,463.215365803173,456.5890244812962,458.3586730957031,5718556.0
2018-05-09,459.12545264136725,462.8220611757967,457.35580421576884,460.38385009765625,3783504.0
2018-05-10,462.46818563382925,465.2209724530782,457.29686936528157,459.3221435546875,3182862.0
2018-05-11,461.01322395573,465.2996684759004,458.5553782424217,464.3362121582031,3311706.0
2018-05-14,465.75181365426226,468.563598099037,460.10861080644,467.6984558105469,4432094.0
2018-05-15,467.2265060947162,475.0522943863089,467.2265060947162,469.7630310058594,5611974.0
2018-05-16,466.8922097143332,471.1197028745177,465.8107579756813,467.9539794921875,6205004.0
2018-05-17,470.33315133034347,470.90335208614874,461.5045925662295,465.1815185546875,9519598.0
2018-05-18,465.220898191787,466.61697334347343,461.28834622059696,465.2995300292969,7139660.0
2018-05-21,463.86422542043283,467.3445246025143,460.1086187746728,463.84454345703125,8475320.0
2018-05-22,462.0748506470182,471.11972006393853,461.642279536731,469.4877014160156,5636804.0
2018-05-23,469.93997716113853,474.91466518141664,464.6310318124562,465.9681091308594,9538442.0
2018-05-24,471.1197719214687,482.7404833272905,471.1197719214687,480.1646423339844,9740570.0
2018-05-25,483.7432615379362,491.0381654481088,480.0860166056735,483.0354309082031,8901438.0
2018-05-28,484.09714900388155,484.7263477200701,474.26576904848184,477.5691223144531,5739794.0
2018-05-29,477.4315143759385,482.34720457788677,474.3444225252853,478.4736022949219,3388934.0
2018-05-30,478.59153475543525,483.2122829340518,474.1084162833107,476.50726318359375,6323066.0
2018-05-31,476.5073357917791,488.42298828271714,475.9371349188071,484.41180419921875,19720340.0
2018-06-01,483.861208341777,490.09429366933267,478.67021089181645,480.0859680175781,4998356.0
2018-06-04,480.2039232121115,488.816221838215,476.6253104327567,487.4005126953125,4270156.0
2018-06-05,488.4229477193894,488.4229477193894,478.5915679343775,480.1055908203125,4710862.0
2018-06-06,481.8162601910929,488.2460212263906,479.79103427981073,486.6336364746094,4038184.0
2018-06-07,486.8499520958434,494.71505633002505,486.8499520958434,492.532470703125,6676226.0
2018-06-08,490.7825260382104,496.28809924697237,490.01569754319115,495.5212707519531,6459878.0
2018-06-11,497.68416760847896,499.4341341522152,493.55498775918903,496.4454040527344,5171290.0
2018-06-12,497.7627517100029,499.9256552331354,491.74592816192074,494.9116516113281,7839820.0
2018-06-13,498.1757052345543,504.93967545461805,498.1757052345543,501.3217468261719,5766928.0
2018-06-14,504.82705552156233,504.82705552156233,497.2123359092425,499.4685363769531,7598848.0
2018-06-15,498.3805940834603,520.3383486328124,497.57480492568595,516.2086791992188,19957760.0
2018-06-18,517.3166412730757,520.2376269811986,508.5939637704566,510.62860107421875,8214846.0
2018-06-19,508.85587136978205,509.01703904340593,498.8036709389048,500.2339172363281,7545700.0
2018-06-20,503.0137826207778,504.56491660754597,498.78339037606963,500.8583068847656,5371802.0
2018-06-21,501.98643437911505,506.2369914651159,497.9776533632179,502.22821044921875,5798790.0
2018-06-22,500.79792439867515,505.83410626109145,500.07269453790184,502.751953125,4343118.0
2018-06-25,506.49882960737546,515.2215053531002,505.22970209834887,512.6630859375,7731178.0
2018-06-26,511.2731991153735,517.2763379247311,510.1652390700092,514.8388061523438,4483504.0
2018-06-27,517.2963224015954,521.1238197727583,509.9032188946396,511.67596435546875,6952142.0
2018-06-28,514.2144072058924,522.957200515732,514.1942428029298,519.5728759765625,10996818.0
2018-06-29,522.9773719961735,529.8064160128764,517.0145120521092,526.663818359375,9966600.0
2018-07-02,529.4034494856438,539.8787079990583,529.4034494856438,537.7433471679688,4830144.0
2018-07-03,536.6153416962175,547.0906015718523,536.5548976683331,545.4185791015625,8127452.0
2018-07-04,544.7336220273494,544.9753489326063,539.4153842043668,541.9737548828125,5025722.0
2018-07-05,542.7392890275778,542.7997330520012,510.91061661257834,517.316650390625,17019902.0
2018-07-06,519.83466453025,524.5082312167642,511.2731558139022,517.4172973632812,11215356.0
2018-07-09,522.5542764365148,524.9716439450877,515.3223383126212,523.2996215820312,6644998.0
2018-07-10,527.1876294722415,529.9877275106431,521.466545332446,524.3270874023438,5974488.0
2018-07-11,530.8337203755259,540.7247518148152,520.2778539280753,532.0020751953125,11899832.0
2018-07-12,534.2785372831679,534.6814318967863,517.497966789664,521.4866333007812,13272240.0
2018-07-13,529.8063586270787,536.4943986411349,523.0981542119712,530.7733154296875,19496158.0
2018-07-16,530.773345103922,557.7672827560634,518.8073462178975,536.998046875,35344680.0
2018-07-17,535.7290872340267,543.7064223287088,528.8798770231425,535.00390625,11161690.0
2018-07-18,539.7981983693784,541.248609075933,529.4034981397097,532.8482666015625,6919016.0
2018-07-19,533.0295274904356,536.6152990762868,527.4292830115745,530.4912719726562,5118864.0
2018-07-20,534.2381908674092,550.8173119813748,532.3446060927276,543.1421508789062,11705738.0
2018-07-23,544.774083346043,551.1599545622403,538.3680477220713,546.3050537109375,7675702.0
2018-07-24,553.7383533160784,556.9615101465777,546.3250827696359,554.8463134765625,6172246.0
2018-07-25,555.5916218524164,561.5544812664215,550.132380659815,557.50537109375,6936922.0
2018-07-26,555.410324253683,560.1846150298348,551.6432207121932,553.2749633789062,7362218.0
2018-07-27,553.2546840941463,559.6204365948047,551.2805404736414,553.3554077148438,6493232.0
2018-07-30,551.9656053567091,553.1742891640596,543.1019241028058,544.3106079101562,6409970.0
2018-07-31,543.3235180986217,551.9655873669252,538.0858884374757,549.9913940429688,7943996.0
2018-08-01,549.4677738367571,551.3411947180468,544.3107023579614,545.53955078125,4675706.0
2018-08-02,547.775315232892,550.6560205489155,543.9679821385541,545.3781127929688,5940742.0
2018-08-03,550.434569780183,550.434569780183,546.3250646303298,549.5885009765625,3970390.0
2018-08-06,550.3740654849479,553.9799516796611,542.9003526460679,548.1984252929688,6178930.0
2018-08-07,553.577119135168,555.9743220672798,548.1984866567196,551.1395874023438,7351528.0
2018-08-08,552.6907710649621,552.9727775813067,545.2372217860884,549.0445556640625,3992358.0
2018-08-09,553.4361588470902,559.8018638079582,553.4361588470902,555.974365234375,6409524.0
2018-08-10,558.3312990227237,559.6205419377554,553.1943934001849,558.1902465820312,4779520.0
2018-08-13,560.0234851583297,568.0209330057718,555.4707565776204,567.5777587890625,9979746.0
2018-08-14,569.6727382378875,573.9434598800646,565.6639570750765,567.3964233398438,6151320.0
2018-08-16,570.0756467657172,578.1134228701965,568.5849565433801,575.9579467773438,6626774.0
2018-08-17,576.5018240784468,579.2213623034343,573.318947282539,576.2802124023438,6390408.0
2018-08-20,559.2176416888658,567.2553683791713,553.375670648168,557.706787109375,16101876.0
2018-08-21,560.0235306974719,562.4408984558783,553.4764930184547,557.5859985351562,8361482.0
2018-08-23,561.232076022531,564.6566795014911,558.1499230551747,563.0048217773438,7717182.0
2018-08-24,562.6422931903314,564.8179338058787,554.4232337435237,555.3096313476562,7053000.0
2018-08-27,557.2032839794059,572.090221170908,556.5586623953341,570.257080078125,7012950.0
2018-08-28,570.9821360924632,579.5235300539373,568.6856568320393,574.0038452148438,6496890.0
2018-08-29,577.5896037381412,577.5896037381412,566.127273727277,568.12158203125,5646496.0
2018-08-30,569.2095433294234,572.7348712824225,562.5013380168504,570.579345703125,11507962.0
2018-08-31,574.16501530328,585.9295657117973,572.5534370978501,580.611328125,10875864.0
2018-09-03,583.7942576695136,591.4089752145401,576.1392605020045,577.8515625,10976328.0
2018-09-04,581.7797625760238,603.1331749143405,576.945027706971,593.9874877929688,15370124.0
2018-09-05,597.8552570282495,599.5473945348575,584.5194567142267,588.1455078125,8658978.0
2018-09-06,590.2807355849595,592.6578230255004,583.4718085432762,585.9295043945312,5598659.0
2018-09-07,591.7313855228098,592.3760563436599,583.2303177737423,590.482421875,6510605.0
2018-09-10,594.470914222908,601.9244634693491,587.7425948460037,588.9109497070312,5629871.0
2018-09-11,592.9802711876397,600.1114856853314,589.8376737450991,591.6909790039062,6963561.0
2018-09-12,599.8294111597379,601.5215485560983,593.2622104814835,598.6207275390625,4636617.0
2018-09-14,597.814938795805,600.3128652740247,587.4605195973018,591.2074584960938,7896514.0
2018-09-17,592.2550902915891,596.2840364840489,583.8748625386839,584.9627075195312,5427054.0
2018-09-18,588.2261151032607,588.2261151032607,577.75085551923,579.4429931640625,7729732.0
2018-09-19,585.8087687782216,585.8087687782216,574.6888872676941,579.966796875,4849498.0
2018-09-21,575.2126698031503,578.0732611517474,557.6061933420361,568.3231811523438,14350769.0
2018-09-24,569.2899740971301,588.1857374968728,569.2899740971301,578.7579956054688,8637881.0
2018-09-25,578.7581499624183,593.0609096725929,577.7509133631102,585.1641845703125,9602273.0
2018-09-26,589.1930447966812,589.7167782428395,573.7218830577079,578.4357299804688,6599606.0
2018-09-27,581.7797499865896,588.8706844714627,578.1134192931888,584.0359497070312,14592616.0
2018-09-28,580.9740357502743,591.892469997775,576.3004680451656,588.2664184570312,7490031.0
2018-10-01,594.2696469190101,608.2904013121316,590.6435948361145,601.6426391601562,8252398.0
2018-10-03,599.3459591623715,605.9131603990065,585.2446490555194,587.0173950195312,7792464.0
2018-10-04,587.0174259165523,588.0246624057708,566.066906940807,569.8541259765625,6173037.0
2018-10-05,574.5276821313215,589.4347818780668,571.5462523456788,583.8748168945312,8543578.0
2018-10-08,584.237451836798,587.178602100527,571.5059922648652,575.6961059570312,7259306.0
2018-10-09,577.8313809530799,582.1021028018317,566.1877670573652,578.3551635742188,6777212.0
2018-10-10,580.0875229369552,580.0875229369552,560.3456923632963,564.4149169921875,8866251.0
2018-10-11,551.9654644427939,558.3312172089508,534.479833324154,542.5780029296875,10985897.0
2018-10-12,545.0357402556482,551.1999970602849,533.029463580273,546.9696044921875,8909221.0
2018-10-15,554.8663298930901,568.0812902175438,549.1452472102924,563.0853881835938,6222176.0
2018-10-16,572.1102423532452,575.2528394134042,555.5110071068485,560.224853515625,11588963.0
2018-10-17,572.1102199688589,581.6185208306409,565.1401250811614,568.36328125,20360697.0
2018-10-19,553.5771626630026,554.1412249212236,546.325060095365,550.7971801757812,10421001.0
2018-10-22,554.9470794441985,560.0638216301979,542.9407996624791,547.8964233398438,6672840.0
2018-10-23,544.6732243490736,549.5482392154977,526.4220791365574,529.886962890625,9041701.0
2018-10-24,534.2383583515173,537.0586211784106,521.4666163651781,523.6019287109375,7058164.0
2018-10-25,523.7646820244761,534.6390921610283,518.2663747092892,528.4484252929688,8270469.0
2018-10-26,525.638135730253,528.4076731984894,513.093880044633,516.1077270507812,5464141.0
2018-10-29,516.1891425143222,529.914524053767,514.3970920286146,525.1900634765625,7137446.0
2018-10-30,522.2168841223524,540.7074941609208,519.2437557874916,537.2863159179688,8793411.0
2018-10-31,540.7890699009641,564.4521446132433,540.0966606574056,559.1167602539062,11947995.0
2018-11-01,561.804859203421,561.804859203421,537.2864504218718,543.0698852539062,5860244.0
2018-11-02,542.4589040582644,550.4823395465231,537.6936748428428,539.4450073242188,6654067.0
2018-11-05,540.4632237523168,544.6174803404614,535.1685576567779,542.4996337890625,5799426.0
2018-11-06,544.0473387313722,549.8307234916523,538.1417494790544,542.8662109375,6975525.0
2018-11-07,548.2015660961499,551.867104056674,547.3870021049223,550.2379760742188,758956.0
2018-11-09,553.0890796768385,553.0890796768385,533.9468213964177,537.205078125,9694143.0
2018-11-12,542.4995301983881,550.9710142204312,539.4856339761018,541.0333251953125,7118080.0
2018-11-13,540.4633199988741,543.925217677842,534.5984481052125,542.25537109375,4137808.0
2018-11-14,542.2553549158445,542.2553549158445,521.7283287589671,532.0733032226562,7323026.0
2018-11-15,532.7248969683084,542.4996657200204,526.7785892544258,534.6798706054688,5513390.0
2018-11-16,537.5309029549535,539.6487498600369,524.742235845049,530.1590576171875,8583785.0
2018-11-19,536.7976250515924,539.2413168196573,528.8556268053813,530.851318359375,6018930.0
2018-11-20,530.8514879571472,534.3541040003244,521.402513604959,522.4614868164062,5384830.0
2018-11-21,521.3208517041833,521.3615699523166,498.5945009383918,504.29644775390625,14359086.0
2018-11-22,506.86259341844857,511.66854227460584,502.3824901419496,505.6407470703125,6632975.0
2018-11-26,505.84428217619273,511.5462306065202,488.61623238917116,506.2108459472656,15075209.0
2018-11-27,509.50974995744065,522.1354911634204,509.3468272242785,520.4249267578125,12285851.0
2018-11-28,522.0947768567122,544.6989266060597,521.3209311561197,542.825439453125,17719890.0
2018-11-29,546.5724511462523,549.7492706746045,536.6347602729121,538.467529296875,13399070.0
2018-11-30,538.4267776117437,547.3869811726047,538.3860593571474,543.6807250976562,10445773.0
2018-12-03,548.3238490606687,553.0890292045517,542.4589775410107,546.0430297851562,8260890.0
2018-12-04,547.8349598120138,560.6236234245315,546.8167549020528,558.179931640625,7827923.0
2018-12-05,556.3471666843723,556.876653128061,547.7942453810255,555.0438842773438,5177288.0
2018-12-06,550.7267387200067,558.3429424786075,541.318533810718,544.5360717773438,8039771.0
2018-12-07,547.386984261636,558.587238775918,542.1737550009001,556.1842651367188,5553948.0
2018-12-10,545.6764669749834,556.998877232122,541.8480060667824,545.1062622070312,5121196.0
2018-12-11,545.1062823124092,555.4512558826656,538.1010015222698,549.4234619140625,7120933.0
2018-12-12,551.5412921162655,554.4330342346219,546.2466258512825,552.6817016601562,6926183.0
2018-12-13,555.5326172224896,570.19476841018,553.9034893127463,568.3619995117188,7521474.0
2018-12-14,568.117694016859,581.3543595358117,565.6332836628642,575.1229248046875,9560576.0
2018-12-17,579.8474663640096,579.8474663640096,564.289311091188,565.6333618164062,4778465.0
2018-12-18,559.1982993598615,559.1982993598615,549.4642476431806,551.1340942382812,8021298.0
2018-12-19,547.0205167123889,547.0205167123889,538.5083118414935,541.5629272460938,8295459.0
2018-12-20,537.6122530377354,547.0204575224874,534.6798424534375,543.3549194335938,11705260.0
2018-12-21,537.2049060288131,537.2049060288131,524.1311650370233,526.3712158203125,12802132.0
2018-12-24,535.1685506059503,536.6347558696816,527.5116290818493,528.6520385742188,8379825.0
2018-12-26,527.0229078246399,527.0229078246399,519.1623453404391,524.6199340820312,6178552.0
2018-12-27,531.7065197219853,540.2594396102745,528.6519054761676,535.0054931640625,15333902.0
2018-12-28,540.3410488011674,540.4632532968692,532.1546899493487,535.1278686523438,4736598.0
2018-12-31,537.6123625296481,539.24149090095,534.1911830065035,536.757080078125,3373319.0
2019-01-01,538.3860765865863,542.7439740256513,532.8470514242018,541.7257690429688,2943390.0
2019-01-02,542.4996594054854,549.0161718307766,539.2821214520891,544.9840698242188,7416655.0
2019-01-03,547.3869781090714,551.4597978866686,540.1373390181329,545.0654907226562,6827249.0
2019-01-04,547.1833741542399,548.9347066639544,530.2811709332493,538.467529296875,7889310.0
2019-01-07,541.6850505123382,548.6902809028246,538.8340765622733,547.1426391601562,8046340.0
2019-01-08,549.7899673668197,551.8263773135692,544.5767380163253,545.798583984375,8621545.0
2019-01-09,558.9538725093123,561.8862832625952,540.8705402852809,550.7267456054688,18130292.0
2019-01-10,555.2068215102297,555.5326670081953,547.8350270014034,553.6591796875,9572493.0
2019-01-11,554.0664652358487,558.3836446676972,547.7943122378211,556.7545166015625,12281903.0
2019-01-14,575.8968106762389,578.5034257033313,566.8958874400549,571.7425537109375,19312937.0
2019-01-15,576.0597896557134,594.6318427460143,576.0597896557134,591.8623046875,19671304.0
2019-01-16,594.5503143060685,600.9853404094114,593.4099047601375,600.1707763671875,9658944.0
2019-01-17,599.3561653231668,601.9627799972801,593.8985767248444,597.3604736328125,6903771.0
2019-01-18,594.6317938089753,599.6821011792555,591.6178966914656,595.4056396484375,5902151.0
2019-01-21,601.3110731512509,611.7374809930789,597.8898948720638,606.85009765625,8129422.0
2019-01-22,603.7956828117427,610.1085550435013,597.8900926594525,607.1353759765625,6723375.0
2019-01-23,604.691749831499,604.8953908935716,593.9802597967149,595.9759521484375,7212099.0
2019-01-24,596.3444127471191,602.8967482256882,590.5292350060301,599.5386962890625,7429783.0
2019-01-25,596.2624664739103,604.3710007806147,593.19105953809,598.1871948242188,5543112.0
2019-01-28,598.7195028177457,600.0299495856431,588.8910020874954,596.221435546875,7944693.0
2019-01-29,594.2148825238887,600.2348203314026,586.843505621456,596.1806030273438,6760819.0
2019-01-30,596.1805641179376,601.831922713427,590.6110397184234,594.54248046875,5763026.0
2019-01-31,594.6244743041215,615.3462262893759,594.6244743041215,613.9129028320312,13825233.0
2019-02-01,615.3869940556153,624.5193294928604,609.7765781081109,620.0555419921875,6276585.0
2019-02-04,620.0146955921136,624.519425877129,613.6261790041616,619.11376953125,3945391.0
2019-02-05,611.824324990851,622.4309280392984,611.824324990851,618.2537841796875,4694366.0
2019-02-06,618.8271077871492,628.1642055977976,617.8442474928149,625.1746826171875,5880482.0
2019-02-07,624.9698860688056,630.2117740091531,623.2908602409962,625.7479858398438,3961797.0
2019-02-08,622.4719486152825,632.5052135765156,618.2948542194024,623.2091064453125,5915169.0
2019-02-11,628.1232997876875,629.6385074191562,621.6528483006693,624.7651977539062,5500216.0
2019-02-12,622.7584476607594,622.7584476607594,606.9100079355055,614.6499633789062,7310690.0
2019-02-14,615.1004150192755,616.7384986811111,603.8385898441556,606.1318969726562,4610535.0
2019-02-15,607.9748771306965,611.4148635883407,600.0301595950405,607.688232421875,5586389.0
2019-02-18,608.015733239308,612.3566952928098,602.8148371809656,606.9509887695312,5346825.0
2019-02-19,605.3539284257365,606.5415493360142,590.7749906739642,593.2321166992188,9401334.0
2019-02-20,595.4434233281191,608.5480928924244,594.6653235746692,606.664306640625,5210675.0
2019-02-21,604.4530105863894,604.4530105863894,595.5254325748105,600.7263793945312,7202786.0
2019-02-22,599.9482322310631,604.61678137414,596.262543432374,601.9548950195312,3750833.0
2019-02-25,602.4463077767017,620.8338099018117,602.4463077767017,618.2947998046875,6547552.0
2019-02-26,613.1347464344417,616.4109140349257,606.2138823706995,608.1386108398438,8319610.0
2019-02-27,610.1861582642224,611.3328368128035,600.1528959303475,602.2005004882812,5936354.0
2019-02-28,605.0262284756717,608.0566933381883,599.7843406058943,601.4224243164062,8559921.0
2019-03-01,602.4054495614666,608.8759019866195,602.4054495614666,607.6473388671875,3998826.0
2019-03-05,606.5005779383532,608.1386618760665,598.1053977575725,599.9482421875,4826505.0
2019-03-06,602.8967732792421,602.8967732792421,595.4435113587883,599.9482421875,6076668.0
2019-03-07,601.1767456354103,601.5862665793036,590.1606222466097,592.1263427734375,5951551.0
2019-03-08,592.126331852435,592.126331852435,582.0521268165346,583.4444580078125,7193994.0
2019-03-11,584.2226050784069,588.4816331591883,581.0283715105853,582.5435791015625,9932198.0
2019-03-12,580.7006933376064,585.5740025251808,577.9159309474641,579.0216674804688,11997387.0
2019-03-13,581.519810256439,588.5635513422761,578.4893449091442,580.2503051757812,11348867.0
2019-03-14,584.79594189222,585.533099630242,578.407424793989,580.1683349609375,6415187.0
2019-03-15,583.1578077561155,592.7815496678211,581.1920872843938,588.5225219726562,14638664.0
2019-03-18,590.9796997403197,592.7406599012969,577.7112103606929,581.68359375,8065544.0
2019-03-19,583.8130832408314,595.0339677862826,579.3902867711118,591.5530395507812,8917337.0
2019-03-20,595.6482179006665,607.9747884174195,595.5663337073393,605.2310180664062,13471173.0
2019-03-22,610.1862044607986,611.2918910096549,599.7843625209138,608.6300048828125,8883260.0
2019-03-25,608.0566695201097,608.0566695201097,598.3509939212969,602.2005004882812,7644966.0
2019-03-26,602.2006151362491,602.2006151362491,588.9730671775767,596.0578002929688,9406261.0
2019-03-27,597.9006098078652,599.784396251655,595.5663602999616,597.6549072265625,7387487.0
2019-03-28,597.900606504819,610.1862354056029,597.900606504819,604.2891235351562,9277241.0
2019-04-01,607.7291275682497,622.4718826844606,607.7291275682497,618.4585571289062,6584982.0
2019-04-02,621.6528319781129,627.222307167725,618.0490274487653,621.98046875,7283600.0
2019-04-03,619.1957373104522,621.2433422618756,611.6605410911428,616.9843139648438,6897127.0
2019-04-04,615.4279251152366,617.3935951107686,610.2679226499171,612.561279296875,7688525.0
2019-04-05,615.0186369971943,623.2499988207516,612.6433952813786,621.8985595703125,6276040.0
2019-04-08,624.9698653517939,630.6622161318325,618.7042252766403,628.4098510742188,4919911.0
2019-04-09,630.6622089976705,633.1193344872718,620.9975254033078,622.9631958007812,6730692.0
2019-04-10,625.7479605687112,627.9593835164342,615.3461192889368,616.4927978515625,7031088.0
2019-04-11,615.7146866181305,615.7146866181305,606.1318873504478,608.3023681640625,8200995.0
2019-04-12,608.6300336903092,615.5509479457481,606.582428880437,612.4385986328125,7043212.0
2019-04-15,593.5595982477735,599.0061961849326,583.6491625438646,595.8529052734375,31574803.0
2019-04-16,596.1806366088639,596.1806366088639,584.8778180628586,593.0682373046875,12524411.0
2019-04-18,591.7577333685049,591.7577333685049,583.7720753749506,587.2939453125,13801105.0
2019-04-22,587.2939619199173,594.4196361752723,585.6149360872473,590.5701293945312,6455426.0
2019-04-23,592.9043389919077,597.9004736385041,588.3996093960012,596.4262084960938,5516668.0
2019-04-24,596.4263753949793,604.3710925399192,592.9863891065114,603.1834716796875,8285120.0
2019-04-25,603.1834025081248,604.1662627621687,595.4843888401887,596.7129516601562,8005235.0
2019-04-26,598.7196484077267,605.9272073644963,597.081564554354,604.4529418945312,6895168.0
2019-04-30,604.4530159662157,617.3938699956051,604.4530159662157,615.38720703125,9920046.0
2019-05-02,611.8243367583901,612.9710154847346,597.4911026308508,598.5558471679688,6351352.0
2019-05-03,592.0854020757248,598.7196213863281,588.2358951959644,592.65869140625,6348116.0
2019-05-06,585.615017536562,591.1844930199576,582.0522049085307,588.3997802734375,8858265.0
2019-05-07,590.0378345508549,596.1806491110442,588.6454532524748,593.4368286132812,5747536.0
2019-05-08,590.5292957729748,594.6245058684879,586.8436066870131,589.1778564453125,6247642.0
2019-05-09,589.0139798382986,598.146266679576,586.2701595841004,590.5701293945312,7396525.0
2019-05-10,590.365413612408,594.6244416498438,585.6149804127249,587.1301879882812,8352335.0
2019-05-13,586.8845362729284,594.9930720852498,583.2397893675848,589.4645385742188,6808993.0
2019-05-14,586.8434544163941,587.8672566746224,576.2777951153414,584.6729736328125,10513001.0
2019-05-15,585.5330588787999,593.969180228459,583.6492225661541,586.515869140625,6668929.0
2019-05-16,589.7102066336917,603.6339198458761,588.9730488792582,600.4396362304688,6468556.0
2019-05-17,600.4805561055279,602.650987027489,589.7920199034324,592.9044189453125,8155948.0
2019-05-20,589.4643585229929,594.9519482558353,578.2434765299386,591.67578125,11213708.0
2019-05-21,591.8805883355938,591.8805883355938,579.6359031881788,580.9463500976562,8645535.0
2019-05-22,581.5197629213081,588.2768587580698,579.0626371624857,581.3150024414062,5795713.0
2019-05-23,585.6149758971854,587.0073571666198,571.2408001232341,574.1893310546875,7233736.0
2019-05-24,576.4417164465291,582.9531099700822,573.697945900486,580.8645629882812,7016424.0
2019-05-27,579.3902116867029,584.6320494148865,577.8340122104795,579.9635009765625,10247544.0
2019-05-28,583.1578660411981,600.7263257957065,581.3559637604159,596.3444213867188,23860490.0
2019-05-29,594.2150291317502,600.8902420809254,592.6998212796607,596.0988159179688,10293077.0
2019-05-30,595.4433916493454,603.8385701423382,591.7986456226114,600.80810546875,15089296.0
2019-05-31,603.2244274898206,608.5072583396358,600.5215989125811,604.2482299804688,8290306.0
2019-06-03,597.7367346155668,615.0185477165822,597.0815111309138,609.8995361328125,7744761.0
2019-06-04,603.8385354675024,605.6404373313267,600.480484259276,602.2413940429688,11733702.0
2019-06-06,603.2243403000481,609.8995515703837,600.8900909549043,602.4871826171875,7563925.0
2019-06-07,602.691934746675,609.3262038295796,602.691934746675,605.3538208007812,3218358.0
2019-06-10,606.1728298896163,617.6394153488794,606.1728298896163,617.1480102539062,4435148.0
2019-06-11,618.3766840051027,621.6528518673814,614.6909951600392,618.2947998046875,5733127.0
2019-06-12,619.9737396218774,619.9737396218774,610.1861794963166,617.3937377929688,8738342.0
2019-06-13,614.6526794403948,620.6330940283074,614.6526794403948,616.8538208007812,4808577.0
2019-06-14,617.8505388304515,619.2210685162378,613.1991332422704,615.0264892578125,5556353.0
2019-06-17,617.1445671539617,618.390484853465,612.8253756563794,615.1095581054688,3085588.0
2019-06-18,614.8188980928701,624.9938931988295,614.8188980928701,623.08349609375,6202838.0
2019-06-19,625.0353951537162,627.4441897126518,621.7959887739784,624.5370483398438,4596253.0
2019-06-20,612.8254967014983,628.6902156266809,611.2473643883278,627.0289916992188,7148684.0
2019-06-21,627.1119266126701,627.1119266126701,620.591644078154,623.125,13200318.0
2019-06-24,624.5371280161828,624.5371280161828,616.85396769357,619.22119140625,4758178.0
2019-06-25,617.9751881189896,623.7064299003147,612.4100788393664,621.3806762695312,3677911.0
2019-06-26,617.1446574463839,624.1633383197702,612.991597840419,613.9883422851562,5447130.0
2019-06-27,616.3139824606739,618.5566445577194,604.810028807908,606.803466796875,11122346.0
2019-06-28,610.9148923529953,614.2373390823115,605.1006105766921,608.0077514648438,5919494.0
2019-07-01,610.4997267063825,612.5762563890572,606.2220552814623,607.4264526367188,3224968.0
2019-07-02,609.6691604201858,616.0233620029044,606.4297535943824,614.65283203125,4837606.0
2019-07-03,615.4833979448019,617.3107542048608,606.3466673410329,607.4264526367188,5958379.0
2019-07-04,605.5160031803492,611.662550788909,605.1837381812029,609.5029296875,3274064.0
2019-07-05,610.4996730623802,611.6625498611075,592.6415193605555,596.3792724609375,4926289.0
2019-07-08,595.0918239347808,602.1520241124088,591.6447647459191,596.0469970703125,7177092.0
2019-07-09,596.3792025967964,597.9158139683353,588.945217717603,594.3026733398438,5022638.0
2019-07-10,588.9038602470645,600.2832538636409,586.8273304154458,595.7564086914062,7573816.0
2019-07-11,597.5837547303134,600.9477228599543,589.4021969175512,599.2864990234375,6252688.0
2019-07-12,600.1171767920779,606.8451137896109,597.7083816862021,603.6472778320312,7874441.0
2019-07-15,633.7567977432616,649.2477279536022,626.4474241078071,647.3372802734375,31064152.0
2019-07-16,645.3852365607169,654.3558320261196,644.5546249306516,651.905517578125,9924322.0
2019-07-17,651.1166605222003,660.3364319347548,645.1777654154979,659.6304321289062,6754348.0
2019-07-18,655.3942718514284,663.2435639941708,653.0270483512235,658.426025390625,6534471.0
2019-07-19,655.1034351331284,659.9209726861856,648.9153680441567,652.3624267578125,6812754.0
2019-07-22,652.8193595476663,657.8445508383775,649.5799532232627,651.5319213867188,7107151.0
2019-07-23,653.6914976222131,667.8118984603041,652.4871003526009,656.224853515625,10782564.0
2019-07-24,654.5220965821011,659.2981144188359,650.8673843936434,653.1100463867188,5745146.0
2019-07-25,654.7296971872665,664.6555175154539,654.2313504271008,659.9210205078125,9773568.0
2019-07-26,658.093822448163,660.336484799997,649.7046622280576,653.6915893554688,4941763.0
2019-07-29,655.7679922221724,661.9560600461567,653.0269835212823,657.3876953125,6244316.0
2019-07-30,657.7615460481574,662.662125558315,654.9789659253205,658.426025390625,8673253.0
2019-07-31,656.8892734293389,664.3232586317847,649.2061148445271,659.2150268554688,7350584.0
2019-08-01,653.2347048579319,654.8544081178437,634.9197235565276,638.6159057617188,10066407.0
2019-08-02,635.459589252547,647.7942057118562,633.1338861988615,644.2225341796875,10838336.0
2019-08-05,641.730630771693,652.7778078277031,638.4497548499427,645.1361694335938,9976238.0
2019-08-06,646.8805364998835,650.9505550816942,639.4050294123737,643.2673950195312,9331718.0
2019-08-07,646.9636323063985,650.7429063303058,641.5230837779582,644.6378784179688,5130457.0
2019-08-08,650.1198891368655,658.4675278846511,648.9154918446972,655.1450805664062,8009009.0
2019-08-09,657.8446126861945,661.7900191385423,651.8641969770148,656.0587768554688,4362520.0
2019-08-13,651.3242151572565,652.8608265951904,631.3895334291591,635.2103271484375,7517099.0
2019-08-14,643.8072178466534,646.4236654250881,637.9098940526408,643.5580444335938,5940968.0
2019-08-16,647.877186121257,647.9187065708069,633.3414800223826,643.350341796875,5128088.0
2019-08-19,644.2224982046083,650.36904586431,642.3536216360327,645.92529296875,3881451.0
2019-08-20,652.1963596556726,662.8281799720612,651.0750033693879,658.4674682617188,8435344.0
2019-08-21,658.6750761498403,667.6041518984036,658.6750761498403,664.0325317382812,5926896.0
2019-08-22,664.4064878803115,665.5693141377823,658.1353273951073,660.9179077148438,5222488.0
2019-08-23,661.5408153780414,672.7540753073816,661.0008973991304,666.3168334960938,6895015.0
2019-08-26,661.0839449164071,670.1375830228723,653.6084387953615,666.6074829101562,5412074.0
2019-08-27,657.0139891189174,660.2949161444673,648.7909113279466,651.7396240234375,16061642.0
2019-08-28,654.0237609236875,668.6425085335134,653.1100575127473,666.5659790039062,5881134.0
2019-08-29,660.7515713744478,672.546267011572,660.7515713744478,670.2620849609375,7830413.0
2019-08-30,672.7955823400858,678.9005590123404,666.1506876996899,676.8656005859375,8174186.0
2019-09-03,676.9485813758108,683.0951286509592,674.4982665554536,676.3256225585938,5647088.0
2019-09-04,673.418452964991,683.1366202423644,673.0031471043897,682.181396484375,6199015.0
2019-09-05,689.4908019232466,695.6373492278674,686.6252319075228,692.771728515625,7926895.0
2019-09-06,700.4550201701353,703.5282944054269,693.6024718480045,697.838623046875,6106841.0
2019-09-09,695.0559382304439,697.963079505891,687.3727791453338,688.6602172851562,4377870.0
2019-09-11,683.0119872174528,688.2033103154458,676.2425323155785,681.1846313476562,7981036.0
2019-09-12,678.1115112304688,680.9770814569157,673.5015750647467,678.1115112304688,4400017.0
2019-09-13,679.523492689541,690.27992562916,679.0251458885981,688.8263549804688,4832021.0
2019-09-16,691.1105164266216,696.0111461718949,681.5584810254942,687.4973754882812,4846496.0
2019-09-17,690.6537589212288,693.5609004199953,681.5585489500689,690.4461059570312,5540901.0
2019-09-18,689.3247742734939,691.85813020201,684.4241442243464,689.283203125,3199389.0
2019-09-19,685.1300526318915,686.9158880972077,677.1146800024757,681.6830444335938,6601607.0
2019-09-20,683.5103642060242,693.5607451444827,666.1505600070361,668.6423950195312,22462366.0
2019-09-23,670.2206856484727,670.2206856484727,616.2309183302906,634.8781127929688,17279260.0
2019-09-24,635.4181567390216,663.3682697944552,635.4181567390216,659.5474243164062,13717998.0
2019-09-25,654.27292191927,665.3200486679606,649.2477306922306,658.3844604492188,9313576.0
2019-09-26,654.314430659483,661.9975896358084,646.2990066920602,649.9952392578125,18442824.0
2019-09-27,653.7329755659696,659.7133903772483,647.9602136946899,649.7045288085938,5087642.0
2019-09-30,652.1133205977852,671.1343515833988,651.3242799247997,669.1824340820312,8178091.0
2019-10-01,670.303820560099,670.7606469775567,657.4708562353491,659.132080078125,5881438.0
2019-10-03,658.3013262012441,662.7035582960015,651.3242179840394,652.528564453125,5497672.0
2019-10-04,656.183511623372,662.4961428489827,653.7331959659776,659.0491333007812,8201713.0
2019-10-07,660.2118029398276,666.1506978941769,652.9439493156705,655.8095703125,3679845.0
2019-10-09,660.7102682277002,661.0840537345838,646.8805593487093,650.9090576171875,6335025.0
2019-10-10,652.3626129333,660.0872935397148,645.0531875844289,650.41064453125,10402917.0
2019-10-11,649.1231670070367,684.2580384600514,645.0531486243522,676.7825317382812,20636344.0
2019-10-14,653.4838266342182,661.9975974928145,647.8771970444108,652.9439086914062,15150858.0
2019-10-15,642.1460456706589,644.5133200259127,635.4181094957851,638.1591186523438,13762133.0
2019-10-16,635.6257091593558,644.5132659670761,632.5524352188232,640.7755126953125,10767032.0
2019-10-17,637.0792322784681,640.0278939443645,635.5010496252461,639.15576171875,9860495.0
2019-10-18,634.421310522096,642.7274288863458,631.2649956829857,637.7852783203125,10037200.0
2019-10-22,574.0358037405917,574.0358037405917,530.2210306006513,534.5402221679688,90152532.0
2019-10-23,529.8723984303101,552.2868624850809,517.3404751399141,547.1983642578125,60516887.0
2019-10-24,546.6936014864777,549.3850264068817,531.5543940606983,534.3719482421875,25666433.0
2019-10-25,544.1704872883242,548.7963569638819,534.918747937209,536.1383056640625,16549337.0
2019-10-27,547.618719164661,548.796233532924,542.9508074452204,545.726318359375,2945281.0
2019-10-29,547.53470941113,549.8476440514997,544.1704408433197,547.2403564453125,16709764.0
2019-10-30,555.4407753889147,564.6925141887414,551.908283034775,555.6089477539062,22879467.0
2019-10-31,562.1693656433549,584.9202242950498,560.2348699171029,576.6356811523438,27405901.0
2019-11-01,580.3363499256558,583.700618620877,574.11243230563,578.5701293945312,9713519.0
2019-11-04,573.4396120692132,616.0817297759278,570.3697475612332,596.316650390625,29381982.0
2019-11-05,596.1063785335464,596.1063785335464,581.5979693205605,585.4668579101562,12897805.0
2019-11-06,585.2145541285847,606.8299916806073,582.0185089992797,599.0921630859375,21372589.0
2019-11-07,603.0451172805697,609.2269399991624,598.9238679117328,605.6524047851562,13733737.0
2019-11-08,607.250505545007,609.1429067049463,593.3728970387845,595.6017456054688,8585630.0
2019-11-11,587.8219448828579,594.8027930679144,587.0649637939534,592.4478149414062,6951494.0
2019-11-13,585.8032569829571,588.7469919426704,578.4439195836737,581.4717407226562,9973690.0
2019-11-14,585.6770896162902,596.9894530555067,585.6770896162902,593.2046508789062,10539902.0
2019-11-15,596.3587484337614,599.6389313806237,590.6815442574273,592.0272827148438,7362623.0
2019-11-18,592.9522597244918,597.1575948998428,588.1581673576601,593.1204833984375,7490916.0
2019-11-19,597.0736412985449,600.5219963741083,592.9523913777961,599.5547485351562,6495885.0
2019-11-20,599.5126234796708,601.3629813816236,592.9523103133492,599.6808471679688,6142171.0
2019-11-21,601.7836367249113,606.7879972902571,597.5783003396917,599.8912353515625,9692973.0
2019-11-22,598.6296193605766,598.8398861745424,576.2151564579559,583.02783203125,14415826.0
2019-11-25,583.1538570303593,593.078489942407,583.027727765339,587.14892578125,7334511.0
2019-11-26,592.9523919577827,594.8447932087118,576.9721147277148,580.8410034179688,27253106.0
2019-11-27,583.9108845926299,586.7705335134103,580.4204352923832,585.1724853515625,3861635.0
2019-11-28,587.9900437754582,591.5645792829888,583.742664792267,590.302978515625,4837683.0
2019-11-29,589.5038365482031,590.6812994589544,581.6398298881824,585.6769409179688,4262379.0
2019-12-02,591.3543065343835,592.1112875210467,580.5886570282067,582.6072387695312,9383736.0
2019-12-03,582.6072540962515,588.4947244395534,579.1168047159983,587.3592529296875,5239013.0
2019-12-04,586.2238044780871,597.578211021063,583.153888841861,596.1904296875,7427886.0
2019-12-05,594.1717626901934,602.1198557094771,591.9429147178415,601.2366943359375,4814422.0
2019-12-06,602.1621425943332,605.5684548861329,596.8213344483524,601.4472045898438,5226096.0
2019-12-09,602.2040981586572,607.5448541936557,600.7322306003085,603.2554321289062,6435865.0
2019-12-10,599.6809751138339,604.3068451883446,597.1577732550099,600.984619140625,4457939.0
2019-12-11,602.7087178502597,607.8392584251918,599.6808965502122,606.4514770507812,6043554.0
2019-12-12,604.3067668700361,606.1571249269681,588.3685335937956,590.5132446289062,11112042.0
2019-12-13,589.0413422834619,599.5967758026204,589.0413422834619,598.2510375976562,10302412.0
2019-12-16,599.092087278873,605.736537927313,597.3258668962052,600.5219116210938,5616324.0
2019-12-17,605.3159532149119,615.0302671678626,601.3629278974656,613.7266235351562,10525565.0
2019-12-18,614.8201151605759,620.1188281843561,607.8813108513082,616.0396728515625,12215295.0
2019-12-19,616.9226959259063,618.9833205146085,609.4371784680606,614.69384765625,7199210.0
2019-12-20,614.8200771501741,618.1843456981916,612.5071425234122,615.2826538085938,7794167.0
2019-12-23,615.7873635134639,620.1188287399051,615.3668299185862,619.0254516601562,4975608.0
2019-12-24,619.8244622737782,619.8244622737782,612.5492107067897,616.8386840820312,2890759.0
2019-12-26,615.6610080936158,617.8057185516016,611.077182944021,613.0957641601562,3821806.0
2019-12-27,613.7688294220009,620.2871006491616,613.0118483585267,619.8245239257812,3399094.0
2019-12-30,619.1094031390497,620.6654079023416,611.6659806631237,616.4180297851562,5368416.0
2019-12-31,613.7266095565979,620.4971887432527,610.1520747519095,614.9461669921875,6927885.0
2020-01-01,618.1844026324181,622.3897387047475,616.123777690043,619.7403564453125,2112415.0
2020-01-02,621.4644989125743,623.0624955971197,614.7359621321849,617.9320068359375,5658200.0
2020-01-03,617.2591441279282,629.11816929876,617.2591441279282,627.43603515625,7882938.0
2020-01-06,627.5202226022485,633.9964503630143,619.4459979490006,621.4224853515625,6519403.0
2020-01-07,620.7075876951653,624.5764762444932,609.857800384513,612.2128295898438,7899363.0
2020-01-08,609.731646677913,613.1379584021026,595.7278579583198,604.054443359375,8639443.0
2020-01-09,606.9981736921635,615.240621512479,600.7742562352731,611.9183959960938,13521186.0
2020-01-10,622.7682456468999,624.8288706436347,614.3996163752652,620.8338012695312,9341405.0
2020-01-13,639.2110932729718,653.9297697628099,635.0057571330179,650.6075439453125,36952038.0
2020-01-14,647.5796860995617,653.4671563649406,645.2667513524486,652.373779296875,11414418.0
2020-01-15,650.8597475603698,650.8597475603698,641.0193036675736,645.56103515625,6047430.0
2020-01-16,648.2104081668134,649.7243186423489,639.4212469227776,645.0984497070312,5740586.0
2020-01-17,648.2104265364883,650.0607844299849,641.1033992493434,645.8133544921875,3762957.0
2020-01-20,648.967384890237,651.3224139506946,641.6921849277924,646.3180541992188,3887680.0
2020-01-21,646.3179576366163,648.0421347496158,639.8417313572618,641.3135986328125,4448374.0
2020-01-22,646.3180495074183,654.3502303716543,644.2574247618087,647.7899169921875,9733935.0
2020-01-23,653.5933028182379,660.658287856233,653.2569067378898,659.6910400390625,12528017.0
2020-01-24,652.4578061489128,661.4992775199742,650.6494913408358,658.3452758789062,7540490.0
2020-01-27,655.2334113376766,660.069547881193,651.3224795424171,654.4343872070312,3741610.0
2020-01-28,656.8733598174657,657.5462031841498,649.3037564392874,654.3501586914062,5121009.0
2020-01-29,661.5833959122372,666.7980224796606,659.6069086547881,664.1907348632812,6832757.0
2020-01-30,664.1907593716351,664.1907593716351,654.3502631422793,656.6211547851562,3859680.0
2020-01-31,656.4949257895097,660.195641626236,648.9673648497117,652.6260375976562,6092028.0
2020-02-03,657.7144338993415,665.2419942729217,642.9957605064534,645.4348754882812,6416745.0
2020-02-04,647.7057633307895,664.3589332396054,647.7057633307895,662.6347045898438,5771311.0
2020-02-05,656.8734139163893,661.0787494728322,651.3223915157496,659.8591918945312,6310409.0
2020-02-06,659.690952260605,661.7515769003892,647.6216600391936,648.757080078125,7341622.0
2020-02-07,652.6259326512235,655.0649960896401,648.462640838056,653.7613525390625,2853344.0
2020-02-10,650.985953783631,654.3502222786368,647.4114185076872,650.3131103515625,3827682.0
2020-02-11,655.191370604796,655.2754567937272,646.9489220374206,650.6075439453125,4312817.0
2020-02-12,652.4998639117927,658.7658242465668,651.9111066586198,656.9154663085938,2948825.0
2020-02-13,660.2376519080102,667.8072555604587,657.8826743719583,666.3353881835938,4387430.0
2020-02-14,668.2277940725314,672.1808196096221,659.9012094589717,661.4572143554688,5321680.0
2020-02-17,664.6953552903132,667.3447373343718,658.8078852676626,663.98046875,2929629.0
2020-02-18,660.2377379139069,672.0547215548595,659.1023177519982,670.8772583007812,5083346.0
2020-02-19,672.8536872683541,676.9328422135535,669.6155994322401,673.232177734375,3985192.0
2020-02-20,675.5872364690342,677.9842574837965,667.6811841607392,670.33056640625,4564569.0
2020-02-24,672.9377553322428,682.6100268263813,666.2513130627193,669.3632202148438,6627536.0
2020-02-25,672.0126764144537,677.9001466709008,668.9848551021477,671.508056640625,6996695.0
2020-02-26,667.7652377138281,674.0732409959639,656.4528748942655,658.3452758789062,8760569.0
2020-02-27,654.350118570711,656.6630527944506,649.4719402930274,654.2239379882812,5223386.0
2020-02-28,630.8003938548435,636.5196404921938,607.2925555769194,615.4088745117188,14123957.0
2020-03-02,619.8665153162788,644.1733774955193,617.1330469651554,623.2728271484375,9821523.0
2020-03-03,635.0057595290015,638.3700284536584,623.4410851004932,628.2772216796875,7826587.0
2020-03-04,634.080573675277,640.472663771301,627.0576318534781,638.1597290039062,11013444.0
2020-03-05,642.3649736649388,650.607420670565,632.272168841398,634.669189453125,7755293.0
2020-03-06,623.2306468091032,625.7538478083304,613.2219289783067,621.5064697265625,9216022.0
2020-03-09,609.3532572169338,610.4886775350212,586.2239065289205,592.4898681640625,10308654.0
2020-03-11,580.8830899998828,585.3407359526984,562.7160074355749,576.9721069335938,16165009.0
2020-03-12,561.8328524429679,563.5149867317193,527.769633095752,530.881591796875,13965574.0
2020-03-13,497.91180645255696,560.9918494997559,479.4083271587119,540.259521484375,16903113.0
2020-03-16,523.1437280269784,523.2699086238717,487.8189103788544,490.4682922363281,19140152.0
2020-03-17,494.6315904961684,497.9117730484286,462.58695131188466,466.750244140625,16059887.0
2020-03-18,477.72604775592697,486.13671761078484,444.08336833649554,449.382080078125,15390183.0
2020-03-19,428.3134212261606,469.31544240392265,428.3134212261606,458.8441467285156,16583991.0
2020-03-20,462.1664547680168,519.3169847828797,460.90485389057915,492.19256591796875,21354894.0
2020-03-23,454.17626539979733,471.7966326299263,433.9065674223022,442.7798156738281,17146150.0
2020-03-24,439.03708511900146,505.6075755516601,439.03708511900146,496.0614318847656,20027097.0
2020-03-25,502.11715145246455,534.0777071563065,475.7917566264974,509.85498046875,18339548.0
2020-03-26,517.2563899916772,547.4086321914688,514.817274285489,540.8062744140625,14843813.0
2020-03-27,559.3516351434106,567.6361764431037,540.1753165397977,548.9644775390625,13495283.0
2020-03-30,525.7510634950928,558.0480631150446,522.3867948402923,527.0968017578125,14624804.0
2020-03-31,546.6936261600009,556.7864315660318,532.984242417075,539.5445556640625,15175521.0
2020-04-01,533.5309924264834,536.180374812366,499.593949236934,506.9953308105469,13083824.0
2020-04-03,507.58402202392654,509.6866898864946,489.62725901146126,492.613037109375,10221655.0
2020-04-07,517.2562834690434,541.8574969511077,515.4900630349658,537.44189453125,15145605.0
2020-04-08,529.8723306056918,551.4457245999333,526.8024148230776,531.218017578125,11806896.0
2020-04-09,544.002215336272,549.0486181711811,531.6385181238118,535.1289672851562,11931114.0
2020-04-13,529.0312674456261,548.1235031036816,526.5501089450446,536.0962524414062,8330276.0
2020-04-15,547.8710955615969,549.4690921518867,534.5821951364273,537.48388671875,11963447.0
2020-04-16,521.4195153807357,533.993477742919,507.5839524738782,524.6996459960938,17783287.0
2020-04-17,541.6471957318588,543.3293298800944,526.5079883977386,528.8209228515625,8878320.0
2020-04-20,538.2828744578844,555.9452812760337,537.441807466544,549.4690551757812,13322913.0
2020-04-21,528.0218771208939,543.7498410261695,528.0218771208939,532.5636596679688,11660575.0
2020-04-22,532.5638486209972,542.4884329412033,528.2323312969759,539.8390502929688,8266728.0
2020-04-23,544.212381756862,574.9954641735591,536.6848219827632,571.3367919921875,14451289.0
2020-04-24,562.2954282688096,567.7203216088942,550.7307550508507,553.4221801757812,7319940.0
2020-04-27,555.9874274603991,572.7667273161079,555.9874274603991,558.9732055664062,7183306.0
2020-04-28,566.0382938092135,569.4025630146175,549.2589908803266,555.6931762695312,7296571.0
2020-04-29,560.1506783062439,573.6077516589464,553.4221416298926,569.02392578125,8639056.0
2020-04-30,588.7469682886748,605.5683102397799,587.1489202694552,601.7835083007812,16253821.0
2020-05-04,580.168113799409,589.7562999093207,563.8093473522927,566.626953125,9122740.0
2020-05-05,573.3975334622045,576.6356214781432,563.5149943816311,566.626953125,6393053.0
2020-05-06,569.3184513263835,573.1452971092436,558.5107061871496,560.0667114257812,7934250.0
2020-05-07,559.7721978508764,567.1735780601467,557.1649103760788,559.267578125,4779548.0
2020-05-08,565.4074549933629,572.6827071905893,562.253452827167,567.0475463867188,8400321.0
2020-05-11,574.028359717549,587.5274779099074,570.243557345785,574.3648071289062,7370186.0
2020-05-12,570.6641383210233,581.1774791154415,568.140936530363,578.3599243164062,7356039.0
2020-05-13,584.3734450728143,588.6629183350881,575.0796633398852,583.8267822265625,8287101.0
2020-05-14,554.2632263545,564.9868320237259,548.8803763082393,553.54833984375,16888262.0
2020-05-15,559.1413903678222,559.1413903678222,543.9180965943926,548.6280517578125,9255353.0
2020-05-18,554.9781583367356,563.9775874320625,549.21686868607,558.384521484375,10435442.0
2020-05-19,558.4685751093036,567.552089859209,550.8989709286053,562.3374633789062,5902208.0
2020-05-20,562.2534253480909,566.0382277625507,554.8100011335205,563.1365356445312,5794636.0
2020-05-21,560.5711423207796,571.4629699816402,559.6459891763926,565.365234375,7213225.0
2020-05-22,567.720430059183,585.2566628093635,566.4588291034959,582.3129272460938,11867731.0
2020-05-26,582.859603174169,588.28449719359,571.0846616959029,572.3883056640625,7099606.0
2020-05-27,577.0139691585681,596.4846895301965,567.7201896541237,593.3306884765625,8774636.0
2020-05-28,594.634438857081,597.1576401535042,580.3362981773491,594.9708862304688,9440091.0
2020-05-29,590.3672748571195,597.4431465895127,575.4056308612918,589.0885009765625,28290128.0
2020-06-01,595.6954391455794,602.4303350491153,589.5146993476467,596.37744140625,12276438.0
2020-06-02,597.1875244687976,606.6930997401761,594.6725915821884,603.6666259765625,7059304.0
2020-06-03,605.8831226646595,606.9061522562504,593.3511272429256,598.0825805664062,11378568.0
2020-06-04,598.4662578856301,604.8175127670321,594.6299357196965,603.3682250976562,10782424.0
2020-06-05,602.7287881465396,606.7356235946554,597.2726651490909,599.78759765625,7718679.0
2020-06-08,603.2830232478441,618.7561588393119,600.1713187506001,614.5361938476562,10719105.0
2020-06-09,613.8113785661467,621.9955094669879,609.5914149318173,611.7653198242188,10078029.0
2020-06-10,609.5488808188883,613.3425870572468,604.6042989056473,610.2734985351562,7263049.0
2020-06-11,606.9913439239739,608.1848870428197,596.9742817173634,600.1286010742188,8825715.0
2020-06-12,576.1303182324207,592.6265345060069,575.8745738320791,589.9837036132812,9795316.0
2020-06-15,590.793561263612,600.5122640371706,584.1865625626119,586.1473388671875,7857344.0
2020-06-16,598.4661209190683,606.9912793367189,596.0364715834129,597.7841186523438,10131760.0
2020-06-17,596.6758682751924,605.5420019552621,595.0560673358314,599.872802734375,7291916.0
2020-06-18,603.7518543454688,610.9129576764952,601.8763086992066,608.6112060546875,6670195.0
2020-06-19,604.4338664974124,606.9061838028125,597.6137382435629,601.49267578125,22438862.0
2020-06-22,602.8140505610636,604.1781073987241,596.7612076963795,599.91552734375,7804096.0
2020-06-23,593.0953775196116,617.6478273297574,590.0262887724396,614.3656616210938,12157390.0
2020-06-24,611.1687598919627,619.6086373298346,604.7748896965528,608.8243408203125,10220838.0
2020-06-25,600.8958012190868,601.5351881333584,591.2197667298192,597.1873779296875,14945284.0
2020-06-26,605.4568122738649,640.7509398784986,605.2862986844485,637.8524169921875,26030458.0
2020-06-29,626.9402563060698,634.8686443085215,622.4218801020619,623.8285522460938,8954428.0
2020-06-30,624.7236118446258,629.9666051973649,617.4346116478082,627.4090576171875,10411290.0
2020-07-01,628.5174217254794,632.8226171237593,622.1235517180992,623.9564819335938,5477468.0
2020-07-02,628.6025582124721,652.5582854664767,626.9401938866904,645.0134887695312,17263756.0
2020-07-03,643.6496658111181,651.3223108340321,641.5183755269753,650.2140502929688,7796572.0
2020-07-06,652.3452341660457,660.6998803103781,649.1909146533586,651.3222045898438,8810958.0
2020-07-07,655.9258036181499,679.4126080233551,652.6435859361666,677.0255737304688,19362533.0
2020-07-08,669.1398882409582,669.1398882409582,658.3129236791776,660.4442138671875,8476642.0
2020-07-09,664.9623338056914,673.4874919314054,660.6997547428344,666.41162109375,6854166.0
2020-07-10,659.4210636675116,673.4023455592946,659.4210636675116,666.53955078125,5206452.0
2020-07-13,671.7826044173664,686.573736125106,670.1201878195426,679.4978637695312,10804688.0
2020-07-14,676.0025080790534,687.4688575912256,666.1132922029575,667.7330932617188,8961822.0
2020-07-15,681.1602375739893,723.3171613073787,677.5796602113422,708.3981323242188,30060599.0
2020-07-16,767.3495841598553,814.5789885034153,762.3623866762733,776.6420288085938,90432109.0
2020-07-17,776.6420587394516,784.2294717842034,760.5721533099775,769.9498291015625,31682878.0
2020-07-20,774.5107742110097,805.6276077373739,773.0188712337183,796.5056762695312,18421053.0
2020-07-21,805.6276173282375,809.6344529216389,792.1578749795978,798.5943603515625,12877784.0
2020-07-22,800.4698020313803,800.512417419017,775.7894567106554,782.5243530273438,14354201.0
2020-07-23,780.6062533635381,780.7340995364518,767.8185140654958,774.0418701171875,13051307.0
2020-07-24,770.0349721831532,789.2165795721606,770.0349721831532,786.7442626953125,18209580.0
2020-07-27,785.6361453920682,812.2772716127954,783.1638800988545,808.56884765625,16827870.0
2020-07-28,806.4801575675039,824.8518674521246,802.3880910647601,820.8450317382812,15818463.0
2020-07-29,812.6608764082735,818.4153594040835,804.4340762008848,813.4281616210938,11152710.0
2020-07-30,820.1204237044051,829.1997402687743,817.3497465972956,819.6515502929688,12492320.0
2020-07-31,826.301011063791,840.9642945066379,812.7033724636881,823.5303344726562,12704346.0
2020-08-03,818.4153618002468,823.0189690237522,807.7162963834019,815.7725830078125,8479792.0
2020-08-04,818.7989685101674,827.5372571462865,801.8338800032506,809.7622680664062,11133170.0
2020-08-05,811.5951206763939,819.2251482364996,799.9156426717367,805.3717651367188,9614176.0
2020-08-06,812.8740289289736,830.6916346449389,803.4963526644548,827.6651611328125,10976491.0
2020-08-07,826.4716318133721,826.4716318133721,809.0376695187394,810.657470703125,8010948.0
2020-08-10,808.9524540846645,815.68729927185,805.8833652612906,811.0410766601562,5716319.0
2020-08-11,809.8050063195817,820.1204295788674,806.5654037443816,808.56884765625,6802442.0
2020-08-12,808.1851718223195,817.3923342591754,803.2405894056235,814.1101684570312,6908726.0
2020-08-13,813.9822447126891,825.6617240082926,808.398275468109,810.9132080078125,5097703.0
2020-08-14,814.8774506752771,820.972961284278,811.6379000717075,812.9592895507812,4663873.0
2020-08-17,813.3856040846274,829.0293060068051,813.3856040846274,816.2841796875,9008210.0
2020-08-18,821.7402154117917,826.2585399271599,817.307121685347,824.8518676757812,6141761.0
2020-08-19,827.7076969721455,828.2618010796157,816.2413478649369,817.8184814453125,6622744.0
2020-08-20,817.4775744970283,823.1041590171701,810.9984219838175,814.2806396484375,5656501.0
2020-08-21,821.0156027087664,821.3566299550907,806.9490873498494,808.8672485351562,6513773.0
2020-08-24,807.3327398393604,811.5953203031374,800.6831247225589,807.6737670898438,5798574.0
2020-08-25,807.7587871824217,808.7392012467311,795.9087957708024,799.7451171875,6233918.0
2020-08-26,802.4306871744709,813.5133952045035,800.0010373812659,810.5722045898438,5153601.0
2020-08-27,818.415336429356,819.22523701272,805.7981103994258,807.375244140625,6154280.0
2020-08-28,811.1263207194082,812.0214520709077,795.4400062387288,797.3155517578125,7593610.0
2020-08-31,797.3156761730601,810.3165465944867,779.7111980349276,791.6464233398438,12808355.0
2020-09-01,789.6429373349267,797.1024522625171,777.5798152386446,779.3275146484375,6907773.0
2020-09-02,780.0521483978669,789.7708517158751,778.7733743840998,787.7247924804688,5678118.0
2020-09-03,789.8560300980209,809.3786662262877,787.7247402164828,797.5712890625,8827948.0
2020-09-04,780.0521257419142,792.4136075159664,779.5832523571739,783.590087890625,8650342.0
2020-09-07,783.3769917778524,790.7512241325386,778.3897418395961,788.6199340820312,6700385.0
2020-09-08,792.7972459130488,811.5952128631155,789.0461547881181,800.7682495117188,12891964.0
2020-09-09,797.1023711705908,806.4800461255389,789.4297280256333,790.921630859375,5528947.0
2020-09-10,797.358142089851,803.0700092502301,788.406724789291,801.4075927734375,5171884.0
2020-09-11,797.0171428041101,813.4280740249055,793.6923099511957,806.2243041992188,6671903.0
2020-09-14,815.8578211522744,844.885980871222,808.4409214623822,834.1016845703125,21871587.0
2020-09-15,835.0394496343016,847.4009320433852,828.3472196262118,837.5543823242188,11608203.0
2020-09-16,840.580686922885,857.3326453610433,837.1706232842525,854.0078125,10059251.0
2020-09-17,848.2534207458194,870.4188367653081,848.2534207458194,861.8936767578125,15628241.0
2020-09-18,861.8937454177194,868.5433603465962,851.7487833872559,854.3489990234375,12897633.0
2020-09-21,853.3683983792776,878.943874854181,852.9421404380291,860.955810546875,14140637.0
2020-09-22,860.188563920014,871.6975288485771,845.0137909394118,858.9097900390625,12625762.0
2020-09-23,869.6941155520293,884.058987642977,859.421257337911,869.3530883789062,13486204.0
2020-09-24,855.0737375253067,860.1888346590573,826.9407032896785,831.5443115234375,14427432.0
2020-09-25,831.885067766525,865.2184731991076,831.2030654016025,862.2772827148438,13311078.0
2020-09-28,865.1332413934064,866.2841692334301,851.2372407591603,861.3822021484375,8554526.0
2020-09-29,867.8612422281498,876.3864017785245,856.0112496397511,860.1885986328125,8708463.0
2020-09-30,860.188581289324,872.9337049668505,856.7785175379292,859.5491943359375,8048817.0
2020-10-01,870.0778078165321,875.1076730243029,862.5330620383229,867.5629272460938,5563358.0
2020-10-05,867.903982766358,899.3192314594677,867.903982766358,894.0335693359375,14212509.0
2020-10-06,899.404314218639,903.666893906879,879.2422914798864,900.043701171875,9090819.0
2020-10-07,890.7939246516647,913.8970857638473,882.7802540190894,909.2509155273438,9284008.0
2020-10-08,929.2422783855064,958.2278173443204,927.8782738361141,932.3965454101562,21482613.0
2020-10-09,933.5902585774076,949.1061123470237,927.9210063167188,943.5647583007812,10567867.0
2020-10-12,957.3756079659156,971.8683820847228,948.0831613940043,965.1334838867188,14633537.0
2020-10-13,968.0744297648869,994.0761635839289,968.0744297648869,987.0429077148438,17523825.0
2020-10-14,990.6234436840368,993.095760527261,964.2806824146915,969.310546875,16649573.0
2020-10-15,1005.969059292522,1011.084156204179,931.3738959975257,944.801025390625,44288251.0
2020-10-16,949.5748674584532,968.4154490877811,935.1247637728168,961.2117309570312,18365685.0
2020-10-19,967.6056530512211,971.015717026732,950.8111295985873,959.8477783203125,12902123.0
2020-10-20,953.8801018412363,975.8749505553797,946.2926891955701,969.7368774414062,10448776.0
2020-10-21,972.848499667472,984.1016674530453,967.6055062869906,978.986572265625,19811433.0
2020-10-22,973.5731816384115,987.2134363723998,958.0574335052538,962.5331420898438,11271335.0
2020-10-23,976.2769499712903,978.000298514929,965.2044566153816,967.2293701171875,9069862.0
2020-10-26,967.0137844157754,973.3470681820671,950.5558297055002,958.5693359375,6309368.0
2020-10-27,952.7531780265001,956.1998750332847,928.152441251482,939.9573364257812,10172479.0
2020-10-28,943.9641216425988,951.9346082927075,922.0345545008315,927.6354370117188,7608392.0
2020-10-29,921.991372456026,932.3314626144114,913.4607770383909,926.1704711914062,6935616.0
2020-10-30,923.7147081148677,933.7101074269049,906.7827896763548,913.8916015625,8800386.0
2020-11-02,917.683003004685,930.564989940065,905.7057108486894,923.9732666015625,7183119.0
2020-11-03,923.7146779620905,930.0910876342429,911.2204029336852,915.5718994140625,7204782.0
2020-11-04,920.2679557018483,961.6283132614819,919.2339888367889,942.6283569335938,15702690.0
2020-11-05,956.3721062433704,967.6600159354832,946.9798375005307,951.2882080078125,9568890.0
2020-11-06,954.7349895476437,966.0229002463029,940.6896583675481,958.8279418945312,8807127.0
2020-11-09,973.0886777262612,987.4785942243576,966.0660122364769,979.3358154296875,10160320.0
2020-11-10,959.7756218782141,959.7756218782141,928.8846281479214,940.1295166015625,15622869.0
2020-11-11,944.3950019139754,970.5467950267223,936.6399334676015,967.2293701171875,12514800.0
2020-11-12,972.0547828161591,984.0320769437765,959.6897773171025,963.136474609375,9180976.0
2020-11-13,965.0751022374202,976.2768668169616,962.4900796421414,968.694091796875,6363212.0
2020-11-14,979.7234749476104,982.0069324037593,974.6395766000105,976.6644897460938,1136144.0
2020-11-17,986.4016527481302,986.6170713226549,958.7419288161421,968.2633666992188,12813968.0
2020-11-18,972.3992595980534,976.0182488846101,949.0909322143051,956.9322509765625,9839468.0
2020-11-19,947.8416399393806,960.5082088719068,942.4993018609314,945.0411987304688,10092343.0
2020-11-20,953.0116681231907,955.5966907311198,940.1727014668417,950.7282104492188,8063554.0
2020-11-23,952.1499371201602,986.4446104134439,949.5217888849451,982.1792602539062,10546363.0
2020-11-24,986.6169909596982,995.1475868529994,976.5784651675503,982.3517456054688,8515426.0
2020-11-25,979.7235664137872,985.3244487195828,957.5354557408277,961.3268432617188,8958701.0
2020-11-26,965.0319378135229,965.0319378135229,946.3767763124209,959.2156372070312,10962256.0
2020-11-27,963.3518113014916,965.9368340509589,940.0866065562856,947.8416748046875,25306145.0
2020-12-01,952.1932015231857,982.5240939885103,952.1932015231857,980.4560546875,8933802.0
2020-12-02,977.1385941510465,988.7280706761666,965.936828962366,983.0841674804688,6741637.0
2020-12-03,988.340258507969,988.340258507969,967.4015344098475,970.6328125,16212632.0
2020-12-04,969.3834922189254,979.723582802594,960.7667500658683,977.6986694335938,10564055.0
2020-12-07,988.5987444990683,993.5102448323746,978.8617850213161,985.3243408203125,7792141.0
2020-12-08,986.6168707240066,1005.573701427874,986.6168707240066,993.8118286132812,12308330.0
2020-12-09,1006.47863968937,1016.3447676789543,996.9570972484528,1012.6395263671875,10039346.0
2020-12-10,997.3017249409595,1009.5805821041114,990.925314921022,1006.2200317382812,9488782.0
2020-12-11,999.283517771269,1009.8390266167494,995.4491096931723,1002.2993774414062,10574009.0
2020-12-14,1007.6418062519265,1010.399121551592,989.3742505409245,1003.4627075195312,6728187.0
2020-12-15,996.095403036618,1002.7302524880982,992.6487061402976,994.8890380859375,6905926.0
2020-12-16,999.5421122175665,1007.2110339431009,994.0273760787078,1004.45361328125,7788404.0
2020-12-17,1004.6260026015282,1007.2110252833137,996.2676994861832,998.8527221679688,6658153.0
2020-12-18,1019.2311507466757,1029.7005117144608,1012.9840137509185,1025.2198486328125,15995676.0
2020-12-21,1023.6690303078187,1042.410445635424,992.6918824494629,1014.4491577148438,10858352.0
2020-12-22,1018.4988838142667,1054.559927318439,1013.4149851000539,1051.67333984375,10901851.0
2020-12-23,1066.752587290426,1084.7184721056449,1060.333157009501,1079.7208251953125,15878346.0
2020-12-24,1077.0066772141781,1077.0066772141781,1056.4126413899178,1065.072509765625,7313885.0
2020-12-28,1067.1403157348757,1075.3693459932929,1065.0292561279728,1068.7344970703125,4607051.0
2020-12-29,1064.1674195783864,1080.926937270289,1064.1674195783864,1077.35107421875,6878105.0
2020-12-30,1079.6777872573402,1079.9363315947858,1066.881946250596,1074.33544921875,5194690.0
2020-12-31,1071.0608619341854,1084.330663561485,1067.6141656769555,1082.09033203125,7430470.0
2021-01-01,1083.9000837645226,1090.4487871704575,1082.0905888370053,1086.0972900390625,4253550.0
2021-01-04,1093.4644096695795,1111.5595653851517,1086.700289165247,1110.0516357421875,7208454.0
2021-01-05,1104.6663089535523,1119.3147701487244,1098.677715421226,1114.8341064453125,8145280.0
2021-01-06,1120.1763064384784,1121.89965460223,1092.6458615964777,1104.7523193359375,7161715.0
2021-01-07,1116.730035679561,1118.1518194934408,1081.8322220645748,1087.5623779296875,10954918.0
2021-01-08,1101.4351303405995,1134.6527153635936,1101.4351303405995,1130.602783203125,13186251.0
2021-01-11,1156.4528696665475,1191.9969287839901,1154.6433749666262,1185.8359375,20528626.0
2021-01-12,1187.3870506780231,1187.3870506780231,1171.8769150378166,1182.0015869140625,8309868.0
2021-01-13,1183.8110536129677,1200.139842468759,1171.8768872321662,1195.2713623046875,14442997.0
2021-01-14,1171.8769809148123,1192.5571629309559,1136.0743737254254,1180.924560546875,27521697.0
2021-01-15,1171.8770538300191,1175.7114624101548,1154.6435677442837,1158.9088134765625,15018441.0
2021-01-18,1152.9202206039013,1154.6435692146695,1125.3466428316106,1130.559814453125,8861765.0
2021-01-19,1137.4099028583078,1146.8883187154604,1130.5165095076513,1134.5233154296875,5585744.0
2021-01-20,1137.883875806407,1161.8814805840243,1137.883875806407,1154.16943359375,8225838.0
2021-01-21,1163.2600510513976,1172.7815920617124,1150.3349393730487,1154.384765625,6142421.0
2021-01-22,1143.441566797093,1168.4301164859517,1143.053855513784,1155.375732421875,9646591.0
2021-01-25,1158.9519046092023,1161.4507810538796,1131.378327696567,1141.8045654296875,6542611.0
2021-01-27,1137.0653281460511,1143.915701597975,1107.3375662888109,1121.0382080078125,8133665.0
2021-01-28,1113.1107808566571,1117.1174817647845,1096.5235523990264,1099.6685791015625,4660690.0
2021-01-29,1108.3283245723426,1112.550548750536,1060.720829969721,1067.6573486328125,12183519.0
2021-02-01,1077.5667997697462,1101.1765906055678,1069.3377684222917,1086.485107421875,8880279.0
2021-02-02,1102.9428466076697,1115.3509746689713,1088.8113703485435,1095.4031982421875,6892490.0
2021-02-03,1100.91823085043,1123.6233284520413,1096.9114241713562,1106.949951171875,8182968.0
2021-02-04,1107.2511699180425,1114.4892530774284,1096.0925328865717,1102.3826904296875,5032240.0
2021-02-05,1108.4576020295785,1110.4825151618702,1087.4327325969195,1096.1356201171875,5477481.0
2021-02-08,1107.682211859104,1128.7932302881572,1099.0654696431639,1123.2354736328125,6921922.0
2021-02-09,1126.1218571153954,1147.7498551201086,1118.3236647495469,1124.9586181640625,7965949.0
2021-02-10,1116.5576366457155,1123.924889041508,1106.0451467299135,1117.1607666015625,5951207.0
2021-02-11,1110.6981296088,1116.7298494747902,1105.5712097966468,1113.84326171875,4673317.0
2021-02-12,1124.4847715939468,1140.6411619904115,1121.5120378349307,1128.620849609375,5797875.0
2021-02-15,1137.4101296779754,1144.6482151765338,1126.294509646424,1128.4918212890625,4363513.0
2021-02-16,1132.2399092154096,1137.194535910987,1108.113031393468,1111.9044189453125,6896421.0
2021-02-17,1111.9045698112661,1115.4374135061416,1098.6347641717502,1104.0633544921875,4575741.0
2021-02-18,1099.4962778682911,1125.3465038369814,1098.6346036693349,1113.6707763671875,6437551.0
2021-02-19,1116.8157821474692,1119.7454951301386,1100.185535095986,1112.6798095703125,5389696.0
2021-02-22,1115.8682444277679,1127.5439735379998,1085.7096432270175,1090.1903076171875,7371303.0
2021-02-23,1095.3172307680072,1112.42144338809,1083.5984821457366,1091.18115234375,6612942.0
2021-02-24,1085.7527572833285,1100.0134040146577,1078.8162370081768,1098.0316162109375,4537258.0
2021-02-25,1110.2240126677355,1119.960972603115,1096.0495150230138,1098.246826171875,8788221.0
2021-02-26,1093.4645216914641,1098.0314368662373,1072.5689230697005,1079.936279296875,15132388.0
2021-03-01,1088.5531801866234,1106.8206331874785,1084.8479386399652,1091.7413330078125,5756286.0
2021-03-02,1104.8818247785234,1128.7932855994275,1102.253676199945,1124.0540771484375,10461434.0
2021-03-03,1136.7206618970913,1160.675248824271,1127.0699520877108,1157.7025146484375,9056399.0
2021-03-04,1150.3350531237788,1175.194332673044,1142.4938389671688,1146.3282470703125,12041941.0
2021-03-05,1144.7343273097638,1154.6435819308117,1124.5281066999157,1134.5665283203125,6486176.0
2021-03-08,1141.5460327392925,1159.8996302572925,1134.9972246111543,1150.9813232421875,5119392.0
2021-03-09,1145.5958680350614,1163.6479007526516,1136.33287023034,1159.42578125,6518173.0
2021-03-10,1169.2055806586063,1183.94018639556,1167.5683788689837,1178.8994140625,7925984.0
2021-03-12,1183.078775196619,1199.1920420055471,1180.5368781687152,1184.6728515625,9462061.0
2021-03-15,1180.4935751787755,1189.0241702261578,1170.5843225404135,1183.5955810546875,6658635.0
2021-03-16,1194.323480892539,1211.513837869457,1189.5411473533322,1192.5570068359375,9352771.0
2021-03-17,1199.6658792970159,1206.3438542042177,1190.8337189358776,1195.14208984375,7626744.0
2021-03-18,1200.9585220891945,1200.9585220891945,1131.809161445135,1152.1446533203125,10961755.0
2021-03-19,1146.0267544140797,1167.7409034764084,1135.6866633968098,1158.4779052734375,12767112.0
2021-03-22,1163.3463853602702,1185.6637695004824,1151.2829458450037,1181.18310546875,4862758.0
2021-03-23,1182.6046462206853,1191.9107691234879,1171.5321544195988,1181.8292236328125,7165335.0
2021-03-24,1170.0242982818368,1180.8813722284217,1160.028898540296,1166.491455078125,6134303.0
2021-03-25,1160.4597868345645,1165.4144137321318,1143.958704043089,1149.3011474609375,8749994.0
2021-03-26,1158.6932492202639,1169.0333395716661,1147.750029005632,1151.3690185546875,4922071.0
2021-03-30,1160.58881889865,1206.3436907018781,1151.3258227021893,1193.6771240234375,10546381.0
2021-03-31,1190.8340366693656,1196.004083138263,1174.7207672485813,1178.813720703125,8220987.0
2021-04-01,1189.110522281534,1199.105923026061,1181.3554536579588,1193.5911865234375,5675155.0
2021-04-05,1198.5888478178297,1227.885771488431,1195.142150915406,1214.87451171875,9479572.0
2021-04-06,1226.162443610447,1228.7474663306377,1211.9016928634576,1215.865478515625,5793571.0
2021-04-07,1215.1763368116517,1236.4596526666178,1212.0312041778964,1232.36669921875,5879234.0
2021-04-08,1232.1938066430293,1250.8920901664144,1224.4387407270942,1240.6812744140625,5654434.0
2021-04-09,1253.7358884927696,1253.7358884927696,1232.2371605200397,1241.715576171875,6052712.0
2021-04-12,1270.1078884948163,1273.1668742622135,1219.2691059838298,1228.5321044921875,20384532.0
2021-04-13,1234.7791840130749,1236.7179510500807,1184.8020781702567,1203.88818359375,14855206.0
2021-04-15,1148.0086039057906,1177.3916737330917,1137.4099689394636,1172.523193359375,25342491.0
2021-04-16,1176.1852898848683,1181.226062947407,1160.3304634750934,1166.491455078125,10879878.0
2021-04-19,1154.6434235411007,1188.851847075062,1148.0515948995885,1174.07421875,12508028.0
2021-04-20,1188.248651092987,1188.248651092987,1156.7113982865865,1164.42333984375,8560766.0
2021-04-22,1168.0425211701513,1176.013007638109,1159.0810883205606,1164.2080078125,6622446.0
2021-04-23,1157.2285084231075,1161.8815703725743,1146.8884175064454,1149.3011474609375,7316262.0
2021-04-26,1147.9655532636489,1164.3804902819847,1138.2717176665642,1157.7025146484375,7088606.0
2021-04-27,1159.813344036777,1165.8450627650514,1154.772571565113,1161.967529296875,3636115.0
2021-04-28,1170.153401872753,1171.4459129941147,1158.606948151624,1168.4300537109375,4879234.0
2021-04-29,1178.7703372600251,1179.6320114831685,1164.4665661928148,1168.7318115234375,5412357.0
2021-04-30,1160.0720087052553,1183.8541954072941,1159.7273179909107,1167.0084228515625,8354677.0
2021-05-03,1155.3328979061107,1172.738676005061,1152.920167887415,1165.0267333984375,4560337.0
2021-05-04,1166.7069310758193,1167.5254795369788,1140.9428500394654,1145.509765625,4887060.0
2021-05-05,1155.5913444106986,1158.0040744447103,1144.131139711262,1155.93603515625,3939788.0
2021-05-06,1158.9519645780922,1175.9269066693464,1152.4032607594545,1173.2557373046875,4810090.0
2021-05-07,1176.4437427207686,1183.1217172904696,1161.967575128,1165.4573974609375,4991435.0
2021-05-10,1163.1307956034163,1165.7589437563593,1150.3780816751782,1154.255615234375,7195348.0
2021-05-11,1151.9723783704771,1155.50522191954,1141.8045796830766,1146.5869140625,6420988.0
2021-05-12,1146.0267953074956,1146.0267953074956,1132.6708439336114,1143.4417724609375,5241898.0
2021-05-14,1143.312190996865,1143.312190996865,1129.9132226444224,1134.3077392578125,4824609.0
2021-05-17,1137.6685510099821,1150.2919945875576,1137.6685510099821,1145.509765625,5017129.0
2021-05-18,1152.9202060984142,1158.6072354054272,1145.5959745947994,1154.6435546875,5620150.0
2021-05-19,1156.3665978739132,1169.6794201346727,1148.8269497879246,1152.0582275390625,4435878.0
2021-05-20,1161.8816201844372,1162.4847501064953,1150.3351637955125,1154.0404052734375,4490092.0
2021-05-21,1161.1060973963379,1169.7228402341586,1160.1151509330189,1167.1378173828125,4969733.0
2021-05-24,1168.9903331930352,1174.461943366911,1159.037954034809,1161.5799560546875,4225371.0
2021-05-25,1170.1537307784752,1178.7704740095392,1167.094744857506,1173.2557373046875,4099340.0
2021-05-26,1178.6840076135552,1206.3437248389694,1173.6432352288718,1203.97412109375,6850024.0
2021-05-27,1209.9628153141646,1220.346031032541,1199.1918882971079,1208.2825927734375,15365391.0
2021-05-28,1214.7452614296749,1218.4073769544673,1202.983387001314,1210.6954345703125,4261312.0
2021-05-31,1220.6680058856502,1220.6680058856502,1204.5550140134528,1213.91796875,4429904.0
2021-06-01,1219.3615032530086,1220.232475755332,1200.7662615923773,1208.2130126953125,4791325.0
2021-06-02,1202.595378558746,1212.3502288353206,1188.8775605523726,1200.766357421875,9272276.0
2021-06-03,1208.9968739609324,1218.490495223433,1199.3726918827983,1210.346923828125,5115645.0
2021-06-04,1214.0920448950565,1216.6614775007154,1199.895257275533,1206.863037109375,4194328.0
2021-06-07,1211.5227154080026,1212.3936878849313,1199.5904350020305,1210.346923828125,5154576.0
2021-06-08,1215.8778033753422,1238.3053488172584,1215.4859082159685,1230.6407470703125,7360630.0
2021-06-09,1231.0326308810106,1241.1358912581513,1223.3680298666877,1232.6875,5394317.0
2021-06-10,1240.2647887797134,1244.6196510998668,1235.90992645956,1240.526123046875,3496575.0
2021-06-11,1245.5777030430665,1264.3036110722962,1245.011549675881,1260.2100830078125,6140828.0
2021-06-14,1281.2005264104598,1286.4263613244386,1265.9149167591186,1273.1876220703125,7132294.0
2021-06-15,1275.103791070357,1285.5554614889663,1274.2328185354727,1283.7264404296875,5403104.0
2021-06-16,1282.6811854881962,1297.2699751733123,1278.1521709198764,1289.5618896484375,7661710.0
2021-06-17,1284.7714054916353,1308.7667383776072,1284.7714054916353,1302.3651123046875,7677951.0
2021-06-18,1314.2975085574267,1320.2201641126776,1295.4845237346972,1309.3330078125,13533974.0
2021-06-21,1300.3618294777948,1311.5103190367672,1292.6972296160168,1306.719970703125,5454052.0
2021-06-22,1314.9069291779165,1325.1408544064677,1308.287560506827,1316.779541015625,6427862.0
2021-06-23,1328.2332451261002,1328.2332451261002,1305.2831378595408,1309.2025146484375,5529809.0
2021-06-24,1321.2651483609993,1366.3379706600645,1316.213465845908,1358.0201416015625,10785137.0
2021-06-25,1369.168863834137,1374.3946991922826,1343.9106596031002,1371.0849609375,9780240.0
2021-06-28,1369.9526773998857,1376.2672280750623,1359.239673036804,1368.99462890625,5019178.0
2021-06-29,1359.5881210099008,1370.605944791992,1358.020327926008,1361.3736572265625,5913567.0
2021-06-30,1369.2123646290893,1385.7172510180376,1369.2123646290893,1376.8333740234375,6058722.0
2021-07-01,1373.3930072922922,1373.3930072922922,1357.8897601108913,1359.0655517578125,4814317.0
2021-07-02,1357.8024290454264,1366.9476395727174,1343.5620510597628,1365.5106201171875,5166064.0
2021-07-05,1366.6864575080867,1380.491349741526,1359.6316018427842,1375.221923828125,4058338.0
2021-07-06,1370.6494852954324,1382.015719815571,1356.1913619563304,1360.63330078125,4089574.0
2021-07-07,1363.9866068041097,1367.9059832858584,1345.347772938037,1362.7236328125,4797120.0
2021-07-08,1365.6847894641999,1372.6525690022825,1349.1363130612535,1359.3702392578125,3326813.0
2021-07-09,1355.2331885032247,1367.3397273251671,1350.8783260723017,1361.242919921875,3436594.0
2021-07-12,1367.9057813469253,1374.3944833697385,1335.8539536554729,1348.1346435546875,4588982.0
2021-07-13,1355.5814624040297,1355.5814624040297,1338.0749384566736,1345.6087646484375,4456160.0
2021-07-14,1353.491352701451,1378.575404854763,1339.642867790141,1373.4366455078125,5657716.0
2021-07-15,1356.8880824588236,1390.812418891996,1355.2332134406452,1376.8333740234375,10021355.0
2021-07-16,1370.6931133844064,1371.4770099793125,1349.6591040738929,1354.7542724609375,6265593.0
2021-07-19,1345.3912379284575,1352.5332765373414,1339.1638693330044,1342.7783203125,5669162.0
2021-07-20,1339.816976921609,1356.7137575793088,1339.5556426558176,1350.0509033203125,5069939.0
2021-07-22,1359.936562140339,1387.3286063361954,1359.936562140339,1385.0205078125,7854575.0
2021-07-23,1383.5833964986373,1392.2495302773834,1380.5349927726625,1385.2381591796875,4179719.0
2021-07-26,1388.4173074229864,1403.7029180573702,1388.4173074229864,1396.952880859375,4586710.0
2021-07-27,1397.9110620813844,1401.6562868940487,1391.727177712481,1395.7772216796875,5892859.0
2021-07-28,1397.9978633827702,1400.1752945157943,1380.9268245638377,1398.433349609375,4686788.0
2021-07-29,1393.643092143495,1410.9754663584183,1393.643092143495,1408.362548828125,4660873.0
2021-07-30,1402.2658076696387,1413.9368611216748,1398.9125846109287,1402.7012939453125,6234257.0
2021-08-02,1417.4642058801662,1423.8223478971256,1410.278682485059,1421.0352783203125,5553389.0
2021-08-03,1434.4917348838053,1444.638585966481,1424.562626930286,1441.6336669921875,5513668.0
2021-08-04,1453.7401991220645,1463.146744783546,1427.5675389174712,1436.451416015625,6740391.0
2021-08-05,1436.6690522625252,1451.0400976473882,1434.5352122939364,1440.196533203125,5420536.0
2021-08-06,1443.201464252009,1446.380535210929,1431.8788215028985,1437.27880859375,3754855.0
2021-08-09,1446.6851974576966,1452.3029270691816,1433.9690213207793,1448.6884765625,5018477.0
2021-08-10,1452.782006038996,1463.2336751471903,1446.7287902084508,1460.8385009765625,6846517.0
2021-08-11,1458.7049230554317,1466.7178282829386,1452.7822669690863,1461.10009765625,4899639.0
2021-08-12,1462.4934728122273,1477.6048241977232,1458.0079432401938,1471.5950927734375,5659579.0
2021-08-13,1478.0403134331104,1500.2501118966013,1473.0758127751071,1491.279052734375,5612790.0
2021-08-16,1487.3597412491697,1498.0291547007535,1472.030646043933,1484.485595703125,4564109.0
2021-08-17,1484.0499890055655,1523.2437495245933,1468.9386381583163,1516.92919921875,9510390.0
2021-08-18,1505.9114463640587,1528.9922175200145,1504.1695013711565,1509.7872314453125,6686090.0
2021-08-20,1494.6758198585792,1519.8469452589354,1494.6758198585792,1509.3516845703125,6206972.0
2021-08-23,1511.7904030093007,1526.9453446318312,1508.524256380302,1514.4033203125,6189051.0
2021-08-24,1524.2018576309072,1530.298665061431,1491.7145412231635,1498.81298828125,7602939.0
2021-08-25,1496.3306025914594,1521.5017265416352,1496.3306025914594,1511.6162109375,6153253.0
2021-08-26,1510.2662216732501,1520.7178910273901,1498.0726074267532,1504.779052734375,5302248.0
2021-08-27,1502.4274600331892,1504.7790430948553,1485.1821631813789,1488.3177490234375,6698514.0
2021-08-30,1483.3098187310713,1496.8969690174113,1472.2919948958422,1478.9549560546875,6559667.0
2021-08-31,1480.7840546962734,1493.7179762587919,1468.3291042613178,1486.2711181640625,12255438.0
2021-09-01,1488.9275478953632,1488.9275478953632,1457.267717526702,1461.274169921875,7801974.0
2021-09-02,1460.9257408190936,1475.688788882233,1448.1224872534362,1471.15966796875,6830050.0
2021-09-03,1477.2131517122136,1485.8356955769768,1467.066299445612,1481.2196044921875,5339139.0
2021-09-06,1485.1386831091097,1508.5242719501346,1480.0870004095007,1507.1307373046875,4876026.0
2021-09-07,1506.782500124992,1511.0502868517522,1484.137213995946,1486.4453125,3520341.0
2021-09-08,1481.393539587416,1481.393539587416,1465.8031107394431,1474.774169921875,4584896.0
2021-09-09,1468.3726571492882,1476.2114101731731,1465.1065100560027,1473.337158203125,3331674.0
2021-09-13,1465.8467121859994,1481.9597033775865,1459.0530841826737,1473.598388671875,4662374.0
2021-09-14,1477.1256761332663,1477.1256761332663,1462.0143254707277,1468.5902099609375,4945167.0
2021-09-15,1474.7743181658348,1493.8050477371864,1472.1178092741352,1490.6259765625,4062344.0
2021-09-16,1493.8920892094495,1497.4195705979105,1473.2064909534074,1482.613037109375,3246568.0
2021-09-17,1478.0401838163914,1496.3306044764647,1467.109437513017,1473.07568359375,7454864.0
2021-09-20,1467.5884287452827,1487.3594588182361,1461.4480310703595,1470.0706787109375,5660743.0
2021-09-21,1480.6532560868934,1503.9517705576725,1467.2838494209095,1496.72265625,4672222.0
2021-09-22,1495.4597566485802,1514.5340753328271,1492.0194578610053,1495.3726806640625,4553892.0
2021-09-23,1508.5243325905415,1519.8469748097546,1499.0307113119939,1517.713134765625,3826090.0
2021-09-24,1531.1697244858785,1557.2989006716446,1526.3357843635558,1536.264892578125,8280446.0
2021-09-27,1540.5326105890063,1540.750353714178,1496.4178321652648,1499.0743408203125,5045337.0
2021-09-28,1489.3630166815442,1489.3630166815442,1458.878978328413,1469.417724609375,6557197.0
2021-09-29,1445.1613454121327,1481.8728632613904,1441.4597117113633,1473.9034423828125,7792548.0
2021-09-30,1483.2661787983272,1483.2661787983272,1454.6111620660795,1459.0531005859375,6914031.0
2021-10-01,1450.2563356034423,1462.3192838563787,1446.9031126334762,1450.2999267578125,5733906.0
2021-10-04,1456.7015632635075,1470.2016375418839,1450.517679535455,1462.1451416015625,2947154.0
2021-10-05,1455.3950807569224,1483.2226102398492,1448.4273005977032,1474.38232421875,4373310.0
2021-10-06,1482.4824144265476,1488.4921465220082,1454.5242157353737,1457.6162109375,4271698.0
2021-10-07,1469.3305632299673,1484.3112472506546,1460.3160193905471,1472.814453125,5476108.0
2021-10-08,1485.2258362951297,1508.0888641225727,1479.2596960117546,1501.4259033203125,4738376.0
2021-10-11,1464.9755914232637,1506.7822670405744,1449.0367538162143,1472.770751953125,8840633.0
2021-10-12,1460.6209130640477,1471.072583282753,1447.5563252906663,1467.7193603515625,7439300.0
2021-10-13,1477.1257522003684,1492.5420290685638,1463.277374662343,1488.6661376953125,7104171.0
2021-10-14,1527.6859172658185,1553.4666845714335,1479.0856043938277,1494.3712158203125,19655776.0
2021-10-18,1515.4920945995696,1566.8794702210494,1515.4920945995696,1560.913330078125,13438109.0
2021-10-19,1579.944155219386,1597.799091923905,1552.3343687944996,1587.0426025390625,10324260.0
2021-10-20,1593.3570895202022,1609.5571565198998,1562.5682333583247,1569.7972412109375,5876115.0
2021-10-21,1579.9441517799685,1579.9441517799685,1521.4583257794832,1527.3809814453125,8779629.0
2021-10-22,1524.1149349651396,1535.6988064564907,1486.7501901182247,1497.898681640625,7369809.0
2021-10-25,1499.8582271507623,1506.564672832556,1469.5047506520364,1487.2291259765625,5905209.0
2021-10-26,1502.606020384496,1517.1482962671541,1490.172517699748,1497.0262451171875,5871709.0
2021-10-27,1501.7713769207796,1523.782638320306,1494.785823536902,1519.21337890625,5090259.0
2021-10-28,1510.7781326616437,1515.5230879740864,1486.789920282188,1497.202392578125,5329972.0
2021-10-29,1492.8966047069405,1504.8467856229756,1459.5503108556832,1465.4375,5875091.0
2021-11-01,1474.0049226994552,1500.102016130917,1472.6868855107523,1493.8194580078125,3636806.0
2021-11-02,1489.3820710857715,1499.4430457112571,1481.7813682676247,1491.9302978515625,3471772.0
2021-11-03,1501.6835397594302,1509.1084388738689,1492.896626127134,1495.9720458984375,3530713.0
2021-11-04,1506.9559655285486,1508.7133485787276,1498.1690502776532,1501.420166015625,483407.0
2021-11-08,1520.1360112691098,1529.8016159650406,1496.4113451972798,1526.7261962890625,5245903.0
2021-11-09,1524.3098926867096,1537.7099364183555,1516.621343004618,1531.1197509765625,4016134.0
2021-11-10,1516.6214263051052,1538.544734840755,1513.0626830662195,1529.054931640625,4780368.0
2021-11-11,1522.7281388179986,1528.7032829292987,1501.6835237971957,1523.0357666015625,4731349.0
2021-11-12,1531.559300788472,1566.575135983444,1527.2098207220727,1564.24658203125,5069009.0
2021-11-15,1565.915958976433,1581.6445568553665,1560.116617053724,1570.3533935546875,4354074.0
2021-11-16,1572.857750868686,1589.5089115274943,1561.4347616165671,1574.8787841796875,6034233.0
2021-11-17,1575.0979881768862,1583.4015772950372,1564.6854114177263,1570.6165771484375,4732492.0
2021-11-18,1565.4766573762213,1572.3743637688792,1545.6182521663638,1563.5435791015625,4326924.0
2021-11-22,1567.5855143323686,1568.815703789317,1538.7205222501445,1545.9697265625,6621839.0
2021-11-23,1524.6174092729004,1535.293531113381,1502.5622768372482,1526.1990966796875,8436160.0
2021-11-24,1528.9230418655106,1529.3623875671963,1483.2310888902196,1490.2606201171875,7333061.0
2021-11-25,1493.7755410190332,1516.7972152757627,1491.095489055288,1513.458251953125,4476260.0
2021-11-26,1496.0161123736239,1509.8993723813282,1479.716343711144,1486.4383544921875,4494181.0
2021-11-29,1485.8672594442673,1504.3197801115232,1466.667872488146,1490.5682373046875,3942776.0
2021-11-30,1497.7733686584895,1520.0481727071376,1493.819257622796,1504.8907470703125,14808963.0
2021-12-01,1506.9556455329875,1530.5924639911489,1505.198262855981,1506.8677978515625,5193264.0
2021-12-02,1506.9557521388576,1538.1492968624316,1503.748507074007,1536.1722412109375,5559574.0
2021-12-03,1556.2503551294296,1569.914049638286,1522.3768651886874,1525.012939453125,6754012.0
2021-12-06,1520.1360551467185,1523.6068431192248,1486.3064377344938,1489.6455078125,3991449.0
2021-12-07,1494.7419695434742,1515.654868474255,1488.5032818453103,1504.01220703125,4202122.0
2021-12-08,1522.7722156867264,1546.3211884129332,1522.4207176698017,1540.653564453125,3029169.0
2021-12-09,1545.6181864523098,1554.7565985466379,1530.680432518433,1549.5283203125,2082171.0
2021-12-10,1546.4967870719056,1549.7918796579963,1534.1951080838337,1545.8377685546875,1823469.0
2021-12-13,1552.691619157812,1556.4699276693766,1527.8685881008832,1533.0089111328125,4040584.0
2021-12-14,1520.927049880741,1549.1330239292365,1502.869897706602,1539.5992431640625,4768144.0
2021-12-15,1533.316570661763,1535.908667518198,1512.4036713776811,1523.82666015625,3053149.0
2021-12-16,1548.8254519662987,1561.9618457823942,1544.7395154133753,1556.689697265625,4481031.0
2021-12-17,1599.2182217120308,1618.5494309854728,1587.5755615814348,1599.965087890625,18887243.0
2021-12-20,1583.1382500746142,1607.6977390246545,1570.4851797435072,1580.677978515625,5773891.0
2021-12-21,1582.523173111217,1615.0347541246067,1582.523173111217,1591.8372802734375,5353584.0
2021-12-22,1603.6117948544356,1607.2583855937914,1592.496327262333,1603.34814453125,4156428.0
2021-12-23,1609.103704090808,1635.7719679184652,1605.3692654601534,1632.2572021484375,4112933.0
2021-12-24,1645.7451196749826,1648.2054986567352,1629.0939594879846,1637.4415283203125,3780347.0
2021-12-27,1634.3661674985337,1647.107194073119,1621.22977265925,1639.7701416015625,2647733.0
2021-12-28,1652.5547486394014,1665.910921270975,1650.5338229288552,1658.96923828125,3340933.0
2021-12-29,1655.0151681366292,1664.065732003417,1648.7764809648074,1656.8165283203125,3236635.0
2021-12-30,1655.893905461335,1678.1248402781916,1646.9751665027095,1663.23095703125,4584738.0
2021-12-31,1660.7268115874554,1668.0638636147924,1644.6028452130947,1658.749755859375,4619420.0
2022-01-03,1658.7496564451544,1681.8592826976471,1658.7496564451544,1668.151611328125,3329616.0
2022-01-04,1668.151697346698,1675.3570314082458,1650.1825005622568,1668.766845703125,3921999.0
2022-01-05,1669.5135974739028,1672.0618238908942,1616.792115448411,1620.8780517578125,6995719.0
2022-01-06,1606.2480104983958,1606.2480104983958,1581.6446492872608,1597.285400390625,6449205.0
2022-01-07,1595.2201260127915,1613.277275679743,1587.6195318472028,1594.209716796875,4834389.0
2022-01-10,1594.8249406516995,1643.065121465988,1593.0675577969869,1626.2381591796875,7857560.0
2022-01-11,1629.9723184051127,1643.1526875566367,1625.7106871652104,1630.49951171875,5142287.0
2022-01-12,1642.1863497006073,1659.848025074008,1634.3659749272922,1649.6990966796875,5362535.0
2022-01-13,1673.907008333963,1680.4971934061439,1639.9455664762318,1666.7017822265625,14277630.0
2022-01-14,1653.6972065268249,1698.5104677026313,1652.8185151312207,1695.30322265625,7688506.0
2022-01-17,1703.38720992574,1716.8751010955164,1696.3137014437718,1704.221923828125,5262464.0
2022-01-18,1688.9326718657662,1709.0547258227377,1679.5745872616628,1687.7464599609375,3690315.0
2022-01-19,1683.572566076713,1683.572566076713,1636.8701010507093,1640.5606689453125,5747770.0
2022-01-20,1620.3070843889625,1623.8218502987,1595.2643772820832,1602.4696044921875,5533463.0
2022-01-21,1577.2510967324367,1588.6740851767383,1560.5559597753802,1569.0792236328125,8252758.0
2022-01-24,1550.89025964962,1554.097504585174,1518.3786791357186,1526.1112060546875,7116712.0
2022-01-25,1517.1485371127924,1528.923023226851,1494.214713216816,1513.2384033203125,9137653.0
2022-01-27,1495.5327130043718,1502.29859365424,1463.0211322868854,1474.9713134765625,11231734.0
2022-01-28,1477.080383324827,1517.9835147744618,1475.7623460999685,1481.6495361328125,10998502.0
2022-01-31,1509.591843604878,1537.2706230423364,1507.2632899140617,1525.583984375,8788872.0
2022-02-01,1551.856926666537,1564.0707591029711,1524.265994070383,1557.085205078125,5119935.0
2022-02-02,1571.9789834277135,1575.3180537987653,1557.0412289736769,1570.3094482421875,4253717.0
2022-02-03,1563.1920737397209,1563.1920737397209,1523.6509588896436,1527.6490478515625,3832922.0
2022-02-04,1521.8935777665583,1541.1808120164233,1502.6941912084785,1529.8896484375,4700077.0
2022-02-07,1513.2823459720125,1521.8935649371356,1489.733479878767,1506.955810546875,4310209.0
2022-02-08,1502.5623164200595,1515.7426876167267,1490.2606366365032,1508.976806640625,6053401.0
2022-02-09,1524.529382175135,1531.5589124675853,1515.7424693095722,1526.5504150390625,3867244.0
2022-02-10,1542.6745490801131,1558.7106668309207,1536.611557080806,1554.9322509765625,4334630.0
2022-02-11,1528.9230162412698,1534.1511870988509,1505.1983487478708,1512.535400390625,7551371.0
2022-02-14,1484.9886020779093,1510.0752867515978,1474.6639771818056,1478.134765625,7459637.0
2022-02-15,1492.8967373992116,1534.8542531207022,1485.3838827787808,1527.3853759765625,4669915.0
2022-02-16,1527.3852458984643,1542.4986942805128,1517.368143011698,1523.0357666015625,5350642.0
2022-02-17,1532.4378490996394,1536.8313062358195,1511.6129051790003,1515.5670166015625,3937950.0
2022-02-18,1502.5621314630687,1513.5457727749333,1496.8506379808991,1499.882080078125,5602215.0
2022-02-21,1494.6540080635389,1526.550547436766,1486.3064401172699,1520.7510986328125,5120890.0
2022-02-22,1493.687498875911,1538.5886069583632,1485.911101612414,1523.9583740234375,8878515.0
2022-02-23,1537.7097883253055,1544.9589916131247,1523.12353407133,1531.4271240234375,5478811.0
2022-02-24,1485.0764924641971,1506.9119549303691,1467.8541604033635,1474.576171875,13592379.0
2022-02-25,1506.9557211653544,1518.5105342990194,1473.5654486264136,1489.0303955078125,9737281.0
2022-02-28,1478.134596610253,1518.4226821951142,1463.0211477782968,1507.48291015625,15076542.0
2022-03-02,1502.5622527750063,1506.4285162813565,1485.8671166330619,1496.2357177734375,6771489.0
2022-03-03,1511.5248984753623,1523.5630349736196,1498.6521553167977,1512.0960693359375,7344147.0
2022-03-04,1489.6015651994855,1525.408239012716,1477.0802130071288,1514.2489013671875,9074499.0
2022-03-07,1491.139353523025,1538.5886906416126,1490.260662094903,1528.791259765625,9742588.0
2022-03-08,1509.9872022162124,1581.644529208251,1509.9872022162124,1562.489013671875,10984500.0
2022-03-09,1573.7362690166242,1609.411117760778,1573.7362690166242,1593.375,10193515.0
2022-03-10,1620.9661453613448,1620.9661453613448,1590.6073111176956,1604.40283203125,6547182.0
2022-03-11,1593.9460553735594,1609.235305802555,1591.3099814120815,1600.9755859375,4758657.0
2022-03-14,1609.3674043195065,1665.1203351700804,1609.3674043195065,1661.3419189453125,10289724.0
2022-03-15,1659.2768725454414,1659.2768725454414,1608.0052511537049,1616.1771240234375,7140443.0
2022-03-16,1638.7593724368805,1664.1974441872826,1624.7003107966714,1660.199462890625,5233979.0
2022-03-17,1689.9872589454178,1689.9872589454178,1610.6853579171534,1629.62109375,17731459.0
2022-03-21,1635.2447090569246,1658.0028379594185,1617.7587285984619,1628.2591552734375,8362085.0
2022-03-22,1625.579059476518,1660.7267148165508,1615.9134542580089,1658.442138671875,5709382.0
2022-03-23,1666.877628359794,1669.5137026271,1631.7299714623814,1645.2618408203125,6192824.0
2022-03-24,1630.9830683752546,1664.7687099000984,1630.9830683752546,1657.8270263671875,3784303.0
2022-03-25,1662.4840638904113,1664.2414466217965,1632.6085574568626,1648.9083251953125,3438588.0
2022-03-28,1639.6381504800765,1652.7306737771728,1627.9076417562392,1646.579833984375,4008555.0
2022-03-29,1646.5797700005269,1660.1994861553353,1634.849261732521,1657.2119140625,3917785.0
2022-03-30,1678.3006231006957,1686.2088459320603,1665.1202517150882,1672.9844970703125,7795839.0
2022-03-31,1669.5137000617442,1680.9366885358509,1664.417246914596,1675.53271484375,5399145.0
2022-04-01,1657.9587249104113,1678.564101084847,1650.4459783492766,1672.6329345703125,6171518.0
2022-04-04,1660.5071270406477,1663.362874183329,1645.7890456129824,1654.531982421875,7364074.0
2022-04-05,1655.278878381211,1660.3752240705198,1631.8617314560988,1635.33251953125,5472024.0
2022-04-06,1629.9726764339382,1632.1694051083773,1601.1076831042346,1606.994873046875,5407453.0
2022-04-07,1600.1409496978658,1606.379636923527,1588.2786162958694,1591.31005859375,5797544.0
2022-04-08,1601.854417864324,1615.0347888286492,1588.6740468999988,1594.473388671875,5131446.0
2022-04-11,1593.9464336232027,1593.9464336232027,1548.7377973605246,1552.2525634765625,8248407.0
2022-04-12,1544.300154299906,1544.300154299906,1518.1590848316712,1531.0758056640625,6456184.0
2022-04-13,1542.0594523193558,1544.3001583273306,1521.8935272961232,1536.4359130859375,6257693.0
2022-04-18,1410.7391117521547,1449.8408809660887,1397.1193943855035,1424.7103271484375,30523965.0
2022-04-19,1438.1101989357824,1438.1101989357824,1361.9715730908893,1372.515869140625,17044923.0
2022-04-20,1383.9389289365774,1402.6550983089535,1373.3946323351558,1395.0982666015625,10678747.0
2022-04-21,1401.5128815545488,1429.8067037193202,1396.4604056492583,1422.42578125,7766514.0
2022-04-22,1409.728504477574,1415.3081733294175,1390.4412714487692,1393.1212158203125,8134245.0
2022-04-25,1382.0059741881291,1382.0059741881291,1365.5743794932316,1371.7252197265625,7000570.0
2022-04-26,1385.8719894508067,1398.8766646653621,1376.5140121457584,1389.2110595703125,5345435.0
2022-04-27,1381.9619804602605,1381.9619804602605,1362.279270492614,1364.43212890625,8819356.0
2022-04-28,1379.5454535287045,1407.4878820528004,1368.5178339093395,1390.616943359375,9245177.0
2022-04-29,1397.1192785504973,1403.5337684574995,1371.4615334467492,1377.3927001953125,9831395.0
2022-05-02,1362.7624202077359,1364.387977733773,1345.2764410950936,1354.0633544921875,7072627.0
2022-05-04,1359.5551819523712,1379.5454100276122,1344.5295814229673,1349.2745361328125,6220959.0
2022-05-05,1370.8025337737408,1396.5921043901596,1368.5178503702025,1392.857666015625,6144870.0
2022-05-06,1361.9715069838842,1372.3839773751754,1348.835115031049,1355.6888427734375,6171472.0
2022-05-09,1353.1847646359806,1394.3075653232786,1337.5001444983088,1379.85302734375,6832202.0
2022-05-10,1369.0012452272317,1378.7986761047448,1358.5009255643938,1364.6077880859375,6212545.0
2022-05-11,1361.927588201104,1361.927588201104,1328.2297970447912,1341.5419921875,7846080.0
2022-05-12,1330.3388057853947,1342.201139918884,1321.8155419424827,1325.7696533203125,7034979.0
2022-05-13,1334.9959664754047,1343.7389035215306,1316.3676433280884,1321.9034423828125,6723761.0
2022-05-16,1326.8240224148346,1328.4495800627174,1299.2770683025562,1308.4593505859375,6145331.0
2022-05-17,1313.5556632643759,1340.0042502931472,1301.2539849010288,1334.248779296875,6516378.0
2022-05-18,1337.3682641118933,1361.70797213733,1322.694161149026,1326.1209716796875,6594126.0
2022-05-19,1301.3420497086145,1304.593165199384,1245.6769672791786,1254.0245361328125,16561140.0
2022-05-20,1276.738355881576,1288.820360281694,1271.202558233404,1278.6275634765625,10488908.0
2022-05-23,1278.5838689742561,1307.4928382619098,1274.1465416425442,1290.2705078125,5887569.0
2022-05-24,1290.4463220800299,1291.2811433666081,1261.1419818568445,1266.1944580078125,5693167.0
2022-05-25,1260.9223844999042,1267.5125711784751,1229.5091613320494,1239.3504638671875,9630092.0
2022-05-26,1245.9843537049899,1256.528650069207,1236.3627261774936,1251.2125244140625,13040065.0
2022-05-27,1268.7864314520264,1289.040311563104,1263.0310670153488,1284.07568359375,8284860.0
2022-05-30,1306.6140992805463,1344.3978291185176,1304.8567164973847,1341.5860595703125,10904213.0
2022-05-31,1341.4971403772934,1347.9795623962705,1321.4728713370666,1335.1923828125,16033857.0
2022-06-01,1343.539700941573,1345.0936959690998,1307.220595475762,1312.9482421875,8738508.0
2022-06-02,1317.78779937987,1344.2944932066457,1310.3286014773466,1339.0997314453125,7205840.0
2022-06-03,1354.1066701358748,1380.8353586133414,1347.9794690514807,1351.2650146484375,9395707.0
2022-06-06,1346.2036506605543,1364.496369880414,1325.779716646575,1358.6800537109375,6624883.0
2022-06-07,1349.6224971381034,1349.6224971381034,1334.3045457286844,1337.9453125,4904592.0
2022-06-08,1349.9332266440192,1349.9332266440192,1324.891750325521,1331.9957275390625,4697608.0
2022-06-09,1318.675639841816,1347.0471026731207,1315.5676501182832,1345.3155517578125,4361061.0
2022-06-10,1319.6525958969517,1326.6233521245908,1308.5526310764772,1311.394287109375,6516436.0
2022-06-13,1281.9126277011962,1281.9126277011962,1253.5854977400272,1264.951904296875,6987685.0
2022-06-14,1252.0761087251524,1286.619223049743,1245.9933493091928,1279.2044677734375,6090247.0
2022-06-15,1278.8934951366866,1284.3991426909397,1259.934777025382,1262.9095458984375,4651958.0
2022-06-16,1276.93979675799,1282.0457799508679,1236.0919312149667,1240.70947265625,6641772.0
2022-06-17,1235.2483238555576,1240.4874196646322,1214.0251729542306,1231.9183349609375,9692047.0
2022-06-20,1234.3605201667415,1263.0427639663321,1227.2120995273342,1255.76123046875,4595194.0
2022-06-21,1264.5078124914492,1292.9237183901334,1263.397816167282,1287.5069580078125,6270787.0
2022-06-22,1275.2082505737685,1296.1205167768,1274.2758102801847,1276.2738037109375,6253366.0
2022-06-23,1278.5382855533985,1294.6997896368189,1272.4998618309749,1289.7713623046875,6254281.0
2022-06-24,1294.6997999490238,1303.1357725824364,1268.8591054568187,1279.692626953125,6114340.0
2022-06-27,1303.6242355705597,1317.7877464947417,1301.049022203048,1309.4405517578125,4511097.0
2022-06-28,1304.4677073865423,1321.561651135481,1290.2597541406712,1314.368896484375,4412178.0
2022-06-29,1300.6492467100306,1311.5716538760837,1293.8117127267801,1299.3616943359375,5060038.0
2022-06-30,1300.960054039024,1316.0115598972436,1292.035640789804,1298.162841796875,9165177.0
2022-07-01,1291.1478536823045,1318.675765280758,1280.802665224558,1313.7030029296875,4651635.0
2022-07-04,1314.4578653971353,1325.1138318789901,1298.2519163726479,1321.33984375,4800224.0
2022-07-05,1330.9302267306132,1340.8313086434368,1307.1318587687915,1310.639404296875,7379669.0
2022-07-06,1316.1892947506883,1331.9956869281368,1305.3557731895742,1324.5809326171875,5209162.0
2022-07-07,1334.7041829822008,1344.3832653678094,1328.1773170972135,1330.84130859375,3323472.0
2022-07-08,1345.315590195814,1347.0471411605954,1331.9511906435466,1344.8271484375,3652582.0
2022-07-11,1327.555669124535,1331.9068766093092,1302.1589736556825,1308.1529541015625,4702638.0
2022-07-12,1298.0742548130895,1304.1125702899615,1275.1638853794875,1277.47265625,4710356.0
2022-07-13,1287.5959081661404,1296.4758799465965,1277.4727186568018,1282.66748046875,5264025.0
2022-07-14,1288.4838556808252,1290.215406752036,1255.6279613595361,1268.814697265625,6157606.0
2022-07-15,1284.0439058847987,1284.0439058847987,1252.6532276522264,1270.146728515625,5620018.0
2022-07-18,1287.5957507176618,1326.3124012665216,1285.8641997914458,1323.02685546875,5835171.0
2022-07-19,1306.7322778541525,1320.3185695057068,1305.4446169198009,1317.9210205078125,3418540.0
2022-07-20,1333.10587067717,1354.906246509433,1331.995874115407,1345.582275390625,5079392.0
2022-07-21,1347.0915186497457,1363.4750207876066,1334.7483380319422,1361.210693359375,5008061.0
2022-07-22,1362.1875644368015,1367.5155470877928,1325.0249071257533,1337.590087890625,7020642.0
2022-07-25,1314.3244515105814,1347.2247865607108,1314.3244515105814,1335.1923828125,7859626.0
2022-07-26,1329.021061010545,1329.021061010545,1283.1559829173068,1288.6171875,7268273.0
2022-07-27,1288.4840631882817,1308.0200034985107,1283.1560794673103,1306.2884521484375,4517285.0
2022-07-28,1328.7988388509684,1353.7070916560501,1322.9824146761307,1347.44677734375,6636841.0
2022-07-29,1361.122085160738,1381.457133330871,1356.859655449305,1376.129150390625,7009465.0
2022-08-01,1388.8275224964943,1388.8275224964943,1365.6508188965988,1377.3280029296875,2983249.0
2022-08-02,1373.332059019602,1373.731614384653,1357.170445576222,1370.71240234375,4374635.0
2022-08-03,1375.5076524859794,1394.1555935461508,1367.4268997061906,1390.6923828125,6011955.0
2022-08-04,1409.6953575514096,1424.2140880582285,1398.5509508931095,1420.70654296875,7402209.0
2022-08-05,1428.2545901627868,1443.6168753071975,1422.8378294078434,1435.58056640625,5361971.0
2022-08-08,1435.8913682028474,1440.3313538806547,1417.2434283560572,1438.0225830078125,3763409.0
2022-08-10,1439.6210168307325,1439.6210168307325,1410.22833119954,1422.9710693359375,4423829.0
2022-08-11,1447.4354013336217,1448.6341758452916,1435.0034408313697,1438.510986328125,3462090.0
2022-08-12,1432.6060087465903,1433.2275634632008,1412.048850701311,1415.556396484375,3562286.0
2022-08-16,1428.787474466892,1428.787474466892,1412.8923031334775,1417.64306640625,3004430.0
2022-08-17,1417.6429220050966,1431.4513202213034,1407.4753986046935,1426.3453369140625,4067324.0
2022-08-18,1415.5560961565852,1419.1968624345182,1397.707376873584,1405.6549072265625,4635706.0
2022-08-19,1407.741913599355,1425.1466359156411,1407.5642491319722,1418.22021484375,4739884.0
2022-08-22,1408.3632325603467,1419.9071934829724,1397.707268631769,1399.1724853515625,3950555.0
2022-08-23,1374.619490522654,1380.3914715875098,1361.2995342191398,1369.646728515625,5551574.0
2022-08-24,1363.0755394912346,1372.8435075266768,1359.5235511147102,1365.2955322265625,2888426.0
2022-08-25,1374.6196086818957,1375.2411633369209,1344.205705841227,1348.1129150390625,4331088.0
2022-08-26,1363.2088193983936,1371.911126256518,1347.4912051170422,1351.132080078125,3079136.0
2022-08-29,1304.068208908207,1304.068208908207,1287.5958190364718,1298.02978515625,8079050.0
2022-08-30,1308.108629152098,1328.5325643697543,1301.8038708297447,1325.7353515625,6725875.0
2022-09-01,1296.520342709969,1303.6686550621423,1288.5283679870784,1300.2054443359375,8140604.0
2022-09-02,1312.459816939898,1312.459816939898,1285.8199018463954,1290.2598876953125,5175653.0
2022-09-05,1288.4838352280558,1302.6917893036236,1284.3546268952266,1297.6302490234375,3669352.0
2022-09-06,1297.6301585781393,1305.355689709022,1283.5553183345817,1292.12451171875,3428442.0
2022-09-07,1278.7158670634933,1301.5817931585523,1276.984316019413,1294.3890380859375,3600574.0
2022-09-08,1309.7957516157421,1315.212512366536,1299.6725627710948,1310.594970703125,4061475.0
2022-09-09,1321.3396674929586,1349.755574320764,1314.2356907860071,1342.3408203125,4816910.0
2022-09-12,1354.9061513249576,1372.7548731045804,1350.7769427256635,1364.1412353515625,5494819.0
2022-09-13,1378.0826553311847,1379.0594304149024,1368.669908200499,1371.9110107421875,4947158.0
2022-09-14,1329.33171750544,1331.0632685678052,1307.1317890233854,1310.1510009765625,14332197.0
2022-09-15,1309.7956992197146,1309.9732552773253,1268.9922765591873,1272.322265625,12784100.0
2022-09-16,1265.3959486362396,1265.3959486362396,1215.0908880161,1222.8165283203125,20464045.0
2022-09-19,1236.092071374122,1248.5240318620802,1225.9688818685945,1234.58251953125,6595241.0
2022-09-20,1250.2554997650657,1255.2283703476603,1229.964787284812,1233.0284423828125,7219797.0
2022-09-21,1225.3472325735095,1233.250428524418,1215.1352658184694,1222.9940185546875,7917054.0
2022-09-22,1213.3148220155867,1228.9435493746757,1207.6760620818068,1214.735595703125,9168498.0
2022-09-23,1214.3360624565184,1238.5784272088517,1209.4520782930736,1212.515625,10426200.0
2022-09-26,1207.6761385505345,1242.7075831808704,1203.2361527470398,1225.6580810546875,9414587.0
2022-09-27,1237.3796194234526,1248.9680259096867,1223.6601064369345,1237.468505859375,8561254.0
2022-09-28,1224.5481116517592,1248.390814263547,1222.7721172911329,1238.4896240234375,7022098.0
2022-09-29,1247.547174377518,1251.9427167580907,1236.9799869799815,1241.9971923828125,6119965.0
2022-09-30,1233.3834762714234,1260.3342738295787,1221.8839576743449,1255.139404296875,8120130.0
2022-10-03,1253.8518199971973,1253.8518199971973,1230.7638969660875,1237.6458740234375,4943169.0
2022-10-04,1260.689463513092,1271.8338706895042,1255.6279233059583,1269.3031005859375,6631341.0
2022-10-06,1283.1556322426686,1296.2980308663884,1282.3564132834574,1292.1688232421875,6180672.0
2022-10-07,1284.3547342638644,1294.566702109372,1278.8491949585682,1288.6614990234375,3994466.0
2022-10-10,1266.5946414154234,1300.9157509967636,1266.5946414154234,1298.8289794921875,5274677.0
2022-10-11,1298.8289881372887,1313.9249389319289,1261.0446679361762,1264.330322265625,12824774.0
2022-10-12,1276.0518156752744,1279.6925820570834,1255.2283273173289,1268.681396484375,5481467.0
2022-10-13,1270.7238112587875,1276.8953475559135,1256.5158580930706,1260.8670654296875,4821514.0
2022-10-14,1318.6756068697537,1326.6675802447219,1302.913659380233,1309.129638671875,14990688.0
2022-10-17,1311.4829914797187,1327.55571795731,1310.2397738100408,1323.0712890625,4286396.0
2022-10-18,1340.8755527341007,1341.7191065769207,1329.553590285518,1335.2811279296875,4692004.0
2022-10-19,1335.54770780305,1336.3912617326525,1315.3902159447794,1319.0753173828125,3553171.0
2022-10-20,1309.7956544303293,1335.5475689920102,1309.0852134280171,1332.7947998046875,4583939.0
2022-10-21,1332.2621411983666,1337.3236814941895,1324.314501823941,1332.439697265625,3594485.0
2022-10-24,1348.4235332441654,1351.3539668962553,1341.7635553058506,1347.8463134765625,982837.0
2022-10-25,1356.9485497066773,1361.2109797831833,1350.6882342545528,1355.3502197265625,3914341.0
2022-10-27,1374.201712053986,1377.8822668553057,1357.7737282362873,1368.0523681640625,6760137.0
2022-10-28,1369.892717518689,1371.6431919026134,1352.8363861734367,1358.447021484375,3053981.0
2022-10-31,1373.7079380791174,1388.205841518274,1373.7079380791174,1380.3509521484375,4542336.0
2022-11-01,1394.1756124417263,1413.8801201240165,1388.8342217938466,1412.084716796875,4542692.0
2022-11-02,1411.1870015279026,1411.8602777690894,1386.9490568451713,1394.4000244140625,2938906.0
2022-11-03,1381.3384738631173,1385.9616594777258,1365.9877968987141,1374.1568603515625,3174027.0
2022-11-04,1364.9104934069014,1364.9104934069014,1347.5849165055247,1359.120361328125,4509682.0
2022-11-07,1365.763237456549,1371.598297862103,1338.5628351175721,1353.240234375,4898592.0
2022-11-09,1372.5859461620792,1372.5859461620792,1347.5400459604302,1356.6068115234375,3334755.0
2022-11-10,1333.0868583597462,1357.3248012390143,1333.0868583597462,1348.3028564453125,3435763.0
2022-11-11,1388.430263614367,1412.5335307351531,1388.430263614367,1409.4813232421875,7214098.0
2022-11-14,1414.014771210018,1428.602422973989,1408.0001044253945,1423.12646484375,4908813.0
2022-11-15,1416.438498094257,1434.3925307337452,1411.8602416877316,1430.9364013671875,3497614.0
2022-11-16,1433.7641456371011,1444.4018877790927,1430.4875128502076,1438.836181640625,4497697.0
2022-11-17,1433.8091297730527,1438.8363470236297,1421.0168803841925,1425.01171875,3469515.0
2022-11-18,1428.8716685979427,1434.5272328106976,1414.3289457404594,1430.3978271484375,3126064.0
2022-11-21,1420.2537091834579,1425.4154934915452,1404.0502607137878,1407.775634765625,3071764.0
2022-11-22,1408.4939437323687,1425.5502757469735,1402.2100319375143,1422.902099609375,3399329.0
2022-11-23,1426.3581957002846,1429.1410489418556,1417.7402816433105,1421.1964111328125,3245067.0
2022-11-24,1426.4479469523692,1468.639925244856,1422.6327148727294,1463.07421875,5282215.0
2022-11-25,1464.5104516907584,1475.8214702395546,1448.710925020796,1468.32568359375,4563255.0
2022-11-28,1461.4583854460668,1484.3497790755966,1454.276771758371,1457.3289794921875,3825766.0
2022-11-29,1455.3538334700106,1471.1085408527335,1449.8330561316118,1462.40087890625,3131710.0
2022-11-30,1454.231619954078,1477.3923643802111,1448.1273150047618,1467.6971435546875,11868134.0
2022-12-01,1486.7734674759286,1501.49579683449,1483.272518616262,1487.5814208984375,5407928.0
2022-12-02,1486.5940827164045,1491.800796645968,1466.799715499316,1470.345703125,4283343.0
2022-12-05,1470.4352477571372,1476.5844819133267,1457.2390778283009,1472.0062255859375,3824966.0
2022-12-06,1458.7651217066502,1459.6628233200083,1443.1002723866409,1447.9029541015625,4822398.0
2022-12-07,1443.5042639072717,1457.6879939155688,1433.3601913539392,1441.260009765625,4898087.0
2022-12-08,1441.2600256218434,1457.777758202631,1434.976113956099,1454.411376953125,4206837.0
2022-12-09,1461.4583510232733,1461.4583510232733,1401.4020860579217,1408.7633056640625,8880658.0
2022-12-12,1391.437558650479,1405.7558561467295,1373.5284545512598,1388.9239501953125,8037679.0
2022-12-13,1388.924053738368,1416.1244596167126,1383.4930240961316,1411.32177734375,6135067.0
2022-12-14,1420.164080614015,1425.9991416279158,1412.0847653639985,1417.830078125,4976020.0
2022-12-15,1408.7634001319689,1409.3917475238864,1378.1966117108577,1382.9095458984375,6443866.0
2022-12-16,1368.9949315397396,1390.9886206038207,1357.369739724668,1366.4813232421875,9630453.0
2022-12-19,1353.689233868756,1361.7237298285659,1342.1089696118938,1353.150634765625,6222740.0
2022-12-20,1347.4502703396117,1360.9157960258838,1330.797859741164,1353.1058349609375,7396259.0
2022-12-21,1360.0179181471094,1365.4041277239296,1348.6619710394373,1355.12548828125,6236361.0
2022-12-22,1365.853266083518,1373.4388023348172,1357.1006736784477,1366.3470458984375,6302640.0
2022-12-23,1354.3624137356346,1355.4397214479377,1340.268541890437,1343.9490966796875,6283822.0
2022-12-26,1347.0013761347504,1355.4397938764648,1343.2758922315616,1348.70703125,4115459.0
2022-12-27,1355.484662525693,1365.8082322618604,1344.3083199922382,1359.8834228515625,4860076.0
2022-12-28,1351.1308690136332,1368.9502266632046,1345.206059437163,1355.664306640625,5029860.0
2022-12-29,1350.1433491771486,1365.673632332556,1347.4502440923538,1362.3072509765625,4624745.0
2022-12-30,1371.6881105842783,1373.8426164441485,1350.188200066258,1353.91357421875,5060544.0
2023-01-02,1359.1202737002234,1370.341544123772,1350.1881862761663,1368.0972900390625,3801140.0
2023-01-03,1364.3717941574034,1375.862418801588,1360.107711434535,1366.795654296875,4551130.0
2023-01-04,1365.4042617792377,1365.4042617792377,1338.5629595029297,1341.884521484375,7059590.0
2023-01-05,1351.8489350836053,1351.8489350836053,1318.948147732721,1324.2894287109375,9868404.0
2023-01-06,1319.6213856737572,1324.109893788294,1298.5253975354353,1300.32080078125,6443714.0
2023-01-09,1300.051455589557,1336.9918995481128,1300.051455589557,1332.5931396484375,11498717.0
2023-01-10,1330.3938176401173,1332.0994726561996,1305.3031008773605,1319.39697265625,7158624.0
2023-01-11,1319.6214032298747,1341.166242466281,1314.2351934207732,1320.7435302734375,6173092.0
2023-01-12,1330.3490824935222,1333.087116700985,1306.156063838339,1329.13720703125,6591385.0
2023-01-13,1331.7405119183861,1363.9680258321482,1317.8261351507858,1349.8292236328125,11610426.0
2023-01-16,1355.5295931085607,1371.6882240197885,1348.617333718516,1369.4439697265625,6073063.0
2023-01-17,1370.7903268138245,1384.4353471376285,1368.0972220460174,1382.0115966796875,5922644.0
2023-01-18,1386.7246995181722,1393.0983596644714,1382.1015138518171,1387.3082275390625,5843098.0
2023-01-19,1382.3708462159693,1391.0336893900567,1370.0274480510775,1381.47314453125,6165284.0
2023-01-20,1380.6652340912512,1386.9491460799632,1368.0974101138277,1369.4888916015625,6496429.0
2023-01-23,1377.972211024558,1394.4001971780099,1371.7780469216464,1389.642333984375,4855020.0
2023-01-24,1400.4145497993616,1408.3143680159328,1391.213108045872,1393.1431884765625,5200802.0
2023-01-25,1388.744493228618,1396.8238083152746,1381.338454399183,1385.1536865234375,4158617.0
2023-01-27,1387.8466742580101,1392.2902533470308,1353.195414398124,1363.743408203125,6209955.0
2023-01-30,1372.406405831687,1386.051427868807,1364.5065870211054,1381.3834228515625,6964719.0
2023-01-31,1390.450178190422,1390.450178190422,1358.2226654027863,1376.8499755859375,9448126.0
2023-02-01,1384.4354819888624,1395.9710362007636,1371.7330909295972,1392.425048828125,6194199.0
2023-02-02,1393.2329580209157,1424.607586792744,1393.2329580209157,1421.7349853515625,6916834.0
2023-02-03,1434.0785244711133,1440.4971138054802,1412.084831920539,1435.7841796875,7040194.0
2023-02-06,1434.527406432134,1434.527406432134,1401.8510405893485,1409.257080078125,4570612.0
2023-02-07,1408.494023406654,1414.822864476851,1396.0159473630506,1402.5692138671875,4336238.0
2023-02-08,1405.3520131355485,1439.0158269283195,1405.3520131355485,1427.7945556640625,7983338.0
2023-02-09,1432.9113793663391,1454.0522977867906,1423.79979497045,1451.5836181640625,6904911.0
2023-02-10,1447.9478465069383,1450.955234729636,1433.1357691390035,1443.998046875,4786762.0
2023-02-13,1433.6295447624907,1433.6295447624907,1405.8007934239577,1407.1024169921875,4001199.0
2023-02-14,1422.5877904936112,1432.731863182567,1416.7079103135172,1430.26318359375,5043736.0
2023-02-15,1421.9595093920875,1435.4250350492096,1414.7778957082892,1433.674560546875,3465747.0
2023-02-16,1436.3225698383455,1449.2943142141119,1434.3924894685822,1437.9384765625,4290289.0
2023-02-17,1430.9365430163343,1431.8342447371726,1414.3290611808247,1421.780029296875,2857734.0
2023-02-20,1422.8121596263827,1439.0157179378093,1420.6128344582553,1429.544921875,2417716.0
2023-02-21,1435.155504627785,1437.8037900984118,1414.777722133191,1417.919677734375,2723288.0
2023-02-22,1403.1077157532914,1413.8801358358503,1396.1954567000723,1402.030517578125,3656244.0
2023-02-23,1409.257050222941,1409.257050222941,1389.7769663588479,1392.0660400390625,4766854.0
2023-02-24,1400.4147296784008,1408.4940454265454,1386.949203431493,1392.021240234375,2790986.0
2023-02-27,1382.4606439922532,1382.4606439922532,1348.3479787508859,1354.9012451171875,4920268.0
2023-02-28,1360.556563512157,1368.0972790929927,1329.7654634659286,1335.3760986328125,9679811.0
2023-03-01,1339.7298370988067,1347.3153714875734,1329.9448681268595,1343.0064697265625,5125043.0
2023-03-02,1333.0870811609395,1336.318785501753,1317.1978042286796,1321.5516357421875,4644499.0
2023-03-03,1334.6579262232572,1337.3959600849184,1322.3145285534606,1327.9700927734375,4615015.0
2023-03-06,1341.6599713901492,1364.8655358556944,1340.40316723241,1353.240234375,6561742.0
2023-03-08,1338.069174718111,1342.9616046452634,1329.5858287787105,1339.9991455078125,4137080.0
2023-03-09,1342.0638181835122,1345.0710964615623,1323.7506846342324,1328.9573974609375,5104656.0
2023-03-10,1310.6444413069564,1323.481619051477,1308.5348642940003,1321.012939453125,3699580.0
2023-03-13,1314.4147222773474,1327.0724033065608,1281.9179661287412,1288.2916259765625,8798403.0
2023-03-14,1293.588310306173,1300.1863967038166,1266.657255962533,1274.736572265625,7402784.0
2023-03-15,1290.894921852731,1295.2487527671929,1271.9085107865455,1274.422119140625,7556182.0
2023-03-16,1272.7614692311392,1272.7614692311392,1255.615279699322,1260.462890625,7323117.0
2023-03-17,1283.7132927675293,1295.2936653670802,1267.016064862061,1275.3646240234375,9090018.0
2023-03-20,1274.4671293545564,1274.4671293545564,1243.1822453152042,1260.05908203125,8221829.0
2023-03-21,1255.8849293937283,1261.2711406706135,1247.8056124784005,1248.4339599609375,8536755.0
2023-03-22,1259.4756016658325,1263.2908342439364,1240.7585414050936,1247.1322021484375,8356487.0
2023-03-23,1242.3743442878756,1242.3743442878756,1229.8514481922973,1233.93603515625,7607718.0
2023-03-24,1246.0098280458892,1255.8396167899662,1236.583961191075,1239.4117431640625,7559127.0
2023-03-27,1244.4389202610448,1252.9670859905164,1233.5318232273341,1246.8626708984375,4170193.0
2023-03-28,1249.6905026499728,1254.9869645456447,1235.1028501650894,1236.673828125,6633366.0
2023-03-29,1237.930550460286,1247.7155201650944,1224.958805711683,1242.01513671875,8813966.0
2023-03-31,1260.37313586201,1283.6684502024389,1251.3063709749888,1281.873046875,8711975.0
2023-04-03,1288.2018554237902,1288.2018554237902,1261.4054833442367,1266.5223388671875,5242764.0
2023-04-05,1256.7824202977913,1281.469217839355,1256.7824202977913,1277.92333984375,7506334.0
2023-04-06,1271.1454333092524,1282.2769547830226,1266.0733974815537,1276.44189453125,6948465.0
2023-04-10,1278.2823267500144,1287.3042729141996,1270.2479401489488,1281.5589599609375,4993788.0
2023-04-11,1282.7259356078043,1286.7206641982061,1246.907617130072,1262.30322265625,6942255.0
2023-04-12,1268.4974270475386,1285.059979527605,1256.7823760661174,1282.1873779296875,5831169.0
2023-04-13,1265.5348481010121,1266.7019040302373,1241.5213299689306,1247.0870361328125,11267238.0
2023-04-17,1122.396511196189,1132.1365530010617,1064.0458990402255,1129.578125,53171705.0
2023-04-18,1140.0363692179153,1140.0363692179153,1124.9101156433735,1130.520751953125,12430884.0
2023-04-19,1126.0321873055573,1126.0321873055573,1103.6345720960464,1106.1480712890625,11307230.0
2023-04-20,1104.801324932899,1111.2199133454824,1096.452765729637,1098.2481689453125,8621249.0
2023-04-21,1102.4674657463806,1107.0906515432816,1095.1961036957662,1101.794189453125,8691352.0
2023-04-24,1102.3776114514949,1104.1730147274745,1093.4005950715969,1100.8515625,8313774.0
2023-04-25,1100.537247505562,1109.110341734084,1090.7074586862907,1099.5947265625,6808576.0
2023-04-26,1102.3776768107684,1106.8661852668383,1095.6898430443146,1101.9737548828125,5680192.0
2023-04-27,1104.1729691026203,1120.152101431663,1100.0435636550399,1118.7606201171875,8020704.0
2023-04-28,1127.2437567100199,1130.2062155640403,1117.593465353933,1124.5955810546875,10118277.0
2023-05-02,1126.2116409241175,1148.833678512012,1126.2116409241175,1146.7689208984375,8886401.0
2023-05-03,1136.4903330105763,1142.3253939620522,1132.9892745231455,1139.318115234375,5549783.0
2023-05-04,1139.138672468051,1145.2880175570444,1133.3485396037659,1143.2681884765625,4505401.0
2023-05-05,1148.1601795987744,1148.1601795987744,1125.9420682265543,1130.2958984375,5373791.0
2023-05-08,1133.3034433741707,1140.3504892363796,1126.7951061867552,1136.1312255859375,5260842.0
2023-05-09,1136.49019700518,1141.8764064696595,1131.732334811805,1140.7093505859375,4969897.0
2023-05-10,1145.8264050289897,1145.8264050289897,1130.3410516063245,1134.0216064453125,6515734.0
2023-05-11,1140.305527683217,1145.3775639523772,1124.8651030446258,1127.60302734375,6888461.0
2023-05-12,1125.1344060204995,1127.5133374467855,1112.2973374345554,1117.818115234375,8292212.0
2023-05-15,1122.0372679380657,1139.0935985840445,1118.222036083044,1129.622802734375,5534710.0
2023-05-16,1135.5924585788403,1143.6268436028956,1133.572630095202,1134.964111328125,5236469.0
2023-05-17,1131.6427073715677,1131.9568810406574,1115.3494000856915,1119.34423828125,10465667.0
2023-05-18,1129.8472737459822,1130.7899043107132,1115.3493701951222,1118.5362548828125,6948732.0
2023-05-19,1127.5583046568154,1143.0436595385552,1124.6407740269224,1139.09375,11094136.0
2023-05-22,1142.7293613064382,1163.0623271928262,1140.3056104941186,1160.548828125,7625947.0
2023-05-23,1166.293872811124,1179.7145774568664,1164.3639020407309,1167.0570068359375,7436031.0
2023-05-24,1163.6907159656682,1171.500676643536,1159.202207626038,1165.80029296875,4824077.0
2023-05-25,1162.0748961534305,1173.2961678428223,1157.3619620438858,1170.917236328125,4334121.0
2023-05-26,1172.398361832931,1188.063211884976,1172.398361832931,1182.677001953125,5521606.0
2023-05-29,1196.3669615854992,1196.3669615854992,1175.8545005172648,1179.9390869140625,4419365.0
2023-05-30,1180.4776039676979,1190.7114241239608,1175.2260715243845,1188.4222412109375,6274719.0
2023-05-31,1184.831435207361,1194.9305782104627,1179.7145799188752,1183.4400634765625,17800782.0
2023-06-01,1187.2553678657034,1193.4943505359809,1183.2605297506059,1184.517333984375,4277841.0
2023-06-02,1190.8858847438232,1194.4340008819925,1179.104437792939,1181.7882080078125,10909311.0
2023-06-05,1186.3371083269453,1191.2952979847407,1180.2417090177628,1186.7919921875,5002553.0
2023-06-06,1172.3265202842344,1172.3265202842344,1158.134167776339,1163.5927734375,10008100.0
2023-06-07,1174.0549594386935,1177.2391456905614,1166.7768194344242,1172.644775390625,5397578.0
2023-06-08,1170.143170160564,1175.419867237597,1165.503377106278,1167.050048828125,5034942.0
2023-06-09,1166.777036268273,1166.777036268273,1149.9463343805824,1151.7203369140625,5339073.0
2023-06-12,1158.5890989066725,1178.7858962557063,1158.1342150829948,1175.374267578125,4785588.0
2023-06-13,1182.60704590606,1188.6114904665221,1180.0142301930907,1187.1103515625,4846587.0
2023-06-14,1188.474840185205,1188.7932366228665,1176.5113744554915,1183.061767578125,3457981.0
2023-06-15,1177.1938369363772,1177.1938369363772,1166.9135288571645,1170.6890869140625,6161155.0
2023-06-16,1170.8708768960637,1184.0625068222432,1165.4578042106698,1175.101318359375,8536287.0
2023-06-19,1177.2392578125,1182.2429795419966,1170.9164175038359,1177.2392578125,4451787.0
2023-06-20,1177.239178669295,1187.24662145551,1174.6008306327171,1185.791015625,4009180.0
2023-06-21,1182.6522836320391,1186.154977548267,1178.1489786763307,1182.1064453125,4041529.0
2023-06-22,1173.0542504034897,1173.0542504034897,1158.588924773524,1165.91259765625,6676607.0
2023-06-23,1161.27275111336,1163.9110992338817,1149.354818354435,1150.85595703125,7239467.0
2023-06-26,1155.6323120512568,1159.0439406048426,1148.3541711369407,1155.7232666015625,3403244.0
2023-06-27,1164.502650447375,1166.3221858386987,1159.2259533902843,1163.7293701171875,3240024.0
2023-06-28,1173.600249850804,1179.695648586696,1165.7762703962558,1176.64794921875,5662358.0
2023-06-30,1190.1581681722205,1218.0881057172758,1186.7465389891984,1214.994873046875,12821692.0
2023-07-03,1209.9909598221436,1224.547242045568,1208.5807755595015,1213.3570556640625,7732412.0
2023-07-04,1223.0006455219911,1224.5472060405089,1211.2646211133026,1223.77392578125,5797775.0
2023-07-05,1235.327962395677,1235.4189169481579,1219.9983999394044,1225.72998046875,5414936.0
2023-07-06,1221.4084327344483,1225.8662047537898,1216.495665897886,1222.6365966796875,5963897.0
2023-07-07,1213.6300129632032,1224.365315371182,1205.7605007879629,1210.1728515625,6295647.0
2023-07-10,1215.9498311998555,1220.8170652524432,1200.256341377616,1209.217529296875,3940315.0
2023-07-11,1213.129354519499,1229.0048630603399,1207.2613989243584,1226.912353515625,6126128.0
2023-07-12,1229.0960058756348,1229.9148189122855,1207.26158386156,1212.9931640625,8102770.0
2023-07-13,1214.4486500848052,1252.5679302987028,1210.7640473114604,1241.923583984375,9977644.0
2023-07-14,1256.0705566992494,1300.9675618860852,1256.0705566992494,1297.282958984375,12833381.0
2023-07-17,1297.2830136298498,1327.3053432456984,1286.68431035238,1294.5537109375,11569884.0
2023-07-18,1304.6067308473641,1344.5909722136412,1300.0578928736984,1342.089111328125,16743977.0
2023-07-19,1351.9146708665796,1363.559740717556,1328.8975058703597,1341.8616943359375,13687062.0
2023-07-20,1338.2682570700565,1338.2682570700565,1310.7022519481309,1318.708251953125,8347221.0
2023-07-21,1201.075039161913,1228.186155763225,1187.2466172377842,1211.4464111328125,45548305.0
2023-07-24,1219.9984834822862,1228.0954382086932,1213.8575515184493,1215.9954833984375,8859789.0
2023-07-25,1216.359245637285,1221.681363730559,1204.759709076421,1214.17578125,6801982.0
2023-07-26,1221.817896357927,1228.186269607745,1218.5427551834298,1227.1400146484375,5528885.0
2023-07-27,1236.0101907567564,1240.7410487249037,1225.5024420215238,1231.052001953125,9191861.0
2023-07-28,1231.6888321728816,1240.7865080925476,1215.4495028674003,1219.54345703125,6122735.0
2023-07-31,1227.0491075504592,1235.0095744205735,1212.9477090948283,1233.3719482421875,7902180.0
2023-08-01,1239.1033148368012,1245.4716872331724,1234.5544774108216,1242.0145263671875,6064652.0
2023-08-02,1245.7447635687552,1248.1555587567932,1226.7760211098619,1234.4180908203125,7419145.0
2023-08-03,1228.186202359877,1243.2428998554956,1227.2764348025732,1241.1959228515625,6503741.0
2023-08-04,1245.3807687817762,1260.8468164782487,1239.1033507409106,1253.97802734375,5712345.0
2023-08-07,1262.6664818373094,1269.1258096249944,1252.7499927266074,1267.3062744140625,3729093.0
2023-08-08,1267.1698175564386,1267.8067215289614,1259.482325527499,1264.7589111328125,4161877.0
2023-08-09,1259.1183508602219,1270.0355619948482,1257.7536994683937,1268.5799560546875,4090828.0
2023-08-10,1266.0324754708959,1269.8535657391153,1260.5738702782457,1263.758056640625,3873025.0
2023-08-11,1266.396413303026,1270.8087636526227,1243.6977576448737,1248.0645751953125,5783517.0
2023-08-14,1248.0646177377491,1269.1257591782453,1242.378570429603,1267.806640625,4304135.0
2023-08-16,1283.5000834227826,1291.8243675275844,1278.5873165202784,1290.5052490234375,7735313.0
2023-08-17,1291.8698640834398,1291.8698640834398,1279.133118944589,1284.182373046875,5618346.0
2023-08-18,1277.0406772674733,1281.5895150593437,1261.0743232513742,1263.4852294921875,5134103.0
2023-08-21,1264.3495172472738,1280.04300828704,1261.9841437074754,1278.58740234375,3032722.0
2023-08-22,1277.9505385325194,1279.178813670877,1270.6269757839684,1277.0863037109375,2890714.0
2023-08-23,1288.2309000421885,1288.7767383819312,1278.8148277508842,1280.9072265625,2559125.0
2023-08-24,1293.2346518402169,1296.4643712635414,1286.8207457961107,1295.1451416015625,5171963.0
2023-08-25,1285.5016097963642,1294.14440193583,1284.0460038576823,1291.9609375,4307172.0
2023-08-28,1291.9607743738602,1296.2367481573856,1284.0458417309012,1287.912353515625,3133464.0
2023-08-29,1295.508935074852,1295.8728642902074,1287.5940021549932,1289.73193359375,3074444.0
2023-08-30,1298.238204796241,1307.0174832626406,1295.5089023334597,1305.65283203125,3070887.0
2023-08-31,1305.653039664003,1314.5232740786394,1299.7395500542452,1305.9259033203125,9792735.0
2023-09-01,1301.8319683222358,1315.524015813637,1299.3301072963106,1313.5679931640625,3582133.0
2023-09-04,1312.7945503532342,1337.358273748617,1305.2434354057439,1332.900390625,4609014.0
2023-09-05,1332.8095304482017,1346.5015772139598,1325.0765058688094,1345.455322265625,5496840.0
2023-09-06,1348.1845184505673,1349.0942859762029,1331.2628646848657,1344.135986328125,5075786.0
2023-09-07,1337.90412243496,1340.4515159698167,1330.1256765994524,1333.901123046875,4411743.0
2023-09-08,1331.4449464210497,1341.6798324116455,1328.4426687748935,1336.9945068359375,3125838.0
2023-09-11,1336.994432557999,1344.6820353527714,1332.3546400444875,1343.226318359375,4182226.0
2023-09-12,1348.7304447397828,1368.2904478169532,1343.8176775697427,1365.652099609375,6793161.0
2023-09-13,1369.200367950324,1369.200367950324,1354.3256884896966,1363.150390625,4804686.0
2023-09-14,1369.200118850372,1376.068908054887,1363.878001064633,1370.97412109375,6444213.0
2023-09-15,1381.0273694792074,1381.3912987705646,1372.8394601739947,1375.204833984375,8657816.0
2023-09-18,1369.1093400919283,1369.1093400919283,1353.7342448047293,1357.19140625,3991916.0
2023-09-20,1342.9988490854248,1360.193478454991,1342.9988490854248,1355.7811279296875,4169337.0
2023-09-21,1352.4151068014573,1368.7909240446215,1342.8170139394665,1366.2435302734375,6779195.0
2023-09-22,1357.282291448548,1370.9742270619945,1351.1867819544711,1361.1488037109375,5455613.0
2023-09-25,1355.417217832278,1355.417217832278,1338.7685376167728,1341.1339111328125,4217863.0
2023-09-26,1345.6826275575102,1346.3649531864253,1327.3507901162034,1328.8519287109375,3996528.0
2023-09-27,1324.6217061818336,1336.9945240833968,1319.2086330547818,1334.629150390625,3863586.0
2023-09-28,1335.447772053514,1339.723634998435,1305.5163982722486,1309.5648193359375,5814602.0
2023-09-29,1302.8782039633304,1316.251854791077,1288.2309672949007,1305.9259033203125,6068968.0
2023-10-03,1306.471635140572,1307.3358698250358,1292.1427973188988,1304.6065673828125,4181867.0
2023-10-04,1296.41872564626,1319.1173810169118,1290.2322620419864,1314.022705078125,4510406.0
2023-10-05,1320.982497846701,1342.4985228636597,1319.3448718155562,1331.3992919921875,7384621.0
2023-10-06,1336.9034978713848,1350.5500119701062,1331.2629831328265,1345.2733154296875,3598672.0
2023-10-09,1332.7185470073355,1356.4634585781648,1330.2621079137662,1342.3165283203125,3567552.0
2023-10-10,1350.0041284403374,1361.9220614766054,1336.5395238912695,1360.239013671875,5688951.0
2023-10-11,1361.9220140294271,1381.254574348816,1347.7750842911132,1359.556640625,7220129.0
2023-10-12,1357.2824151740776,1368.6545111001026,1320.9826627670805,1333.2645263671875,11081662.0
2023-10-13,1278.2234711912276,1308.2458018313064,1273.6746332154582,1302.013916015625,17973439.0
2023-10-16,1302.877974252616,1313.3403001791105,1300.9674847728108,1304.7430419921875,4850745.0
2023-10-17,1310.2927452175127,1322.2106781963569,1308.2913009819003,1312.294189453125,3923764.0
2023-10-18,1311.8849145317179,1322.8021260257406,1308.5642404911625,1310.5657958984375,4264837.0
2023-10-19,1297.419661765858,1309.7470582096269,1297.419661765858,1304.2884521484375,6795691.0
2023-10-20,1300.9676812379575,1308.700705916645,1296.6462850939854,1298.4658203125,3928622.0
2023-10-23,1296.964582762976,1303.1055136577397,1278.4508355358098,1281.5440673828125,2636516.0
2023-10-25,1289.2388086550927,1292.5103316871437,1254.4966784655405,1262.5601806640625,6940777.0
2023-10-26,1248.7371699932087,1266.2003688015045,1246.9400932403355,1252.7918701171875,6357656.0
2023-10-27,1256.6622771033196,1276.3371998881837,1256.6622771033196,1272.052001953125,4634358.0
2023-10-30,1272.0521334622172,1272.0521334622172,1256.155513264206,1269.0111083984375,2667696.0
2023-10-31,1271.6835518717269,1272.7894712580314,1256.0634389161826,1261.039794921875,3451595.0
2023-11-01,1265.324779602583,1269.3794791877367,1245.603735057758,1247.9075927734375,3090672.0
2023-11-02,1262.5142118386507,1268.3199791238953,1254.819348447591,1262.6524658203125,3758060.0
2023-11-03,1271.7756915818663,1282.7880874213406,1269.6560973022642,1280.069580078125,3349045.0
2023-11-06,1284.5391312922866,1296.8417109189295,1281.6823697767961,1293.20166015625,2736381.0
2023-11-07,1290.1604881630135,1295.5976155760281,1285.4145181543718,1294.1231689453125,2272209.0
2023-11-08,1294.7680585080989,1294.7680585080989,1277.6733889661616,1281.866455078125,3550635.0
2023-11-09,1286.3820369286211,1287.856483391317,1262.5601702711208,1266.9375,5498051.0
2023-11-10,1262.4681428598753,1265.4171487849635,1254.2203756878132,1261.4544677734375,2943649.0
2023-11-13,1271.5912989072524,1273.9872886097166,1263.2974105189112,1265.78564453125,3462092.0
2023-11-15,1289.2390443084512,1303.0621934611509,1283.7097846473714,1299.8367919921875,8551860.0
2023-11-16,1304.9973516506468,1339.3709592887674,1299.9288638617754,1331.537841796875,6673907.0
2023-11-17,1327.9899276991723,1337.1592379171582,1322.4606682729127,1324.7645263671875,4901251.0
2023-11-20,1328.8652717092657,1338.0807035519097,1321.1704086192708,1323.888916015625,3584210.0
2023-11-21,1328.8654600226937,1336.2378065415437,1324.0273576196985,1326.100830078125,3793135.0
2023-11-22,1323.5204775186182,1344.4855881489173,1323.5204775186182,1343.4259033203125,3108786.0
2023-11-23,1352.733312304696,1352.733312304696,1334.1180718038254,1335.5465087890625,3186928.0
2023-11-24,1332.1366975336039,1338.6796311644991,1321.3545755708367,1324.6260986328125,2973195.0
2023-11-28,1330.7085493558543,1331.6300926725826,1315.0884351345396,1329.510498046875,3755373.0
2023-11-29,1337.251355220777,1346.0981477081089,1336.0534165206054,1345.08447265625,3875778.0
2023-11-30,1339.2325660460233,1346.0520077696415,1335.8229014307437,1340.9835205078125,10120867.0
2023-12-01,1345.3610059685648,1345.3610059685648,1332.6897863489253,1338.3572998046875,3489187.0
2023-12-04,1345.8677509348179,1356.4194883018783,1335.592634024112,1349.4617919921875,5511948.0
2023-12-05,1350.7981854850148,1351.8118605948976,1328.8654104130064,1339.8778076171875,5123039.0
2023-12-06,1342.4579763254974,1361.1192250096171,1337.2052253968209,1358.631103515625,5269178.0
2023-12-07,1357.2949393135057,1357.2949393135057,1347.1119540015106,1350.8902587890625,4424453.0
2023-12-08,1355.0371580856024,1377.4305905862009,1351.2127312666094,1374.1591796875,6323433.0
2023-12-11,1373.0994779966725,1380.4718241872586,1365.7271318060862,1371.7171630859375,3862018.0
2023-12-12,1361.5800891380788,1373.0993792323097,1352.5029110424384,1360.243896484375,6103494.0
2023-12-13,1360.19782972632,1360.2439518858023,1320.7097241735976,1335.316162109375,8549258.0
2023-12-14,1348.5863495012065,1392.4517835867966,1346.697140932601,1383.6510009765625,12489858.0
2023-12-15,1403.5564479809898,1463.917528966799,1401.6672393803897,1454.5638427734375,18395389.0
2023-12-18,1444.9337442546357,1468.0184484698,1437.884028140626,1441.6162109375,6467243.0
2023-12-19,1446.9149134299466,1450.4628321473872,1422.1715017334877,1436.040771484375,4221721.0
2023-12-20,1442.2612442252062,1459.2636714338232,1409.9611097529205,1415.8590087890625,6592367.0
2023-12-21,1401.897594233354,1425.3048140325604,1401.897594233354,1415.4903564453125,5319038.0
2023-12-22,1414.522706978693,1443.1366686825568,1403.5103106025122,1440.2799072265625,6741060.0
2023-12-26,1414.5687619692478,1426.5488231455345,1403.5102439603677,1422.8165283203125,6878067.0
2023-12-27,1422.862643983342,1446.8227662265847,1422.862643983342,1444.1502685546875,4225849.0
2023-12-28,1445.8552154390939,1445.8552154390939,1432.9997322913293,1440.049560546875,5702253.0
2023-12-29,1420.144166634131,1437.1004712006081,1419.1765012951132,1421.8489990234375,4388990.0
