Date,Open,High,Low,Close,Volume
2013-01-01,64.7044783460869,65.09591024915443,64.28827858821873,64.40719604492188,6666970.0
2013-01-02,64.80853853595343,65.8490380345028,64.6301661132884,65.09591674804688,12192900.0
2013-01-03,65.39815806362947,65.74003160672144,64.6747567008468,64.89772033691406,5649550.0
2013-01-04,65.19004941709302,65.19004941709302,64.08017588463906,64.43196105957031,4909390.0
2013-01-07,64.5211629859228,64.79367747073744,63.95631821757807,64.25856018066406,6578740.0
2013-01-08,64.15944876693389,64.89275408802554,63.71847365055115,64.68465423583984,6050870.0
2013-01-09,64.44683704843935,65.02158587135992,64.16441091580468,64.32296752929688,7824210.0
2013-01-10,64.71935202668415,65.57157502967188,64.34774342283704,64.7936782836914,7504410.0
2013-01-11,64.7342028621379,65.20491304816512,62.22213313228401,62.430233001708984,5782690.0
2013-01-14,62.62348152877964,62.72753148408498,61.72666730910163,62.286556243896484,7774120.0
2013-01-15,62.2320449183034,63.07435990653652,61.186585886804274,62.39555358886719,11090010.0
2013-01-16,62.49960255497937,62.727522010301286,61.64737968191626,61.895118713378906,6056010.0
2013-01-17,61.83566515821516,62.43023733504123,61.4739645008442,62.222137451171875,6233050.0
2013-01-18,62.05863860705122,62.479794280680174,61.36001259745869,62.40547180175781,23799970.0
2013-01-21,62.182498647519196,62.90589618612956,62.05367328907694,62.52437973022461,9689960.0
2013-01-22,62.524381097923474,64.16936441771851,62.15772459127486,63.495513916015625,28696690.0
2013-01-23,64.83826455506099,64.83826455506099,63.26759988320956,63.921627044677734,8382690.0
2013-01-24,63.7184853768974,64.90267770918645,63.61938371061394,64.71439361572266,10112560.0
2013-01-25,64.67474882081328,66.17604669724808,64.28332449055524,65.91839599609375,9563610.0
2013-01-28,66.19588412186411,66.69136227379305,65.90850588649774,66.20083618164062,6199320.0
2013-01-29,66.19586354340431,67.27104989159686,65.63597098645279,66.85980224609375,24055710.0
2013-01-30,66.98864671718283,67.86069313041891,66.42380190878983,67.26611328125,29108000.0
2013-01-31,67.08773127399127,67.73185431182813,67.08773127399127,67.41970825195312,13112340.0
2013-02-01,67.4296105236528,67.88544945291864,66.08686915209272,66.62198638916016,6480840.0
2013-02-04,66.61703106657504,67.48411776804507,66.26524583865755,67.0580062866211,9911110.0
2013-02-05,66.59225202736553,67.6823098696802,66.49315792180846,67.42961120605469,5166410.0
2013-02-06,67.50889346066002,69.08946986400784,67.49402972197744,68.88632202148438,12270310.0
2013-02-07,68.2967021429259,68.92100941183442,67.88545439670087,68.13815307617188,5075920.0
2013-02-08,67.8804986104908,68.27192297663413,66.8548553309628,67.22151184082031,5742110.0
2013-02-11,67.53365439302706,67.53365439302706,66.22063312799719,66.57242584228516,5752210.0
2013-02-12,66.59226193941487,66.86973606082971,66.20578957794017,66.5278549194336,3029120.0
2013-02-13,66.79045978189157,67.22647543664829,65.89859755107581,66.17111206054688,3846460.0
2013-02-14,66.29000233068993,66.68638626690978,65.52201743223273,65.93821716308594,2784010.0
2013-02-15,65.84903308409626,66.7904459619865,65.8094014912799,66.42874908447266,1373130.0
2013-02-18,66.57243934804713,66.59225514592828,65.67066555633714,65.97786712646484,1342750.0
2013-02-19,65.97786599115415,67.0877321029042,65.94813851464596,66.8697280883789,1279380.0
2013-02-20,67.03819546806398,67.34043744315649,66.02246374453034,66.20083618164062,2998580.0
2013-02-21,65.97785969584555,66.29496534900248,65.20491513880025,65.43283081054688,5663970.0
2013-02-22,65.30401510679404,66.43865662947555,65.15041810542276,65.9233627319336,4699340.0
2013-02-25,66.10666966159502,66.10666966159502,64.80851980322379,65.4675064086914,4545850.0
2013-02-26,65.01663462358957,65.86885753075518,65.01663462358957,65.5368881225586,4319780.0
2013-02-27,65.70040037144061,65.84903775603624,64.34773968845265,64.75898742675781,6378660.0
2013-02-28,64.8977213473756,65.86886177877503,64.31306080101176,65.36347198486328,20862080.0
2013-03-01,64.86303375694087,65.34860013215152,64.46664980231387,64.89276123046875,12152250.0
2013-03-04,64.81844791029816,65.15536938535415,64.31801019651785,64.91258239746094,13238210.0
2013-03-05,64.81845315856036,65.58643821841355,64.64998484699598,65.00177764892578,10258190.0
2013-03-06,65.19996507196123,65.19996507196123,64.54097825424186,64.8729476928711,10076230.0
2013-03-07,64.6747604463795,65.1553748428275,63.7085795938693,64.93241119384766,3800820.0
2013-03-08,65.29905036976783,67.27105849715436,64.48151459281078,66.91926574707031,11006840.0
2013-03-11,66.88954093149103,67.10259287731999,65.99272681459135,66.2850570678711,9925410.0
2013-03-12,66.29001584166525,66.88954770694632,65.83417686824325,66.2256088256836,5145360.0
2013-03-13,65.80940192902298,66.19091460548272,63.93153578015012,64.45674133300781,1744700.0
2013-03-14,64.11484979951236,65.7003854385213,63.1090338504448,65.22967529296875,4976900.0
2013-03-15,65.30401046430008,66.5674810418432,65.30401046430008,65.82921600341797,3231690.0
2013-03-18,65.11573209192564,65.99273046061353,64.51124819490867,64.82835388183594,4650670.0
2013-03-19,65.00672425978297,65.5022023525563,63.03472356745587,63.25273513793945,5546140.0
2013-03-20,63.148677174559,63.42119161937755,62.24195519857589,62.74734115600586,5371330.0
2013-03-21,62.826621485619896,64.47160476487795,61.94466733586183,62.593746185302734,6343940.0
2013-03-22,62.59374882218631,64.61034074302306,62.15772567805047,63.28246307373047,4845990.0
2013-03-25,63.81261963801767,64.17927614494371,62.375736206726614,62.61356735229492,8503010.0
2013-03-26,62.60860422342597,63.698654378221214,62.068531204590215,63.39146041870117,5945530.0
2013-03-28,63.42118859184751,65.37337326285349,63.138766262607334,64.70943450927734,6429050.0
2013-04-01,64.90761083626828,65.00175285554108,63.911702887926715,64.61032104492188,2026150.0
2013-04-02,64.90267960239764,65.40310976598577,64.1049595520785,65.03645324707031,3158620.0
2013-04-03,65.00177344823217,65.35355866703176,64.02568098190206,64.49638366699219,3516810.0
2013-04-04,64.02567725597241,64.51124365104218,62.43023725463348,62.69779586791992,5399770.0
2013-04-05,63.024813880234944,63.485612452480865,62.350963350354114,63.09913635253906,5736460.0
2013-04-08,62.499602313397425,63.42119180929201,61.75638522188229,62.44014358520508,13614170.0
2013-04-09,62.727526247393186,63.78289323184037,60.943805856415715,61.31541442871094,5067960.0
2013-04-10,61.4293729638764,63.411285249747976,61.24604471656211,63.242820739746094,3716830.0
2013-04-11,63.42119061144657,63.51037303175428,61.439278404838866,62.484737396240234,6420020.0
2013-04-12,62.4302391149209,63.60451976466067,62.4302391149209,63.257686614990234,2837780.0
2013-04-15,63.25767572865765,64.3130462942553,62.75228982894117,63.49055099487305,3003520.0
2013-04-16,63.29236849694318,65.20987001578675,63.08922445107787,64.72925567626953,3697170.0
2013-04-17,65.0116850885914,65.94317877926214,64.13468673115949,65.37833404541016,8172810.0
2013-04-18,64.81844561291307,66.5922504740782,64.81844561291307,66.29000854492188,4766230.0
2013-04-22,66.28999329856164,67.38500292262756,65.73010834181635,67.03816986083984,3169300.0
2013-04-23,66.98368603011289,68.98541424192628,66.45848045000128,68.56426239013672,3392100.0
2013-04-25,68.67327429792705,70.84346344386394,68.55930888046632,70.4074478149414,11319770.0
2013-04-26,70.38264736677807,71.00199483118057,68.96062044744212,70.63038635253906,3117780.0
2013-04-29,70.71462028275057,70.71462028275057,69.36691952710667,70.25878143310547,4949820.0
2013-04-30,70.07052612304688,70.84347090523212,69.04489018065411,70.07052612304688,6103190.0
2013-05-02,69.76332348506435,71.83441847714707,69.48585693688067,71.09616088867188,13904970.0
2013-05-03,70.94254508362837,72.12178528711486,70.12996136670702,71.6708984375,8013810.0
2013-05-06,71.5470368009359,71.5470368009359,69.8525025544312,70.51644897460938,3524390.0
2013-05-07,70.66013707066115,72.47358885761106,70.65518501105834,72.18621063232422,7049800.0
2013-05-08,72.3398031839231,72.81546549033678,71.34884697592415,72.22584533691406,4411020.0
2013-05-09,72.27043680588648,72.33980343827447,71.41326179986436,71.68081665039062,2488960.0
2013-05-10,71.47272145403134,72.68168932121877,70.95246789670608,72.3843994140625,4318860.0
2013-05-13,72.93437247768381,72.99878704795245,71.64613399508023,71.84432220458984,3425960.0
2013-05-14,71.92359929937645,72.57762642804276,71.42316160415317,72.32988739013672,3283370.0
2013-05-15,72.3397989951146,76.30857565659737,72.03260500774957,76.13020324707031,7836880.0
2013-05-16,75.60995608173158,77.44322341836171,75.50590236104172,77.0914306640625,7841980.0
2013-05-17,76.70000669854998,79.17739704695022,76.1748011543524,78.71659851074219,5716170.0
2013-05-20,78.73145764544861,79.07333870320512,77.09638615940518,77.4679946899414,5318660.0
2013-05-21,77.46800482735189,77.5720509956963,75.59509819319366,75.81806182861328,5361410.0
2013-05-22,75.91716058572096,76.63065031106433,75.24826207811249,76.11534881591797,3175840.0
2013-05-23,75.60995691493011,76.51667513478421,74.57936161651092,75.8626480102539,4547290.0
2013-05-24,76.0162477575719,77.7157415398467,75.25321482457214,77.39863586425781,3809750.0
2013-05-27,77.42836125926802,78.6720085115918,76.22930521940788,78.23103332519531,6169770.0
2013-05-28,78.08735205360472,78.483728487671,76.56127858918275,76.8387451171875,4371000.0
2013-05-29,76.79910819762631,77.49277453783353,75.74869700805648,77.0220718383789,3209700.0
2013-05-30,77.1954696985006,80.00482889790938,76.53153102923514,79.26161193847656,7707240.0
2013-05-31,78.58282215736837,78.88010445265671,76.97747054538905,77.58690643310547,6859130.0
2013-06-03,77.41847143091847,77.85944674177308,75.82798302726674,76.3432846069336,3504400.0
2013-06-04,75.80815613361831,76.9675731776373,75.57528080079443,76.03607940673828,4039190.0
2013-06-05,75.5108459161164,76.49189782221028,75.18383617447957,76.15001678466797,4050440.0
2013-06-06,75.95677977648866,77.09142108282771,75.31265685707949,76.76936340332031,3468970.0
2013-06-07,76.76938053657457,76.79910801388432,75.51086188755751,75.60005187988281,4034170.0
2013-06-10,75.85769111356579,76.13515760690763,73.6627194601743,74.68340301513672,4259890.0
2013-06-11,74.12352717311539,75.79823801883414,74.02442550427871,74.26226043701172,9161970.0
2013-06-12,73.85100094382271,74.77754242880611,73.39516206927064,73.96000671386719,7467050.0
2013-06-13,73.2316632546354,74.11361365049217,73.15238494569653,73.66767883300781,3032860.0
2013-06-14,74.60909608946676,75.50591027547223,74.12352964960668,74.98565673828125,2598440.0
2013-06-17,74.9856628731264,75.44646149304525,73.85597327386287,74.93115997314453,4101790.0
2013-06-18,74.86673991366156,76.46217991481485,74.32666306776397,75.59013366699219,7911490.0
2013-06-19,75.59507890272967,76.25405796180738,75.17887165437276,75.92208862304688,4191260.0
2013-06-20,75.21356791001935,75.31761406449576,72.4735749563489,73.1920166015625,5971430.0
2013-06-21,72.43889762951716,73.13257151457984,71.37857478444315,72.29025268554688,6852250.0
2013-06-24,71.84432796826823,71.84432796826823,68.3858927802239,68.74263763427734,6655020.0
2013-06-25,69.02504913339925,71.80963348406779,68.53948273881616,71.18038177490234,12395730.0
2013-06-26,71.20019660831295,71.34884154026757,67.68230687416194,68.20255279541016,11726830.0
2013-06-27,68.72280460773648,70.36283575752957,68.67326133855191,69.57502746582031,11688330.0
2013-06-28,70.15969294663856,72.04250343579038,70.11014211886304,71.56684875488281,15418830.0
2013-07-01,71.6461304120259,72.83527473040505,70.87317828864474,71.74026489257812,4600210.0
2013-07-02,71.3587596964735,71.79973491305371,70.65518168577228,70.92768859863281,3361730.0
2013-07-03,70.5362619155854,70.85831965321806,68.89623063059017,69.25297546386719,4045260.0
2013-07-04,69.64479016171617,70.50778915781248,68.89090624218294,69.391845703125,4092800.0
2013-07-05,70.20523725553615,70.20523725553615,69.28768081172588,69.6993408203125,2149950.0
2013-07-08,69.13888389564733,69.53070822459587,67.76007456101725,68.66770935058594,5298350.0
2013-07-09,69.04962915579652,71.32119520373709,68.01304338648926,70.8301773071289,5578120.0
2013-07-10,71.22200051364474,73.05710617762519,71.18232161245888,72.05027770996094,8919190.0
2013-07-11,72.41233930242906,74.5946259528458,72.41233930242906,73.97962188720703,8080750.0
2013-07-12,74.69382569312522,75.57666044190596,73.07198559190313,75.19971466064453,5916370.0
2013-07-15,74.9715660259591,75.61633489515464,73.99945191375993,75.13523864746094,4387130.0
2013-07-16,72.47184047426893,73.89032880520188,69.70429998658959,70.71113586425781,10013300.0
2013-07-17,70.92440904365314,71.14263920543289,69.44144140281442,70.56730651855469,10549750.0
2013-07-18,70.92440638763757,71.9163561273248,67.32363155704422,70.59706115722656,24207500.0
2013-07-19,70.53754647374292,70.80536957309019,68.06759374518681,68.52884674072266,11289760.0
2013-07-22,67.96838573489805,69.78365538525466,67.5666473431581,69.5009536743164,6594270.0
2013-07-23,69.93245300440448,72.80414402127187,69.73406609399355,72.42224884033203,6137880.0
2013-07-24,71.11288927421822,71.11288927421822,67.45259179756813,68.38998413085938,7965580.0
2013-07-25,68.3155777813896,69.33728474981693,67.57161551490654,67.96343231201172,6731080.0
2013-07-26,68.82146912531374,68.94050581666272,66.21264407571564,67.44762420654297,9153090.0
2013-07-29,67.15499660626664,67.7352938833024,65.18101867699008,65.65715789794922,12938860.0
2013-07-30,65.6968312980116,67.34346384804934,64.15930625133537,64.5114517211914,8764430.0
2013-07-31,64.27835075074582,65.43893021277344,61.74887570665607,64.70984649658203,19047880.0
2013-08-01,64.9925477837725,66.95661172426041,63.3657544957501,66.09361267089844,10898140.0
2013-08-02,65.69186959107931,66.68878391680656,63.98075781429225,64.82391357421875,7492530.0
2013-08-05,64.82391975645132,66.04402137499389,63.583982471255325,65.5579605102539,5222140.0
2013-08-06,65.14133971916134,65.14133971916134,62.49283564390077,63.301273345947266,27728770.0
2013-08-07,62.691223845591885,64.06011553584483,62.691223845591885,63.57405471801758,10043240.0
2013-08-08,63.98074926438146,65.12149281912431,63.31614484802665,64.74951171875,6404140.0
2013-08-12,64.78423442339525,65.51828267229818,64.1493872018406,64.481689453125,27233970.0
2013-08-13,64.47673191066143,65.64723288498939,63.30623093633347,65.37940979003906,7078480.0
2013-08-14,65.46868262052004,66.39615320255845,64.86359267571049,65.5976333618164,14761970.0
2013-08-16,64.69991808965945,65.54307382654751,62.18532573516614,62.71601867675781,18942830.0
2013-08-19,62.393644512507656,62.98881288443459,60.722207721763674,61.58024597167969,6598990.0
2013-08-20,60.14686701646416,63.76252404420099,59.750089415947784,62.909446716308594,47648200.0
2013-08-21,64.48665669773268,66.85741604373423,61.302495058671084,61.95222473144531,9416690.0
2013-08-22,61.67942853853165,63.33598261082823,61.00490248476163,62.552345275878906,15367480.0
2013-08-23,63.08800979864036,64.19899637011996,61.897672989751186,63.737735748291016,20285490.0
2013-08-26,64.40233744694264,64.4767306474225,61.996856391752395,62.805294036865234,7390160.0
2013-08-27,61.50088439673474,61.69927510319923,59.61617836130412,60.86107635498047,11276270.0
2013-08-28,59.31860125744293,61.88279075408189,58.326651390984054,60.176639556884766,15672150.0
2013-08-29,60.36013711996265,65.44884387291896,59.145000263366995,64.22378540039062,24858370.0
2013-08-30,62.98881286226178,66.36144372596243,60.35518733062927,65.42900848388672,17746500.0
2013-09-02,64.96279243749704,66.92685643654602,61.73399845588362,62.195255279541016,6813310.0
2013-09-03,62.5126723077344,63.48478258701959,59.12020227056683,59.581459045410156,11322490.0
2013-09-04,59.50707189463035,61.89767083067735,58.62423336844872,60.360145568847656,10791000.0
2013-09-05,62.021665004612814,66.956613924729,62.021665004612814,65.66707611083984,16316580.0
2013-09-06,66.2324880197817,67.61130527101389,64.74952784055522,67.17980194091797,10966430.0
2013-09-10,68.0775010738032,70.86488470863408,67.95847196049844,70.27467346191406,9526680.0
2013-09-11,69.43647659353492,71.25174629793713,68.34533347494587,70.9442367553711,9699070.0
2013-09-12,70.94423599062716,71.50468996741425,68.62803445452452,69.48607635498047,6542140.0
2013-09-13,68.93059803302147,71.70806084472461,68.56358140500213,71.02361297607422,9724330.0
2013-09-16,72.90830344411745,73.27532756007608,69.82333925077184,70.53754425048828,56719240.0
2013-09-17,70.82522437150787,70.98393242015509,69.54065106736024,70.35404968261719,4979660.0
2013-09-18,70.42842681320455,71.12278855741218,69.13888921056135,70.9095230102539,8162270.0
2013-09-19,74.10856199729507,77.27288399699393,73.60266552567481,76.5438003540039,17428060.0
2013-09-20,76.67772853968431,76.97035193716266,72.15443195313694,74.21768951416016,12676150.0
2013-09-23,72.76449147528628,73.47373205264883,70.83018454361323,71.35095977783203,7619240.0
2013-09-24,70.1308386377151,72.65039170752505,70.1308386377151,71.4302978515625,6775070.0
2013-09-25,71.53941611191273,71.89155402238407,68.96530539271146,70.35899353027344,16265270.0
2013-09-26,70.35900466451162,71.56918471821024,69.23810403456592,69.77375030517578,12729730.0
2013-09-27,70.13083455146143,70.71113173438421,67.46249524101435,67.73528289794922,6823890.0
2013-09-30,67.15499929504372,68.36022225286585,66.30192185065255,67.26411437988281,6535710.0
2013-10-01,67.29386873766089,68.39493358736522,66.16304660574447,67.95848083496094,4628340.0
2013-10-03,68.44453214572982,69.91757811691295,68.20646632686488,69.44640350341797,7855160.0
2013-10-04,69.2182509574218,70.19036502285614,68.4246957141053,68.99506378173828,7772080.0
2013-10-07,68.76690783748933,69.4364768918509,67.16491123966046,68.12214660644531,4897270.0
2013-10-08,69.98204981634427,71.09799315635559,68.04774348620624,68.92562103271484,5228480.0
2013-10-09,68.146938002619,71.78739897377653,67.98327297000753,71.30133819580078,5942910.0
2013-10-10,71.12279255941519,71.76756139701725,69.46623832789632,70.00189208984375,9726880.0
2013-10-11,70.92441445208611,71.42534640311521,69.69439875404846,69.93246459960938,8834410.0
2013-10-14,69.9324546315317,70.8748038298727,68.9901054331907,69.297607421875,7133190.0
2013-10-15,69.73407075909736,69.93245768278008,67.27403203836103,67.74024963378906,6686110.0
2013-10-17,67.9187979870637,68.89090446669358,66.75821864041396,67.1401138305664,7455910.0
2013-10-18,67.46250324736991,69.8679768015148,67.31370927429451,69.57039642333984,12449790.0
2013-10-21,69.93246721760224,71.76757299978789,69.46129253363225,71.10792541503906,14290600.0
2013-10-22,70.63674513641459,71.40055072898667,70.03165514623852,70.33916473388672,9479680.0
2013-10-23,70.52761869878812,71.34101711019224,69.94237203710814,70.43834686279297,6758530.0
2013-10-24,70.00188789819416,72.46192640931723,69.7935793756839,70.13580322265625,15546940.0
2013-10-25,70.07628976429217,71.10296143220283,68.97523245710764,69.92253875732422,10615370.0
2013-10-28,70.41852785005773,71.00378228099382,69.99198905055444,70.27965545654297,6310860.0
2013-10-29,70.0316411203836,72.90829650987855,69.80845397119325,72.7148666381836,14602900.0
2013-10-30,73.00748891684306,73.85560915324689,72.71982262519658,73.2157974243164,6364290.0
2013-10-31,73.27533596458997,75.5667376281857,72.34290071157024,74.63926696777344,11466880.0
2013-11-01,74.69381844721123,75.01124206128378,73.95481316645947,74.2474365234375,11729800.0
2013-11-05,73.74155450793164,74.69383310499872,72.84384102796585,73.93994903564453,8455030.0
2013-11-06,73.90026296353047,74.21272958439054,72.41233820587549,72.55616760253906,2706760.0
2013-11-07,72.61072246995334,74.08873312368793,72.41233553676919,72.87358856201172,4113540.0
2013-11-08,72.0304252330078,72.80910937890955,71.14759060683646,72.1544189453125,4263650.0
2013-11-11,71.03351830625441,72.08498256182193,70.3490705945488,70.66153717041016,4901830.0
2013-11-12,70.53259584590218,72.35282287202313,70.53259584590218,71.04344940185547,3325380.0
2013-11-13,70.71610641464176,71.76757084429713,70.42844004713707,71.24679565429688,4331770.0
2013-11-14,71.91637105151379,72.88352073481796,71.45015336623447,71.98085021972656,5307760.0
2013-11-18,73.17612094179206,73.90024750226017,72.6503888482896,73.70681762695312,6059820.0
2013-11-19,73.99945268928946,73.99945268928946,72.67520063014298,72.94303131103516,4052110.0
2013-11-20,72.94303710110091,73.8804294226792,71.98084451925273,72.70496368408203,4453750.0
2013-11-21,72.01556438104937,72.25363024844427,70.23005902362152,70.57723999023438,6393140.0
2013-11-22,71.0335217390515,72.21394435559502,70.77561268670249,71.08312225341797,5308980.0
2013-11-25,71.6187924483573,74.19786869992052,71.47992004317817,73.96475982666016,5096450.0
2013-11-26,73.80105746641017,74.3863041430852,72.91822285950941,73.98456573486328,16489240.0
2013-11-27,73.87049838328709,74.36647325351946,73.0769355637249,74.10360717773438,2506070.0
2013-11-28,74.09864830817155,75.0757194834267,73.4290867224331,74.58470916748047,7997120.0
2013-11-29,75.18978405409158,75.8543884816829,74.5946082290501,75.07074737548828,5737400.0
2013-12-02,75.01618888600544,76.77690094866037,75.01618888600544,76.43467712402344,4753750.0
2013-12-03,76.04782981604961,76.17678056132354,74.83764988910184,75.25923156738281,4328770.0
2013-12-04,74.70374042960499,75.5270606175384,74.0639361092807,74.302001953125,5478470.0
2013-12-05,75.18979480815115,76.5090822368149,74.89220685306775,75.58161163330078,7587410.0
2013-12-06,75.81473111300836,76.28094877659747,74.55991509571965,75.1749267578125,6292180.0
2013-12-09,77.86806205986663,78.1557284202195,75.36338721249852,75.7750473022461,7859790.0
2013-12-10,75.8097648819363,77.05465913002234,74.84757238549774,76.62812042236328,7623780.0
2013-12-11,76.09743442957307,76.85628308040762,75.4576300615085,76.27598571777344,4573440.0
2013-12-12,75.60641476632853,76.44957058049677,75.11539689215947,75.89408111572266,3013130.0
2013-12-13,75.24435973439184,75.59649769556799,74.78309911552819,75.23939514160156,3690440.0
2013-12-16,75.22945456046563,75.29393370667107,74.17799039882257,74.47557830810547,3581690.0
2013-12-17,75.04099482041337,75.24434632116764,73.2356467051759,73.46379089355469,3067080.0
2013-12-18,73.49355543431534,75.70064974519448,73.25548960658033,74.41606903076172,10754270.0
2013-12-19,75.0906046221979,75.10052624026049,71.42039300866567,71.61382293701172,6800400.0
2013-12-20,71.68820684426731,73.0422237348561,70.92936587251923,72.72480010986328,10890170.0
2013-12-23,72.89839202224118,73.5034820333968,72.31314524606131,72.665283203125,4064160.0
2013-12-24,72.80912261840881,72.90831609269463,71.71797926531082,72.29330444335938,2905530.0
2013-12-26,72.11475321474522,72.90831614556116,71.62374286788243,72.0056381225586,9251520.0
2013-12-27,72.38257663600838,73.69690706692808,72.11474595742114,73.40924072265625,5345670.0
2013-12-30,73.45388805498872,73.51340262313045,71.98579897435462,72.59088897705078,4467260.0
2013-12-31,72.90334341202077,72.90830043587862,71.96595128056421,72.23873138427734,1802710.0
2014-01-01,72.61071677144561,72.61568136357025,71.49477333191739,71.67332458496094,3927680.0
2014-01-02,71.67829248534241,72.55616258267946,69.73407184467634,70.17052459716797,4561390.0
2014-01-03,70.14075525154476,71.0533470664983,69.09921271316566,70.68136596679688,5725670.0
2014-01-06,70.42842579134799,71.12278752548102,69.99196551962133,70.83512878417969,4467150.0
2014-01-07,70.6268293418247,70.9244173368625,69.43649249762763,70.24493408203125,6437940.0
2014-01-08,70.32922760576005,71.12278273879369,69.79853094126602,70.7160873413086,3129830.0
2014-01-09,70.47803547384599,70.97896739238031,70.09613268638248,70.44331359863281,3075830.0
2014-01-10,69.84319201926208,70.90457804765646,69.23810201010507,69.48112487792969,3662240.0
2014-01-13,68.95539065084397,71.8915611894047,68.95539065084397,71.11288452148438,4724920.0
2014-01-14,71.02359057453059,71.72787388959384,70.13083441178318,70.557373046875,2638260.0
2014-01-15,70.82521489650419,72.52640511473963,70.68137794218374,72.32801818847656,5556430.0
2014-01-16,72.44209549015233,72.90831312509381,71.7179763461605,72.55616760253906,5511820.0
2014-01-17,72.46193115180834,73.18109319591814,71.42038090311424,72.12466430664062,3231490.0
2014-01-20,71.99571961747296,73.15629908839138,71.42038690663294,72.22882843017578,4993170.0
2014-01-21,72.38255961171673,72.61070376932314,69.83324958018655,70.06139373779297,17001420.0
2014-01-22,69.93245875100054,71.22199647856405,69.25793260500943,70.45819091796875,13202970.0
2014-01-23,70.1308335949429,70.58217247862703,69.75389547193986,69.96220397949219,3378700.0
2014-01-24,68.94050175178033,69.91261575387286,67.55177070649472,67.92375183105469,8578030.0
2014-01-27,67.26410409507963,67.70056436770042,64.92806688133724,65.28020477294922,16147660.0
2014-01-28,65.17108503796544,66.460622532198,63.98570558059522,65.44883728027344,13394590.0
2014-01-29,66.16305129742926,66.95165717185125,65.7563557983979,65.86547088623047,5372800.0
2014-01-30,64.48665404527792,65.46868215862405,64.25354525336597,64.481689453125,8423630.0
2014-01-31,64.42713659380254,65.5976376625381,64.35274338586493,65.17606353759766,5570330.0
2014-02-03,64.6056910343589,65.27030318581268,64.45690461117506,64.96775817871094,11592230.0
2014-02-04,64.27834646347983,66.24736731152646,63.84188615419716,65.99441528320312,5079350.0
2014-02-05,65.9646514435386,66.59949861139178,64.51144884511731,66.21263885498047,8315420.0
2014-02-06,66.65902388025616,67.06572693300468,64.72472478736456,65.5182876586914,10905660.0
2014-02-07,65.66706563064206,66.11344752635216,64.71479484829278,65.35460662841797,7183890.0
2014-02-10,65.65219476730627,65.65219476730627,63.88156831839062,64.20394897460938,7398960.0
2014-02-11,64.36762159895895,64.67512361368922,63.54926604518743,64.20394897460938,4913370.0
2014-02-12,64.47673431149636,65.10165993496716,63.8914875865282,64.43209838867188,5221870.0
2014-02-13,64.37754604185902,64.88344257860304,62.74082729449427,63.16736602783203,3892870.0
2014-02-14,63.286393050274604,64.80407873506073,62.54243074063034,64.12458801269531,8027910.0
2014-02-17,64.19898666256091,64.80903361727286,63.7922836474358,64.5511245727539,4638330.0
2014-02-18,64.57592498179088,67.75016861297932,64.28330163195854,67.48233795166016,10661590.0
2014-02-19,67.45258740935158,68.28582162119132,66.51023811244093,68.03783416748047,11179220.0
2014-02-20,67.62121650831273,67.74025320959157,66.13825639075974,66.43583679199219,5698560.0
2014-02-21,66.46063468659486,67.2343542974432,65.91505928511145,66.66398620605469,4761160.0
2014-02-24,66.27215138125223,67.53688865444654,65.6670615104373,67.21450805664062,7371790.0
2014-02-25,67.48232948091228,67.78983143244353,66.67388814230297,67.03099060058594,4379690.0
2014-02-26,66.96652846153783,68.53380328491924,66.96652846153783,67.98823547363281,7556790.0
2014-02-28,67.98824334970624,68.84132082266308,67.05085104800068,67.89896392822266,9321850.0
2014-03-03,67.65097462737907,68.70740360634734,66.26225093518555,66.45568084716797,4502270.0
2014-03-04,66.55983303215069,67.34347431722503,66.00930056590124,67.125244140625,6892460.0
2014-03-05,67.5517875726501,67.86921124214246,66.52015875480568,67.53195190429688,7152170.0
2014-03-06,67.7501829758969,68.58837430630189,67.25420801287562,68.18167877197266,6145410.0
2014-03-07,69.20832382278,71.17238746173777,68.57844124331517,70.5821762084961,18562070.0
2014-03-10,70.42843523283697,74.89220929689003,69.47120731617424,74.6343002319336,14748550.0
2014-03-11,74.97156532759095,75.1550736130308,72.85870747695445,73.8208999633789,7221030.0
2014-03-12,73.92505487377572,74.66405257644139,72.91326191477823,73.8853759765625,6896810.0
2014-03-13,73.9002514151836,77.03977307138169,73.71177855358064,75.81967163085938,10012070.0
2014-03-14,75.05587110924321,75.52704567898282,72.70991230809432,74.98643493652344,8034530.0
2014-03-18,75.13026873494461,76.87610233936202,75.13026873494461,75.91390991210938,8311450.0
2014-03-19,76.14701870141383,76.35532723186078,75.06579715271643,75.6262435913086,5695880.0
2014-03-20,75.88414811388805,75.88414811388805,73.60266089503858,74.1234359741211,8131580.0
2014-03-21,74.74342478569827,74.89221878694991,73.24062126580891,73.81099700927734,10185540.0
2014-03-24,73.83081986442475,76.36525176703843,73.83081986442475,75.93871307373047,9135870.0
2014-03-25,75.88414922548783,77.1191292804914,75.88414922548783,76.64299011230469,8287860.0
2014-03-26,76.87609835397701,77.3621515664723,75.72047609636988,76.53387451171875,8592680.0
2014-03-27,76.5388386076139,77.36711565700111,75.48736683265196,76.56859588623047,14200670.0
2014-03-28,77.04473248954137,78.16564051014919,76.08254005584203,77.17369079589844,10976150.0
2014-03-31,77.40184129002172,77.8383016215575,76.21150456325765,77.47624206542969,7620730.0
2014-04-01,77.52089596891311,77.58041054866132,74.59463885431708,75.7552261352539,8045880.0
2014-04-02,76.18175922246148,76.70749148532848,75.28403816019473,76.33551025390625,11482950.0
2014-04-03,76.5090756089631,76.55867611983888,74.9467579000563,75.36833953857422,7548720.0
2014-04-04,74.61445618204128,75.4873691764564,74.39622604144364,74.9021224975586,5096840.0
2014-04-07,75.09059656122174,76.57852125584022,74.6839010800404,76.32557678222656,8463920.0
2014-04-09,76.85626819315206,77.8680535849839,76.09741968930841,77.82341766357422,10448190.0
2014-04-10,77.62502432248128,80.54631600945334,77.39688011992678,79.67835998535156,12244270.0
2014-04-11,78.87984951601099,80.14955169356901,78.5624258636157,79.91644287109375,7809360.0
2014-04-15,79.85195887371864,79.85195887371864,77.62502884898008,78.44834899902344,5766530.0
2014-04-16,78.35410949358084,78.60706152611219,76.72731249116113,77.79366302490234,4157630.0
2014-04-17,77.76887987258219,79.7527798307196,77.38201998618361,79.43535614013672,5776660.0
2014-04-21,80.02059556521377,80.2487473691258,78.83025872804568,79.48990631103516,15610010.0
2014-04-22,79.66844015154206,80.02554263810721,78.91455628346282,79.48492431640625,4713940.0
2014-04-23,79.35598408848168,82.30207620864279,79.08816097209267,81.57794952392578,12931940.0
2014-04-24,81.57794952392578,81.57794952392578,81.57794952392578,81.57794952392578,0.0
2014-04-25,81.5382577029614,82.78811637333254,79.9213825078443,80.19912719726562,6889060.0
2014-04-28,80.15945762228417,82.32190840014242,79.03855711881641,81.73169708251953,7342700.0
2014-04-29,81.44899923460508,81.79122312879714,79.79244487370948,80.05034637451172,4766330.0
2014-04-30,79.85196508235535,81.23573183058072,78.90961572658667,79.61389923095703,7710490.0
2014-05-02,79.7081245726558,80.40744338668556,79.23198536823307,79.6238021850586,5324410.0
2014-05-05,79.17742810203752,80.51655874011387,79.1327921799627,80.10986328125,3451310.0
2014-05-06,80.30823804567193,80.54630382867603,79.41052487594987,80.04537200927734,3659640.0
2014-05-07,79.38572752624873,80.97284541761935,79.38572752624873,80.35784149169922,5197290.0
2014-05-08,80.56616891888018,81.38948911979993,80.08507263087147,80.54632568359375,9125410.0
2014-05-09,80.62566670800082,84.81169546092485,80.40247954933028,84.3901138305664,10666260.0
2014-05-12,84.5339639679154,85.80365851307073,84.03798906321556,84.38516998291016,9395140.0
2014-05-13,84.83651721386182,86.20044833444489,84.1272690958105,85.41184997558594,11275510.0
2014-05-14,85.2580774466106,87.78755232031864,84.57363726965887,85.25312042236328,7268000.0
2014-05-15,85.10928835751922,86.79559984153592,85.10928835751922,86.28970336914062,7737350.0
2014-05-16,87.88675964023959,94.33443399125457,87.88675964023959,89.83594512939453,20703700.0
2014-05-19,90.20790804056433,92.44970891115693,89.93512035976916,90.96178436279297,10021560.0
2014-05-20,91.229607581262,91.24944324371364,89.09691438889861,89.57801055908203,9319680.0
2014-05-21,89.47385778164902,89.84088188637816,87.65363103366171,88.94316864013672,7427820.0
2014-05-22,89.27546926947147,90.22774003352214,88.0256105806658,88.6158218383789,6935390.0
2014-05-23,88.70014627046531,89.07709202509703,86.59225301745248,87.1279067993164,10682110.0
2014-05-26,87.2915881748147,88.24385913765546,84.47445418907459,85.42176055908203,12403850.0
2014-05-27,85.30768176467743,86.68153434003729,84.32565359362904,86.35914611816406,7313570.0
2014-05-28,86.2996218211262,86.2996218211262,84.54883124823908,85.2035140991211,7861100.0
2014-05-29,85.59533640463741,86.54760716268297,84.68274454084066,85.34239196777344,13534860.0
2014-05-30,85.8036585171984,86.89480179399523,83.52713552083101,86.16571807861328,12851880.0
2014-06-02,85.90284459637758,88.38271890671166,84.58354964696565,87.9462661743164,5267170.0
2014-06-03,87.98097330090388,88.40255492645396,85.89291597205883,86.6170425415039,6991960.0
2014-06-04,86.50793646996144,86.59721588247933,85.0100902339581,85.45150756835938,3244140.0
2014-06-05,85.53581480649568,86.63687186737327,84.61330140307825,86.17066192626953,8721080.0
2014-06-06,86.5674497623089,90.07895272095817,85.87308797725503,89.54826354980469,17838950.0
2014-06-09,90.25750341888869,90.95187276763708,88.91341577868407,89.2953109741211,7780810.0
2014-06-10,89.54825882083168,89.67225253075584,87.44036575212077,89.28539276123047,4310330.0
2014-06-11,89.66729510285823,92.6481089710929,89.4788297949393,92.10749816894531,11215260.0
2014-06-12,92.51915376378881,93.24328044181031,91.06099392674571,92.61835479736328,5379160.0
2014-06-13,92.74235325902013,94.18563452835114,90.68901738754256,90.95684051513672,5769080.0
2014-06-16,91.26931054140314,92.54892679424962,89.78138572199705,92.29597473144531,5607740.0
2014-06-17,92.05294051711185,93.42182845790008,90.47077944312765,92.97048950195312,6257970.0
2014-06-18,93.73925864294584,96.41256312374783,93.73925864294584,95.25198364257812,16089770.0
2014-06-19,95.39579030880267,95.51978400762393,91.16512591045962,91.62142181396484,6941260.0
2014-06-20,91.85453406628405,93.44165195795692,91.27424444188998,92.33067321777344,3799170.0
2014-06-23,91.75537004802159,91.8545635290726,88.13971582306641,88.78447723388672,8138740.0
2014-06-24,89.02748482539441,89.27051522431933,86.60712515602148,87.20230102539062,17054170.0
2014-06-25,88.74976059250649,88.74976059250649,86.87497584831597,87.66357421875,5228230.0
2014-06-26,87.68835478496794,88.26864444993025,84.94561447643149,85.87308502197266,11170330.0
2014-06-27,86.29962870572957,86.59721665949148,84.83153973806748,85.90284729003906,4719980.0
2014-06-30,85.36719213112531,87.88674537677149,85.36719213112531,87.64372253417969,4333320.0
2014-07-01,87.84706958848422,88.17441483031091,87.26677987868757,87.72307586669922,3239540.0
2014-07-02,87.99090309793971,88.97788824119144,87.59907871437699,88.59599304199219,3367940.0
2014-07-03,88.59103795556689,89.46891568465442,88.08514898515692,88.40257263183594,4118510.0
2014-07-04,88.3727852915068,88.82949127230404,87.10194994063166,87.58843994140625,7110500.0
2014-07-07,87.18633802794616,87.73736510609213,84.66452088673248,86.46652221679688,143185270.0
2014-07-08,87.56856617322603,88.63090565535245,85.96016872959592,86.60054779052734,11601970.0
2014-07-09,86.75444710658022,87.15158503642897,84.75387302253596,85.80628967285156,8149150.0
2014-07-10,85.78146278555116,88.08485357223354,84.65954762246592,86.02470397949219,14168790.0
2014-07-11,87.25085493934047,87.66785387117882,84.11348165672386,85.22049713134766,28183100.0
2014-07-14,85.58289344437921,85.74671312270564,84.55034544274277,84.92266082763672,12144250.0
2014-07-15,85.67720781423579,86.81897641971763,84.92761562520035,86.53105163574219,10473960.0
2014-07-16,87.35016340752584,88.11960920105581,85.98996837210171,87.87139892578125,20502340.0
2014-07-17,87.86642209073767,91.14280018165829,87.43453871116888,90.83501434326172,31845650.0
2014-07-18,90.84495869316872,94.121337282505,89.50462475199525,92.91503143310547,23693560.0
2014-07-21,96.00772152917648,96.00772152917648,92.94480795764508,93.44619750976562,21692460.0
2014-07-22,93.82347946212285,94.61775533404068,92.5129295758017,94.24047088623047,7184960.0
2014-07-23,94.2404563448683,94.74680732445505,92.33916511371044,92.61219787597656,8378210.0
2014-07-24,92.48313081931659,93.42632663899485,92.2498126031733,93.19300842285156,11661670.0
2014-07-25,93.19301380444458,94.578031173852,92.5973107484176,93.79368591308594,10184840.0
2014-07-28,93.83340489321525,94.51846003136231,91.62929666448618,93.44619750976562,9022480.0
2014-07-30,93.62489611658619,97.00054898035822,93.19797424384684,96.72752380371094,10304610.0
2014-07-31,96.7275289798104,97.25869492938719,94.23053468957481,94.68724060058594,16895470.0
2014-08-01,94.12132991298472,94.61775041342288,91.49029974570735,91.8675765991211,12730690.0
2014-08-04,92.43348991966155,93.47597593567635,92.09095858369169,93.1036605834961,6636140.0
2014-08-05,93.58518723472274,93.63979378831058,92.08103384699176,93.1235122680664,8572900.0
2014-08-06,92.7313521359089,93.62491056262915,91.87750825868466,92.55760192871094,7794440.0
2014-08-07,92.14556553876828,94.22060704948674,91.96189238815593,93.3121566772461,8272480.0
2014-08-08,92.63206200489817,92.84551916943077,91.24208318485222,92.4930648803711,7806640.0
2014-08-11,92.90509953471917,95.09431589880501,92.6370357803383,94.33479309082031,7360040.0
2014-08-12,94.51846084802698,96.295647159747,93.59015693029691,95.77937316894531,5894510.0
2014-08-13,95.7793566887429,96.30556112001203,94.42909254540818,95.02479553222656,10769670.0
2014-08-14,95.60562279407188,95.60562279407188,93.84829754746988,94.65249633789062,10196050.0
2014-08-18,94.31989373058424,96.74738963992247,93.82843471527936,95.99282836914062,6457320.0
2014-08-19,96.30557511777268,97.89411917177051,95.92332921930621,97.36295318603516,12079580.0
2014-08-20,97.69555174688867,99.50252198680536,96.80199337005615,99.28409576416016,12794890.0
2014-08-21,99.04084200831196,102.06404832870948,99.04084200831196,101.13077545166016,18229920.0
2014-08-22,101.2697884257622,102.74911948869139,101.15064477128305,102.33708953857422,14528290.0
2014-08-25,102.337076641304,104.68515091321076,101.82080268651137,103.71712493896484,5283680.0
2014-08-26,103.71711548825868,105.2014152820478,103.26537865951812,104.65535736083984,9604550.0
2014-08-27,104.85392949400949,105.23617536669246,102.32218213435353,103.25545501708984,12311700.0
2014-08-28,103.65258599034439,104.18872095694867,102.55549352099432,103.01219940185547,14848780.0
2014-09-01,103.50368035752118,104.69508659791312,103.44907379630793,104.0447769165039,4548000.0
2014-09-02,104.04974208406293,105.43475197616674,102.7689762573431,105.06739807128906,4832650.0
2014-09-03,105.90632937962869,105.90632937962869,104.0646138842613,104.933349609375,5705870.0
2014-09-04,104.64544221302025,105.80706435728221,103.85116638843778,105.12200164794922,6666040.0
2014-09-05,105.0425640502091,107.80762185463009,104.66527968262078,107.07292175292969,6335980.0
2014-09-08,107.22185719386388,107.77784568156595,105.35034995074352,106.87932586669922,5022100.0
2014-09-09,106.78005648898385,107.88211064531062,106.23399088908285,106.56163024902344,3258520.0
2014-09-10,106.23397929277996,106.59636411055193,105.25106889502679,105.73259735107422,6615660.0
2014-09-11,105.53900596903819,106.5814845199965,105.03265491584355,105.7226791381836,9409870.0
2014-09-12,105.04257401631804,106.43751431887105,104.94328386293795,106.14958953857422,11011540.0
2014-09-15,105.73756815658047,105.83685074318078,103.49374534048951,103.86109924316406,8623060.0
2014-09-16,104.297959463095,104.66530581828694,101.68182107179645,102.00946044921875,6394990.0
2014-09-17,102.26262385028096,102.7689748854283,101.2697828420258,101.46338653564453,5523780.0
2014-09-18,101.15064832908935,104.33766734443684,101.15064832908935,104.01995849609375,4184840.0
2014-09-19,103.95045721916074,106.13471212265073,103.8511746269058,105.6035385131836,11660640.0
2014-09-22,104.84400875814113,105.2411466756459,102.75904415971085,103.63771057128906,5215180.0
2014-09-23,103.4540347456141,104.63055654486872,102.13852337962656,103.36964416503906,5999040.0
2014-09-24,103.36467429972151,104.0497369949846,102.05412451841961,102.88810729980469,6545360.0
2014-09-25,102.2924049166244,104.92839650550864,101.76620040939844,102.11369323730469,18165780.0
2014-09-26,101.76123576401926,102.83846728438672,100.4010409373799,101.70166015625,11551860.0
2014-09-29,101.69671008085083,101.69671008085083,98.88696806304766,99.61670684814453,3648130.0
2014-09-30,100.57479384095906,102.18319137329918,99.9492991785819,100.584716796875,8637670.0
2014-10-01,100.12801042163659,100.74357455064487,99.4181327631841,100.44075775146484,10765250.0
2014-10-07,99.9790756353814,100.58470919057719,98.88695215995088,99.85993957519531,13932790.0
2014-10-08,99.9791003009597,100.41595282881661,99.00612022044888,99.3089370727539,12461550.0
2014-10-09,99.67130807847244,101.90520034403697,99.47274290699923,101.59245300292969,14513010.0
2014-10-10,100.97192330889108,101.19531858627516,99.0061024362046,99.572021484375,7552010.0
2014-10-13,99.18482524567855,100.54998172845877,98.12744707326945,100.12802124023438,7820650.0
2014-10-14,100.52515407136984,101.36906743010023,99.46281447454491,100.58969116210938,4733740.0
2014-10-15,100.58969116210938,100.58969116210938,100.58969116210938,100.58969116210938,0.0
2014-10-16,100.07836217156454,100.22232076401627,97.54165345977466,98.45010375976562,9139900.0
2014-10-17,98.97633033799218,99.75570665201789,97.33317955178431,99.28907012939453,11413980.0
2014-10-20,100.78328978911955,102.54061498712841,99.39331090508303,99.66634368896484,11665000.0
2014-10-21,100.12801840824434,100.9620088293836,99.28410503044081,100.64926147460938,16427520.0
2014-10-22,101.39884873272096,106.03542196547843,101.2697821294752,105.53900146484375,31205290.0
2014-10-27,105.93612696287815,108.38844533587489,105.73756180161156,107.7232437133789,9601460.0
2014-10-28,108.12039359453318,108.56716904429038,106.90416480372642,107.50482940673828,4522850.0
2014-10-29,107.92181759599595,107.96153214641375,106.30348943404476,107.22187042236328,11542390.0
2014-10-30,106.82968921491918,109.25718513715626,106.72047609982667,108.61680603027344,8414940.0
2014-10-31,109.40115495819728,111.42158250499526,108.62674017073562,111.02444458007812,6135180.0
2014-11-03,111.12372778324048,111.28753987628825,109.03379422379689,110.2500228881836,7442920.0
2014-11-05,110.50320648297885,113.18387415678183,109.53518044681739,112.01232147216797,9225850.0
2014-11-07,112.96544544053633,112.96544544053633,109.64936020475209,111.48611450195312,11925500.0
2014-11-10,111.6946144472116,112.36478516380521,109.66921786292906,110.07628631591797,4554760.0
2014-11-11,110.11600626934084,110.75638542402902,109.21251726336047,109.95218658447266,4930360.0
2014-11-12,110.35428942290537,112.48889929595416,109.6344811426896,111.82865905761719,8980960.0
2014-11-13,111.99246354818057,112.09174612942962,109.90749146807329,110.37909698486328,6300750.0
2014-11-14,110.29967957873372,110.49328328385752,107.85232240906484,108.56716918945312,5203360.0
2014-11-17,108.71607401442348,110.77125428869147,103.30509436507664,110.01669311523438,7230350.0
2014-11-18,110.20534367714396,110.56772849712725,107.54452967095705,107.72820281982422,7159810.0
2014-11-19,107.82253341808592,108.11541970147717,105.2411482771856,106.98358154296875,10415780.0
2014-11-20,108.71608444850104,115.46740596471078,108.19981048539104,114.84191131591797,36340260.0
2014-11-21,119.73662749962276,125.56460711141419,117.4779126263909,119.05653381347656,63142430.0
2014-11-24,119.62740133932012,120.52592116753813,116.75809166228991,119.1160888671875,16649780.0
2014-11-25,118.54521350207463,119.33948173434247,114.5937031029361,115.22415924072266,22232150.0
2014-11-26,115.56668763779986,116.3857783883996,113.87885348461135,115.21422576904297,13614730.0
2014-11-27,115.76525720462344,115.84468630127941,113.78950576765357,114.9312744140625,17538920.0
2014-11-28,115.6163308280801,119.9252646848997,115.6163308280801,119.38912963867188,11910840.0
2014-12-01,119.65222904237446,122.27332860045217,118.69414114102516,119.31466674804688,13046900.0
2014-12-02,118.16792042161482,121.409552924423,118.16792042161482,120.66988372802734,10481190.0
2014-12-03,120.68975490357481,121.98045129088696,120.19830343457467,121.19610595703125,9183740.0
2014-12-04,121.20602567382213,122.46196887663501,119.63733514607686,121.50884246826172,6504500.0
2014-12-05,122.31800245791503,124.00583662395964,121.54358772604382,123.15199279785156,10341030.0
2014-12-08,123.40517048745299,124.53700862340067,122.10951267725294,123.7030258178711,7496380.0
2014-12-09,123.26617578788384,123.49949403387205,121.57834908157943,122.31304931640625,6406250.0
2014-12-10,121.99533028097851,123.60869680554893,121.76697353229206,122.64067840576172,5552330.0
2014-12-11,122.22865225470444,124.40297639994444,122.21872172408095,123.72784423828125,10368140.0
2014-12-12,124.19448245714624,124.51716034104965,123.31085453468637,123.83706665039062,6182260.0
2014-12-15,123.3108289562254,130.60821516981383,123.3108289562254,129.94796752929688,15017110.0
2014-12-16,129.1735625834159,129.72459716721193,126.19007837047866,127.43113708496094,9913430.0
2014-12-17,126.6865025629232,126.6865025629232,122.91371153180137,123.57394409179688,22644380.0
2014-12-18,124.81498290229908,126.04114194899746,123.1619095650295,124.30863952636719,8615840.0
2014-12-19,125.1079005864866,125.7085651690836,122.31801213520095,122.74493408203125,18778410.0
2014-12-22,123.12222233876338,125.59439446459959,123.12222233876338,124.89443969726562,7180560.0
2014-12-23,125.49509588465178,126.28936408896195,122.91867244255037,123.55905151367188,6816650.0
2014-12-24,123.2463023872719,124.50224547031328,122.73995142728211,123.64344024658203,13588190.0
2014-12-26,123.79734103016216,124.92917911221531,122.61585787047802,124.4079360961914,3524730.0
2014-12-29,124.65118924719512,125.09796466250812,123.2463183382423,123.4647445678711,4576100.0
2014-12-30,123.50942733149442,124.19945155376459,122.357728085094,123.77252960205078,3589950.0
2014-12-31,123.52927055186254,126.38865736744945,123.12220969672853,125.48516845703125,4490720.0
2015-01-01,125.47524310434346,125.59438675150129,124.21433836471982,124.95896911621094,2509980.0
2015-01-02,125.19724243486992,126.98435917699008,124.92917871093955,126.24468994140625,6318150.0
2015-01-05,126.2992998614726,126.96947055131561,125.29652835308046,125.73834228515625,3051150.0
2015-01-06,124.60154346852566,125.32135166683494,122.47190289114813,124.2391586303711,11345430.0
2015-01-07,123.85690350691131,129.46149468502992,123.85690350691131,126.2397232055664,17858870.0
2015-01-08,129.06932371691417,134.3313837906677,127.71905941666287,133.105224609375,34548830.0
2015-01-09,134.4703721935084,136.06884662796813,133.09527786895086,135.1206817626953,32187050.0
2015-01-12,135.12070490421254,137.70705161658537,133.8647615727194,136.11851501464844,8434210.0
2015-01-13,136.2178023707115,139.9757097488883,135.79088794918624,138.2978057861328,9608210.0
2015-01-14,138.4119557869953,138.74951806266895,136.73405221440242,138.1240234375,7592900.0
2015-01-15,142.77052120442082,143.36621664114944,138.20841616066355,139.0374298095703,19854090.0
2015-01-16,137.70705804876718,138.99775451344547,137.01207230611055,138.5360870361328,13403000.0
2015-01-19,138.32261750471068,138.89845196190154,137.21062526602967,137.95030212402344,8775380.0
2015-01-20,138.20343937546215,139.13671217195497,137.27513563093433,138.57080078125,18918630.0
2015-01-21,138.60061186061165,140.8841340772298,137.51344973638487,137.82122802734375,13420650.0
2015-01-22,137.6722705236034,138.8487996626632,136.03408917230624,137.7715606689453,20000080.0
2015-01-23,138.2133934990742,138.57577074534987,137.21061445703904,137.5382537841797,7774060.0
2015-01-27,137.34964354961977,138.30277773673401,135.25474807909063,137.8411102294922,8433660.0
2015-01-28,137.31983952906114,138.004902259168,133.69100680032557,134.14772033691406,37201990.0
2015-01-29,133.9342230349574,134.51504159119958,131.5265961215733,132.18682861328125,22504270.0
2015-01-30,133.04070872239092,133.92433670419183,130.7919242145207,131.27345275878906,13992500.0
2015-02-02,131.05500464245847,135.02636841950266,129.50617519333932,134.266845703125,16563690.0
2015-02-03,135.11571167924535,135.62207022359195,129.07923731286797,129.69480895996094,15308210.0
2015-02-04,129.95793605912743,131.8840501582571,127.5800774553419,128.2254180908203,11783290.0
2015-02-05,127.87791906237364,129.99266001183705,126.75600392634436,127.86798095703125,9164000.0
2015-02-06,127.86797688568363,127.90769900668674,125.38092065428934,125.78302001953125,6082700.0
2015-02-09,124.20439903545795,127.39141751710703,122.73996017621747,125.7184829711914,8242360.0
2015-02-10,124.00584711772396,129.00479780341965,124.00584711772396,127.65453338623047,14259910.0
2015-02-11,128.7714654420726,129.2629320035481,127.11839196133772,128.94024658203125,5616570.0
2015-02-12,129.26789321315147,129.66503869687006,126.94464894421453,128.7317657470703,10258730.0
2015-02-13,129.06934668260868,131.3330232432317,127.36165872992066,130.01254272460938,11458960.0
2015-02-16,131.35286985713992,131.35286985713992,127.54036397967963,128.31973266601562,5491100.0
2015-02-18,128.26513638228317,130.28060248153088,127.46589146731144,129.84375,6880870.0
2015-02-19,130.01253420223344,130.7373039365288,127.58007662718971,129.78915405273438,6479150.0
2015-02-20,129.75438169355357,130.55858041132265,128.11123119007468,128.89556884765625,5983410.0
2015-02-23,132.23650977007063,132.5343651327678,129.76432995410303,130.74227905273438,17787110.0
2015-02-24,130.7422546140656,134.4306550097348,130.41461529129717,134.0633087158203,30126650.0
2015-02-25,134.62924133259756,135.59725218675314,132.79247948181379,133.2938690185547,19251310.0
2015-02-26,133.17970773813235,133.97398366706858,130.55860777733005,132.38047790527344,19283600.0
2015-02-27,131.75994351705492,133.45272418990513,131.0897727727703,132.8173065185547,6264900.0
2015-03-02,139.3948798398067,141.474883088521,138.85378327587765,139.46438598632812,18063880.0
2015-03-03,139.8912952494434,140.7352161858637,139.36013681136077,139.86151123046875,16279700.0
2015-03-04,142.57195827819527,144.7313751005817,139.02750901880972,140.015380859375,40130710.0
2015-03-05,139.3948832373854,141.18200023264475,139.19631804892387,140.2139892578125,14302590.0
2015-03-09,139.4891795835506,139.4891795835506,134.89729034909203,135.4830780029297,7265220.0
2015-03-10,135.80576031299947,136.18799864554606,130.95572231471195,133.8151092529297,7286630.0
2015-03-11,133.33855535572522,137.4985617576518,133.01091599297243,136.60499572753906,5419210.0
2015-03-12,137.707006512514,138.06939883356793,134.51502719470028,136.01918029785156,4107970.0
2015-03-13,138.0048630173142,138.0048630173142,132.58394590493393,133.16476440429688,3832490.0
2015-03-16,132.74283555635967,133.40803719280996,129.46150340011408,130.55361938476562,8266110.0
2015-03-17,131.55144238928509,133.72079771343658,130.3699590865397,133.00595092773438,4365280.0
2015-03-18,133.01091203411508,133.88461697545142,131.46703637752876,133.32861328125,5820650.0
2015-03-19,134.03353756652194,135.29940380594067,130.6926220837104,131.62094116210938,7614150.0
2015-03-20,131.15430221130728,133.43782439256262,129.7643157210308,133.0109100341797,7948870.0
2015-03-23,133.1896045083971,133.4576758009862,131.70034311553596,132.628662109375,4676000.0
2015-03-24,131.6606345157863,135.22492976939128,131.6606345157863,133.11514282226562,3243160.0
2015-03-25,132.85203702243754,133.28888943781905,130.86138619079895,131.70530700683594,3687870.0
2015-03-26,130.52880347060162,132.92650774611363,129.0693260334896,129.60545349121094,19963690.0
2015-03-27,131.05498884263756,131.45211911264423,126.6567036868217,128.9849090576172,4885690.0
2015-03-30,129.20830226444076,131.0103107565245,128.15092437903306,130.24581909179688,8516560.0
2015-03-31,130.55363835034805,131.52166450308732,129.09416069059975,130.38485717773438,3822510.0
2015-04-01,131.34292453079593,135.90007607160996,129.5856069312688,135.130615234375,4826140.0
2015-04-06,136.01920963268964,139.39486279003103,134.26684596858627,138.7594451904297,11079010.0
2015-04-07,138.98785013953196,140.29839269383075,136.02917234733658,137.6921844482422,15741490.0
2015-04-08,137.6921619049708,138.5013298040988,135.75115578761938,136.17808532714844,3017120.0
2015-04-09,136.9127498550143,143.39599952139602,135.61213073979476,142.0358123779297,16092230.0
2015-04-10,142.77055517728152,142.8499842843224,140.27851428622745,141.2217254638672,8832860.0
2015-04-13,141.17704130502847,144.3243456362814,140.00051192741685,143.5251007080078,8131980.0
2015-04-15,143.65417859673582,146.47384363408096,142.02591982803133,143.3563232421875,25209020.0
2015-04-16,143.26693428338316,143.59952747648904,139.79199139088726,140.8245391845703,7282460.0
2015-04-17,140.2884374828708,141.11745124093528,136.25253636077352,137.66236877441406,5857060.0
2015-04-20,137.22058925014804,137.70211783929648,135.04626459295318,136.1085968017578,12147920.0
2015-04-21,136.10853818441095,136.9921658680203,133.6810503677369,134.33135986328125,9936670.0
2015-04-22,134.5250014583995,137.1063944062702,129.47144384037992,135.24978637695312,8498090.0
2015-04-23,135.9199393051758,137.78648540421014,133.87965813484962,136.76882934570312,5056230.0
2015-04-24,136.61493515008254,137.9552614838385,132.64852483591903,135.84547424316406,8463600.0
2015-04-27,135.90011666841158,137.40922447761687,131.5514670968979,132.7279815673828,5945240.0
2015-04-28,132.27125221072998,135.27459026505073,130.36003019909322,133.24423217773438,9738080.0
2015-04-29,132.94142719926788,132.94142719926788,130.07211681108447,132.02801513671875,6131490.0
2015-04-30,131.05499632353488,133.00097111656493,128.8012432812487,132.33575439453125,21565340.0
2015-05-04,129.6997753002339,133.19954882643333,129.6997753002339,132.9215545654297,6377160.0
2015-05-05,133.82007688665826,141.92166302599122,133.24422729273223,141.30609130859375,33406860.0
2015-05-06,142.03085469116547,142.4627532296144,133.32365047588175,134.1526641845703,23519200.0
2015-05-07,134.23210196436267,134.23210196436267,128.27505588473517,129.8834686279297,14546420.0
2015-05-08,130.75717852305638,134.13284757695038,130.5586133197812,131.99822998046875,10870640.0
2015-05-11,132.53434303060504,134.1526634671692,131.45710394086998,132.9463653564453,7095060.0
2015-05-12,132.59391512164922,132.59391512164922,129.86360244286013,130.94082641601562,6853980.0
2015-05-13,131.26356717216728,134.15769316558635,130.16151262047694,133.18966674804688,9090850.0
2015-05-14,132.28613672727337,132.42513385754384,130.5585879800113,131.73013305664062,8461230.0
2015-05-15,132.44497656146842,134.2122322390538,131.84928108168774,133.492431640625,7811260.0
2015-05-18,132.80241435405713,135.86036662810628,132.54428113303013,135.45826721191406,5241350.0
2015-05-19,135.42352278757784,138.35737011684435,135.23489570029196,136.74400329589844,7842300.0
2015-05-20,137.16097240564642,138.60060391562308,136.9127621659333,137.48365783691406,5331100.0
2015-05-21,137.1460833407402,139.09702738041594,135.8206491159735,138.74952697753906,5419060.0
2015-05-22,138.34244997262527,139.32039888350457,136.81843552656332,137.73681640625,4437580.0
2015-05-25,137.5084765012309,138.4417494515934,134.82780887010628,136.5255584716797,6185290.0
2015-05-26,136.3120937422035,137.8857532829307,135.25471572723745,137.25033569335938,3805220.0
2015-05-27,136.50571559557417,137.31983734408,135.87029795666052,136.47096252441406,6515930.0
2015-05-28,136.51561908201236,137.5134290002494,135.46817924011225,135.8355255126953,15978050.0
2015-05-29,134.73844791166434,139.49414925240328,134.73844791166434,138.92822265625,6561840.0
2015-06-01,138.9977240272994,139.9905649132087,137.70702784570742,138.2779083251953,5012310.0
2015-06-02,138.0594913799237,138.4367757897349,134.26684681909006,134.9568634033203,7370490.0
2015-06-03,135.40364861649516,135.40364861649516,132.64355208922456,133.6314239501953,8053990.0
2015-06-04,134.03848909061307,136.01920181665665,133.04067914913864,135.5227813720703,7259390.0
2015-06-05,134.7384614021475,135.62208930338926,134.0434605689593,134.6639862060547,5338380.0
2015-06-08,135.02637547910354,135.215017692304,133.24919676176202,134.31649780273438,3549190.0
2015-06-09,133.9342522285579,135.5079119661702,131.58619282974192,132.14218139648438,4917770.0
2015-06-10,132.14218518749254,133.6314468123717,131.55641258426604,132.50457763671875,4191520.0
2015-06-11,132.85204012509155,133.41796671720246,126.19007850881292,127.17298889160156,7871980.0
2015-06-12,126.30922095144383,131.02521524292732,125.51494519875769,130.17137145996094,7894810.0
2015-06-15,130.35507502141974,130.55364021853882,124.899417831634,128.04672241210938,9796250.0
2015-06-16,125.79294918225625,128.64241309759677,125.31638975355567,127.9920883178711,6120440.0
2015-06-17,128.6970169336557,129.26789748898628,127.13329536051486,128.577880859375,8358540.0
2015-06-18,129.01501736537367,130.58977132511248,128.11587264958922,129.89430236816406,10091120.0
2015-06-19,130.003586074705,132.93450058973778,125.43333570001668,131.95587158203125,4300720.0
2015-06-22,132.8301867741024,136.476445164735,131.97077666210794,134.91162109375,6227380.0
2015-06-23,135.06065924826393,137.56436258969734,133.89822934404845,137.15203857421875,7400000.0
2015-06-24,137.10733176077466,138.5976288451309,135.73625359193943,137.48487854003906,5890680.0
2015-06-25,136.61055939417858,140.50520043187876,136.03430939716017,139.7501220703125,13364180.0
2015-06-26,138.1008727235905,138.29957598326175,136.5062589776137,137.13714599609375,5051870.0
2015-06-29,134.9215546929051,137.05268359393355,133.3418435512016,135.9597930908203,5329910.0
2015-06-30,136.90861006579212,139.4421177998127,136.5111884674667,137.68356323242188,9396850.0
2015-07-01,137.06760461680503,142.07499642164728,136.80927673903741,139.9140625,9222040.0
2015-07-02,140.48533756832998,143.00394337158838,139.3576848574835,142.60653686523438,8388930.0
2015-07-03,143.36661007031537,145.1450249286258,140.91258585415002,141.96075439453125,16482870.0
2015-07-06,143.06854746028716,145.45301718725642,142.0750158807018,143.45602416992188,21559530.0
2015-07-07,144.0570946719134,144.9562394646131,141.19573426711628,141.63784790039062,11735120.0
2015-07-08,139.85942911514033,141.52855470597012,137.7133975039988,140.50521850585938,11708460.0
2015-07-09,141.28015503450473,143.0685144977436,139.31296720498463,140.12765502929688,3897800.0
2015-07-10,140.48534373519615,141.37953115387435,138.43867133346626,140.96224975585938,6924625.0
2015-07-13,141.65771555963258,142.63137213305498,139.69052753901968,142.0749969482422,4775500.0
2015-07-14,142.0650582788698,142.12466773638965,139.88922211887945,141.22055053710938,5863765.0
2015-07-15,141.27025541666765,142.0750135573574,140.58471621235014,141.53851318359375,4469840.0
2015-07-16,141.86634273864297,147.63877293979198,141.51861584272618,147.29103088378906,11094165.0
2015-07-17,146.4464961633356,146.64521453594418,144.4892384417914,145.68148803710938,5789030.0
2015-07-20,146.08884743723388,147.04264423242245,144.08192496499905,146.36705017089844,4119160.0
2015-07-21,146.0491232839818,147.99645159820642,142.67112241491762,143.19769287109375,4841140.0
2015-07-22,142.88970465273428,145.79081475354607,142.57176730246528,144.78733825683594,3288990.0
2015-07-23,144.85688186789676,146.06899139469388,142.69097552194816,143.13807678222656,4614385.0
2015-07-24,143.06850431865624,145.05556687863756,142.5916135490843,144.00242614746094,3748745.0
2015-07-27,142.96916918667893,143.96270063386945,141.69745014708204,142.0749969482422,3932575.0
2015-07-28,142.65124551298362,145.33377736028922,142.57176117883031,144.93637084960938,4228590.0
2015-07-29,145.4430586026156,146.5061444596443,143.2970271761529,144.25082397460938,4672395.0
2015-07-30,145.7510542213305,145.8404684094456,141.83653805626076,142.4326629638672,12005090.0
2015-07-31,138.5479453805938,140.82314068892134,135.87534359155293,138.1803436279297,24718095.0
2015-08-03,138.09093114243868,140.19721280428266,136.5410094643859,137.14706420898438,7285045.0
2015-08-04,137.90215948314327,138.89569086967876,135.15007329761593,137.27622985839844,7329755.0
2015-08-05,138.1008631503455,138.2200820658665,135.78593319343514,137.48487854003906,7395090.0
2015-08-06,137.94188400201455,141.08144659278128,137.2662899853123,140.44558715820312,5928790.0
2015-08-07,140.26676478801653,141.57823359712643,139.36266267758873,140.0879364013672,4386630.0
2015-08-10,140.68404617611603,142.3730464505293,139.4917964199792,140.54495239257812,4832340.0
2015-08-11,140.455531544892,141.27023458352744,139.07452348191293,140.0283203125,3455910.0
2015-08-12,139.68058192860784,139.9389098062353,135.62697182208342,136.34231567382812,3933155.0
2015-08-13,136.7099327489464,138.10087070641515,135.7362610186315,137.25636291503906,2962430.0
2015-08-14,137.604118916509,142.96918319290074,137.50475969802133,142.61151123046875,4112580.0
2015-08-17,142.83009015569974,144.01239512569245,140.18730775463828,143.02880859375,3811935.0
2015-08-18,143.03870238714487,143.38644440596798,138.89567868786511,140.1077880859375,2369785.0
2015-08-19,140.02831792400528,142.81020887567266,138.5578956970143,141.558349609375,4726350.0
2015-08-20,141.66764592073264,142.0749974539515,137.70346513478773,138.58770751953125,4078760.0
2015-08-21,137.02783729904476,139.09438425576923,135.12025899131868,136.7099151611328,6153965.0
2015-08-24,133.53061281815098,134.077058114939,125.32404899031427,128.68218994140625,12484965.0
2015-08-25,130.74874486050533,131.24551058541593,123.57543899994587,127.06273651123047,8822655.0
2015-08-26,127.0627307102154,128.66231687780234,123.85362851862793,124.63851165771484,6370775.0
2015-08-27,124.1914149840415,130.21221235685425,124.1914149840415,129.23855590820312,9747585.0
2015-08-28,130.94742915875335,131.5435388462841,127.37071039323051,128.65237426757812,6085340.0
2015-08-31,127.56943374382199,130.9275749389015,126.67526149144658,129.49688720703125,2913180.0
2015-09-01,128.52322954268627,128.64244846598191,120.91277496385162,121.95598602294922,11287915.0
2015-09-02,122.7905540305965,122.99920231532819,119.42248286341015,120.95252227783203,8736275.0
2015-09-03,121.15122608026545,125.17502385962455,120.21730410212268,124.60871124267578,9177905.0
2015-09-04,123.95299981062914,123.95299981062914,118.13090425029044,120.47563934326172,8481030.0
2015-09-07,120.2669828396204,121.85663161433594,118.2302403726127,119.3529281616211,6181830.0
2015-09-08,120.01859258523147,124.09206968816478,119.33305351399098,123.27737426757812,7786650.0
2015-09-09,124.80741250073893,127.01304575851233,124.40999843968366,126.1188735961914,6330965.0
2015-09-10,123.95298045651639,127.13227792681667,121.65791775197663,126.23809814453125,5905800.0
2015-09-11,125.78107646154008,127.56942847243667,124.68819341376276,125.43334197998047,4756570.0
2015-09-14,125.56252639520999,129.02001985031904,125.25453401129397,128.31460571289062,4755230.0
2015-09-15,127.69859039082985,128.235105839678,126.20829328194122,127.1720199584961,3677950.0
2015-09-16,127.82775101499786,128.56295453389123,126.19835257782984,127.37071990966797,3808235.0
2015-09-18,127.76814128281305,132.73579817312327,126.09900068442423,130.62950134277344,14723015.0
2015-09-21,130.96733656103794,132.93452479066855,129.95393013240283,132.22911071777344,5114355.0
2015-09-22,133.11334810679662,133.13322298191702,126.88390884427997,127.70853424072266,5256665.0
2015-09-23,125.3836712330777,131.54356345021702,125.3836712330777,130.87789916992188,4600675.0
2015-09-24,130.74873364143068,131.4938821648581,127.56942114673865,130.04331970214844,9066070.0
2015-09-28,129.7651416407166,131.12627485867964,126.90377382991942,127.3906021118164,4238000.0
2015-09-29,125.39359089449312,130.55001345152334,123.99271563126798,129.45713806152344,7455745.0
2015-09-30,129.75519626563548,130.69904798623352,127.66877443266308,128.78152465820312,4614400.0
2015-10-01,128.364255638093,130.05325600962985,126.77460689193309,127.3409194946289,4805725.0
2015-10-05,129.13920708572337,131.14614475790327,126.66531602292953,129.76513671875,6383575.0
2015-10-06,130.9474555761924,131.54356538398278,127.5694393583629,130.30165100097656,5290870.0
2015-10-07,130.2022876977087,132.1396708167645,129.35777997807867,131.24549865722656,3885495.0
2015-10-08,131.84160800753926,131.89128760739342,129.03985746477352,129.87442016601562,7332765.0
2015-10-09,130.34138465447984,131.54354913912044,129.91415827624007,131.04678344726562,4604335.0
2015-10-12,131.37462330175586,133.07356828501574,130.41089684717218,131.553466796875,3030865.0
2015-10-13,131.26536917980548,132.09000209533556,129.35779063162576,130.36126708984375,2282655.0
2015-10-14,130.35131730834362,131.64291116690404,129.35778590331037,129.72540283203125,3272410.0
2015-10-15,130.25197125919135,131.9409715897353,129.5862918871887,129.84461975097656,4245175.0
2015-10-16,129.45717317584695,131.5435804827253,128.19538377305827,131.007080078125,4561480.0
2015-10-19,131.13622041917134,131.74227520488037,129.84462651322414,130.8182830810547,3275615.0
2015-10-20,130.94745356255817,131.5137586292551,128.56296888780085,129.96385192871094,4820130.0
2015-10-21,129.9439649485879,131.14614461129597,129.16901167050983,130.47055053710938,5580545.0
2015-10-23,131.94094454201513,132.7357725228871,131.19579615246317,132.17938232421875,4309160.0
2015-10-26,132.90470499483095,132.93450972522876,130.07313432634447,131.52369689941406,2892595.0
2015-10-27,131.44421345983875,132.3383856980341,130.60965068284483,131.23556518554688,3002590.0
2015-10-28,130.88783272935734,134.52414614935364,130.73879392258183,133.42132568359375,7530700.0
2015-10-29,133.72932317234188,134.12672964057623,131.3150341555673,131.9409637451172,9247245.0
2015-10-30,132.119780163896,137.86238952322344,131.47399092137456,136.64035034179688,22078050.0
2015-11-02,136.70992768853867,136.9086309379524,135.12027137305648,136.411865234375,4664055.0
2015-11-03,136.7297832077366,137.10732998210315,134.26582963838945,135.7362518310547,5381815.0
2015-11-04,136.61056356713436,136.89868099440193,133.13320376724366,133.69952392578125,2186090.0
2015-11-05,133.5107586556056,133.5107586556056,128.74180475098066,129.27830505371094,4656100.0
2015-11-06,128.86102719537575,132.2390432518993,128.59276945663163,130.45068359375,2845220.0
2015-11-09,127.78798500737685,131.88134408172482,126.10892234295105,131.16600036621094,5847510.0
2015-11-10,129.7750716467686,130.75867322852332,128.16555556761236,128.5331573486328,3263170.0
2015-11-13,129.83467893183138,133.8982339689047,128.5629599246574,133.05372619628906,4441780.0
2015-11-16,132.3383892565761,137.0079841506577,132.3383892565761,134.9414520263672,5557965.0
2015-11-17,135.2792286005072,135.3189631829964,133.62996296563364,134.55393981933594,2358845.0
2015-11-18,133.34186354013661,135.69652824245313,132.66625426600106,133.68959045410156,3512805.0
2015-11-19,134.3155276229174,135.91511396471302,133.143152554726,135.53756713867188,3177785.0
2015-11-20,135.13019976893455,137.6339031327274,134.83215247807848,135.57730102539062,5108935.0
2015-11-23,136.7893894512073,137.90215487580775,135.12026405443467,135.93496704101562,2940215.0
2015-11-24,135.73624696111983,136.17340317678932,134.1863404947172,134.64337158203125,2294225.0
2015-11-26,135.1401428410443,136.6105650417607,134.38504928817676,136.15353393554688,2337000.0
2015-11-27,136.15351666748518,139.6805556587082,135.71637564926527,138.8459930419922,6154565.0
2015-11-30,138.63738114214502,138.63738114214502,136.84903654051305,137.57431030273438,3403690.0
2015-12-01,137.80281924563698,138.20024095099805,136.43175605238312,136.82916259765625,2176670.0
2015-12-02,137.30605366129768,137.57431141775177,134.52416236052983,135.20970153808594,1948270.0
2015-12-03,134.32545873683733,135.8157560197758,133.31205233961452,134.08702087402344,2004905.0
2015-12-04,133.5107621362583,134.19630126768163,131.34485567523836,132.07012939453125,6317890.0
2015-12-07,132.1297579192357,133.88829773603564,131.94098451108388,133.45115661621094,2258455.0
2015-12-08,132.73581999193615,134.72288307468915,132.5470465734605,133.9280548095703,3457820.0
2015-12-09,133.66968344332417,134.44465174089612,132.29862067088908,132.85499572753906,1485595.0
2015-12-10,133.0139873399722,135.22955809477392,132.139674865574,134.70298767089844,3082470.0
2015-12-11,135.51769400647703,135.51769400647703,131.9211147355992,132.6761932373047,2864940.0
2015-12-14,131.92110903889852,134.6235158842152,131.74228064888317,133.9479217529297,4359430.0
2015-12-15,133.918098894108,136.88876341871753,132.63644998046536,136.43174743652344,5283485.0
2015-12-16,137.0874332012793,138.49824571149,135.91507364099505,138.00148010253906,5965905.0
2015-12-17,138.47844126800402,140.08795763212322,136.78942539543178,139.73028564453125,7209105.0
2015-12-18,138.82617454681647,140.28666729919078,137.71342393932747,139.58126831054688,5621265.0
2015-12-21,139.4918160546606,140.68406597861693,138.89570625276997,140.2667694091797,4170025.0
2015-12-22,140.2468968346551,140.2667565475025,137.96177157005542,138.73672485351562,3722030.0
2015-12-23,139.43220620159246,140.08794062592204,138.37906524377755,139.60110473632812,2197800.0
2015-12-24,139.29310116385048,139.9687104083877,138.498273000901,139.36265563964844,2420515.0
2015-12-28,138.90563689391297,141.7670124714141,138.77647294740177,140.68406677246094,5253100.0
2015-12-29,140.6840421237792,141.97562072224844,140.0879172628819,140.3263702392578,5459480.0
2015-12-30,140.6840591503757,141.18082487455064,139.98857500846137,140.91256713867188,2336465.0
2015-12-31,140.31642947162325,143.83353896924547,140.31642947162325,143.0784454345703,5821050.0
2016-01-01,143.06852250752738,145.02578059074975,141.32984254649838,144.50914001464844,3112190.0
2016-01-04,144.45945988050258,144.45945988050258,139.85941979511625,140.1475372314453,6112235.0
2016-01-05,140.7039082093579,141.63783012569996,140.08792360925383,140.63436889648438,3449210.0
2016-01-06,139.88922248944536,141.28016036887976,138.4982694499251,139.8097381591797,3008320.0
2016-01-07,138.5976104160841,139.69050086332695,136.93841503533102,137.4351806640625,3163480.0
2016-01-08,137.94188401927,139.8892120654569,137.8127352572871,138.1207275390625,2230145.0
2016-01-11,137.10732915016587,140.03824366157622,135.3189696509727,139.26329040527344,2888295.0
2016-01-12,139.07451154769282,139.23348019916367,136.02437824303144,137.50473022460938,4170100.0
2016-01-13,138.70693087087108,139.22357148656812,135.56736774791665,136.93844604492188,3366030.0
2016-01-14,135.5176705317371,137.29610014386608,133.72932622379082,135.93496704101562,4452225.0
2016-01-15,135.00104997893968,136.92850329907625,133.3319093622938,134.24595642089844,5443705.0
2016-01-18,134.3254524996653,136.4714841258705,131.7621394728236,132.6165771484375,11034040.0
2016-01-19,133.1431357477723,134.3254405242138,131.8515570724157,132.87489318847656,5526025.0
2016-01-20,131.14612861041974,139.09437882923305,129.67570656476283,131.67269897460938,3551885.0
2016-01-21,133.43125952525696,134.55393960982713,129.35777504259096,131.31503295898438,4253900.0
2016-01-22,133.33193414613726,136.9086538751605,131.9807305996272,135.72634887695312,5008920.0
2016-01-25,136.11379785554632,136.11379785554632,134.0273759119745,135.3189697265625,3534325.0
2016-01-27,135.12027221535297,135.59716304893593,132.40793570173656,134.04725646972656,3278810.0
2016-01-28,134.1267204242323,135.12025168663405,131.19580623216402,131.7919158935547,7343655.0
2016-01-29,132.04029009620285,136.31247727787343,132.04029009620285,135.83558654785156,8227885.0
2016-02-01,135.74622735553606,137.30606408424728,135.02093837229162,136.65032958984375,2962850.0
2016-02-02,136.51119773877693,137.30602582932553,133.4312597330177,134.55393981933594,3006535.0
2016-02-03,133.53062661687267,133.53062661687267,131.48395416657394,132.2489776611328,6035160.0
2016-02-04,133.2127224031987,135.27927000712526,132.8649802696194,134.37515258789062,2412730.0
2016-02-05,134.52413622991335,138.55788617054006,134.2161439427417,137.50473022460938,9341885.0
2016-02-08,138.0511682858112,138.0511682858112,133.19280093435793,133.74917602539062,2869680.0
2016-02-09,132.72586879558173,135.12028333725857,131.6131183722676,134.5341033935547,4489805.0
2016-02-10,134.52413661656033,135.11033162553332,131.37464410565616,132.60662841796875,4981775.0
2016-02-11,132.53707740872255,132.53707740872255,124.1914200456866,124.97631072998047,7927835.0
2016-02-12,125.18496283154059,126.57590837901083,121.94604817872508,123.5953140258789,6502565.0
2016-02-15,124.58884624938378,126.45668266011155,123.60525222916405,124.2411117553711,6381475.0
2016-02-16,125.16508201976725,125.18494931142334,122.20435528019897,123.24756622314453,3703345.0
2016-02-17,122.99918590713123,125.16508458406275,121.21082641974091,124.25102996826172,4779580.0
2016-02-18,125.18496026724668,126.72493701683726,124.02253031254692,126.28778076171875,4248325.0
2016-02-19,125.69166624544366,127.15215869420709,124.25104109052172,125.42340850830078,2934240.0
2016-02-22,125.97979216660066,127.60918315468233,125.6121827975658,127.21176147460938,2222910.0
2016-02-23,126.97332690882025,126.97332690882025,123.19790423101365,123.79402160644531,3176410.0
2016-02-24,123.26744605552715,125.17502461036977,122.50243017823539,122.94951629638672,3347355.0
2016-02-25,123.39658779728377,123.49594699403056,120.11793896578678,120.58489990234375,5119335.0
2016-02-26,122.00565908033039,123.47608130905273,120.53522927156502,122.3533935546875,2932180.0
2016-02-29,122.20437131381584,127.24158316432474,116.3922137063626,125.26445007324219,10496935.0
2016-03-01,123.19789558012555,127.41047424146413,123.19789558012555,126.86402893066406,9902315.0
2016-03-02,128.61264492482647,131.136223331898,127.50982439387995,130.4109344482422,6218455.0
2016-03-03,130.74873843487185,131.44420738355058,129.14915227286775,130.67918395996094,4612120.0
2016-03-04,130.74874272391298,133.1034073702834,128.16555493255555,132.2688446044922,3582405.0
2016-03-08,132.1297312802604,132.2986297797949,128.77159067987566,129.2683563232422,3317790.0
2016-03-09,129.14916377664886,131.9707895683841,128.70206247830768,131.12628173828125,4064310.0
2016-03-10,133.13319843780394,133.13319843780394,129.37765121706673,130.0731201171875,17833535.0
2016-03-11,130.55000788529884,130.96730437578307,127.27136669500433,127.69857788085938,21468120.0
2016-03-14,129.13920303496982,129.1789527793584,125.691655553453,126.5361557006836,12830510.0
2016-03-15,126.75474023208993,127.7681465241091,125.5923102912825,127.07266998291016,10754985.0
2016-03-16,126.47654105937949,129.82473678279655,126.27783024579648,129.40745544433594,10768580.0
2016-03-17,130.33143230233765,130.5996900056641,128.00657263373503,129.40745544433594,28952985.0
2016-03-18,129.15908967468877,131.33492599559168,128.9206366668888,130.90769958496094,9695990.0
2016-03-21,131.1560892558316,132.13969090895088,129.67573700750327,131.88137817382812,5821815.0
2016-03-22,131.15609580366294,133.1034243320834,130.1526343854982,132.39801025390625,5897795.0
2016-03-23,132.33836431808336,134.2856923098883,130.17247339054532,131.13619995117188,16347850.0
2016-03-28,132.03039004458012,134.70299199499752,131.25543674833617,133.05372619628906,14524240.0
2016-03-29,133.14315703483396,135.5176968236024,132.92457888188557,133.43128967285156,9831650.0
2016-03-30,134.136674640756,136.41187013451764,132.2390411065896,135.8852996826172,14137090.0
2016-03-31,134.54403663387808,138.08100641985015,134.54403663387808,135.24945068359375,19910660.0
2016-04-01,135.51766891746473,136.44166094831016,134.55394230339652,135.1003875732422,7351630.0
2016-04-04,135.41834638006387,136.96825309328295,133.97772873816598,136.5708465576172,10299785.0
2016-04-05,135.91508489898536,136.06410852998113,132.08998332919256,132.8848114013672,14462615.0
2016-04-06,132.93449730483186,133.9876381073885,132.00057541272758,132.7357940673828,8418790.0
2016-04-07,132.5370860368646,132.73580444994258,130.25197588733204,131.64291381835938,8097120.0
2016-04-08,130.76859588108428,133.21268975560568,130.76859588108428,132.209228515625,5038705.0
2016-04-11,133.31204093438754,134.11681413279751,131.20575913926106,133.3915252685547,9954090.0
2016-04-12,133.10340707654314,135.52762619475618,133.08353220309104,134.5937042236328,5928440.0
2016-04-13,136.51122430323588,139.08448245264086,135.75614580832655,137.57431030273438,12188990.0
2016-04-18,137.3259111483252,137.3259111483252,130.6891135214163,135.7859344482422,8191005.0
2016-04-20,136.5906646992814,137.50471158118125,135.1599773501919,136.54098510742188,5438255.0
2016-04-21,136.90863023648123,137.0278491535014,135.7462003152763,136.45159912109375,10687120.0
2016-04-22,135.1302048173272,135.86542353577352,133.71939200091933,134.34532165527344,9875030.0
2016-04-25,133.35180243839875,135.68660758513502,133.35180243839875,135.20970153808594,6058445.0
2016-04-26,135.11033655278342,140.087923262126,134.89175843843282,139.26329040527344,10542295.0
2016-04-27,139.57129403505508,143.0287944008727,139.29310644149552,141.57823181152344,9645560.0
2016-04-28,142.07498397060272,142.75057801613943,138.79632746234097,139.38250732421875,7576220.0
2016-04-29,138.89570357036771,142.93936880007718,138.20023456821605,142.50221252441406,7450705.0
2016-05-02,141.9160178160913,144.01236962152177,141.49873645824408,142.71084594726562,6482800.0
2016-05-03,142.86983876143765,143.6547220091229,138.89571259372084,140.5747833251953,6790965.0
2016-05-04,140.29657863404816,143.18774354757906,140.04819577879073,141.6080322265625,10556840.0
2016-05-05,141.8564189825869,142.12467671846565,139.8991608165307,140.91256713867188,4879865.0
2016-05-06,140.29657227172777,141.08145538830954,138.31943937590864,139.68057250976562,3336315.0
2016-05-09,139.6905350449923,142.2737078504368,139.67066017015622,141.84649658203125,9426675.0
2016-05-10,142.62145079623616,145.05559995524848,141.35966153810227,143.63485717773438,7884015.0
2016-05-11,142.6313599211466,146.44651671328864,141.87628154356187,145.3635711669922,20587085.0
2016-05-12,146.18820451286498,147.787790617719,143.2672198726893,144.4097900390625,13928815.0
2016-05-13,144.45946167835618,144.83700846728743,140.48533601831792,140.7337188720703,7147530.0
2016-05-16,140.7039118915472,143.06852147267026,139.69052077971105,142.7207794189453,12194845.0
2016-05-17,142.86983772523934,144.06207253488975,140.68407138086553,140.86289978027344,12358385.0
2016-05-18,140.68407138086553,141.806751706243,139.14409447002666,140.86289978027344,5739560.0
2016-05-19,140.73372619388223,141.18082748196647,139.4222725410848,140.2965850830078,4820755.0
2016-05-20,141.0615831387221,141.2205518002542,139.1440748242812,139.5216064453125,3002500.0
2016-05-23,140.28662665390553,141.21061871284346,139.29309528219218,139.72032165527344,7189935.0
2016-05-24,139.67066145381233,139.68059131127782,137.60411409441136,138.77647399902344,10344860.0
2016-05-25,139.88923435193638,142.17435977057178,139.19376535324398,141.62791442871094,14539060.0
2016-05-26,142.29357093896678,146.8439466539027,141.94582887853403,145.09532165527344,9680565.0
2016-05-27,145.92988591363184,147.96661300246157,145.67155806659534,147.54933166503906,6467605.0
2016-05-30,148.77140523984525,149.92389020373665,147.05258491077723,147.55929565429688,3645025.0
2016-05-31,147.69838787253812,149.0297163669958,146.94329427382317,148.34417724609375,5838425.0
2016-06-01,148.98002544347978,148.98002544347978,147.12212663849388,148.10572814941406,4591255.0
2016-06-02,148.83101008657505,149.0297133390098,146.3273066576555,148.29449462890625,8029905.0
2016-06-03,149.02968442392617,153.49064510197906,147.65860647599933,152.86471557617188,12403875.0
2016-06-06,153.02369360559453,153.99735002544793,151.52345165450552,152.05996704101562,5788250.0
2016-06-07,153.00382709907905,154.76238182419752,151.18566291888627,153.4111785888672,9288805.0
2016-06-08,152.62629908553382,153.00384589416285,150.0232514936272,150.8876190185547,6138060.0
2016-06-09,151.39430546912948,151.39430546912948,149.04957097731955,149.57614135742188,6506980.0
2016-06-10,149.2483075837631,150.52002672879672,147.70833068092284,149.1688232421875,7553170.0
2016-06-13,148.2348992443056,150.5100949069627,148.03619597300371,150.20208740234375,8149210.0
2016-06-14,150.71870994256923,150.71870994256923,148.89061580990722,149.44699096679688,3317845.0
2016-06-15,150.420652966959,152.62629396212265,149.62583994823305,152.11959838867188,4436055.0
2016-06-16,152.189120484498,152.189120484498,148.30442454078297,149.9139404296875,5395000.0
2016-06-17,150.22194756168594,151.18567425118525,148.78133003576093,149.248291015625,4071290.0
2016-06-20,147.40030791693502,150.38090189059096,147.0426360336929,149.41717529296875,4470035.0
2016-06-21,149.04959063613052,149.73512975425206,147.59902806560368,148.38392639160156,3514265.0
2016-06-22,148.43358448899275,149.21848278143136,145.73117787923653,146.91348266601562,13434650.0
2016-06-23,147.24134688842173,149.04958126954895,146.6750418873569,148.48326110839844,4938325.0
2016-06-24,145.0555826189937,146.6551687597573,141.23048071192426,145.83053588867188,10010940.0
2016-06-27,143.6745943261965,147.95671277004035,143.6745943261965,146.92344665527344,3874345.0
2016-06-28,146.7247230010248,148.59256705134806,146.58562919898506,147.69839477539062,3806320.0
2016-06-29,148.03619857911647,149.82455837249253,147.56923754528805,149.5861053466797,7386400.0
2016-06-30,150.99687981386444,152.3182782365622,149.8741997753976,151.6824188232422,16671825.0
2016-07-01,151.81160392494203,152.20901042869002,149.2085412971078,149.70530700683594,7826050.0
2016-07-04,150.1226001690488,150.27162381458257,147.2810997668787,147.82752990722656,5863470.0
2016-07-05,147.9268740127838,148.5130538388361,146.72469447453003,147.1221160888672,5626500.0
2016-07-07,147.24133988059324,149.3277617348869,146.87373814020327,148.21499633789062,4816065.0
2016-07-08,148.05606239139,148.5726878352484,146.56576520161784,147.7281951904297,3022315.0
2016-07-11,149.21848956749352,151.6129039790146,148.4534661130065,151.12606811523438,9358070.0
2016-07-12,152.01029261448812,152.35803464201928,150.6094098088362,151.74203491210938,7707845.0
2016-07-13,151.70229019062413,154.3450869749931,151.10616537186527,153.99734497070312,10092985.0
2016-07-14,154.89213027491388,155.88630310701234,153.97749308976813,155.13072204589844,7779395.0
2016-07-15,154.89213270770165,155.28979577883746,152.6353560958279,153.5301055908203,10296390.0
2016-07-18,154.0968090411075,155.65766787228992,152.97338874018956,154.4547119140625,11794690.0
2016-07-19,154.9915337887225,155.3792605747698,152.98331565066886,154.6535186767578,8044350.0
2016-07-20,154.69331026483857,155.9558989333389,154.69331026483857,155.52841186523438,6584740.0
2016-07-21,156.38338664150413,156.5822181702854,150.9154361657164,151.24351501464844,19245670.0
2016-07-22,151.51194863810824,152.08857075855568,149.77214600860955,151.1242218017578,7148085.0
2016-07-25,151.50198563075193,153.73887433102414,149.12591335147994,151.9891357421875,16965590.0
2016-07-26,152.20785473291144,152.30726290640604,148.40017126401725,149.46392822265625,8745100.0
2016-07-27,149.54347412157472,151.1142690013153,148.23117388437115,149.9212646484375,5383780.0
2016-07-28,150.31893112232518,151.12420869955415,148.26100122161495,149.19552612304688,17177630.0
2016-07-29,149.42417205699334,152.3370910245392,148.98673360606034,151.8101806640625,7287990.0
2016-08-01,152.30727458663083,152.99325626680155,148.72826149903676,149.75225830078125,8753250.0
2016-08-02,149.18556988529562,151.71077732533792,149.1060342398742,151.1341552734375,7478715.0
2016-08-03,150.91545328375642,151.9096262103031,150.08035166622724,150.3587188720703,6721560.0
2016-08-04,151.06454668246502,151.37273780850754,149.3247443658887,150.39845275878906,6247560.0
2016-08-05,151.07451308881562,154.29562341682706,150.4382430710712,153.96754455566406,11826830.0
2016-08-08,154.4944599758063,155.4488726183889,152.69500948445855,153.40087890625,8299200.0
2016-08-09,153.6593345203104,153.67922222244852,151.13414246416235,152.0587158203125,4387675.0
2016-08-10,153.04296268036433,153.04296268036433,150.84583412592983,151.36280822753906,5469795.0
2016-08-11,151.31309174752536,152.89382280256797,150.94525267895978,152.03883361816406,5032730.0
2016-08-12,153.48040152286714,153.48040152286714,151.11426540752157,151.69088745117188,5640660.0
2016-08-16,152.40669525108385,154.2757298238164,151.54175458834965,153.6593475341797,9130715.0
2016-08-17,153.30144316795915,153.42075421981676,151.33298526584898,152.23768615722656,4074430.0
2016-08-18,152.4862158115853,156.2740114268301,152.47626437572194,155.9658203125,8828800.0
2016-08-19,156.2740338266817,156.2740338266817,153.89796130513,154.84242248535156,4980850.0
2016-08-22,155.09094068055953,155.48860369127905,152.86398837886443,153.66928100585938,3063810.0
2016-08-23,153.76870561499865,155.09095726333365,153.31139462076135,154.76287841796875,2864930.0
2016-08-24,154.89213931755035,155.4687614142156,153.52017587479943,154.4944610595703,5708595.0
2016-08-25,154.69329886492122,155.88630323040903,153.5102307666078,155.24008178710938,7385560.0
2016-08-26,155.58806092610763,156.8804887473282,153.6693144850444,155.2500457763672,4269865.0
2016-08-29,155.2301553905985,156.86059833341108,154.1266228691301,155.3693389892578,3810195.0
2016-08-30,155.4687591546589,156.49275600302897,155.1307288478201,156.3137969970703,3995125.0
2016-08-31,158.0734997447098,162.04025529379825,157.7056606059533,160.43963623046875,16732220.0
2016-09-01,161.6525013279278,162.53731450207619,160.55890519364425,161.19517517089844,5809640.0
2016-09-02,161.45366222105758,162.19929184677653,160.71798403240066,161.7718048095703,4653795.0
2016-09-06,163.0244400078669,163.44199073405673,162.05015498009064,162.65660095214844,5139395.0
2016-09-07,162.8156801980364,163.64084542465483,159.55479469783523,159.88287353515625,5855265.0
2016-09-08,160.01212546057403,163.50168205351787,159.11737591718438,162.99464416503906,8621810.0
2016-09-09,162.98469664811736,164.11805307079584,160.77763174555298,162.81568908691406,5724665.0
2016-09-12,161.44371205462267,162.05015803812464,160.06181254072433,161.71214294433594,3707645.0
2016-09-14,161.83143287590198,163.04432479835756,159.7237915804285,160.25070190429688,10205775.0
2016-09-15,160.44955480783895,161.40396741354596,159.72381287873415,160.7776336669922,5913325.0
2016-09-16,161.23494846873086,163.0344141027063,160.0021838209924,160.37997436523438,21762045.0
2016-09-19,160.73784029136664,161.4934212776417,158.8886935698965,159.6343231201172,11289775.0
2016-09-20,159.46530918940564,159.72380382310504,157.37755543571564,157.6260986328125,7785335.0
2016-09-21,157.89452568905068,158.22258935174318,156.4132028092642,156.7611541748047,11589240.0
2016-09-22,158.86883465189788,159.4454567622603,157.27815192194123,158.1033172607422,10557490.0
2016-09-23,158.21266736614342,159.7436868864368,157.68575696715536,158.30213928222656,20953255.0
2016-09-26,157.5068045817109,157.92437054738784,155.95589729162342,156.63194274902344,5588885.0
2016-09-27,156.13485560512802,158.719696020459,155.58805748096444,155.9757843017578,7136570.0
2016-09-28,155.68747766252423,157.4372164542843,154.7927129767229,155.5482940673828,9776355.0
2016-09-29,156.5822293374603,158.95830192505596,152.95350437631967,153.61959838867188,275291850.0
2016-09-30,153.50028816943183,155.54829706581162,152.32717144060814,154.4944610595703,12160390.0
2016-10-03,156.87051791740691,157.61614751018283,155.71728900968355,156.6915740966797,4913960.0
2016-10-04,157.25825658161125,158.39162821134852,155.54829320925322,157.41732788085938,5760785.0
2016-10-05,158.03370357624266,158.03370357624266,155.19036896631312,155.5184326171875,5037740.0
2016-10-06,155.4886075434752,157.079289965505,154.59385816225335,155.6874542236328,6813165.0
2016-10-07,155.6079531360315,156.0851519006468,154.12662999123336,155.61788940429688,3702290.0
2016-10-10,156.06524693525074,156.18455799061658,154.89213027491388,155.13072204589844,3748000.0
2016-10-13,154.69329008688905,154.72311405659337,152.16808273952316,153.5698699951172,8820280.0
2016-10-14,154.29561127694404,155.87634234464343,153.22190286212768,155.4389190673828,5165400.0
2016-10-17,155.66757870494183,155.66757870494183,151.90960673789797,152.9534912109375,9600320.0
2016-10-18,154.07689783625838,155.2798536110247,153.08272502632275,154.48451232910156,8136765.0
2016-10-19,154.8921219977214,156.08512629851256,153.5897580844485,153.89794921875,5289465.0
2016-10-20,155.46874363894688,155.6874628633604,153.21196718879258,153.5698699951172,8309335.0
2016-10-21,153.11255684483396,155.71730005588552,152.8938376018478,155.38922119140625,8837230.0
2016-10-24,155.46873877119634,156.98982185798232,154.59386190093483,156.55238342285156,4699655.0
2016-10-25,157.06935589514336,157.67580187040923,155.20030629861137,156.393310546875,16337325.0
2016-10-26,155.6874661358494,163.24317029392589,155.30967561849005,161.354248046875,22158720.0
2016-10-27,161.45366771330524,161.45366771330524,159.26649043743546,160.37997436523438,5474240.0
2016-10-28,160.3700200284843,163.44201049463916,159.06765602198413,162.91510009765625,7209950.0
2016-11-01,163.0244440469623,163.0244440469623,159.86298196896573,160.17117309570312,5877560.0
2016-11-02,159.04776234496862,160.2904783609748,158.25242106075,159.8629913330078,6343860.0
2016-11-03,159.80337007721545,161.2449178625341,158.4711667564866,160.26068115234375,3982285.0
2016-11-04,161.01624704557346,161.45367037205145,157.0992034535315,158.99806213378906,5471590.0
2016-11-07,160.5787936528627,160.64837785998674,159.06764676106812,159.43548583984375,4982960.0
2016-11-08,159.62436550925167,162.1097972471757,157.8746270269069,161.41387939453125,4831750.0
2016-11-09,154.85232933869523,164.91336705645762,151.51190856672645,163.4618682861328,21350670.0
2016-11-10,164.67476509141136,165.71864945829506,161.67235929586025,162.89520263671875,12885775.0
2016-11-11,161.65250517180408,164.13793719984614,160.5589090115163,162.16946411132812,11578190.0
2016-11-15,162.74610756446205,162.74610756446205,155.7868969707598,156.98985290527344,15099270.0
2016-11-16,158.4413029310888,158.4413029310888,152.48621799442296,153.2119598388672,23642440.0
2016-11-17,152.3271672166344,155.52840504770117,152.3271672166344,154.3453369140625,7943505.0
2016-11-18,155.27984859979378,156.0851261226738,153.76870172989527,154.94183349609375,6751805.0
2016-11-21,155.09096785480963,155.27986312745367,149.8616240152188,151.651123046875,10259105.0
2016-11-22,152.14819439509623,153.59969331737003,151.42245251889565,153.0230712890625,8502995.0
2016-11-23,153.500277548564,153.8979557790282,152.10844166662267,152.33709716796875,6888175.0
2016-11-24,151.11428619307807,151.11428619307807,146.51126064744204,147.55514526367188,25374535.0
2016-11-25,148.52940899994093,151.04466494914737,148.12180968448052,149.55340576171875,7835965.0
2016-11-28,148.0124386469985,149.7224169301969,146.3819960013758,149.15573120117188,11504390.0
2016-11-29,148.7282931992994,149.62304286943836,147.67445703174178,148.21131896972656,5050065.0
2016-11-30,148.33059329797734,151.11428044542052,147.13758885475156,150.20957946777344,5668925.0
2016-12-01,150.1200927796609,150.4083962168777,147.37618131318695,148.12181091308594,5755035.0
2016-12-02,147.1375978717201,147.93293927256934,143.1609060373493,143.8667755126953,14225185.0
2016-12-05,144.35391588515563,145.52704790795792,143.75742118989476,145.1094970703125,4639780.0
2016-12-06,145.34805509286366,146.68024295612958,145.19893524618186,145.94456481933594,2480505.0
2016-12-07,146.2527518152802,147.03814160205988,144.06557482982245,146.01414489746094,10661950.0
2016-12-08,146.36212975001285,149.40429627624596,146.36212975001285,148.8574981689453,4133075.0
2016-12-09,149.0265106356891,149.62302043961077,147.70427403710767,148.1814727783203,4055335.0
2016-12-12,148.3305738145216,148.42999715917875,144.8708568326438,145.11940002441406,1977205.0
2016-12-13,144.7515612139779,146.80949095718455,143.7573884451178,145.33811950683594,3430320.0
2016-12-14,145.20890902026628,145.45745227551657,143.85683310490947,144.71182250976562,4262975.0
2016-12-15,142.92227860118484,146.06386834126573,141.57020296430656,144.1053466796875,5216825.0
2016-12-16,144.15506555273905,144.5527286311418,142.6041583091446,142.98194885253906,18907690.0
2016-12-19,142.96206117788344,143.54861952810745,142.2462555007079,143.09129333496094,5084970.0
2016-12-20,143.35971983743906,143.75739807354188,142.54450600070703,142.8328094482422,4583755.0
2016-12-21,142.58427765710647,144.45332759177379,142.58427765710647,143.1211395263672,5372810.0
2016-12-22,142.8626309284106,142.9620542781709,141.47079505100612,141.7988739013672,4205060.0
2016-12-23,140.19825613387667,141.96788255010978,139.9994246027027,141.5205078125,5108450.0
2016-12-26,141.55033996722344,141.9678907577909,140.02925666948676,141.38133239746094,2428280.0
2016-12-27,140.60584858519422,142.3655386482441,140.2976574514696,141.6000213623047,6685225.0
2016-12-28,141.57019348825048,142.94215673718514,140.99358664291648,141.7789764404297,6059835.0
2016-12-29,141.1725415360344,142.16671436375296,140.84446268250247,141.84857177734375,6515615.0
2016-12-30,141.98775819076909,143.7076727856147,141.98775819076909,143.10122680664062,4951835.0
2017-01-02,143.16087081401304,143.35970232283591,140.82455886819676,142.12693786621094,6032775.0
2017-01-03,142.15677781418074,142.65386422705237,140.60585546332757,141.5205078125,6909880.0
2017-01-04,141.7690430751204,141.7690430751204,137.69292865002268,138.30931091308594,21293040.0
2017-01-05,139.75085619375838,139.75085619375838,138.42860475358833,138.9753875732422,10901015.0
2017-01-06,138.7865403165195,142.8626400284856,137.86195164844872,142.53456115722656,18323435.0
2017-01-09,142.76322469664422,144.00594073623938,140.59592003525597,141.02342224121094,7701630.0
2017-01-10,141.39125649175202,142.30589364518184,141.17253726268478,141.69944763183594,4335025.0
2017-01-11,142.1667094013334,145.90479364192052,140.77487355905976,144.83108520507812,17887590.0
2017-01-12,145.63638759997596,145.63638759997596,143.76733777038945,144.7416229248047,5533925.0
2017-01-13,145.44747280600464,146.26268655275712,144.03574935587469,144.70184326171875,5030255.0
2017-01-16,144.37377215960026,146.3820054204613,143.7573898910665,145.38783264160156,3709690.0
2017-01-17,145.7059727991457,146.14341128732164,144.0158819610903,144.35389709472656,3406665.0
2017-01-18,144.1749460936505,147.48554339291726,144.1749460936505,145.36795043945312,5629255.0
2017-01-19,145.34807043912735,146.54107484816024,144.5527291098141,144.7913360595703,4576810.0
2017-01-20,145.6960162440486,145.77555188263045,142.76320973199964,143.76731872558594,5575240.0
2017-01-23,143.65798739543877,147.11770492044215,143.55856403517362,145.696044921875,7285995.0
2017-01-24,146.6404848306574,148.1317439984268,145.96445462280752,147.8036651611328,6033395.0
2017-01-25,148.6288192907023,159.2465764909345,148.14166920444856,158.11322021484375,43862620.0
2017-01-27,158.66999678789225,159.48521065638946,155.18044029078305,156.09507751464844,18546835.0
2017-01-30,156.2839764174169,157.0793177692106,153.3213454311068,154.21609497070312,10917390.0
2017-01-31,154.4944507726801,155.15060847725164,151.72071526862547,153.9277801513672,7003400.0
2017-02-01,154.59386644018872,155.6775111236624,146.96856307989017,154.50439453125,24759335.0
2017-02-02,154.8921379938428,155.18044145477438,151.99909126749392,153.18215942382812,10114765.0
2017-02-03,153.0031923561265,154.53422700832567,151.11427004847002,152.1680908203125,7812880.0
2017-02-06,153.10261461257463,153.8482442291943,152.16808973256488,152.4464569091797,9837780.0
2017-02-07,152.90379695478728,156.07521097239243,152.80437359560148,153.7687225341797,14980555.0
2017-02-08,153.9774875975262,154.3353904111105,151.51192813955743,152.6254119873047,13038340.0
2017-02-09,153.08273169616862,154.99154175402748,152.1084465475464,153.03302001953125,6531395.0
2017-02-10,153.3213310124634,156.3436096612089,153.3213310124634,154.8722381591797,9356480.0
2017-02-13,155.0512030337972,158.2723133315113,154.9915399206138,157.7056427001953,9023340.0
2017-02-14,157.85478280204137,158.34193301799985,156.27405142212345,157.13897705078125,6694845.0
2017-02-15,157.31791675220123,158.07348265467908,155.43893067838394,155.94595336914062,6803720.0
2017-02-16,156.08514144367976,158.76940517338605,155.14068024598902,157.57640075683594,11281025.0
2017-02-17,160.06182539367052,161.25482975393436,157.0991946122094,158.37173461914062,21295865.0
2017-02-20,159.44542786672977,160.06181010719345,158.07346464002333,158.4810791015625,4237005.0
2017-02-21,158.8986286307403,159.18693204656165,157.29800993494663,158.65008544921875,3160670.0
2017-02-22,159.02789773214693,159.95247121256904,157.82494189398992,158.24249267578125,5532555.0
2017-02-23,158.76939258100757,161.93086996248894,157.57638825907748,161.24488830566406,22877735.0
2017-02-27,160.55890430842996,161.5530770905255,158.18283196601652,159.1670684814453,11908390.0
2017-02-28,159.44545399228392,160.74781805949655,158.82905648094984,159.48521423339844,4860945.0
2017-03-01,159.48520108318232,164.47595285958303,159.47526481619158,163.8695068359375,14842915.0
2017-03-02,164.53561585429637,164.77422281276262,161.6028088171524,162.27883911132812,22276865.0
2017-03-03,162.24898580496085,162.44781731613222,159.6641458199892,160.95655822753906,6585175.0
2017-03-06,161.63261543893142,163.48177745137585,161.27471262459142,162.83555603027344,7197870.0
2017-03-07,163.04432463607228,163.24315614433704,161.85132041661194,162.44781494140625,4748770.0
2017-03-08,163.65077666024376,166.81223871744493,162.88525939669535,164.01861572265625,19075645.0
2017-03-09,164.2373350730336,164.5952378694079,163.0443308084099,164.1279754638672,7987745.0
2017-03-10,166.0367777627933,166.80229499210958,164.26715156402074,164.81394958496094,6763985.0
2017-03-14,167.6175354360775,169.29767467815398,165.4303432016629,166.25550842285156,15581710.0
2017-03-15,166.42453157935898,168.70119593597192,166.05669247356633,167.84620666503906,8591550.0
2017-03-16,168.85031176668247,170.27198681842148,168.85031176668247,169.28775024414062,6308725.0
2017-03-17,169.59594766223998,169.89420255969395,167.5280662550665,168.6614227294922,23232470.0
2017-03-20,170.0035621398836,171.3953981011493,168.61172617861786,169.9240264892578,7961440.0
2017-03-21,170.00354801676576,171.2760879813131,169.1982704796555,170.9082489013672,7291645.0
2017-03-22,169.60590613297057,171.97202736584222,168.7111414035045,171.4351806640625,46771635.0
2017-03-23,171.6240523150536,173.68198208670722,171.4053330892912,172.61822509765625,8050770.0
2017-03-24,173.18490227771866,176.24695638490033,171.77317869315166,174.8451690673828,11400145.0
2017-03-27,174.8451798577397,174.97442718672605,170.73925617165662,173.21473693847656,9996530.0
2017-03-28,174.4773467922677,174.9644969823583,170.2024002186531,170.8883819580078,15245650.0
2017-03-29,171.81296612097503,171.94219828115266,169.51641400251907,170.52053833007812,12418935.0
2017-03-30,171.49480290208888,173.37378883143862,170.8684692023481,172.02171325683594,17671925.0
2017-03-31,171.9918812816543,174.97439945416852,171.40532301516242,173.42349243164062,12932155.0
2017-04-03,174.37791147971865,174.93466101731966,173.18490709603546,174.1691436767578,6827130.0
2017-04-05,174.9744310470271,178.27509236877222,174.4972323008274,176.93295288085938,10031640.0
2017-04-06,175.9685993272381,178.45403152112567,175.71011984022854,177.82769775390625,9941750.0
2017-04-07,176.9627563899567,177.59902636793467,172.9860652351262,173.60244750976562,8063385.0
2017-04-10,174.51709397621724,174.9545324537925,172.4889880536735,174.447509765625,4727575.0
2017-04-11,173.5229150840665,176.76392814407285,173.20478767411464,175.18319702148438,7002720.0
2017-04-12,175.1732452071177,175.66039534272227,173.7018737032814,174.85511779785156,5444935.0
2017-04-13,174.77557656581266,175.7697493390313,173.48314892665388,174.87498474121094,4689340.0
2017-04-17,175.96860628001613,176.91306751703559,173.98026044634364,176.48558044433594,6164030.0
2017-04-18,176.96277237993925,177.49961905960564,174.29839634699442,175.30250549316406,6331485.0
2017-04-19,174.79546616575826,175.29255255776206,172.42933008546083,174.0995330810547,4491320.0
2017-04-20,174.29837873638888,177.25105793103515,174.19895539063072,176.7937469482422,4990375.0
2017-04-21,176.96274968090256,178.45400880742702,174.6761493195906,175.05393981933594,6303725.0
2017-04-24,174.57674732878934,178.64291038367384,174.23871705237002,178.10604858398438,15641625.0
2017-04-25,178.7522678001234,179.74644057412868,175.98846870197855,178.55343627929688,12482915.0
2017-04-26,178.8914741041502,183.12664519820206,178.06630877653015,179.02072143554688,18056605.0
2017-04-27,180.53182222276556,182.79853483135136,176.96274576633735,182.26168823242188,35302185.0
2017-04-28,182.43071478617182,182.90791349826588,179.14994140454388,179.33883666992188,6183310.0
2017-05-02,179.35871279194504,182.90790168688108,179.14992983583232,182.51023864746094,12852815.0
2017-05-03,182.93773238238165,183.32545916952716,181.6950163761623,182.32135009765625,5062760.0
2017-05-04,182.38102353480528,182.53015857832386,179.04060183631717,180.03477478027344,7517130.0
2017-05-05,180.73067258242494,181.337118617169,179.00082156223993,180.6014404296875,10979005.0
2017-05-08,180.4423758523842,180.93946228723925,178.95111654781903,180.4125518798828,5339955.0
2017-05-09,180.9394593625045,181.207890280552,180.02482215754043,180.31312561035156,2916860.0
2017-05-10,181.13830071305995,184.846561410481,181.13830071305995,184.4488983154297,9703005.0
2017-05-11,185.5225589883989,187.00388169937068,185.02547266295656,186.2681884765625,11000005.0
2017-05-12,186.90449418626767,191.27884862055,186.41734403281916,189.81741333007812,21542525.0
2017-05-15,189.88700445974277,195.14617188757475,189.7677085783159,193.5256805419922,20779135.0
2017-05-16,193.56545178158518,193.8637066719784,190.30456603166695,190.8513641357422,11986620.0
2017-05-17,191.3583765755134,191.3583765755134,188.0179553558468,189.13143920898438,5935155.0
2017-05-18,188.48522150262596,189.4694580566226,185.93020524085446,187.47117614746094,29135705.0
2017-05-19,187.89864654452364,188.39573291104355,186.0594209204512,186.3775634765625,6210640.0
2017-05-22,187.40155831751122,189.68815861477617,186.37756162623606,187.15301513671875,6930165.0
2017-05-23,187.10331296332993,188.1173734399976,185.96995660818578,186.95419311523438,6853250.0
2017-05-24,186.6261147082698,187.58051207801907,185.4132227080642,186.1290283203125,5071745.0
2017-05-25,186.10914246826812,191.37826126699633,186.10914246826812,190.1852569580078,20721450.0
2017-05-26,190.88117536871982,192.78004903529273,189.3899161861517,191.88528442382812,8166890.0
2017-05-29,191.96482507379542,192.98882185894192,190.28467059043666,192.5812225341797,5551995.0
2017-05-30,192.26307844616875,192.32272638738027,189.99636566089228,191.26890563964844,3162900.0
2017-05-31,191.4677394998241,193.12800628655697,191.3782675869167,192.08413696289062,6755665.0
2017-06-01,191.54727990474836,192.47186853738316,190.6624666809762,191.40809631347656,3786725.0
2017-06-02,191.97477576141006,193.36661162805862,191.57709753531532,191.92506408691406,2249620.0
2017-06-05,192.05429102795443,192.67068846921538,190.77181481203047,192.27301025390625,4172920.0
2017-06-06,192.86952266863338,192.86952266863338,190.90106477762106,192.15371704101562,8500360.0
2017-06-07,192.86952037717478,192.86952037717478,191.6765160686101,192.60108947753906,3319780.0
2017-06-08,192.85958507244447,195.51402460244967,192.05429236952057,194.62921142578125,7549470.0
2017-06-09,194.60934441654342,196.2497236272005,193.97307436981814,195.8719482421875,6917105.0
2017-06-12,196.02105933022503,196.84622461744058,193.28708398831614,194.20172119140625,5963705.0
2017-06-13,193.50578883976777,194.8578644242,193.11806206326963,193.70462036132812,4502130.0
2017-06-14,192.86950776002539,193.29699474826427,191.4776720193966,192.48178100585938,4776295.0
2017-06-15,191.3782598798715,192.81980737486225,190.92093372697303,191.3981475830078,5790430.0
2017-06-16,192.263078871209,196.86610382993348,191.34844170757307,195.38478088378906,20987425.0
2017-06-19,196.10057511135454,197.2041074716278,195.8520319236342,196.3590545654297,4589665.0
2017-06-20,196.84623997470555,196.84623997470555,194.9374297710934,195.46434020996094,3288840.0
2017-06-21,195.44443362033346,197.84039378889833,194.6888677283243,197.23394775390625,5471275.0
2017-06-22,196.84624289212078,199.67964185018477,196.84624289212078,198.4170379638672,8725330.0
2017-06-23,198.6357574817643,199.75916259430718,195.40469540991586,195.89183044433594,7278480.0
2017-06-27,195.85206817058818,197.4228632280774,192.1636799074529,193.8140106201172,7889085.0
2017-06-28,195.6034977932671,195.6034977932671,192.44203558061255,193.3069610595703,6668830.0
2017-06-29,193.60520614918727,194.25141236657893,187.89864912210274,188.5647430419922,13991430.0
2017-06-30,188.09748370009854,191.15953763010768,186.10913817436835,190.03611755371094,9607990.0
2017-07-03,189.50922238452011,189.97648483408878,186.94425463046457,188.6641845703125,6688170.0
2017-07-04,189.3899258091491,191.15955224878905,187.5506999892473,190.642578125,7190025.0
2017-07-05,191.0203717006611,191.5373458326844,189.70807142075444,190.8513641357422,6196350.0
2017-07-06,191.23905015032116,191.44783308002442,189.69807952021236,190.50335693359375,4020510.0
2017-07-07,190.28466972351637,192.37243869199898,189.70806284333366,191.81570434570312,6117550.0
2017-07-10,191.07999660347173,193.42624486450373,190.88116509047688,192.4718475341797,1770385.0
2017-07-11,192.84963043275468,193.05841339001677,189.93671148677868,190.63262939453125,6674495.0
2017-07-12,191.00069375531692,191.59757699505082,189.25980201535958,190.3341827392578,8322240.0
2017-07-13,191.00072106938086,192.55259949936982,190.36405260632452,191.4185333251953,13936220.0
2017-07-14,192.7813994796802,195.66631533099573,191.74681891259112,194.42282104492188,18855700.0
2017-07-17,195.57678039462002,196.96948787349146,194.26364318936433,194.9202117919922,12766270.0
2017-07-18,195.33800306441617,196.37258348345327,193.25888455867923,194.40289306640625,5482015.0
2017-07-19,195.47729714074967,198.5611689689179,194.1940177468415,197.80511474609375,24951875.0
2017-07-20,199.34705550297357,202.22201368694755,194.0845943600372,194.9799041748047,53447685.0
2017-07-21,195.95479684696704,199.45648096246782,193.06989621152857,198.8496551513672,10520095.0
2017-07-24,199.87430224813613,200.6303413340937,196.48204608230344,197.55642700195312,11131900.0
2017-07-25,198.9590600480738,198.9590600480738,195.59664707586242,196.5615997314453,6503275.0
2017-07-26,198.0637579521273,198.0637579521273,195.49718415746662,196.28306579589844,9083305.0
2017-07-27,197.6658358359642,199.95386820956006,195.47728907054005,198.59100341796875,12824215.0
2017-07-28,198.30249781754998,202.44085004129607,197.9642710477539,201.48583984375,6524320.0
2017-07-31,202.54034415477537,205.26607376388392,201.51570613422578,203.26654052734375,12323035.0
2017-08-01,203.73407731144624,203.73407731144624,201.14760349987108,202.0031280517578,10319740.0
2017-08-02,202.1026264341173,203.5848617870424,199.99364997551749,201.12771606445312,5595360.0
2017-08-03,200.92872654746165,200.92872654746165,197.76528515578593,198.24278259277344,5760575.0
2017-08-04,198.76013172312494,198.87950231839037,196.68101289892564,198.2030487060547,5936375.0
2017-08-07,198.98891464173988,199.34704157850632,197.82500589209215,198.541259765625,3096200.0
2017-08-08,198.95907463482297,198.95907463482297,194.99979329981437,196.51187133789062,6113210.0
2017-08-09,196.77053736642105,198.89939896080006,194.84063182042473,197.44699096679688,5656995.0
2017-08-10,197.94439109079315,199.45648439980937,195.58673077099797,198.32241821289062,12475820.0
2017-08-11,196.75062745636393,198.45173422137813,193.69661355765123,197.40719604492188,7108715.0
2017-08-14,197.46686757301634,198.9590605269686,195.0296221174353,195.49717712402344,13331735.0
2017-08-16,196.969493020997,199.95387927889087,192.50285612377468,199.06851196289062,15736385.0
2017-08-17,199.55595308440903,199.55595308440903,195.37780047504287,196.77052307128906,5380385.0
2017-08-18,195.57679015581922,196.0045449101885,194.18406742806422,195.68621826171875,4780900.0
2017-08-21,196.65112412110187,197.30769265047613,192.49288712714096,192.9007568359375,4226245.0
2017-08-22,193.96518409475217,194.47253941451436,192.25413495777778,193.1494598388672,6030490.0
2017-08-23,194.58197415657784,195.77572552613182,191.79654417470383,194.99978637695312,11772595.0
2017-08-24,195.95478525861643,195.95478525861643,192.20441769020994,193.40811157226562,6683200.0
2017-08-28,194.9798971851088,195.56682282440218,193.4877040944064,194.1940155029297,3109530.0
2017-08-29,193.98509040405094,194.16414627832526,191.39861646024806,191.87612915039062,6573825.0
2017-08-30,192.99031211829956,194.25370655610268,192.18453025413424,193.2589111328125,4986645.0
2017-08-31,193.8856098693708,195.158946717641,191.7070207785299,194.18405151367188,12623030.0
2017-09-01,194.78093496811417,198.5810453587074,193.48769796129014,197.47682189941406,9741665.0
2017-09-04,198.5611486541455,198.68051923316887,193.62695726976762,194.6018524169922,3515510.0
2017-09-05,194.60187740476692,197.1684514389305,194.15422249657678,196.65115356445312,4257605.0
2017-09-06,196.37259218155134,200.54078704531332,194.9898272792425,198.1930694580078,8690700.0
2017-09-07,198.76011347356982,199.89417956258598,196.61135187984266,197.66583251953125,7573850.0
2017-09-08,198.1632221683656,201.10782295674974,197.27785495208778,200.46119689941406,10382690.0
2017-09-11,200.9486577761418,201.94345311166725,199.17792329325627,200.25230407714844,6619590.0
2017-09-12,201.34659000500577,203.84353626206115,200.3816372185489,203.2864532470703,8247545.0
2017-09-13,203.33616329385546,203.9529467322997,202.06282646129736,202.9680938720703,5553885.0
2017-09-14,203.29639148112904,204.22154393036342,199.43658041610112,200.47117614746094,7420430.0
2017-09-15,200.5308314811012,201.2868704184587,198.46165550692302,199.9637908935547,26642480.0
2017-09-18,200.45127078307644,203.92311215352137,200.45127078307644,202.35133361816406,4696890.0
2017-09-19,202.93826175930664,207.99182421679848,202.06283694922,205.79331970214844,9883090.0
2017-09-20,205.82315268997164,206.310607878051,202.98799503843173,203.57492065429688,9855460.0
2017-09-21,203.33616278832693,206.32054882834763,202.93825072140646,204.75872802734375,4619805.0
2017-09-22,203.88330965178062,205.12680387407661,202.7393010390174,203.3162841796875,9229780.0
2017-09-25,203.13721175490753,203.27648249969496,197.96427886075236,198.85958862304688,9283005.0
2017-09-26,199.15801188473438,200.45124878372948,197.0490507499669,197.7653045654297,6688165.0
2017-09-27,198.46166817227012,199.96380365476446,194.3830012508656,194.90029907226562,10204425.0
2017-09-28,195.47727935605408,201.86386345547533,192.59237901491448,200.00360107421875,29040390.0
2017-09-29,201.74448270735314,201.94343872440936,198.64071115966573,199.40670776367188,8302165.0
2017-10-03,200.17272486767885,200.94866403922308,197.99412058627675,200.2622528076172,10665535.0
2017-10-04,200.67011054269548,206.3603409130939,200.67011054269548,204.8184051513672,11278920.0
2017-10-05,204.72888531774308,206.370291567496,202.98799346160473,205.48492431640625,6984945.0
2017-10-06,205.3257392125956,207.5441436106581,204.65922819816808,206.81793212890625,5329765.0
2017-10-09,206.3404481510627,209.66306095246637,205.94253608575139,208.89707946777344,7730920.0
2017-10-10,209.49396042880153,211.09558163598442,207.79286878886938,210.03115844726562,8013085.0
2017-10-11,210.249999683771,210.32956995255688,206.55930231972494,207.6834259033203,6646800.0
2017-10-12,207.5740129511127,211.3940236651175,206.51953225000054,210.41912841796875,5883605.0
2017-10-13,210.49870471493134,216.62663260980858,209.40442374475367,215.34335327148438,8775575.0
2017-10-16,215.34334155920823,218.59632646692614,214.45797434217226,215.37318420410156,12871020.0
2017-10-17,215.37318338571674,216.36797869003877,213.30400733120234,214.5972442626953,8393690.0
2017-10-18,214.6768324963796,221.84929823323554,214.37839086533307,218.0392303466797,13769970.0
2017-10-19,217.66124682360805,217.66124682360805,213.00559623871303,214.42816162109375,1389580.0
2017-10-23,214.8758146860977,215.4428553720632,210.5086633188654,211.20501708984375,9697690.0
2017-10-24,212.9757226675089,214.1595315061741,210.69764810372527,212.03067016601562,6527360.0
2017-10-25,213.18464804046135,213.88100175448517,198.6606297565473,201.05809020996094,41250615.0
2017-10-26,203.21680382972153,204.04248583622075,196.00453715373996,202.7194061279297,18399545.0
2017-10-27,203.6345857245672,207.91220835824254,203.52515763930907,204.72886657714844,13202490.0
2017-10-30,204.52992849944022,205.72367987462232,203.0377354856195,204.708984375,7818575.0
2017-10-31,205.1268174294063,205.9226568201415,203.34614026433053,203.94300842285156,4869915.0
2017-11-01,205.32576192493792,206.32055731251876,202.4508038620042,203.80372619628906,8287185.0
2017-11-02,203.53512027806926,205.60428110179214,202.44083939875986,202.8487091064453,6437875.0
2017-11-03,204.41054080332128,204.41054080332128,200.6800583040474,202.04293823242188,14712095.0
2017-11-06,201.94344863749475,202.73928792415728,198.8595770939419,200.89891052246094,13967505.0
2017-11-07,201.14761208003924,204.11209790422367,200.51094367794514,201.605224609375,9254445.0
2017-11-08,201.60521517431252,203.13719322724617,200.3517634061773,201.22718811035156,7256175.0
2017-11-09,201.22720769999424,201.94346158597907,199.47637330057177,200.0235137939453,8242040.0
2017-11-10,199.17792841514682,200.69996410329037,196.96948149914,197.64593505859375,9269145.0
2017-11-13,196.9694767464157,198.76011138907575,195.48722622955808,197.9045867919922,10662040.0
2017-11-14,197.76531577004576,199.59573554465678,197.46687413346584,198.79989624023438,6867825.0
2017-11-15,198.56117149625408,201.82409925280788,198.53132884806521,201.2471160888672,6669770.0
2017-11-16,200.94864254219863,204.2215122690369,200.5606729979306,202.43089294433594,6535720.0
2017-11-17,204.43044526599124,204.92784294303746,201.814128627329,203.57492065429688,9213165.0
2017-11-20,203.57489947602227,207.29543917784733,202.31150525753387,207.02684020996094,6242135.0
2017-11-21,207.37505627054398,208.9070345113698,204.3807123944155,204.89801025390625,12199665.0
2017-11-22,205.42524163528424,205.98232460762947,202.7591973592399,204.18174743652344,7727380.0
2017-11-23,205.26606909528968,205.26606909528968,202.21205526079996,203.35606384277344,6169625.0
2017-11-24,203.93304400354123,206.22107631360174,203.12726220959263,204.9974822998047,5882820.0
2017-11-27,204.90794113083214,207.25565875470426,203.63460430222753,206.21112060546875,4854085.0
2017-11-28,206.1216043486769,206.91744370649963,204.15191370207992,204.89801025390625,3673385.0
2017-11-29,204.7089877624482,205.49488459651366,203.33616530961706,204.18174743652344,7073210.0
2017-11-30,202.75917769487745,203.01781899856158,198.19305590354466,199.01873779296875,14002640.0
2017-12-01,199.55594890825472,201.2968407326011,199.1878643148485,199.98370361328125,14397975.0
2017-12-04,200.1527989194282,201.14759415777465,197.46685481176698,198.55117797851562,11121745.0
2017-12-05,198.6606155002007,199.98369505158496,197.99410448036738,198.92921447753906,9118205.0
2017-12-06,198.95907777777438,201.05809665550484,198.22292372542236,198.88943481445312,8877305.0
2017-12-07,199.55594625900406,200.15281434037573,197.79515430124533,199.27740478515625,5137600.0
2017-12-08,200.31199768849677,201.34657820149056,199.55595866666948,200.7497100830078,9422800.0
2017-12-11,200.7497083869133,201.2272059135398,199.36694343195765,200.6502227783203,5423855.0
2017-12-12,199.9538757194216,200.3319028294249,198.50146775417724,199.03866577148438,9131050.0
2017-12-13,200.15281897942089,204.33095636334883,197.5763026969254,201.92355346679688,14278380.0
2017-12-14,202.3413676526645,204.3409160163619,200.53084801310413,203.8634033203125,7305950.0
2017-12-15,205.42525145116622,206.32056124530575,203.0377485472119,204.94775390625,47593060.0
2017-12-18,204.70898675078732,206.51952158133432,198.87948536863087,203.57492065429688,9946515.0
2017-12-19,203.9131443347616,204.57965539035635,201.44605614430495,203.20684814453125,5162930.0
2017-12-20,203.20684669708191,203.35605992511782,200.62037276239758,201.48583984375,9901635.0
2017-12-21,200.95860460251217,201.94345747051392,200.31199369221272,201.05809020996094,10774280.0
2017-12-22,201.74449973111268,201.84397015834884,200.19262141600274,200.95860290527344,5060680.0
2017-12-26,200.92877475536335,203.07753650640421,200.36174925902876,202.19216918945312,8160215.0
2017-12-27,202.28166532436106,203.33614587542687,200.97848595731287,201.75442504882812,2804730.0
2017-12-28,201.5455659007449,201.8837927134792,199.47638952618786,199.90414428710938,5178750.0
2017-12-29,199.60566899110404,201.3465607496886,199.4564557692597,200.98843383789062,5952110.0
2018-01-01,201.31671436418097,201.38635731932845,198.3223860596339,198.94911193847656,6587075.0
2018-01-02,199.15802127034843,200.15281659655335,197.4668722516745,199.59573364257812,5361035.0
2018-01-03,199.4763710717497,200.33189569381844,198.58104613458605,198.97897338867188,4420105.0
2018-01-04,199.15803636227565,199.53606347227895,198.18314111894276,199.03866577148438,3919750.0
2018-01-05,199.45647461048102,200.29209909048788,198.28262334276272,199.56590270996094,10737010.0
2018-01-08,200.71986999229435,201.56543696575673,199.69523195544562,200.1727294921875,8902060.0
2018-01-09,200.94865332400957,203.06757219913203,198.16322341037665,200.89891052246094,6210530.0
2018-01-10,200.47114598294792,200.8392153734705,198.97895308596952,199.40670776367188,3384405.0
2018-01-11,199.69524573446324,203.13722951922753,199.1680053559914,202.47071838378906,10388690.0
2018-01-12,203.43565345408751,204.1121070205499,202.1623165930279,203.60476684570312,11603980.0
2018-01-15,203.9330552310564,207.19598290040344,203.0079028031804,206.5891571044922,17556860.0
2018-01-16,207.62375416083626,207.71328210359175,204.43045425486528,205.574462890625,5790935.0
2018-01-17,204.53987414240132,205.75352569337375,203.29637994504208,204.35086059570312,8017325.0
2018-01-18,205.52473358426408,209.06620274290492,205.20639177346027,208.21067810058594,18241070.0
2018-01-19,209.44420649350218,211.67255354402778,207.52425875241948,211.00604248046875,21521570.0
2018-01-22,211.09556079206004,214.51765907169306,207.71326282509537,213.70193481445312,15949650.0
2018-01-23,214.2689769290836,215.6218992570873,212.93595475896356,213.9705352783203,12292315.0
2018-01-24,213.1348989378959,215.6716300591455,213.07521364693955,214.89569091796875,5840000.0
2018-01-25,214.07996165106778,218.45707040842447,208.92692889498102,217.33294677734375,20306595.0
2018-01-29,217.2633032463133,222.73467779415827,217.06434720772077,221.85926818847656,11075070.0
2018-01-30,221.45140935781453,222.4362622895429,215.66169271935587,216.47743225097656,13464675.0
2018-01-31,215.67164654420878,221.48124805839478,215.5025331471154,220.6356658935547,15715055.0
2018-02-01,219.86966353254172,225.0226959491055,219.86966353254172,223.02316284179688,19281415.0
2018-02-02,221.83935928683377,221.83935928683377,214.46792222532957,216.05960083007812,11409100.0
2018-02-05,213.8810154158661,215.08472455364253,209.0662092235074,211.3442840576172,11852655.0
2018-02-06,206.05196827305667,208.78765551967984,202.58012699367714,205.6838836669922,16672600.0
2018-02-07,206.32054515294092,208.90701907996552,205.12679379407268,206.1812744140625,17681475.0
2018-02-08,206.18128918288778,210.10078548841372,205.04722303382366,209.25521850585938,9196485.0
2018-02-09,206.91743856378122,208.01171955101188,204.5299357290252,205.3257598876953,9492815.0
2018-02-12,206.42002551690345,208.1111744973122,205.45507285796867,207.5043487548828,3864305.0
2018-02-14,208.90702751053695,209.37458254836272,206.2807683432937,207.40489196777344,5936665.0
2018-02-15,207.61378331676607,208.40962262040338,205.5247222215118,207.34518432617188,4543530.0
2018-02-16,207.51430015912737,211.29451005557306,207.0865302981766,208.94679260253906,8278030.0
2018-02-19,210.69766220160366,210.69766220160366,208.22061626808394,210.1405792236328,5940840.0
2018-02-20,210.14057199197393,211.97099176499358,207.2556564133723,208.07139587402344,4176755.0
2018-02-21,208.4494080643166,211.05578216708236,207.42477008240058,209.91175842285156,17860140.0
2018-02-22,209.40442449396306,214.37840132279828,209.0363550660285,213.38360595703125,25711650.0
2018-02-23,213.38360022155842,215.5323617969088,213.37365773274217,215.04490661621094,11364270.0
2018-02-26,215.07474494178203,220.76497538107256,215.07474494178203,219.87960815429688,9089990.0
2018-02-27,219.84977404274846,219.84977404274846,216.48736087646017,217.4722137451172,5170600.0
2018-02-28,216.86537964694,217.89996010027699,215.78105639175456,216.9748077392578,4434510.0
2018-03-01,216.4873423602675,219.6010564208245,216.06953016731075,217.9994354248047,7402970.0
2018-03-05,216.8653897372159,219.62097715061495,215.03496990725398,218.85498046875,12045605.0
2018-03-06,219.8497567185647,220.0387702503253,213.9406703310043,215.3632354736328,12020755.0
2018-03-07,215.3135197735664,218.37749144087843,213.54278516794832,215.8905029296875,14829560.0
2018-03-08,216.60672600436504,217.48213551372834,213.74171078986794,215.33338928222656,8758330.0
2018-03-09,215.8705756014866,217.24339794427738,214.20926930663106,215.3632354736328,8224955.0
2018-03-12,216.36800606469637,219.84979007033516,215.57216668467564,218.974365234375,6277370.0
2018-03-13,218.8450176459836,220.546109062942,214.66686535447116,215.65171813964844,6900820.0
2018-03-14,214.87578408027696,215.8805218653378,212.88619348694107,215.22396850585938,6045500.0
2018-03-15,215.87061070011228,217.25337575594725,214.60721623979938,215.99993896484375,6840855.0
2018-03-16,215.2040744956543,215.27370227513632,210.18035506813587,211.0458221435547,13624550.0
2018-03-19,211.83172566016196,212.0107815382487,207.9619723302166,208.70806884765625,9400115.0
2018-03-20,208.4892216861824,209.19551791950528,206.63890163560512,207.971923828125,4935780.0
2018-03-21,209.8620390520613,211.28458915264034,208.0216615360085,209.12588500976562,8705805.0
2018-03-22,209.12588539057046,210.79713433801757,208.5290020925549,209.51385498046875,8826575.0
2018-03-23,207.09649265341972,208.2703590822331,204.60950423066635,206.67868041992188,9807460.0
2018-03-26,206.91741417876045,207.09647003954782,204.69902499812554,206.7880859375,39086245.0
2018-03-27,207.51430206798244,210.49868791644218,207.51430206798244,208.87716674804688,10743090.0
2018-03-28,207.7232028461408,210.29971901374168,207.03679166479714,208.46929931640625,29636940.0
2018-04-02,208.71800810168097,218.94450299453442,208.71800810168097,218.16856384277344,13330135.0
2018-04-03,217.7606861929319,219.8696625615064,216.36797883767943,219.51153564453125,6725650.0
2018-04-04,220.62572546724775,221.20270862827715,213.88101378187162,214.53758239746094,6525390.0
2018-04-05,217.24340780472082,223.03310869958463,215.7710997954281,222.4959259033203,9938470.0
2018-04-06,222.0383041601473,223.43102666416095,219.2528743314914,222.6749725341797,6466925.0
2018-04-09,222.814276745927,226.3159609189414,221.8393814721931,222.48599243164062,9255470.0
2018-04-10,222.83416464379636,225.79865061963676,220.92415933980286,221.57077026367188,5992515.0
2018-04-11,220.8445786448228,224.62480419804123,220.8445786448228,224.04782104492188,4416230.0
2018-04-12,223.55042107514467,226.28610839544186,221.54093013873828,225.7389678955078,6722045.0
2018-04-13,226.59448643777577,230.20559846076117,226.23635950012954,229.02178955078125,14760390.0
2018-04-16,228.30552942667452,233.7769037702332,227.8081317590783,233.19992065429688,8126910.0
2018-04-17,233.97586621470194,234.27430785931443,230.91189467680064,231.75747680664062,4562910.0
2018-04-18,232.28470815936976,232.28470815936976,229.0317231995904,229.58880615234375,4448050.0
2018-04-19,230.7925242379895,231.90669018725643,229.0217897060306,229.57887268066406,3303645.0
2018-04-20,228.97203736332503,231.58835391667122,227.81807114715838,229.36996459960938,6090280.0
2018-04-23,230.53386924379205,234.20465116536164,229.44953082596726,232.58314514160156,6770770.0
2018-04-24,233.26957690459633,233.26957690459633,229.52913651635959,231.9862823486328,4961760.0
2018-04-25,231.58835819634618,232.88159517426794,228.9322564599737,232.35435485839844,6258845.0
2018-04-26,232.58316403488837,237.30844211335423,231.00144301588298,235.90577697753906,15984510.0
2018-04-27,236.76131788187598,240.14361635129606,234.46334281348703,236.5126190185547,9081330.0
2018-04-30,238.54195958316453,242.49129815962482,237.4377361870872,240.95932006835938,17153405.0
2018-05-02,245.11757235467684,256.33886287997836,243.36673797334797,250.06170654296875,44457135.0
2018-05-03,249.69361414963655,251.32507779427607,243.89395587196705,245.4259490966797,14888205.0
2018-05-04,246.74906219166147,246.7590198611808,241.55624379293616,245.40609741210938,9572795.0
2018-05-07,245.71447116722416,248.44021610952416,244.60030514321767,247.71400451660156,11527340.0
2018-05-08,248.20142455914956,248.20142455914956,243.884016648745,247.07730102539062,13371440.0
2018-05-09,247.04748016777324,249.7533248063215,245.29664576963083,248.92764282226562,8356080.0
2018-05-10,249.59413864468607,250.68841956373686,247.2862214054679,248.20143127441406,4922335.0
2018-05-11,248.69882494805324,253.15550364089827,248.31085538830914,252.1408233642578,7081180.0
2018-05-14,252.2801145200254,256.2891386883512,249.94233930453237,252.99636840820312,8371965.0
2018-05-15,253.47384571339643,259.5321606323959,250.5392026115208,255.43357849121094,19896975.0
2018-05-16,253.0759164663784,257.26399614944256,251.6832091279329,254.94613647460938,6905970.0
2018-05-17,255.66239115564224,257.8509529510555,251.6832099703404,252.81727600097656,11007855.0
2018-05-18,252.28010509355494,258.0598636085332,252.08113388142792,257.5326232910156,16842745.0
2018-05-21,258.636802354688,258.636802354688,252.5884607089475,254.00106811523438,9994395.0
2018-05-22,254.0309312598014,255.51318173797335,250.41981942296542,251.22560119628906,6788225.0
2018-05-23,250.68842753342565,251.67328039188104,247.10715821119922,249.76327514648438,7563955.0
2018-05-24,248.79831027586243,254.5780685325924,247.93282804402335,253.7623291015625,7862165.0
2018-05-25,254.25978204742478,260.0096989100377,253.17545857907518,257.8211669921875,5328215.0
2018-05-28,258.6467830498099,260.57668839818876,256.61739209774004,258.0797424316406,7639045.0
2018-05-29,258.06981484804606,258.82583864605755,254.35921738139757,255.51318359375,5472950.0
2018-05-30,254.04087788215574,260.31803396889103,252.7376984320566,259.29339599609375,10222160.0
2018-05-31,260.01961741268605,278.5427022552617,258.93529410767036,265.5307922363281,33424490.0
2018-06-01,262.0290866497047,265.41138473609146,260.0693386143175,262.2280578613281,11663440.0
2018-06-04,265.4114398526048,265.4114398526048,257.25413458071864,259.4327392578125,7310235.0
2018-06-05,259.4326654442318,261.16359948909604,258.08968576584925,259.5818786621094,10427190.0
2018-06-06,260.03951264725936,262.8150003260788,258.6468051528013,261.7704772949219,5151345.0
2018-06-07,263.42180865291147,265.5506853720293,259.94002476776257,260.7259216308594,10246015.0
2018-06-08,260.2384956259003,263.61083641270227,258.89551569750665,262.2977294921875,9240235.0
2018-06-11,263.4218088865444,264.5857328584605,262.4270134899053,263.2925109863281,6556110.0
2018-06-12,264.4166025470901,265.1428141110172,262.6458679670485,264.4762878417969,4888760.0
2018-06-13,264.89410011418295,264.93390042795994,261.1636176146261,263.7500915527344,7476990.0
2018-06-14,263.61079847604543,266.21715732089945,262.52647523533295,265.1427917480469,7921145.0
2018-06-15,265.1328554730932,267.5004733502934,263.0935370743261,266.60516357421875,8291175.0
2018-06-18,266.6051482897233,266.80411949910877,260.98456075014025,261.69085693359375,9018440.0
2018-06-19,261.6908563780017,263.0537211190409,258.68658541862135,259.29339599609375,8084725.0
2018-06-20,260.43741172239424,264.29722255610994,258.45777868129835,263.54119873046875,5626690.0
2018-06-21,265.01343733962443,265.01343733962443,260.8552006562794,261.4222412109375,4577330.0
2018-06-22,262.2778150230472,263.4218237218609,260.32802443627565,262.904541015625,6336050.0
2018-06-25,262.82497430388645,265.6103894656448,261.63120760099093,264.2176818847656,5256485.0
2018-06-26,263.02388787114796,267.02298465948337,262.6558184442852,264.5857238769531,8185110.0
2018-06-27,265.0134565775769,266.5653347860132,262.6458389532659,263.4615783691406,6542350.0
2018-06-28,262.42701992126564,268.5748786958097,261.0542277416072,266.4261169433594,21541805.0
2018-06-29,265.8092975363147,270.58430249568323,265.67001163195204,267.1920471191406,11526965.0
2018-07-02,268.36597358408284,269.47021238582965,265.0135175755244,266.19732666015625,6508435.0
2018-07-03,266.0082662068834,269.9874475423902,264.1380461217961,269.2214660644531,7436185.0
2018-07-04,269.60944225573303,272.55405854037286,267.86855028069965,271.6288757324219,6738890.0
2018-07-05,273.17081072079463,274.07607813744426,271.2807056168947,271.5791320800781,9070555.0
2018-07-06,270.22623933043025,273.92684910556164,270.22623933043025,272.81268310546875,5210920.0
2018-07-09,273.5488557525128,276.1054569114312,272.0765476005165,275.5782165527344,9378320.0
2018-07-10,275.78715446908166,276.27459452643745,271.81789996615555,273.001708984375,7380115.0
2018-07-11,273.0813232196362,276.6644206714072,272.1158779392179,276.087158203125,7236090.0
2018-07-12,277.66964746526463,278.7843819878305,275.14156928957846,276.6544189453125,7998395.0
2018-07-13,275.74871605816446,281.05369867448127,275.74871605816446,279.55078125,7195995.0
2018-07-16,280.63566427189494,282.0689032204838,278.32658407627184,280.366943359375,7525645.0
2018-07-17,280.36692387931276,281.82005785496915,277.33126166917816,278.8042907714844,7246275.0
2018-07-18,279.4810864045954,280.2673843248306,277.1321857684604,278.3962097167969,6865075.0
2018-07-19,280.2773314404825,280.2773314404825,265.51697091112146,268.2142639160156,30066400.0
2018-07-20,266.7412035937635,272.02626008577556,264.94967034618674,265.4075012207031,16529215.0
2018-07-23,264.7506107566901,268.9308957078069,263.21783555804876,266.15399169921875,9788330.0
2018-07-24,267.13935100603203,268.52283692077344,259.8039718804929,261.2173156738281,15629820.0
2018-07-25,260.5703009252736,262.2623280949352,257.58439206650775,261.7447814941406,15585390.0
2018-07-26,261.0978603985718,263.2576815856992,257.65412002514955,261.01824951171875,18322485.0
2018-07-27,261.3765252062812,264.15342928245815,259.90349609896384,260.9883728027344,9429105.0
2018-07-30,260.3513313681343,260.3513313681343,255.892393607542,259.8238220214844,8601690.0
2018-07-31,259.53524419498797,261.48602975206404,256.22086788643173,260.1423645019531,9138695.0
2018-08-01,259.74425160649406,263.9742897877562,259.74425160649406,261.306884765625,8422445.0
2018-08-02,260.69972153473987,260.96847279871963,254.14067805654759,254.83740234375,10325285.0
2018-08-03,258.18160323279244,261.56562750353453,256.65879079224663,260.66986083984375,13728745.0
2018-08-06,261.55569893288225,261.56563130897285,254.5985250949862,255.35494995117188,9478805.0
2018-08-07,256.19099177415876,258.5598178262693,253.6330709050583,255.53408813476562,8756960.0
2018-08-08,256.39011333881626,258.7191192086496,255.3052364832685,256.4498291015625,7585360.0
2018-08-09,257.1863088848404,257.1863088848404,252.82689173714593,254.2501678466797,7113895.0
2018-08-10,253.4141456458621,256.76832772118735,253.20512529376686,255.8924560546875,7697420.0
2018-08-13,253.80230683165578,257.03704211480436,253.80230683165578,256.22088623046875,9906555.0
2018-08-14,256.7881880689962,258.5399311647271,255.79288501446518,257.3853759765625,8026645.0
2018-08-16,252.80698458995863,253.20509975068543,247.38258579267682,247.91009521484375,28747470.0
2018-08-17,249.22390105701265,253.59328124948337,247.83048273096395,251.4633331298828,16269850.0
2018-08-20,251.46331757433626,254.84734197804457,251.1050078573573,253.7525177001953,5273715.0
2018-08-21,252.6577126391714,253.32456393232886,250.86616391801357,251.49319458007812,5717355.0
2018-08-23,251.61261763044976,251.61261763044976,246.43704473478928,248.367919921875,15759965.0
2018-08-24,248.60680774340548,251.60266461475914,247.30296310898618,249.72154235839844,11071805.0
2018-08-27,250.8263277404792,255.78293290586686,250.47798076917218,253.78237915039062,12497515.0
2018-08-28,254.67817537718025,257.7835163513409,253.8321616231866,255.81280517578125,8043980.0
2018-08-29,255.22557195387157,257.78350826391426,253.8022957810739,256.509521484375,7367820.0
2018-08-30,255.19569128213624,255.19569128213624,251.49316278882046,254.40940856933594,11864215.0
2018-08-31,253.91176300020504,257.58441851643283,253.91176300020504,256.24078369140625,7848165.0
2018-09-03,257.18632846618686,257.7835164323844,251.81169751889283,252.6278533935547,10383735.0
2018-09-04,252.80700113415656,253.86202004753298,249.04475642673603,250.33865356445312,10007445.0
2018-09-05,250.21920081073955,252.01074948218934,244.36682873349758,246.4669189453125,11312730.0
2018-09-06,247.23328466118252,251.73205893824144,246.4669122067514,250.9955291748047,14738165.0
2018-09-07,250.21919506912903,250.81638300828254,246.4569505389744,247.82052612304688,7261450.0
2018-09-10,247.0342317932646,247.13376818029275,241.8586585973302,243.52081298828125,12189100.0
2018-09-11,244.24738790888327,244.3767821787778,239.61923431778072,240.14674377441406,11436865.0
2018-09-12,240.06708032332207,245.59101500524054,238.87271976193608,244.92416381835938,10526440.0
2018-09-14,246.8351791065813,247.76080373841307,244.55594159474478,246.74560546875,9606245.0
2018-09-17,244.37674413148122,246.61617587924937,243.18238357009525,244.92416381835938,9308395.0
2018-09-18,244.43648106930755,245.6109466072417,240.96288302143276,241.91836547851562,11353325.0
2018-09-19,242.25678210246946,245.64082194523866,242.25678210246946,244.2274932861328,10385120.0
2018-09-21,244.24738887342178,248.02954391085993,227.52630797042522,234.9313507080078,22665640.0
2018-09-24,234.8915419193941,235.4787671292836,227.78507808067351,228.66094970703125,17288950.0
2018-09-25,228.12346484107437,237.10110295151352,222.97774969611234,235.55838012695312,18880355.0
2018-09-26,236.10578737662865,236.61338645754356,231.16907763653626,232.78147888183594,12230885.0
2018-09-27,233.2990544702007,234.32421550933256,226.72009997959822,227.4168243408203,19836580.0
2018-09-28,228.32253365266956,231.50751584215706,225.60536033986662,227.24761962890625,17108015.0
2018-10-01,216.9760893952909,225.0977668450879,199.49856829412334,223.3460235595703,52675400.0
2018-10-03,222.3308080939498,226.6404722765238,216.19973744249666,218.61831665039062,14809870.0
2018-10-04,215.98076753486268,217.88180005530867,210.3274533518782,213.890625,17195555.0
2018-10-05,213.13420224333612,216.76705243264013,207.11261553519455,209.4515838623047,18835195.0
2018-10-08,209.02360219715558,222.31090488798068,207.8491518085574,219.82264709472656,20339050.0
2018-10-09,220.1610386982442,224.24178740924145,216.08030517436669,220.64874267578125,15574240.0
2018-10-10,221.65402033739062,228.24293787047648,221.40519453656572,226.4812469482422,16926305.0
2018-10-11,218.96667954019415,222.94789189547043,217.9713764513751,222.06207275390625,11416085.0
2018-10-12,223.34600216619282,233.5279634766134,223.34600216619282,232.33358764648438,31383075.0
2018-10-15,232.90093539526777,235.6479666017972,230.4126775384807,232.99050903320312,15909195.0
2018-10-16,233.19951844837956,235.22993008204486,231.45773803024397,234.04551696777344,18427010.0
2018-10-17,235.8868397938065,236.6134068201026,233.34881379657566,234.0952911376953,23964220.0
2018-10-19,231.90562535106065,240.06710784101298,231.02975375165886,238.66372680664062,17833920.0
2018-10-22,239.90786162094795,242.69471344384,230.41267636993675,231.70657348632812,21713015.0
2018-10-23,228.91971164143166,234.8517247645598,227.63577733238424,233.7867431640625,11187685.0
2018-10-24,235.88683548643954,237.8873892567461,229.7059965325,234.3142547607422,21549170.0
2018-10-25,233.49810809409598,237.7181834236216,231.90561709499065,236.04608154296875,18069465.0
2018-10-26,235.88682116596587,237.47931210944455,229.37754594776914,230.63162231445312,9211060.0
2018-10-29,229.33772434844093,229.4969764795371,218.6581269958794,226.55087280273438,18556500.0
2018-10-30,226.92911811651305,228.1234788586495,222.0123181273826,223.70433044433594,9753165.0
2018-10-31,224.75936048159613,225.93381088713875,220.36010727498666,222.77870178222656,13824200.0
2018-11-01,223.68441578885307,224.2915512646128,219.1856416928486,220.86770629882812,13346585.0
2018-11-02,222.59953866600992,228.12347406789527,221.4549461428166,225.57550048828125,19503550.0
2018-11-05,225.93379702561356,225.93379702561356,222.05212112513146,224.82901000976562,7019100.0
2018-11-06,224.6299602448719,226.9291079879687,223.1768110289319,224.00291442871094,10531665.0
2018-11-07,225.73476360942908,226.78978254724242,225.4063117385232,225.7944793701172,817830.0
2018-11-09,225.33661729643526,226.70019287994313,222.1018821994535,226.0432891845703,8184035.0
2018-11-12,226.73004129946148,231.29847872401177,226.56084160082474,229.65623474121094,11436895.0
2018-11-13,228.9197061004533,233.17960202509218,226.92909996044938,232.0847625732422,10588105.0
2018-11-14,232.92083993411174,233.89623273738886,223.4256396833044,224.91859436035156,13534490.0
2018-11-15,226.73006173633556,232.10469269824804,225.33662820712502,231.35821533203125,15245955.0
2018-11-16,233.2990369669236,233.4981097335493,229.4671292032961,232.6222381591797,9310215.0
2018-11-19,233.89623095256195,236.6731199483467,231.90562473168907,233.9459991455078,10028470.0
2018-11-20,232.90092351570473,234.5531302932463,231.33829037152967,232.89097595214844,9025805.0
2018-11-21,232.89098428945536,235.88684123610327,232.87107397451007,234.23463439941406,7162860.0
2018-11-22,233.09998129448715,235.2896450612058,232.42318248120608,233.02035522460938,6285445.0
2018-11-26,233.52798364487603,234.89154410458752,229.5268607174803,233.0104217529297,12281895.0
2018-11-27,231.52740989071717,234.68251899922043,231.52740989071717,233.60760498046875,8688795.0
2018-11-28,233.3288940136007,236.42428720332168,230.4325735897965,230.9600830078125,9754780.0
2018-11-29,232.00516002828908,242.83404749175284,230.31313259879525,241.45057678222656,33036205.0
2018-11-30,240.66427644198873,246.51664794939975,238.41488186741734,245.63082885742188,15027475.0
2018-12-03,246.83516338826507,247.6314088882318,242.53544680071653,244.06822204589844,9089565.0
2018-12-04,244.24736546079188,246.09862976451254,240.86334112316544,243.90896606445312,7825650.0
2018-12-05,243.16249527006445,244.52605564226423,239.4699293142605,241.1619415283203,14282635.0
2018-12-06,239.86804673863023,239.86804673863023,233.12984050938795,234.94129943847656,15486500.0
2018-12-07,235.0905801198488,267.92563359042276,234.12513493509704,254.7279052734375,169038095.0
2018-12-10,247.65132889883407,256.76830909682786,236.48402670945256,238.54429626464844,94740175.0
2018-12-11,236.68306656448027,246.6360969903447,233.0999695363214,242.5951690673828,50392955.0
2018-12-12,244.72516020315027,251.01546864621403,243.690036351213,246.2678680419922,32819995.0
2018-12-13,246.83517660080915,253.165305124347,244.56588667606167,251.6922607421875,21138660.0
2018-12-14,251.6922575720054,253.1453916208391,248.2485020982142,250.01019287109375,13357645.0
2018-12-17,250.81638033371868,252.01074101216952,240.27612418603192,243.34165954589844,36928205.0
2018-12-18,241.8387406428162,246.76548790266477,241.6595933763693,246.2578887939453,18392330.0
2018-12-19,246.59632061618254,247.9698439213122,243.27201150229683,243.9786834716797,15160015.0
2018-12-20,242.8141749255751,246.71576164023114,241.978108696839,246.09866333007812,11504770.0
2018-12-21,246.83517449255697,247.41245212632467,243.58052902810417,244.28720092773438,11040145.0
2018-12-24,244.84456308147952,247.52193085568368,243.05301446053247,246.5365753173828,7699145.0
2018-12-26,245.74031602172198,248.9850136719555,240.96287354985589,248.45750427246094,11896120.0
2018-12-27,250.2689578885732,250.5476415376294,245.90954069998307,246.8849334716797,13268690.0
2018-12-28,247.68117469697125,249.00491441354944,245.8498055085289,247.10389709472656,8700670.0
2018-12-31,246.2379684177763,251.31402004602896,245.54125932041907,250.11965942382812,11621760.0
2019-01-01,249.6220314112432,250.02014659376943,247.28306294931966,248.9153594970703,6012900.0
2019-01-02,248.40775433906003,248.47741766010893,244.2473794030548,246.95460510253906,8568385.0
2019-01-03,246.83516808354244,249.02483185976277,244.37676821870852,245.88963317871094,9129440.0
2019-01-04,246.43706580354157,249.22390247145535,244.84457469005872,248.41770935058594,7343980.0
2019-01-07,249.01488037860275,249.62201586577373,247.03422177914865,248.1489715576172,6057280.0
2019-01-08,247.4323725629268,247.67123560244985,244.0383851299069,244.6256103515625,8307640.0
2019-01-09,246.30765388327066,247.63140879922662,244.46633711445438,246.48680114746094,8238110.0
2019-01-10,246.63613309177688,247.2333058924686,242.12741086386436,242.764404296875,8257215.0
2019-01-11,243.84927654540616,244.68532756293848,241.50036045772885,243.490966796875,10646495.0
2019-01-14,242.2567718180098,243.739778924898,240.1467340766851,241.2117156982422,6823475.0
2019-01-15,242.25675000760472,242.853937896953,240.92304760012834,241.54013061523438,5769355.0
2019-01-16,241.9979974241917,242.2468232015542,238.47463109907153,239.420166015625,11873245.0
2019-01-17,240.4652507017054,243.85922295161916,238.87275956310296,242.84402465820312,19672500.0
2019-01-18,242.87387704377105,247.43236725809714,242.15725756632378,246.87498474121094,12992860.0
2019-01-21,246.97451844303959,253.9018349206158,243.3814735308381,252.32925415039062,48926830.0
2019-01-22,254.59854017820763,260.36133853905346,253.42407460371146,257.1365661621094,45363400.0
2019-01-23,258.5598448655089,258.5598448655089,253.01601435081577,254.10089111328125,16292910.0
2019-01-24,253.60322919855278,254.10088074125517,251.41356544808633,252.35910034179688,7298880.0
2019-01-25,252.56811307384027,256.3303728218648,250.52775383714987,252.0406036376953,7206480.0
2019-01-28,252.6079197396514,255.7928864951634,249.82106813340863,250.90594482421875,10272960.0
2019-01-29,250.81636887397232,253.40416288164676,248.42764762621078,249.1044464111328,12957950.0
2019-01-30,249.82108676735155,249.92062315565292,242.41602901649952,243.29190063476562,13771160.0
2019-01-31,243.2520715082132,250.8163811412906,241.1420337965855,249.97036743164062,14843300.0
2019-02-01,250.22917006444212,252.9662537431093,246.87498810188777,249.96043395996094,10945770.0
2019-02-04,247.83048255530142,253.74258565342745,247.83048255530142,253.24493408203125,6896595.0
2019-02-05,254.00137209658888,256.19103608618195,252.30935970404522,254.62841796875,9588910.0
2019-02-06,254.79759546760886,256.5493386562056,254.0710284516769,254.69805908203125,5793705.0
2019-02-07,254.7976243067737,257.78353396661873,253.86203685008277,255.70335388183594,5992050.0
2019-02-08,255.593842529892,260.9685039603987,254.2601551108683,258.6593933105469,12407165.0
2019-02-11,257.98256947376217,261.76470901323097,257.5844239439323,259.08734130859375,15723375.0
2019-02-12,258.77882223749424,260.76942856239805,257.8432348348501,258.5101013183594,7410050.0
2019-02-14,259.17694480436984,259.22672818845456,253.1155520174263,256.1512145996094,12455555.0
2019-02-15,256.35027341933267,256.788209229353,252.80699668316151,255.52418518066406,10034775.0
2019-02-18,254.99665558655238,256.3900737927803,253.45391762224668,254.21035766601562,6325865.0
2019-02-19,254.20041491973,255.84265901967052,253.17525390437694,254.88717651367188,6341640.0
2019-02-20,255.05642988911436,257.1863631273732,254.63838914416397,256.7384948730469,6751010.0
2019-02-21,257.16642297332794,258.3010527265568,255.4943210347588,256.6189880371094,9095470.0
2019-02-22,249.0248494731729,250.4182830199573,243.84927603955353,246.4171600341797,419299520.0
2019-02-25,247.51198081743803,248.19874242300068,244.84457565700893,247.0242919921875,18677950.0
2019-02-26,243.65020732424094,248.7660647642816,242.87387210398296,246.06878662109375,25132855.0
2019-02-27,246.4370861562349,247.15370569777411,241.08234991171182,242.0876007080078,26943610.0
2019-02-28,241.5003485472253,243.85921208289847,240.8633551575991,241.48043823242188,43614180.0
2019-03-01,243.19233171089843,244.94407471307315,242.3264229595807,244.03834533691406,10814170.0
2019-03-05,243.63027774982163,248.0892311318848,242.41600682189744,246.9247283935547,15642255.0
2019-03-06,247.25318524055567,248.22857799050402,246.1583609828519,247.09393310546875,11534170.0
2019-03-07,247.63141433726514,248.029529502449,245.87967116136795,246.27780151367188,7172805.0
2019-03-08,246.23797564884472,247.5318726888588,245.18295681513348,246.61619567871094,5257165.0
2019-03-11,246.43704316253962,249.80115717034042,245.64079767895194,248.73619079589844,10326930.0
2019-03-12,250.9059681984067,253.20511605192985,249.44287134850634,251.48324584960938,17706800.0
2019-03-13,251.51308415223437,252.62783392408366,248.23854371603133,251.06520080566406,12127350.0
2019-03-14,251.41357870765412,254.2900041686919,250.2192027924811,252.5979766845703,12486930.0
2019-03-15,253.18521453048376,266.61184400585387,252.80699448201008,263.7851867675781,51967525.0
2019-03-18,266.74125221659267,270.72246493624334,264.9098980104625,267.46783447265625,26923700.0
2019-03-19,268.7318646552425,269.7271678576693,266.45261181689693,268.2839660644531,15586060.0
2019-03-20,268.5527024303747,270.30441531472144,264.94970989788504,269.05035400390625,19847040.0
2019-03-22,269.667421811005,271.64806524164436,264.94969488107455,265.9947509765625,13100245.0
2019-03-25,263.944411344714,264.91981924288655,259.4157947355486,260.50067138671875,14347820.0
2019-03-26,261.2172855263657,268.3237331796931,260.77934977470545,267.32843017578125,10255850.0
2019-03-27,268.72191325052006,271.49881780733665,263.765322532653,265.3179931640625,15197290.0
2019-03-28,266.34309840978557,269.129934759858,264.53163959511943,266.8905029296875,23083475.0
2019-04-01,265.94502728544967,271.12058570276724,263.9643532622512,266.621826171875,15837560.0
2019-04-02,267.5374434164674,267.7066582969292,264.3524919318893,266.6317443847656,8877995.0
2019-04-03,267.1393095989898,270.21479211440993,264.9496613016147,265.5866394042969,13832830.0
2019-04-04,266.22368355669266,267.68678032555147,262.1727926584878,263.3372802734375,12964745.0
2019-04-05,264.7506150001793,266.7511838783958,263.9842425756943,265.9350280761719,8718645.0
2019-04-08,266.9403154034396,268.2341973411027,265.38764492854733,267.38818359375,7939335.0
2019-04-09,266.7312675549936,268.1645064462771,263.17805857900015,267.0298767089844,11234215.0
2019-04-10,266.3530506949499,272.3049742276437,266.3530506949499,268.7119445800781,15156035.0
2019-04-11,268.67208605655026,268.72183905533814,265.4572465298642,267.3782043457031,6742865.0
2019-04-12,267.37825602479893,268.3337385555507,266.05448580973626,267.4280090332031,8524160.0
2019-04-15,268.33373095993113,274.3055497630116,267.4280014632216,273.47943115234375,14395115.0
2019-04-16,275.1813698892644,276.78379305527955,272.7329027687002,275.97760009765625,11663980.0
2019-04-18,275.97767394109405,277.0924086808068,271.28980430831353,272.6434020996094,12044680.0
2019-04-22,270.7224860703236,271.8770414940623,267.95554422913347,270.0655822753906,12095540.0
2019-04-23,270.3143606332127,272.42439830903015,268.93090514262053,269.79681396484375,8098435.0
2019-04-24,269.7271025226487,272.71301140666327,266.67151514152386,272.0660705566406,9672055.0
2019-04-25,272.4940904636172,274.10647667875986,269.72714896959985,270.80206298828125,9037990.0
2019-04-26,271.1205742779828,275.57954336241875,267.29861379457003,274.55438232421875,12804320.0
2019-04-30,275.14159846484404,278.0876872117688,268.9408490577636,276.00750732421875,31052865.0
2019-05-02,277.4905135128129,283.0144643680145,275.20132835611184,279.94891357421875,23904025.0
2019-05-03,279.9588595223728,285.8012839590251,278.72469337710453,282.2281494140625,21348375.0
2019-05-06,278.6848792685042,282.06890387048776,278.6251635100288,280.7550964355469,10547535.0
2019-05-07,280.67550830843567,283.66141797129137,278.5356124582379,280.3072509765625,13933680.0
2019-05-08,279.4810667126278,281.6508503095828,276.43544200111836,279.1227722167969,12696575.0
2019-05-09,277.5302793800168,280.2573998262642,271.97650211464537,275.7984619140625,23523910.0
2019-05-10,272.7130284725954,279.97872839534534,272.3348084637407,278.31658935546875,20748545.0
2019-05-13,277.8886505650977,278.6351279247379,274.7136310988219,276.56488037109375,8274820.0
2019-05-14,276.39566520149174,278.0876621378709,272.4343481841367,275.2908630371094,14651480.0
2019-05-15,275.4998848168572,279.3915235670378,274.44486596506033,277.84881591796875,10611000.0
2019-05-16,278.06781583510684,283.3528734534116,274.4349651912943,281.30255126953125,7116800.0
2019-05-17,281.86985426094407,292.5792951217042,281.75039237280606,290.6285095214844,18996095.0
2019-05-20,296.7993632690889,299.6459152360732,290.84744046416256,299.0985107421875,23343645.0
2019-05-21,299.18814710630755,301.537048071695,295.3661864745673,296.18231201171875,16121390.0
2019-05-22,297.1975175629488,302.1143174033074,296.34154108555805,297.6453857421875,12493315.0
2019-05-23,302.37309164506377,309.71843391773166,296.44109324196234,298.54119873046875,28982870.0
2019-05-24,300.5815529646131,303.36838965034985,296.60034034256523,300.9199523925781,14366950.0
2019-05-27,299.91465128918,305.159917742683,298.5909116123633,304.44329833984375,11140315.0
2019-05-28,305.15993669835785,305.15993669835785,298.5909301599901,300.7806091308594,9966510.0
2019-05-29,300.442156972133,304.5627260810997,298.9890230583627,301.35784912109375,7254130.0
2019-05-30,301.35788754946947,306.9017334033205,300.9597723629869,305.62774658203125,14697095.0
2019-05-31,305.75713115712665,307.3495918525644,292.10157111148663,303.0001220703125,13801070.0
2019-06-03,301.2185547422633,305.5182411922788,299.7853158008444,304.81158447265625,6176510.0
2019-06-04,304.5627610203615,306.55336730154033,303.0100905509813,304.83148193359375,5872165.0
2019-06-06,305.07033339048286,306.7324723971252,298.78997386693817,301.4275207519531,10224595.0
2019-06-07,303.3285709848371,303.3285709848371,296.15241403623673,300.9398193359375,7669460.0
2019-06-10,299.24781647827575,300.7606661685307,295.9235079603976,299.10845947265625,8575750.0
2019-06-11,300.442192183073,301.427562949182,297.1079509532305,300.12371826171875,4724055.0
2019-06-12,298.59094577334133,299.0885973496302,293.8433606702722,295.30645751953125,8842145.0
2019-06-13,295.0078186406174,300.38244904844015,294.00258321222987,299.38714599609375,11516575.0
2019-06-14,299.39710642361683,299.39710642361683,291.7432235805138,293.3854675292969,9767550.0
2019-06-17,294.21159984950043,294.2912107321352,288.8568643586761,290.69818115234375,11831110.0
2019-06-18,291.62381095530657,293.5148807876772,289.66306261548385,290.99676513671875,12124090.0
2019-06-19,293.21631991894475,299.5464334996902,292.99735200660336,298.15301513671875,19456650.0
2019-06-20,298.6904437734965,302.57211949479927,297.9937195065436,302.2436828613281,12837830.0
2019-06-21,301.77589443353196,301.77589443353196,295.246708909045,296.56048583984375,6074210.0
2019-06-24,296.40126418899087,298.0534710532491,291.4944269779702,292.7385559082031,10132655.0
2019-06-25,292.9873935613059,296.8491747770437,292.02194825737143,295.3860778808594,10262450.0
2019-06-26,295.60502246131455,297.79470144405747,293.68409475668665,296.7197570800781,11052310.0
2019-06-27,298.59093078405004,299.92463329664326,294.11206682228925,294.92822265625,19302695.0
2019-06-28,295.60503631955254,295.82400422809224,292.93763116042646,294.032470703125,9070430.0
2019-07-01,295.9832318569337,296.7794621633468,292.49967111145753,294.84857177734375,9521795.0
2019-07-02,295.3860259727407,295.9931766031973,292.0318596902823,292.91766357421875,9018660.0
2019-07-03,293.4054052570961,295.0078286460869,291.0962948075196,293.6144104003906,13235240.0
2019-07-04,293.6144351120448,299.5563962511464,293.6144351120448,298.15301513671875,15129625.0
2019-07-05,299.55637067317394,302.57213780540957,298.6008882164703,302.0147705078125,14836600.0
2019-07-08,301.2583381415335,301.2583381415335,292.6290771846425,293.67413330078125,8961290.0
2019-07-09,292.81818018965527,293.216295349396,286.64728890383515,291.1958312988281,11487100.0
2019-07-10,291.22569410574835,294.97797587053145,290.7977210611392,293.78363037109375,10903660.0
2019-07-11,294.4106491196641,297.3567682080399,293.02719358511297,295.5950622558594,7992455.0
2019-07-12,296.1527717399654,297.6564689643243,293.95194420518044,295.4955139160156,10362725.0
2019-07-15,296.56105829219035,300.93280927749913,294.4897250336629,300.36517333984375,8760770.0
2019-07-16,300.3452580181067,301.04232757007014,296.7602290388432,299.04071044921875,6757175.0
2019-07-17,299.13032743583057,308.08291641891765,298.16436173223696,305.64312744140625,31012670.0
2019-07-18,304.99582298085954,307.3659263993158,303.9701092752085,306.3700866699219,11334100.0
2019-07-19,306.7186094620373,306.8679793300811,296.76021305093224,298.5328063964844,10471145.0
2019-07-22,297.3577531324415,298.1444750382406,287.2300495812584,289.6499328613281,17115785.0
2019-07-23,290.78515726256086,301.141882812968,289.839097505633,297.5568542480469,38298140.0
2019-07-24,297.35774267750867,300.74359160420096,294.0814215311235,298.1942443847656,14691180.0
2019-07-25,297.15849305837287,299.5485017186143,294.7585162783934,295.7742919921875,14194615.0
2019-07-26,296.7601855459091,302.32692497689357,294.18096476136,301.11199951171875,8406765.0
2019-07-29,301.49048686860607,303.62159853917046,298.19425969940926,299.2498474121094,10498675.0
2019-07-30,299.74771805397745,300.6639038531216,295.57514772024945,298.4929504394531,8718740.0
2019-07-31,296.78008986549355,305.6629919669461,294.91787478131846,302.6455993652344,14739040.0
2019-08-01,299.9369279036232,302.5360546404856,295.9635376729939,297.9153747558594,11288765.0
2019-08-02,296.361859387471,301.7294188173415,292.7867990108882,300.2655334472656,19354045.0
2019-08-05,297.7560559399079,297.7560559399079,289.79930684564073,290.8050842285156,19322730.0
2019-08-06,289.6498792636038,297.5269738145622,289.1220855134678,295.8240966796875,14153040.0
2019-08-07,297.53699161750956,298.67226349073337,291.89056700872857,294.0316467285156,11811905.0
2019-08-08,295.76437250556484,300.7037286009997,292.16940599964175,299.2995910644531,9660605.0
2019-08-09,299.9469183848612,305.8223663132085,299.5983684249985,305.14520263671875,12228295.0
2019-08-13,303.7510215374593,305.5236150297587,299.79753661932995,301.0224304199219,13829875.0
2019-08-14,301.73939310562093,301.81904690024805,294.6589882707354,297.1186828613281,11774540.0
2019-08-16,296.5610743342455,300.04651356432186,294.2706549964427,298.5428161621094,10848770.0
2019-08-19,299.7477464643528,302.6356754850557,296.86975517492385,298.0249328613281,7737990.0
2019-08-20,296.8697119221977,300.99250222251555,295.296298814293,299.7676086425781,8623045.0
2019-08-21,299.5485447823212,302.2970718515676,297.95522570684074,299.8970947265625,7422075.0
2019-08-22,299.5385821890664,300.74353951683236,293.2548371555761,294.4199523925781,9373755.0
2019-08-23,294.7486121397981,296.1626873357414,288.0167268012254,292.8166809082031,18078965.0
2019-08-26,298.75186170743916,302.63562983151365,289.4108819688888,301.30120849609375,10938390.0
2019-08-27,301.54023895553047,303.2829583724578,297.6465326020223,299.06060791015625,13704020.0
2019-08-28,298.59256067807564,298.95107875960036,293.4440866430579,295.4955139160156,11455030.0
2019-08-29,294.66894070737214,294.66894070737214,288.1462032811743,288.9627990722656,19656835.0
2019-08-30,288.41510147786397,290.7055511209175,283.43590276333526,285.0989685058594,23587665.0
2019-09-03,284.61096810906673,284.61096810906673,279.8409179277805,281.6831970214844,13762825.0
2019-09-04,281.6433633479438,286.40347542677887,278.5662226266416,284.10308837890625,12098145.0
2019-09-05,285.18856754764704,287.17027875198704,279.92056722109345,280.8566589355469,11905115.0
2019-09-06,281.32470857940785,287.7180126736849,281.32470857940785,287.11053466796875,11226095.0
2019-09-09,286.60268068339514,293.6831174249806,283.6251294230195,293.03582763671875,16063780.0
2019-09-11,293.03577682821896,294.5494421126946,290.58598947741314,293.8125305175781,13024480.0
2019-09-12,294.76852075961557,295.49549460616356,289.1918129373922,290.2972106933594,12124770.0
2019-09-13,290.1876822356853,295.96357072475655,288.23584493484816,295.6150207519531,8842450.0
2019-09-16,293.57351386713145,297.128668677512,291.7810146704528,293.7627258300781,9288840.0
2019-09-17,293.0257950231463,294.95772623041876,287.59845718168094,288.45489501953125,6772930.0
2019-09-18,288.7935228357314,294.55944340447957,288.7736169816751,291.73126220703125,9272125.0
2019-09-19,291.7411300971844,291.7411300971844,287.7976142043092,289.311279296875,7249365.0
2019-09-20,289.7893138795045,318.44957539051967,288.89306434769026,306.4895324707031,35797445.0
2019-09-23,313.6894721980506,329.0253958718328,304.4879240719039,326.7548828125,34270145.0
2019-09-24,325.30098163144237,326.9739849389748,316.67700667082846,322.27362060546875,18852705.0
2019-09-25,322.0545384895254,322.0545384895254,314.7849211610964,318.98736572265625,17837720.0
2019-09-26,320.0628424630702,335.3888285472942,319.71429252374844,324.0163269042969,21540140.0
2019-09-27,321.8255272397746,328.5076030762686,319.8537537052908,327.33251953125,12912805.0
2019-09-30,325.6594524329056,331.01707430032553,321.51675608334153,327.5216979980469,16789295.0
2019-10-01,326.3963715232549,330.0212115809676,323.38891671620195,328.2685546875,14627680.0
2019-10-03,327.4818705949945,327.4818705949945,320.0628531456041,321.8055725097656,13272830.0
2019-10-04,324.6437165788451,325.38062817369035,310.1641999742083,311.329345703125,27438405.0
2019-10-07,311.2994566773706,317.3939900031881,308.57083558103807,309.8355712890625,15227670.0
2019-10-09,310.5625433206194,324.19559076489395,308.26215612585776,321.12841796875,12992150.0
2019-10-10,318.6487820968105,320.1325734500773,312.09614018211136,315.6413269042969,7847105.0
2019-10-11,317.7127036416863,323.64789969283487,313.72934487623604,316.2288818359375,12129205.0
2019-10-14,318.2703608644503,320.46118987829783,313.93845227280883,315.78076171875,10050950.0
2019-10-15,317.75249519349023,324.5441287515466,314.18740269641205,321.77569580078125,13532355.0
2019-10-16,321.6561993329869,323.30929675971424,317.1948268660137,319.7740478515625,13431665.0
2019-10-17,320.66035165538676,321.3773573840295,315.97989337249464,319.57489013671875,10381745.0
2019-10-18,319.4255426863441,322.57239969447824,316.8761955591039,321.70599365234375,11788035.0
2019-10-22,324.0163125883358,327.2328853059059,317.0753096435036,324.4146423339844,24475410.0
2019-10-23,324.64368286721685,326.37643390353736,319.3259034879829,321.3872985839844,15426150.0
2019-10-24,322.63212037447136,324.62379954870346,318.1807162044382,321.2976989746094,8000005.0
2019-10-25,321.4271717304039,321.4271717304039,312.52436230631463,316.398193359375,14335100.0
2019-10-27,317.4736247660017,318.8678243974708,316.70683928118183,317.27447509765625,988045.0
2019-10-29,318.15085594180437,318.15085594180437,312.29531405474455,313.79901123046875,15012650.0
2019-10-30,314.66539711052695,316.3881801102915,313.45047162397617,314.4662170410156,8386345.0
2019-10-31,315.4720563416307,319.66453282665174,311.89699558710987,313.58990478515625,12407105.0
2019-11-01,313.0919920640501,315.8703933050276,311.2994927805511,314.6654357910156,11098685.0
2019-11-04,315.4819920680996,318.03133916593606,311.69781351710895,312.90277099609375,7171965.0
2019-11-05,312.4148008879224,312.64385493680714,308.7700243008455,309.4870300292969,11316970.0
2019-11-06,309.99493620822466,316.2687139087129,306.9177953063193,312.90277099609375,11236175.0
2019-11-07,314.0878251719938,316.07950450775866,310.4928585584334,315.48199462890625,12559560.0
2019-11-08,314.4662207662246,319.86368465155783,313.0919572859074,318.71844482421875,19568135.0
2019-11-11,317.6529790822267,322.53258785109625,317.0753749999591,322.03466796875,14617870.0
2019-11-13,322.05452353868486,324.2453828351805,318.887760875161,319.8238525390625,13019170.0
2019-11-14,319.86370753594423,320.74002089927944,315.49195688768697,318.190673828125,13196490.0
2019-11-15,319.8637293262237,324.44456771292704,319.1666293679255,323.19976806640625,10342030.0
2019-11-18,323.9765014052052,325.6395669999807,321.96491624386937,324.0860595703125,10074870.0
2019-11-19,324.6238306576301,324.8628224564447,321.48691134511154,323.4089050292969,7982410.0
2019-11-20,323.2495390558801,323.40887703817094,317.9118230162835,318.55914306640625,7812180.0
2019-11-21,319.3558173333547,319.6446193390053,316.17908644304003,317.7226257324219,8369070.0
2019-11-22,317.06536780059105,317.45372942061186,311.71768390772274,312.5143737792969,9312170.0
2019-11-25,313.4903082064751,319.86370624933943,312.7036167678744,319.3956604003906,10092105.0
2019-11-26,318.86784979831896,320.7599389466797,316.9359185568713,319.5450134277344,7784040.0
2019-11-27,319.65457400260107,323.44872080965257,319.00728427891437,322.2337951660156,10204415.0
2019-11-28,322.0545187244486,323.86695407985513,320.08277577769024,321.65618896484375,11188800.0
2019-11-29,320.66033277044977,323.0503415949645,317.13505227968926,321.6960144042969,8652390.0
2019-12-02,321.5565923575574,325.9382804049135,318.70850576349017,325.2412109375,11448520.0
2019-12-03,325.53997804550926,328.6270870627061,324.93253044176714,327.97979736328125,11608915.0
2019-12-04,327.2926562338402,330.59885109707795,325.28107112314467,328.87603759765625,13520395.0
2019-12-05,328.87603241768875,330.61875174162805,326.7150470841342,328.4876403808594,14684450.0
2019-12-06,328.6270616180605,334.60209910202525,327.29264022684856,333.4668273925781,18997535.0
2019-12-09,334.19385226215576,334.40297009665767,329.9216912993436,330.46942138671875,9468700.0
2019-12-10,331.61456634209003,331.8037782856662,328.8361655201231,331.09674072265625,7065780.0
2019-12-11,331.8137606369705,336.7630845715302,330.4394971523135,335.9066467285156,10145585.0
2019-12-12,336.63365269888294,342.5688486604889,335.0004610421923,341.6925048828125,13477940.0
2019-12-13,341.8120314598073,342.36969929735955,336.04614109754897,337.14154052734375,17638170.0
2019-12-16,337.3904508747172,344.56050829018017,337.3904508747172,339.3721923828125,18310635.0
2019-12-17,341.78213571517193,342.84769149037504,340.29834428375,341.23443603515625,13234410.0
2019-12-18,342.3696554749631,343.7538871596288,339.84024467504383,343.4352111816406,22963340.0
2019-12-19,343.5547197488877,345.5165251242374,341.63275646990974,344.4609375,13507510.0
2019-12-20,343.19622105880956,343.44518096958075,336.0560374460214,337.1315612792969,15293395.0
2019-12-23,338.3863179417656,340.81616924128775,337.6095641913029,339.5614318847656,8727440.0
2019-12-24,339.57131824121655,341.8717051691921,338.5854468122588,340.8858337402344,8513520.0
2019-12-26,340.7862529716457,341.57297474646816,336.5340289205243,337.44024658203125,8234850.0
2019-12-27,339.581300216136,339.581300216136,334.87096801445296,335.7174377441406,7646830.0
2019-12-30,336.59380811241533,339.9398148126649,335.6975584884638,336.6734619140625,9341420.0
2019-12-31,336.6734633546143,336.84276947093446,332.68016693056967,335.468505859375,9848395.0
2020-01-01,336.39460389431855,337.9381735048803,333.00875534078943,333.41705322265625,7375280.0
2020-01-02,334.6021304156127,335.2992303435579,331.5448953231272,332.9191589355469,9260445.0
2020-01-03,332.79963291921257,333.2079307954168,327.7407508151025,330.0411682128906,7970445.0
2020-01-06,330.04116639354436,330.11085206715626,326.35654779779617,329.13494873046875,7400435.0
2020-01-07,330.8278566730204,333.55647777390266,328.7067135159543,332.77972412109375,12489655.0
2020-01-08,329.5632046368283,330.90759435844456,326.2371035657274,329.59307861328125,15629655.0
2020-01-09,333.30754419965604,333.3573240260878,330.35983694390364,331.62457275390625,13342120.0
2020-01-10,333.4270328506564,336.9921253610328,332.84942884540357,335.5382080078125,12680415.0
2020-01-13,336.99211004278675,339.481709009401,335.7074684666423,336.8128662109375,9039790.0
2020-01-14,337.78880298815847,337.8087088394502,332.8096050100937,333.9647521972656,10684460.0
2020-01-15,333.7955156341635,335.91665908409675,331.79386808722097,333.7257995605469,12451225.0
2020-01-16,334.38304306862693,339.70082325783005,334.38304306862693,338.8941955566406,16606410.0
2020-01-17,339.3622088026814,339.7506008240244,336.6136818535218,338.20703125,11479375.0
2020-01-20,340.37799562621746,340.37799562621746,320.8595619149058,322.2337951660156,40020170.0
2020-01-21,319.66452127202587,324.763215315798,315.72100484607927,323.66778564453125,28727345.0
2020-01-22,325.2810805681144,326.21714188753236,313.8886724461407,315.78076171875,27395810.0
2020-01-23,316.2786769648182,320.3416893398551,314.94425548893315,319.8338317871094,17478415.0
2020-01-24,319.75416372029747,328.4279189462269,316.0795128179502,327.22296142578125,21264685.0
2020-01-27,324.3847902230332,324.44453816937624,320.3416837705437,322.32342529296875,9372145.0
2020-01-28,322.6520676009276,326.2370966523944,320.71016800078655,323.8570251464844,9905520.0
2020-01-29,325.24124522444936,327.8702461737676,323.25950359771286,326.72503662109375,11137465.0
2020-01-30,326.19722333576453,326.69514314552003,322.15411691179906,324.295166015625,7950780.0
2020-01-31,340.50741403633975,344.3613082775983,335.2294765156053,336.94232177734375,47475230.0
2020-02-03,327.7507529820439,334.7614728891604,325.4403976140395,333.8552551269531,12551470.0
2020-02-04,335.40876848826457,339.1431673806614,332.64033532499235,338.2469177246094,10352085.0
2020-02-05,338.9837951432307,340.06925666478037,334.02453336501395,336.54400634765625,10482560.0
2020-02-06,337.37052638118183,338.1671858763848,332.2120847318049,333.4070739746094,12663090.0
2020-02-07,333.755648046315,334.1938199175604,327.43206027733686,329.2345275878906,11450755.0
2020-02-10,330.61876115409945,333.52662628069845,327.7706743653872,332.47100830078125,6775620.0
2020-02-11,335.09010855120175,335.75733455716374,331.9233454324018,334.0942687988281,9573830.0
2020-02-12,334.6220047107379,342.56881549927755,333.6062592798197,341.5530700683594,15052685.0
2020-02-13,341.51324740904585,341.51324740904585,335.0601956232154,336.553955078125,11234600.0
2020-02-14,337.78877696002445,339.1829462083331,331.33572593706833,334.7912902832031,9460785.0
2020-02-17,335.5979406996052,338.42612147880556,333.05856190990363,336.8128662109375,9063825.0
2020-02-18,335.1000292542829,338.54562580054215,334.2635276275351,336.79296875,11095195.0
2020-02-19,346.5522278719977,346.5522278719977,337.6693240615681,338.8045959472656,15842670.0
2020-02-20,338.0477154507687,338.43610749759426,333.84527095725633,335.78717041015625,10499515.0
2020-02-24,333.00880140509787,335.3490308611685,331.0768698873729,334.25360107421875,9630665.0
2020-02-25,333.84524827628496,336.53402727599547,332.28180324565324,333.7655944824219,7677775.0
2020-02-26,332.63033581342773,334.14403147162966,330.02124089598567,331.913330078125,12929475.0
2020-02-27,331.8138026019001,336.3747350890959,330.73827869935764,335.14984130859375,13446760.0
2020-02-28,329.6030270513635,330.63867843362647,321.4072555735754,322.7217712402344,18716560.0
2020-03-02,324.842879984208,326.0976171771549,315.5218058031937,318.469482421875,23814235.0
2020-03-03,319.4255210984841,325.90841625479464,316.07948422598355,323.90679931640625,14591930.0
2020-03-04,325.0819036633873,325.26114750988535,314.20732111661493,320.2520751953125,12651105.0
2020-03-05,321.65619207843963,333.90500705087805,320.26202271102096,328.89593505859375,25304810.0
2020-03-06,319.7043702582657,327.43206528904534,318.31020082415193,324.85284423828125,17711215.0
2020-03-09,317.6728386694054,320.6503894071725,307.2364285148179,314.3168640136719,27677505.0
2020-03-11,313.8786621098321,319.64458146516574,307.21649326070917,316.53753662109375,23571010.0
2020-03-12,300.7236679693396,308.00325336801274,269.06591703681715,291.7909851074219,39039565.0
2020-03-13,278.83511104283525,299.7477443710479,233.43478357384174,292.7868347167969,57044450.0
2020-03-16,282.22094924539397,287.7478775081517,273.8559023075763,275.5886535644531,32902600.0
2020-03-17,277.24171309025957,279.422604045139,259.53568784462743,263.43939208984375,24105575.0
2020-03-18,264.0966884692135,264.69416794928526,231.4530506224906,233.41485595703125,55827210.0
2020-03-19,218.0988404612848,249.6769230546713,199.36709871659082,241.16249084472656,49586245.0
2020-03-20,242.3873445326704,255.651934859021,228.34601575498056,251.41961669921875,51895950.0
2020-03-23,226.55352295681925,239.88781541446548,214.73291103910907,218.73617553710938,33472025.0
2020-03-24,229.67049204059555,236.0139854364528,207.35372293536375,229.62069702148438,36859170.0
2020-03-25,227.0514479557788,263.69833617134253,224.07388183025847,256.9565124511719,32245300.0
2020-03-26,258.91833360840167,276.8434490120602,249.517603987678,273.4476318359375,36274745.0
2020-03-27,286.0051232996859,288.7934618091856,273.7662470467464,278.65582275390625,51116430.0
2020-03-30,267.92067869305686,274.85171339093546,254.09842099771058,257.66351318359375,27851625.0
2020-03-31,264.5547698108243,264.8933516510233,255.93079464027437,258.131591796875,22384305.0
2020-04-01,257.9025637070216,257.9025637070216,230.63646920538497,235.34678649902344,54192310.0
2020-04-03,235.34677311928493,235.61565406440306,216.49552169963482,227.22071838378906,50557355.0
2020-04-07,243.18404435902553,244.7873468354329,233.22564765967718,238.61314392089844,42762850.0
2020-04-08,235.97415789499135,247.47609309891084,231.10450286720143,236.54177856445312,37025435.0
2020-04-09,241.98904841150178,255.17395638596264,237.02977093331035,253.5208740234375,40487010.0
2020-04-13,248.9599010624431,250.38394440277315,242.18818871448335,249.13914489746094,21252680.0
2020-04-15,252.11670954384434,253.1324701898665,229.7003656328002,233.77334594726562,45228380.0
2020-04-16,232.020667606094,232.020667606094,221.96268183969565,225.22903442382812,55276025.0
2020-04-17,236.4820406484517,238.59321582384283,226.05559839664699,236.26295471191406,42926975.0
2020-04-20,242.98484842105057,243.88109793136667,233.4745777491164,234.57000732421875,32800900.0
2020-04-21,229.04313019649766,230.03896989300418,224.0639317139651,225.0896453857422,23998980.0
2020-04-22,224.47222451359795,232.37919395465943,220.71790468876165,229.47132873535156,34818460.0
2020-04-23,233.42479481216583,249.95573815470297,230.65636195579802,248.8901824951172,52791235.0
2020-04-24,242.78571467989678,250.5532671479924,241.66041098985883,246.8786163330078,33921175.0
2020-04-27,249.33830729295968,263.87757056209045,249.33830729295968,259.6352844238281,38857060.0
2020-04-28,260.9299082653714,266.18794068613954,260.9299082653714,264.22613525390625,33391940.0
2020-04-29,264.2958428097097,269.2750411685611,261.94567577182704,264.46514892578125,33516145.0
2020-04-30,266.8850691198854,274.851787601076,265.70001731455875,270.3107604980469,31362610.0
2020-05-04,257.92247124796546,260.09339440719316,251.68852046340248,254.4967803955078,25482195.0
2020-05-05,258.32078144223715,259.4958648550207,243.98069754235968,246.63958740234375,25024205.0
2020-05-06,245.1757086356543,254.41709898924734,241.8396550635194,248.1532745361328,23021370.0
2020-05-07,245.07612427434228,246.9682133793683,235.86460825111988,238.961669921875,34216360.0
2020-05-08,243.38319223392918,247.55576259041345,241.2023162733409,242.47698974609375,17556020.0
2020-05-11,247.07777330802924,249.41800253655109,236.013994316841,236.7011260986328,23370405.0
2020-05-12,234.6198080619759,234.6198080619759,226.45391145637805,230.47711181640625,51342750.0
2020-05-13,241.99897834986967,242.98486503487072,233.56421563078058,236.35256958007812,59574620.0
2020-05-14,234.7990526704956,241.78985070871067,232.45882360216038,233.6438751220703,35499850.0
2020-05-15,234.9882885554659,236.9899208253471,229.87962617695536,234.67958068847656,19319900.0
2020-05-18,234.02231669020262,234.22148158023924,221.0764012988297,221.80335998535156,31987080.0
2020-05-19,229.0431047131295,233.00654200956663,224.12365472847677,225.1493682861328,31914605.0
2020-05-20,225.05977398025985,234.6198412540047,222.07225485662806,231.0547332763672,26271940.0
2020-05-21,232.0306346468892,236.92021089512005,227.96760711804762,229.09291076660156,29885640.0
2020-05-22,227.05143015641573,232.46880004402837,222.37098704751583,231.07461547851562,25948740.0
2020-05-26,231.03479293689546,234.02231181107945,227.95765214335958,229.68045043945312,27353985.0
2020-05-27,231.82150043267154,247.56573772332052,231.23395869872996,242.4969024658203,58726830.0
2020-05-28,243.7815580430278,249.93584000550769,240.91353488636503,244.8670196533203,53550015.0
2020-05-29,242.287780499848,244.93671751312394,239.0114596688734,243.7815399169922,27486760.0
2020-06-01,248.76073117568728,254.7755955784044,246.569887129478,248.64122009277344,34717880.0
2020-06-02,263.49916330524286,269.52398070766776,258.5299030532191,267.46258544921875,86600150.0
2020-06-03,271.66503414010197,284.4516415086403,267.32318801699483,276.1562805175781,61722075.0
2020-06-04,274.8616729101027,274.8616729101027,264.96302574837324,265.7696533203125,30020720.0
2020-06-05,267.6816697460189,270.470038833535,263.10083194262194,266.44683837890625,28440585.0
2020-06-08,269.8725714497704,271.86425094386465,262.0054435262216,266.2377624511719,26511485.0
2020-06-09,267.27338684030553,270.8683529668205,258.7390347490382,259.74481201171875,27386665.0
2020-06-10,259.81453342544626,267.7414077617953,259.63528959956614,265.3414611816406,24381800.0
2020-06-11,265.68998779675803,265.7696719819035,256.7672736690271,258.65936279296875,21884065.0
2020-06-12,246.96825073869147,256.86689999390285,245.29524730162893,254.8951416015625,44962120.0
2020-06-15,252.94325853891687,253.17229739235685,246.4105531905781,248.74081420898438,37767895.0
2020-06-16,254.13826943489232,258.0818010385266,246.58980324878868,254.297607421875,26331460.0
2020-06-17,252.83371385850276,255.92080748205544,246.29105562888833,247.7250518798828,27146320.0
2020-06-18,246.96823875054366,260.89008831105457,244.6479304904585,259.5855407714844,33362610.0
2020-06-19,259.71493843456665,262.0551674187026,254.2079622198554,259.41619873046875,42463075.0
2020-06-22,260.8701752355561,275.8476137476918,258.1117100387015,269.9422912597656,38169335.0
2020-06-23,269.87254514813014,277.9786944865688,268.88667361963354,276.8235168457031,23349125.0
2020-06-24,277.2417460291718,278.4367657376039,266.2775724034769,267.6617736816406,26663085.0
2020-06-25,266.28749928487207,276.7936251541669,263.8974903559968,275.1903076171875,49925190.0
2020-06-26,274.85174926122795,275.4392910203836,264.28590493690564,266.9049377441406,33470980.0
2020-06-29,266.1082774097755,272.2426534140925,261.5075030041915,270.00201416015625,19098405.0
2020-06-30,271.84431969206315,273.43763882598637,267.8908350500219,270.9580078125,23888320.0
2020-07-01,262.70246246108235,271.82435643204485,262.1049830405525,270.2210693359375,44697925.0
2020-07-02,270.49991807474754,273.2384770017206,267.3430931397852,269.2750244140625,24964910.0
2020-07-03,270.84847047248326,272.601127536023,268.88666520774564,269.633544921875,13840515.0
2020-07-06,272.86003844648366,275.1006774483252,271.067539401255,272.4417724609375,16240365.0
2020-07-07,272.86005507104244,273.73639879654246,269.175436331721,272.5115051269531,17871440.0
2020-07-08,272.46173715750564,274.6226922017814,268.47837851599417,269.4244079589844,16915525.0
2020-07-09,270.02188415808206,273.7762186594855,268.428534822066,272.4915771484375,17229575.0
2020-07-10,271.5455605274914,273.85591591184084,267.9904055253608,268.74725341796875,15089795.0
2020-07-13,270.8683888098018,271.8443226218702,263.7182673107024,265.99871826171875,16783485.0
2020-07-14,264.6543394988855,265.17216514572146,257.5838723228001,258.5797119140625,14574715.0
2020-07-15,260.1929886553783,261.2983864959936,254.93495639534885,256.9266357421875,21862715.0
2020-07-16,256.6478377024104,264.47512404144635,252.34580241850617,263.42950439453125,21020285.0
2020-07-17,262.30416624016004,266.4667688184337,259.1374033441881,264.3854675292969,21000815.0
2020-07-20,264.8933547079389,266.22777623139825,260.7108158984095,262.71246337890625,17408710.0
2020-07-21,263.91742797874605,271.4659099699792,263.89752212524513,270.6692199707031,22021225.0
2020-07-22,271.8642100207736,272.1330757713824,265.0825447954605,267.3530578613281,20862875.0
2020-07-23,266.8850215447596,274.82186463244284,265.9489298588386,273.66668701171875,21543595.0
2020-07-24,270.8683883101852,271.8642279730903,267.203705644442,268.876708984375,15561890.0
2020-07-27,271.86422584485484,274.7521547665491,260.9398636126806,263.41949462890625,37804195.0
2020-07-28,264.91326730723864,279.193605025955,262.7821861422722,275.65838623046875,33758855.0
2020-07-29,275.84757486904095,278.4267958391739,268.06010174325075,276.73388671875,20338950.0
2020-07-30,277.85914971580934,283.75453342344707,274.0550656027702,275.8475646972656,30485515.0
2020-07-31,273.8559203823574,276.8334713916993,268.94643790343247,272.01361083984375,16115350.0
2020-08-03,270.0717242109751,270.0717242109751,258.9382138693743,260.6211853027344,26206300.0
2020-08-04,262.90166319009006,265.16220821705053,259.31663443210243,263.6883850097656,24732980.0
2020-08-05,265.2916560377074,269.474194398481,263.2999768926937,265.7298278808594,17378010.0
2020-08-06,267.88087156257365,272.3422442303338,265.02281656862374,266.9049377441406,18389150.0
2020-08-07,267.18375449259963,268.43852212284196,263.5489460039378,267.3829345703125,14035345.0
2020-08-10,268.6775321054028,274.85175024542286,268.1198643187628,270.9082336425781,14800280.0
2020-08-11,273.4575797697624,275.84758890234565,270.3007546404173,271.7845764160156,12514625.0
2020-08-12,268.87670118475916,269.8426668453808,265.6003802794693,265.9090881347656,19200950.0
2020-08-13,267.26339547790525,270.56958973358263,265.68001440505805,266.1380920410156,16656640.0
2020-08-14,266.39707373523686,268.2393527699809,259.3763859884307,260.402099609375,16657510.0
2020-08-17,262.92160410826364,265.60041551035425,261.34819064967854,264.4054260253906,14156700.0
2020-08-18,262.6228247942232,273.8459263279343,262.5033289027799,272.7305908203125,21309745.0
2020-08-19,273.32810374194696,275.0309809953908,268.8667312706745,269.9920349121094,16983820.0
2020-08-20,267.48255063313513,268.8767201409279,264.9232352995274,266.5564270019531,14206945.0
2020-08-21,267.283359130745,269.275038454209,265.1024678403027,266.7655334472656,12425830.0
2020-08-24,268.39865438589146,278.1379635995238,267.3530350543319,276.2956848144531,30145690.0
2020-08-25,277.24175559769566,279.83094479491746,274.9612742641941,278.8550109863281,22811185.0
2020-08-26,280.8267816763257,287.1304332974027,279.47245433800566,286.1445617675781,28593240.0
2020-08-27,287.00102043983486,287.9669861871565,281.1355098815189,282.8184814453125,21417855.0
2020-08-28,280.82674842406806,293.5734822955829,279.03424942015874,292.1992492675781,53228510.0
2020-08-31,296.361859485073,299.05060806589006,273.6566992558187,279.10394287109375,34868765.0
2020-09-01,282.78858840845965,287.20015079201704,276.06667072859335,284.9396057128906,21291070.0
2020-09-02,283.8143342569715,286.30393368027825,280.2591789867411,283.5155944824219,16626250.0
2020-09-03,285.56700034587254,286.2043219468442,276.8434349023692,278.1778564453125,11975745.0
2020-09-04,274.85178724800693,277.7795587173331,269.6734080856374,274.86175537109375,20508780.0
2020-09-07,274.6525429593374,274.6525429593374,270.1513590155399,272.611083984375,11607735.0
2020-09-08,273.23852528308885,273.2883051161302,268.41866436681835,269.01617431640625,14119345.0
2020-09-09,267.48253109205376,268.92648032332283,261.52739915521795,264.1265563964844,17217005.0
2020-09-10,264.8933322154733,267.49245897039424,261.9257192823636,262.80206298828125,16449740.0
2020-09-11,262.30413817377547,266.1281584977725,261.10914891724565,264.9630432128906,17501570.0
2020-09-14,266.28751626272293,268.4684075269057,258.91830893275954,259.8544006347656,19455565.0
2020-09-15,260.5315600003479,264.66428840040265,256.7274453074106,263.6883850097656,25149565.0
2020-09-16,263.6983389527215,265.29168854207705,259.02784835417214,263.9771728515625,16429435.0
2020-09-17,261.90582493862166,264.2161801938048,259.1572978112275,259.9340515136719,16544955.0
2020-09-18,261.5274032599305,261.7066471026618,251.4495108937372,254.35736083984375,32645685.0
2020-09-21,254.13826290094337,262.79212665218,253.57064223045802,256.4984130859375,34298955.0
2020-09-22,256.5382496707592,259.21706088604134,251.29018540994846,253.05282592773438,21191625.0
2020-09-23,254.9449070449156,256.41873021057694,251.9772940808843,254.01876831054688,14176745.0
2020-09-24,252.34573804713372,255.91086068532533,246.1715358234617,248.18313598632812,28080625.0
2020-09-25,249.9657126063768,250.63292336853956,245.0960571789913,249.5673828125,18199870.0
2020-09-28,250.55325004446019,255.72166001221672,249.68685925755517,254.676025390625,9460495.0
2020-09-29,256.28927311059334,257.504198677289,250.77234343041388,251.598876953125,11747350.0
2020-09-30,251.59886067223383,254.3274665577269,249.3582216451675,252.58474731445312,14753080.0
2020-10-01,254.9349366802077,260.8701321654222,254.71585075337364,259.9241027832031,15811955.0
2020-10-05,260.9099860330899,265.6302562080814,260.63115214913716,261.826171875,19300040.0
2020-10-06,263.8974995881011,267.28334822167477,261.1190985358961,266.5364685058594,13162655.0
2020-10-07,266.86512970622505,266.8850355593019,263.2701326405338,263.8377685546875,14173350.0
2020-10-08,264.1962433430045,267.13398242621116,261.1589446086631,262.92156982421875,25856265.0
2020-10-09,263.4992100915487,266.53650924384624,260.03367673986526,262.871826171875,26563380.0
2020-10-12,264.49500387048516,270.5098835645927,260.41205543186305,261.487548828125,25875695.0
2020-10-13,262.8319642038157,268.81697051389347,260.352333080751,267.87091064453125,24360745.0
2020-10-14,265.9389800658136,270.470068940926,263.728214713387,269.5439453125,16790105.0
2020-10-15,269.5439072952346,272.05341204784554,259.16724569976674,260.8203430175781,17482370.0
2020-10-16,260.6112305144218,267.542265489089,260.6112305144218,266.1978759765625,11790145.0
2020-10-19,268.87670838422093,274.8517463483147,265.5904496602152,274.1944885253906,19853580.0
2020-10-20,273.198636838322,276.04675394561696,269.9721262047412,272.6210632324219,16140555.0
2020-10-21,273.8558947407501,278.8350928269455,270.59951013299906,277.50067138671875,21402230.0
2020-10-22,276.44508933138593,279.83093801933336,274.3637881367635,277.45086669921875,18050460.0
2020-10-23,278.8351399764076,280.36874175565106,274.5032308307933,275.459228515625,11929255.0
2020-10-26,278.635896644681,284.6109340028138,268.3488873649648,282.2010192871094,40111940.0
2020-10-27,289.29141009895125,319.0670087091543,289.29141009895125,316.2089538574219,165834400.0
2020-10-28,313.68948896751203,313.68948896751203,306.91779152064953,308.9791564941406,36224915.0
2020-10-29,305.1252630172191,316.43801725677156,303.7310935838097,312.8728942871094,36430145.0
2020-10-30,313.49031835321546,313.61978237380225,302.4564280972436,308.1924743652344,21009920.0
2020-11-02,309.7061075503732,319.62466119920674,305.68290716156935,314.8247375488281,28562300.0
2020-11-03,314.8844772134166,318.96739504746273,312.7334601430028,317.39398193359375,26303090.0
2020-11-04,316.4778428101258,325.79891815536445,314.2870137162195,324.7831726074219,25440305.0
2020-11-05,327.2329328959519,334.6021406293074,325.05204151238655,333.6959228515625,30372525.0
2020-11-06,330.6187371063427,343.5646515111091,328.62705796714783,342.180419921875,29788295.0
2020-11-09,344.56050291004345,348.9023489950573,338.6452132323041,344.1920471191406,26051055.0
2020-11-10,344.75965842774895,357.39686453082163,343.6542607431716,349.1313781738281,40019115.0
2020-11-11,353.3238812576738,362.176909972704,350.5355425076085,360.06573486328125,52671695.0
2020-11-12,358.3030855843495,358.3030855843495,348.23516154439153,349.48992919921875,33875995.0
2020-11-13,348.5239368393098,353.48319835101773,342.6385214487332,351.1927795410156,31322780.0
2020-11-14,353.31397387457844,353.52309170114194,351.51150645799936,352.63677978515625,1554265.0
2020-11-17,352.88569805738996,358.9005776142133,351.431780783768,357.83502197265625,29133725.0
2020-11-18,356.8093285300249,368.42082230361336,355.34544305314216,364.5968017578125,30876240.0
2020-11-19,362.28645020157757,370.5917795733121,361.6989084587011,363.7503356933594,43588840.0
2020-11-20,362.4856326396913,378.2198869551685,360.91221936438933,376.3078918457031,45581330.0
2020-11-23,376.9053832081127,379.4746360073753,372.673064902953,377.9908447265625,52217195.0
2020-11-24,377.6224050092126,388.0587850241434,376.59669139192965,383.37835693359375,44749430.0
2020-11-25,386.18657870681704,386.18657870681704,369.0780619391215,370.9402770996094,34185845.0
2020-11-26,373.4398633615085,378.4290296610147,368.4706333047078,376.2481384277344,34322855.0
2020-11-27,377.4232151533988,383.4281268332228,367.8532110136527,379.8331604003906,393510620.0
2020-12-01,384.3941224238262,384.3941224238262,371.3585844579336,373.60919189453125,39778990.0
2020-12-02,374.4357290159477,375.1627029410951,360.2947930511203,361.3304748535156,37290055.0
2020-12-03,365.6723026487207,367.26562164992384,360.8325065302609,362.6847839355469,22312640.0
2020-12-04,364.07896713992443,369.8548247160601,358.9802732041828,367.7137756347656,19947155.0
2020-12-07,368.3511360563615,369.65568354299126,359.49810714066604,362.59515380859375,30160865.0
2020-12-08,364.935360753647,366.26978213218547,361.9379043099423,365.234130859375,19767180.0
2020-12-09,365.6922522943442,376.2282228460419,365.6922522943442,375.14276123046875,21853220.0
2020-12-10,378.41903618296345,382.3824886078158,370.4224456603005,379.0762939453125,23476080.0
2020-12-11,377.12446420765986,384.13515302734834,377.12446420765986,382.4820556640625,27332990.0
2020-12-14,385.1907614278228,387.76004472331664,378.2198839327647,386.2563171386719,17284855.0
2020-12-15,387.97915299206903,389.97083239101124,382.2630124514861,388.6065368652344,20709490.0
2020-12-16,391.36497642430993,391.36497642430993,385.698646471803,388.8853454589844,13823490.0
2020-12-17,391.36496792544983,392.16162745963805,386.8936577878881,391.45458984375,17301850.0
2020-12-18,391.12600765850283,391.12600765850283,382.6713079969186,388.2480163574219,16858380.0
2020-12-21,385.3899290327516,390.16994700404433,379.93271702985834,382.57171630859375,19707555.0
2020-12-22,384.39411866069054,384.44389848872686,375.6506474363129,379.0066223144531,25368720.0
2020-12-23,378.6182400203558,383.35841600027544,376.9253004907042,382.5517883300781,11704095.0
2020-12-24,382.0040745386114,393.9541496729333,381.804894463461,390.4886169433594,16685820.0
2020-12-28,390.9666193810951,397.5590724403132,390.7873755531034,396.12506103515625,13715345.0
2020-12-29,394.9500249445903,401.7217226428373,394.9500249445903,398.1964416503906,15764325.0
2020-12-30,398.9731801728238,403.71335586350307,398.13664818973905,401.910888671875,13287155.0
2020-12-31,401.66194757424245,402.070245464188,395.74665781653573,397.4595031738281,13974145.0
2021-01-01,397.718453778899,399.9192509485925,396.483622308402,397.15081787109375,5530495.0
2021-01-04,399.13252731065165,399.5209193691849,389.37331070747746,391.4745178222656,15707145.0
2021-01-05,390.2695257240816,391.2454594541028,385.3899178552002,390.3193359375,16316150.0
2021-01-06,393.13756008844445,394.1533055502001,388.05877199843985,392.4404602050781,17262575.0
2021-01-07,395.14918311146585,395.14918311146585,387.8795654152568,388.8554992675781,17096585.0
2021-01-08,392.7591417773466,393.55583171121873,387.6305737899123,392.500244140625,16314485.0
2021-01-11,390.3691484554231,391.74341205483086,385.46960393457124,386.017333984375,14977605.0
2021-01-12,384.3542342796895,384.41398222300614,377.5925054392551,379.1061706542969,30177900.0
2021-01-13,380.6098943479551,380.6098943479551,373.8381670636047,374.85394287109375,27915650.0
2021-01-14,376.82570566479603,379.41489475172307,372.65313523089674,376.9551696777344,24018190.0
2021-01-15,377.2638811758337,379.2157183381241,369.2672901754136,371.2290954589844,13575820.0
2021-01-18,372.543637439277,372.8921874120177,366.23995512645007,367.8532409667969,25023140.0
2021-01-19,369.67561299482776,376.8257347150735,367.51462748363014,375.82989501953125,24027570.0
2021-01-20,376.4273834830333,376.4273834830333,372.33449715487916,375.1527099609375,15207240.0
2021-01-21,378.41904882993225,379.39498258069324,367.61418306811294,370.01416015625,28344310.0
2021-01-22,368.46066784246153,373.43986605654885,363.38187958596967,364.0789794921875,21490875.0
2021-01-25,367.4648245970588,371.9261970937633,353.52306973429774,357.3869323730469,33050690.0
2021-01-27,358.1039448983946,363.1727650796499,347.81690427560886,351.4716491699219,39461595.0
2021-01-28,344.75969809718737,351.42186776975626,338.78466021259567,343.136474609375,30179620.0
2021-01-29,348.51400487712823,348.51400487712823,339.3821418793585,341.1647033691406,25703435.0
2021-02-01,344.56053008941825,360.45412291018215,337.7987701369617,358.801025390625,24146050.0
2021-02-02,364.4773073374008,374.2564598717309,358.5122376335693,370.7112731933594,29356685.0
2021-02-03,372.44399006209784,375.0630529295778,362.48559460589206,368.8988037109375,21446975.0
2021-02-04,366.26979846751124,381.4065727811277,364.6764793950154,380.4903869628906,48208370.0
2021-02-05,381.4065815734138,398.0371156938265,381.03812576964003,394.8902587890625,81341680.0
2021-02-08,398.33583572852757,404.3108732644555,388.67617955586576,389.8014831542969,20107375.0
2021-02-09,390.3691151420755,393.3566338804077,385.95755309888517,388.2081298828125,11154615.0
2021-02-10,388.3774382072007,390.94669096500974,385.78824920769694,388.7857360839844,14304705.0
2021-02-11,388.2181314443716,395.2985672672398,386.6347500235379,390.5683288574219,11233885.0
2021-02-12,390.36913983848933,393.3566587658247,387.58080099588864,388.5865783691406,8453765.0
2021-02-15,390.3690965017462,398.13663269426115,389.7715867044887,395.5375061035156,14652175.0
2021-02-16,398.3358993192645,408.0951166963396,397.9375694980687,402.2495422363281,27400915.0
2021-02-17,401.3432814924556,403.0163151875248,392.19151275318217,396.2346496582031,21976120.0
2021-02-18,394.1831710267294,395.3184427453514,386.0073365128017,387.4712219238281,17691040.0
2021-02-19,386.83394076140524,392.3309649241443,383.41818751878964,386.1368408203125,13678415.0
2021-02-22,386.1368355694132,390.7774521208737,382.72111276386215,388.2978210449219,19266380.0
2021-02-23,391.3649980264066,391.3649980264066,371.6473843278873,373.0315856933594,27862010.0
2021-02-24,376.2481252220263,383.1990661847687,368.86895013412646,380.64971923828125,19107080.0
2021-02-25,383.7965739245806,391.40480301965295,375.9394153213128,377.5227966308594,28112580.0
2021-02-26,372.2448401720022,372.2448401720022,353.1247375805214,354.588623046875,42000480.0
2021-03-01,360.6931132303054,369.4365836530858,358.78108783728123,367.5444641113281,16300220.0
2021-03-02,367.4648576758994,372.12538028438235,362.50556491623684,367.3951416015625,19185745.0
2021-03-03,369.45649164485894,380.16176734615874,368.69964382377094,378.3194580078125,14378090.0
2021-03-04,371.2290826371163,380.4903787051067,368.4606497814102,377.9609680175781,20112570.0
2021-03-05,373.5394731165989,384.0555377925912,372.04571358432025,382.9003601074219,27039930.0
2021-03-08,382.4024307655916,387.9492649847671,377.08465060963135,381.5758972167969,23490050.0
2021-03-09,381.9642716673164,396.54337941573334,381.9642716673164,394.1434020996094,39591725.0
2021-03-10,394.99977962134005,398.2063844168266,389.81146370491024,391.1558532714844,13807350.0
2021-03-12,394.1533645885903,394.3525446967044,380.8091178916234,385.41986083984375,13101325.0
2021-03-15,387.1824595742562,387.1824595742562,377.04481881703555,382.1335754394531,13217765.0
2021-03-16,383.41817923333457,386.72437423519483,378.41907502494223,379.0564270019531,13846120.0
2021-03-17,379.0564210956355,381.94435001875684,370.65153197111,372.11541748046875,13474970.0
2021-03-18,374.63489939800894,377.0049723059246,363.50138868986306,364.5569763183594,10987875.0
2021-03-19,362.17691241632843,372.8423461955547,361.3005686916486,365.3038330078125,24015080.0
2021-03-22,365.074792420332,368.4506727593308,359.4980847505119,363.0133972167969,12170485.0
2021-03-23,367.2656629044873,367.2656629044873,358.27323178334825,361.0217590332031,21254280.0
2021-03-24,358.5022733451903,359.49811299337136,353.1944613922554,355.0068664550781,15230805.0
2021-03-25,357.0881665321073,358.26328041007366,347.5480361048808,351.1131286621094,20565065.0
2021-03-26,355.51472905471496,356.98858256956777,351.083230780001,352.736328125,16553785.0
2021-03-30,354.93715888482177,358.8906432598829,353.52305329975326,354.7678527832031,27877620.0
2021-03-31,354.27992418873544,354.3197358935583,347.0700244453195,349.1413879394531,18991915.0
2021-04-01,352.5272523551113,361.1412596466822,348.6733575944056,359.40850830078125,19013260.0
2021-04-05,355.73384291158453,358.4226221373648,345.43686452179674,350.376220703125,12241205.0
2021-04-06,353.7222612618641,354.8077228501399,344.30159614712164,352.18865966796875,14365225.0
2021-04-07,351.74046502058917,360.63333494688163,347.66748506921334,356.90887451171875,15790710.0
2021-04-08,357.70560802683593,363.2225377077406,354.2599810183328,355.16619873046875,14451450.0
2021-04-09,352.5272372242361,359.7869168052598,347.3687951145329,358.3529052734375,15696920.0
2021-04-12,349.98784891793895,352.1288980369642,343.226089344086,347.05010986328125,16641680.0
2021-04-13,347.7073767749258,355.7238738227149,343.2559723118433,353.6923828125,15593710.0
2021-04-15,358.5022473208595,360.39433643693053,349.06167720078986,353.17449951171875,17734430.0
2021-04-16,353.32385464450294,356.1420975455621,350.5454842248011,351.35211181640625,14561395.0
2021-04-19,342.5687904263713,342.5687904263713,333.6062348628907,338.73480224609375,19327115.0
2021-04-20,343.56465598248866,345.2775012801128,335.46847531379467,338.12738037109375,16585040.0
2021-04-22,336.5440180242062,346.50241441029766,332.45110130640336,345.7654724121094,17952220.0
2021-04-23,345.33725522908463,349.808565307528,342.6186021808048,345.3970031738281,9467250.0
2021-04-26,346.55217800975754,355.11640457892577,345.21775660337505,350.4658203125,16265310.0
2021-04-27,348.54388974546254,351.05339481100833,343.47506939575237,348.6036376953125,22666800.0
2021-04-28,351.03349664015195,363.28231287730654,349.34055698237853,360.78277587890625,20872995.0
2021-04-29,363.50134144120506,367.55441570167693,354.6284074077171,359.4980773925781,19800475.0
2021-04-30,354.5189310890489,358.90061966483535,346.4426857576338,348.3049011230469,13108915.0
2021-05-03,345.5563542295927,350.3363723335836,335.5979578541002,343.654296875,27969345.0
2021-05-04,348.74306281324175,351.33222162955684,343.62443234802834,345.08831787109375,21275755.0
2021-05-05,346.7513775539906,354.1205848703058,342.9472628052765,352.6766052246094,12058215.0
2021-05-06,354.85750081642345,357.2475099224278,351.172912308596,356.16204833984375,11901275.0
2021-05-07,357.7056059398371,361.09145459129184,353.22432762127875,354.588623046875,8053650.0
2021-05-10,360.2947858814264,361.14125569181044,356.6301031343266,360.364501953125,6662450.0
2021-05-11,353.84174608903965,357.3869327552555,349.19116162583214,349.62933349609375,14779880.0
2021-05-12,349.34056532260195,349.34056532260195,341.68255536338125,342.3398132324219,15909150.0
2021-05-14,344.3414413334431,344.3414413334431,338.8045751760729,339.9099426269531,14689460.0
2021-05-17,341.9713513150738,349.5397392108682,340.5771817952049,347.3787536621094,21057205.0
2021-05-18,352.12891472473854,352.71645648539163,348.5637916738819,349.55963134765625,23292070.0
2021-05-19,348.1355768404976,348.6135908093344,344.05262822969877,344.6700439453125,11860210.0
2021-05-20,344.9588343182736,345.9546739268082,339.60121236185915,340.2186584472656,12990190.0
2021-05-21,341.67258407252933,351.42186258646325,341.67258407252933,350.0675048828125,21465560.0
2021-05-24,351.26253307867546,354.29983187562635,346.9505303460488,349.93804931640625,18069535.0
2021-05-25,352.60691630616344,353.3040162696136,346.1538943409026,348.64349365234375,11008125.0
2021-05-26,350.5455339465545,350.8940535205359,345.93479138584917,346.6816711425781,14225500.0
2021-05-27,346.5521743677079,355.20602276233444,343.7040877520649,353.97119140625,26699940.0
2021-05-28,355.7139028615384,361.09143040550055,354.17033330972123,358.651611328125,16235045.0
2021-05-31,358.3031069522023,360.8524541177225,355.51476798698195,360.035888671875,11554045.0
2021-06-01,361.48975253844014,363.28225155180786,356.11222510772603,357.90472412109375,11449080.0
2021-06-02,357.10806473156975,357.10806473156975,352.5271967744574,355.13629150390625,15494245.0
2021-06-03,356.510614329014,364.0690340417971,356.510614329014,361.3304748535156,17220655.0
2021-06-04,362.48559749550964,362.67480944193477,357.9047294710155,360.73291015625,7543530.0
2021-06-07,363.48146425854304,363.48146425854304,359.89643551924013,361.4698791503906,5480695.0
2021-06-08,361.48978132003606,361.78852104917917,356.0823794882522,357.2176208496094,6655155.0
2021-06-09,356.4906657967951,360.8922597464423,353.52305289106096,355.0964660644531,10188570.0
2021-06-10,356.05252353985793,359.0997904938336,353.7222623627363,358.41265869140625,9272445.0
2021-06-11,360.29478663199666,360.49396672566036,356.1122781805986,357.3769836425781,8109640.0
2021-06-14,356.49069991417934,356.49069991417934,350.43597763547825,352.13885498046875,12715010.0
2021-06-15,353.6823851347023,355.34542019695044,351.7305480879408,352.7064514160156,8679120.0
2021-06-16,352.6965186775184,354.7081036956675,349.1413640705005,350.655029296875,14227715.0
2021-06-17,347.9962028632503,352.88574915247784,345.7555634896897,351.74053955078125,12891210.0
2021-06-18,353.5131120484535,353.851693886813,345.2078129104866,350.62518310546875,13393945.0
2021-06-21,346.5522108388248,353.9612605362834,344.8194595096276,352.935546875,6396605.0
2021-06-22,354.5189094434194,355.5147490766874,349.3405311941801,349.9579772949219,7858715.0
2021-06-23,351.3322347604318,351.3322347604318,344.0128372621604,345.89495849609375,38011745.0
2021-06-24,345.5563680094501,347.1297813276513,344.0028605441727,346.1339416503906,17976965.0
2021-06-25,345.55633544921875,349.34051370999697,342.7480605302073,345.55633544921875,47888225.0
2021-06-28,345.5563913554451,348.145580769373,343.0070440406716,345.1679992675781,17502535.0
2021-06-29,346.1140406937356,346.1538827907619,338.98382485680855,339.7506408691406,51973310.0
2021-06-30,339.7506408691406,347.24931252936807,338.27678718532366,339.7506408691406,44110495.0
2021-07-01,340.55722189966895,343.60448850618445,339.8103422335502,341.79205322265625,14941930.0
2021-07-02,343.96300986960927,344.1621899563401,340.5771611294858,341.6028747558594,11212755.0
2021-07-05,343.9630062506367,346.5123533027739,342.8675765663713,344.77960205078125,9438355.0
2021-07-06,344.3613415873926,350.5355596233682,343.96301180230716,349.60943603515625,18461110.0
2021-07-07,349.7388957234871,352.2284948377186,347.17958054030964,350.89404296875,13630910.0
2021-07-08,350.13724639441165,351.13308609952054,343.5646982625697,345.01861572265625,11040075.0
2021-07-09,344.3613580963679,344.5605381937668,341.563050954425,342.5788269042969,8490830.0
2021-07-12,344.9588513051766,347.1497107080831,343.5945558367998,344.94891357421875,8685325.0
2021-07-13,347.1497237492536,349.0418130915985,343.28586087022046,347.97625732421875,10333195.0
2021-07-14,346.55219157808074,350.12725220639476,345.67584784032766,348.1754150390625,10794920.0
2021-07-15,349.93803426810075,349.93803426810075,346.5521856587528,348.5538330078125,9752780.0
2021-07-16,349.63929459553265,350.9338739376429,346.55218571363906,348.44427490234375,9190250.0
2021-07-19,345.33726052256304,346.55218606865816,340.9754781457525,343.1264953613281,10731685.0
2021-07-20,343.1265139002212,343.325693990256,337.78882786217457,339.11328125,10719295.0
2021-07-22,339.89003671229943,342.95723992705956,339.2128730277059,340.0195007324219,9291265.0
2021-07-23,340.57712080520565,344.0227170852674,337.4202961089144,343.1563415527344,9979000.0
2021-07-26,340.89583411744707,348.5438752871433,333.27766692143666,346.67169189453125,19695475.0
2021-07-27,348.94220930629893,349.14138939370025,337.36058924710875,338.17718505859375,21505655.0
2021-07-28,339.5813018285067,339.740639810549,327.8304067660527,329.1947021484375,25263775.0
2021-07-29,331.4154242382611,331.4154242382611,325.65947226169743,326.9640197753906,14971325.0
2021-07-30,326.9640058106084,332.5905239201354,323.8470533591262,329.58306884765625,16110005.0
2021-08-02,331.61461563126494,334.06437275088035,330.1208561013944,331.634521484375,12954880.0
2021-08-03,331.6146246300831,336.444453319185,331.6146246300831,335.7274475097656,16150700.0
2021-08-04,338.3265783679936,349.1911934120965,335.5979872471241,348.533935546875,35020800.0
2021-08-05,350.87411564908035,357.1080811747026,349.0517425808306,352.8757629394531,30260460.0
2021-08-06,352.32805108513264,355.4550021298855,349.7687663173007,353.96124267578125,18202345.0
2021-08-09,353.961239036647,356.4309322493289,350.953814307258,354.6981506347656,7984430.0
2021-08-10,355.5147475262585,363.46155870570163,354.3794757617893,361.1412353515625,22974240.0
2021-08-11,362.66563216085916,362.66563216085916,351.1380386983768,354.81451416015625,15509515.0
2021-08-12,353.71852764488864,356.8868932486303,351.1081371205042,356.22930908203125,8208450.0
2021-08-13,355.4920074655726,358.4810098727575,353.4694503862724,356.2890930175781,9199585.0
2021-08-16,355.49198487319813,358.9193765147408,353.0509846392182,355.1632080078125,7768305.0
2021-08-17,354.4956857612306,357.6839672696491,354.10713124563733,356.3588562011719,7096685.0
2021-08-18,356.3588392462255,356.7971982872134,347.8401642488985,348.65716552734375,13818265.0
2021-08-20,345.1301112338751,345.1301112338751,338.15577283547697,339.4609680175781,28216210.0
2021-08-23,343.6456302611296,343.6456302611296,338.75362572332267,342.11126708984375,15465845.0
2021-08-24,343.73529398339764,343.73529398339764,337.0797889219002,339.73004150390625,23539855.0
2021-08-25,339.74995760948036,342.08137595729465,337.5580102368141,338.1956787109375,14569050.0
2021-08-26,337.5181850645038,342.04152046374986,336.5417665974079,338.2554626464844,21912885.0
2021-08-27,337.7573132526934,343.49620830504375,337.7573132526934,341.4537048339844,18306575.0
2021-08-30,341.93194818752295,346.63464698807456,341.93194818752295,345.8973693847656,12806265.0
2021-08-31,347.53130605594464,350.62992101658836,346.5349719242156,349.4542236328125,22463045.0
2021-09-01,349.4641852405619,349.4841009764895,346.32573890970616,348.04937744140625,36331770.0
2021-09-02,349.11548451890707,356.3687960069264,347.5213437774917,353.97760009765625,28819220.0
2021-09-03,357.28541168383333,360.96188691794583,354.20674298641535,357.0562438964844,24225670.0
2021-09-06,360.27442547887034,360.27442547887034,352.7022800519807,353.60894775390625,9509655.0
2021-09-07,353.6089465354138,354.5853649200546,347.9198872180589,351.6760559082031,14614185.0
2021-09-08,350.72956326704195,364.2597990824146,349.71331330264456,361.73907470703125,76247785.0
2021-09-09,363.861242659345,366.9897160700672,360.0352927777113,362.2372131347656,18214625.0
2021-09-13,364.35945051977916,368.60381378538744,357.63419427446036,366.6609802246094,16358075.0
2021-09-14,368.64365924686325,374.42238552682846,367.67721384287967,372.1806335449219,20840400.0
2021-09-15,373.426017585876,378.29810604792607,370.23776663187584,372.96771240234375,24070115.0
2021-09-16,374.02383210462824,380.59964354545514,372.2304428051778,379.96197509765625,20643915.0
2021-09-17,381.79528824875604,401.9212214065495,381.19748163094465,400.11785888671875,73192445.0
2021-09-20,396.5409876247103,405.9463843365065,394.8173186168707,398.8226013183594,29405445.0
2021-09-21,401.9211930239174,404.04338964414455,397.7565235432522,400.71563720703125,19334440.0
2021-09-22,401.8215156071714,402.99721291031807,394.30917866123696,395.6542053222656,9559045.0
2021-09-23,399.3307337708805,408.8955481378461,396.7203430411207,403.3160705566406,14945535.0
2021-09-24,404.51163793972563,408.96525250962515,401.3034409743204,404.1330261230469,10574440.0
2021-09-27,404.7507524501716,410.0911190027798,403.61494739444487,405.17919921875,9150320.0
2021-09-28,406.5043483341936,414.0366323561648,401.10420366163544,412.1236877441406,19496335.0
2021-09-29,410.4697409095601,410.48965664586797,402.548872508602,404.601318359375,17101570.0
2021-09-30,403.604971429388,405.5079731831827,397.895966168004,399.6296081542969,22863740.0
2021-10-01,397.93582499761993,400.68571678497466,392.9342388680211,397.24835205078125,16869890.0
2021-10-04,397.53734442886935,401.50276547724684,396.1424826348217,396.7303161621094,10215265.0
2021-10-05,397.5174100081658,398.1251592447669,393.651628642273,395.0166015625,13599035.0
2021-10-06,393.76124000372664,399.5300236720913,386.99615251744825,389.71612548828125,14896375.0
2021-10-07,392.1571478932802,394.99670644943325,388.4208946366859,389.05853271484375,11110650.0
2021-10-08,388.570314426335,391.78848464315047,384.7842568583091,385.8503112792969,9689170.0
2021-10-11,388.37104024386616,399.5299949072998,387.57398508463746,393.6316833496094,11880835.0
2021-10-12,394.54830243194556,399.33069393550585,391.55930014079445,397.5572204589844,9454510.0
2021-10-13,399.330704740722,402.9175136682971,397.4476490573104,400.39678955078125,8712390.0
2021-10-14,400.12779055305054,403.6149599894342,395.5446474983768,402.0805969238281,8261780.0
2021-10-18,402.08056778626576,407.8892123394159,400.1177884866526,400.8451232910156,10833895.0
2021-10-19,400.90491892285,407.49067271104127,396.95944441127324,405.5777282714844,8476015.0
2021-10-20,406.9028671925117,407.4907007015926,398.17500057682156,401.6123352050781,8974465.0
2021-10-21,404.7109309709324,429.4200049397549,402.9175113147684,427.1782531738281,47477590.0
2021-10-22,429.4000977877761,438.71579765452054,422.99364617140685,432.68798828125,29659130.0
2021-10-25,428.822206466676,434.98951720691815,421.45931300550416,429.32037353515625,33886310.0
2021-10-26,429.3203494380488,446.3576683049359,423.18292785017155,440.5689697265625,53345005.0
2021-10-27,438.38701505447875,448.9481628619321,433.7241786462684,436.0456237792969,22752840.0
2021-10-28,436.0456488361006,436.39437188107377,416.54738158961555,418.1614685058594,15511445.0
2021-10-29,413.9867934823311,417.8525746726263,401.5226441054604,404.7408142089844,23331725.0
2021-11-01,409.4933327209732,415.8300032749097,405.4681342701672,413.7775573730469,9832940.0
2021-11-02,411.715156767736,417.1651055861339,410.4896548617796,413.80743408203125,7681030.0
2021-11-03,414.47501109839015,420.77185029513885,404.1131419020715,406.0161437988281,10336455.0
2021-11-04,406.5043158191066,410.8881798105248,406.30503683534505,409.891845703125,1025885.0
2021-11-08,409.4933161554779,423.9600763787129,409.4933161554779,422.21649169921875,10609980.0
2021-11-09,422.4456861471121,423.8306052318143,415.1325970214576,417.90240478515625,8887865.0
2021-11-10,415.47131273363084,416.73664607336116,411.09739151323225,413.6878662109375,7228940.0
2021-11-11,413.08013716365247,414.01669368008754,408.0088000810057,409.3139953613281,7735765.0
2021-11-12,412.0838306174976,414.47502661296954,409.10477068783626,413.4189147949219,7172140.0
2021-11-15,414.4949104344038,420.05447186163417,414.47499469801994,417.92230224609375,9096640.0
2021-11-16,418.4404414477786,419.2275235608521,412.4823520827512,415.0429382324219,7725535.0
2021-11-17,412.4823605691065,414.8436677683209,407.6003290493092,409.11474609375,7233815.0
2021-11-18,408.4969838934968,410.97784609024427,400.30711631725757,403.4057312011719,13965995.0
2021-11-22,407.30137995399343,407.30137995399343,386.7769212120325,389.65631103515625,13741645.0
2021-11-23,386.1790990077002,397.1686627940003,385.12298730573394,395.12615966796875,16148125.0
2021-11-24,394.45865422522087,403.5053548656416,392.555652363303,400.8052978515625,9737415.0
2021-11-25,402.51900533176644,408.09848277394195,401.1340862384851,405.5279235839844,15822140.0
2021-11-26,398.93219853314537,399.9285327105037,389.58657908461095,391.4198303222656,13237765.0
2021-11-29,397.1387955974255,407.50066460652374,386.0197029095996,402.4393005371094,20859500.0
2021-11-30,403.11679359548657,406.42463019228137,387.9525869764696,390.94158935546875,21329080.0
2021-12-01,394.34905328525394,395.7239993081194,386.5776589025874,389.2378845214844,12928465.0
2021-12-02,388.0821291396655,394.73763404392827,387.6935442217776,391.4098815917969,9664645.0
2021-12-03,391.89806230018183,396.52106724932776,379.6431646867707,381.4365539550781,17458620.0
2021-12-06,382.59234517432714,383.8875675139363,374.0238646960522,375.6578674316406,15406680.0
2021-12-07,380.9981755144817,391.320213190853,380.6395098127391,386.0097351074219,36722375.0
2021-12-08,392.5556512979128,392.5556512979128,381.68564217800935,382.6819763183594,25627975.0
2021-12-09,383.7879076389165,385.95990868043407,375.8371505716182,381.8649597167969,23272265.0
2021-12-10,381.59596400510645,382.59229811478036,376.31540538611637,377.9593505859375,15274610.0
2021-12-13,380.5996551844366,381.7952683577696,371.08467596710807,373.2467041015625,20425550.0
2021-12-14,373.2466855555206,373.42601840089804,361.8785095249634,366.73065185546875,50556260.0
2021-12-15,367.76683787731247,374.97034436147345,366.00333746756354,372.1108703613281,26528735.0
2021-12-16,375.79729548334285,376.8036026727592,368.82295665449465,370.7857360839844,15272310.0
2021-12-17,369.6399751851164,370.6263362785608,356.6876310411635,357.4448547363281,14675630.0
2021-12-20,354.6949485658402,354.6949485658402,343.21719038976323,347.2224426269531,16345895.0
2021-12-21,350.91886630238355,352.30378545972553,342.9382498944906,346.0368347167969,11321155.0
2021-12-22,348.3184190424533,352.7022831473243,345.3593054506671,351.1878662109375,17269195.0
2021-12-23,355.6714042653244,356.4285976040172,352.17426138924145,353.8182067871094,9598245.0
2021-12-24,354.6949717035159,354.6949717035159,344.73162980173174,348.39813232421875,11357850.0
2021-12-27,347.34198478067265,354.48571356781855,342.9382051403389,353.3897399902344,8269165.0
2021-12-28,355.6912949939327,356.6278515364572,351.81554051816767,353.6787109375,6428355.0
2021-12-29,353.4993457352051,354.6949588824844,349.5339552612827,351.5465393066406,7059540.0
2021-12-30,350.51034265532263,352.6923168815555,347.451619915762,349.7630920410156,12491975.0
2021-12-31,351.1081313364836,358.87955557269095,350.7195768478103,357.90313720703125,11064460.0
2022-01-03,358.08247322170456,364.2796726050549,357.00644576090696,363.5523681640625,9925545.0
2022-01-04,364.6582933036515,370.0384915499414,361.7290685151494,369.1617126464844,13177875.0
2022-01-05,370.03851845033046,384.2562270458583,366.6709039652871,383.020751953125,21040835.0
2022-01-06,380.02178424649094,381.59597882239154,373.62530563550087,376.992919921875,11290150.0
2022-01-07,376.9929109179703,383.6683313091358,375.33899262250713,379.453857421875,11516755.0
2022-01-10,379.4538537642794,389.62641656444055,378.8759629504073,388.16180419921875,14310435.0
2022-01-11,388.17178103888926,389.4171986946829,382.6321657383757,385.9399719238281,13570095.0
2022-01-12,389.52677144212856,393.7811375111788,388.0023814844969,389.8854675292969,10746980.0
2022-01-13,390.5629750722542,391.9379210228804,383.1004422426633,383.8576354980469,7435760.0
2022-01-14,380.40037580237373,387.57399402370675,378.2084588610875,386.218994140625,9143810.0
2022-01-17,382.9908198222502,389.15813029930064,382.3133199353987,386.0694885253906,8382365.0
2022-01-18,384.58495794414773,393.5519647355916,384.58495794414773,387.00604248046875,10407280.0
2022-01-19,387.57399421628924,387.57399421628924,378.62690237547343,379.73284912109375,7608510.0
2022-01-20,383.58867242484547,383.58867242484547,374.02385788843515,377.1324157714844,7449105.0
2022-01-21,372.28026184506547,378.8062689949971,368.55398172598467,377.361572265625,8769480.0
2022-01-24,375.43862545893694,376.19581870430125,360.6729466973293,364.8376159667969,12737170.0
2022-01-25,361.6095207758306,373.40611352651104,355.1333487660441,369.5702209472656,12845325.0
2022-01-27,366.6509765584459,378.3180412391401,362.89480766312687,376.4648742675781,18593095.0
2022-01-28,377.610634820439,389.9452562000668,376.34530142289907,378.2682189941406,24859820.0
2022-01-31,382.59229880787143,386.3584405330333,366.85023200878754,370.08831787109375,22583125.0
2022-02-01,375.020178436477,379.6033217354212,365.47531039182405,375.0799560546875,15485430.0
2022-02-02,380.75906303299337,388.17179155352613,377.9892553077092,387.0957336425781,13552540.0
2022-02-03,386.5577344390981,387.065844179687,377.8198644844882,380.41033935546875,11198565.0
2022-02-04,381.39670014443107,382.1937857071995,374.67144463745535,375.45855712890625,8856335.0
2022-02-07,368.64362388831444,376.614296837251,362.66561917661204,364.34942626953125,10269795.0
2022-02-08,365.6545949201948,368.25501218578944,357.30531074893037,362.2272033691406,17846850.0
2022-02-09,365.7742183288453,368.20527628699585,363.19371631705997,365.6546630859375,8120290.0
2022-02-10,365.6546502613983,376.3951316877255,364.70812061206294,372.071044921875,12540405.0
2022-02-11,369.46060021890946,369.46060021890946,363.0641222307346,364.3095397949219,9298775.0
2022-02-14,356.69757446252083,363.4327721816401,346.3157599485273,348.0892333984375,15134105.0
2022-02-15,349.91256111311077,362.46634691605385,347.92983550439504,361.2906799316406,10276375.0
2022-02-16,361.68918385716233,369.2115243438882,358.6802659058937,364.6682434082031,11348780.0
2022-02-17,365.65462532421674,367.497849543913,360.7526480312785,362.1275939941406,14051145.0
2022-02-18,360.48362545191065,364.8575465898954,359.8459874615825,363.9707946777344,6148340.0
2022-02-21,360.27441032570783,368.9026671291432,359.0987434056856,364.0804138183594,6719555.0
2022-02-22,356.687600501504,368.4642766199001,356.687600501504,366.9996643066406,15110375.0
2022-02-23,369.22148504735355,381.16755182967677,369.22148504735355,375.837158203125,34579605.0
2022-02-24,365.5251172245273,373.5057637683104,354.04735837073326,357.6540832519531,24780215.0
2022-02-25,362.8549160411809,371.8817004982467,358.889495401938,369.97869873046875,19969430.0
2022-02-28,366.0531354616354,369.04213770613273,361.6094939717462,367.19891357421875,13562810.0
2022-03-02,361.03163641125127,362.536110742631,353.7584091090681,359.87591552734375,14154775.0
2022-03-03,361.26076300614824,362.5859043325527,353.22033984815334,357.1359558105469,14810715.0
2022-03-04,352.7022752982916,355.88058354487663,345.4688799225183,349.1453552246094,12745970.0
2022-03-07,337.4583756970653,344.91093539076627,334.7782345049144,341.1248779296875,13489675.0
2022-03-08,338.75360017455824,344.6319653905641,333.28373559568263,343.3566589355469,27182480.0
2022-03-09,343.3566709407075,348.3483147770452,337.15947129284166,346.5449523925781,34597305.0
2022-03-10,358.6803067291926,361.2707816922669,345.9272413188816,349.5837707519531,20942345.0
2022-03-11,347.7206249923728,354.67504843827436,345.9272356503965,351.30743408203125,12531700.0
2022-03-14,347.81028032047215,358.15223352993746,347.12280733332005,356.43853759765625,16583245.0
2022-03-15,355.49202832528044,356.677668448825,341.54334960659804,345.4788818359375,24037275.0
2022-03-16,350.70959513029254,353.6587354848368,349.26489855625306,350.8092346191406,14636205.0
2022-03-17,356.68764420394064,364.1800664545723,355.2031159732532,362.6656494140625,16795035.0
2022-03-21,361.79882370794957,364.658297845266,353.30009464925945,354.1170959472656,11988495.0
2022-03-22,354.1170885577439,361.39031551765106,349.7830290270794,360.2445373535156,16987280.0
2022-03-23,361.6693085343855,364.1103394457293,350.31110492601715,352.6524963378906,16131700.0
2022-03-24,341.7425713154694,344.51237869474284,338.95284820170536,341.57318115234375,98550890.0
2022-03-25,344.33306448901,345.09025771472324,341.1447832673966,343.1872863769531,15195750.0
2022-03-28,344.3330911805519,344.3330911805519,337.16944615010715,343.775146484375,15351020.0
2022-03-29,346.3257691969966,346.90362964646965,342.48987649906576,344.73162841796875,12928950.0
2022-03-30,348.59738579165975,352.47310969661055,345.92721765492655,351.32733154296875,16790770.0
2022-03-31,349.7332449447632,354.4459169937857,348.1191882902672,349.4841613769531,14242040.0
2022-04-01,348.57745569693503,354.69496205292364,347.84017814608904,354.02740478515625,11868865.0
2022-04-04,356.08982533460403,366.6509735897992,345.72795607516395,365.8638610839844,19987830.0
2022-04-05,365.86385409955864,366.26238167775495,357.52454214283773,359.1186828613281,10664355.0
2022-04-06,356.1894347679488,357.2854083406831,353.0509884867984,354.57537841796875,11745005.0
2022-04-07,352.9015712978735,357.0861565224611,351.307430562252,351.9949035644531,21943915.0
2022-04-08,353.7484504281166,356.6876485209492,349.9325037679818,355.5916748046875,11908355.0
2022-04-11,353.6986086948189,359.90578113993917,351.3671905284446,355.3824157714844,9589710.0
2022-04-12,352.91149788885315,361.2010050119424,352.70227623857994,359.0489196777344,12061210.0
2022-04-13,360.21465796402475,362.366743381844,353.25026156302897,354.6152648925781,9618460.0
2022-04-18,353.81816327310617,353.81816327310617,344.7316010806333,348.796630859375,9800705.0
2022-04-19,351.30739140653736,352.0446688722339,336.1631017146307,340.2480773925781,11947870.0
2022-04-20,341.34409796115733,344.13382151768405,335.4457862057356,342.9980163574219,16007725.0
2022-04-21,343.7352987333433,353.3897795563103,343.54599280303364,350.8790283203125,13653455.0
2022-04-22,346.72429506644096,348.49776869279395,343.01793069605424,344.28326416015625,11280190.0
2022-04-25,339.251771483817,346.30580375025676,337.5579912994426,344.50244140625,10746970.0
2022-04-26,347.93982905730536,348.3184409166048,344.98071527968887,347.2623291015625,7273885.0
2022-04-27,343.5359934116669,349.11547058101576,343.5359934116669,347.0231628417969,14112960.0
2022-04-28,348.5176700228087,353.30009213841134,345.20986378622024,351.8354797363281,11712485.0
2022-04-29,352.49306438875743,360.73273679183046,352.1044794788849,356.8370666503906,18443295.0
2022-05-02,351.81553397866566,354.7846206652783,348.72692246573547,353.569091796875,9897330.0
2022-05-04,352.303789704016,363.4029372119361,352.303789704016,353.8182067871094,28732370.0
2022-05-05,358.8795566667024,362.86489308540774,355.551774000064,358.2020263671875,17840235.0
2022-05-06,349.74316702255874,357.6739781516722,348.7169440890392,353.7583923339844,14237415.0
2022-05-09,347.72062827707856,355.49202270666206,347.322100686842,352.2041320800781,10846810.0
2022-05-10,352.7023088009121,360.4338719666001,352.20414169808595,358.1123962402344,9949270.0
2022-05-11,358.2817412270996,362.2670775468544,357.88321367626475,360.6629638671875,13109420.0
2022-05-12,359.2382314057829,359.99545507425125,350.1118071281926,350.8889465332031,21411340.0
2022-05-13,355.6912555919811,357.6839236905356,349.91253026845385,354.6052551269531,13685110.0
2022-05-16,354.89423165821376,363.6619598989756,351.9351180559583,361.2408752441406,15195905.0
2022-05-17,363.2634466590897,367.627395214983,362.1873887217896,366.71075439453125,15103905.0
2022-05-18,368.03587014040073,371.43334268604434,366.82034131442214,368.0059509277344,26608920.0
2022-05-19,361.0714997510634,364.12027990096493,354.36619019788213,355.3724670410156,15541605.0
2022-05-20,360.8722545624393,366.6310649449767,357.57439083712524,364.4889221191406,13248360.0
2022-05-23,369.042152581306,372.92784957463476,366.90004030088033,369.5004577636719,14130390.0
2022-05-24,370.22778959042193,376.61429490670423,367.2088984427154,375.13970947265625,17109500.0
2022-05-25,378.1785595174548,386.8765371621093,375.87703007007775,380.1114501953125,31263010.0
2022-05-26,381.58598773318585,382.99082246472585,375.4286502844219,380.33062744140625,24749145.0
2022-05-27,382.79154768165654,388.57027291139144,381.1974071475464,387.81304931640625,12201835.0
2022-05-30,387.62380317703304,388.9190558631792,377.7202389286845,379.2446594238281,19939000.0
2022-05-31,376.8334932461474,377.8398004402799,364.32951216382156,368.01593017578125,74151530.0
2022-06-01,366.65097083649437,373.42603096140823,365.72438736517364,371.6525573730469,11913225.0
2022-06-02,368.2849436686592,374.422334840153,367.8465542413092,370.1679992675781,13321505.0
2022-06-03,374.42236650771025,374.42236650771025,369.2613628377817,370.3673095703125,9076875.0
2022-06-06,367.6472719311736,374.0238038997878,367.2786331900846,372.48944091796875,12940485.0
2022-06-07,371.4333330070185,371.6326119853777,365.05680097366474,370.26763916015625,8558195.0
2022-06-08,370.6363112541567,374.64156367165555,366.4018910314949,367.7469482421875,7328080.0
2022-06-09,366.40186938977524,373.1968753254536,364.1999795176446,371.6724853515625,6404340.0
2022-06-10,366.6509710680812,369.48055643524805,355.5019893795057,357.0462951660156,14299750.0
2022-06-13,347.3220904808155,349.23503502002154,342.46994803928425,346.19622802734375,11747225.0
2022-06-14,345.84748848540596,348.44793630156994,343.05776516318383,346.66448974609375,7755235.0
2022-06-15,346.3257313206539,348.7169270248264,344.5123960027561,346.05670166015625,8850845.0
2022-06-16,347.12278899973467,349.42431830274575,332.7755842623776,333.93133544921875,14866460.0
2022-06-17,330.9822297468152,335.5055650727492,328.51131001205033,333.49298095703125,15819320.0
2022-06-20,333.4929668217069,336.73105279869606,329.188796010309,334.6088562011719,8837885.0
2022-06-21,336.7609187687922,340.54697610746183,333.2837225622175,335.067138671875,12518015.0
2022-06-22,331.7792638020439,333.9413222329576,329.3880679819088,332.7158203125,8859625.0
2022-06-23,333.77196106739217,337.7572979159581,328.5511795255972,335.5852966308594,12454005.0
2022-06-24,338.7535876213341,341.7226741294801,336.7908082650647,338.43475341796875,8088605.0
2022-06-27,342.1809926016304,342.7190215400219,335.76459843644204,337.0697937011719,10640560.0
2022-06-28,335.7446962353675,337.2292244041739,331.7194977147404,332.5364990234375,13997215.0
2022-06-29,328.7902714242714,330.57371807680664,326.1400189210759,327.2857971191406,14664150.0
2022-06-30,325.2034641152592,334.1505558283588,325.00421552645435,331.00213623046875,19910320.0
2022-07-01,327.7939318188514,334.6686312986529,326.0005425304527,332.3272399902344,11502570.0
2022-07-04,332.0881501645695,335.6550436320082,330.7929278653115,332.9549560546875,9343905.0
2022-07-05,333.7719392411976,337.7174139496752,330.17518756530706,331.39068603515625,13210485.0
2022-07-06,335.166795484145,341.22452402595593,332.97487864004216,339.6502990722656,27864745.0
2022-07-07,342.34040856207855,347.52132772523595,341.951823661847,346.4253845214844,15850325.0
2022-07-08,349.713310386191,350.0022558229001,345.17002878627994,347.67083740234375,8890745.0
2022-07-11,347.3220506300568,348.1191056956566,344.3729104004955,346.97332763671875,7665895.0
2022-07-12,343.0378032961649,346.52497249193766,341.134832006347,342.5296936035156,9144160.0
2022-07-13,343.5359697182959,347.9098908108745,343.4164144967069,347.13275146484375,18067340.0
2022-07-14,346.7243019947932,354.0971690020469,346.1364684648087,352.7122802734375,32854910.0
2022-07-15,353.16058297123567,356.6876142627381,352.7022777905288,356.22930908203125,11668660.0
2022-07-18,358.6802894130883,368.6436307856741,357.5345112363819,367.7768249511719,15585190.0
2022-07-19,365.6546263914566,369.04215635862886,364.26970735343735,365.6446533203125,14475875.0
2022-07-20,367.8963788769765,368.64362947726823,362.2870128392069,364.2099304199219,12857345.0
2022-07-21,363.6619442709052,363.6619442709052,356.2492161798858,358.78985595703125,10933370.0
2022-07-22,358.8795486912998,367.0494699246629,356.62782393494626,364.0804138183594,16747900.0
2022-07-25,361.8685820893583,368.40453180095915,355.7112138209191,357.7935485839844,9432575.0
2022-07-26,356.88689183872884,357.6739738967737,349.11546750519943,351.0284423828125,9012235.0
2022-07-27,350.93880091392913,350.93880091392913,345.1999062787431,349.5339660644531,17398225.0
2022-07-28,353.6587562263423,365.0269323611738,351.70594983434387,364.3594055175781,10772005.0
2022-07-29,366.1827131211415,370.018605933159,359.4076526159031,360.74273681640625,11939990.0
2022-08-01,361.6692812923173,371.0348158286635,361.07147474623054,369.7893981933594,8277685.0
2022-08-02,368.9823735209422,377.2121030634292,365.4952041087974,375.53826904296875,16788030.0
2022-08-03,373.6252685084429,374.58174068222786,366.65093016295197,368.86279296875,12678395.0
2022-08-04,369.9587790560346,370.43699995630095,361.51982815544824,365.7641906738281,11805930.0
2022-08-05,367.5975139068634,368.6436526507518,363.1937033804705,365.4354553222656,8322855.0
2022-08-08,364.6583054512635,368.5440026249309,362.0279686532697,367.54766845703125,7779625.0
2022-08-10,368.24511479380214,368.4941983359509,362.87485903033706,364.32952880859375,8286635.0
2022-08-11,368.6661506620457,370.1914583394402,365.4759803792382,369.56341552734375,13891690.0
2022-08-12,370.8594126145072,370.8594126145072,366.1738110919787,367.1109313964844,6982610.0
2022-08-16,368.9552800017806,371.21830910396585,366.58257234517595,368.1377868652344,6568120.0
2022-08-17,369.6631062169337,369.6631062169337,365.10714106780506,366.8118896484375,16916670.0
2022-08-18,366.672305983003,381.22754818805544,365.2766044946304,379.7321472167969,18306580.0
2022-08-19,382.62326308521585,387.2988860531261,373.05272087297584,374.2490234375,22819530.0
2022-08-22,364.26972884885686,366.47294447004504,361.14932056114077,365.2865905761719,20813785.0
2022-08-23,363.6814873531249,372.6538927689817,362.88395237465244,370.01202392578125,11071500.0
2022-08-24,369.06495828710547,373.6408814397882,367.1508317278087,372.374755859375,7078125.0
2022-08-25,373.8701601090987,379.92155650569543,370.09180233243814,372.60406494140625,11022045.0
2022-08-26,373.3218621722943,384.21834308118105,372.6339753042154,379.24365234375,16715440.0
2022-08-29,370.4606398606673,374.4383963487891,367.86860566010347,368.86553955078125,18198365.0
2022-08-30,371.82646875368624,382.82264936617617,370.2612750990463,381.9154357910156,19429250.0
2022-09-01,373.850208146927,383.91924650448584,373.850208146927,379.40313720703125,21039210.0
2022-09-02,382.21451341727743,384.6170974116216,379.7121995212812,382.59332275390625,16656880.0
2022-09-05,381.0281832856818,390.19995774259894,381.0281832856818,386.39166259765625,19033850.0
2022-09-06,387.7973100016084,388.794243906689,380.82875174077793,381.96527099609375,13839270.0
2022-09-07,378.83489298297195,381.84562249561446,375.983676549835,380.4798278808594,9881290.0
2022-09-08,382.8425578366214,386.4115983527019,381.2275297336837,384.82647705078125,12060915.0
2022-09-09,388.8042229225697,388.9438082727838,382.1247535899376,384.0887145996094,14089865.0
2022-09-12,383.81957718560346,387.6079140895196,382.3740107642614,383.62017822265625,7418405.0
2022-09-13,385.41467591058966,386.8103773730099,382.85254832571223,383.50054931640625,7922905.0
2022-09-14,377.2398031877518,394.3471935382023,377.2398031877518,389.7413635253906,18712145.0
2022-09-15,392.29348329019945,396.2214052264412,383.420777808844,385.6439208984375,18737490.0
2022-09-16,384.0687982029679,394.7858379970806,380.8486906424191,384.8763122558594,25844110.0
2022-09-19,383.4407226636407,386.8103642093887,380.34027274991973,384.716796875,8379560.0
2022-09-20,387.6078980619147,391.13705267688096,385.41466168023635,386.7605285644531,8063650.0
2022-09-21,384.2183289900828,388.8042311344187,378.51586571648426,382.5235595703125,11191380.0
2022-09-22,379.9414917983545,383.7398382250927,375.0864282183014,377.38934326171875,9286135.0
2022-09-23,372.8732394626168,376.58183511716015,367.2505475874122,371.3977966308594,13068795.0
2022-09-26,366.0741681850128,370.46067159494874,362.2160081414267,364.6784362792969,11425880.0
2022-09-27,365.3164644808933,365.8448382363292,357.3110863990948,358.7566223144531,13700720.0
2022-09-28,356.90235115253404,360.49131942769657,353.9314770534254,357.4207458496094,8855585.0
2022-09-29,359.2949691552134,360.89006946971534,350.87089600901294,351.97747802734375,13998135.0
2022-09-30,352.51583287640716,364.1699925931159,350.4621514777749,362.72442626953125,14023265.0
2022-10-03,360.4913251690146,361.488259126659,353.5726010690417,355.68609619140625,12200320.0
2022-10-04,360.49131279980753,364.43916261789764,359.294979922079,363.33258056640625,8344610.0
2022-10-06,363.88090300757284,366.8717049501009,361.2589617701149,362.6646423339844,8740755.0
2022-10-07,360.9898188992266,364.87785553736325,359.3349047560172,363.9606628417969,5319220.0
2022-10-10,359.1155599215502,363.2329021317104,357.80957884011093,360.5411682128906,5188610.0
2022-10-11,360.86019739554644,360.86019739554644,355.566480345233,356.483642578125,7483590.0
2022-10-12,356.50357315329774,361.48824271521744,354.94835868389947,360.9299621582031,5175590.0
2022-10-13,359.89314790141884,362.066456562053,357.5005125597292,359.1952819824219,5864895.0
2022-10-14,364.47905154018684,370.4606551308113,363.3824181304372,365.67535400390625,8351190.0
2022-10-17,364.4890081959299,371.2980841369072,362.9337936621333,370.4905700683594,5521415.0
2022-10-18,372.3448570590357,374.0296778947426,369.88242894715717,370.79962158203125,8049290.0
2022-10-19,372.6539011688642,374.3387219910729,369.8624982572811,372.72369384765625,4566430.0
2022-10-20,370.85941566504636,375.4353386751937,369.9322744276458,371.5672302246094,7955535.0
2022-10-21,372.85330366237406,383.8195772995027,372.11558226246865,379.36328125,19709855.0
2022-10-24,379.33335483686625,381.8256896255447,376.8410200481878,377.9974670410156,3245405.0
2022-10-25,381.02816669239775,381.1477938981897,367.27045997013596,368.1876525878906,17558250.0
2022-10-27,375.58487690092335,376.44225589629644,368.75590385875137,371.8563537597656,22967460.0
2022-10-28,373.6508471449701,377.8080752683059,373.06265974196776,375.694580078125,15243435.0
2022-10-31,378.63550655459295,381.22754094029784,376.6416386308215,379.2237243652344,9371740.0
2022-11-01,380.4299655809161,387.1094041625287,379.51277304672095,380.6692199707031,12727085.0
2022-11-02,382.57340009401577,382.82263357941906,378.33643084216027,380.81878662109375,9320405.0
2022-11-03,379.7919483989979,381.4269346776198,377.55882609064565,378.86480712890625,7959355.0
2022-11-04,380.03123263503807,380.4300001288987,377.6983804267336,378.8249206542969,10407065.0
2022-11-07,380.43001170897827,380.82877921497715,373.1822822248029,375.3655700683594,13123005.0
2022-11-09,378.4361134704457,379.55267456749357,374.9867307047783,377.5189208984375,11613170.0
2022-11-10,377.83793987072227,381.82567538386974,377.179959860172,381.2574157714844,12550620.0
2022-11-11,385.41466744189324,385.5941082494022,377.0204702771948,378.65545654296875,17120150.0
2022-11-14,379.40316365388014,384.5572951786976,379.0343029573044,383.38092041015625,10711335.0
2022-11-15,383.81957463852734,385.4744886631746,377.8977844816121,381.30731201171875,9951460.0
2022-11-16,381.6263079264055,392.52281923739235,381.6163592751269,391.9744873046875,32188255.0
2022-11-17,391.55580936338026,391.79506378878904,387.4583947841872,388.9139099121094,12043355.0
2022-11-18,390.9875143024949,398.2850778572924,388.38550096555923,390.7083740234375,21360200.0
2022-11-21,389.7114262909959,389.7114262909959,385.3747578325419,387.6278381347656,5963050.0
2022-11-22,389.5718591120954,389.5718591120954,384.8364229660056,386.7605285644531,5833775.0
2022-11-23,388.90393883473894,391.0971752638755,387.9369116891258,389.4721984863281,12502815.0
2022-11-24,389.701480031885,390.0603920790318,385.42462481211186,387.77740478515625,7002105.0
2022-11-25,388.6048607679783,388.6048607679783,382.82265574148744,384.49749755859375,10487705.0
2022-11-28,382.02512004116585,387.39857846762084,382.02512004116585,384.4476623535156,7822520.0
2022-11-29,385.13551114175795,386.61095384082967,383.47061814395806,383.92919921875,6817525.0
2022-11-30,386.61095453488156,389.8011551868323,382.0250829307136,388.2160339355469,14753670.0
2022-12-01,389.8011490121821,391.1470158416549,384.38780531871083,385.673828125,12355025.0
2022-12-02,382.2444542299523,385.7935368969715,382.2444542299523,384.9760437011719,7954840.0
2022-12-05,387.209157390831,387.5979762522232,382.82265389969916,386.5013427734375,6227545.0
2022-12-06,382.93229294176416,387.4284748860056,382.93229294176416,385.86328125,6833490.0
2022-12-07,385.3149419739745,385.3149419739745,379.931505143745,381.11785888671875,11811400.0
2022-12-08,378.6155646126501,379.7919393417451,374.2689473055495,378.2367248535156,63099190.0
2022-12-09,381.6262990413334,382.174630961272,374.6976264312771,376.45220947265625,13242275.0
2022-12-12,371.8563558878808,374.78734407598483,371.45758840068487,372.0058898925781,16407235.0
2022-12-13,371.60713031307586,373.2022307198119,370.5005482307588,372.5542297363281,34697825.0
2022-12-14,373.07263786424977,374.03966504868356,371.60714368627305,373.4913635253906,18735705.0
2022-12-15,373.959895312951,375.206062803542,369.84258348020757,371.49749755859375,10208995.0
2022-12-16,369.802693968188,370.251326429997,365.9146575205492,366.9813537597656,12439140.0
2022-12-19,366.98134308009236,371.65696575670194,366.9713944288824,370.4905700683594,8568235.0
2022-12-20,367.86862786969687,371.24824856665856,365.82492544002463,368.287353515625,7052930.0
2022-12-21,370.9591278274151,371.0488482317794,360.69068991714016,361.8072814941406,11914345.0
2022-12-22,364.08029182731167,365.87476077321674,362.6845599538191,364.0902404785156,8570465.0
2022-12-23,362.0764636554347,366.7022216174533,361.27892862115914,363.2727966308594,10510630.0
2022-12-26,363.2727725299042,364.100214312469,357.7397709156605,361.597900390625,23733690.0
2022-12-27,363.4123485109053,364.4690961132271,360.29194023415835,363.06341552734375,7741430.0
2022-12-28,363.76127919851024,365.1569806999362,361.93687295906585,362.9039001464844,9521340.0
2022-12-29,361.76737696835676,362.88393806378866,359.0956014294293,362.63470458984375,10772450.0
2022-12-30,363.90082408242006,366.47293074342184,363.34254349727445,364.32952880859375,13463440.0
2023-01-02,364.43914007742165,365.4759598123921,362.1761111638295,363.8908386230469,5625005.0
2023-01-03,363.3325803906295,366.17381773184474,363.08334690989074,365.4460754394531,8317240.0
2023-01-04,365.8548485449038,365.8548485449038,361.67769267070946,363.03350830078125,8320520.0
2023-01-05,362.8839425029578,365.4360908734535,360.12244653050965,362.9437561035156,8663090.0
2023-01-06,364.08027073896614,364.08027073896614,353.0442052160573,356.2642822265625,18998275.0
2023-01-09,359.0956122419605,362.0864140193538,356.7029464808387,361.2689208984375,17134340.0
2023-01-10,360.60094530626225,362.0863974761589,356.6830024586442,358.0089111328125,7370655.0
2023-01-11,358.89621499713263,359.7236567729231,355.72597239975346,359.26507568359375,8018505.0
2023-01-12,360.29191342802136,360.29191342802136,353.3931477232728,354.80877685546875,17648025.0
2023-01-13,354.8087486529829,356.3639630142041,350.72131381171937,354.96826171875,19915985.0
2023-01-16,356.30416237401204,358.6967975995103,354.9084610278053,355.8655090332031,10590805.0
2023-01-17,354.90849760026225,359.2850523848693,354.23058979424906,358.42767333984375,10661970.0
2023-01-18,359.4843945145361,364.27964418182637,358.09867220182235,358.7167663574219,14176160.0
2023-01-19,359.5941045582806,359.5941045582806,351.9177006188042,352.37628173828125,22128220.0
2023-01-20,354.68913245095445,354.68913245095445,350.32255721528634,351.4989318847656,21351470.0
2023-01-23,356.90235641041085,358.82643164460404,352.9146205845962,355.65618896484375,38823135.0
2023-01-24,357.4406719269439,357.4406719269439,348.6776148463927,350.9705505371094,20795940.0
2023-01-25,350.3225807168946,351.00048849488525,345.5373099705959,348.8869934082031,21401665.0
2023-01-27,349.34562242522634,349.34562242522634,339.7550918780409,341.56951904296875,37584895.0
2023-01-30,341.5695259684804,345.0587950068527,335.73745591954145,344.19146728515625,24697780.0
2023-01-31,345.03885032368817,346.65387847424296,341.55953010807525,345.1385498046875,21926920.0
2023-02-01,347.929961310351,355.706034235935,343.0948253907202,347.8701477050781,18260490.0
2023-02-02,342.94524946506544,352.51582065121755,342.94524946506544,351.2696533203125,20922350.0
2023-02-03,353.03420762933274,355.6461694302554,347.9697970932545,354.96826171875,13376060.0
2023-02-06,353.91154085909864,354.5595418209403,346.933003433708,348.3287048339844,15201045.0
2023-02-07,349.3655446662782,354.90849513388656,348.33870388889056,353.9913024902344,18215935.0
2023-02-08,354.66924306170785,354.90849748163004,351.1400882478024,352.01739501953125,7233450.0
2023-02-09,352.5058678027148,353.95143418371515,348.51813204713807,353.09405517578125,10819125.0
2023-02-10,352.4959224894086,354.6393550025348,351.9177141360338,353.3233947753906,7229710.0
2023-02-13,353.9314843879978,355.7957764539037,351.2497295951498,353.67230224609375,11945710.0
2023-02-14,352.91461284039553,354.310314264002,351.66844542217376,352.9844055175781,8074465.0
2023-02-15,352.60554823665126,356.9023308472888,350.97056206164837,356.0050964355469,12046460.0
2023-02-16,357.69987281448334,359.6738128983094,355.6162846046711,356.49359130859375,11458010.0
2023-02-17,355.52657361515435,357.18148759154093,349.13622346638755,350.7712097167969,12939545.0
2023-02-20,352.52579087883674,352.52579087883674,344.9590660333203,346.3946533203125,16124195.0
2023-02-21,347.9299504129053,347.9299504129053,343.95219366679055,344.9790344238281,14684670.0
2023-02-22,343.7328738332879,344.1615481408681,338.55878406799843,339.06719970703125,17695745.0
2023-02-23,340.43298262276903,341.6990776617544,336.5150094634395,340.38311767578125,13850550.0
2023-02-24,341.5496074530861,343.7927090382543,337.76123985483895,338.4192199707031,10401815.0
2023-02-27,338.618578953241,344.89925048028965,337.12317807308574,344.1316223144531,11718990.0
2023-02-28,344.1316317601966,347.21215400698975,343.2742527448896,344.78961181640625,21975490.0
2023-03-01,344.7895956846898,349.0464924885642,344.14159473395597,347.9100036621094,28066930.0
2023-03-02,346.0557159515297,348.1991179093689,342.54651931808166,343.28424072265625,20599675.0
2023-03-03,345.3379144708515,351.9176846309055,342.9253513473712,349.12628173828125,18131345.0
2023-03-06,350.18302929220397,351.83794330140614,347.22213424138016,349.12628173828125,25934230.0
2023-03-08,346.1354490797902,347.7903325176977,344.31104307476085,346.9728698730469,26013040.0
2023-03-09,346.79342289939217,347.8402217821483,341.6891260366094,342.28729248046875,34641580.0
2023-03-10,340.3532801267398,341.64931265201744,337.3624779631937,338.8179931640625,24380720.0
2023-03-13,338.75816839276354,343.6032835585502,332.21828364455047,333.7535705566406,44894690.0
2023-03-14,333.574117624261,334.4813312019233,327.69221319476907,328.6392822265625,70694930.0
2023-03-15,332.5771730856272,336.56490890098485,331.30109884167314,332.1684265136719,23461815.0
2023-03-16,332.9759336635468,334.7404957725337,328.6293163186489,331.68988037109375,18160315.0
2023-03-17,334.89005328238113,340.19371857477427,333.2052325362911,337.5817565917969,44641505.0
2023-03-20,336.3655146262675,339.54573641723726,335.17916077075165,338.88775634765625,22319685.0
2023-03-21,340.46291909515804,341.3402258289371,337.3624387257347,340.3233337402344,9025900.0
2023-03-22,340.95140212356813,341.58945443866867,337.3823920610023,339.984375,16630495.0
2023-03-23,338.7880301527198,338.9575223004334,333.97285285483883,334.90997314453125,28210755.0
2023-03-24,334.18220559505596,340.74204772384235,333.97285799384184,337.392333984375,27403045.0
2023-03-27,339.08714072555637,341.5196619361002,337.5817607633567,339.9943542480469,14186020.0
2023-03-28,340.74206721310253,340.9115289491086,336.0564654245407,338.73822021484375,11858260.0
2023-03-29,338.9774768089835,344.34098642406815,337.9606151143804,343.1546325683594,14105000.0
2023-03-31,344.04192160807594,347.06263034195734,343.14468711342005,345.5074157714844,17828775.0
2023-04-03,345.73669723950104,349.3655515842292,345.577214573457,348.0695495605469,12184330.0
2023-04-05,347.9299209702914,350.8609089848786,346.74356722991047,349.3056945800781,12631750.0
2023-04-06,348.9268697530275,351.2098569338483,346.80339564926055,350.342529296875,7786775.0
2023-04-10,350.35251463887283,352.5158748444665,348.85711361189465,350.78118896484375,6265855.0
2023-04-11,368.3072794477628,370.66002895682124,364.08028925236454,368.1676940917969,46468815.0
2023-04-12,367.27045265775917,369.05497290598544,365.1768853260535,367.67919921875,17043565.0
2023-04-13,366.4728993006189,373.7106185599185,365.07719795750376,372.7535705566406,14620580.0
2023-04-17,376.63167057335903,381.5864333255944,364.10020401638434,377.86785888671875,51771495.0
2023-04-18,379.02431684497134,379.7520895733586,376.023535951769,376.5020751953125,14863605.0
2023-04-19,376.5020654743536,376.51204454917274,374.07952336598214,375.82415771484375,9383280.0
2023-04-20,375.70449743836605,379.5127922633463,373.2620276215971,375.6446838378906,11613885.0
2023-04-21,375.2459439281912,379.5626850983583,374.2789167507828,377.5688171386719,8356705.0
2023-04-24,376.88091008894014,379.23365955193185,374.35866847188123,378.2865905761719,10087030.0
2023-04-25,379.2336365540703,380.23057042010305,374.24896722390633,376.701416015625,23692095.0
2023-04-26,374.34869699640007,377.7183386041825,371.52738731372375,374.5680236816406,15797590.0
2023-04-27,374.22906410665604,381.42692830966854,374.2190850316573,380.54962158203125,25306465.0
2023-04-28,380.03121969922034,387.46833816940386,378.05727959938775,386.4215393066406,21838060.0
2023-05-02,382.42386766432145,386.30192489270075,376.84103148346816,383.05194091796875,23028855.0
2023-05-03,382.62323369196486,385.584128708323,381.3671176169104,385.00592041015625,17245035.0
2023-05-04,384.80650812723127,389.0235494966211,383.1715523440596,388.32568359375,17257895.0
2023-05-05,389.2329040241568,393.5895003972402,381.925391759467,384.5572814941406,17421090.0
2023-05-08,385.99286362913983,392.4928921879309,383.0220200513444,390.56878662109375,19354705.0
2023-05-09,391.76513703916106,392.79197779460793,388.4353812843722,389.6615905761719,18115375.0
2023-05-10,390.79812248413435,391.5956575032732,385.14549339735265,390.5389099121094,19562195.0
2023-05-11,392.7919883232212,394.78585628425276,389.17311310610717,390.3893737792969,22059120.0
2023-05-12,389.60176453063156,392.39319776651246,387.5381344344303,390.917724609375,16085405.0
2023-05-15,390.2099453039952,394.18770227635656,389.2828039745595,393.3901672363281,14858460.0
2023-05-16,394.38705721500844,394.38705721500844,386.41158600913974,388.2160339355469,22847485.0
2023-05-17,388.76438017179737,388.9837068721713,377.94764001864917,380.6593017578125,27410085.0
2023-05-18,383.62015752009626,385.5442630942688,381.0680091369545,384.298095703125,20726140.0
2023-05-19,384.8165005697144,388.17616307731316,383.52049861822843,387.13934326171875,19734635.0
2023-05-22,387.8072982970509,389.3026991902272,383.5504013737857,386.8502502441406,17004400.0
2023-05-23,386.85025775594204,386.85025775594204,381.8257021385811,383.1217041015625,21677620.0
2023-05-24,383.21145362388216,386.8103705608854,378.3165043043053,380.8985595703125,17787685.0
2023-05-25,382.4238622784496,385.5243122024597,380.34027401211296,384.8065185546875,29833785.0
2023-05-26,388.7942364791369,388.7942364791369,383.52047812729694,387.8172607421875,16477060.0
2023-05-29,391.4162010014329,393.4499547699475,388.45530596492245,389.4422912597656,18877545.0
2023-05-30,390.36943292546255,394.606402200179,389.2727994989693,393.7290954589844,37148525.0
2023-05-31,395.7727892762891,411.61408395311554,389.5818381187871,401.634765625,442990630.0
2023-06-01,392.3932019481802,394.61634514646715,383.81956404319277,384.82647705078125,29837160.0
2023-06-02,387.79731503163595,389.0733892297304,384.41772487006125,386.5611267089844,17790360.0
2023-06-05,387.80731572073773,389.1033177167813,383.2712783105749,383.7996520996094,12029545.0
2023-06-06,385.7935258352306,392.0741977933855,384.8464263765197,390.60870361328125,20564205.0
2023-06-07,393.19076411818355,393.19076411818355,386.01285756158245,386.6907653808594,15502070.0
2023-06-08,386.1922689664696,386.1922689664696,374.75743562288613,376.1431579589844,27458070.0
2023-06-09,371.25820723975636,378.37633044461694,370.99902509386123,373.2520751953125,70984620.0
2023-06-12,373.82029524405937,375.6446708434673,371.74668617662263,374.73748779296875,14075865.0
2023-06-13,373.92001894265735,375.4453266488595,369.2643240716691,370.0519104003906,47809135.0
2023-06-14,370.0519047707949,372.44454009769197,368.1477573297702,371.78656005859375,27892715.0
2023-06-15,372.4445736286618,372.6539212523104,364.618635555197,365.5757141113281,24190940.0
2023-06-16,366.2635777393297,371.1884034520931,365.47599140172986,370.3410339355469,15988285.0
2023-06-19,371.6270543888936,372.5442470015603,362.4851871835568,363.7911682128906,38049565.0
2023-06-20,362.88394929249364,368.26738641148154,361.94682896754284,367.6692199707031,23114525.0
2023-06-21,368.2773699203698,368.81572276595284,366.09408216084825,367.978271484375,11995540.0
2023-06-22,367.97827503506704,368.3272080017565,364.9575663888296,366.0940856933594,17141050.0
2023-06-23,365.4760004387454,367.97828402163606,363.66157330685695,364.5887145996094,12920315.0
2023-06-26,365.2666367774215,365.2666367774215,362.86402235812676,363.4721374511719,11068395.0
2023-06-27,364.41923808843086,368.26738846312793,363.0135575931735,367.8088073730469,10693325.0
2023-06-28,368.06803857401314,368.4867338092916,364.75821044976243,366.9813537597656,26699910.0
2023-06-30,368.44683455274935,368.97520832742225,365.4660117884634,368.17767333984375,19673600.0
2023-07-03,370.06191637077586,370.6600524370642,366.47294785298806,367.6593017578125,16042700.0
2023-07-04,368.86554258531606,372.52430338076647,366.08408848872074,371.1983642578125,32877935.0
2023-07-05,371.41769997383165,372.41463389697896,369.49362480391954,371.8264465332031,15595925.0
2023-07-06,370.859424470618,375.4154198633231,370.670004588715,374.3088073730469,18271205.0
2023-07-07,373.25205276909077,373.73059200231586,368.96524909181466,369.56341552734375,10382720.0
2023-07-10,369.46372384142563,373.7206208078885,367.86862345438254,372.2351989746094,17187710.0
2023-07-11,373.650827276319,377.5987075706288,371.51740447243276,372.1753845214844,20483785.0
2023-07-12,373.83033131653485,377.0205019393063,372.4345993435596,374.4683532714844,21775415.0
2023-07-13,376.6416380320647,379.1539310833893,372.1454865594346,372.7934875488281,26326850.0
2023-07-14,372.8732268335077,376.312661147281,370.85943119739125,372.6539001464844,35659580.0
2023-07-17,373.0925724249377,378.7252738943507,372.1853588291916,378.2467346191406,16649280.0
2023-07-18,377.90776304251995,380.4300047411797,374.71756220493796,377.0105285644531,28978225.0
2023-07-19,377.7980685249557,381.8256900668374,377.15006756395206,380.1508483886719,16888935.0
2023-07-20,379.03427903193335,391.2766260450346,377.4192205659376,390.17999267578125,46527925.0
2023-07-21,389.18309660110526,396.3310962851292,388.92388402754415,392.8318786621094,19248750.0
2023-07-24,388.8042313310361,388.8042313310361,376.482142603146,378.2865905761719,35165465.0
2023-07-25,379.03428974710835,379.23365827733085,370.15160484105746,373.9499206542969,39724580.0
2023-07-26,374.8471507775759,378.41616079469225,373.9798231422883,377.89776611328125,12310365.0
2023-07-27,376.6416189210456,379.35328037243306,371.36786044393483,373.6009826660156,31450005.0
2023-07-28,372.7735497444089,376.0036059527766,371.078749888112,374.2190856933594,11510165.0
2023-07-31,372.05575905920415,373.8502279839232,368.69606612088734,370.1715393066406,20126035.0
2023-08-01,368.86553955078125,372.0058752216147,367.74897846106336,368.86553955078125,22339710.0
2023-08-02,366.9813360758711,368.44683017674856,362.4951333700026,363.6216735839844,20902255.0
2023-08-03,362.9038786598391,365.6454469704658,360.06264129530604,363.5319519042969,35076460.0
2023-08-04,364.97872257175345,367.73253578159284,361.4167607948823,366.8744812011719,27217660.0
2023-08-07,368.1715423477949,368.1715423477949,364.4598930606352,365.4875793457031,18541550.0
2023-08-08,365.47758492173983,367.7025891717886,363.5918441117311,364.7791748046875,20448115.0
2023-08-09,365.97644697805754,365.97644697805754,362.53421120143565,365.4775695800781,13121620.0
2023-08-10,364.3301580443711,365.65718897588977,358.3935352715001,359.3613586425781,25560495.0
2023-08-11,358.79262149874813,359.1917173170664,355.5997940540839,357.4855651855469,21328080.0
2023-08-14,356.99664442678295,359.6606630595258,356.1984527906293,358.0143737792969,16499595.0
2023-08-16,356.59757167346214,357.166299236763,354.701843578187,356.43792724609375,9419700.0
2023-08-17,355.59979732700907,356.6773895403515,351.80834134450066,352.3471374511719,25658695.0
2023-08-18,350.63102118098124,352.8859264263066,348.51575533144364,349.37384033203125,20566460.0
2023-08-21,349.4137444047193,353.7240220150395,348.9846866978802,351.279541015625,19777340.0
2023-08-22,353.0056515132327,353.60431050925104,350.9004034086241,351.82830810546875,16644060.0
2023-08-23,353.16527776567256,355.57985776068574,350.0123689680379,355.210693359375,16691425.0
2023-08-24,356.9966599401493,358.9921695663079,354.45239734642126,355.3902893066406,20618955.0
2023-08-25,353.4446582647216,357.0665131390289,352.60654786845345,354.9712219238281,10216750.0
2023-08-28,354.9712283628961,358.51327631331264,354.1331179514248,357.2660827636719,9902680.0
2023-08-29,358.58310565295454,358.7028313549231,355.0011391910572,355.8193054199219,13543460.0
2023-08-30,357.3957856267185,357.78489416965704,352.2074484277619,354.1830139160156,12979480.0
2023-08-31,354.1830252186417,355.95902762166475,350.07224968723904,350.96026611328125,41570050.0
2023-09-01,351.9879437597628,355.1209085063569,350.08222840195964,353.4247131347656,13476050.0
2023-09-04,354.68189534503347,356.99666339247636,350.6709014702678,351.6487121582031,23488415.0
2023-09-05,352.2074590542247,355.79938257348516,351.8283073425998,353.41473388671875,21286715.0
2023-09-06,353.40477597653324,354.6020635132972,351.24962187148463,353.26507568359375,31101115.0
2023-09-07,354.2029721802158,357.6651827318835,352.6664211836123,356.9966735839844,11040445.0
2023-09-08,358.5930813182325,360.1894951427495,355.51002253447143,357.8348083496094,11930910.0
2023-09-11,359.1917188128917,361.48654261457256,358.24383959751174,360.7681579589844,11584510.0
2023-09-12,362.98319186287654,362.98319186287654,358.47335103159696,361.42669677734375,17044830.0
2023-09-13,359.3114364112938,366.3755571067871,359.3114364112938,364.1006774902344,29659350.0
2023-09-14,364.7791470808394,365.5274631523472,361.9854154777747,363.4920349121094,12797115.0
2023-09-15,362.4244433007611,363.87119993835904,361.38680023353743,361.9654846191406,20607700.0
2023-09-18,361.38680625754955,361.58633895116014,357.99441552650393,358.86248779296875,19850560.0
2023-09-20,356.5876094068658,359.88018813020847,354.3426610639338,357.08648681640625,26840715.0
2023-09-21,355.9989197312585,357.3558821662246,349.41376205403975,350.3516540527344,23923755.0
2023-09-22,350.8105832811088,353.18524450595964,349.64319680242545,350.50128173828125,18550615.0
2023-09-25,352.00787874517636,357.05651556117755,350.57110940751767,356.0787353515625,11132835.0
2023-09-26,354.422468024626,355.55989268477924,349.9525154738255,352.0278625488281,18280835.0
2023-09-27,352.00790166127223,353.4247269569719,349.2142002389851,352.2373962402344,15021030.0
2023-09-28,351.6486902857667,353.58433695738734,345.02358405938264,345.8617248535156,41315985.0
2023-09-29,348.0168724429419,348.0168724429419,345.81184279489497,346.3606262207031,17858645.0
2023-10-03,345.22316264806096,346.2209174534022,342.3196925106308,344.6344909667969,27674345.0
2023-10-04,342.2298808918636,344.62448621354014,341.032563006496,343.63671875,31104895.0
2023-10-05,345.2231608749258,348.61552110585,343.45714584020413,346.0712585449219,14834005.0
2023-10-06,346.28080861872166,348.61555140022824,345.26310959572527,347.9969482421875,9961615.0
2023-10-09,345.2231615523584,345.98146494571023,342.6389802686138,343.08795166015625,9197565.0
2023-10-10,344.72429859402087,352.9457887646909,343.34739203748296,350.43145751953125,16844910.0
2023-10-11,351.2196657430243,355.190710233574,351.2196657430243,353.48455810546875,17499220.0
2023-10-12,354.20293986790335,354.58209154862544,351.45911427737735,351.9779357910156,11919135.0
2023-10-13,350.2119444971497,353.19522168805554,349.6432169376276,351.6087951660156,10619635.0
2023-10-16,351.4092856685669,351.6387498066705,348.5058152746089,349.1643371582031,7899785.0
2023-10-17,350.2119299433335,354.1630303708036,349.3738195768434,353.5144958496094,16086785.0
2023-10-18,353.80385129777403,354.24286583717173,348.23636257043944,349.89263916015625,15258400.0
2023-10-19,347.61779074276336,349.8926706292161,346.34066572666813,346.9093933105469,9965895.0
2023-10-20,345.9216057624482,353.84378141166303,345.75197404669296,353.1253967285156,20361915.0
2023-10-23,353.0056250040145,353.0056250040145,343.7165305428797,347.3683166503906,37732210.0
2023-10-25,349.01460985660987,351.5589028149889,343.62674013454165,344.8340148925781,17563340.0
2023-10-26,344.76421035787206,344.76421035787206,337.041567315934,338.2089538574219,31396400.0
2023-10-27,340.8330387729418,340.8330387729418,337.04155234134015,339.7754211425781,14874150.0
2023-10-30,339.6357441646341,343.4072562720589,336.92184976014966,342.7287902832031,7557815.0
2023-10-31,344.76422576758983,348.61554494423063,342.5990843054808,347.0989685058594,24196680.0
2023-11-01,345.42272602477163,346.4104935390351,342.7986260130816,344.1056823730469,12640525.0
2023-11-02,346.22090848318226,350.94029955183345,345.6422241086639,346.75970458984375,12752790.0
2023-11-03,347.21867920553404,348.066776896854,345.2431136897717,345.8717041015625,7794790.0
2023-11-06,348.01687893644066,348.6155379352829,345.6222733901332,347.25860595703125,5933425.0
2023-11-07,346.2508513329499,350.09221345054345,344.4449175584112,349.463623046875,17998015.0
2023-11-08,349.8128564849112,351.3992830424562,347.2186877852094,348.46588134765625,18214185.0
2023-11-09,348.3960272712945,350.551181376785,347.0390953062049,348.2064514160156,9718555.0
2023-11-10,346.1411025522932,349.06451675732677,346.1411025522932,348.30621337890625,8173995.0
2023-11-13,349.41375125137466,349.65320266523435,345.9216093703035,348.8550109863281,14276385.0
2023-11-15,351.40927324289373,353.66417851709724,349.2441318029803,353.1054382324219,17161355.0
2023-11-16,353.404761378104,355.87917378797334,352.20744344173755,353.77392578125,10395580.0
2023-11-17,351.2097071697887,356.0488242816848,351.0700068752512,352.1276550292969,13554350.0
2023-11-20,350.4115017022465,354.3925336532945,349.2341278843185,353.31494140625,9618255.0
2023-11-21,354.99118369338737,354.99118369338737,351.33939752421423,352.6464538574219,13528825.0
2023-11-22,350.8106166231799,351.8083714881781,346.71981558687486,348.3461608886719,22568660.0
2023-11-23,347.2286670754808,348.974738022668,346.6200207975211,347.0789794921875,14181445.0
2023-11-24,347.11890295397785,349.11441263517236,345.96150368499764,348.0168762207031,12809895.0
2023-11-28,348.2164165209174,348.81507547580816,346.819565925545,347.66766357421875,16746460.0
2023-11-29,348.9148813732222,351.0600481995273,347.2586046771233,349.90264892578125,17365700.0
2023-11-30,350.5013209684937,352.407036446702,348.4060296268101,350.3017578125,31274735.0
2023-12-01,351.2096928917057,352.40701084255153,348.86496299991774,349.31396484375,10011890.0
2023-12-04,353.2052111885091,364.3700902153928,349.7430006970322,362.8934020996094,22895865.0
2023-12-05,364.7791632408594,366.57510971241663,360.8879255864453,364.86895751953125,27857360.0
2023-12-06,365.58731964595086,367.04403304742283,361.8158079290861,363.46209716796875,23479400.0
2023-12-07,364.1804877099446,366.54516162130767,361.8656893570004,364.5496520996094,12503210.0
2023-12-08,364.5496729502067,367.7724319737379,363.3224540115685,366.8644714355469,14927330.0
2023-12-11,368.1715399689173,371.4940502247082,367.2336479731799,367.9819641113281,16029165.0
2023-12-12,368.7701723151403,369.7679270938885,362.9931636204517,364.05078125,19074810.0
2023-12-13,363.98093784587695,366.32566770915366,361.80583969571387,364.4199523925781,16256660.0
2023-12-14,367.9719827294204,372.25235963411603,365.66717142282937,369.93756103515625,24394315.0
2023-12-15,372.1625401588313,372.1625401588313,367.72251912208446,369.28900146484375,19385985.0
2023-12-18,368.21144866720226,370.34662815642736,367.1737751248082,368.5606689453125,18793650.0
2023-12-19,369.1393568046435,370.13711163770205,366.3157240246746,368.4808349609375,15444615.0
2023-12-20,369.5983150398985,371.96298911944035,362.24486680130275,364.4798278808594,19842810.0
2023-12-21,363.382307125495,370.65591762983644,360.1894796141117,369.70806884765625,12019200.0
2023-12-22,370.10718811738263,375.08597509700866,369.36885926884565,371.26458740234375,16546475.0
2023-12-26,372.56164769979546,378.94727252657,370.5960694653212,376.5227355957031,21753345.0
2023-12-27,377.9495197176093,381.14234737260637,375.78440877484644,379.61578369140625,17036215.0
2023-12-28,381.34189726494054,384.4349127899533,379.76542762729525,383.4072265625,24750070.0
2023-12-29,381.56140570672807,382.6888430585205,377.1613033653158,380.76318359375,12230850.0
