Date,Open,High,Low,Close,Volume
2013-01-01,412.79181658397414,415.8756401870561,411.86668025857267,414.90643310546875,770220.0
2013-01-02,416.31621088850045,417.5717569594658,411.2499289570531,413.4967041015625,2060272.0
2013-01-03,415.43512140351135,415.43512140351135,410.63315643452165,412.52752685546875,1902904.0
2013-01-04,410.8754368538638,415.7434671361964,409.42161283799373,414.66412353515625,1914216.0
2013-01-07,417.5497440912069,421.93318480049055,414.09146667060577,420.34722900390625,2523912.0
2013-01-08,421.6027408371313,424.44426938981394,419.532168184621,422.1754455566406,1769202.0
2013-01-09,422.04323740666183,429.44440779970665,421.5806692987474,424.884765625,2354020.0
2013-01-10,427.2417747078623,429.0920744518439,420.2371050261752,423.49713134765625,1518936.0
2013-01-11,424.37821353846346,425.1271475699757,409.6419355324986,413.1883544921875,1949538.0
2013-01-14,412.15300060368395,417.8580793900923,410.17054266245526,411.91070556640625,1252832.0
2013-01-15,415.1707687874784,416.86686098019715,408.56257548264034,409.39959716796875,2584822.0
2013-01-16,409.75206210867435,410.14856449475167,395.6105380411246,396.8000183105469,2349322.0
2013-01-17,396.60176849185007,400.45654824670004,392.9672618658486,396.91015625,2400242.0
2013-01-18,398.36394361233334,398.69435329738644,381.7994154905291,390.323974609375,5929114.0
2013-01-21,390.36798929858617,392.1301741538129,383.80386684615064,388.6058044433594,1726676.0
2013-01-22,387.680630972193,394.61923317425214,387.680630972193,389.28863525390625,1464620.0
2013-01-23,389.46487016886124,393.9804688050842,385.6761835320408,388.53973388671875,1853356.0
2013-01-24,388.49566027569466,389.83934771251546,374.90482060165095,386.4911804199219,2272096.0
2013-01-25,387.68075072362035,398.4300913855731,382.1739218781144,397.1524963378906,2626786.0
2013-01-28,397.8353028588744,404.7739065959067,396.05109584711386,398.65032958984375,2654740.0
2013-01-29,398.69432341787103,400.89705448647805,394.288861280657,395.87481689453125,3007664.0
2013-01-30,397.4828060229042,398.1876691821911,390.32393032562277,394.0685729980469,1418660.0
2013-01-31,393.84833190935126,396.5136312385825,389.9495085067115,391.7557373046875,2278724.0
2013-02-01,390.7865357792627,396.3153856988581,388.2093510376116,390.3680114746094,1398676.0
2013-02-04,391.3151996265248,392.08615555035976,387.2401468862542,389.3988342285156,1911016.0
2013-02-05,386.0727212458467,392.9232374024382,385.61015303018,390.80859375,1398634.0
2013-02-06,391.7557527951777,393.6280743575949,387.3943341648469,389.94952392578125,2203620.0
2013-02-07,388.6719161741399,396.05106561694726,388.6719161741399,394.9937438964844,1770238.0
2013-02-08,396.4916686250447,399.3552195651145,386.11680867378516,389.7072448730469,6374558.0
2013-02-11,392.0861401436349,392.9452106599134,386.38106115367106,388.78204345703125,2140968.0
2013-02-12,388.2314021065789,390.78656510580197,386.5793535869765,389.6631774902344,1191346.0
2013-02-13,390.2799001920723,397.32863958814954,389.1124419740743,395.1699523925781,1802018.0
2013-02-14,396.0070334371177,398.69435479679896,393.2095486265287,396.84405517578125,3293954.0
2013-02-15,395.25815228124884,398.14372521625694,390.78659650669744,395.58856201171875,3271588.0
2013-02-18,394.3108790680851,396.4915881808411,392.08612608994287,393.12139892578125,1598600.0
2013-02-19,392.967252317717,396.49162229366067,392.967252317717,396.1391906738281,1315964.0
2013-02-20,398.7164138825418,401.27157698354836,394.6413607051949,395.8308410644531,3005672.0
2013-02-21,393.8483313255889,395.61051625322017,389.0463666422704,390.1918029785156,3804512.0
2013-02-22,389.99352480226037,396.05103507171094,385.25765313705364,394.39898681640625,2926370.0
2013-02-25,395.1699822644712,396.0510747555848,390.9407490626492,394.2007751464844,2315532.0
2013-02-26,393.407809137162,393.407809137162,378.539372901575,381.4029235839844,2102498.0
2013-02-27,381.9536434632119,396.05112511352655,374.4643563364823,393.3197326660156,3706706.0
2013-02-28,394.3990399799479,397.813273501137,381.5130618515888,384.9052734375,8501418.0
2013-03-01,384.5969019651931,393.0774178447234,379.86102946103983,390.80859375,5771830.0
2013-03-04,389.09044774789163,392.08615682678396,385.03741692877435,390.10369873046875,5970552.0
2013-03-05,389.9714966994533,400.50053461337774,387.87890227584506,395.4122314453125,3787836.0
2013-03-06,394.9497275037483,395.8748639069056,384.8391853203967,386.79962158203125,3576974.0
2013-03-07,383.7157412952879,393.2315284869276,382.9668073753889,390.147705078125,3841368.0
2013-03-08,394.15672963001526,399.50935035787325,392.0861569067907,398.3419189453125,2466284.0
2013-03-11,399.09087388231876,406.13961415169587,394.35500151383104,402.15264892578125,2939170.0
2013-03-12,403.09982561858965,409.6859975460761,402.3949623621029,403.9148254394531,3979108.0
2013-03-13,402.4610125003678,403.5403561670042,399.2230083892674,401.1393737792969,1039436.0
2013-03-14,400.5005665817886,406.5580772389088,393.4077830406109,402.7914123535156,1994128.0
2013-03-15,403.3421270705336,410.72127700064004,403.3421270705336,408.716796875,4064768.0
2013-03-18,405.258513927341,408.2101523480806,400.4565489544318,402.4610290527344,1594380.0
2013-03-19,405.3025268909781,405.3025268909781,385.21362979190485,386.9537658691406,3577832.0
2013-03-20,386.4471721627857,389.11247157190195,379.86100041083773,384.7731018066406,2192042.0
2013-03-21,385.47791378494196,394.90561294617584,377.6802408940455,387.9670104980469,3100226.0
2013-03-22,392.5266892799941,394.1787376355496,381.5791262660359,384.75103759765625,1691910.0
2013-03-25,386.57929223578736,387.68065774073267,379.0900068021596,380.8301696777344,1724612.0
2013-03-26,378.97993587225443,384.59690092005593,376.0282704301573,380.30157470703125,2226562.0
2013-03-28,381.6231836495651,383.2311881947809,370.102888619945,379.4424743652344,3656070.0
2013-04-01,380.19136587155515,381.8654360329735,373.4069437204106,377.5921325683594,1135020.0
2013-04-02,379.7508544921875,381.2487224464039,374.4642996732707,379.7508544921875,1362702.0
2013-04-03,379.31030738313456,379.86099017550265,370.6095192637189,371.7769775390625,2095266.0
2013-04-04,369.66231328861,377.5481011867736,369.177723214138,373.73736572265625,2364276.0
2013-04-05,372.3936619099169,376.24844079169515,366.3141303084158,369.1336364746094,2327420.0
2013-04-08,370.93991857570927,374.1118567488925,367.96623158000136,370.03680419921875,795854.0
2013-04-09,371.8210611798002,375.27933873027274,367.85614465063173,369.75048828125,1563698.0
2013-04-10,370.93994439602466,371.38049064827646,364.0233628579094,368.7372131347656,931878.0
2013-04-11,367.1072131647789,368.7372397937201,361.35808953500464,366.57855224609375,1605646.0
2013-04-12,363.4506363935446,370.6976271878804,359.50774229369546,362.7237243652344,2589774.0
2013-04-15,360.190613833186,362.8559402350873,356.3799047919461,358.14208984375,2840046.0
2013-04-16,358.6046248878957,373.8475134212194,356.64418882125074,372.1954650878906,3578520.0
2013-04-17,372.2615880531012,392.0421257951153,372.2615880531012,388.07720947265625,5989870.0
2013-04-18,386.84357379744574,402.41689674538173,383.3852971839423,398.2096862792969,3677892.0
2013-04-22,400.5446569126806,402.65927354038246,388.8261104991169,393.077392578125,2103264.0
2013-04-23,395.96298086463,395.96298086463,386.7555799836016,390.0376281738281,1350424.0
2013-04-25,392.086127449144,404.8619675570374,387.85689458274334,400.50054931640625,3437440.0
2013-04-26,398.6943122368577,399.1128365059173,388.2974326401262,391.9759826660156,2593644.0
2013-04-29,394.28890745921717,399.02477981138094,392.61483702877246,397.4608459472656,1918246.0
2013-04-30,397.52688404564975,410.4789540987344,388.1212326922297,407.1087646484375,2481850.0
2013-05-02,402.61519523518336,426.8011662207671,401.9543759149957,420.1048583984375,4519532.0
2013-05-03,419.62025597738057,428.95984080576693,413.84911150633747,423.3648986816406,3424494.0
2013-05-06,420.76574424672793,429.4445114018374,420.76574424672793,425.7659606933594,1756394.0
2013-05-07,423.4310649630301,425.76595485374816,417.6378706640123,422.5279235839844,2250700.0
2013-05-08,424.3562080455865,424.68661775857294,414.7082336708579,416.9330139160156,2003464.0
2013-05-09,416.1179649293661,423.4971147918873,413.3865727368202,417.59381103515625,1999972.0
2013-05-10,416.8668808915486,430.67799480281514,416.8668808915486,427.41796875,3589228.0
2013-05-13,424.6865343811711,428.2109039610978,418.6070022335587,421.31634521484375,1231670.0
2013-05-14,420.83183525553204,424.04781773159385,417.1532845618195,418.87139892578125,1148012.0
2013-05-15,419.9506994225624,437.46241230170943,418.6951534056186,433.3873596191406,2801338.0
2013-05-16,431.7353581594166,439.22464498463097,428.25503176158657,434.11431884765625,2046714.0
2013-05-17,431.7793556645567,438.10121029200366,431.691267928298,434.9512939453125,1305790.0
2013-05-20,433.761792237612,452.0004162816944,433.4974752643151,441.42730712890625,2904248.0
2013-05-21,441.42735083137575,441.42735083137575,432.1538574716123,435.1495666503906,1308286.0
2013-05-22,437.2421667591965,442.72697312048695,432.8367041218242,436.1848449707031,1368140.0
2013-05-23,429.75287789201894,433.71779424366235,418.65110672965534,422.5499572753906,1379700.0
2013-05-24,425.1711591511997,431.7132868512806,419.44405811629406,426.4927978515625,1349358.0
2013-05-27,425.6337406581321,425.78792107940984,415.2809045015195,419.35595703125,1247108.0
2013-05-28,419.4000399267867,430.3916745022097,410.8534317189732,428.5854187011719,2517018.0
2013-05-29,430.19340774577773,431.47100261032614,421.2062536026312,423.386962890625,1086242.0
2013-05-30,420.87583661035694,444.445060281341,420.87583661035694,442.59478759765625,5534838.0
2013-05-31,442.5726886107985,444.22473681169805,423.01245404543084,426.2504577636719,4675066.0
2013-06-03,422.1534478956378,435.7002452061422,416.62459778569786,429.0039367675781,4781134.0
2013-06-04,430.8541960278306,439.4448471756248,429.09201117700104,434.9072265625,2319644.0
2013-06-05,433.93803884460397,439.66513986488803,430.3696251182579,434.6208801269531,1894806.0
2013-06-06,432.6164028532088,440.10568884964925,428.32107706113266,436.66943359375,1776942.0
2013-06-07,436.6694533637565,439.0043431376549,423.3649510840807,425.72186279296875,1397688.0
2013-06-10,430.01718277371816,433.80589664734936,427.79242959464904,430.1273193359375,1841766.0
2013-06-11,426.0522409414915,426.5148359860727,412.59355922449157,417.1532287597656,1872440.0
2013-06-12,417.19727876495205,424.5103354091102,407.8356714009022,417.3294372558594,1734204.0
2013-06-13,418.9594676936156,418.9594676936156,402.3068254595805,406.9986267089844,1600804.0
2013-06-14,411.0296295133858,420.6776026336926,408.1220351726728,418.078369140625,1997326.0
2013-06-17,425.12711072080526,440.87663839776775,422.48383334844794,435.8544006347656,3254262.0
2013-06-18,437.46241230170943,440.4360993943948,431.8014039252318,433.3873596191406,2068668.0
2013-06-19,432.4401912989299,434.75305912776633,428.2109580245812,431.6912841796875,1065006.0
2013-06-20,425.56769069877066,425.56769069877066,412.24116622295514,415.3910827636719,2822484.0
2013-06-21,413.01204347373664,420.5013285287271,406.71223848171155,413.959228515625,2351226.0
2013-06-24,412.6156353542227,414.99459602325624,403.1879610895288,408.3643798828125,1498646.0
2013-06-25,409.7079846016362,422.924371201689,407.54929736810465,421.5146179199219,1594854.0
2013-06-26,419.510124842229,422.4838117339959,398.2537703936729,401.4036865234375,3998270.0
2013-06-27,406.62412095060694,418.6730481235781,406.2937113181985,411.3159484863281,4182584.0
2013-06-28,413.95926284688574,429.95108511869216,413.95926284688574,427.5941467285156,3284804.0
2013-07-01,425.1270742056368,436.0966851142371,418.69511057421363,434.7089538574219,2396738.0
2013-07-02,431.7353225385886,438.03512849991023,427.37390393293026,431.250732421875,1639610.0
2013-07-03,426.88932396362765,434.3565884138184,424.11388791623904,431.7573547363281,1814958.0
2013-07-04,433.8940006462045,435.5680709731688,428.6955335257456,432.638427734375,1513212.0
2013-07-05,434.4666431281345,435.8323255150038,425.2151734538718,428.05670166015625,2038138.0
2013-07-08,423.651332650954,424.5544471295696,414.15753899115447,417.5057067871094,1470242.0
2013-07-09,419.0034985578527,422.8582779779894,411.5803055157409,413.2763977050781,2237702.0
2013-07-10,414.1575526110477,417.6378790251149,399.5754813035646,402.0205078125,2389012.0
2013-07-11,407.5052203746234,409.6859293641189,403.121780464184,404.3332824707031,3315822.0
2013-07-12,405.8532557588663,407.5053042897708,394.288916042535,399.68560791015625,3761184.0
2013-07-15,399.531379396223,410.5450349437117,399.1348770409904,408.9150085449219,2018096.0
2013-07-16,400.5006114957221,407.06476180854884,399.3552019258112,402.43902587890625,2356220.0
2013-07-17,407.1087928659247,411.7565774742635,386.1828452714882,393.4739074707031,3625068.0
2013-07-18,397.4302919905129,398.1008717857725,385.538687868961,391.0597839355469,4034936.0
2013-07-19,391.4621525684269,401.9008340626777,388.48923782031915,393.071533203125,3244576.0
2013-07-22,391.1714933031378,404.5830873592454,391.1714933031378,403.55487060546875,1196498.0
2013-07-23,404.6278797044913,413.926608996386,401.8785186290409,411.8701477050781,2109578.0
2013-07-24,409.94778952005026,410.8195487281305,394.7703277332987,399.5538024902344,1781426.0
2013-07-25,395.6421042968347,405.61138576147187,391.35040424935613,393.3844909667969,2267884.0
2013-07-26,393.9656198166837,401.3643445812971,393.9656198166837,400.0455322265625,1741962.0
2013-07-29,396.1338599226462,404.3373031420516,396.1338599226462,401.342041015625,1603764.0
2013-07-30,400.5596824279859,404.56081417728836,398.32441634300824,400.9396667480469,2590040.0
2013-07-31,396.9832196854379,409.61247188826854,396.9832196854379,407.44427490234375,2787640.0
2013-08-01,407.7571900329599,412.6971494458398,387.61744995492796,389.6068420410156,2654138.0
2013-08-02,392.0656468362688,392.51270002536376,379.97286352844276,382.11871337890625,3615722.0
2013-08-05,382.72223407464,393.3621220764487,382.67753966897004,386.5221862792969,1792026.0
2013-08-06,382.9681273633712,388.01982296947614,379.3469801411123,381.8504943847656,1929898.0
2013-08-07,382.6775354545019,383.5716418457507,374.2282191428157,376.68701171875,3016134.0
2013-08-08,379.99517838525867,389.31622567009,378.29638186849286,386.11981201171875,1771846.0
2013-08-12,387.8186491369682,391.1715481208613,381.78343096596063,385.0245666503906,1631690.0
2013-08-13,389.02569853715033,401.6326041837874,387.2598329470393,390.61273193359375,7312106.0
2013-08-14,391.17156472420277,395.64209689247934,386.2986737463961,390.4786376953125,5129438.0
2013-08-16,390.277458737516,390.277458737516,370.5847699708969,375.56939697265625,7310122.0
2013-08-19,377.7599521390967,377.7599521390967,351.49557676847905,362.224853515625,5474550.0
2013-08-20,356.7484052203836,359.430724056627,347.6285102627724,353.8425598144531,2451758.0
2013-08-21,361.21900117539093,364.61659472750694,346.4662449392673,350.4673767089844,4046642.0
2013-08-22,346.5556425793401,358.26844175763705,335.088717201355,354.60260009765625,5914786.0
2013-08-23,353.6191414442892,366.44957592733726,351.182695632012,363.81195068359375,2387096.0
2013-08-26,366.583556665539,367.3658996218374,356.5248615131309,361.1742248535156,2182110.0
2013-08-27,357.6425925482061,359.6543321312898,350.489740697242,352.9038391113281,4255842.0
2013-08-28,348.70146784865676,351.18260745115714,330.88641018128556,346.8685607910156,3903860.0
2013-08-29,346.0191640016377,359.85546548706077,342.7333340175569,355.0719909667969,3233194.0
2013-08-30,357.1731285141193,358.3578030194456,343.44859101130794,350.1543884277344,4061386.0
2013-09-02,346.91327255127754,350.0873392594628,337.74868223259045,342.465087890625,3730944.0
2013-09-03,343.3368752081557,346.37683166686855,339.7604494247374,343.3592224121094,2920674.0
2013-09-04,343.76152068403036,352.68023636786285,340.16274833047225,348.85791015625,2228394.0
2013-09-05,354.0661102535058,356.86019256295583,345.840321020101,347.3826599121094,3914814.0
2013-09-06,348.7014825248446,350.95909564040943,334.0381435886843,343.9850769042969,4822424.0
2013-09-10,348.1650371315239,365.1530592403724,342.6886352674872,363.4319152832031,3849196.0
2013-09-11,365.24242606324816,373.28938281861963,359.92248262725786,369.8694152832031,2612550.0
2013-09-12,373.6917430438886,373.6917430438886,356.6590014729661,363.38714599609375,2683098.0
2013-09-13,364.30363014556724,373.2893877261482,362.7389440892301,371.188232421875,2459686.0
2013-09-16,375.5246923303091,385.9410265532312,370.83063367618024,374.18353271484375,4538326.0
2013-09-17,372.8423655820711,380.2634377236365,369.57888270742995,377.4917297363281,1497692.0
2013-09-18,379.905801800916,379.905801800916,370.249463648726,376.3293762207031,2230732.0
2013-09-19,385.3598029371028,398.77139700683955,384.5327655505189,387.8409423828125,4488298.0
2013-09-20,388.04216857585965,395.64207279911955,372.1941275472224,390.81390380859375,3041998.0
2013-09-23,388.39980686449314,388.936276150859,380.64344491540936,384.86810302734375,1742988.0
2013-09-24,383.1245710030412,394.3009003788592,380.6210841372421,389.6068420410156,2064670.0
2013-09-25,391.1715840737941,392.5127437906186,372.4176952430062,380.0399475097656,2691988.0
2013-09-26,378.65403025441367,386.61157112370176,377.75992392559573,380.9339904785156,2564332.0
2013-09-27,383.57170350856694,383.57170350856694,375.07769142620936,377.3129577636719,1711676.0
2013-09-30,375.97171909946354,377.759931794348,364.34833658271435,369.9141540527344,2953590.0
2013-10-01,373.0659053304942,378.4305438732934,367.187144679625,371.8588562011719,2866908.0
2013-10-03,372.5070949966577,384.91282183273,372.5070949966577,380.7999267578125,3033472.0
2013-10-04,380.7999788433816,389.56223951208693,380.4423416762025,383.9293518066406,3064158.0
2013-10-07,386.4774926863654,388.9362852945493,378.7434777578156,386.7010192871094,1558494.0
2013-10-08,386.70096928619665,390.85855806526115,383.5715972804124,385.8739318847656,1336004.0
2013-10-09,383.1245798543533,384.33162891202016,376.86583525929973,380.4422607421875,2380630.0
2013-10-10,380.5316586533557,388.48919951535044,380.5316586533557,387.68450927734375,1778282.0
2013-10-11,391.1715575822103,396.7597226905276,386.94689930312995,390.0539245605469,2764482.0
2013-10-14,390.2774676896354,394.5021261475922,385.35988218610044,386.81280517578125,1649438.0
2013-10-15,387.59512128169894,393.9656293304466,384.13045900957303,387.86334228515625,2408832.0
2013-10-17,389.6963039509558,391.9762644973002,384.9128289585064,386.81280517578125,2141818.0
2013-10-18,388.3103946565132,396.9832375626955,388.3103946565132,394.6138610839844,2849200.0
2013-10-21,393.40677583046346,400.11257314575545,389.8526977961669,396.8490905761719,2234406.0
2013-10-22,399.5538331098677,400.0679552500731,390.7245316229643,391.4845275878906,1744880.0
2013-10-23,391.93153713548605,395.5303098578424,384.5551595003864,387.08099365234375,1287454.0
2013-10-24,387.23746630952246,399.5761230464016,385.9633483870005,397.58673095703125,2461684.0
2013-10-25,394.41272244333913,395.32917613152324,386.70105402492305,387.9304504394531,2221828.0
2013-10-28,389.65160202509486,395.0386155196777,382.7446511371218,388.444580078125,2174064.0
2013-10-29,390.7245015931009,403.68904455213976,384.95750432797115,402.66082763671875,2556270.0
2013-10-30,404.49371568507036,405.83487523792934,392.82563848958176,400.4925842285156,2564122.0
2013-10-31,400.11260947109463,400.9843686584195,391.4844882659494,396.9161682128906,2812436.0
2013-11-01,395.7315025863369,414.86537430619757,393.25036275538343,413.6583251953125,5918258.0
2013-11-05,409.0536533442875,412.518315435455,403.2419620945873,405.3207702636719,2052830.0
2013-11-06,405.9466446092786,407.57839967072846,400.11260592422383,402.07965087890625,1222656.0
2013-11-07,401.4537658691406,409.81366600534506,399.6879003059538,401.4537658691406,1966708.0
2013-11-08,401.0067349163757,401.45378813255894,390.1210000166987,392.78094482421875,960318.0
2013-11-11,392.51274406607723,396.96092925385943,375.52472097437914,388.9139709472656,1449756.0
2013-11-12,391.48452305680695,395.28447555149313,386.32106365357316,393.3621520996094,2766468.0
2013-11-13,391.6186049422288,402.3478817899611,391.1715517402399,400.2690734863281,4221190.0
2013-11-14,406.81838117735606,415.29004413269183,405.2536950959047,413.59124755859375,3641892.0
2013-11-18,415.75941256374597,423.8063689359475,409.05361558691135,422.37579345703125,2592024.0
2013-11-19,422.4652832353335,425.57230850044726,419.33591076692363,423.5829162597656,1896218.0
2013-11-20,422.4653135711485,428.5676012371176,418.017128357307,421.101806640625,3537004.0
2013-11-21,420.6770946024988,423.7170511466843,416.2065622475307,417.7489013671875,2057192.0
2013-11-22,419.33594628932246,423.24766220620046,415.35716147091205,418.6877136230469,1598272.0
2013-11-25,424.2534949849766,424.2534949849766,417.1900597458966,421.63824462890625,1601784.0
2013-11-26,421.6158898639677,426.0417277507906,419.38062371627205,422.5547180175781,1473916.0
2013-11-27,422.4652598781657,423.80641943333444,418.44178121265935,420.90057373046875,2109830.0
2013-11-28,423.3593522335551,431.27219880429936,422.91229906329795,428.65692138671875,2044766.0
2013-11-29,430.065136215101,431.4509900847784,421.1911419799319,422.5769958496094,1311512.0
2013-12-02,419.78290484242956,430.7133597388092,416.87705938824877,429.26043701171875,2026714.0
2013-12-03,424.8122875584343,429.05929280106005,421.61584638249474,424.365234375,1262496.0
2013-12-04,423.0017410789927,426.35464006141024,420.23000579633515,421.9288024902344,1181472.0
2013-12-05,429.1263817736599,429.1263817736599,419.67119558719077,422.1746826171875,1390184.0
2013-12-06,421.2135112919478,428.0310722811009,421.2135112919478,422.599365234375,1105716.0
2013-12-09,431.4063696087085,437.0839511218915,426.2429102275794,432.30047607421875,2411550.0
2013-12-10,432.3675314898936,434.40161817830256,423.7617570277331,426.0417175292969,1749224.0
2013-12-11,423.8064412617436,428.6793321442224,420.94528981563377,424.6558532714844,1094546.0
2013-12-12,422.46527418414405,425.61699378832543,420.23000818316973,421.0346984863281,2130544.0
2013-12-13,421.0794173486865,426.6228606222791,416.22887378758594,424.9464111328125,1485332.0
2013-12-16,425.59466463400577,425.59466463400577,412.6301212785581,414.239501953125,1041084.0
2013-12-17,414.4183367951037,420.23002868111917,414.2395045919179,416.5418395996094,865728.0
2013-12-18,416.5194440161663,425.7957972952247,414.3735942569978,423.87347412109375,986716.0
2013-12-19,425.14764523526,427.24880098961995,414.1501460836236,419.7383117675781,2101856.0
2013-12-20,418.8888456519814,434.53570754933395,415.5359466739773,433.55218505859375,2114490.0
2013-12-23,434.53570640361164,437.70977318003526,429.55105235507034,431.6075134277344,1096064.0
2013-12-24,431.4063280755891,435.8768599727454,429.4616576147106,430.7357482910156,554490.0
2013-12-26,430.981631604072,433.55218750169377,427.2710955046973,429.5510559082031,1641748.0
2013-12-27,429.171112117758,434.49105660943684,425.19232735144715,432.3675537109375,1541872.0
2013-12-30,432.7922172523216,434.80395676967544,421.2582494766861,423.98529052734375,1777974.0
2013-12-31,426.93577371820516,428.2769332167964,420.0064496421505,422.10760498046875,854370.0
2014-01-01,423.80645751953125,426.0417236456891,421.3476647807576,423.80645751953125,623518.0
2014-01-02,422.01827338247705,428.7240722180037,415.75952780265214,418.4865417480469,1007552.0
2014-01-03,414.86538244584835,417.5477017289034,401.23025942365183,402.45965576171875,2091942.0
2014-01-06,404.0020097435593,404.5384790771974,396.71504754570304,400.2914733886719,1276106.0
2014-01-07,400.55963704660394,405.9466222438891,397.9220124507747,403.73370361328125,1798394.0
2014-01-08,405.9243143889679,409.00899245014136,401.9231827051441,406.1925354003906,1176368.0
2014-01-09,406.8184150308844,410.1489668528901,397.87735096427156,399.822021484375,918880.0
2014-01-10,399.6655263620164,400.55963268497396,386.61156858964455,390.9703369140625,1793254.0
2014-01-13,390.2774099902371,398.34671409813546,390.2774099902371,397.094970703125,1015350.0
2014-01-14,394.7479377473592,402.7278256877777,394.5914800567468,398.3467102050781,1343398.0
2014-01-15,398.54798847717797,405.4773141321373,396.51390156468955,404.53851318359375,1649988.0
2014-01-16,404.80666483170324,405.0748858321713,397.1396916844488,399.0620422363281,1652120.0
2014-01-17,398.3243683924803,404.7619448566416,398.3243683924803,402.14666748046875,1833502.0
2014-01-20,398.3243907994727,408.2713242397514,398.3243907994727,405.365478515625,1016848.0
2014-01-21,405.03021402427976,412.0713021819866,401.453788293381,403.957275390625,1039276.0
2014-01-22,401.5208363198743,410.3948312890269,401.5208363198743,409.701904296875,1911630.0
2014-01-23,409.70198960382373,409.9478634540455,396.4021543390933,397.922119140625,2094830.0
2014-01-24,394.5243955412052,398.9949269354398,390.7244438561058,395.5526123046875,3982058.0
2014-01-27,385.00224182875337,391.17157086056153,383.6834293612308,387.528076171875,2608894.0
2014-01-28,386.70099095122924,393.4067884821754,385.8292318150142,391.2162170410156,2258654.0
2014-01-29,392.9374290747352,396.33502259688606,384.0187119716356,385.3375244140625,1569436.0
2014-01-30,384.01868281227826,392.51269325864996,379.97285697790915,387.9974670410156,1549420.0
2014-01-31,390.72449901909744,401.72199688717234,388.5115802093369,397.9667663574219,1884416.0
2014-02-03,394.3903376012995,398.59262130017646,387.59512351954305,395.57501220703125,1980024.0
2014-02-04,391.1715729519354,391.61862617816615,378.47525041259576,381.67169189453125,3645936.0
2014-02-05,383.12458423338217,393.85386080467873,382.6775310429115,392.6691589355469,1835988.0
2014-02-06,391.3950783596946,402.2137713055273,387.550431736794,400.984375,2221996.0
2014-02-07,403.4878316512157,403.6890110341722,396.2902865549129,400.35845947265625,1443216.0
2014-02-10,400.22437476506894,403.4655104445403,396.5361858884291,399.7549743652344,1580562.0
2014-02-11,401.49848367307794,403.37611264354,396.5362038738223,401.0290832519531,1393540.0
2014-02-12,401.3196430535397,402.7278441916309,397.8549809265801,400.33612060546875,876740.0
2014-02-13,400.1125898832102,407.2654406520721,400.1125898832102,405.3207702636719,1609454.0
2014-02-14,405.4772382537359,408.4725000464298,396.3797168655144,404.3149108886719,2537296.0
2014-02-17,404.5608292279568,418.3077161619874,401.1408610763246,414.91009521484375,2243006.0
2014-02-18,417.99475971605386,420.1853314032826,413.30070091710354,418.06182861328125,2043648.0
2014-02-19,418.44179500043646,423.4934907008348,418.4194477976395,421.66058349609375,1783782.0
2014-02-20,418.5088568311199,420.94527490006607,414.4630036125666,415.73712158203125,1651326.0
2014-02-21,415.89360147443233,419.7829699116369,412.5630495573444,415.7594909667969,934626.0
2014-02-24,415.7594577988528,422.9123086857148,414.88769863982435,422.0628967285156,782596.0
2014-02-25,422.8676782735043,424.3876429453982,418.2406607842947,421.97357177734375,1910380.0
2014-02-26,421.57118697149025,433.64162392613525,418.6429938341301,431.2722473144531,1708188.0
2014-02-28,431.40634535764536,437.6203958580109,424.2534940356533,435.6533508300781,1907672.0
2014-03-03,434.84863336316425,437.19566255665285,424.70052072650714,425.7063903808594,1068942.0
2014-03-04,424.74521791541054,431.5627789507272,422.2864254108701,427.2934265136719,1150848.0
2014-03-05,428.0533771124628,428.6121935316697,420.3193633278313,424.05224609375,1219512.0
2014-03-06,424.8346718400541,429.6181467774957,424.0523287007611,427.09228515625,1917512.0
2014-03-07,429.17103080502176,443.45438463119325,425.39342617043155,439.6991271972656,2003428.0
2014-03-10,437.7991588174765,456.44128124623353,435.87683566608985,454.1389465332031,2469256.0
2014-03-11,452.41785263284,456.821315876986,439.9450570460673,444.59442138671875,1534812.0
2014-03-12,442.3144419959184,446.1590885580864,439.5874011351587,443.1414794921875,3267066.0
2014-03-13,447.9026373063585,458.22955589557085,444.52736362684476,454.2284240722656,2430098.0
2014-03-14,452.82021773501344,462.92360959893426,445.2650073979126,459.1236572265625,2474884.0
2014-03-18,459.7718517577214,471.59644189925524,449.3108230207142,451.34490966796875,2542738.0
2014-03-19,451.970794044682,456.8436849344251,437.2180381559832,438.3133239746094,4050158.0
2014-03-20,439.40860343605266,443.4767766624219,434.64747591737876,437.3521423339844,1507352.0
2014-03-21,440.3474228661108,442.5826889720301,431.62988505302536,433.8428039550781,2147898.0
2014-03-24,438.11214206028563,444.81794015304513,436.52510863552504,441.5991516113281,2183452.0
2014-03-25,441.24147216492213,444.8178974712234,434.0886215523195,435.16156005859375,1514294.0
2014-03-26,438.1121866828604,439.58745695633417,425.6170428401715,428.70172119140625,2427292.0
2014-03-27,429.17100610813367,435.8768030785733,428.5674952951772,431.3392028808594,4435008.0
2014-03-28,433.1944817410801,434.9826942560071,427.15926450320126,432.85919189453125,3124794.0
2014-03-31,434.6697307772091,440.34731069719675,431.85330165836757,438.42498779296875,3331040.0
2014-04-01,440.3474028676606,448.55081818943984,438.4250795610652,447.1202697753906,2151116.0
2014-04-02,449.9590354965119,451.0766684709195,443.4767642449476,447.9472961425781,2211080.0
2014-04-03,449.15433969556926,451.97076929929256,442.3814730394596,450.27197265625,1286358.0
2014-04-04,449.73551249002907,449.73551249002907,443.09678348346245,446.60614013671875,1357998.0
2014-04-07,447.05315926908037,455.2565738272842,447.05315926908037,453.3565979003906,1798996.0
2014-04-09,455.1001614241596,458.22953385045537,452.21666280273746,457.4024963378906,1960936.0
2014-04-10,455.5472170264622,459.3918636846264,445.35440938433834,456.5083923339844,1858602.0
2014-04-11,452.4625336191233,455.54721161905417,447.0532008037823,449.5119934082031,1221984.0
2014-04-15,445.4885404899486,449.60143563355126,436.145117135784,440.21331787109375,1704660.0
2014-04-16,440.34739866979544,444.05793474454146,431.4286819400524,436.5697937011719,2324426.0
2014-04-17,438.11211000053936,447.0531734699381,437.32976694696697,445.6896667480469,1343906.0
2014-04-21,447.0532807392629,464.89071755514624,443.208633439292,461.87310791015625,3012408.0
2014-04-22,462.7000850293919,467.6176704741487,456.4413399178832,458.8554382324219,1463862.0
2014-04-23,458.9671937039692,465.8294496340005,457.6707284671862,464.55535888671875,2422384.0
2014-04-24,464.55535888671875,464.55535888671875,464.55535888671875,464.55535888671875,0.0
2014-04-25,464.04120332124296,483.21979576017577,461.3812587147887,478.6598205566406,2642998.0
2014-04-28,476.111722336602,480.1352016802916,472.49060184166757,477.0058288574219,1827654.0
2014-04-29,477.00579711113977,484.15864880165356,474.5916987512058,477.4528503417969,1710806.0
2014-04-30,478.34688584322953,488.15968097171304,474.81515493056384,480.2244873046875,2710352.0
2014-05-02,473.429313717537,474.6140155491558,467.2152636523749,472.9151916503906,1596842.0
2014-05-05,469.4058708955498,479.44219363973696,469.4058708955498,473.69757080078125,1234584.0
2014-05-06,474.99395412550683,477.8997994919217,472.2222465278466,476.3351135253906,656016.0
2014-05-07,476.5586951379011,479.68806743242766,473.87637602830694,474.74810791015625,822242.0
2014-05-08,476.11164322937367,479.9786642037901,472.5799121445554,475.7316589355469,979170.0
2014-05-09,478.3468662845477,496.2289921269607,474.3457624560747,492.8984680175781,1716590.0
2014-05-12,492.20551070609855,509.5288200066084,491.75845756285963,505.05828857421875,1622008.0
2014-05-13,510.0877464738052,526.3158009029265,494.5302719042025,501.99609375,1580544.0
2014-05-14,493.9937876503907,496.9667023547077,480.0233751037168,485.2538757324219,20408324.0
2014-05-15,482.8174253470806,497.74901219349476,482.59389876127176,493.7926025390625,2112808.0
2014-05-16,500.6996347417797,529.2663480311653,492.83150853879476,498.3302307128906,3352052.0
2014-05-19,509.5960102224396,509.5960102224396,481.38696108213816,491.5797424316406,2191014.0
2014-05-20,492.2056042730465,515.1170822194531,481.16341136472,508.0536193847656,2059554.0
2014-05-21,503.8289990574385,520.0570534201806,501.6384272775857,514.245361328125,1792354.0
2014-05-22,516.212348424573,523.9463912158304,503.18079028694353,508.5677490234375,1662910.0
2014-05-23,506.5112777885532,521.219339046489,506.5112777885532,518.268798828125,1993708.0
2014-05-26,524.7956760900668,560.492857325167,523.0521579824091,549.495361328125,4540298.0
2014-05-27,554.4128779710484,554.4128779710484,524.7285430857256,535.569580078125,1625424.0
2014-05-28,536.4638512238611,539.5932236893335,516.8382044188697,519.2969970703125,2355502.0
2014-05-29,520.8169768234937,529.3109876043061,520.5263813297654,526.1592407226562,2397058.0
2014-05-30,531.5463134568021,571.64696809319,514.1112367328194,552.3342895507812,8431084.0
2014-06-02,552.1106442160392,567.5339780018313,535.5696775472186,554.0106201171875,2156308.0
2014-06-03,554.5695233202649,555.2401031549931,544.7343524109172,550.2107543945312,2081200.0
2014-06-04,550.3672396370245,557.9224504005849,537.805054352487,545.337890625,1699872.0
2014-06-05,543.1696750008475,544.242613668321,532.9992140080333,537.6708984375,2174850.0
2014-06-06,539.5932030761559,554.2565696115513,534.3403280669224,551.127197265625,2537836.0
2014-06-09,554.3459664139093,554.3459664139093,539.2579209570791,547.193115234375,1975974.0
2014-06-10,549.428348791547,554.3012392843102,538.4755460695023,551.2836303710938,1705904.0
2014-06-11,549.8753835276998,553.8988619437562,541.8284266955872,548.5789184570312,1477054.0
2014-06-12,544.2425388803052,550.9483364156173,538.8332064495376,549.4283447265625,1023538.0
2014-06-13,550.7695566558347,561.0517805219744,541.5378969225023,549.361328125,2271998.0
2014-06-16,546.8800446247318,549.2940875552035,531.9931555033128,535.569580078125,1937424.0
2014-06-17,534.0943684150349,534.0943684150349,522.2474601188427,527.9473876953125,2469364.0
2014-06-18,531.5462245946367,532.8203152278511,514.558203959989,518.7158203125,1851454.0
2014-06-19,521.2640701321517,529.7357070761115,518.2017663978193,525.779296875,1036362.0
2014-06-20,525.8015460143879,526.5168201029043,508.74645831212484,511.4064025878906,1483562.0
2014-06-23,513.8876029298137,522.560445072417,511.4288105712979,519.1181030273438,1845248.0
2014-06-24,518.8051784880122,528.8638743225493,518.5816519139114,521.7333984375,1069250.0
2014-06-25,521.4875385709912,534.5191497848564,517.6875865111083,527.27685546875,1138482.0
2014-06-26,534.2285237382063,534.2285237382063,522.0016307829331,525.6898193359375,2526204.0
2014-06-27,525.7345388186768,525.8239276257618,514.0887816699878,515.6758422851562,2033818.0
2014-06-30,514.8264811324227,519.9228987933639,511.40651305916447,512.8594360351562,2625272.0
2014-07-01,514.111229936795,535.5250912111568,514.111229936795,533.9157104492188,1944486.0
2014-07-02,535.5696846097433,549.1377370742457,529.3556347837773,545.2930908203125,2012020.0
2014-07-03,545.24841104792,557.4753043631528,544.9578155723201,552.3565673828125,1783056.0
2014-07-04,552.1106574459365,552.1106574459365,540.7108017658787,549.8977661132812,1067960.0
2014-07-07,554.3013551895839,557.3860336380446,547.64025061466,554.1448974609375,1388010.0
2014-07-08,559.2634847239733,559.7776067554092,539.5931463324027,542.946044921875,1443260.0
2014-07-09,543.1697030518458,543.1697030518458,515.005348078787,526.8746337890625,2461348.0
2014-07-10,523.5440399922472,537.1344694426774,515.0053339974735,521.0629272460938,2633406.0
2014-07-11,520.5487416756112,524.3933881680856,504.9242000522578,520.5263671875,2129542.0
2014-07-14,519.9899512511378,527.0086648075606,516.9276476821743,521.688720703125,1823582.0
2014-07-15,524.3933876091772,538.5649517882608,524.3933876091772,536.5979614257812,1600810.0
2014-07-16,538.252018522762,547.9083561134374,535.5696994935788,546.3213500976562,2541006.0
2014-07-17,534.9929278742818,540.8267586696571,527.5762777656689,535.1964111328125,5309172.0
2014-07-18,533.093541047063,539.8770520620612,530.018327305189,535.286865234375,2962372.0
2014-07-21,537.2540714836094,541.2789657199382,534.9929011490825,537.5480346679688,1454796.0
2014-07-22,537.5479865624344,539.9674275629901,530.0182789814274,533.4100341796875,1169902.0
2014-07-23,535.8972980238249,543.4270052774341,532.8220846960425,540.3065795898438,2492700.0
2014-07-24,540.1031762317164,546.1178562885348,536.9375377162263,543.67578125,1916146.0
2014-07-25,543.5852858180733,552.6299661145471,543.5852858180733,547.4744873046875,1636728.0
2014-07-28,548.1075437602111,553.9865850711705,538.723689360026,545.3262939453125,1336960.0
2014-07-30,546.6153413924435,553.9867793959453,544.1280538114821,552.494384765625,3184402.0
2014-07-31,552.6300149625398,553.037036652728,537.4801741268237,543.4270629882812,6176218.0
2014-08-01,536.0330210918906,538.9725423047195,525.4959460472414,530.9906005859375,2752838.0
2014-08-04,527.7572041563423,541.776461507539,527.7572041563423,536.12353515625,3269214.0
2014-08-05,536.779239522851,557.2202538363562,536.779239522851,556.2931518554688,3053002.0
2014-08-06,560.6344497663597,565.1342110448816,556.2478021885614,561.2902221679688,2703720.0
2014-08-07,560.7248955630778,569.362553119979,554.3257740165324,565.0211181640625,1180246.0
2014-08-08,556.2478205630417,563.664469211418,543.47221005011,555.953857421875,2483456.0
2014-08-11,560.7702705891977,598.6675093446297,559.5039930577375,591.7935180664062,4557070.0
2014-08-12,594.6878208468816,597.4690715061622,583.9698951308513,592.4718627929688,2807746.0
2014-08-13,587.1128992846889,599.2101610261603,586.9546283962324,595.2531127929688,2570182.0
2014-08-14,595.2530837911105,603.7324724491035,593.1728181478868,597.7855834960938,1765326.0
2014-08-18,596.0445519571846,602.1497123907369,592.449312894725,599.68505859375,3994764.0
2014-08-19,599.6397144485717,624.0829868485471,595.8183588209861,621.414794921875,2722190.0
2014-08-20,621.4147591966031,624.896994292015,612.5961957589851,613.8172607421875,1052734.0
2014-08-21,611.8727738333341,624.5353293893824,611.8727738333341,622.4098510742188,1613706.0
2014-08-22,624.0378412264481,632.2232673378043,616.6664033667321,629.4420166015625,1576730.0
2014-08-25,628.8766593633903,648.3679358922191,624.2412603473946,637.966552734375,1164162.0
2014-08-26,632.22327485628,635.8411476737695,627.248699732232,632.9468383789062,1209158.0
2014-08-27,630.4143037825356,639.9112194062324,628.8993306643883,631.2735595703125,1059010.0
2014-08-28,630.6177439356078,639.4589416246768,626.8190221092393,636.3837280273438,3022632.0
2014-09-01,637.6727017258664,641.5619038653358,629.9620883970529,634.6427001953125,2157758.0
2014-09-02,631.7710782746591,642.0367709222164,628.7184979036111,631.137939453125,2369658.0
2014-09-03,631.1378467620731,643.2577417222315,626.7964108017197,638.3510131835938,2333062.0
2014-09-04,638.4187970503349,642.9637714110852,632.3814834220738,637.9891967773438,1586892.0
2014-09-05,635.9767370084551,641.5391824420558,631.4317629356655,636.8359375,892526.0
2014-09-08,641.7200610723496,642.1270827227786,627.0224557271407,630.8438110351562,2521044.0
2014-09-09,630.8437837367384,638.5317615846283,630.8437837367384,634.9365234375,946316.0
2014-09-10,632.7207133184797,632.7207133184797,623.2237972927873,626.2990112304688,1069184.0
2014-09-11,624.5352208969881,627.2259914034712,611.9857260527509,621.414794921875,2634266.0
2014-09-12,620.0807487870939,629.7811473921164,617.9778493455959,628.2661743164062,1956754.0
2014-09-15,622.7262970890067,625.4849137984942,617.141217520546,619.5380249023438,887168.0
2014-09-16,619.5832469177627,623.4724484848925,615.3096022665958,620.6233520507812,2003856.0
2014-09-17,623.9925367417203,633.1276420669465,620.5555139498774,624.128173828125,2595312.0
2014-09-18,620.0127729497451,630.8663882311411,618.6560710395705,629.2835693359375,1932500.0
2014-09-19,631.3187085955875,634.0321127872592,617.4125121132707,621.1660766601562,2373404.0
2014-09-22,620.4650811831859,622.2740172799299,611.420400699466,620.6233520507812,1692988.0
2014-09-23,618.6561268545724,618.6561268545724,603.9585215016677,609.4305419921875,2545074.0
2014-09-24,608.7069840317911,618.068206058119,607.3276482046606,613.7946166992188,1109336.0
2014-09-25,615.4904917331422,619.3344808438928,600.7476739492502,611.8726196289062,3655990.0
2014-09-26,607.6441866236163,633.1049260871076,607.6441866236163,630.1654052734375,1792468.0
2014-09-29,630.2786194965224,632.223248135477,622.1836735730078,625.5527954101562,1236056.0
2014-09-30,625.3039664678,628.9896848252813,610.0410680707892,615.4000854492188,1927940.0
2014-10-01,615.0383313863047,631.3187578053538,612.7771610503255,628.4470825195312,1399690.0
2014-10-07,630.8664388902833,633.0823965623802,608.3451632911712,613.4102172851562,2572744.0
2014-10-08,615.4905851810889,624.8970761619985,613.4328980276539,620.3294677734375,1184080.0
2014-10-09,622.7262838811743,626.751177947856,613.0032518525285,618.2717895507812,1023944.0
2014-10-10,615.0382282811167,616.5306225344191,594.6424863106046,595.7730712890625,1232604.0
2014-10-13,595.7731381881274,596.270584593638,570.764573574701,573.8623657226562,2384870.0
2014-10-14,581.1207640918124,581.1207640918124,572.1212953035279,576.1688232421875,1047968.0
2014-10-15,576.1688232421875,576.1688232421875,576.1688232421875,576.1688232421875,0.0
2014-10-16,576.5983741447643,578.5203687252468,547.3614337796131,551.3184814453125,2075760.0
2014-10-17,553.0822667252149,573.4327998426595,553.0822667252149,566.9884643554688,1535146.0
2014-10-20,576.4175343377796,579.2214186932083,564.5690237905234,570.1314697265625,1308326.0
2014-10-21,569.8150456806449,569.8150456806449,552.6753598530286,555.8184204101562,2074688.0
2014-10-22,563.0314728177747,572.0761551120362,556.3836534132364,570.1089477539062,2661394.0
2014-10-27,575.6487552940575,575.6487552940575,560.679818707636,568.3677978515625,1816036.0
2014-10-28,568.3677521703647,578.7238673154701,566.3326990311232,577.6385498046875,1261392.0
2014-10-29,582.47746957221,594.2129213533561,580.3519915708849,587.1580810546875,1781356.0
2014-10-30,586.2535815517015,588.831348679617,574.7894597795027,582.3643798828125,2277170.0
2014-10-31,584.467272346299,598.3056226455298,580.5554369396816,590.7080688476562,4043468.0
2014-11-03,590.6176238495267,590.6176238495267,569.0912957669372,573.229248046875,2741470.0
2014-11-05,574.7895689890671,576.8472563256503,562.6470938557799,568.05126953125,2573752.0
2014-11-07,561.0415713139347,567.5085405403431,556.360959771078,560.3632202148438,2729494.0
2014-11-10,560.8154384350225,565.7221668722696,552.7882839892544,556.6549072265625,1817558.0
2014-11-11,558.5543296574493,572.528374483098,557.446378186678,570.063720703125,2036522.0
2014-11-12,573.4328980861856,575.4227393727832,564.5691198506472,566.9207153320312,2298010.0
2014-11-13,570.0862399824604,571.2620374872512,560.770229469245,567.6441650390625,1943662.0
2014-11-14,565.2925522479125,569.5435632816868,563.0313820389208,567.9381103515625,891830.0
2014-11-17,569.8148091014872,569.8148091014872,559.9787201348544,565.4281616210938,1275834.0
2014-11-18,565.7900214211376,574.9929735012021,565.7900214211376,572.0082397460938,2556372.0
2014-11-19,572.0760527461408,573.8849888813064,560.7702019013553,563.0313720703125,2230532.0
2014-11-20,565.3377919043054,566.5814355792908,553.0822598207747,555.2982177734375,2922272.0
2014-11-21,556.6096333738939,565.9030090196107,554.4615218581012,563.8001098632812,4689312.0
2014-11-24,563.076626693901,568.4582231407984,555.9313615463267,565.5865478515625,3445088.0
2014-11-25,565.5865587306007,571.8499896483135,559.1874355082164,568.752197265625,2330848.0
2014-11-26,569.3174169209451,577.9550756332802,569.3174169209451,576.0330810546875,1721898.0
2014-11-27,579.9901999411668,587.9042962366603,576.6210781713986,584.7612915039062,2421828.0
2014-11-28,585.6431072116236,600.5216188140868,585.6431072116236,598.6448364257812,3399766.0
2014-12-01,600.0918740366221,605.0890817335737,581.8894558454589,585.688232421875,2027214.0
2014-12-02,581.6181687132695,583.3818924522507,568.1416278862066,571.87255859375,1139618.0
2014-12-03,576.4627279643645,585.3717719726026,574.4050961362348,581.9121704101562,1167678.0
2014-12-04,586.095444879285,587.3843011361794,570.5385794372955,572.1213989257812,1569834.0
2014-12-05,577.0055621953171,587.8139694056321,573.2067842999123,585.213623046875,1647748.0
2014-12-08,589.9393443247935,590.1654613597973,562.4887583570795,564.727294921875,2116276.0
2014-12-09,565.3830067163966,575.2417314279569,558.9613050667883,572.3700561523438,1878164.0
2014-12-10,568.9105265572567,577.9325752265595,566.7624144736741,572.7545166015625,1969950.0
2014-12-11,574.3372712844746,580.2163142188825,569.2948503421691,572.5735473632812,882384.0
2014-12-12,570.7420240499472,572.5961726763397,561.4938042942779,565.9257202148438,3716288.0
2014-12-15,565.337815567629,569.8149440258462,558.5090919618412,566.332763671875,2213146.0
2014-12-16,560.860660060093,563.0314056334331,548.356432443845,555.1173095703125,2114132.0
2014-12-17,546.4342763484382,555.7050718565632,542.6807126707309,551.3410034179688,2063130.0
2014-12-18,558.5090894929206,559.4135576540427,545.4169349424199,548.2207641601562,1778968.0
2014-12-19,552.629983484928,566.19700435608,551.4315522671063,552.7430419921875,1435300.0
2014-12-22,554.1675375311582,576.4626399201981,554.1675375311582,572.2568969726562,939758.0
2014-12-23,575.6940398851252,579.2892790893877,566.1971232805788,573.6363525390625,868296.0
2014-12-24,572.7544664699814,580.5781381924112,561.0415926722428,566.1744384765625,2831472.0
2014-12-26,567.214585267272,570.9003039979402,558.5090793741925,567.689453125,459322.0
2014-12-29,567.1014860178481,574.9477355690111,563.6418845718451,566.01611328125,450752.0
2014-12-30,566.3779222103692,571.9856353420264,565.2925494745081,568.79736328125,667652.0
2014-12-31,556.3835269203494,562.9409200928762,554.8911325993457,558.26025390625,1295788.0
2015-01-01,559.8658185771066,562.4887984518605,556.2931581285135,559.4362182617188,713338.0
2015-01-02,556.3609910825328,562.4435175316254,552.8561768733155,553.8284912109375,1279856.0
2015-01-05,551.7707333290881,564.3880739068172,550.3688188658626,551.0245361328125,1456708.0
2015-01-06,549.4643748935229,553.6927522520388,543.1330981457786,547.9494018554688,2579114.0
2015-01-07,548.1076404556454,556.8809916160197,543.8114172012489,553.602294921875,2189814.0
2015-01-08,556.2478469276127,563.8227667943099,556.2478469276127,559.684814453125,1672412.0
2015-01-09,562.036436282434,563.4835629981227,554.0770737331092,559.9561157226562,1532294.0
2015-01-12,558.1924795373151,559.7752986259438,550.3688088174961,557.6045532226562,897684.0
2015-01-13,556.247856096233,570.3123233680402,556.247856096233,564.7498779296875,1478978.0
2015-01-14,563.1671904017071,570.9455954420239,553.7380645233927,559.3909912109375,2831716.0
2015-01-15,569.3626462066848,585.1908373244243,566.8301466687163,578.0003051757812,2859036.0
2015-01-16,577.5029685281096,593.7155506131049,576.3950170210566,589.984619140625,2131084.0
2015-01-19,590.1201701492007,603.7324027968598,586.095276423019,602.4661254882812,1362458.0
2015-01-20,602.9183584051387,605.5413377377205,594.8234138117042,599.3231201171875,1838290.0
2015-01-21,605.0891356919191,605.9936037572284,594.7103867242347,599.2327270507812,1391960.0
2015-01-22,599.2101937136013,604.2299812766698,594.6878526289703,601.44873046875,1815350.0
2015-01-23,604.1845899566044,622.1156780871282,602.0591123581049,615.8974609375,4563196.0
2015-01-27,614.8799737529474,615.0382446132654,593.8284588133064,598.9613037109375,2382932.0
2015-01-28,598.9613591058181,603.2802163193803,589.2609609176556,595.2756958007812,1659912.0
2015-01-29,595.3661422544563,596.9263276856492,579.944971790673,586.4571533203125,2952528.0
2015-01-30,588.3566155771217,588.7636373436048,569.8150158548603,572.1213989257812,1628740.0
2015-02-02,572.2118129168306,581.098168571499,557.8759592224375,561.3129272460938,1455970.0
2015-02-03,561.7198818350973,564.8176739229613,539.1081801655068,542.3190307617188,4694416.0
2015-02-04,543.9923008126882,551.6802789705741,542.6808111448854,547.6327514648438,1828968.0
2015-02-05,547.6553735153043,549.5773680136033,531.4880080296131,533.5004272460938,4854858.0
2015-02-06,532.3247063473777,533.726620906629,516.9035357869068,519.9561157226562,4184102.0
2015-02-09,512.3811401755054,513.0142788388337,500.306514028925,503.5173645019531,5283110.0
2015-02-10,501.5727400635124,521.3127660585848,498.3618895654395,515.63720703125,4016676.0
2015-02-11,516.6321791200764,521.3127904003021,507.8588276899061,512.5620727539062,2159236.0
2015-02-12,518.6447015642048,522.0590913314953,511.79334344571384,513.0369873046875,2265072.0
2015-02-13,512.8334984753367,542.2287166419125,508.1302525278124,539.3118286132812,5989004.0
2015-02-16,542.5225826866518,555.3434068111698,532.0985658760861,547.4066772460938,4291626.0
2015-02-18,548.1076683655001,561.6746898596957,546.3213659505051,555.433837890625,3603180.0
2015-02-19,559.4135449407526,569.3400607017348,552.1777998162157,565.2473754882812,2829468.0
2015-02-20,568.3225606676941,572.2796089680503,561.6747416048386,566.1970825195312,1295648.0
2015-02-23,567.9381131098398,576.3722890712106,564.410720689292,570.3801879882812,2705104.0
2015-02-24,570.2672113134463,573.8850841845864,563.1897364684069,569.22705078125,1833458.0
2015-02-25,569.8150274906279,579.4023693634866,569.8150274906279,573.02587890625,1399182.0
2015-02-26,572.9805783550067,574.3146468069247,563.0087948267549,565.1116943359375,4445506.0
2015-02-27,567.9607469175114,582.4774486894768,565.3604011644334,579.085693359375,2313528.0
2015-03-02,585.688232269809,591.8838710856876,569.1591129771542,578.0228881835938,2758186.0
2015-03-03,568.9104981259559,568.9104981259559,551.5221190527365,556.994140625,2632558.0
2015-03-04,567.5537707591855,570.1089043536736,545.0324914791903,547.70068359375,2727706.0
2015-03-05,551.2734415183712,557.8534706338272,544.4899291124848,555.6375122070312,1604900.0
2015-03-09,553.5344456148862,555.7051910127625,543.1330630583973,545.7560424804688,1868972.0
2015-03-10,547.2936952402847,562.8053472213388,547.2936952402847,555.45654296875,1823950.0
2015-03-11,553.8509861339613,572.3021563623494,550.9114649831472,569.9505615234375,1966554.0
2015-03-12,569.9505140315293,570.3801142360351,557.7175626414986,561.2902221679688,1995764.0
2015-03-13,566.6492562733849,566.6492562733849,551.9516498656556,555.2303466796875,1215886.0
2015-03-16,557.1523549587519,557.1523549587519,546.0952544116442,551.6124877929688,1130904.0
2015-03-17,554.0998033526269,559.9788463590207,545.281238843036,557.2654418945312,5156560.0
2015-03-18,556.2705182671816,557.5593742757227,547.2032034343184,549.6904907226562,1164304.0
2015-03-19,555.3434152045578,557.0845052618449,543.133095814881,546.0274047851562,1550130.0
2015-03-20,544.9419482517433,544.9419482517433,522.0589198058583,526.98828125,3144054.0
2015-03-23,530.2218579637607,542.6809297237453,523.80015571044,536.12353515625,2470122.0
2015-03-24,531.3750796956645,553.2405878916312,531.0132703256173,539.085693359375,2037534.0
2015-03-25,539.0856606355084,549.4644107569529,539.0856606355084,547.3615112304688,1495138.0
2015-03-26,544.6480442924219,552.6299859818845,527.6892681268567,543.1782836914062,5380628.0
2015-03-27,544.1279819674812,544.9420253318751,530.1539941120785,537.4801635742188,1580906.0
2015-03-30,541.7763679695161,548.2885490427408,535.2641868962914,542.8165283203125,1381266.0
2015-03-31,543.8115156038904,547.2032714184676,533.6362481601585,537.1636962890625,1622908.0
2015-04-01,537.254064973984,546.2987462025023,532.7995705098094,543.6305541992188,1379942.0
2015-04-06,540.7815334175862,563.0314280089696,538.5203630239758,561.9686889648438,1813774.0
2015-04-07,562.5339216904214,580.578070551789,556.9488424535182,573.817138671875,1322082.0
2015-04-08,576.5983815671714,579.6057488726856,568.5033814831233,576.236572265625,1054736.0
2015-04-09,576.5983806900298,578.7917046659026,570.2671043530413,576.3948974609375,1213928.0
2015-04-10,576.1461862075298,583.3819310892571,572.5509475511626,581.9121704101562,928554.0
2015-04-13,580.170947032904,580.170947032904,561.2223334368358,564.2975463867188,1573142.0
2015-04-15,562.6243030444533,563.4835586772058,544.4218847163976,546.7056884765625,3648224.0
2015-04-16,547.225702836121,558.5089175915591,543.2460220703324,555.5693969726562,2282350.0
2015-04-17,557.1524370597693,559.8658417857098,549.0800690409686,553.7606811523438,914614.0
2015-04-20,550.8209354757083,553.7604560673275,534.8118430589458,537.1182250976562,3364204.0
2015-04-21,538.1585772842669,547.0902007307915,531.3750658058938,538.362060546875,1125000.0
2015-04-22,540.419713015245,552.1777988214344,532.0307489448567,548.5372924804688,1662436.0
2015-04-23,552.1778237688932,552.1778237688932,534.9929283526623,542.1608276367188,1658818.0
2015-04-24,541.4371107062467,544.9419239098161,528.2092673250334,530.0634155273438,4042390.0
2015-04-27,528.2320233005078,534.653724961163,519.5943084694348,527.2822875976562,2429722.0
2015-04-28,527.6214150902521,539.062958008926,520.0691289515645,534.6310424804688,1349770.0
2015-04-29,534.9929286870589,535.7617045586281,525.0437787030223,530.3123168945312,1009096.0
2015-04-30,529.1138345643423,530.9001369668147,514.5066527762527,517.8079833984375,3247284.0
2015-05-04,520.5214080873993,546.728350035775,520.5214080873993,543.8114624023438,1616036.0
2015-05-05,543.5853837971366,543.5853837971366,528.4129077832856,533.2970581054688,1315182.0
2015-05-06,533.2970094925499,536.3495893645659,523.890519064449,526.0160522460938,2243846.0
2015-05-07,525.7899182424086,532.7316997234011,517.3557423459855,529.4530029296875,1957782.0
2015-05-08,531.827226577128,546.5700451165424,531.374992540923,533.79443359375,954900.0
2015-05-11,534.9929328520776,547.2032533820912,534.9929328520776,540.08056640625,707060.0
2015-05-12,540.0804084403674,540.0804084403674,529.1137348756373,532.3245849609375,1630000.0
2015-05-13,537.7063293693438,555.0042831947243,532.3021541121766,545.8013305664062,2096774.0
2015-05-14,546.253539635305,556.8810401916169,540.6684599582841,554.9590454101562,2122604.0
2015-05-15,556.2478951288958,568.096405447461,555.0494638261621,564.8629760742188,1670000.0
2015-05-18,563.0086459342582,573.658777764801,556.9939673940547,571.4654541015625,942950.0
2015-05-19,571.4656689938821,577.5029835840569,562.8732205302194,567.0337524414062,1390012.0
2015-05-20,567.0336283214111,573.1387877355284,558.9612619147262,565.6317138671875,1165122.0
2015-05-21,567.5537260401755,571.0359061022673,561.4712002213261,564.8176879882812,1292072.0
2015-05-22,567.5536930971678,569.6791709019279,562.5112727510922,567.84765625,1502662.0
2015-05-25,567.8476587336885,575.8973911738814,564.7045991694238,569.7696533203125,756930.0
2015-05-26,569.7696656313339,575.6487080233301,566.1970057522509,571.1942138671875,705404.0
2015-05-27,568.0059697451717,569.136554876034,548.9895057623286,552.9918212890625,1997572.0
2015-05-28,553.511906003088,553.511906003088,535.4678095312669,541.8442993164062,2378236.0
2015-05-29,540.4196129475455,573.3196354094149,528.9554924501547,568.95556640625,6907312.0
2015-06-01,568.95556640625,574.3371618773077,560.7701423054028,568.95556640625,1242246.0
2015-06-02,569.3174355565884,571.9629936104973,551.228074224768,553.8057861328125,1425648.0
2015-06-03,554.5520266524325,555.5695533068406,542.726094716996,544.8742065429688,1276568.0
2015-06-04,545.8463962149626,550.7079113428092,533.658712929679,540.69091796875,1169336.0
2015-06-05,540.9848590950104,556.5642964873169,538.2036092801118,545.3262939453125,1311658.0
2015-06-08,546.2988199026818,552.1778634943497,537.5481006744174,545.5752563476562,1142562.0
2015-06-09,545.4394924007385,552.5621788937368,541.5502904994005,545.032470703125,962068.0
2015-06-10,543.5853301989451,556.247883647839,542.7712868240611,551.95166015625,936760.0
2015-06-11,554.4389178172602,554.4389178172602,535.8973226863404,537.0731201171875,1028418.0
2015-06-12,538.158485429637,542.228591621962,531.8272091304648,539.4925537109375,1206728.0
2015-06-15,540.4196630727466,555.4564444929716,538.6107269620429,551.8612060546875,1435222.0
2015-06-16,558.4863772136896,560.3179470642829,550.7531865638415,557.5819091796875,1340132.0
2015-06-17,558.7351034883156,569.3399686399251,553.3082955224235,566.89794921875,2391462.0
2015-06-18,567.6216324908831,573.1840787084556,563.0540791955038,567.0789184570312,1893300.0
2015-06-19,567.1014386446984,599.074360512067,566.9205340029856,590.4141235351562,3766568.0
2015-06-22,592.42658661633,598.1247244238308,586.9997781893102,593.3310546875,1686240.0
2015-06-23,593.7833236381796,605.5414092547772,591.0699192651186,604.2299194335938,1157398.0
2015-06-24,605.9709685268084,606.8528580109888,584.9195074796148,588.9669799804688,1481094.0
2015-06-25,579.1987620025316,592.7431497759349,577.7290013337764,587.8138427734375,2473112.0
2015-06-26,587.9494257751294,595.99921324055,584.7385753427325,589.7583618164062,1320310.0
2015-06-29,583.3820087289089,585.6431793053775,577.2768481724436,580.7364501953125,1287240.0
2015-06-30,582.5453430352878,583.1784817901614,572.1439591623914,579.92236328125,2502056.0
2015-07-01,578.8596661490683,588.8088166610055,575.7166611372685,582.4775390625,1826964.0
2015-07-02,584.2863576604061,599.1196556951342,583.0427140972745,593.9867553710938,1513902.0
2015-07-03,596.9489703976359,601.426098716489,591.5221615758393,593.6250610351562,1733252.0
2015-07-06,587.4520317930478,599.413600350973,585.6430955904518,597.7403564453125,1210678.0
2015-07-07,596.0444042092673,603.2801481146909,592.8787662506445,595.9539794921875,1246580.0
2015-07-08,593.331160437596,593.3763728083428,576.3723810805764,578.4752807617188,2030192.0
2015-07-09,584.1280605098633,584.1280605098633,570.2670772890501,571.623779296875,958292.0
2015-07-10,568.9104671857467,575.1738980928269,563.1896950877218,565.089111328125,3604156.0
2015-07-13,574.3373260418566,575.2417942718438,565.7675116444719,573.251953125,1739946.0
2015-07-14,574.3372089781927,576.1461450694626,565.7447625446607,574.3145751953125,913798.0
2015-07-15,575.2417932356367,585.1909437475738,574.3599587947316,582.4775390625,1395890.0
2015-07-16,583.3903886775804,588.7312643126891,578.4831534050577,582.8654174804688,1644288.0
2015-07-17,586.0836193402268,594.2090537976104,580.6514133691943,591.8809814453125,2085314.0
2015-07-20,595.7155417682643,601.1933858305011,590.192060150211,600.0065307617188,1363818.0
2015-07-21,601.1478026223605,603.9323624610375,588.3205277616554,592.7940673828125,836144.0
2015-07-22,592.5658126964452,616.2575011058857,591.150714023794,612.7197265625,1867150.0
2015-07-23,615.3444710252119,624.4742109514019,614.2261001736576,620.3201904296875,2399756.0
2015-07-24,622.0547931858481,622.0547931858481,604.3887691269049,606.99072265625,719700.0
2015-07-27,602.1062967671843,611.6925228718931,598.5000386592833,600.7139892578125,900076.0
2015-07-28,602.5628968678652,611.4643942079588,596.4231684278226,599.823974609375,1242534.0
2015-07-29,604.3431494395834,605.7582479925278,593.4330990130264,600.531494140625,1372156.0
2015-07-30,605.1420865813315,613.290369516169,598.5458150828299,601.5358276367188,1368146.0
2015-07-31,606.488652313366,630.8650706751852,603.9323361094572,622.4656982421875,2508732.0
2015-08-03,618.0833770602159,618.0833770602159,608.0406634004487,610.7339477539062,831716.0
2015-08-04,612.2860166072245,625.3415332620378,610.2546160854322,622.7852172851562,1124208.0
2015-08-05,623.5612367667673,634.4940780356092,616.0976855241072,633.0789794921875,1282268.0
2015-08-06,632.9193022409393,642.482683761087,627.0762456430691,637.8265380859375,1255418.0
2015-08-07,636.7993361422763,658.2770708083777,632.2344663491416,634.6538696289062,4958870.0
2015-08-10,629.952134286865,636.7765934522324,617.1704967795953,620.6854248046875,1431622.0
2015-08-11,622.1461429133824,624.9078558269175,609.410144479557,611.4871826171875,1486050.0
2015-08-12,611.2360525464117,611.4642960313057,591.1506258757305,593.1591796875,1515180.0
2015-08-13,594.8482332926279,615.3445119342505,593.88962168135,611.510009765625,1535240.0
2015-08-14,615.344569724632,630.7738549641084,613.9751085160461,629.107666015625,1466162.0
2015-08-17,629.9064559112427,629.9064559112427,614.0663227355598,616.73681640625,790168.0
2015-08-18,618.1290363678787,626.1860430731724,616.7595753660784,623.0819091796875,844484.0
2015-08-19,624.017796665089,632.097595151814,615.6640613698512,623.4015502929688,1065202.0
2015-08-20,625.3871871853929,627.7608972853055,606.0549739671013,609.2960205078125,1406780.0
2015-08-21,603.9322700175925,607.0364037477513,587.9552258372329,603.5899047851562,1548770.0
2015-08-24,586.540160617873,592.5201292055224,559.1965780252426,567.5274658203125,2079760.0
2015-08-25,570.6088400397276,581.541683125481,559.6531503109649,571.04248046875,2133382.0
2015-08-26,572.9596442222313,576.086568891242,550.112448578623,554.8599243164062,2001506.0
2015-08-27,569.1023483673591,569.2393167634438,554.6317320509897,561.5703125,4865668.0
2015-08-28,564.4918673383742,569.2621903812079,556.4577065104895,563.2821655273438,3995432.0
2015-08-31,561.9354584105583,566.9568150657299,553.1252376261729,557.324951171875,3746160.0
2015-09-01,551.2081056007795,556.1609788832137,533.6333544077112,537.3765258789062,3174664.0
2015-09-02,540.9372230137524,542.2610467717398,513.7762400860577,517.907470703125,4493220.0
2015-09-03,522.1982681590614,528.6119326363238,498.5522755909549,520.69189453125,2712720.0
2015-09-04,519.4821180617573,521.079822291297,502.5921019209093,506.974365234375,2989644.0
2015-09-07,507.1570572330532,512.3610201801467,498.8261694792249,507.1114196777344,1389426.0
2015-09-08,507.157033242987,530.6204750885793,503.5051374140546,523.0884399414062,2745142.0
2015-09-09,531.8530298201802,540.4350083108905,525.5078489308958,534.3637084960938,3132170.0
2015-09-10,532.263912244578,540.2752824412685,524.0927827215056,534.135498046875,1425516.0
2015-09-11,539.9785249854776,545.4563694068905,529.5478073777404,532.4921264648438,1622658.0
2015-09-14,534.3636955688679,538.5634095956334,526.3523817854608,535.3451538085938,1439596.0
2015-09-15,532.309547551892,534.8887105760534,522.7233193273585,525.8274536132812,1468462.0
2015-09-16,529.0685157348895,534.0898735201214,525.4394658067888,533.154052734375,1953384.0
2015-09-18,536.3951136607017,554.5861108910858,533.9757100817609,547.4420776367188,5269170.0
2015-09-21,539.5676671975982,546.8486130061635,537.3080786979784,541.0740966796875,2274848.0
2015-09-22,546.4150407502441,548.8800821539719,538.0841514489141,542.0327758789062,4025672.0
2015-09-23,536.3722817191865,557.5989294638181,535.4821542644634,551.5504760742188,3068924.0
2015-09-24,550.0668137508958,562.8484492571407,546.6431613831517,557.37060546875,4290468.0
2015-09-28,559.1737516189044,565.952628429674,553.6502698338625,557.64453125,1689472.0
2015-09-29,550.5232825418445,583.8924687054423,548.5147287411032,570.4717407226562,6506062.0
2015-09-30,571.1109669583672,579.2136125193371,568.6002880521511,576.9083862304688,5297210.0
2015-10-01,582.9339564040893,583.3904434490415,567.4818810771571,570.6316528320312,2110700.0
2015-10-05,573.1194035894265,584.303334603318,573.1194035894265,580.0579833984375,2226118.0
2015-10-06,582.9339795858464,588.8683114062192,574.831334215722,577.11376953125,2787718.0
2015-10-07,575.6529614532033,592.9537744092326,575.1736278072926,587.8867797851562,1427976.0
2015-10-08,590.8995641376514,591.0365325245701,578.4602936133845,580.9481811523438,9205452.0
2015-10-09,584.3032884833054,587.7725781139743,578.1178681009751,581.2676391601562,1427498.0
2015-10-12,579.8070283443706,585.4446321761787,575.1736737169475,581.975341796875,1496340.0
2015-10-13,580.6971511854598,588.8682803285199,579.7385395482328,585.6500244140625,2852984.0
2015-10-14,585.6500570359221,588.8683131296427,581.1080330341358,588.0009765625,567184.0
2015-10-15,589.7812169802838,594.0722060194248,578.5060101215362,581.9524536132812,2148492.0
2015-10-16,583.3903888889257,591.1278212878369,578.9396406168858,588.34326171875,1478824.0
2015-10-19,588.8682850609756,593.3875179282397,582.4546198218741,584.8740234375,1646242.0
2015-10-20,585.2164374482995,586.1294116096853,569.262236267491,570.9055786132812,3016880.0
2015-10-21,569.6729387799144,576.9083024283568,562.3919932989311,573.6444091796875,1502156.0
2015-10-23,578.1863601431165,584.2804497853194,566.2264243338758,569.0794677734375,1629182.0
2015-10-26,570.6087846118286,575.1280173306571,564.514693936877,568.4633178710938,1165248.0
2015-10-27,566.9569098307587,575.3334359609302,562.9854948290802,570.6316528320312,1624822.0
2015-10-28,566.9569080562525,572.0695406543098,557.0054682180325,560.06396484375,3883340.0
2015-10-29,560.5660675962092,564.6744508277775,554.1752492359918,560.4747924804688,2387748.0
2015-10-30,558.0553281433854,560.0410353442247,535.5961912142571,540.2979736328125,1933272.0
2015-11-02,547.8071671668758,564.4460936135973,547.8071671668758,551.82421875,2576854.0
2015-11-03,553.2165446803511,563.9896255328788,552.577451807001,562.8255615234375,1311030.0
2015-11-04,562.8255534375947,574.9453040497601,562.8255534375947,572.5715942382812,908280.0
2015-11-05,571.0653085619666,579.6244408845381,568.6002673083625,575.0595703125,1734508.0
2015-11-06,572.8912746326462,579.2820936325322,553.7188176329878,570.4034423828125,2328754.0
2015-11-09,557.3706626362907,577.4560919204814,554.4263435874458,570.1979370117188,1149942.0
2015-11-10,569.2850642777404,578.8256560305192,563.9898249414089,575.69873046875,1205674.0
2015-11-13,568.5089416696838,574.9453974596225,567.2763932906449,571.2478637695312,3279020.0
2015-11-16,570.6086688929526,588.2519000798231,565.2221007692019,583.3446655273438,4053098.0
2015-11-17,583.8470216473999,592.5202768556098,579.5103940432948,588.3206176757812,3017600.0
2015-11-18,586.5858456598911,595.2590994089479,581.7014566274602,583.5274047851562,1383404.0
2015-11-19,586.6314949569702,592.497342386235,582.0894711132264,589.826904296875,921622.0
2015-11-20,589.8269059369544,604.845341020971,589.4617497312028,600.3945922851562,3969672.0
2015-11-23,600.394444193622,609.0905426372818,596.7197020595079,604.1604614257812,1826316.0
2015-11-24,604.1606456076614,605.279016655419,598.8197691032578,602.3575439453125,2482202.0
2015-11-26,604.8224584241652,618.0605820821852,601.1934088831824,614.545654296875,1818860.0
2015-11-27,618.9963967935763,626.3001890861259,615.9835936176022,616.8052368164062,3275350.0
2015-11-30,617.626920227252,625.29592423123,617.0334648289816,623.3330078125,4884086.0
2015-12-01,625.387195360383,630.6367959053789,619.2246208075617,624.8850708007812,2366346.0
2015-12-02,627.669689720761,628.5598171731401,622.42008867946,625.5926513671875,2032040.0
2015-12-03,624.7024819271163,624.8166036812133,611.9664830251858,614.2945556640625,1129668.0
2015-12-04,609.6840728101188,613.153363131466,599.0251116874176,600.4174194335938,1567306.0
2015-12-07,601.8781208991354,607.7668144553652,596.948038916359,604.2518310546875,1126844.0
2015-12-08,602.5629109104527,608.4287584060518,594.3917815041606,599.9381103515625,1853618.0
2015-12-09,599.3674534640069,606.5799706237328,596.2405285415133,598.9566040039062,2248652.0
2015-12-10,599.8240377232936,602.4488384971969,586.129424989885,589.1878662109375,1494658.0
2015-12-11,587.042342310533,591.5615752195242,567.8698863408266,576.041015625,1292080.0
2015-12-14,561.9811805315233,591.7441688005687,560.7943253791277,586.4945678710938,2761612.0
2015-12-15,591.1507069007674,595.4644870671239,583.458911550275,588.4346313476562,1552806.0
2015-12-16,573.005468835968,573.005468835968,551.6646955493069,556.024169921875,6682490.0
2015-12-17,554.6318017833781,572.5717663033105,545.7303037300647,569.490478515625,4996832.0
2015-12-18,568.3491451956372,574.4660262398519,563.7842753277104,567.55029296875,2740974.0
2015-12-21,566.0438727689129,586.1293005123259,566.0438727689129,583.7783813476562,1876456.0
2015-12-22,582.8654694526705,582.8654694526705,572.0467488277504,573.5988159179688,1222278.0
2015-12-23,575.4019322721109,579.82983441193,569.353478799199,571.4533081054688,1002636.0
2015-12-24,571.6358668176252,580.1949983830718,571.6358668176252,574.1465454101562,693062.0
2015-12-28,575.1735896673061,577.9581490757558,568.3262850284096,570.3348388671875,1232286.0
2015-12-29,570.6087989086069,579.6929021319349,570.6087989086069,577.2734985351562,862010.0
2015-12-30,577.4789114756567,581.9752973575419,574.7399894290044,576.5430908203125,940950.0
2015-12-31,574.7171280093401,583.3218967399168,573.0281484134109,580.8112182617188,1163700.0
2016-01-01,580.6285865870242,584.0522389055691,575.1735895155457,577.6157836914062,486818.0
2016-01-04,576.5430414518361,576.5430414518361,565.9068727920233,567.18505859375,727368.0
2016-01-05,568.7828550617261,580.6058806093977,565.9069644040301,570.2435913085938,1466066.0
2016-01-06,566.0895291077372,569.7870627384923,556.9141513651933,559.7215576171875,1178150.0
2016-01-07,556.4576167922761,556.4804634301938,536.3721900991997,546.6203002929688,1954754.0
2016-01-08,547.3280080753893,551.5961511220988,543.9956301071235,546.8715209960938,3530992.0
2016-01-11,542.3066356755483,542.3066356755483,526.8317129572746,530.7118530273438,2263750.0
2016-01-12,531.3509647933693,541.8273210623869,527.7219147716888,539.5220947265625,1162522.0
2016-01-13,541.895806125147,554.3807167244665,537.2396601590146,550.0897827148438,1652518.0
2016-01-14,544.6346607613688,547.6931572763343,526.1469361681277,542.5576782226562,1620082.0
2016-01-15,546.8714786830094,547.5790558905783,534.089841451687,537.3765258789062,925828.0
2016-01-18,535.7788131913587,541.8957506336184,527.7674991238172,532.1041259765625,1228894.0
2016-01-19,532.6290435873634,532.6290435873634,517.4508511309381,526.1012573242188,2012000.0
2016-01-20,519.4822801535684,529.7988766815101,502.59225874259994,525.302490234375,2616840.0
2016-01-21,527.2424567683258,531.0769585077062,516.8345314362233,519.8016967773438,1634526.0
2016-01-22,521.5364672451117,550.0669085604898,520.783252449682,547.2823486328125,1505188.0
2016-01-25,550.5233923714502,556.0240837139883,536.0070816264774,537.8787231445312,1650040.0
2016-01-27,538.3807416080042,546.7801129702101,525.0512886982951,537.148193359375,2116716.0
2016-01-28,537.5135029794523,553.8785526260978,537.5135029794523,549.6788940429688,1347616.0
2016-01-29,553.2623567919496,566.0439953977043,548.8344542786506,562.9627075195312,2034158.0
2016-02-01,559.6531679105625,565.3136189264666,551.3679161479328,559.8129272460938,1027972.0
2016-02-02,560.5431462421836,566.6372918022149,547.7843578630266,550.8200073242188,1032894.0
2016-02-03,545.4106378403685,560.5659825046758,543.2194781600685,549.15380859375,1042488.0
2016-02-04,551.4363276385429,557.7815084472985,542.7630741409168,549.838623046875,887888.0
2016-02-05,549.6104246345197,558.4206472523708,545.3422817340966,556.6859741210938,1290006.0
2016-02-08,560.5661604333524,564.994063026845,544.9999614227008,548.5833740234375,1042654.0
2016-02-09,543.67597707323,555.4533630977203,537.7416465090386,540.1153564453125,759394.0
2016-02-10,538.6547083951704,548.6745766559962,530.1868514949756,539.7046508789062,1233280.0
2016-02-11,537.285279713411,539.1112279877132,510.32969602461776,514.2783203125,1382986.0
2016-02-12,514.2326364736142,537.9928085441575,498.1414687543999,531.9215087890625,4933968.0
2016-02-15,530.8944157510896,561.9126871420679,530.255322764554,560.018310546875,1493674.0
2016-02-16,561.0225586393956,566.2265219146835,547.8529189974861,550.5462036132812,1198744.0
2016-02-17,551.4363927145462,551.4363927145462,541.1654334131576,547.9671020507812,1079510.0
2016-02-18,553.4904901883571,558.2607570721224,542.4663179401094,553.9926147460938,1406810.0
2016-02-19,552.349337798942,570.0610578623978,548.4463511804598,561.5932006835938,1361338.0
2016-02-22,562.3920447716449,570.1523246102147,562.3007696511861,564.6973266601562,1101500.0
2016-02-23,564.6744648125014,566.5460505196424,549.4734241898242,551.755859375,1709506.0
2016-02-24,547.7843777043469,558.7400652584338,545.3649744134159,556.2750244140625,1284148.0
2016-02-25,555.658961776167,567.2537460809583,555.5676866391203,561.0455322265625,2585106.0
2016-02-26,565.1309416795596,569.6273277687369,560.5432247505097,561.5018920898438,1777842.0
2016-02-29,558.8313838252432,579.2820244727076,554.6545721992265,560.6116943359375,3427866.0
2016-03-01,555.6588605182285,584.1664544451811,551.4819928742507,578.8712158203125,3171988.0
2016-03-02,579.738517689888,579.738517689888,543.0597966327147,547.3964233398438,4975766.0
2016-03-03,553.2622226248768,560.7029827268096,547.9441381356373,554.7914428710938,2128882.0
2016-03-04,554.6316785288016,561.0224962237836,552.6003337651568,555.2479248046875,1402812.0
2016-03-08,559.1966361590999,563.3050196084321,554.6089190179389,556.6403198242188,1459818.0
2016-03-09,554.586044895603,565.1308830221548,552.8970096301716,564.0125122070312,1762268.0
2016-03-10,562.392090428885,569.4220027039504,557.3707324786271,559.8129272460938,1316558.0
2016-03-11,556.2750585568959,564.058184357225,555.0882034770586,557.1423950195312,1353850.0
2016-03-14,561.4791385213222,564.1952145036216,550.0669609091002,553.2852172851562,1425720.0
2016-03-15,554.5861693463236,555.6589028487292,546.6889205058509,550.0897827148438,1281014.0
2016-03-16,550.02117733768,554.6316847244324,540.4805882417514,553.307861328125,970990.0
2016-03-17,556.5033113079447,559.1965958530825,543.2195502572802,547.0768432617188,1315728.0
2016-03-18,547.8300197835039,560.2008059374891,545.5019473037295,558.0781860351562,1669452.0
2016-03-21,561.0226076374993,561.4790947063661,555.1567599472626,560.5432739257812,986906.0
2016-03-22,561.4790067607947,577.8440544716817,557.8271107818628,572.0466918945312,1927934.0
2016-03-23,572.891113054396,575.9952465539727,567.0937511718525,570.3119506835938,1591314.0
2016-03-28,576.086580567929,577.9125285253551,564.8113742202268,567.8013305664062,2335552.0
2016-03-29,566.1352142907346,572.0695459110715,560.2693668722586,562.5061645507812,1942358.0
2016-03-30,567.8698591860524,570.0838101129352,554.9512540871893,556.800048828125,3656452.0
2016-03-31,556.4576264154239,560.0182471347207,549.6103217425515,552.6687622070312,5135346.0
2016-04-01,550.8429240490855,551.1624984315991,542.3066381454627,545.5933227539062,4983622.0
2016-04-04,546.6203533263965,570.3348871682379,541.7131179195989,568.7371826171875,2898226.0
2016-04-05,568.737236526654,569.5817264389829,554.2665633585295,554.9512939453125,981922.0
2016-04-06,556.9142152824812,564.6288577700324,554.44917400456,557.073974609375,1253168.0
2016-04-07,559.1509255924049,563.3049460596501,551.8927713015535,553.5589599609375,824062.0
2016-04-08,554.5861254175734,565.4048461590887,551.7558722876105,562.5061645507812,971094.0
2016-04-11,565.5418412236189,565.7700847582379,552.3722004208075,564.218017578125,998468.0
2016-04-12,564.6743209318672,570.0608888857754,561.0680631134712,566.0209350585938,2127960.0
2016-04-13,572.4347675721433,616.1434031343703,571.1109439665472,608.2461547851562,5955162.0
2016-04-18,607.1277816146534,618.4029895552328,600.782600421496,611.9893798828125,3446600.0
2016-04-20,613.9522062497219,613.9522062497219,595.3960531333657,605.3246459960938,3542876.0
2016-04-21,609.3873505973568,610.9394176751023,594.4146091479979,597.3817749023438,1693322.0
2016-04-22,597.997965863028,609.4557783390602,594.6427975809413,605.3017578125,1421344.0
2016-04-25,604.9823891246405,608.9309580470093,601.3076456000209,605.5301513671875,1211802.0
2016-04-26,608.9536972243238,623.5612821652371,606.283259247016,618.0149536132812,2435670.0
2016-04-27,618.0833863428642,634.2201903438198,615.8922264947855,632.120361328125,1671196.0
2016-04-28,634.2201326585761,637.7122689697901,612.148999777014,613.7467041015625,3997186.0
2016-04-29,613.5185178731049,614.2717325553742,601.7868244561555,607.5613403320312,1806098.0
2016-05-02,602.1064879517049,613.9751526118598,599.4588404688765,610.1178588867188,1204758.0
2016-05-03,610.3231790982402,617.3074531753828,600.7369511542888,605.2333374023438,1916636.0
2016-05-04,605.256268190777,607.0822166244328,596.1721635886344,603.0194702148438,1044784.0
2016-05-05,604.845298968994,607.5842210775328,596.2861673798101,602.9508666992188,1343540.0
2016-05-06,598.773973671305,608.9536560277397,596.4002635683972,607.492919921875,1092306.0
2016-05-09,607.584242446334,619.2246618170188,607.5386048876226,616.0748901367188,1891170.0
2016-05-10,615.1162120838485,618.517017831569,608.040663818691,616.2117919921875,1346258.0
2016-05-11,610.7796456031235,616.7139769879072,598.9794670326988,615.435791015625,2414330.0
2016-05-12,620.0691333591374,622.2830842646013,607.698346244147,609.1362915039062,1287602.0
2016-05-13,607.5841834628226,607.8580645120182,594.3460607577723,599.2532958984375,1207170.0
2016-05-16,602.5628198862482,602.5628198862482,595.9437586071947,600.8738403320312,1124564.0
2016-05-17,603.9322361695637,616.8964767225908,601.8780448900753,612.5826416015625,1869828.0
2016-05-18,609.3645032290959,609.3645032290959,599.1391833551329,605.3017578125,1679064.0
2016-05-19,605.3018149142067,606.8082444352999,595.9438305961515,598.4773559570312,1311608.0
2016-05-20,599.2762764082553,603.498782007432,588.0923426590842,590.283447265625,1558094.0
2016-05-23,593.8895656217611,593.912412260343,584.3718231590733,586.5629272460938,732148.0
2016-05-24,580.5373396153785,594.7569207455488,574.8312521412741,591.0593872070312,1391044.0
2016-05-25,594.3003676449183,601.6497963494021,593.4330313006242,598.7967529296875,1755228.0
2016-05-26,601.6270870356768,616.2346726788368,596.1720890614661,611.2817993164062,2812820.0
2016-05-27,611.2361149018778,621.7353162780863,606.0093608539966,608.8167114257812,1473552.0
2016-05-30,608.9536311664954,617.0334284210553,599.2761294823382,607.5156860351562,4824894.0
2016-05-31,609.2731872891495,614.1119941527664,599.9380502649395,603.61279296875,2957786.0
2016-06-01,606.6711644981549,615.8009036177659,605.4158253692084,608.8394775390625,1890434.0
2016-06-02,612.605589607163,614.3630535146118,607.401626359985,608.611328125,1523970.0
2016-06-03,613.9750850625126,620.1832978262479,612.9479891953076,618.1747436523438,3376508.0
2016-06-06,621.9635599115982,632.9648858633136,621.3016760271524,625.250244140625,2434724.0
2016-06-07,627.6696209995495,633.1246183253778,626.7566470053683,629.0162353515625,3529094.0
2016-06-08,629.9292049046344,638.1688174334328,629.9292049046344,632.8279418945312,2266562.0
2016-06-09,631.3214727044333,635.9776174588378,623.1959824366223,626.939208984375,1386668.0
2016-06-10,624.8165706869946,641.3185866027175,622.4428606165283,628.0576171875,2835080.0
2016-06-13,620.0235203780128,628.3544088351442,609.5243184868335,619.6126708984375,2380866.0
2016-06-14,621.278761467167,623.9491990767515,615.8465554205852,618.813720703125,1174906.0
2016-06-15,619.9093254132993,624.8394071389794,616.3487046421403,618.7909545898438,1365592.0
2016-06-16,619.4528439990488,622.7395280300527,611.3273533064151,613.4956665039062,1998934.0
2016-06-17,616.3943838807422,620.7310101379575,611.327333885611,613.5184936523438,1931630.0
2016-06-20,611.7154812068287,618.0834531354725,607.1506107996244,616.6455078125,2144048.0
2016-06-21,618.4485840638057,626.1175319094541,618.4485840638057,623.94921875,1986504.0
2016-06-22,623.470006784366,630.2944655816491,615.846639962451,620.5941162109375,1218652.0
2016-06-23,622.1233957189552,629.9750068014179,620.1376880979425,627.5556030273438,1998834.0
2016-06-24,610.7796899401812,638.0776385811752,600.2804874972633,634.014892578125,2768948.0
2016-06-27,636.8679045201743,639.6753109587592,629.0391406453781,635.3386840820312,1746496.0
2016-06-28,634.5625589735838,645.4726092707403,633.1018228827429,643.007568359375,2010980.0
2016-06-29,645.700865483036,650.8819818202937,642.7336999647329,647.1844482421875,2111922.0
2016-06-30,653.2329347413172,655.9718568995617,646.1573858325188,652.7536010742188,4694178.0
2016-07-01,654.1459208315899,673.2727387333366,653.9176773142027,667.8861694335938,2329862.0
2016-07-04,672.2684180328822,674.4367313971321,663.0245557958167,668.9360961914062,1728496.0
2016-07-05,672.2684379336672,677.4267637475663,664.3256080588354,666.3341064453125,970110.0
2016-07-07,664.1886769733736,670.8990145131818,661.9062416573139,665.0103759765625,1597782.0
2016-07-08,664.5994446677165,668.9817087904233,660.559545800276,663.4810180664062,1428498.0
2016-07-11,670.1001382380978,675.4182234794292,666.9275755514042,671.9260864257812,1316600.0
2016-07-12,672.5195652914176,675.737821373667,671.0588289798186,673.3869018554688,940948.0
2016-07-13,672.8619150448279,675.6008373584432,666.5852180761261,668.50244140625,1505342.0
2016-07-14,664.4397436865337,666.9504224455486,652.6167180221055,660.65087890625,1832622.0
2016-07-15,665.5123990101066,677.9744604993325,661.4952911776506,668.6621704101562,2521152.0
2016-07-18,671.0358992452369,676.3767749294168,668.0687337043566,670.4424438476562,1474504.0
2016-07-19,670.2142448273603,673.3183789655567,658.8020689126898,664.9190063476562,1392118.0
2016-07-20,668.2970847548349,671.8348596229018,665.6037998396024,667.1102294921875,1445068.0
2016-07-21,668.3068494730989,670.1018997685742,657.7437574873983,660.4132690429688,2491952.0
2016-07-22,661.4028359579445,665.8444180835704,661.2187181556387,663.0368041992188,2033726.0
2016-07-25,662.7836934782102,675.8552720032267,661.9782271840527,673.6690063476562,1919612.0
2016-07-26,675.6711748590835,676.4536053805439,664.7168104494086,666.903076171875,2004548.0
2016-07-27,667.6394491410766,673.7609585515077,660.9425505456554,669.1353149414062,1342568.0
2016-07-28,673.3696618505271,673.3696618505271,665.6141851844353,668.536865234375,3059592.0
2016-07-29,669.2273673692634,681.1482787540108,668.5369677468054,675.0957641601562,3784502.0
2016-08-01,677.9264382531429,687.5229821137913,670.170960118657,676.6607055664062,2556022.0
2016-08-02,681.1943072757576,685.1986026891753,668.2608320029682,671.04541015625,1498848.0
2016-08-03,672.7714178831652,676.5456363179879,663.0598074525358,665.775390625,1345026.0
2016-08-04,671.896908469265,674.1982404530823,658.6872291712356,660.804443359375,1361794.0
2016-08-05,664.854816508743,685.7969377625664,664.6246833081516,683.0353393554688,1870776.0
2016-08-08,688.0982861420753,692.8160168664607,678.3176248842029,689.4100341796875,3560014.0
2016-08-09,693.6214830642332,694.5189800939205,675.6250775873299,681.5394897460938,1546836.0
2016-08-10,685.3367234312071,687.6380556119701,660.4823358789673,666.9951171875,6602056.0
2016-08-11,665.1769729734058,668.6289709431367,649.4358847053778,654.314697265625,3344252.0
2016-08-12,657.2604503539353,679.8135050229429,655.4424204617065,667.7775268554688,3848548.0
2016-08-16,668.4220257870942,672.6104397074008,658.8024446833948,664.4637451171875,3017988.0
2016-08-17,664.4635197834922,670.3548952849188,660.7813890257793,667.6163330078125,1181104.0
2016-08-18,670.1939479899955,675.4179608153983,668.652066662303,672.1040649414062,1371966.0
2016-08-19,672.9095724982802,675.8552891141799,668.1227900205521,671.5057373046875,1527874.0
2016-08-22,672.1730803562249,672.886459585004,660.5053380310417,664.4176025390625,1207950.0
2016-08-23,666.4198476295823,666.811062900608,658.6413328806005,664.0264282226562,900824.0
2016-08-24,664.0954004450244,668.1227316660228,659.1935517790646,660.4132690429688,1003038.0
2016-08-25,665.0849288122464,665.0849288122464,648.0550725035591,650.7476196289062,1965574.0
2016-08-26,653.0720451407963,659.2165907102336,651.3690256483243,655.8106079101562,1336100.0
2016-08-29,657.2604029023968,657.6286384872112,650.5865402678836,654.6829223632812,1113022.0
2016-08-30,657.2373988370315,662.3003293559017,655.8796353990986,660.9425659179688,2720064.0
2016-08-31,663.7040774595032,666.6267575483763,658.3879786369769,661.2186279296875,2587538.0
2016-09-01,662.3234253471893,674.2903531157973,661.8861946911303,669.0203247070312,2331330.0
2016-09-02,671.9889840156312,679.3532468541587,660.7584719499035,678.2485961914062,2816632.0
2016-09-06,681.1942317034432,688.0982272950321,680.7799807309758,685.7278442382812,2300042.0
2016-09-07,688.0983450094458,690.3996772670025,681.5395480754092,685.2216796875,1940376.0
2016-09-08,687.6380061723188,690.3996045906815,682.367978331222,686.7634887695312,1721426.0
2016-09-09,687.6610374702437,689.0188008764491,672.4031950715781,677.71923828125,1298158.0
2016-09-12,670.3779317806745,671.0683312984713,651.7371448001614,656.3167724609375,1374956.0
2016-09-14,659.2856305235889,659.2856305235889,647.0425550019584,649.6890869140625,2284122.0
2016-09-15,653.0720766493002,655.0051732638942,642.3248662868818,647.2496948242188,1365672.0
2016-09-16,649.8961909880323,658.7332838589656,644.856296116852,647.4337768554688,1548846.0
2016-09-19,652.6116997019908,657.9507783769973,647.594785013246,652.1974487304688,1107456.0
2016-09-20,654.9590694083402,656.6390529596769,646.9044076271413,648.9065551757812,1226474.0
2016-09-21,648.055171025546,656.3169314492602,644.9253366460767,647.5488891601562,2095174.0
2016-09-22,653.5784071637382,654.7290733735335,648.147240179555,650.6326904296875,1936070.0
2016-09-23,653.0719730335777,656.8001194472876,647.6178277075152,649.0216064453125,1472766.0
2016-09-26,649.0216197346073,649.0216197346073,633.3265472072147,635.2596435546875,1781186.0
2016-09-27,635.167645786238,640.1155096936308,629.9436332698241,631.347412109375,1958762.0
2016-09-28,633.1654711372627,639.7242671999088,630.5649547947498,633.6717529296875,2085302.0
2016-09-29,638.3436058828443,651.7143136994001,625.2029751262935,627.9876098632812,5270206.0
2016-09-30,630.7951050558491,651.4380419850602,621.3596437981731,646.9964599609375,2137750.0
2016-10-03,650.3563964092381,668.3067852697903,644.395969248717,664.5556030273438,3603220.0
2016-10-04,667.6163622433891,669.572494294085,649.435840831039,651.43798828125,3167876.0
2016-10-05,656.2940324261909,656.2940324261909,641.9797551022682,644.0048828125,2300598.0
2016-10-06,648.0091675905566,648.0091675905566,628.4938582291473,631.8998413085938,2127622.0
2016-10-07,632.866333318763,638.8497968337768,630.5650011976039,632.4060668945312,1374730.0
2016-10-10,634.2931419564345,638.8497907499092,632.8432914969381,633.7408447265625,729386.0
2016-10-13,625.9853286104255,637.4229372091147,622.7404280744519,630.4498901367188,1654226.0
2016-10-14,633.7868147779288,633.7868147779288,622.7864368937579,624.6275024414062,1595846.0
2016-10-17,625.8241962774348,626.1464164656093,602.0514818677398,604.3757934570312,1865522.0
2016-10-18,607.7356793983396,614.4095412495511,606.4239315817966,613.6961059570312,1576968.0
2016-10-19,616.1585873898402,616.1585873898402,603.8925331722182,611.187744140625,2310602.0
2016-10-20,612.1543230261445,618.4599503457764,608.9324581681121,610.9576416015625,1040256.0
2016-10-21,610.7274984627181,612.1543130682354,607.7357668574974,610.658447265625,812896.0
2016-10-24,611.463879629238,618.2297728726818,607.7126974333061,616.4117431640625,1778610.0
2016-10-25,616.756962871209,617.1481780659086,598.0241432639164,600.141357421875,2905508.0
2016-10-26,598.3924123505233,609.8530584212245,594.963449703537,602.4657592773438,1250544.0
2016-10-27,602.9489928764847,605.7566067208451,595.1244639612936,598.2312622070312,1908564.0
2016-10-28,597.425706845522,605.1811834054284,593.743576140773,603.7774047851562,1498016.0
2016-11-01,607.9658748926171,615.7443879811908,600.1873618040435,610.4743041992188,1854896.0
2016-11-02,607.0912580970868,638.1592337768087,601.3379292675086,630.24267578125,6050492.0
2016-11-03,626.4454856415247,633.1193471572147,622.7403193605971,626.3994140625,2224808.0
2016-11-04,625.9623274295247,640.6908527808077,619.6336641926454,631.6466064453125,3198050.0
2016-11-07,637.0086942378416,641.312173818155,630.8411132734217,634.2240600585938,2123570.0
2016-11-08,637.0087024690806,639.1259166882912,629.2072094033939,637.2848510742188,884762.0
2016-11-09,604.789963620144,625.5019486756285,577.1049323590089,613.6961059570312,3743020.0
2016-11-10,625.0188059656715,634.4542682308596,602.9490520681184,608.1500854492188,2512840.0
2016-11-11,598.3463418964975,606.1708709828364,566.8641077474318,570.8223876953125,4555506.0
2016-11-15,571.6509003116474,578.9921273223795,538.1665178658565,569.9479370117188,4130936.0
2016-11-16,576.2535341297196,588.3815425607326,561.3179118892006,569.5106201171875,2696932.0
2016-11-17,566.1276988658116,573.0316951934434,557.3826368508112,561.3639526367188,1058432.0
2016-11-18,562.56057790451,573.9521707072398,561.985244934675,570.6612548828125,1094450.0
2016-11-21,572.7784851747871,573.3538181608941,547.7170027739089,552.0435180664062,1510636.0
2016-11-22,556.9223050632395,563.1819164286313,545.415645867718,561.1107177734375,1287998.0
2016-11-23,563.803318834552,564.5167542470081,546.3822463795157,548.5455322265625,1161412.0
2016-11-24,546.7964957626274,552.2276618813536,532.9885034453894,535.6119995117188,3266868.0
2016-11-25,538.4656415339703,542.4239211086524,530.8021951790864,539.8924560546875,1527176.0
2016-11-28,540.8129607169859,544.9323220714831,532.0679000756048,535.0596313476562,1327884.0
2016-11-29,534.3693360212787,552.7799935930714,533.9321053778959,545.8069458007812,2076356.0
2016-11-30,548.637457756677,551.3530403030139,543.3674308251539,545.4616088867188,1876180.0
2016-12-01,547.7170557199796,549.5581214534922,532.4822480121369,533.955078125,1331604.0
2016-12-02,532.9884727182906,535.7500710225305,525.4631285762093,527.2581787109375,2193510.0
2016-12-05,532.9194868156676,545.6918805376184,529.3064064952605,543.7127685546875,1325654.0
2016-12-06,545.8760054781051,548.844701583697,539.4553110242116,540.9971923828125,1087404.0
2016-12-07,544.4491020455112,550.4325648745846,538.5116546166124,544.0348510742188,1875400.0
2016-12-08,546.3361861162479,558.8554090191883,546.3361861162479,556.5540771484375,1803138.0
2016-12-09,561.0648199690128,561.0648199690128,544.4952272545875,546.9576416015625,1954666.0
2016-12-12,546.428316522522,550.2025351894508,534.9216550712823,536.486572265625,1082646.0
2016-12-13,535.7501463139295,540.5829440255242,530.7332307858716,537.3150634765625,1501832.0
2016-12-14,540.7209832976865,544.9554116575671,533.4717875767349,540.3297119140625,1104776.0
2016-12-15,538.5117185643367,550.8468812583894,536.7166682654823,546.129150390625,1923330.0
2016-12-16,545.4156504476807,547.2336801418958,537.5451067288254,543.5745849609375,1602460.0
2016-12-19,544.6331954546363,547.6249267352706,539.4321632158984,541.7565307617188,1482614.0
2016-12-20,542.2398375018947,545.8989891123748,538.5116908789363,542.469970703125,1064722.0
2016-12-21,545.8760310273635,554.4829915046895,540.8130998795549,547.9241943359375,1676032.0
2016-12-22,546.33615706023,549.0517397602641,539.9154639562536,544.771240234375,1711402.0
2016-12-23,538.9720813124163,543.9429820768657,531.607817178344,539.2482299804688,1540542.0
2016-12-26,539.4322377432878,539.8925041577445,527.3502443637987,528.7080078125,2124360.0
2016-12-27,528.8459894634157,539.1789456347782,525.3479767491921,537.245849609375,1161856.0
2016-12-28,539.0179435430513,545.3696420275534,538.511661764689,540.3987426757812,2138830.0
2016-12-29,542.1018433834569,542.6541406455353,537.7522917513309,540.7900390625,1667556.0
2016-12-30,542.3088920503548,547.1647251002657,539.4322270171999,545.277587890625,1023018.0
2017-01-02,545.1856128012823,567.5085357399587,538.6268158553826,566.0357055664062,2106528.0
2017-01-03,566.1276313937013,567.1632307194216,559.2236358889,562.6986694335938,1553022.0
2017-01-04,562.7447666013444,566.4729134786729,558.3031842775789,562.4225463867188,1130816.0
2017-01-05,563.3661386384995,568.4290696229958,555.7257267534153,564.9080200195312,2508486.0
2017-01-06,570.2700810648128,570.2700810648128,560.2362508691456,561.7321166992188,2254066.0
2017-01-09,561.2027416408458,563.3429350626232,552.7798455830824,554.16064453125,1042782.0
2017-01-10,552.7799342862362,559.960078731916,552.7799342862362,558.5332641601562,558120.0
2017-01-11,560.2592882181143,569.6947496339873,558.6023403771778,567.0482177734375,1411696.0
2017-01-12,568.4290484682712,568.4980996706456,557.0144183813579,558.4873046875,655710.0
2017-01-13,562.3534863049566,564.7468490101915,559.5228368272243,560.535400390625,787588.0
2017-01-16,559.2236950572712,564.6548612363002,555.7256815350382,557.3826293945312,980302.0
2017-01-17,556.9224212702447,558.9936203576135,552.6649564795425,554.367919921875,957954.0
2017-01-18,554.6670200392995,561.7091183397544,553.3783078473264,559.03955078125,1958376.0
2017-01-19,557.8428855936672,558.6023364026116,553.5854213265538,557.2905883789062,787858.0
2017-01-20,556.9224048398437,560.0522391757013,546.3822918914381,548.66064453125,1537666.0
2017-01-23,550.4785733185249,554.3908374265578,541.894594362163,547.210693359375,1086802.0
2017-01-24,549.9723883901544,563.4581615673309,546.3362722243078,561.8472290039062,1587220.0
2017-01-25,567.508410023937,574.5965230568279,557.8428166658651,572.4793090820312,3701216.0
2017-01-27,572.4794185998799,584.4693256102008,572.341316194402,576.115478515625,1632060.0
2017-01-30,576.1154753501809,576.828910799783,567.9918177043259,573.307861328125,880280.0
2017-01-31,571.2826490045283,574.6656520859738,566.2427542590983,570.7763671875,1846324.0
2017-02-01,571.6509443343826,601.8444129269863,565.2072138829484,599.4510498046875,3047124.0
2017-02-02,596.9655505878425,597.2416992046493,579.3143445040417,582.2139892578125,2895658.0
2017-02-03,582.6742110354273,586.2643113334354,576.3916197912057,580.2578125,2265052.0
2017-02-06,580.8561949260062,584.9985925126417,579.0151293319459,582.6512451171875,1710456.0
2017-02-07,581.8457504088855,582.5591295807099,572.9396072709998,579.4523315429688,2674292.0
2017-02-08,580.0967659702364,589.6012786943589,579.9816993662757,587.8983154296875,1681180.0
2017-02-09,588.680761880569,595.9299581273391,582.0068986692568,594.526123046875,1524034.0
2017-02-10,595.1244653303216,601.9594102496948,585.7120397640468,588.0593872070312,3535424.0
2017-02-13,591.8796189942761,599.7041486454755,558.6714395695815,597.7250366210938,1752192.0
2017-02-14,599.4509839409873,604.7440476588129,591.442337165739,599.1978149414062,1834652.0
2017-02-15,598.4383644243441,606.999364607052,597.4718161993216,598.737548828125,2093830.0
2017-02-16,598.8067147875676,608.2881934234779,598.5765815382257,607.4827270507812,1932262.0
2017-02-17,608.4722101097739,612.0852902868412,603.8235304828221,606.2399291992188,1750224.0
2017-02-20,606.1708021567565,609.6458356833072,600.4634879989466,605.6875,940842.0
2017-02-21,606.6081409972438,606.6081409972438,599.7271800925395,603.70849609375,1125370.0
2017-02-22,604.9971475396004,605.7105829341749,600.3484681324734,603.5012817382812,1207634.0
2017-02-23,604.7900007025696,605.4804002467507,595.8148066282165,600.5785522460938,4754094.0
2017-02-27,599.6811195384431,599.6811195384431,589.6012738768771,595.5156860351562,1495124.0
2017-02-28,595.9990028300626,606.5391151617009,594.1579371366714,603.9385986328125,1350030.0
2017-03-01,605.7106368382183,625.4100630026487,597.5639432999799,620.7843627929688,5875460.0
2017-03-02,623.6149425966054,626.4225563366009,604.3297696325914,609.8529663085938,1599896.0
2017-03-03,608.9324698801522,613.074867634439,604.9511541348924,608.4952392578125,714316.0
2017-03-06,608.5412674921816,616.2967455475732,605.8026485415245,612.0623168945312,2634892.0
2017-03-07,608.9784349551923,612.9827861643113,604.1916533755413,607.6666870117188,1357652.0
2017-03-08,608.9324446125468,608.9554804063941,598.3232816636815,599.9802856445312,1755722.0
2017-03-09,599.266931586887,603.7775653738548,597.4718811539153,600.1644287109375,1947556.0
2017-03-10,600.1644188516246,607.5517178954375,598.0472044050235,599.6121215820312,921202.0
2017-03-14,610.0370838251724,624.7425724944244,605.3423329417792,610.313232421875,1826798.0
2017-03-15,610.7735656888683,616.135680950164,606.1248858832967,609.1856689453125,2281418.0
2017-03-16,610.4974690527598,613.5352165775345,606.8383168333654,607.9660034179688,1868436.0
2017-03-17,608.9324601524238,613.0518220461003,598.3463327272494,600.1183471679688,2367164.0
2017-03-20,604.7900533252566,605.917683538257,596.6893758723324,598.4383544921875,1482690.0
2017-03-21,598.9676889792246,601.1079390497207,584.9986144963209,595.7688598632812,7791312.0
2017-03-22,592.8231457266072,592.8231457266072,578.8540711927709,584.9295654296875,2647756.0
2017-03-23,587.2999321719885,589.6012641946061,583.3416523300592,586.632568359375,1991010.0
2017-03-24,586.4253991643975,592.3628468617559,585.1366869769366,587.2078857421875,1450556.0
2017-03-27,586.8396786910706,591.1661942258445,579.498451851195,582.5822143554688,2196248.0
2017-03-28,585.5048154728923,590.8209143154376,584.538267370118,587.7601318359375,1746870.0
2017-03-29,591.304172045982,591.304172045982,581.3164144770498,584.8374633789062,2308496.0
2017-03-30,584.8605115117897,592.5009789544982,580.3729139621234,589.0719604492188,8849392.0
2017-03-31,587.7602455255194,596.0450414687139,585.6890465397207,592.31689453125,2188282.0
2017-04-03,597.2416975082901,600.647680265543,589.1410197240575,592.1327514648438,1935486.0
2017-04-05,592.5930622403021,595.5847942050104,584.4923838497582,594.0889282226562,3975030.0
2017-04-06,592.7770993292311,595.538697689782,586.9087028130604,593.2373657226562,1084388.0
2017-04-07,590.982185993979,593.628718368952,583.9631218690505,587.0929565429688,1710604.0
2017-04-10,589.1409807216978,590.4527286996135,583.3876508318375,589.5092163085938,1087208.0
2017-04-11,587.7601965450544,591.8105633648076,584.5613675186177,589.8544311523438,1414324.0
2017-04-12,591.9025539443128,591.9025539443128,583.9859948258444,589.117919921875,1663874.0
2017-04-13,585.9191566118734,589.923452018935,584.1011267145575,589.3711547851562,1104418.0
2017-04-17,584.5612948599515,588.4274872161428,582.5361117017973,584.2390747070312,2118848.0
2017-04-18,586.2874694055213,586.2874694055213,579.2913851424227,581.3856201171875,1951614.0
2017-04-19,581.7767909671938,584.0321078020627,576.7138600331439,579.6825561523438,1718390.0
2017-04-20,579.0151127410618,587.7601740622702,579.0151127410618,585.3207397460938,1324892.0
2017-04-21,584.5383438758287,586.6785939309297,577.6803630925959,579.107177734375,1331830.0
2017-04-24,579.2913188941136,584.9986338762209,579.2913188941136,582.0529174804688,1137378.0
2017-04-25,591.4423705701719,603.3632825057972,588.979956373254,601.7753295898438,11584768.0
2017-04-26,606.5161018322233,625.7782411258348,605.0202359009353,622.6254272460938,5752818.0
2017-04-27,623.0626579864582,627.66532239113,613.074898702268,615.46826171875,2318584.0
2017-04-28,615.7444006497791,619.1503269969269,606.4700216296978,614.7088012695312,1052588.0
2017-05-02,613.5811338216532,622.625379925029,610.4513559757501,617.1942138671875,1634378.0
2017-05-03,617.677498504047,623.2927260165025,613.9723315718624,620.73828125,1811584.0
2017-05-04,617.2173432657544,621.8200080179225,611.993330009018,614.4097290039062,1479754.0
2017-05-05,612.6145503193,612.6145503193,601.5681572256386,608.126953125,1791334.0
2017-05-08,608.7022274639578,619.3803839519543,604.3296972855777,613.6961059570312,1159430.0
2017-05-09,614.7779204934643,622.2342712486889,611.533075490665,618.4370727539062,1183118.0
2017-05-10,622.2801698093446,635.0295265541263,620.4391042181926,633.5106811523438,2141724.0
2017-05-11,637.7911403771533,645.3855361244601,627.2510845606007,633.3956298828125,3489420.0
2017-05-12,634.2470935734979,634.2470935734979,626.7447288461073,629.5753784179688,3499498.0
2017-05-15,631.9458709816249,638.2285196103687,630.5650715548625,633.1655883789062,1116380.0
2017-05-16,633.7869198711818,635.3978524924956,627.3892047952755,628.8850708007812,1032024.0
2017-05-17,627.3431849389958,637.1698626223794,626.1465033800481,634.6154174804688,1841768.0
2017-05-18,630.1047620641717,631.4855613966718,620.2090335145883,622.6714477539062,2435692.0
2017-05-19,621.3595876048558,624.8576007129188,611.463860839297,613.7191772460938,1953484.0
2017-05-22,616.826128249254,617.6545741940571,598.8526999107902,601.2230834960938,873594.0
2017-05-23,605.2503156366594,615.9975248332349,598.3463196408039,612.9597778320312,1560364.0
2017-05-24,612.8447127413643,616.2046799415673,599.0136849216601,602.32763671875,1251366.0
2017-05-25,603.4092060326183,614.8698497869144,600.1873414695151,611.0036010742188,2913396.0
2017-05-26,613.9954404686787,620.8534217678588,611.003708562347,617.1482543945312,670446.0
2017-05-29,619.0583196383261,633.2115117044068,610.9576420830057,625.9853515625,2117528.0
2017-05-30,627.8034118164172,634.707408280674,617.8156527387392,626.4686279296875,4447770.0
2017-05-31,640.921067685167,666.6959903353425,640.690934447219,652.174560546875,7883572.0
2017-06-01,658.1809553525422,663.2438857783311,651.783241122982,655.9946899414062,3424678.0
2017-06-02,658.1809419370429,660.367207303617,648.5153476848205,652.8878784179688,2884778.0
2017-06-05,655.8565829989411,659.3316167864906,654.0845685991752,655.28125,2303902.0
2017-06-06,654.9821407033439,658.1119185970488,646.2830942711665,649.6430053710938,1607632.0
2017-06-07,655.0281498863906,667.8925735180916,650.6096036058603,659.0554809570312,3809378.0
2017-06-08,659.7918745952519,662.7836061507936,649.0216297583289,652.4276123046875,1698402.0
2017-06-09,652.6578138093554,660.3442409056593,650.8627634511853,656.662109375,1817262.0
2017-06-12,660.4822467470927,671.5056039314015,651.276919266297,655.2122192382812,3822974.0
2017-06-13,659.561720743187,662.7145342006258,650.8166595470108,652.4966430664062,1966036.0
2017-06-14,658.1809872267469,659.4927352999808,644.8792763178485,646.766357421875,1884770.0
2017-06-15,648.5153357397572,650.8166676621836,634.6382930105538,638.6886596679688,3134784.0
2017-06-16,643.5445081286296,648.6764901253075,636.6865831823895,638.5276489257812,3300750.0
2017-06-19,641.1510479537384,646.6742443467355,636.8935840674699,638.9647827148438,2225100.0
2017-06-20,641.8875341643641,643.9127176369359,637.4689877963947,639.5171508789062,1879408.0
2017-06-21,641.01306325388,642.2558163813775,635.6049324595223,638.4586181640625,2989436.0
2017-06-22,637.469071310986,647.6869646371119,635.95016946135,642.6701049804688,2256732.0
2017-06-23,644.3729415824081,652.7728031423217,630.6109653787829,633.4185791015625,2441604.0
2017-06-27,641.2892531165433,641.8415503704157,628.2636903948493,630.703125,3336218.0
2017-06-28,630.5649810482932,632.8663130959147,620.7843198459018,624.144287109375,1655834.0
2017-06-29,625.9622916063548,634.7533684353247,622.3492116748641,623.9601440429688,1873788.0
2017-06-30,623.6609872651678,625.4330017115683,619.1043385566634,620.7152709960938,1909516.0
2017-07-03,624.1211474976054,631.4854088250108,618.1376851690885,628.930908203125,2047918.0
2017-07-04,628.2637159187918,633.7869134213746,622.1421495461477,623.7301025390625,860360.0
2017-07-05,628.2636055515991,642.255714670453,626.652673229672,637.4689331054688,2433212.0
2017-07-06,641.4732664792172,641.4732664792172,630.5649751494818,633.349609375,1561776.0
2017-07-07,630.7490575981413,641.5422817216645,630.7490575981413,633.3265380859375,1316700.0
2017-07-10,628.2635136805966,634.2469757156499,625.0416495078756,629.3681640625,866646.0
2017-07-11,632.4060417756803,642.0716363006361,632.3830059814371,639.83935546875,4146842.0
2017-07-12,642.0717022793021,642.5779841408996,632.8663732143658,633.6488037109375,1472052.0
2017-07-13,636.4366099982068,640.7579152183214,634.7406681443042,636.7619018554688,1589676.0
2017-07-14,640.2700927224082,642.3610361669074,636.111461226537,639.1549682617188,1307346.0
2017-07-17,641.2225880687597,653.0248122657124,640.4326988730928,643.3599853515625,2626156.0
2017-07-18,642.1285795048275,651.4216596045852,639.8285648683212,641.292236328125,1645736.0
2017-07-19,644.93981988448,647.2630901290207,639.8983347979199,642.3377685546875,3795788.0
2017-07-20,644.475111260114,649.4933972515491,641.8266060938045,647.4721069335938,1804436.0
2017-07-21,647.7278521279892,649.586468633378,634.6013730586809,644.0338745117188,1401986.0
2017-07-24,643.9176106922761,646.7751877478745,638.8993242211168,645.3812255859375,1161322.0
2017-07-25,646.4267765313621,648.7035930193437,644.1500167638529,645.7763061523438,1441876.0
2017-07-26,646.1943779375113,659.901672694438,645.4277441156155,656.7885131835938,2535586.0
2017-07-27,659.8088030665823,661.5512558915822,648.1924508999172,649.6793212890625,3867130.0
2017-07-28,649.5864349382398,649.5864349382398,639.4802082144153,646.8914184570312,803316.0
2017-07-31,647.4025316144639,654.6975777486,641.2690639226511,652.049072265625,1021808.0
2017-08-01,657.4856120588814,666.0352596304562,652.0491812763378,664.10693359375,3883480.0
2017-08-02,664.7340865380739,666.1513041085061,654.3723350378692,657.2996215820312,952938.0
2017-08-03,659.065349200937,660.5754749398222,652.4207732616551,658.1824951171875,1126038.0
2017-08-04,659.8088238053845,661.8533131950728,648.2389253396324,658.9027709960938,4474648.0
2017-08-07,645.8691654617224,664.4553284965922,643.5226396903829,650.8641967773438,2987954.0
2017-08-08,650.5390024637537,658.2057951970824,645.9853695460728,650.5157470703125,1705654.0
2017-08-09,649.3541058821178,653.5824468553955,643.2671485055997,646.9379272460938,1542222.0
2017-08-10,644.0106256304612,648.5642588029069,641.2227008441821,644.49853515625,1632346.0
2017-08-11,641.2225657611282,644.0569440193129,622.6364044347187,626.3768920898438,2253020.0
2017-08-14,629.4668634739415,636.9942936498906,626.167830829144,629.9547729492188,1370684.0
2017-08-16,632.8123573562875,639.5730397014794,626.5162723371924,637.1336059570312,1489816.0
2017-08-17,637.505521828708,638.8762289432818,631.2791446008622,635.1822509765625,1223074.0
2017-08-18,633.7881254989735,640.9902632887346,632.2315457723763,636.5760498046875,1357710.0
2017-08-21,636.6689153784763,647.2397943311961,636.6457167097582,640.5952758789062,1405084.0
2017-08-22,642.4771867586768,643.9176598122677,637.0407566006014,638.7367553710938,584698.0
2017-08-23,640.2933572144161,644.4752441628412,635.2054174486877,638.5276489257812,1578484.0
2017-08-24,638.899406749743,642.6166396617415,635.5539198171334,638.9691162109375,1580092.0
2017-08-28,641.2226091938265,641.4316808347247,634.9497793212782,637.9932861328125,2070446.0
2017-08-29,639.0154697054265,640.7579223586863,635.2053292584844,639.8053588867188,1075712.0
2017-08-30,643.5459591594977,645.1955039812729,629.0719719108408,631.0700073242188,2110352.0
2017-08-31,631.0002323765532,632.0689594347448,619.3838805286784,624.8668212890625,3116004.0
2017-09-01,624.8668492467973,628.0497184514289,621.1960705545376,626.1678466796875,2174602.0
2017-09-04,626.3536125845178,626.3536125845178,615.2483702754628,617.199951171875,814606.0
2017-09-05,617.5485175828716,618.6636419802057,610.2998686773923,615.5040283203125,1547776.0
2017-09-06,613.9938561466541,615.5039817676685,608.6967887780804,611.7402954101562,1298532.0
2017-09-07,612.7160621445487,624.0303766920807,612.7160621445487,622.6131591796875,2328682.0
2017-09-08,624.9597970847303,625.8193958704546,598.5674201404718,601.9129638671875,3938974.0
2017-09-11,604.0503945783311,617.9900190686002,593.828003285467,594.8502197265625,3330838.0
2017-09-12,596.615787503904,606.3270682863391,594.2692619131525,604.3987426757812,2122904.0
2017-09-13,608.6968598232032,613.3666561306457,605.4442811829266,607.4655151367188,4776058.0
2017-09-14,610.0908116590554,610.0908116590554,598.5906230919863,599.7522583007812,1431844.0
2017-09-15,599.4037602089169,605.9089172964555,597.0804898205101,601.3785400390625,1680374.0
2017-09-18,604.5149140229096,606.9310923746309,599.8683735615498,601.7269897460938,1302442.0
2017-09-19,605.9089513389409,606.2341865234035,598.5209397446248,601.6109008789062,975052.0
2017-09-20,604.0967905401586,606.9311692364412,599.2179224378707,600.5421752929688,1676474.0
2017-09-21,601.030078241454,602.4937500002839,594.8037019584842,600.0775146484375,970210.0
2017-09-22,598.4744734446456,602.6563602932495,595.4774772246676,598.0795288085938,1716992.0
2017-09-25,595.9652816634093,600.3330411396329,578.9589545355902,585.464111328125,2290416.0
2017-09-26,587.9268300633621,587.9964827989813,577.2629848959665,579.4933471679688,1314494.0
2017-09-27,582.211655703458,583.3268370185737,568.7366852202973,572.4539184570312,1420550.0
2017-09-28,572.4538160474715,580.3529352624122,569.2012375472018,571.7800903320312,3082168.0
2017-09-29,571.98909153215,585.696384952295,571.98909153215,582.7922973632812,2433430.0
2017-10-03,587.7873933610668,600.0774707158841,582.0953810538155,587.462158203125,3570708.0
2017-10-04,587.3227486966538,600.2401546235807,583.7216796283001,598.8229370117188,2356486.0
2017-10-05,608.696792546818,611.4847167874905,600.7976738649127,604.3987426757812,4212796.0
2017-10-06,608.6504608026762,613.9010184788283,603.7018829369124,605.4443359375,1825894.0
2017-10-09,604.5381816290966,610.0443208429757,603.5856181270839,606.3038330078125,835364.0
2017-10-10,612.4140930744294,612.8787471662916,604.5846829706447,606.4200439453125,1387442.0
2017-10-11,608.2322169327706,618.1061165583026,606.8382546326955,613.0878295898438,3285560.0
2017-10-12,613.4594760482115,623.3798281304621,610.6250978419201,621.7767944335938,1648332.0
2017-10-13,621.7071139734903,625.261728771916,614.7373032787202,615.8060302734375,1083280.0
2017-10-16,622.1253938841505,639.3175958066108,618.1293799165379,635.9255981445312,2340580.0
2017-10-17,638.3882728702882,639.1317080786665,624.2627770292173,638.1326904296875,2047488.0
2017-10-18,637.5054518592041,640.525703635505,632.9518188005918,636.8317260742188,1196844.0
2017-10-19,635.0660982348584,640.7581119194218,631.9761366048564,639.2479858398438,350390.0
2017-10-23,641.2225693404533,647.7044704510356,625.7031132021787,635.205322265625,1199328.0
2017-10-24,632.1852315087234,634.6711198869385,625.8658896419812,627.5851440429688,781906.0
2017-10-25,629.1416273287236,638.2488359961831,626.7951015253144,634.1134033203125,1328304.0
2017-10-26,638.643880646557,641.5479691152843,634.0205944925344,637.9468994140625,3304178.0
2017-10-27,637.9467676682497,646.194377216177,637.2962973619692,644.8004150390625,1549084.0
2017-10-30,644.9398697490452,647.1005225876154,636.5993516144698,638.783203125,1126068.0
2017-10-31,640.2933138548528,640.2933138548528,623.6122212572112,624.8668212890625,1599456.0
2017-11-01,626.0051805212744,633.4163900686153,620.7778223614196,627.6314697265625,3930716.0
2017-11-02,624.0304452241286,627.0042427554412,618.4778515158697,620.475830078125,1740658.0
2017-11-03,622.1717748303353,624.0071356451962,613.3898019147014,618.33837890625,2168762.0
2017-11-06,626.2839782230789,640.153890897667,624.1698362324114,634.7871704101562,5150692.0
2017-11-07,641.2226833015928,642.1519915382618,626.3537515148893,629.0255126953125,4427324.0
2017-11-08,632.394325953988,638.8994843399952,629.1417467609843,635.1822509765625,1371018.0
2017-11-09,637.9699989329049,641.2458326134263,622.6364155645248,632.5335693359375,968514.0
2017-11-10,632.905241675657,656.161198519659,625.9818852981643,647.2398071289062,5939800.0
2017-11-13,654.232978188754,665.2685131546509,654.232978188754,655.7198486328125,6476230.0
2017-11-14,659.3442088283581,668.2655454139557,657.5088477076177,664.26953125,3592110.0
2017-11-15,663.990678149427,663.990678149427,653.7682884228439,657.6016845703125,1994072.0
2017-11-16,657.5088455805161,662.5967855866982,654.2330112945799,656.9976806640625,1744892.0
2017-11-17,662.1320410466434,662.1320410466434,656.0915382160424,658.2986450195312,2896880.0
2017-11-20,659.6925953084772,659.8320142133161,650.562131773638,654.23291015625,2529602.0
2017-11-21,659.8088116834393,660.7381198689089,654.3258707009803,657.9501953125,1707526.0
2017-11-22,661.6674249628367,669.9382904630602,659.622935620262,664.2230224609375,2879234.0
2017-11-23,666.4998202771468,666.4998202771468,656.3471400253208,659.1815185546875,980022.0
2017-11-24,662.1320717641685,669.0554289814455,659.832056729386,666.3604125976562,1933116.0
2017-11-27,666.7785992145872,670.9604858995567,662.1553138455026,664.9199829101562,1735164.0
2017-11-28,665.6866997104956,669.7756217090822,662.9684846022507,666.7786254882812,1487160.0
2017-11-29,668.6139523099671,670.5422780473629,664.4553210656106,666.03515625,1383574.0
2017-11-30,664.4552572897206,664.4552572897206,650.7712189099459,653.5591430664062,5367350.0
2017-12-01,657.0208813504125,663.0381291102359,653.3036486412165,654.8834838867188,2154686.0
2017-12-04,659.8087739365855,659.8087739365855,647.1469506339291,650.9803466796875,2925628.0
2017-12-05,650.5156551971688,654.8601591217143,642.6165365269175,645.03271484375,2599242.0
2017-12-06,644.4751839155876,646.9843271941756,633.5325580686324,635.3911743164062,2369644.0
2017-12-07,639.735812016012,642.3843177990375,635.6932871592422,641.0136108398438,3113720.0
2017-12-08,644.335739089381,647.5651187222611,640.9437986059198,645.009521484375,2399392.0
2017-12-11,648.5874635618809,663.4563958948617,647.0308835523671,658.9957275390625,2646642.0
2017-12-12,659.7159159045578,663.7583838988473,655.6733911897969,659.4138793945312,2812240.0
2017-12-13,660.6451579377715,665.3846066095133,655.1622174018253,656.3238525390625,3787148.0
2017-12-14,658.4147926437543,667.2432196446233,656.556176433045,665.19873046875,5505930.0
2017-12-15,670.2634604653566,692.3345276210616,669.5664793972817,689.267822265625,7105514.0
2017-12-18,689.5467236983378,715.1027006548127,676.0717540303784,706.947998046875,8530702.0
2017-12-19,713.2440196294516,725.3017704327194,707.2035165316125,723.1411743164062,11347974.0
2017-12-20,724.8604308973164,730.15749923643,712.3612236614665,716.3804931640625,9660028.0
2017-12-21,712.7794385867672,712.7794385867672,686.7123531220502,689.7326049804688,6803736.0
2017-12-22,694.1931421580091,700.1407366130104,690.4759098037493,693.44970703125,2338232.0
2017-12-26,695.1224666253208,696.9346287848142,684.6212963211972,689.12841796875,3887128.0
2017-12-27,692.1487750636721,701.5348224454714,687.1769986013765,693.9609375,2523905.0
2017-12-28,694.1932218626876,700.651925163871,692.6598406523126,696.9346923828125,5643656.0
2017-12-29,697.9103877760011,699.7690039884538,691.31232290998,698.0032958984375,2055582.0
2018-01-01,697.9104224585105,705.2519795507221,690.4759572392455,692.0093383789062,2476302.0
2018-01-02,700.698302640652,704.4155350154035,693.5426189751624,699.6760864257812,3020597.0
2018-01-03,702.4640982485615,705.3449310098201,696.9811571243281,701.5347900390625,2256643.0
2018-01-04,707.2034864476118,707.2034864476118,697.4457510892676,702.5569458007812,1663380.0
2018-01-05,702.5570279884552,704.8802985836551,700.3266655288738,702.8822631835938,1255982.0
2018-01-08,703.5327121972596,706.2741825393676,703.0680581297994,706.1812744140625,2309604.0
2018-01-09,706.2741481915479,711.8499967299022,703.6720968844087,708.5509643554688,1947163.0
2018-01-10,708.1792548716913,710.920725221541,700.884208680154,706.134765625,1275821.0
2018-01-11,706.5530214259678,714.5915601387009,702.0923533575983,712.4541625976562,2291617.0
2018-01-12,712.8722725995007,715.1026348896835,707.9004965915742,713.2440185546875,1363265.0
2018-01-15,715.5672784358343,720.8178921930638,702.2317291168083,705.53076171875,2127778.0
2018-01-16,705.344907970315,708.6439406621823,688.6173607457226,693.9144287109375,1611817.0
2018-01-17,694.2396863740333,700.6983897723958,686.6193477141119,692.6598510742188,1940533.0
2018-01-18,696.9810488351992,710.9206698119032,692.3345085096313,705.5771484375,2810014.0
2018-01-19,706.2741937721814,713.9874400705999,695.4012770765951,711.29248046875,2005133.0
2018-01-22,708.2256750177568,714.6379235479201,702.5569183383973,705.9024047851562,934811.0
2018-01-23,708.0864432893591,718.3552882652261,707.5753350881165,714.6845092773438,2775928.0
2018-01-24,714.6844738291463,716.4966361986459,699.2115260291243,701.9994506835938,2080315.0
2018-01-25,703.0216470230058,708.13284207737,695.4477625724414,704.229736328125,2878048.0
2018-01-29,703.7650393821239,717.4258803124783,703.7650393821239,710.316650390625,2074165.0
2018-01-30,709.9914198090315,714.3127253533861,699.8619383827313,710.8278198242188,1648188.0
2018-01-31,710.7348096510415,716.6359500030362,703.1609828162822,709.1085205078125,2242045.0
2018-02-01,714.5449679915147,745.816149214092,709.0620279183782,742.2847900390625,6896060.0
2018-02-02,742.284967855214,743.4466031726712,711.4319224794532,715.7996826171875,3783976.0
2018-02-05,708.9691315315649,715.3348689634183,692.3344948070759,706.73876953125,2018332.0
2018-02-06,691.2194042820267,706.1812998249032,679.0919440290234,698.6538696289062,5626253.0
2018-02-07,713.151134629332,717.3794755908569,691.1729730339139,694.2861328125,1909559.0
2018-02-08,700.6983781704789,706.9247544134354,693.2639126195985,699.025634765625,3024010.0
2018-02-09,694.1932092904941,700.0478394705368,689.5466683983221,697.027587890625,2214895.0
2018-02-12,715.5673757762755,715.5673757762755,690.4760522100945,693.2639770507812,2662221.0
2018-02-14,698.6538503194146,700.6518855143541,689.5930959283276,694.146728515625,1207191.0
2018-02-15,695.215318081607,698.1891151367852,690.9405238101056,696.376953125,1652980.0
2018-02-16,699.4438392995986,700.4660556312368,689.5466842830882,691.1729736328125,1042980.0
2018-02-19,691.4052463027259,692.1486814600333,665.4310728159428,673.4231567382812,1185926.0
2018-02-20,675.4211912878037,681.3687864812814,653.3036673778539,658.8795166015625,2981323.0
2018-02-21,665.3846184863454,665.3846184863454,651.4449965906817,658.3218994140625,2290218.0
2018-02-22,652.3742933233145,673.2837258016259,650.8874230352653,670.9140014648438,3325355.0
2018-02-23,671.4716189701429,672.8191271849804,663.5260453177846,667.8473510742188,1648932.0
2018-02-26,670.9603967002838,684.9000171303452,668.4047996214392,683.4131469726562,1525511.0
2018-02-27,689.4538397327078,689.5467478730716,679.3243567320961,687.5022583007812,1429191.0
2018-02-28,682.1121860315759,682.9950401232581,673.8413207607168,676.861572265625,1814444.0
2018-03-01,676.536307857484,684.4354268365892,676.0716537998895,680.7646484375,1831321.0
2018-03-05,675.6070841880814,690.4760158896073,671.0999619542456,687.3163452148438,2170367.0
2018-03-06,690.4759681392934,690.4759681392934,665.3846476281751,669.0089721679688,1763292.0
2018-03-07,670.0311608709281,674.4918285451155,652.7925064256239,657.7642822265625,2343794.0
2018-03-08,660.3197844945145,677.651401289221,657.1136605677146,675.2816772460938,2500680.0
2018-03-09,675.5141671353218,687.409300995414,672.3080424354114,677.0010375976562,2191343.0
2018-03-12,683.0879106874048,686.9910160693623,679.5100971742152,684.9929809570312,1867680.0
2018-03-13,684.8537011607658,688.6173880916663,678.813197756453,681.1829223632812,1823994.0
2018-03-14,679.2778265026216,682.3909862219595,671.9827232467339,676.7222290039062,1366237.0
2018-03-15,679.3242857719516,685.7365349605865,678.209104601693,682.902099609375,1249262.0
2018-03-16,686.7586596177069,698.8396644553661,683.5525354513125,688.3849487304688,4929069.0
2018-03-19,689.3143504645682,696.0518348472688,686.7587529400956,690.1972045898438,2081202.0
2018-03-20,688.0597536952728,691.4052402340251,680.2999968727321,688.5708618164062,1248986.0
2018-03-21,690.4759994706765,697.6781380923424,687.2234207383112,692.6598510742188,2788242.0
2018-03-22,694.239679676952,695.9589338797574,674.6777534050996,679.1848754882812,1877037.0
2018-03-23,673.7484087471562,685.1788876480143,670.2170491212648,681.0899658203125,2276332.0
2018-03-26,682.4373992129771,696.9810940639651,675.6534612415145,693.728515625,1890961.0
2018-03-27,696.0517787703855,698.8397031179303,689.1748760249214,692.2416381835938,2422064.0
2018-03-28,691.4053429756046,693.2639594889799,683.0415686654159,686.6658935546875,3301815.0
2018-04-02,695.958891266655,698.7003049132564,685.0859746449969,695.1689453125,3567965.0
2018-04-03,695.1224696088344,716.8683021751582,692.3809993271128,715.66015625,2500384.0
2018-04-04,718.3551842772855,731.1331710610017,696.1446972886755,703.0680541992188,3295198.0
2018-04-05,715.5672463877288,725.7896356218392,712.4075761180902,719.842041015625,2224647.0
2018-04-06,719.8422106821895,719.8422106821895,710.0380191318139,717.3795776367188,1194886.0
2018-04-09,717.4258833930423,732.4806865907203,715.567267114822,730.6220703125,1813902.0
2018-04-10,721.607849540486,729.5069695934083,714.0804754723613,722.6300659179688,2193150.0
2018-04-11,726.2543100567372,734.7109914267924,719.2380449569043,733.22412109375,1448946.0
2018-04-12,733.64232256429,738.4282254536436,725.4644222753001,732.1553955078125,1146053.0
2018-04-13,738.7999638396062,739.2646179049141,727.787685179995,733.7816772460938,2183881.0
2018-04-16,727.8341927521972,748.0931001449476,727.8341927521972,744.7940673828125,2896629.0
2018-04-17,758.3154812188782,760.9175328005351,749.48705343508,752.1355590820312,4339790.0
2018-04-18,755.5275406333359,755.5275406333359,739.4505206699799,741.86669921875,1503151.0
2018-04-19,744.7475041717527,747.628336478076,737.5918207445262,745.212158203125,2590266.0
2018-04-20,735.9191532437227,747.5819592862586,735.9191532437227,742.9818725585938,2561105.0
2018-04-23,747.070894072237,774.8571755697251,743.4930234249165,766.0287475585938,2751312.0
2018-04-24,765.657031512028,784.3361032252956,763.9842314131337,779.2713623046875,2872669.0
2018-04-25,782.4775273244649,801.5283459826021,779.2714025964399,793.4898071289062,3602302.0
2018-04-26,798.2757902066369,807.3365456833711,790.8413241744447,797.4859008789062,5461957.0
2018-04-27,799.1121208224166,805.5243131852113,791.0271283714873,801.7141723632812,1087577.0
2018-04-30,803.2940105959163,816.8154332222729,803.0151727665415,811.5648193359375,1137366.0
2018-05-02,817.3266136325869,817.6053947661381,800.1344108444085,802.1324462890625,1341643.0
2018-05-03,801.9928726936845,813.6092236886684,791.3987378980737,803.9443969726562,2126154.0
2018-05-04,803.8050518957143,807.1040843043911,792.0957358113508,793.9078979492188,961238.0
2018-05-07,801.063590557194,825.1326932864838,797.811012173261,822.9952392578125,1916654.0
2018-05-08,823.3670621055472,823.8317162038009,798.7403948981014,804.13037109375,1834833.0
2018-05-09,803.8516065779168,807.2436042533998,793.3968891513254,799.2979736328125,1630905.0
2018-05-10,799.2050935174036,811.0537736829233,791.9100464566263,795.9525146484375,1369399.0
2018-05-11,797.2999906479017,811.1001948874612,788.8432518989514,807.6617431640625,1304682.0
2018-05-14,810.3566617689651,812.215277965683,789.9118836050692,792.3745727539062,1492933.0
2018-05-15,793.536266165035,803.8515641263297,777.9238435894431,787.1704711914062,2060487.0
2018-05-16,785.7300056735296,797.1140300017386,775.2288353924176,792.792724609375,1559853.0
2018-05-17,794.6049693115714,798.7404021677617,786.1947414007287,788.982666015625,1065979.0
2018-05-18,788.2856361352656,793.4432850099173,769.5136002112341,776.901611328125,1983383.0
2018-05-21,775.042991967775,787.3563248737379,763.5195482958944,767.5620727539062,1670673.0
2018-05-22,764.0771923197992,777.8309419565378,754.8305646406186,771.5116577148438,1937535.0
2018-05-23,769.5600227719258,776.4369254702616,762.5437578894474,772.9984741210938,1315364.0
2018-05-24,777.8309439450308,787.8674609099049,773.0914949317615,783.4532470703125,1394760.0
2018-05-25,785.2654018766834,800.0878784988046,784.336093708782,797.067626953125,2069467.0
2018-05-28,801.4354383308112,803.5263818433297,785.3119065464409,789.8655395507812,3096495.0
2018-05-29,793.6292103562196,813.7952098323161,789.9119775208273,808.73046875,4666224.0
2018-05-30,816.8618887163844,837.3066686387513,813.1911100680472,834.4722900390625,8212884.0
2018-05-31,836.3773824921984,867.5092072849635,828.0136086672763,857.7050170898438,9417129.0
2018-06-01,857.2868220517805,861.9333630927116,833.6359168093471,837.8642578125,3431462.0
2018-06-04,843.8116708028635,853.4299859922235,841.9530547878793,849.8521728515625,3364222.0
2018-06-05,847.5289963045051,851.1533206216251,834.9833368197344,837.5853881835938,1836194.0
2018-06-06,838.6076495127069,852.2684331637291,833.4499441974208,849.6663818359375,2102493.0
2018-06-07,854.0341593274261,862.3514783167647,851.2462349770645,855.2422485351562,2668799.0
2018-06-08,852.175572293702,852.7796452784987,839.2581663395579,847.2037963867188,1335422.0
2018-06-11,847.7148840579794,854.9634760981968,845.6703948362599,852.0361328125,1747134.0
2018-06-12,854.9635165935678,860.911111571102,849.434121636722,852.733154296875,2032546.0
2018-06-13,853.1048982565621,856.2645687160705,850.0846467104469,852.7796630859375,1353228.0
2018-06-14,849.4805799741644,859.6100617685984,845.2522391225316,856.8685913085938,1385264.0
2018-06-15,857.3332157395025,859.0524698358498,839.0258339834564,845.1593017578125,2619109.0
2018-06-18,850.3170161523102,855.9393195051791,844.7411668660656,849.2947998046875,1496081.0
2018-06-19,850.3169021365591,850.3633561969544,823.3669675333239,828.38525390625,1878313.0
2018-06-20,832.6600974915793,844.6016844604981,829.3610649226204,840.46630859375,2671370.0
2018-06-21,845.4846054060915,845.4846054060915,812.3082906788561,821.13671875,4202520.0
2018-06-22,820.3932307564,848.1795673761742,819.6962496377147,843.9976806640625,4589148.0
2018-06-25,847.5290156261058,849.8522859540282,837.306626183247,841.5814208984375,2984963.0
2018-06-26,841.023833480869,850.3169145138068,828.1064281568994,834.5186767578125,2106484.0
2018-06-27,836.3773281938859,842.2319581471496,822.9488141915683,829.5469360351562,2168303.0
2018-06-28,829.5469975061355,852.8261568551343,828.0600703357707,843.5795288085938,4493297.0
2018-06-29,844.741161647839,850.2241027669653,831.5914278074865,834.239990234375,2441612.0
2018-07-02,842.8825293728024,843.5330564507013,816.5366648418959,823.9711303710938,2180118.0
2018-07-03,824.203427517473,834.9833794555338,816.9083244493254,830.9873657226562,1406654.0
2018-07-04,831.7307661271893,838.8864499843322,822.9023390006996,836.47021484375,1457165.0
2018-07-05,837.8642459850511,851.2463066822176,837.8642459850511,847.8543090820312,1935437.0
2018-07-06,850.2704566067533,861.4686078566983,839.0257945754818,859.5635375976562,2998570.0
2018-07-09,865.1858446074694,873.5496175413763,862.0261743664742,866.8121337890625,2472960.0
2018-07-10,871.1334951475283,871.2264032756901,860.9111053490935,864.7677001953125,1617650.0
2018-07-11,863.2809035672849,873.2709671782428,860.9576329600854,865.1859741210938,2732003.0
2018-07-12,872.2123815527735,872.2123815527735,852.5384180591019,857.97216796875,2173358.0
2018-07-13,860.5016592986256,867.4344119248108,845.0435456585304,849.44677734375,2296504.0
2018-07-16,847.8539581572759,857.8783202590025,838.4854061334386,843.49755859375,1901810.0
2018-07-17,845.9804216398128,866.8722855109737,844.2003735169617,864.2022705078125,1791101.0
2018-07-18,868.0901720389894,871.0881206905335,843.169841809078,845.4651489257812,1442856.0
2018-07-19,848.7908899447222,864.1553395225668,848.7908899447222,855.348876953125,2040980.0
2018-07-20,855.3489180122243,857.4100111785966,846.9172200252473,852.3041381835938,1667834.0
2018-07-23,852.5383209459591,855.3488868391876,846.9171891595022,852.9130859375,1179253.0
2018-07-24,856.1452896290042,866.4975876069124,853.6626571125615,862.28173828125,1982289.0
2018-07-25,866.4975857984803,866.5912484664086,851.320516821548,852.632080078125,1433236.0
2018-07-26,856.6605407546904,859.0026790909826,848.7909330723038,855.9110107421875,2785063.0
2018-07-27,857.2225937483522,858.0657863851386,845.7929477288191,852.3977661132812,1658854.0
2018-07-30,858.1594967498494,875.9597483199882,854.4589066977296,874.3202514648438,2458481.0
2018-07-31,875.9597074720868,882.3303120902074,866.169558128824,876.8497314453125,2011316.0
2018-08-01,880.175661083446,883.8294200689586,867.6217756686704,871.0413208007812,2000884.0
2018-08-02,867.2938581439271,867.2938581439271,852.5852174094492,853.7562866210938,1652795.0
2018-08-03,856.33265034688,866.5912282143977,856.33265034688,862.5159301757812,1575164.0
2018-08-06,863.7337762225513,876.7091995698485,862.422155898292,873.52392578125,1702042.0
2018-08-07,881.5339863300323,884.3913834951456,864.9984677810113,868.46484375,5202007.0
2018-08-08,877.739790521997,879.660332531907,865.6543337690107,869.6828002929688,2056171.0
2018-08-09,870.3386335332716,880.6440425417387,868.9333504866624,874.2734375,2452570.0
2018-08-10,873.1491792886319,892.5420963163508,870.4791644347114,886.2183227539062,3163115.0
2018-08-13,884.3914731616684,905.3770564142214,879.3324312690183,894.2284545898438,4285645.0
2018-08-14,898.3506434698407,901.1612095995646,888.1388969927318,890.4342041015625,1801054.0
2018-08-16,885.3283088273037,904.2996297307459,884.3914534740472,891.1836547851562,1832039.0
2018-08-17,894.2752211385107,907.6254092524806,890.1530920997053,900.786376953125,2246030.0
2018-08-20,906.5481340812656,920.2261997983394,901.3485409615906,908.328125,1877608.0
2018-08-21,911.5602195175495,914.9797642823257,895.1652515406151,897.3200073242188,1557070.0
2018-08-23,899.3810498858323,908.7496024888097,894.0409634659138,902.2852783203125,1978510.0
2018-08-24,905.1896700522116,910.9981847832172,900.4585618692968,907.1570434570312,1634893.0
2018-08-27,912.7780966546039,921.7719417378479,906.688537275983,914.7923583984375,1635797.0
2018-08-28,919.9919529457228,925.2852085413281,912.5907728143458,918.586669921875,1460036.0
2018-08-29,919.3828984407473,930.2972852336048,913.8554866437945,921.7250366210938,1795568.0
2018-08-30,922.7557298270508,928.9857838754547,916.1509107493845,920.8820190429688,1831626.0
2018-08-31,919.9918688499713,925.6130004315393,898.5847489492759,904.3463745117188,2243187.0
2018-09-03,913.3402282140819,913.3870595414946,882.5176668702675,887.951416015625,2189450.0
2018-09-04,892.0736814953981,895.3526752416774,869.4954331052073,872.9149780273438,2067396.0
2018-09-05,871.2754692397663,885.3282993887948,856.6605487572216,870.71337890625,2133045.0
2018-09-06,875.9597952007613,884.1104485816331,868.9333797312364,875.9129638671875,2144816.0
2018-09-07,880.7376904285615,915.9166545166627,876.0065823539128,912.216064453125,3132025.0
2018-09-10,909.3587071853393,914.5114118303926,875.5850246305984,878.161376953125,2151834.0
2018-09-11,883.4546636578899,900.3180612674785,877.1777208892086,883.59521484375,3909701.0
2018-09-12,888.5604875514164,890.9494573098731,854.7868628824647,878.910888671875,2787531.0
2018-09-14,881.768239172561,894.5094486600979,869.4485688343997,891.7926025390625,2803861.0
2018-09-17,887.8109466796922,896.0084305432636,877.4586498842373,890.808837890625,1978897.0
2018-09-18,889.4972988198932,900.3179663760154,881.0187695738023,886.7803955078125,2227889.0
2018-09-19,887.201946731342,904.6743205082621,878.9576317354245,888.9819946289062,2083160.0
2018-09-21,902.1917043057539,915.0266340690677,815.0641565379085,899.2874755859375,4633394.0
2018-09-24,894.6967433770843,897.6946915450401,829.1168773703871,839.4691162109375,4569708.0
2018-09-25,839.422382418813,843.1698037688969,810.6140807900423,836.61181640625,4269089.0
2018-09-26,845.9804358867462,859.8927158636,829.3980836806498,836.9397583007812,2357565.0
2018-09-27,831.9275132318194,838.9070967103579,811.7851241164093,822.043701171875,2588148.0
2018-09-28,822.0437457392277,825.3227394939265,786.5369047801861,806.5856323242188,4188699.0
2018-10-01,806.1640088361281,809.8645988137829,787.8484986305766,794.0785522460938,3060818.0
2018-10-03,792.1112121724276,792.1112121724276,737.3051732462454,741.6146850585938,6680994.0
2018-10-04,730.8876876729314,749.4842425692367,717.1159032794998,744.5189208984375,5036305.0
2018-10-05,741.0525274329059,745.5025900186282,705.3583640914508,720.9569702148438,5157618.0
2018-10-08,720.2075078207081,731.6371538525887,705.7330820809676,725.9223022460938,3874262.0
2018-10-09,726.5781529888839,733.042477756156,712.2911089459686,716.5069580078125,2933355.0
2018-10-10,719.5048939157668,725.6881162254109,703.4846906346182,715.8511352539062,7578601.0
2018-10-11,699.8309108469621,708.7310362191791,669.8515411721257,684.044921875,6199047.0
2018-10-12,691.8676674817394,726.9060800140584,689.1039327969442,719.9733276367188,4477653.0
2018-10-15,726.0628897612181,726.4844861011728,691.399242121005,701.7046508789062,5282462.0
2018-10-16,706.014159289829,730.7471630660477,702.7351656094045,728.5924072265625,4357854.0
2018-10-17,739.3662134887842,740.8183277661728,703.7657121228473,711.4479370117188,2634539.0
2018-10-19,700.8614229854951,710.1363132740511,685.8717382725863,694.3971557617188,2985488.0
2018-10-22,699.8308735992067,701.7045841041578,684.8411895595985,687.4175415039062,1842855.0
2018-10-23,684.3728640099616,688.0266229120297,670.9758433375707,683.8576049804688,2967082.0
2018-10-24,694.0224461189555,701.8920540932686,679.829121583184,689.759765625,3729119.0
2018-10-25,682.030623802172,697.4887354680179,678.28320279227,687.4175415039062,3966709.0
2018-10-26,684.8412621620845,694.959288525247,677.0653741784092,682.2180786132812,1813847.0
2018-10-29,682.0307053660774,705.311538301801,682.0307053660774,702.173095703125,1954444.0
2018-10-30,703.5783412782085,714.5863912249714,690.4623668735549,699.1751098632812,2756355.0
2018-10-31,701.7046413253303,720.5354105632184,688.7292178928939,717.5843505859375,3093083.0
2018-11-01,721.8469567550109,729.5291810989427,703.5782797183817,708.3093872070312,4171044.0
2018-11-02,716.7411144780107,745.6431339307237,716.7411144780107,734.0729370117188,4117317.0
2018-11-05,734.4945989259481,735.1035777796458,721.3786239451276,726.4844970703125,2168486.0
2018-11-06,730.7471145128957,732.6208250629288,720.3011553240182,729.2481689453125,1839552.0
2018-11-07,738.2420880996921,743.8632207501973,734.1667898005231,742.8327026367188,731279.0
2018-11-09,749.4843037763281,755.0117733891244,741.0526053588445,745.0342407226562,3085813.0
2018-11-12,747.6105972784997,756.6981059498121,728.9671522433442,731.5903930664062,2101138.0
2018-11-13,726.5312431943347,743.6756827580572,724.9854091661596,740.1624755859375,3010295.0
2018-11-14,743.0198827578126,747.0484061148659,717.1627004916915,721.0037841796875,4237768.0
2018-11-15,725.1260243395304,726.8123524947954,707.3257730960536,718.099609375,4315301.0
2018-11-16,719.1770765035533,727.4682239882166,711.7758959112009,719.1301879882812,2373384.0
2018-11-19,726.3439384473784,734.1198263843455,721.4722792110853,732.0119018554688,2681651.0
2018-11-20,730.7472431621671,742.3642734900129,724.5171316140425,733.1830444335938,2902880.0
2018-11-21,738.0546062294208,738.0546062294208,716.4132713104505,720.535400390625,1851514.0
2018-11-22,721.4722596314157,724.1423316041986,696.1771659713661,698.9877319335938,2578750.0
2018-11-26,700.767795962556,707.3257833579275,692.5703117183416,700.6741333007812,2676798.0
2018-11-27,699.8308823195097,706.2952065145827,691.4928475961382,704.2809448242188,2179714.0
2018-11-28,707.0447554890059,711.2606046320263,698.4725060257522,701.142578125,2007876.0
2018-11-29,708.2626033609278,731.0281756041643,704.5151821791239,724.3765258789062,5038807.0
2018-11-30,728.8734663846708,745.7368627791747,727.655565859068,740.9589233398438,5214780.0
2018-12-03,749.4843028450539,750.2337757116761,708.824756543264,712.9937744140625,5839713.0
2018-12-04,713.8837889946265,713.8837889946265,691.8676878904615,693.5540161132812,7101096.0
2018-12-05,693.5539533499648,693.5539533499648,669.9451888236284,672.7089233398438,4837874.0
2018-12-06,672.1937030211951,676.4095520296904,661.8882943337621,666.0573120117188,3970063.0
2018-12-07,680.9064319500501,680.9064319500501,664.7925090853141,675.5663452148438,2716587.0
2018-12-10,665.1672971471143,679.6885550425795,655.798743666169,665.6825561523438,3150111.0
2018-12-11,655.7050702818957,683.8107302651556,650.1776009460767,676.7374267578125,4383980.0
2018-12-12,679.2201933533299,705.4521456483551,675.7069854566747,703.3910522460938,3460143.0
2018-12-13,707.3258160618127,716.7880325830414,699.1283314385798,711.2606201171875,3510371.0
2018-12-14,705.545682533567,715.7574278717192,704.1403996254419,709.4336547851562,1760631.0
2018-12-17,712.0100600078857,714.8206260342326,703.1099342577871,708.5905151367188,2022203.0
2018-12-18,707.8877925250107,723.2522412477947,704.889901518609,722.2685546875,3600834.0
2018-12-19,726.0629525776386,737.3052176498085,718.6617718660133,733.2299194335938,3361238.0
2018-12-20,730.4660866858276,746.6736718916708,729.3418488929307,745.2215576171875,2707144.0
2018-12-21,744.7999466650498,762.6001969627051,728.5923617776169,731.8245239257812,6125095.0
2018-12-24,733.4639736056608,742.4577608328982,726.0627945053579,738.8508911132812,2034516.0
2018-12-26,736.0404564312588,743.3947483343958,723.2523575477676,737.9609985351562,1683700.0
2018-12-27,744.3315290892173,751.3579437753962,738.3356323512344,745.408935546875,3156130.0
2018-12-28,748.8753156465152,756.0422820851958,746.6737284038427,752.8101196289062,1820270.0
2018-12-31,757.822413432465,758.8529315782097,750.6086148688926,753.0912475585938,2232551.0
2019-01-01,754.1685856811763,754.9648898867788,722.5965477387973,724.51708984375,3442903.0
2019-01-02,724.0017145000497,724.0017145000497,688.6822606883143,694.8655395507812,10596260.0
2019-01-03,696.4582795067997,697.8166739988216,670.9758029367941,672.9431762695312,11084172.0
2019-01-04,674.5358594172556,682.3117474715374,667.5094442149925,679.7822265625,5919404.0
2019-01-07,688.1671261449942,689.431915250117,677.8617166924132,683.4828491210938,2792255.0
2019-01-08,674.535738808014,686.9022387890482,672.1936008260417,677.7210693359375,4764487.0
2019-01-09,682.9675090101018,683.857532975212,674.6763625344805,680.43798828125,2569424.0
2019-01-10,682.0306845668714,688.4481207456397,677.1590253837428,686.90234375,2550750.0
2019-01-11,688.5887232626363,688.5887232626363,675.7069614328931,681.9370727539062,2215240.0
2019-01-14,679.2200582140028,680.5316784402381,669.1956955737955,678.7984619140625,1713221.0
2019-01-15,681.5622734482384,683.9044118449679,677.6743008372225,681.0001831054688,2138402.0
2019-01-16,681.3747998401343,686.2464584902108,678.7984479481916,680.39111328125,1288969.0
2019-01-17,682.967487076399,693.2728949746712,681.9838004859673,688.2607421875,3318440.0
2019-01-18,688.1202127639255,691.3055436328257,682.030653358935,688.5418090820312,1601885.0
2019-01-21,691.3991604845204,691.3991604845204,681.4216294018341,684.1853637695312,1341152.0
2019-01-22,681.749658311016,681.749658311016,660.6235813357688,663.7620239257812,5097285.0
2019-01-23,663.7619474009118,664.9330164683093,649.8027812450907,651.9107055664062,4714919.0
2019-01-24,654.8619527941681,655.8456395702963,642.7296634056062,653.269287109375,3891245.0
2019-01-25,657.672461330411,659.0777443674418,637.99849881198,640.3406372070312,3421228.0
2019-01-28,640.3405638449691,640.3405638449691,625.3508798339677,630.5504150390625,5762442.0
2019-01-29,629.5199290895772,634.1573742520943,619.8234424441123,627.3651733398438,4860919.0
2019-01-30,629.4731621254115,637.061667944659,627.9741591862842,635.7969360351562,2738163.0
2019-01-31,635.1879174710973,639.8721941486127,630.269426959706,637.1084594726562,3496189.0
2019-02-01,645.4933647765451,670.2263699858574,637.5769252817419,644.9312744140625,8005192.0
2019-02-04,644.5564382654451,644.9312032531592,628.020919556686,631.862060546875,2652101.0
2019-02-05,632.6114849329879,648.8659000665991,630.175684242563,641.6521606445312,3550741.0
2019-02-06,644.462756715424,654.1591857913382,638.9821191316013,651.2080688476562,2221744.0
2019-02-07,651.1144375613595,664.1367491850308,649.3343896078126,656.6419067382812,2710457.0
2019-02-08,657.672435462993,662.0756669087252,635.7031667452791,639.0289916992188,10858152.0
2019-02-11,627.1309673626391,630.8783886024969,604.4590574252777,606.66064453125,7931599.0
2019-02-12,606.1453716826425,616.263397362607,603.3348058170351,607.738037109375,3357448.0
2019-02-14,600.2431185142393,601.8357837385549,592.3735122182691,594.3409423828125,3530468.0
2019-02-15,594.9031680217986,596.6832161213963,579.7260993856495,587.923583984375,5765467.0
2019-02-18,590.2188003323861,590.2188003323861,576.7280620237749,585.2534790039062,4750172.0
2019-02-19,587.4083565680527,601.461188064896,585.7688595600875,592.6547241210938,3526711.0
2019-02-20,596.7767172959984,597.0577623985365,588.4855722750793,593.5445556640625,2369483.0
2019-02-21,593.5447076610728,595.7931834193736,585.5346056914368,594.1536865234375,2813880.0
2019-02-22,594.9031909324372,607.6444017555513,592.3268385307612,605.7706909179688,4053346.0
2019-02-25,608.8622825670392,612.6565350972169,601.742147975747,609.6117553710938,1863303.0
2019-02-26,604.0842688479419,614.5770593461713,599.5873749718744,610.173828125,3862642.0
2019-02-27,613.1718171909001,620.1982322083666,606.2859533462279,614.7176513671875,3193418.0
2019-02-28,621.8377125906668,621.8377125906668,601.9295372346568,605.1148681640625,3955320.0
2019-03-01,608.9559719240166,610.8296826068597,600.5242738512225,608.6749267578125,3957539.0
2019-03-05,608.815520405032,616.3572528828424,601.5080589820359,615.2798461914062,6039244.0
2019-03-06,618.3244632120776,622.8681882889965,612.7033317283315,617.2939453125,7495708.0
2019-03-07,619.9171185242127,634.7194197553488,612.8907042833786,629.3793334960938,8703088.0
2019-03-08,629.5667164371317,636.7805131658616,624.3203500059312,627.8335571289062,3877059.0
2019-03-11,629.5199879819817,640.6685327653502,629.0983916221103,638.0453491210938,4027884.0
2019-03-12,643.5259742231954,649.3344317515242,640.2000919267028,644.4628295898438,3876498.0
2019-03-13,644.9312639779902,645.8681193543783,638.2327251643699,640.9964599609375,1808059.0
2019-03-14,639.872268701326,644.5565459246154,634.3916872225249,642.5891723632812,1901877.0
2019-03-15,644.7906161475514,652.988099462177,643.6195471026049,650.7396240234375,5208071.0
2019-03-18,652.0513419660938,659.7335674886988,638.9821980292575,640.9964599609375,2600716.0
2019-03-19,642.6828326898407,649.9902936952799,632.47108550789,645.8681640625,2331409.0
2019-03-20,645.493256271574,650.5054089013855,633.4546893862662,635.7499389648438,2369729.0
2019-03-22,635.8437762965711,641.2775262220541,627.6931228177885,635.9374389648438,2770303.0
2019-03-25,629.5669089889195,632.3774755469058,621.5099743951414,622.6341552734375,2337486.0
2019-03-26,622.6808496746063,629.9414776859156,619.2613052226443,627.3182373046875,2434715.0
2019-03-27,629.6135395014808,630.1756869424443,616.9659940247172,618.3712768554688,2426853.0
2019-03-28,617.4344408036186,620.9008166633092,612.328568257152,614.5302124023438,3910004.0
2019-04-01,635.3284167927172,645.4932734808951,617.3876157095934,619.1676635742188,5458057.0
2019-04-02,623.0087526023927,628.5362215505563,619.6829278405113,626.3814086914062,3802792.0
2019-04-03,630.3162883567423,634.0168785447224,615.4203221203634,616.8724365234375,2745080.0
2019-04-04,619.2613877023147,620.8540532370153,610.0802166884878,612.0944213867188,3684739.0
2019-04-05,615.9823124627165,621.1350162171575,612.7033191644359,616.6381225585938,2694077.0
2019-04-08,618.6992849967536,626.1472391517557,616.7318544881153,624.8825073242188,3413270.0
2019-04-09,625.6320627063458,627.5057736202199,618.7461979703061,625.6788940429688,2401571.0
2019-04-10,630.1289556089376,632.3774315714169,621.2288287942288,627.9273681640625,2499060.0
2019-04-11,627.0372469271593,636.827396343207,627.0372469271593,630.2694091796875,4863931.0
2019-04-12,631.4405012982345,636.5932056856831,625.3977728985498,635.3753051757812,3302657.0
2019-04-15,637.0616218323607,642.6827537897052,630.7846797104373,640.0595703125,2408677.0
2019-04-16,643.8538423055874,651.5828989793176,641.5585352511055,644.650146484375,3002929.0
2019-04-18,646.0554179615666,648.2570623136791,638.232698764748,641.4180297851562,2996875.0
2019-04-22,637.9984957834624,642.4485587129359,628.5362795848166,630.87841796875,1483513.0
2019-04-23,628.6299777000504,633.1737035486848,621.8377760035894,623.7114868164062,3248237.0
2019-04-24,625.81940975448,626.943647675292,620.4324911824916,625.9599609375,2247998.0
2019-04-25,629.3794683825805,630.503706338278,622.0720074422237,623.1494140625,3169504.0
2019-04-26,624.5078082031239,626.1941937258998,610.3613140500067,617.809326171875,3632433.0
2019-04-30,618.0434116326725,620.3855497264896,599.5873520171726,604.5526733398438,5042085.0
2019-05-02,605.2085308227055,618.9803153287321,595.09050490152,605.1148681640625,3007579.0
2019-05-03,604.3185376802089,611.2981215385963,602.2574444548906,605.0211791992188,2330580.0
2019-05-06,599.587350724354,604.271626901888,594.9967371979284,598.1820678710938,1498420.0
2019-05-07,601.2268837502918,602.3042902087312,594.1536377306278,595.8399658203125,3160875.0
2019-05-08,595.4183724817195,596.7768240983852,579.9134287549457,582.3961181640625,3853705.0
2019-05-09,581.6934964485503,588.2983150795072,577.1965451260073,585.9561767578125,1366143.0
2019-05-10,586.7056521952271,591.9520191867238,579.9134510320887,589.0477905273438,2093110.0
2019-05-13,589.0009347115882,589.0009347115882,576.1660057489269,578.601806640625,1463136.0
2019-05-14,577.9460683706383,581.3655559716304,571.9970027944835,575.46337890625,2756314.0
2019-05-15,578.9766505621561,588.7199698194677,568.6244095894607,571.1539306640625,2805369.0
2019-05-16,571.4817399754105,573.9644294231576,559.4900034252632,567.0316772460938,1940170.0
2019-05-17,568.6712174703266,583.192475906554,568.6712174703266,580.5224609375,2599966.0
2019-05-20,594.9031823118482,620.6667059552748,592.3268299475055,612.0007934570312,4938702.0
2019-05-21,618.3244864271148,620.854007125993,594.3410140684459,598.7910766601562,2150188.0
2019-05-22,603.1942722389022,603.1942722389022,591.3899181316106,600.1026611328125,1458607.0
2019-05-23,608.9560621319756,613.6403395329909,594.9968926045021,599.1190795898438,3161573.0
2019-05-24,604.0375022482896,625.3509620019128,597.573177296723,623.430419921875,3165620.0
2019-05-27,625.5383665730683,639.8722428612629,623.0088455384184,636.4526977539062,2987573.0
2019-05-28,637.0616070519159,639.1695314870142,625.1167019196924,628.2083129882812,5411769.0
2019-05-29,625.8193639122649,634.7194895966459,619.1208253931544,629.7073364257812,5418102.0
2019-05-30,618.3245098163106,625.3509247005869,614.9049650335186,619.9171752929688,5394745.0
2019-05-31,618.0435041432738,623.8988502542622,604.3653813193363,606.1922607421875,4226041.0
2019-06-03,606.1922307238804,617.3876633699215,594.9499667474934,612.1412963867188,4170532.0
2019-06-04,613.4528217580494,617.7623903255621,606.8948348424112,609.6585693359375,1640476.0
2019-06-06,612.9843624754983,614.1086001820755,591.4835236187149,594.0598754882812,3846513.0
2019-06-07,599.5874002510398,604.9274869707476,590.2656784515398,603.3816528320312,2173168.0
2019-06-10,602.7727467668377,608.3938787894773,597.901087577661,606.0985717773438,2306052.0
2019-06-11,607.0354199314039,607.0354199314039,595.8399873492331,596.6362915039062,2274832.0
2019-06-12,593.0293799988705,598.5568489092175,589.7035552597428,592.2799072265625,1734002.0
2019-06-13,592.092576542448,602.1169401448163,588.4388178337443,600.5711059570312,2141936.0
2019-06-14,599.6342921030783,600.5243161763805,593.4042379521959,597.0111083984375,1338649.0
2019-06-17,600.5242750604224,601.4142990727875,582.9582373733975,585.5814208984375,2647789.0
2019-06-18,584.597698665574,590.0314478900258,580.9439401764706,586.3777465820312,2252507.0
2019-06-19,590.0783072071357,592.4204455340373,569.6080411024607,576.3065795898438,2316163.0
2019-06-20,575.9786906186027,591.1089282571281,572.6528653724989,587.5488891601562,2283701.0
2019-06-21,587.4082376885686,593.4509654455096,582.9581752818372,587.829833984375,2713987.0
2019-06-24,586.4714867697389,596.7768962816672,586.4714867697389,594.7626342773438,2166403.0
2019-06-25,594.9031289874033,603.9438057098138,594.9031289874033,601.1332397460938,3352119.0
2019-06-26,599.5874004467755,606.6138152957611,599.5874004467755,602.8663940429688,2124949.0
2019-06-27,604.2717204528717,619.0740240292928,604.2717204528717,616.357177734375,3744033.0
2019-06-28,618.1371574525826,620.6198470385099,610.3612693711074,613.9681396484375,3503838.0
2019-07-01,615.7951246444305,621.5568089909343,613.1251092728057,618.3246459960938,3547891.0
2019-07-02,619.2613800678647,626.2877951215848,614.858148531311,624.1798706054688,2275170.0
2019-07-03,626.7094333309223,632.3773970833722,621.4161774310373,626.990478515625,2615478.0
2019-07-04,629.0983575854578,631.6278784267148,623.2898430710079,629.7073364257812,1777421.0
2019-07-05,629.5667622714603,632.6583733285358,598.1821096879872,601.5079345703125,3039710.0
2019-07-08,599.9153120467685,604.4590948903914,586.6588428977857,595.699462890625,3903971.0
2019-07-09,592.0925419130734,598.1821012840148,590.2188313373991,592.7483520507812,1260744.0
2019-07-10,590.2188370203809,595.9336314587694,580.0070914121877,582.3961181640625,2081711.0
2019-07-11,585.9093276462851,595.5120944738064,584.2229423609546,594.1068115234375,1399434.0
2019-07-12,594.0599373325193,596.7768406411637,588.8135703971293,591.9989013671875,1806912.0
2019-07-15,592.1394088722521,597.7137096065292,585.9561864729053,591.9520263671875,2223638.0
2019-07-16,585.2535890525776,588.2515378161138,579.7729505674139,583.5672607421875,3177195.0
2019-07-17,583.6609179343598,586.8930805212628,576.4471198719815,578.9298095703125,1881478.0
2019-07-18,583.1569225136844,585.5792111187623,565.2033801868897,567.4832153320312,4915489.0
2019-07-19,571.0454436422742,571.3778930402933,541.4553599883079,542.6902465820312,6294798.0
2019-07-22,542.6901810307471,547.8197806972187,531.8611099261902,536.6107177734375,4198301.0
2019-07-23,537.7506481516338,538.6056008682691,528.0139507814401,531.1011962890625,4805198.0
2019-07-24,529.1063607510654,529.9613134302605,518.6572225674715,522.4569091796875,3041526.0
2019-07-25,522.45689722919,525.3066621231674,514.7625552068971,520.1295776367188,4763735.0
2019-07-26,518.5622535086769,538.0356473930939,517.7073008296218,536.1832885742188,5063750.0
2019-07-29,535.7557839124952,536.7057055151769,524.4992361121621,525.4491577148438,2984154.0
2019-07-30,524.1667808302443,533.1910369521122,520.1296136178297,521.26953125,3186153.0
2019-07-31,519.2271523678573,526.0665998655693,514.6200555419922,522.4569091796875,2986522.0
2019-08-01,518.6573008585423,524.1668356821938,512.292813226641,521.07958984375,2737518.0
2019-08-02,517.612279910494,535.6132470435276,514.9999956271807,528.5838623046875,5848740.0
2019-08-05,522.8844353783195,526.4941264083992,515.1900344677218,518.1348266601562,3152495.0
2019-08-06,515.8074421676772,524.5942171953955,515.8074421676772,521.9344482421875,2811436.0
2019-08-07,523.8818344391614,523.8818344391614,489.2096912713837,492.34442138671875,8411409.0
2019-08-08,492.53443200764883,514.3826324631473,490.49207703449,512.5302734375,5648169.0
2019-08-09,513.8126960279005,520.8420821669423,503.4585257964862,518.2297973632812,4313483.0
2019-08-13,517.7073226818018,517.7073226818018,484.69754385025567,486.7398986816406,3618940.0
2019-08-14,490.0645858268309,499.51625954128787,477.3830974417123,497.3314514160156,4641413.0
2019-08-16,498.423919177959,505.26336689831027,489.73211257813074,501.4161376953125,3120580.0
2019-08-19,500.608695519629,508.9205097241769,492.05940090923684,494.481689453125,2998027.0
2019-08-20,496.7140406531905,508.2080691184421,491.58444068933414,501.3686218261719,3175896.0
2019-08-21,501.84356343205326,508.77797942993806,492.15435163704376,494.8141784667969,2709407.0
2019-08-22,495.4316585911773,497.52149795875675,484.3175919253506,486.169921875,2516270.0
2019-08-23,485.4100172970142,509.4430261271496,483.7476542240792,506.5457763671875,2807785.0
2019-08-26,525.021661718157,525.021661718157,502.41354001749073,517.0422973632812,4036331.0
2019-08-27,519.6070808714461,531.0061393183516,517.2322770283407,526.3040161132812,4144339.0
2019-08-28,528.8213976490151,531.8611585448473,507.97060569785845,512.6727294921875,3322911.0
2019-08-29,509.1580283425071,516.9473978345155,497.99644843014806,501.55865478515625,4399017.0
2019-08-30,504.0283898055801,506.2132559206489,493.0568066592833,502.31854248046875,2929342.0
2019-09-03,492.67687628837183,495.7641215839758,487.30979589072194,489.6371154785156,3379359.0
2019-09-04,490.1595782648226,493.72178450221224,477.9530790935055,480.3753967285156,3431149.0
2019-09-05,481.46776812330313,493.48427054960445,481.3252856813522,491.1094665527344,2329699.0
2019-09-06,493.43678945299797,504.40837239813874,488.82963488027247,502.9834899902344,2670087.0
2019-09-09,497.42649984571386,509.87045038513867,495.8591059171726,505.8807678222656,3061953.0
2019-09-11,506.49823369726073,520.7945428866615,506.49823369726073,518.4197387695312,3224627.0
2019-09-12,518.7521231555079,524.3091988804679,513.1951054091568,516.3773193359375,3726538.0
2019-09-13,514.857572234623,525.1167152147917,514.3826113746279,523.6443481445312,4358612.0
2019-09-16,517.7072822402192,522.9318511435608,508.8255382959842,510.0604248046875,2441611.0
2019-09-17,510.5828535709395,512.4826967470174,493.9592257802577,495.81158447265625,2445056.0
2019-09-18,498.7088603358115,504.7408395503317,492.24940478813744,500.60870361328125,2401637.0
2019-09-19,502.5085944036884,502.93607077726074,487.309846746866,493.2943420410156,2336366.0
2019-09-20,498.1863753188902,545.2549771705567,492.67684184912594,540.410400390625,14378491.0
2019-09-23,547.3923684179255,572.0428476239662,524.3567676645464,536.7057495117188,9599883.0
2019-09-24,535.6608576280559,546.5849569293877,526.8265396362583,530.7687377929688,3615703.0
2019-09-25,530.7212461963895,530.7212461963895,501.5586394651005,507.9231262207031,5044376.0
2019-09-26,510.9627765783036,541.2177518909917,509.15790261267495,538.5579833984375,6270296.0
2019-09-27,534.6158604923528,539.3654684533343,521.649465546041,527.3014526367188,4326078.0
2019-09-30,529.8187796962821,530.5787053910246,513.2426359522848,519.7496337890625,3381186.0
2019-10-01,523.4067855479892,537.7505780766438,509.7278917360527,528.8213500976562,5664019.0
2019-10-03,530.056291615926,536.6582588151095,519.7021222262468,534.5209350585938,3797753.0
2019-10-04,536.7531507284796,546.2048815793572,527.633927201381,535.9932250976562,4653685.0
2019-10-07,533.0010433867081,534.7109488318754,519.1322097397294,525.2592163085938,2367535.0
2019-10-09,528.1564291230491,549.8146308079114,523.3593364614495,547.6773071289062,4863273.0
2019-10-10,547.1548567779108,547.1548567779108,531.2436695365393,537.703125,2156410.0
2019-10-11,540.0779978211909,545.5400478680597,526.3516169772482,532.0511474609375,3133395.0
2019-10-14,534.7108636851692,543.6875759497597,526.778983955522,540.1729125976562,2630640.0
2019-10-15,539.5555092438859,557.1765446489972,536.8957401602382,554.184326171875,4967499.0
2019-10-16,553.3293364055145,557.5090146702378,546.5373737199927,554.99169921875,2279203.0
2019-10-17,551.9994452996293,566.4857504011418,549.7671526229738,563.5885009765625,3744228.0
2019-10-18,559.5038494944822,565.6783401934875,554.3742494146313,563.5885009765625,2955289.0
2019-10-22,563.6835406563838,571.0929180667717,558.0314951393317,565.9633178710938,3494913.0
2019-10-23,567.0082098949891,569.620494219725,557.7464745618353,562.2110595703125,2371317.0
2019-10-24,562.3536190366245,565.6783448248478,549.6246456845516,551.9519653320312,2212393.0
2019-10-25,556.369025198098,556.369025198098,541.6927266634034,548.7696533203125,2284548.0
2019-10-27,555.181665691795,565.2033265243621,550.954503166605,561.8786010742188,851951.0
2019-10-29,565.6309121057241,587.0516357631705,562.8286313748843,581.162109375,6543163.0
2019-10-30,586.2916666131936,588.8564667192009,574.7026106376691,585.6741943359375,4296705.0
2019-10-31,586.6715469262182,590.5187757232541,573.5151561828677,576.0799560546875,4595842.0
2019-11-01,578.5023008623887,579.2147421196083,551.9044939261869,560.21630859375,7558094.0
2019-11-04,561.4037353638971,564.7759458672286,552.7594709211465,557.0341186523438,3128961.0
2019-11-05,554.0892641863825,561.0236803520336,548.1997386015477,551.0970458984375,2653917.0
2019-11-06,560.6912185798683,560.7387030636527,548.1997264780881,550.7645263671875,2763550.0
2019-11-07,550.7645420109939,554.2792635900641,543.3551649931734,551.2869873046875,3279435.0
2019-11-08,549.0547464304957,566.628298003098,547.9623132764265,550.95458984375,8374614.0
2019-11-11,552.5693810441766,557.5564692160941,541.4552872367527,546.2048950195312,3492576.0
2019-11-13,545.2550261605786,551.8095087257325,543.355182863852,545.9199829101562,3342543.0
2019-11-14,546.3949324410037,550.6220952845736,539.318004711245,549.482177734375,2193683.0
2019-11-15,554.516763391593,561.2611839176287,550.7170767901945,553.851806640625,3063043.0
2019-11-18,551.0494951712849,553.4242991635393,543.1651575127227,544.9700317382812,3212994.0
2019-11-19,545.0175591055217,546.2049611950763,531.6236867267938,532.5736083984375,3208662.0
2019-11-20,534.0934533493538,539.9829792372354,529.5813254642326,532.3836059570312,2876499.0
2019-11-21,532.4311398874268,534.4734948375875,522.6469574762993,524.1668090820312,3346254.0
2019-11-22,526.9689790774614,527.2064594646076,512.1977105926886,518.6571655273438,2798026.0
2019-11-25,520.0820395302366,525.1640965424217,518.8946376135009,520.3670043945312,3054435.0
2019-11-26,522.456938256126,525.2117343947425,510.0604715895909,511.6278076171875,4408905.0
2019-11-27,514.8575451128299,526.7315659872033,508.2080934231809,512.9102172851562,6630809.0
2019-11-28,514.7625741061634,516.0924296516754,509.3954935006767,514.81005859375,2426425.0
2019-11-29,515.8074940428743,516.5674198232723,501.7961486706231,503.98095703125,3328894.0
2019-12-02,498.7088291237379,510.5828488647793,497.283946754813,507.400634765625,4087250.0
2019-12-03,510.34537132286255,510.34537132286255,495.8590671578116,496.7140197753906,3052238.0
2019-12-04,496.6190386435684,502.7460450251439,493.15185932711734,499.2313232421875,2612985.0
2019-12-05,499.2312696546266,504.5508652352517,495.8590596759245,498.4713439941406,2332044.0
2019-12-06,501.3686218137628,501.46364876338134,482.65518320475746,484.6500244140625,3409528.0
2019-12-09,484.6500050246255,492.5343425967977,484.5074935952065,487.92724609375,2566094.0
2019-12-10,488.82963457239543,489.0671149735632,478.5230083531574,480.4228515625,2462096.0
2019-12-11,482.22775593627443,485.7899623905304,477.4781473305999,482.32275390625,2148791.0
2019-12-12,485.40993841696934,488.4971836221653,482.75016952821545,486.2648620605469,2994158.0
2019-12-13,488.7821544865852,496.61900779564957,488.0222287917321,490.34954833984375,4066433.0
2019-12-16,490.15954842741064,493.76923893250995,482.1802127392444,483.36761474609375,2346317.0
2019-12-17,484.3650237125186,487.07230610207364,479.7104136158892,480.5178527832031,3521314.0
2019-12-18,481.5152974545358,498.6139168138257,481.13533457750924,496.4765930175781,10092679.0
2019-12-19,498.23393446803544,511.8178032591426,498.23393446803544,508.5881042480469,10732682.0
2019-12-20,506.7831465142897,512.6251872334992,502.0335387681389,504.0283508300781,4746509.0
2019-12-23,503.41101404386137,509.0630597268885,498.4239251432996,499.5638427734375,2963573.0
2019-12-24,502.5086229080273,505.9758606053642,499.8488535129346,501.083740234375,2372038.0
2019-12-26,503.45853791018664,509.3480644776909,500.65625709401843,501.8911437988281,4623580.0
2019-12-27,503.363502255059,506.0707557485179,498.7563474953314,503.6009826660156,3017840.0
2019-12-30,504.7408582970194,512.8151925261565,504.7408582970194,510.0129699707031,4697710.0
2019-12-31,511.6752638959405,511.6752638959405,504.0283490684759,504.9307861328125,2502181.0
2020-01-01,506.2132720579284,511.057849296617,503.0309997333167,509.7279357910156,2611808.0
2020-01-02,510.1078105783422,513.9074963182181,506.7830855559508,512.8150634765625,2776519.0
2020-01-03,511.96029622004255,512.0077807078726,503.8384775280994,506.0707702636719,1930883.0
2020-01-06,503.3634866276051,503.45845559759294,494.43420026140967,498.23388671875,2059404.0
2020-01-07,502.41363006131934,505.35836425557045,496.8565531108097,500.27630615234375,2111349.0
2020-01-08,494.81419771440846,500.0862511380797,493.00932343524204,498.37640380859375,1612378.0
2020-01-09,503.31601057776675,515.2850592849023,499.3738701452697,514.1451416015625,2897598.0
2020-01-10,516.8523078692426,520.1770333952717,512.2452114031901,519.2271118164062,2355888.0
2020-01-13,521.4120429431035,529.1063855013159,519.2271766559836,527.1590576171875,3442869.0
2020-01-14,527.1590356951157,535.5183346896702,527.1590356951157,534.3309326171875,2793249.0
2020-01-15,533.8560022385093,542.4052976480227,528.8214287597419,541.2178955078125,2564513.0
2020-01-16,540.7429285214821,541.2653738615278,535.8033240784825,539.0330810546875,2243200.0
2020-01-17,538.4155402867882,545.2549872628107,536.84820446597,540.7903442382812,2646260.0
2020-01-20,540.5053794762836,545.2549873802931,536.0882209341098,538.7955322265625,1847978.0
2020-01-21,535.7557714825151,536.6107240965384,522.5518383201359,525.1166381835938,3101684.0
2020-01-22,525.7816179432783,528.6313828101796,521.5069706429265,525.8765869140625,1862669.0
2020-01-23,525.7816337726858,538.9855679116308,522.0294316559109,538.130615234375,2113303.0
2020-01-24,537.7506601765443,543.3552214917712,535.850816744755,539.3180541992188,2284717.0
2020-01-27,536.7057147081854,553.3293430398548,534.8058714702803,549.3396606445312,3654906.0
2020-01-28,552.1419535141324,560.216287457995,540.0304525983386,543.8301391601562,3689004.0
2020-01-29,548.5797193090619,551.6194799987915,543.4976619839642,548.8171997070312,1934080.0
2020-01-30,549.0546914147925,558.1264312083625,535.6132774214103,539.4129638671875,2901951.0
2020-01-31,542.2152872801274,548.1048133345587,536.9907180022417,538.7481079101562,2352196.0
2020-02-03,517.707313873093,537.4181886673438,508.39809303586924,530.7212524414062,3818209.0
2020-02-04,533.8560302499067,549.8147042559585,530.8162690157484,548.0098876953125,2793702.0
2020-02-05,551.1919539032316,560.3111771701617,548.4847008023451,555.0866088867188,3320830.0
2020-02-06,555.7041425210554,559.6463403987614,547.202332505566,551.0970458984375,2207104.0
2020-02-07,550.0047127164839,552.3795171755361,533.1910855506696,540.6004638671875,4083215.0
2020-02-10,538.4155534310881,538.6055493475684,499.7062480767435,501.9385986328125,9648880.0
2020-02-11,506.4982332544982,510.7728806615959,496.52405597127023,497.8064270019531,5404802.0
2020-02-12,500.27622005809974,507.5430853108642,497.6639357300198,504.4083557128906,3426829.0
2020-02-13,503.8859857281864,511.0578830865581,501.8436308478236,506.8782043457031,3392352.0
2020-02-14,508.4455923952063,510.0604708887758,494.5767586992744,496.8090515136719,3507540.0
2020-02-17,497.85393481146116,499.0888793920356,490.1595923096754,496.5715637207031,2652464.0
2020-02-18,494.43422336323533,498.61390185304566,488.35470155598705,496.9990234375,2868873.0
2020-02-19,501.701150756193,503.1260332542468,495.66911339392817,500.0387878417969,1952880.0
2020-02-20,499.56383988967156,506.3082606962415,496.8090437976254,498.5663757324219,2077458.0
2020-02-24,495.85911606776614,495.85911606776614,485.50497557225884,487.49981689453125,1911411.0
2020-02-25,489.73207541382084,493.4842773765065,480.7553335750509,483.4626159667969,2105613.0
2020-02-26,482.27525142869854,486.7873794358024,474.960842853038,477.81060791015625,3058370.0
2020-02-27,478.76052401928195,478.76052401928195,463.1343008757068,468.7863464355469,6039260.0
2020-02-28,460.7119716779774,460.7119716779774,430.8844395156562,434.1616516113281,8613275.0
2020-03-02,430.83696263526747,448.7905054231553,422.0977006485747,435.3490905761719,9225488.0
2020-03-03,438.86383367543567,447.4131291366454,432.4518620795283,442.9010009765625,4582866.0
2020-03-04,442.71094802122377,453.1126010884742,434.58912997479445,450.8802795410156,5912943.0
2020-03-05,449.02796476839876,458.337185119137,445.5132431520731,455.29742431640625,4081050.0
2020-03-06,435.8715737074428,450.02540110529355,433.63925193576046,447.4131164550781,4502562.0
2020-03-09,430.83695596248435,442.37852728717377,418.9154507621422,440.00372314453125,4540694.0
2020-03-11,439.67120633071596,446.13066143829576,427.17974343027953,428.9845886230469,5104905.0
2020-03-12,406.47145427305816,414.1183406864389,379.6361685824681,402.1493225097656,9408350.0
2020-03-13,380.4436170584471,427.22725785776925,328.3404092739293,407.3739013671875,6230411.0
2020-03-16,399.916981747559,407.1363914914569,369.32949553836545,372.17926025390625,3156508.0
2020-03-17,372.3692613936857,387.56800675669325,351.4235020360133,354.7007141113281,4526913.0
2020-03-18,360.02030828568996,364.484951672819,322.1184399394909,329.0528564453125,6595508.0
2020-03-19,315.13650637459926,315.1839908612234,286.87633737793215,298.46539306640625,10486153.0
2020-03-20,300.17521403218274,311.76426870129933,292.8133219158871,306.4447021484375,8819518.0
2020-03-23,284.0265676637857,288.68117785773876,266.5480154515681,278.7070007324219,6001358.0
2020-03-24,284.97650259932624,294.3807213872422,251.15928515967772,255.5289306640625,6690908.0
2020-03-25,250.20937979878585,273.9099387393711,233.1107885279443,263.9357604980469,9393732.0
2020-03-26,263.93574174288693,279.2769709117776,259.4236138114892,271.20263671875,7557558.0
2020-03-27,282.12672670425906,289.7260998141381,266.7379845610309,279.7519226074219,9505126.0
2020-03-30,267.5929540942216,270.5852016469819,256.47885862475823,260.65850830078125,8942833.0
2020-03-31,269.63525620692224,272.81749941493115,263.8882130427732,270.68017578125,6236559.0
2020-04-01,266.92798232004947,268.82782561058366,252.20419681840974,259.1861267089844,5980392.0
2020-04-03,260.2785488288839,275.4772962057531,257.761262092452,266.6430358886719,6961905.0
2020-04-07,280.7018342775719,307.58460410335607,278.0895498638212,304.9248352050781,10795407.0
2020-04-08,299.22531210628796,332.85253185941883,297.13547293394964,310.0544128417969,8451195.0
2020-04-09,318.9361925359956,372.03680673146874,315.75394922511657,362.30010986328125,11027315.0
2020-04-13,360.970227678707,360.970227678707,337.2221863840552,344.6790771484375,7717484.0
2020-04-15,354.3682476121129,360.87521648616695,331.8076092092551,335.4648132324219,11300538.0
2020-04-16,325.9181263172234,342.39927286416975,325.823128353661,338.8370666503906,6155773.0
2020-04-17,352.1834321065413,352.1834321065413,337.7446122356483,345.01153564453125,6178483.0
2020-04-20,348.6212534066956,349.04872975455265,336.272271678393,338.0296325683594,4834154.0
2020-04-21,331.57011454789415,331.57011454789415,307.2996298738288,315.42144775390625,8003757.0
2020-04-22,310.6244124110554,328.43544523279024,304.5449190057655,323.16339111328125,9071476.0
2020-04-23,321.0735225101169,332.14010410054766,314.9465161801028,330.0977783203125,6738333.0
2020-04-24,324.8731847152481,327.48546909526834,315.3739687879016,317.55877685546875,5754928.0
2020-04-27,320.6460882428635,326.15565201199183,311.7168292251943,313.7591552734375,5770537.0
2020-04-28,317.7012773280123,321.07348727018706,312.04923245046285,319.12615966796875,4244512.0
2020-04-29,320.12358558040927,334.1824139448942,319.4111443662095,330.5727233886719,7748491.0
2020-04-30,337.8396194697448,349.5711573133111,337.22217621256914,348.28875732421875,7422465.0
2020-05-04,332.52007336887493,344.2516119458049,324.01829170394547,339.1695251464844,7125034.0
2020-05-05,345.5339739026831,362.68004678515575,343.34916586960503,349.713623046875,13401536.0
2020-05-06,352.8958785779526,373.3191932197453,340.3094172289408,367.76214599609375,7015473.0
2020-05-07,368.09462662106307,383.2458880093174,365.8148205379166,380.5860900878906,12971483.0
2020-05-08,384.71823958326263,387.4730063651334,361.6351568039893,367.3346862792969,9444781.0
2020-05-11,369.04454224689636,381.8684838693754,365.1023733978475,370.5644226074219,7658595.0
2020-05-12,369.42449990742364,375.4090233075471,361.1601994824525,373.3666687011719,4686856.0
2020-05-13,394.21750171520546,397.9221905117756,384.0058435382453,392.3651428222656,7361621.0
2020-05-14,381.3934936555904,387.0930228260351,376.16892524934946,380.3960876464844,4765875.0
2020-05-15,382.5809071204323,383.7208245846697,354.5107367039663,362.205078125,14226503.0
2020-05-18,362.96506557493444,364.29495007722437,348.8587233790369,358.3104553222656,7717665.0
2020-05-19,364.76992575118555,371.41937752269155,352.6109398218697,363.7250061035156,5950003.0
2020-05-20,363.72501747927924,392.98262358254385,360.685285396535,384.7657775878906,10608175.0
2020-05-21,380.1111112935228,391.55768363138014,377.8787898011352,387.85296630859375,6249309.0
2020-05-22,383.7683306781216,408.7987709150139,378.7337577377205,404.99908447265625,10016203.0
2020-05-26,405.6165183762899,413.4058869993791,400.53443207886625,407.6588439941406,5895376.0
2020-05-27,405.14159542370396,413.16844519370727,394.2174961332641,410.84112548828125,7591278.0
2020-05-28,407.9913492989792,421.76521324504483,402.6242977661325,418.3454895019531,7449375.0
2020-05-29,412.26596948438055,427.4647149031596,409.5112026750881,414.498291015625,9539035.0
2020-06-01,419.72288876913933,446.93813836819317,419.39041039225776,438.0088806152344,9668047.0
2020-06-02,441.80855780753484,454.86998027610724,437.7713908627034,439.6712341308594,8520940.0
2020-06-03,446.4631838546601,467.93141934425654,443.1384580174445,460.8070068359375,9873294.0
2020-06-04,460.99696080164,461.89939795635246,445.8932125069443,454.4900207519531,5829493.0
2020-06-05,455.0125132781714,464.93920705292896,451.5927892176758,459.9521179199219,6265829.0
2020-06-08,461.18697672983654,469.403793483392,444.80082771111427,447.2706298828125,5955200.0
2020-06-09,450.0728398902843,458.6221342410105,440.0986631477704,454.77496337890625,7656301.0
2020-06-10,452.30520719033694,459.47713334809544,445.3707904445426,448.4105224609375,4849036.0
2020-06-11,448.3630202184507,455.9623934424922,445.9882160859377,450.7853088378906,4331683.0
2020-06-12,434.11416334901674,487.2148030201335,433.25923972233943,482.9876403808594,18368009.0
2020-06-15,479.8529023655172,494.8616814120391,473.7259252868581,482.7026672363281,17605860.0
2020-06-16,491.20446875516456,493.0093431063456,476.19571807520344,481.372802734375,6712936.0
2020-06-17,479.61541592519563,479.61541592519563,467.8363937385732,472.6809997558594,9273745.0
2020-06-18,472.01606451401096,483.4151243726193,467.36145420294093,481.2303161621094,7114752.0
2020-06-19,481.2303048683036,481.2303048683036,471.54109262015555,475.00830078125,9811021.0
2020-06-22,476.6231718364515,477.0981326454564,469.3562772565374,473.7734069824219,5149581.0
2020-06-23,474.96081292583665,493.8642764717309,472.68100682165414,490.53955078125,9132472.0
2020-06-24,493.9592424652638,501.22616605066975,486.88231479960587,489.5420837402344,7568963.0
2020-06-25,484.3650343295199,490.4920114619632,478.14305923602086,481.8477478027344,5248401.0
2020-06-26,489.2096193671589,489.44709976491,473.7259090295131,476.2906799316406,4079405.0
2020-06-29,469.3562904883396,485.36247600090377,468.3588553677258,482.0377502441406,4459947.0
2020-06-30,483.51009117746224,489.68458153630996,481.70524594735264,485.1249694824219,5487685.0
2020-07-01,488.022237968111,495.28916163733044,469.49876616202215,473.9634094238281,8990865.0
2020-07-02,481.1353284888528,505.35833120645543,479.14048717307077,503.17352294921875,16513522.0
2020-07-03,504.7883938484589,508.68304946712453,497.94894629351364,503.9334411621094,7982179.0
2020-07-06,506.9257092740077,544.8275481394085,506.9257092740077,541.977783203125,16728066.0
2020-07-07,536.7057238987514,539.5554888044085,524.0242932600236,531.9561157226562,9208254.0
2020-07-08,535.7558500744047,539.7930173843625,521.5070242745536,523.6443481445312,5172833.0
2020-07-09,526.2565940682715,536.0407754669584,520.6045486553891,532.2410888671875,4123902.0
2020-07-10,527.4915022346222,540.4579564791657,524.3567722570699,527.0640258789062,5752443.0
2020-07-13,531.956052489468,532.4310132506193,521.6969116443214,528.0138549804688,3165043.0
2020-07-14,525.3067167665429,526.2091540058987,511.05789081446665,517.8973388671875,3097258.0
2020-07-15,522.4568538100735,531.6711044639006,515.5699225553044,522.599365234375,5671780.0
2020-07-16,521.8362336702365,548.0711448693801,517.5909363943613,544.6367797851562,11751032.0
2020-07-17,545.6383761136753,564.0504991552207,539.4850862956065,561.7131958007812,9124092.0
2020-07-20,561.8087121078162,570.10843729145,555.3692340138886,566.674072265625,5771917.0
2020-07-21,565.576879077818,570.0129867003945,558.5650271348636,561.2362060546875,3850519.0
2020-07-22,561.5224401415829,583.845986443597,555.2260851473421,564.7660522460938,11559026.0
2020-07-23,563.7644079866568,580.9840381957588,557.611117118918,575.5939331054688,7605913.0
2020-07-24,566.7694171501411,573.3043294927402,562.9534303436029,571.1578369140625,3531702.0
2020-07-27,570.6330902817374,572.3979607029722,560.9500014889128,567.0556030273438,3345182.0
2020-07-28,564.3844817383754,597.0111838368572,561.6656141582284,591.8118896484375,10289416.0
2020-07-29,591.4779761817067,596.1525834779496,573.3520382019447,577.02490234375,5182915.0
2020-07-30,578.1220117661628,586.5171712486525,568.8205437550736,570.8239135742188,4958267.0
2020-07-31,572.3026032326951,582.7488197786201,564.9091293294636,578.55126953125,3962668.0
2020-08-03,581.93797217537,591.9549372701919,566.8648363448194,569.6791381835938,5002825.0
2020-08-04,569.6791217825976,581.5563334712169,569.6791217825976,574.8783569335938,4889709.0
2020-08-05,578.0266432539083,591.4779738852004,575.4508404318435,585.9924926757812,3834812.0
2020-08-06,589.5699134585292,589.5699134585292,577.6926438477573,581.6040649414062,3857553.0
2020-08-07,582.0333647837847,588.1389669694554,571.1578373139395,572.8273315429688,7679198.0
2020-08-10,577.1680217525445,611.3210930471445,577.1680217525445,599.9685668945312,12341769.0
2020-08-11,601.0178721372835,611.1302130442157,593.7675210976715,600.5885620117188,5128836.0
2020-08-12,599.1098850997224,618.7621924346716,595.627774100805,605.7401733398438,8891590.0
2020-08-13,605.9310446537716,615.6140764997544,599.4915667443028,602.4012451171875,5773589.0
2020-08-14,604.8339125605472,608.5067765935206,579.6006880014731,586.1832885742188,3622823.0
2020-08-17,599.1099010654923,602.9258876964826,585.5631368800093,594.9122924804688,5687622.0
2020-08-18,596.2479113361586,603.641385436727,590.1423094331424,594.0060424804688,3989439.0
2020-08-19,598.1559137575917,602.8305207445584,593.3859303942936,595.1985473632812,2762486.0
2020-08-20,591.4779622743791,594.3399524144164,581.9379951409213,583.8936767578125,3165784.0
2020-08-21,591.4779706420693,592.3842791780371,580.0300099199646,581.7471923828125,4191258.0
2020-08-24,584.7999522223357,587.3757548482273,573.3519923093372,574.25830078125,3707968.0
2020-08-25,577.1680087022804,584.227607636847,573.8290202221847,581.31787109375,4248590.0
2020-08-26,584.79997454505,596.7249332429507,582.4149828054699,585.1338500976562,5814785.0
2020-08-27,590.6670195186869,609.8900161158246,587.2802849991513,607.4573364257812,7637436.0
2020-08-28,612.7043561158597,617.235840259963,600.3977758862029,602.353515625,7809917.0
2020-08-31,607.6959307886095,611.0349194193162,574.4014208657699,578.9806518554688,5012805.0
2020-09-01,581.9380116673543,592.9566623739485,577.1680279651629,579.6007080078125,5572232.0
2020-09-02,580.029952474718,616.1864481320853,574.3536608667109,613.1813354492188,7887097.0
2020-09-03,611.0349088132054,625.8218582068115,602.9259365650988,614.9940185546875,9194655.0
2020-09-04,600.063913272906,619.9070326227908,597.4881105847728,602.9259033203125,5889085.0
2020-09-07,603.2121146185658,604.690797889608,577.4542031696825,582.3673095703125,9387992.0
2020-09-08,582.8919712791769,595.7709264547398,577.4541785595832,580.6023559570312,6825892.0
2020-09-09,578.8852184836073,588.6159970165452,569.9176839354811,585.6586303710938,6589023.0
2020-09-10,591.000942973063,595.1985516539596,584.7045881790546,587.1372680664062,4699612.0
2020-09-11,586.6126138425644,593.2905909670748,583.9413764108887,585.9924926757812,2837723.0
2020-09-14,586.7079532688726,600.4455286363465,583.7505868766631,586.994140625,4918699.0
2020-09-15,590.7624168906545,595.2939009120201,583.7982530927595,585.229248046875,3805649.0
2020-09-16,587.6619100066251,619.9069836829508,587.6619100066251,610.0331420898438,18993356.0
2020-09-17,601.9718968946734,613.8968552325235,598.7760313510638,607.5050659179688,6363964.0
2020-09-18,610.5579293263022,629.0654898499423,605.3586353139145,624.0570068359375,13518207.0
2020-09-21,626.7758847351906,635.9342305362746,587.1373301542556,593.8153076171875,9301954.0
2020-09-22,593.8152314379455,595.5324137769375,575.2599847937418,587.4711303710938,5369370.0
2020-09-23,593.43361511029,594.673799132024,575.4984894146942,584.4183349609375,4116481.0
2020-09-24,577.1680832497916,578.5037021052749,541.3932020566227,548.6435546875,8991885.0
2020-09-25,557.0387687448596,568.0574204150145,550.0745453487796,565.0523071289062,5415792.0
2020-09-28,567.6280389109165,589.5699631041116,565.8154218822826,586.9464721679688,5494528.0
2020-09-29,586.946465266249,597.6789280606339,575.3553821573784,584.9907836914062,5747565.0
2020-09-30,587.6142933242588,594.3399585776228,577.6927041116422,579.9346313476562,4990827.0
2020-10-01,586.4216661257747,593.2904526407017,580.1730006330488,582.0809936523438,3842191.0
2020-10-05,586.7079622623752,587.900458120632,569.6313982812022,579.0759887695312,5977261.0
2020-10-06,583.4644020865346,603.8799562850546,580.9840337718772,598.53759765625,9071955.0
2020-10-07,600.9225636639152,607.6005407755374,596.2479563948438,602.5443115234375,6086867.0
2020-10-08,604.97705078125,611.4642169122295,598.7283256058885,604.97705078125,4683786.0
2020-10-09,604.9769871563287,617.6651307098051,599.3960719256567,604.0706787109375,4972397.0
2020-10-12,608.5545035059814,610.2716858789921,601.0179064672826,605.2155151367188,3247640.0
2020-10-13,605.1678199071384,612.4659183938899,595.6278523309096,599.0145874023438,3769222.0
2020-10-14,594.721504946925,598.9190550591086,587.9480941366769,595.1507568359375,2776984.0
2020-10-15,592.3842719459292,603.8799207185637,585.8493595104388,588.9021606445312,3794955.0
2020-10-16,589.0929674604607,595.2462578753534,574.353706669626,578.7421264648438,4274910.0
2020-10-19,584.513781501303,586.2309638916452,567.8188394864881,569.96533203125,3646287.0
2020-10-20,569.9175735257285,580.9839104335306,563.1441629504504,574.54443359375,4377671.0
2020-10-21,578.9806502531072,582.7012026377647,564.9568863974827,573.2089233398438,3684706.0
2020-10-22,572.2072390304279,579.0283390841729,566.7694459097137,576.5479125976562,3818694.0
2020-10-23,581.6994799734596,599.1099195134606,577.501871259182,596.3910522460938,6421723.0
2020-10-26,596.2002341225123,597.0587961942382,567.2464000786966,569.6791381835938,4800537.0
2020-10-27,572.7796273796101,577.1679887968834,566.197027026364,569.6791381835938,5712121.0
2020-10-28,571.4440105132206,584.7999640143644,566.8648381011528,576.3571166992188,6811118.0
2020-10-29,570.6808634341296,576.3571557017016,563.0965776801362,564.7183837890625,3680773.0
2020-10-30,565.2907653259057,574.0675471142085,559.8052839866341,566.674072265625,4209087.0
2020-11-02,564.7660248648251,572.3026217983811,561.9040348739561,568.6296997070312,4085120.0
2020-11-03,571.7302238787354,577.5973270102747,566.6740528973413,568.3912353515625,3669816.0
2020-11-04,570.299211536929,575.8801271284284,564.7660423619583,569.34521484375,2475177.0
2020-11-05,575.5461748279415,579.4575960805055,571.6824999903698,574.4013671875,3794240.0
2020-11-06,575.260033350502,590.8101685435302,574.0198492358445,585.3723754882812,5908936.0
2020-11-09,592.4320191026628,593.3860159128121,582.1288651985202,587.9959106445312,3819808.0
2020-11-10,593.3859183100641,598.8237108789513,582.8919551245164,591.4302368164062,7876161.0
2020-11-11,596.2478946871751,614.8985171875232,593.529027578335,604.0706787109375,7561527.0
2020-11-12,603.927625568593,624.2954909362746,600.5409487816942,603.59375,6913788.0
2020-11-13,604.7862384226003,609.5562220709727,599.1576344265851,600.8748168945312,4107823.0
2020-11-14,605.3108989932172,605.3108989932172,600.8747910997316,602.3057861328125,295788.0
2020-11-17,609.603881404932,616.2818581965354,604.5000224337128,607.9343872070312,6173551.0
2020-11-18,607.8866827608031,677.2899397031143,607.695871783536,673.2831420898438,32986476.0
2020-11-19,666.8436427451755,694.8911668897686,660.4518536942829,671.5182495117188,15336768.0
2020-11-20,677.3376346232085,685.4942944932743,665.3172998912521,682.6799926757812,6730897.0
2020-11-23,683.443285185437,687.5931476974619,666.843718682658,672.9970092773438,4484068.0
2020-11-24,677.3376720863421,711.2045556906593,673.7601843816608,695.7974853515625,16121626.0
2020-11-25,698.32566703977,699.2319756574899,683.0617180334361,686.8300170898438,5423034.0
2020-11-26,688.7856544175211,702.9047946908607,686.8776609149794,694.9866333007812,6798860.0
2020-11-27,703.0002192120968,708.7718878289752,678.291680417893,688.78564453125,11302666.0
2020-12-01,702.5231685155553,702.618544891273,675.4773280833392,700.7582397460938,5710611.0
2020-12-02,700.2336323159782,723.129554898517,696.9423317992697,718.9319458007812,6337698.0
2020-12-03,715.5451887619631,721.5553561213181,709.4873332147037,711.5383911132812,2957787.0
2020-12-04,714.6389099262507,729.2827943151749,709.010364291326,716.022216796875,5356456.0
2020-12-07,715.4975914924958,721.0784494152,709.82129895452,717.6917724609375,3525945.0
2020-12-08,718.6933554469432,728.8534430951592,709.3441998904042,719.3134765625,4333519.0
2020-12-09,721.9846995248552,727.8518025907607,715.6883445207005,720.2675170898438,3213975.0
2020-12-10,710.7275769288361,720.2198562124813,697.419310654969,702.2847290039062,3814006.0
2020-12-11,704.9081583030007,712.3493206365486,688.880967766331,694.0802612304688,4197494.0
2020-12-14,697.9917187364024,703.4771998391311,677.3376665978017,678.95947265625,4183639.0
2020-12-15,677.3377110545849,686.8776788159171,668.751740069386,684.9219970703125,5495877.0
2020-12-16,703.1909411128821,711.9200341695137,692.7924120661052,698.2778930664062,11262389.0
2020-12-17,701.2828970989766,704.4788207352898,691.981429987289,697.0376586914062,3630553.0
2020-12-18,692.6970141493412,704.0019105286145,689.3103373456796,699.8519897460938,6671658.0
2020-12-21,695.4635240761643,696.4175206798353,629.8762575737825,654.3939819335938,9130116.0
2020-12-22,657.1129596756036,667.1776138945914,636.6020292409303,663.075439453125,7305751.0
2020-12-23,661.1197371653747,682.1076653293549,656.5882526754244,678.7686767578125,4383472.0
2020-12-24,679.7226605179909,689.3103158735138,667.8930779422511,678.1962890625,3373695.0
2020-12-28,682.4892544299815,685.732808235364,674.7618463146217,678.2439575195312,2484872.0
2020-12-29,681.630602072269,684.015593682039,671.6136373112349,674.5233154296875,2808820.0
2020-12-30,677.3376942939032,690.9798362095657,671.9475893511914,687.5454711914062,3219036.0
2020-12-31,686.6390773239056,692.1722461556582,680.6765983613847,687.449951171875,3723205.0
2021-01-01,691.6475958715253,710.4890303797496,689.7396025036038,698.7548828125,9543128.0
2021-01-04,701.1875257368583,716.4514718753478,693.7940518260275,714.6388549804688,4547027.0
2021-01-05,713.5895762076855,713.5895762076855,696.4176345342385,706.052978515625,3551554.0
2021-01-06,706.9116069783558,712.1109010233276,696.8469526945103,702.2369995117188,3601608.0
2021-01-07,708.819471804858,720.267430972635,706.0528583817128,710.1550903320312,4063641.0
2021-01-08,715.4975113816109,737.2486240821446,710.7275279724003,735.054443359375,5998381.0
2021-01-11,737.4871318139939,754.9930060654226,728.0902876796966,752.7987670898438,6643610.0
2021-01-12,753.6097676441481,760.0969340995606,741.6371197063727,743.974365234375,5532160.0
2021-01-13,748.5056917101371,798.9721339706798,746.2638230430618,790.2430419921875,19610461.0
2021-01-14,790.7679880424928,805.0301939314043,789.2892463883946,791.7219848632812,8576718.0
2021-01-15,789.9092695842312,799.4492366081953,777.8411880079814,781.9434204101562,4996951.0
2021-01-18,780.2739190600896,783.0404745353886,760.4784876660194,771.7833251953125,3955069.0
2021-01-19,772.7373805346606,781.8957261982088,764.6760962157134,770.8770751953125,3991167.0
2021-01-20,769.8753695421467,793.6775998618112,765.105385839903,786.5703125,4502291.0
2021-01-21,785.1392609690351,796.5872210317672,763.4835248715666,771.0678100585938,4455107.0
2021-01-22,770.829304151843,788.6690534057748,758.4273475256376,761.6709594726562,5588252.0
2021-01-25,765.2007717447018,775.5516714437751,748.1719530067314,757.9981079101562,3353172.0
2021-01-27,760.3353215703288,779.4152543575391,728.2810577787492,734.5297241210938,6585102.0
2021-01-28,723.1295180376839,742.3048289321802,721.3169009680257,729.8074951171875,4622634.0
2021-01-29,737.0102046596799,763.1497398615109,711.6816016615633,715.115966796875,8761073.0
2021-02-01,718.3595116051612,771.6402037500142,707.4362377978357,758.5704956054688,6592083.0
2021-02-02,772.7373623934958,798.8768964616934,765.6777631992117,779.272216796875,5334431.0
2021-02-03,783.2312848537512,819.3877828048044,780.3692947751139,794.8700561523438,8802838.0
2021-02-04,796.5872859789744,852.4437840270019,796.5872859789744,826.63818359375,14706560.0
2021-02-05,839.421718824304,841.1389012372068,802.5020349238741,825.6841430664062,15668083.0
2021-02-08,850.0110522016242,908.2525385773793,850.0110522016242,885.6905517578125,21179625.0
2021-02-09,886.7399751290262,895.8029442131852,844.4779309399426,853.8270874023438,9210613.0
2021-02-10,857.6430566811379,874.8149977492807,845.3364756246997,872.0961303710938,6465767.0
2021-02-11,874.2902914130747,877.7246562580589,860.8389029443207,872.143798828125,3640848.0
2021-02-12,873.8609489399983,876.2936288008597,863.3669855793651,866.753662109375,2484145.0
2021-02-15,868.9956051982625,877.6769517562208,856.9275238206798,869.90185546875,4178613.0
2021-02-16,872.9069578538267,879.3464354117649,860.6003774521663,870.2357788085938,4223635.0
2021-02-17,863.366974547483,877.820047191339,862.9853525937656,872.8592529296875,3903522.0
2021-02-18,872.8593007020817,872.8593007020817,850.6311890238495,853.3023681640625,4616205.0
2021-02-19,849.0571007228284,863.9871730320929,823.1560658761341,838.8016357421875,5171996.0
2021-02-22,839.5171201029876,841.902111921462,794.7746502974722,798.5906372070312,5960870.0
2021-02-23,803.360549972845,817.5274350612074,781.4186271785605,802.2634887695312,7348084.0
2021-02-24,802.4065921055286,816.5257896894998,801.3572190381991,810.5155639648438,3184114.0
2021-02-25,813.8545505515146,826.7335058285901,803.312898803524,819.483154296875,6134649.0
2021-02-26,809.0369069784135,817.2413137091278,761.7663811345666,769.302978515625,12073749.0
2021-03-01,783.2313077835037,813.4730154785902,778.6521351690923,781.7526245117188,9223619.0
2021-03-02,794.631575589668,828.0691488127329,782.3249946723682,820.48486328125,9706013.0
2021-03-03,827.0674177934814,828.0691026431472,808.0828609281249,812.8528442382812,5028771.0
2021-03-04,803.1221105371203,818.8153681307634,796.3964453476557,806.36572265625,4574138.0
2021-03-05,801.3572696108116,821.1527021636977,799.7831516831397,801.7388916015625,5179108.0
2021-03-08,808.9415787994888,817.9091135679572,801.357292775962,811.8512573242188,3474579.0
2021-03-09,813.759233573233,825.8750040304012,803.2652692481386,812.8052368164062,3536262.0
2021-03-10,817.0028369424333,834.7471531352872,809.9432377278387,824.0623779296875,3971353.0
2021-03-12,829.5001872491296,835.8919772207269,805.3163925449363,816.430419921875,4012449.0
2021-03-15,822.3451899397527,822.3451899397527,786.0933138171185,805.5548706054688,3069303.0
2021-03-16,812.805204104436,817.098189337382,801.3572434832469,804.0761108398438,2996797.0
2021-03-17,808.607539175935,812.18502662196,795.3470206457367,798.447509765625,2034583.0
2021-03-18,803.2652032857144,820.9618300261735,795.6332298578216,806.747314453125,5033325.0
2021-03-19,801.3096280384655,820.4372523340403,782.80206672976,811.1834716796875,7538327.0
2021-03-22,810.7063954469027,819.8170524149112,793.8683883908601,813.806884765625,2906300.0
2021-03-23,820.3894728076277,825.2071444912712,802.7882220686759,805.7933349609375,3925212.0
2021-03-24,797.7797314505862,806.1272024822066,771.4016996997306,774.0729370117188,4066262.0
2021-03-25,774.4544845685724,776.5532888867064,751.8447518584677,755.2791748046875,4501404.0
2021-03-26,763.0542688776122,777.1734672055547,755.7085405645691,762.5772705078125,4170972.0
2021-03-30,768.4919597478548,768.4919597478548,746.9793477760171,758.4273071289062,5670999.0
2021-03-31,758.5227707553794,768.68285914076,753.7527871429638,758.6658935546875,3972382.0
2021-04-01,764.6283364337118,772.5464972054621,743.8789087138949,770.4476928710938,5678798.0
2021-04-05,771.115582523434,771.5925809115132,733.8620200599137,738.8228149414062,4176802.0
2021-04-06,747.933484101869,755.1838364221232,739.3475129833527,745.1668701171875,2984229.0
2021-04-07,745.3575913629536,761.8617222133851,739.7290459105806,759.6675415039062,2271095.0
2021-04-08,765.1053496777414,773.6913199359705,756.5193794195125,758.5704956054688,3324494.0
2021-04-09,758.4273192934348,764.1512990616872,748.8873530130143,754.7544555664062,2065092.0
2021-04-12,743.1633740981579,743.1633740981579,704.574198804077,716.928466796875,4628388.0
2021-04-13,719.3135561621244,779.4153519687741,716.2607548883819,773.9298706054688,12501628.0
2021-04-15,767.9673677585473,771.6879782970091,749.0305559563066,768.062744140625,5256004.0
2021-04-16,768.0626880813121,799.3060787128375,766.2501293627545,783.8513793945312,6915568.0
2021-04-19,748.9827971344165,769.8753484693148,748.9827971344165,758.3796997070312,4317341.0
2021-04-20,770.8292988605918,783.4220663785338,763.7220121204325,773.8344116210938,4830957.0
2021-04-22,758.4274582639594,767.8243034810721,749.3644886369057,762.9112548828125,4576665.0
2021-04-23,759.3813921162258,768.5397373734256,738.4888405748563,742.1140747070312,4796085.0
2021-04-26,744.1174840346733,756.8056294887705,739.9676213569553,744.594482421875,3528851.0
2021-04-27,745.071432615198,751.7017214138995,741.255445764416,742.591064453125,3624649.0
2021-04-28,749.8413989592261,764.7237240445812,743.0202993291583,746.1207885742188,5214319.0
2021-04-29,751.7493993796886,755.6130743680887,733.2418401141774,738.9658203125,3642323.0
2021-04-30,733.051182439857,742.5911506744865,715.9269278132284,717.9302978515625,4466148.0
2021-05-03,710.6321064229303,731.286098335514,706.0051878737098,718.311767578125,3749870.0
2021-05-04,724.0835055450045,727.6133050304148,697.4669739474741,707.0546875,3820769.0
2021-05-05,708.9627274419237,714.5435852911108,703.4294995587301,713.1602783203125,3102424.0
2021-05-06,716.928514025101,724.5604875609637,711.8246550139277,713.0171508789062,3662506.0
2021-05-07,717.4055341403166,736.4854685589421,716.4515374193853,732.0971069335938,4833670.0
2021-05-10,736.4854689876579,747.742618655732,733.2896032616134,744.5467529296875,2095644.0
2021-05-11,734.5774117695917,743.831190810078,730.9522361881436,740.3013916015625,2938331.0
2021-05-12,736.0084307971648,736.199241776604,720.4106085358844,724.7512817382812,3480378.0
2021-05-14,727.9949179523331,728.5673509555004,702.1416285611936,707.3886108398438,4984389.0
2021-05-17,705.957572405289,721.2215199167547,701.5692107866781,718.8842163085938,3479938.0
2021-05-18,725.9914835414346,763.149666387873,719.3135066888854,761.003173828125,8634396.0
2021-05-19,757.4733754736194,757.4733754736194,742.2094283608009,748.6965942382812,4360320.0
2021-05-20,747.9811032223546,772.3080191449736,746.0254216269841,766.2978515625,10092542.0
2021-05-21,767.0133120658666,783.2312552314384,763.9128229312719,781.2755737304688,5721630.0
2021-05-24,783.7083283224224,786.0933201919368,769.8753754792391,772.7373657226562,3495533.0
2021-05-25,781.9434666706252,789.9093163159669,771.1632567139087,773.9298706054688,5044078.0
2021-05-26,778.4613245446277,788.0012917571845,775.5993343808607,783.422119140625,3084558.0
2021-05-27,787.3334510088387,792.7712437486106,779.3199138062655,790.4816284179688,6902630.0
2021-05-28,790.8632887505244,813.7592102583803,773.2143492548854,806.9381103515625,11638455.0
2021-05-31,786.0932510204191,786.0932510204191,753.6573644491882,770.7816162109375,17596018.0
2021-06-01,775.5992474576317,780.3692305293268,763.4357906248091,769.2074584960938,7230033.0
2021-06-02,769.2075590001502,774.6453520578469,765.3915720442003,769.1121826171875,4244490.0
2021-06-03,774.6453554113616,775.7901631485706,761.384777391093,765.153076171875,5001405.0
2021-06-04,776.5532853012077,776.5532853012077,766.1546983618913,767.585693359375,5084092.0
2021-06-07,770.7339725515358,774.4068366286574,765.6777433590927,766.8702392578125,2994862.0
2021-06-08,767.1087306021006,772.7373344775017,760.8123756121082,770.6862182617188,2960405.0
2021-06-09,770.8293034602369,779.1767742588472,764.1513268213488,767.442626953125,4176767.0
2021-06-10,770.8293215926791,773.6436234593078,766.1070263557715,769.82763671875,2264605.0
2021-06-11,771.7833251953125,778.318179256155,768.4443367673971,771.7833251953125,1783272.0
2021-06-14,771.7833096648407,772.2603080020872,757.4733595474456,770.3046264648438,1598770.0
2021-06-15,770.2092374846832,776.07634067129,768.9213651887644,771.4017333984375,1640381.0
2021-06-16,771.5925094111499,784.0421545408913,764.7237216138432,769.064453125,3863280.0
2021-06-17,765.1053932517708,772.641990865262,756.0901123217276,768.6351928710938,1988175.0
2021-06-18,768.9212990480609,771.7356008079096,737.5347860069022,745.5960693359375,5793496.0
2021-06-21,740.3014307926438,743.0202980658315,727.2793526945962,741.1123046875,3024852.0
2021-06-22,744.2128180349036,753.2280986850236,737.1532772427962,739.5382690429688,2925669.0
2021-06-23,745.9300950102688,749.8414584619453,739.3474940305441,745.977783203125,2700327.0
2021-06-24,746.9794134689437,757.4733771319812,743.1634266823846,755.3745727539062,3251137.0
2021-06-25,756.7102291265822,765.0100124463894,753.6574278997482,757.7119140625,1763201.0
2021-06-28,758.4273328582822,762.2433194387012,752.9418521489298,756.996337890625,1409432.0
2021-06-29,752.703397712306,755.565387817676,743.5450526660571,745.643798828125,3167773.0
2021-06-30,748.7919438044344,753.0849284423638,739.7766644193166,741.9231567382812,2393862.0
2021-07-01,742.2094055922125,762.0048363968891,739.2520392207613,743.5927124023438,5697553.0
2021-07-02,749.8413903225661,751.0815743608384,741.2554202043688,746.5977783203125,1963778.0
2021-07-05,749.8413625559974,756.996337389547,748.4103675892875,755.3268432617188,1320469.0
2021-07-06,754.2297168237368,758.4273253113621,742.8771917963569,745.9299926757812,1420179.0
2021-07-07,742.0186228910109,745.9300443041421,733.1941534008303,743.0680541992188,3004815.0
2021-07-08,742.161722980826,751.3677559336027,735.5314344618056,740.5399169921875,2010027.0
2021-07-09,736.4854625101109,740.3014493624948,731.7154789446308,736.05615234375,1658120.0
2021-07-12,740.3013772930732,745.0713603941883,733.1464026414004,737.2962646484375,2681410.0
2021-07-13,742.1140493280168,746.2162234544473,738.0595633906757,745.2145385742188,2189466.0
2021-07-14,744.1173943241305,750.7953709398598,741.3030925334632,749.9844970703125,2067565.0
2021-07-15,753.4575465636636,756.3035247452804,747.8620989675184,752.3963623046875,2109663.0
2021-07-16,756.3517619381535,756.3517619381535,749.1162540114492,752.2998657226562,845054.0
2021-07-19,748.4409790039062,753.1682013902291,742.8455309370281,748.4409790039062,1265906.0
2021-07-20,747.6691708315547,748.3444966978811,725.8179128019075,733.39111328125,2179910.0
2021-07-22,737.2500426421688,740.0477370815927,729.0015752720209,731.7028198242188,2182264.0
2021-07-23,731.7510630236299,740.7713063647699,731.5098794168323,737.2500610351562,1179241.0
2021-07-26,736.0922971657209,737.1534813805032,725.9625866542659,727.6990966796875,1187498.0
2021-07-27,729.339176269747,733.1981137103277,716.459996114894,719.2576904296875,1732564.0
2021-07-28,724.2261723218681,724.2261723218681,699.0948513660212,703.0020141601562,4016758.0
2021-07-29,704.2560916456061,712.7939672857586,700.4936040412636,705.6549682617188,2489035.0
2021-07-30,709.2727376275731,733.1981388013915,706.0408420808593,716.8941040039062,4642619.0
2021-08-02,723.55078157945,732.2816159006327,718.3411923989926,730.979248046875,2260861.0
2021-08-03,736.4783027963192,745.4503214061551,728.8568770870603,743.66552734375,3235393.0
2021-08-04,745.7396176909156,748.4408619681054,737.5876010379336,739.2276611328125,2659372.0
2021-08-05,738.9865522510306,739.3241857387904,730.0145340851003,732.571044921875,1451370.0
2021-08-06,736.8641520502679,745.0643947741851,728.3745007714618,731.5098876953125,4471604.0
2021-08-09,735.1276488111436,754.4223377563179,734.6452815875142,747.6209716796875,6700633.0
2021-08-10,749.5503749368921,761.9471879455041,747.8138648604344,758.5706176757812,4724852.0
2021-08-11,758.5706049418857,762.0919088599993,740.4336110026625,751.2386474609375,3147983.0
2021-08-12,753.457556544605,766.626204485442,746.4632322360924,748.8268432617188,3551026.0
2021-08-13,755.3388983852755,761.6578976659981,745.3538608506481,751.1905517578125,3391864.0
2021-08-16,752.8786784674218,775.5981596729823,752.7339447679552,771.1121215820312,7131928.0
2021-08-17,771.0639651930175,775.5982286259973,754.4222968794991,762.7672729492188,3835522.0
2021-08-18,765.9026858151335,768.8933389883505,759.1495448202547,763.4425659179688,2450964.0
2021-08-20,760.9824815403931,763.4425424793144,748.8750766192592,757.943603515625,3050982.0
2021-08-23,762.1401503892176,765.4684957339157,736.7194233565358,738.8900756835938,2512960.0
2021-08-24,739.951317297307,752.3964151569589,734.7417277554255,750.7081298828125,1662376.0
2021-08-25,753.4094025973718,755.387096501323,743.3761404700646,744.8232421875,1693443.0
2021-08-26,743.8101840287233,755.2905463495665,740.192430215354,753.8434448242188,2576883.0
2021-08-27,752.3963308612872,757.316452413052,738.0217657273691,747.8138427734375,2907125.0
2021-08-30,756.3036006522686,766.1439040373747,755.3870911278685,763.6355590820312,3028708.0
2021-08-31,760.2107109353259,767.735627515757,753.7469786470231,765.3237915039062,3324467.0
2021-09-01,765.3237726218285,774.1993407030038,741.7842890565616,742.7490234375,6031309.0
2021-09-02,745.5949129300396,746.8491146812603,723.5507567604881,725.9143676757812,4879865.0
2021-09-03,729.3392634858064,730.3039979613168,718.8236341496561,723.4544067382812,4257842.0
2021-09-06,726.4450764461794,733.0052592510881,720.704894410864,728.1333618164062,3682183.0
2021-09-07,728.4709116439636,731.943990764758,721.7177709389189,726.5414428710938,2273976.0
2021-09-08,729.3392799379968,731.0757902565432,722.5861384570895,728.1333618164062,2380939.0
2021-09-09,723.5508631993007,729.821637347028,721.1872519363056,724.2744140625,3313559.0
2021-09-13,726.9273403693841,726.9273403693841,714.2410599803902,719.2576904296875,3139833.0
2021-09-14,718.5341849875522,726.0108767503365,718.3895101540312,723.7437744140625,3089381.0
2021-09-15,725.4802940745216,733.1981695433994,720.174254689668,728.470947265625,3336656.0
2021-09-16,733.053431817229,734.1628999629008,724.8531891763819,730.2557373046875,2686018.0
2021-09-17,731.4616057527131,738.9865220070518,722.7307715447076,727.554443359375,5504398.0
2021-09-20,722.9719256642861,729.8215158088128,706.378483521701,712.0221557617188,2933375.0
2021-09-21,713.9999185484421,714.7717531883012,703.8219822244973,712.4081420898438,2380834.0
2021-09-22,712.8422220759118,732.2333586125675,712.4080798495994,725.9625854492188,2287017.0
2021-09-23,729.8215759615883,735.1276151787579,726.2038219498819,731.7028198242188,1890322.0
2021-09-24,732.7157567094623,754.4705050564199,726.0108410367634,751.9622192382812,4967824.0
2021-09-27,761.6578202485821,785.0526298002326,755.4352714985071,782.7372436523438,9210666.0
2021-09-28,791.0822020633601,793.0116708488805,768.1697602353055,777.6241455078125,3853344.0
2021-09-29,771.7875522549189,786.9338947444651,770.8228178146002,783.4608154296875,2291977.0
2021-09-30,779.5536526700158,788.5739550160131,773.041695198307,774.72998046875,3264689.0
2021-10-01,771.7875644726942,801.694332596011,759.2460165500129,798.6553955078125,7704216.0
2021-10-04,803.141412789497,821.953734170152,798.8965577453909,811.4863891601562,6544700.0
2021-10-05,811.486375880549,816.1653142353128,805.6014606255821,813.3193359375,2647442.0
2021-10-06,816.1652993942438,824.7514590757088,799.7648146546431,804.6849365234375,3288323.0
2021-10-07,810.0875729055206,856.4912788871513,807.6275117025734,847.278076171875,9515673.0
2021-10-08,862.1831109412899,863.4372538351224,841.7789556355648,846.8438110351562,3938358.0
2021-10-11,848.001485738586,870.672742752075,848.001485738586,864.0160522460938,5493159.0
2021-10-12,856.6841033893472,863.0996103743454,846.0720255320467,858.7100219726562,3433345.0
2021-10-13,861.5078395935888,936.9018582913998,861.5078395935888,902.3643188476562,17519612.0
2021-10-14,905.4032406364379,912.8799322879375,889.6780815846656,898.5536499023438,3354982.0
2021-10-18,924.2155716530748,924.2155716530748,876.2682593429639,878.8248291015625,2885649.0
2021-10-19,878.8730253214407,894.8875925700411,869.418640118675,885.143798828125,3476818.0
2021-10-20,880.8024980743064,892.2828608684482,863.0996455708055,867.6338500976562,3551282.0
2021-10-21,876.2682472408741,878.9694917951124,861.8937399531305,865.3667602539062,2614538.0
2021-10-22,872.1199131009489,877.7153609438587,853.886409063783,856.5394287109375,1999394.0
2021-10-25,851.8605342929931,873.9529771386169,851.8605342929931,859.2890014648438,2833933.0
2021-10-26,861.8937645616504,868.2609882557728,852.8252373534478,863.003173828125,3410657.0
2021-10-27,868.2609956370325,871.9269747309564,852.3428773836869,855.5264892578125,3362019.0
2021-10-28,855.7194791408714,864.4020894140031,846.9404189733482,852.6805419921875,2171227.0
2021-10-29,852.3428554389313,869.7080749045801,831.6010655216285,853.06640625,2482056.0
2021-11-01,853.0664487979998,856.5877531405843,830.0575554114974,839.6566162109375,4146270.0
2021-11-02,844.1426282142112,848.2909744963206,828.7068772982942,831.1187133789062,3704926.0
2021-11-03,833.5304632287986,839.2224193432833,813.271042247543,819.0594482421875,3288759.0
2021-11-04,825.5714852741537,844.1426229797073,822.9184656019318,842.0684204101562,973315.0
2021-11-08,847.0367952161504,847.277978813877,824.1725783751168,829.189208984375,4481883.0
2021-11-09,833.5305677928404,873.4705977193346,832.1799160049037,860.6878662109375,15376349.0
2021-11-10,873.9528594096997,892.3792616926473,863.4372315836965,887.2179565429688,17083220.0
2021-11-11,886.5427355542961,896.0453463438944,878.8730848920317,892.13818359375,4935551.0
2021-11-12,901.061987131071,906.3680266698514,892.379376976703,904.7279663085938,6239600.0
2021-11-15,902.026647196426,915.0987862963663,888.6168157331476,895.659423828125,3757546.0
2021-11-16,895.6594556903243,931.8852212476386,892.9099272741038,926.4344482421875,7368780.0
2021-11-17,926.0967493645101,944.47492692184,913.8446113653861,920.7907104492188,5416608.0
2021-11-18,921.3212951505365,921.3212951505365,885.8190831977178,891.1251220703125,3463426.0
2021-11-22,893.7299428472413,897.4441466141934,862.1831172096032,869.0809326171875,3731367.0
2021-11-23,866.1867231907247,876.4611676969996,862.0866021530667,869.5632934570312,3195288.0
2021-11-24,875.6894549154832,875.6894549154832,858.6136437078952,861.7008056640625,2708554.0
2021-11-25,859.4818927286954,867.1997678587941,852.3428346802684,859.7713012695312,2288825.0
2021-11-26,853.7899168134609,853.7899168134609,813.2710733036695,823.6419677734375,3934155.0
2021-11-29,815.3934707561173,837.1964431482984,799.1376619009278,820.7959594726562,3936245.0
2021-11-30,820.7960078984739,830.4433518062668,799.3306677036348,806.0355834960938,6067618.0
2021-12-01,806.5179368552673,812.9816689391428,794.2175735838503,805.2637939453125,5121634.0
2021-12-02,806.3249900500934,829.6233490830945,805.6014392587917,819.590087890625,4677008.0
2021-12-03,819.0112607609612,825.4267090354871,804.5402451124941,807.4344482421875,2933597.0
2021-12-06,808.4474502279343,810.9557361862948,791.1304554781316,793.1564331054688,1552749.0
2021-12-07,797.352918761798,804.2507927312728,793.4939814659152,796.8223266601562,1976433.0
2021-12-08,805.0708737403128,813.9464421836155,797.7871406435913,811.1004638671875,2346456.0
2021-12-09,827.1632617425201,827.1632617425201,806.5179229372146,821.0853881835938,4078098.0
2021-12-10,820.1207162807475,837.968303255134,820.1207162807475,829.3822021484375,3434165.0
2021-12-13,838.3060363288791,838.3060363288791,810.0875528509393,813.3676147460938,2683048.0
2021-12-14,810.3769498101882,812.2581937916484,796.8706673133518,807.3380126953125,1979863.0
2021-12-15,814.2358488708388,823.5937845028881,808.6404010224402,816.3582763671875,3208613.0
2021-12-16,822.8220272958804,831.8422707553332,816.3582947723833,823.2078857421875,3965285.0
2021-12-17,818.0947617266704,822.1948828791922,800.7295427277553,805.1672973632812,2675800.0
2021-12-20,796.8707187225176,800.7296568277114,768.8934174598627,785.5833129882812,2907378.0
2021-12-21,793.3976149264039,797.8353697297342,779.0230484362278,783.5573120117188,1973119.0
2021-12-22,789.9245748942341,798.0283680223517,782.3996577796787,789.828125,1979912.0
2021-12-23,795.8094278245504,804.3955286302302,793.7352253174294,797.6906127929688,1495208.0
2021-12-24,801.6943082474705,802.7072676185323,779.5054164427872,783.991455078125,1071730.0
2021-12-27,779.5054132304953,794.1211632816536,778.4924538636078,789.683349609375,1492196.0
2021-12-28,794.9411944071218,810.3769457548328,790.1657470573799,809.122802734375,1677680.0
2021-12-29,813.7052454366652,813.7052454366652,801.5495566075786,803.3343505859375,1575343.0
2021-12-30,813.2711959174082,813.2711959174082,797.9801774120261,800.0543212890625,1874659.0
2021-12-31,805.3602801948132,815.2005830328176,800.9225254260641,807.62744140625,1528983.0
2022-01-03,805.5532519241925,810.3769240914032,797.1600505767025,800.53662109375,1537088.0
2022-01-04,808.39919736055,812.3063598803437,796.5329760889596,802.5142822265625,1886453.0
2022-01-05,800.7295544222752,817.1300392718881,800.7295544222752,809.89453125,2634010.0
2022-01-06,809.4121770318272,812.5475638916049,798.3177312203063,810.232177734375,2962301.0
2022-01-07,811.341644544797,819.7830706919634,793.4940578336451,799.7648315429688,2531717.0
2022-01-10,806.4697114338483,816.8888308927849,800.4401215985015,812.2581176757812,3403434.0
2022-01-11,812.3064172219241,818.8183748421711,806.083868163811,811.7276000976562,2117911.0
2022-01-12,816.9371590188246,853.0182527038766,812.7888124646885,849.4969482421875,9022415.0
2022-01-13,849.4968800387786,877.4259532179151,837.3894748687744,864.4020385742188,5658001.0
2022-01-14,858.4206546633545,864.3537947579164,848.6286358635554,850.1239624023438,2027852.0
2022-01-17,853.0181477419765,872.1198766260486,851.5228212344812,869.03271484375,3617269.0
2022-01-18,870.19047702447,878.0048025444406,856.9736032354705,860.6878662109375,3468168.0
2022-01-19,876.8953950580703,876.8953950580703,849.7380965840579,862.8585205078125,4215758.0
2022-01-20,864.4019910562181,865.9455424871619,842.068366952964,849.4486083984375,2486026.0
2022-01-21,844.9144494616343,853.693568597235,834.688287482495,844.3356323242188,1872843.0
2022-01-24,840.4766508796758,847.3744667548062,818.1430251741126,824.5585327148438,3386669.0
2022-01-25,816.2618075244569,827.9833548307558,815.4418067820523,824.3656005859375,4742388.0
2022-01-27,815.7793891223238,832.4210576046451,811.534593070955,827.7903442382812,2927566.0
2022-01-28,833.9164674687526,864.4020519995795,830.0575297366115,838.9813232421875,4208702.0
2022-01-31,847.9051351751444,857.5041958862864,841.3448937817586,854.561767578125,2335040.0
2022-02-01,860.5430443117193,863.1478388457075,833.7234410301162,839.0294799804688,2921070.0
2022-02-02,844.8179323125376,849.2556870333643,834.6399960913019,838.6918334960938,1341479.0
2022-02-03,837.389469518101,851.2816686023631,822.0984526427749,826.005615234375,2630289.0
2022-02-04,831.0222474995337,831.0222474995337,806.6627035540405,812.0169677734375,2080640.0
2022-02-07,811.341576206605,814.9111050247221,793.2045824746049,800.2471313476562,1801701.0
2022-02-08,800.7295815741238,808.1580485050297,788.3327676293462,802.707275390625,2729631.0
2022-02-09,808.4474577172459,816.1171082633026,803.7685192537115,810.5698852539062,2165223.0
2022-02-10,814.2358401905616,827.5009382979316,800.874292195497,822.9666748046875,6949276.0
2022-02-11,822.9184923112078,831.552877483045,806.132089196321,823.5455932617188,5146850.0
2022-02-14,812.0651154800265,815.5864193081353,753.1680969030721,795.9540405273438,4202165.0
2022-02-15,798.8000642204705,827.7420955328064,791.4681065077641,824.4619750976562,2728328.0
2022-02-16,824.462017742202,847.5191941000597,824.462017742202,833.771728515625,4401342.0
2022-02-17,841.2483843822484,846.3614648502308,828.7068373673754,831.8422241210938,2041741.0
2022-02-18,826.9703661701576,839.0777715047201,817.2747969135047,821.9537353515625,1616856.0
2022-02-21,815.3934955350659,820.5065758833698,802.6589901645664,811.4380493164062,2255753.0
2022-02-22,797.8352703873517,825.8125652376941,794.3139666203457,823.1595458984375,2768989.0
2022-02-23,825.8127190433926,839.0295932625703,815.8759656258396,820.313720703125,2265060.0
2022-02-24,789.2492230063226,802.5626054046611,762.6225759750804,767.7356567382812,5677898.0
2022-02-25,784.0396263677845,795.9058472225603,773.7169569363556,779.1194458007812,3470318.0
2022-02-28,778.5406274894295,778.5406274894295,759.0047567252896,762.9601440429688,5026913.0
2022-03-02,757.7988755290537,782.1584192682118,741.8807578381188,750.9010009765625,5779175.0
2022-03-03,764.0696495201967,765.1791176401366,733.2463734732366,735.1758422851562,2763929.0
2022-03-04,723.5507859099552,729.3391921972349,704.2560982856897,706.4749755859375,4829850.0
2022-03-07,694.464032740677,694.464032740677,657.7076757356016,666.1973266601562,7008637.0
2022-03-08,666.1973096108061,678.256489275337,647.4814981010819,675.941162109375,4000294.0
2022-03-09,680.1377599694081,713.8070144770082,675.3140879128874,708.93505859375,5490287.0
2022-03-10,735.0794068944576,735.6099990516565,709.0798023645475,712.7940063476562,4064470.0
2022-03-11,708.1150040912993,715.6399201511496,703.0019238764465,708.8867797851562,2364792.0
2022-03-14,708.8867479227468,719.6917837992232,699.866505820974,716.9905395507812,3563695.0
2022-03-15,718.7271259489936,742.0737101389133,718.7271259489936,734.3558349609375,4811450.0
2022-03-16,741.7360488818706,748.633923664599,738.0218448497658,746.3668212890625,2277631.0
2022-03-17,757.3165434157098,771.6911102769423,749.598667814021,766.3850708007812,3787641.0
2022-03-21,761.7543024255941,763.2014041086843,752.5893250993562,755.8694458007812,3008019.0
2022-03-22,755.3870388081363,761.2236701794722,741.8807571436229,757.8953247070312,5436875.0
2022-03-23,762.1401421162776,766.1920381926788,744.8713735709379,746.8008422851562,3277274.0
2022-03-24,746.4150260179463,752.4928410343731,735.7547225465024,738.64892578125,2248114.0
2022-03-25,745.7396985266324,745.7396985266324,731.4616410428985,737.7806396484375,3148869.0
2022-03-28,737.9253770928318,745.4502937482537,724.8049537279813,742.1219482421875,4719388.0
2022-03-29,743.8102292352212,755.387042141606,743.5208206891047,746.0773315429688,3519610.0
2022-03-30,751.8175027942692,766.9638445833384,748.5374411785101,765.3720092773438,4407033.0
2022-03-31,769.8580995216245,784.3291164299258,769.8580995216245,778.1065673828125,7059986.0
2022-04-01,782.3995763611439,800.2471622584079,779.2159647073637,797.4011840820312,3406177.0
2022-04-04,789.1527305746301,806.5179495848299,781.4348554589859,804.299072265625,4163250.0
2022-04-05,807.4826651909177,821.9536806961313,804.2990535563133,807.0485229492188,2669967.0
2022-04-06,809.1227996806043,809.1227996806043,793.9282320050482,798.6553955078125,2049292.0
2022-04-07,796.8706456302288,810.666336314354,793.3011164337921,804.8779296875,2913537.0
2022-04-08,800.7294647742305,830.2985944662657,797.883486827708,827.1632080078125,4145522.0
2022-04-11,824.7996694033909,830.9739341016145,816.3582435840624,826.6326293945312,2922901.0
2022-04-12,820.0242999055472,836.8107032449367,813.5605671768067,830.4434204101562,2961076.0
2022-04-13,832.0834371609892,844.1426174096993,831.9387034449182,835.5564575195312,3695363.0
2022-04-18,835.5564774837635,845.107372022031,827.8386019401834,843.2743530273438,3076843.0
2022-04-19,847.1333245033009,856.4912607487515,834.5917762460032,841.7308349609375,3301212.0
2022-04-20,842.6473242142099,858.5172178266911,842.6473242142099,850.1722412109375,2208791.0
2022-04-21,850.1721981982367,881.7672501029089,849.6898309935852,878.873046875,3206906.0
2022-04-22,871.9268695468265,894.3569425616178,857.6970382793784,888.1826782226562,4924905.0
2022-04-25,882.1049119866312,895.2735606505807,863.5337740097739,872.1199340820312,5476626.0
2022-04-26,874.6281704100984,909.6480757126776,874.6281704100984,906.9950561523438,6384561.0
2022-04-27,897.2029994382804,907.5256693804037,890.4016336384365,894.1640625,3154605.0
2022-04-28,911.6740625525352,911.6740625525352,886.1085994227551,890.3534545898438,2869224.0
2022-04-29,896.1417838200117,906.1267610407048,885.6261555872951,889.58154296875,3467791.0
2022-05-02,882.7319316125352,900.7724757619238,877.6188513261852,888.8579711914062,2740823.0
2022-05-04,885.5296686718859,891.3662996156497,859.6265164761087,864.4984130859375,2408261.0
2022-05-05,877.9082744881462,888.5203525314095,864.0643598666105,867.3444213867188,2690817.0
2022-05-06,858.6136767098413,882.5390797449875,856.0088818691216,862.327880859375,4247088.0
2022-05-09,848.9663202235797,870.0940283367764,844.142647949582,863.7267456054688,1790691.0
2022-05-10,863.7267054766708,878.824822545911,852.9216683083752,857.0217895507812,2436623.0
2022-05-11,857.2629045642826,866.7173481317951,845.5896426906056,855.767578125,3048794.0
2022-05-12,853.693567370299,857.648955196633,823.5938397308361,834.7365112304688,4908042.0
2022-05-13,848.7732903825444,873.0846083814205,839.4153551791511,858.1312255859375,4956950.0
2022-05-16,863.4372891538832,876.8471208848898,861.2184118074608,871.4927978515625,2856221.0
2022-05-17,875.0140748760919,884.6614185902715,866.4761992421281,878.6800537109375,3469290.0
2022-05-18,877.9083071902863,890.2086708349855,873.2775938300015,881.0919189453125,3203522.0
2022-05-19,869.2256919732562,880.8025047409354,849.1110033424992,851.4263305664062,2658159.0
2022-05-20,865.2703088725235,879.21067387792,857.3112500544999,871.9269409179688,3426756.0
2022-05-23,878.8730332702829,910.1786761441042,878.149482474506,908.683349609375,6613972.0
2022-05-24,915.5329427409837,926.5309384197252,909.8409862456725,913.458740234375,4546511.0
2022-05-25,920.1636418020146,920.1636418020146,890.7874680927113,895.659423828125,1363358.0
2022-05-26,897.2994183014749,900.5795387283432,882.5389941459945,897.010009765625,2384886.0
2022-05-27,906.8503181053652,924.215536962702,890.4498336289915,919.2471313476562,3269005.0
2022-05-30,937.9630334867726,976.0700428184542,923.2990586256329,963.142578125,11690785.0
2022-05-31,962.7566896164168,1006.2179618086965,957.0165082590862,997.8729858398438,13301109.0
2022-06-01,998.5001648039585,1019.9655065110967,979.0125169607095,1010.4146118164062,7889745.0
2022-06-02,1008.0992395178966,1020.6407876552362,998.5001786266469,1007.7134399414062,4081658.0
2022-06-03,1013.0675906710328,1019.2901983379538,989.528047275009,992.3740844726562,2660682.0
2022-06-06,991.7469129212483,1011.6204170006322,982.0995694103412,999.41650390625,3443406.0
2022-06-07,998.3072436516035,1008.1474878140452,982.1961078760801,1005.783935546875,2162861.0
2022-06-08,1019.6759900592731,1019.6759900592731,997.7765660044109,1008.1474609375,4293398.0
2022-06-09,999.4647765059669,1012.2957903375503,995.6058391449401,1008.2438354492188,2757706.0
2022-06-10,996.5706950223107,1006.7004068303787,990.3963709385914,999.947265625,2425545.0
2022-06-13,987.5503975370008,992.7117030522622,963.3355286343767,968.8827514648438,4047155.0
2022-06-14,964.7343448192605,988.852703439742,963.8178354151398,983.3054809570312,3614327.0
2022-06-15,988.5151433420945,1002.6485260957946,984.0291047526358,989.3351440429688,3333753.0
2022-06-16,1001.1048395375327,1001.1048395375327,961.8401965729723,969.7992553710938,3255301.0
2022-06-17,964.7343874135863,972.4040375700671,948.478636538753,962.46728515625,5318310.0
2022-06-20,969.5581221196261,972.4523254692368,944.5714763148987,948.0445556640625,3722583.0
2022-06-21,948.0445141508867,969.3168960625031,947.176229630937,962.7567138671875,6263423.0
2022-06-22,960.0554839134569,968.545135053229,938.3489594115142,949.105712890625,2629024.0
2022-06-23,951.2280826348469,995.2199460677142,950.4563069204078,991.4574584960938,7303072.0
2022-06-24,1000.3330935555471,1036.6070823779007,995.2199542794344,1034.2435302734375,7273273.0
2022-06-27,1051.3676531592027,1056.3842252046852,1034.2436166319121,1044.5179443359375,6316257.0
2022-06-28,1043.842635559521,1081.9013610714846,1041.3825156985642,1072.78466796875,11020641.0
2022-06-29,1066.9961128552254,1076.1128046880124,1052.2356312764691,1072.5433349609375,5052023.0
2022-06-30,1070.1797244738266,1078.090498024307,1049.6791221624023,1054.5992431640625,4165189.0
2022-07-01,1053.875852219651,1074.0869902201855,1026.4773724837294,1068.298583984375,2839545.0
2022-07-04,1062.1724607930769,1063.1371950898915,1041.3342235349608,1052.718017578125,2784613.0
2022-07-05,1052.5253278281061,1063.1374072104243,1039.9837794671846,1043.79443359375,3675577.0
2022-07-06,1044.5179912392948,1072.7847590654512,1042.4920723517018,1065.5975341796875,4957228.0
2022-07-07,1079.5377476547271,1098.7841510094256,1075.2928929223028,1093.33349609375,4917004.0
2022-07-08,1143.1620141645965,1152.7611923892762,1086.4357004171545,1093.6229248046875,10482265.0
2022-07-11,1089.1368609070591,1126.7133366924215,1083.059104806511,1123.9638671875,4520273.0
2022-07-12,1122.9508875261527,1123.3849709177339,1101.7267298581326,1106.2127685546875,2452632.0
2022-07-13,1112.531701612776,1115.715372349519,1097.9642352199244,1100.1348876953125,3379695.0
2022-07-14,1105.9825480910733,1122.1122003458718,1102.4738725465597,1113.6331787109375,2423203.0
2022-07-15,1113.9742316597815,1146.0387805821292,1111.4402808236669,1142.72509765625,3879759.0
2022-07-18,1149.5473278469196,1149.5473278469196,1129.8115640581107,1133.856201171875,3480683.0
2022-07-19,1132.3943522813072,1159.2934449914385,1131.517183383825,1156.1259765625,4056414.0
2022-07-20,1164.653848751781,1164.653848751781,1132.979162488657,1136.0491943359375,3028752.0
2022-07-21,1137.4622382030914,1150.0346749692967,1135.2207165748082,1145.307861328125,2062279.0
2022-07-22,1150.0347690074311,1155.7849666465536,1140.5811409520663,1151.1068115234375,1983433.0
2022-07-25,1154.9077532732008,1154.9077532732008,1103.2536512280703,1107.005859375,4380502.0
2022-07-26,1105.2028881664007,1116.8981568242461,1096.5776513253247,1107.152099609375,2598868.0
2022-07-27,1111.0505051046757,1121.0889914670363,1098.1857573705804,1109.19873046875,1647876.0
2022-07-28,1113.0971220243534,1122.7457420390856,1106.5185336920931,1119.9681396484375,1929675.0
2022-07-29,1129.3730897823864,1154.1279784442754,1123.9639807650012,1134.8795166015625,2230572.0
2022-08-01,1159.1960742486965,1216.9901224157588,1154.176830965927,1206.3182373046875,12673841.0
2022-08-02,1206.2695197331425,1227.759624653007,1195.0615533243238,1222.6429443359375,5626351.0
2022-08-03,1227.9544450074766,1227.9544450074766,1199.739656641328,1221.8631591796875,3820503.0
2022-08-04,1232.7788223544724,1232.8762591342315,1207.5852878097278,1229.757568359375,3075648.0
2022-08-05,1245.7410102406013,1246.0334395509979,1199.9833183004819,1204.5152587890625,5766297.0
2022-08-08,1213.3842185941194,1247.4954215264843,1211.0939187627475,1244.2791748046875,5412651.0
2022-08-10,1244.5715508844646,1247.202938838492,1228.2469044652676,1235.848876953125,2530492.0
2022-08-11,1244.571443142631,1246.4718766148615,1222.1555126866558,1234.045654296875,3077633.0
2022-08-12,1232.8761499732393,1236.6771358107185,1217.5748888226076,1227.467041015625,3355489.0
2022-08-16,1248.0800593118886,1265.7203990225812,1242.2812028750072,1255.5845947265625,4085782.0
2022-08-17,1261.1398206818963,1261.1398206818963,1237.7980609243702,1241.891357421875,2197165.0
2022-08-18,1241.6476831032874,1245.8871941769412,1222.837745182391,1229.1240234375,2659857.0
2022-08-19,1237.749303788523,1240.3320328227974,1204.1254053785199,1207.9263916015625,2513148.0
2022-08-22,1207.9263925549112,1215.7232385691816,1188.0931893001969,1195.548828125,2443323.0
2022-08-23,1188.9703074138945,1244.571616326605,1187.069873677216,1240.7706298828125,4449168.0
2022-08-24,1242.5734396947885,1250.9063656831038,1228.977738314292,1236.0924072265625,2570071.0
2022-08-25,1241.6475540924152,1245.0098958775777,1224.7868293568417,1227.6619873046875,1769049.0
2022-08-26,1247.3978076431083,1266.0127519492798,1236.5797086145305,1242.2811279296875,4325600.0
2022-08-29,1217.2825012672633,1248.2750096563116,1210.606476115246,1244.3765869140625,2554692.0
2022-08-30,1251.39371748748,1281.6064941557913,1251.39371748748,1275.4664306640625,5078317.0
2022-09-01,1247.4951662186274,1292.0345944868627,1247.4951662186274,1278.7313232421875,4913035.0
2022-09-02,1285.1638554569888,1296.8591240877513,1277.9029714664691,1282.5323486328125,2316436.0
2022-09-05,1285.5049385530303,1290.8164921135444,1268.0594724540938,1287.015625,2271837.0
2022-09-06,1291.3524949334374,1293.3017062465444,1267.5720931194478,1273.224853515625,1930221.0
2022-09-07,1258.2158874654976,1278.6338281363571,1248.6647045580735,1256.9488525390625,3162428.0
2022-09-08,1271.860438701432,1298.1260147324228,1268.936621600969,1288.331298828125,4026323.0
2022-09-09,1304.022448554575,1304.022448554575,1261.1885749065912,1268.2056884765625,3415016.0
2022-09-12,1274.784188956423,1282.1911680951139,1262.1143155187826,1264.1123046875,3077887.0
2022-09-13,1276.6846802307625,1276.6846802307625,1258.2159499326235,1266.8411865234375,2460291.0
2022-09-14,1251.3448791940993,1280.4856119805809,1247.4952344571832,1265.0869140625,2955136.0
2022-09-15,1271.8603720092751,1280.8754742629808,1256.3154594951059,1264.1123046875,2555055.0
2022-09-16,1258.459664334464,1264.0636473508614,1203.1507884769765,1218.3546142578125,9047956.0
2022-09-19,1227.905625955986,1265.476600659414,1218.354443435536,1255.925537109375,4476773.0
2022-09-20,1266.9875093757912,1278.682778693106,1263.6251670352358,1269.862548828125,3780649.0
2022-09-21,1275.7101497740111,1289.4034081593397,1260.7499752950464,1273.4686279296875,2887754.0
2022-09-22,1264.0636720936595,1287.0156853547733,1260.165249049423,1277.1234130859375,2010645.0
2022-09-23,1271.8605278372688,1284.627839609978,1228.9778740251309,1239.990966796875,4639618.0
2022-09-26,1218.2571777766873,1226.9798515813975,1185.4130118519988,1205.0025634765625,3345338.0
2022-09-27,1211.0450439429612,1221.0835304476702,1190.188457739756,1204.3690185546875,3588217.0
2022-09-28,1201.7863385725727,1229.708817383936,1180.4912265157857,1210.8502197265625,3361451.0
2022-09-29,1223.1302360802154,1235.7513331591656,1214.066354870094,1226.3951416015625,3474302.0
2022-09-30,1225.0305591711897,1250.1266553755363,1201.7375786471803,1235.994873046875,3320684.0
2022-10-03,1237.7003951660895,1243.6942436957438,1210.5089927615381,1219.57275390625,3150821.0
2022-10-04,1232.8761784625679,1245.497274361428,1223.1301217158282,1228.34423828125,3011962.0
2022-10-06,1235.8000331179694,1244.5714844571348,1222.6428561092214,1224.98193359375,3531469.0
2022-10-07,1228.0031933283008,1229.9036268726634,1201.6400613119326,1207.3902587890625,3501889.0
2022-10-10,1202.663363664647,1214.894712074524,1187.0696733740194,1211.434814453125,2230590.0
2022-10-11,1217.5260995957894,1217.5260995957894,1194.379215573056,1198.326416015625,1569478.0
2022-10-12,1204.2716505367478,1227.3697598326453,1198.862540893445,1216.2105712890625,2884899.0
2022-10-13,1223.1301740768492,1241.7938973399157,1208.9983911891088,1216.5028076171875,2137351.0
2022-10-14,1235.5564326626925,1239.6985070770615,1196.8158543165343,1199.0574951171875,1696759.0
2022-10-17,1195.8411975395388,1207.2928145493918,1166.1157235990695,1198.7650146484375,2158727.0
2022-10-18,1204.7588786912577,1235.166529418658,1202.17614975178,1221.960693359375,2722206.0
2022-10-19,1227.9543781205982,1232.6813108418266,1212.409465122985,1216.69775390625,1449579.0
2022-10-20,1209.680502646208,1222.155502734375,1192.478807851839,1218.257080078125,1831346.0
2022-10-21,1221.278358818713,1236.6771762139854,1212.5556855351356,1224.835693359375,1750934.0
2022-10-24,1228.9777698422013,1245.5460665014539,1228.9777698422013,1238.675048828125,318933.0
2022-10-25,1238.6750404803117,1251.2474775369815,1227.6132898146789,1248.8597412109375,2809493.0
2022-10-27,1250.7114414742455,1266.8410931254389,1246.5693675834827,1261.285888671875,3279938.0
2022-10-28,1267.6208903485683,1282.483626837982,1257.241316153681,1278.341552734375,2111224.0
2022-10-31,1284.7740111974124,1324.001892062723,1283.1658879392833,1314.353271484375,4306893.0
2022-11-01,1326.4382564315786,1331.8473652417829,1315.0840770993416,1319.664794921875,3405472.0
2022-11-02,1319.6649577908702,1326.4384201365335,1304.607227634837,1318.008056640625,2298917.0
2022-11-03,1305.9715654973397,1320.5906501857428,1294.812378440025,1301.4884033203125,1931917.0
2022-11-04,1304.0223900459657,1317.666869463487,1297.200150337205,1304.3148193359375,2204968.0
2022-11-07,1310.8446776604922,1321.1754743743638,1302.6579659167064,1316.9847412109375,2599224.0
2022-11-09,1330.1906502917443,1330.1906502917443,1297.2002690465913,1303.583984375,2459869.0
2022-11-10,1304.9971170267124,1304.9971170267124,1257.8261742900627,1265.233154296875,2792546.0
2022-11-11,1271.9579425909114,1285.2613348940426,1246.0822312687617,1254.4150390625,5308986.0
2022-11-14,1270.8859180534457,1276.4411233279307,1235.848888376264,1245.6923828125,3794391.0
2022-11-15,1251.929857458242,1263.381474963184,1242.8659764406273,1258.898193359375,3192070.0
2022-11-16,1256.217887095344,1262.114298782067,1243.5967916956893,1254.0250244140625,2478281.0
2022-11-17,1247.6902574591809,1252.3684127369543,1222.3018485676669,1227.3697509765625,2319979.0
2022-11-18,1218.3057970734085,1224.055875027724,1186.3386853013183,1195.9873046875,4525364.0
2022-11-21,1187.0698251205622,1203.540686389638,1171.4761328365482,1187.3134765625,4120736.0
2022-11-22,1189.6525410093343,1204.0766348298669,1185.071822569434,1197.25439453125,2469455.0
2022-11-23,1203.2482699380962,1208.8522531625902,1192.9174724835507,1204.3203125,2396267.0
2022-11-24,1210.3628624599778,1225.0793849770732,1207.195393883068,1222.204345703125,2133523.0
2022-11-25,1226.054137135844,1235.5077661217686,1214.358867147267,1228.7830810546875,1370326.0
2022-11-28,1226.9311693713564,1239.6984805578595,1214.3587317414251,1218.9393310546875,2126619.0
2022-11-29,1224.1048373384651,1232.8762891983745,1216.8440719981566,1225.1768798828125,2435651.0
2022-11-30,1230.0498420697502,1282.5811136017803,1225.7128942509835,1272.4451904296875,7536690.0
2022-12-01,1281.6064371624534,1283.5068706027785,1255.2920844602586,1260.6036376953125,2613761.0
2022-12-02,1253.7815627737298,1260.9450104598197,1228.0032873846615,1232.4864501953125,2892150.0
2022-12-05,1237.2131997533265,1237.2131997533265,1220.791116951875,1227.808349609375,2764806.0
2022-12-06,1216.7951482791086,1233.3146663804346,1216.7951482791086,1230.9757080078125,1686075.0
2022-12-07,1229.9525061085756,1236.6773098488975,1220.596314325291,1234.4356689453125,1731982.0
2022-12-08,1240.6241757995053,1249.4444042444663,1237.261834000273,1241.9886474609375,1906386.0
2022-12-09,1248.957241724199,1252.0272735646606,1224.5920984989905,1233.26611328125,1308941.0
2022-12-12,1231.804174551693,1244.863914794984,1224.59206853939,1231.901611328125,1723401.0
2022-12-13,1235.800079576129,1253.29420503874,1234.8254738351386,1250.76025390625,2164600.0
2022-12-14,1254.3174527579474,1258.2158752995417,1244.035315716327,1253.7813720703125,1436837.0
2022-12-15,1253.2455341920918,1260.6525139589558,1249.2008966114354,1254.268798828125,2417555.0
2022-12-16,1245.497365942186,1254.3175955346999,1218.2571829202602,1219.8165283203125,2136354.0
2022-12-19,1219.1343011258366,1262.0169521791559,1213.4328815412412,1257.8748779296875,2767603.0
2022-12-20,1255.2434120754522,1255.2921899505,1231.0244832916883,1242.865966796875,1286604.0
2022-12-21,1247.3978215132388,1251.8809838036211,1226.5412363696826,1233.558349609375,1251993.0
2022-12-22,1233.558479388779,1245.2050897592455,1198.0829244253111,1202.61474609375,1557590.0
2022-12-23,1189.0190345360506,1198.7650921961822,1177.3237653438928,1193.502197265625,1913648.0
2022-12-26,1193.5020744080523,1215.7231311739174,1185.4129187650888,1205.635986328125,1677560.0
2022-12-27,1211.6785559326813,1216.7952359396363,1192.8686180332302,1202.9071044921875,1304940.0
2022-12-28,1198.6187361329328,1223.1300920505796,1193.89192251949,1220.54736328125,1959508.0
2022-12-29,1216.0154600173053,1235.4101368540669,1207.0979132167317,1230.29345703125,1289676.0
2022-12-30,1233.2173231533657,1233.2173231533657,1213.384120559194,1217.4774169921875,1372710.0
2023-01-02,1219.2317081811423,1238.7238218211285,1211.044996658264,1230.78076171875,1718385.0
2023-01-03,1230.9270017019296,1232.8762131060498,1215.0408811701807,1217.574951171875,1510751.0
2023-01-04,1220.5474006575032,1223.9098616387953,1199.7395931647732,1204.8074951171875,1344532.0
2023-01-05,1208.511057953407,1223.1301433318758,1199.739606726326,1220.83984375,2745160.0
2023-01-06,1220.8398884310527,1242.5735247735442,1216.4541626570006,1232.77880859375,2214972.0
2023-01-09,1240.6243071374422,1280.5344828647335,1239.3573910801722,1277.0745849609375,3634805.0
2023-01-10,1277.2206227526099,1292.7168753919923,1272.5912462107747,1281.5089111328125,3139930.0
2023-01-11,1282.0938364627918,1286.4795622431661,1267.4747505282103,1279.2674560546875,2041750.0
2023-01-12,1282.581215784776,1293.3018794425516,1276.733581062353,1286.3822021484375,2448619.0
2023-01-13,1291.3525756178308,1303.0478442271997,1278.2928352099505,1294.422607421875,2600139.0
2023-01-16,1299.1493241177484,1301.342186817872,1269.862376912374,1282.191162109375,1651972.0
2023-01-17,1285.456208676036,1290.2318006536727,1270.983337056707,1287.3079833984375,1607137.0
2023-01-18,1286.8204914180583,1291.3524312917682,1274.8815727136628,1288.5748291015625,1179938.0
2023-01-19,1284.1403412132988,1294.9584398020197,1278.9750028091626,1286.0408935546875,2066881.0
2023-01-20,1290.4266732054125,1291.3525009953175,1278.341539213335,1281.36279296875,1332666.0
2023-01-23,1287.7951673457314,1311.7704428304455,1278.9750574892373,1294.71484375,1681075.0
2023-01-24,1301.196053893862,1301.196053893862,1287.502915110948,1290.280517578125,1408040.0
2023-01-25,1291.2550520298819,1298.1747283644681,1272.8837592851737,1278.1953125,1359090.0
2023-01-27,1284.6276683594087,1305.7766820978754,1253.9763686156368,1286.67431640625,1914769.0
2023-01-30,1286.5769466821523,1307.920835072426,1271.8604245674485,1297.784912109375,2402331.0
2023-01-31,1316.0101850417777,1350.316259677088,1301.3910988669986,1343.7376708984375,5265862.0
2023-02-01,1351.3394700634751,1354.70181186447,1288.4286297013161,1317.715576171875,3010838.0
2023-02-02,1313.8172517258502,1343.201518186508,1296.7128742295802,1318.0567626953125,2029111.0
2023-02-03,1324.6839943392906,1356.6023303995644,1316.2537503729893,1352.752685546875,1803085.0
2023-02-06,1356.5536266603226,1356.5536266603226,1325.463682662609,1341.057373046875,1504382.0
2023-02-07,1347.7823371297525,1349.828985443559,1326.4384470676418,1331.99365234375,1413825.0
2023-02-08,1338.669675885613,1344.9558349171668,1325.4637213676426,1338.182373046875,1241238.0
2023-02-09,1337.159008285872,1350.8034879622583,1328.387557065338,1337.3538818359375,1866387.0
2023-02-10,1343.5428212882475,1351.7294145157198,1316.4975113827838,1330.775390625,3282665.0
2023-02-13,1340.0828043619792,1348.8542554450758,1291.4012984389608,1318.6414794921875,4401219.0
2023-02-14,1323.5144486060397,1342.0319556189372,1315.7176035479777,1328.53369140625,2373179.0
2023-02-15,1329.5569663861793,1348.0258146448493,1325.5124481568569,1344.322265625,2007214.0
2023-02-16,1345.0533512985392,1361.5242120168077,1328.5824905802706,1333.4068603515625,2646301.0
2023-02-17,1325.4148982268102,1337.6950245199255,1298.4671473413139,1307.4334716796875,2150027.0
2023-02-20,1308.0182289388408,1320.5418878417383,1298.7594751939912,1312.0628662109375,1497314.0
2023-02-21,1320.1033586606172,1327.802767123153,1306.9461823284516,1317.5206298828125,2118816.0
2023-02-22,1312.6964077194841,1318.4952638987497,1277.8542548311234,1286.23583984375,2196484.0
2023-02-23,1291.5960989152793,1292.5707045360416,1271.8603350948422,1280.5830078125,1847879.0
2023-02-24,1286.674288162228,1287.0154953045574,1245.740852242279,1247.6900634765625,2824384.0
2023-02-27,1237.7980242538479,1252.7581980439672,1216.697786928948,1225.46923828125,2019964.0
2023-02-28,1231.609177566277,1260.4088236377204,1228.0031840584013,1237.359375,3407211.0
2023-03-01,1243.5481570239879,1272.396582351606,1236.8234725366885,1239.8447265625,2338935.0
2023-03-02,1246.082176399532,1246.082176399532,1218.2571358290277,1219.767822265625,1563750.0
2023-03-03,1225.9565322366718,1244.5226994153784,1221.4245919434554,1236.384765625,1493291.0
2023-03-06,1237.3108161848595,1251.6374735696072,1235.800129636957,1238.1878662109375,1570410.0
2023-03-08,1237.749290024765,1259.141838433479,1226.3464504528654,1257.192626953125,2370800.0
2023-03-09,1258.215931097244,1261.9194802641643,1213.335292008667,1216.4541015625,3596577.0
2023-03-10,1217.2825839779498,1224.7870006785136,1194.2331341541776,1195.548828125,2664696.0
2023-03-13,1191.6502816933057,1199.7395561834403,1152.4224042470153,1163.14306640625,3842775.0
2023-03-14,1162.0223430441595,1162.1197798133119,1127.4725019949522,1131.322265625,5379592.0
2023-03-15,1137.3649412708546,1144.5770478116456,1123.9153339658544,1130.8837890625,2226887.0
2023-03-16,1130.5425567811806,1145.4052929802433,1111.196658375172,1137.41357421875,3604480.0
2023-03-17,1143.115082164847,1156.126044839557,1122.7457986555698,1141.7506103515625,3683701.0
2023-03-20,1140.2399348997344,1149.2063790662023,1115.9235693394173,1137.9984130859375,2082268.0
2023-03-21,1140.8734507058136,1145.161739738067,1127.0340968435328,1130.8350830078125,2209422.0
2023-03-22,1137.8521352657795,1150.5220091488245,1129.7142016042153,1134.5384521484375,2211909.0
2023-03-23,1131.517298158807,1145.1617789290253,1124.50018420801,1135.366943359375,2594282.0
2023-03-24,1131.0786995779004,1140.824756636965,1117.9701814512048,1121.5762939453125,1839876.0
2023-03-27,1112.5124631544302,1121.3813516815933,1096.9187711610261,1109.00390625,2446528.0
2023-03-28,1114.559101532079,1119.82199632718,1094.8721131534885,1099.647705078125,1903339.0
2023-03-29,1105.1540689910553,1123.184274164754,1103.2536354933472,1115.2413330078125,4003003.0
2023-03-31,1118.457534736351,1133.466487078161,1116.7519746741093,1129.275634765625,2343070.0
2023-04-03,1131.809577398875,1150.0346552799765,1125.9619435584684,1140.191162109375,2546562.0
2023-04-05,1142.237926876346,1143.504961926069,1122.6970342080804,1126.108154296875,2028469.0
2023-04-06,1124.6951294857256,1145.1618519460378,1119.1399238346735,1141.507080078125,2029418.0
2023-04-10,1141.5068754158744,1160.7553371358008,1141.5068754158744,1158.416259765625,2586918.0
2023-04-11,1169.5268116882762,1173.6201079410173,1158.026417118507,1171.18359375,2443384.0
2023-04-12,1172.937977340328,1182.147953753709,1168.1623855454393,1176.690185546875,2469405.0
2023-04-13,1182.6351989704442,1191.162998556243,1169.088275376195,1173.9613037109375,4470196.0
2023-04-17,1187.995583483016,1187.995583483016,1172.8405360637141,1182.14794921875,1956198.0
2023-04-18,1182.1966966537918,1186.9722883074007,1172.0607737292878,1174.107421875,2075066.0
2023-04-19,1174.0587311031175,1187.0209149877164,1172.8404740291655,1184.6331787109375,1818732.0
2023-04-20,1187.069679350553,1193.7944821163267,1183.7073374528743,1187.6544189453125,2172677.0
2023-04-21,1190.91945032463,1190.91945032463,1178.347131308023,1181.953125,1015815.0
2023-04-24,1179.662807120519,1186.192617966161,1165.6284607224177,1177.080078125,1389756.0
2023-04-25,1177.080060762231,1184.1459522468315,1168.9421267775003,1179.126708984375,1360260.0
2023-04-26,1181.222101671374,1186.3387815672277,1174.6922911067388,1182.7327880859375,1708865.0
2023-04-27,1179.3216566813294,1193.8919640834035,1179.3216566813294,1192.9173583984375,1340045.0
2023-04-28,1193.8919997632022,1197.5467711910487,1180.7348226229547,1195.7437744140625,2333102.0
2023-05-02,1198.7649697187105,1209.290758504408,1186.5823988882357,1205.879638671875,2607580.0
2023-05-03,1205.879653767755,1210.4602528691885,1198.862421499305,1204.0765380859375,1307304.0
2023-05-04,1203.6379992202249,1206.6105940939158,1196.815759548531,1200.4217529296875,1541188.0
2023-05-05,1201.4938369785687,1210.8012491205584,1177.372348263925,1180.4422607421875,4753718.0
2023-05-08,1186.0462980323357,1208.3647912086528,1182.8788296702282,1200.519287109375,3513667.0
2023-05-09,1207.5364726054586,1218.2571353969518,1202.712221937456,1213.8226318359375,1846359.0
2023-05-10,1218.2571001240499,1223.9098606567936,1203.6380149225613,1216.94140625,2108081.0
2023-05-11,1218.2571349133957,1228.8315830503593,1212.5557153160858,1219.524169921875,4100467.0
2023-05-12,1224.4946256446128,1246.3258171253035,1219.5241603671934,1243.548095703125,2427624.0
2023-05-15,1247.3978483286357,1255.0484792127265,1240.28317919261,1253.0018310546875,2647630.0
2023-05-16,1254.3174857063293,1258.89808472486,1226.8823125551105,1230.390869140625,1571371.0
2023-05-17,1232.8761886537716,1239.405999139896,1228.6853366298633,1231.0244140625,1643851.0
2023-05-18,1237.7003984609698,1237.7003984609698,1209.7292638753418,1213.871337890625,1900447.0
2023-05-19,1221.0835235471648,1230.3909367388123,1206.0257938751943,1228.39306640625,1588996.0
2023-05-22,1227.2722897073572,1237.2132207612467,1219.5242215892165,1233.412353515625,917769.0
2023-05-23,1233.4122425856083,1238.480144437595,1224.6407916314959,1236.3360595703125,1803955.0
2023-05-24,1228.00318146422,1245.5460840565659,1222.6428501165587,1243.304443359375,1369297.0
2023-05-25,1247.4952812154831,1248.2750133544114,1225.6154310979582,1245.3511962890625,2040166.0
2023-05-26,1257.2412775458138,1259.9702209302034,1236.1410416130743,1249.2982177734375,3508112.0
2023-05-29,1287.9414628742995,1315.7177259782857,1265.038228385048,1296.371826171875,6185862.0
2023-05-30,1296.1767522426096,1301.3909877092515,1286.4794734964662,1294.71484375,2493657.0
2023-05-31,1291.3525168510707,1294.51998528863,1270.1548434612514,1285.5048828125,5629378.0
2023-06-01,1285.505029557786,1303.7301101369599,1279.4625212829885,1285.4075927734375,2364455.0
2023-06-02,1291.2064088307743,1310.844738559412,1286.772024034262,1307.336181640625,2313841.0
2023-06-05,1315.5228467686873,1365.422611980964,1312.1603856567149,1359.96484375,5105293.0
2023-06-06,1359.9648266105596,1378.9696378868398,1352.8014984620463,1375.363525390625,2335838.0
2023-06-07,1386.6689814319436,1386.6689814319436,1359.574896480228,1370.6854248046875,2491079.0
2023-06-08,1376.8252983727273,1379.6030195389967,1342.519228471104,1345.9791259765625,1776230.0
2023-06-09,1345.6867550173156,1351.7780403469249,1328.3875046812248,1335.84326171875,1881329.0
2023-06-12,1342.9093143750636,1349.6341179826404,1334.5277285465384,1346.3204345703125,1389300.0
2023-06-13,1348.0259647106864,1353.240081670607,1333.4555373896642,1338.2799072265625,2516583.0
2023-06-14,1339.1081965389992,1345.930436259358,1331.3113511443034,1343.64013671875,905086.0
2023-06-15,1346.7101953188835,1371.4650847657624,1336.6717090842926,1357.382080078125,1720070.0
2023-06-16,1363.4733814368428,1373.9991706401072,1358.0156132823597,1368.2001953125,2132678.0
2023-06-19,1373.7066893449692,1379.4081087099264,1360.5495128241057,1366.9332275390625,1476764.0
2023-06-20,1366.9818857599805,1374.096554722556,1345.6379978426728,1360.988037109375,1042428.0
2023-06-21,1358.6490459853744,1367.7615849652334,1335.8432501153293,1339.351806640625,2008628.0
2023-06-22,1343.9812720741684,1356.651146285165,1339.741761036112,1343.6888427734375,1296616.0
2023-06-23,1341.9346540461531,1344.5660419301887,1333.7479421163155,1338.3773193359375,1258590.0
2023-06-26,1340.082751294396,1369.2234836438988,1335.1609452378398,1362.1575927734375,2281046.0
2023-06-27,1370.9778426618811,1381.0163293412409,1358.2105313011532,1366.787109375,2737379.0
2023-06-28,1373.1705298044135,1377.8486843314222,1354.8480156761877,1359.5748291015625,2611913.0
2023-06-30,1367.0307744408626,1423.8989959683038,1364.4480454179502,1416.6868896484375,4114865.0
2023-07-03,1432.6703525174867,1460.0080894853252,1422.2421193084185,1430.67236328125,3615176.0
2023-07-04,1449.2387599366295,1449.2387599366295,1424.97105280534,1427.2613525390625,1595700.0
2023-07-05,1426.7739925110618,1440.4672504297716,1420.097967140435,1437.884521484375,1456527.0
2023-07-06,1440.3210143434292,1513.4652199396642,1435.2531122761425,1509.4693603515625,5628945.0
2023-07-07,1507.6176167078806,1551.523533146924,1500.2106370071406,1524.4295654296875,6905845.0
2023-07-10,1527.2071209149938,1538.9023892308712,1506.6916234893904,1512.0032958984375,2276342.0
2023-07-11,1518.6793125211655,1535.9785634739976,1511.0286816685043,1529.5948486328125,1563376.0
2023-07-12,1529.1563538226148,1539.5359283931245,1502.5009115382747,1530.9593505859375,2658457.0
2023-07-13,1535.9785067752568,1554.3011406117575,1518.87413000314,1527.109619140625,1859405.0
2023-07-14,1538.976753716034,1543.113066050839,1519.2803717898435,1523.072021484375,2174792.0
2023-07-17,1535.3328831810268,1535.3328831810268,1506.2807215044133,1512.9775390625,1520990.0
2023-07-18,1512.68204623798,1518.7387073806087,1502.8338558327848,1511.4017333984375,1059058.0
2023-07-19,1506.9701122512997,1525.9771686341608,1500.864282025467,1521.0037841796875,1081196.0
2023-07-20,1526.5188585113192,1530.162641009638,1507.314886508302,1521.89013671875,1538263.0
2023-07-21,1525.4354229659223,1529.030036550234,1495.792393535268,1500.371826171875,1668783.0
2023-07-24,1498.8945804442071,1533.3632468801777,1491.9515581180942,1523.3673095703125,2129706.0
2023-07-25,1527.897386916297,1545.6734179235316,1524.5490984956086,1541.9803466796875,1996604.0
2023-07-26,1546.313675453096,1550.1052048013298,1508.7428041649537,1521.397705078125,2100855.0
2023-07-27,1476.243763209911,1477.2285822647543,1416.514463490239,1425.4271240234375,11879512.0
2023-07-28,1437.8358193439274,1448.668828941724,1427.9876288004757,1445.5174560546875,4714146.0
2023-07-31,1454.3808604072328,1456.54741428888,1435.472262006242,1452.8050537109375,2460789.0
2023-08-01,1452.8049542987922,1481.1677898508876,1447.8808592527453,1470.679443359375,4184243.0
2023-08-02,1470.6795525370485,1474.2741662309459,1443.0061603673303,1462.7518310546875,3188395.0
2023-08-03,1462.4562816460311,1478.755084925654,1425.6240253241049,1446.846923828125,2222395.0
2023-08-04,1458.516927613677,1479.6412469118986,1394.2574883653363,1442.4151611328125,8066091.0
2023-08-07,1466.3956682588012,1507.7580712587137,1458.2709105266756,1503.7203369140625,9257291.0
2023-08-08,1506.773171260983,1510.7124475257176,1462.4563132827188,1476.93310546875,3426948.0
2023-08-09,1482.1526828187357,1514.2085912549394,1469.5962398247564,1511.4510498046875,3713003.0
2023-08-10,1511.2047797390774,1532.4276776163488,1508.545816483294,1521.9393310546875,3600607.0
2023-08-11,1525.0414826374567,1535.9236602580781,1509.776788416712,1522.9732666015625,2402812.0
2023-08-14,1521.4961293489262,1527.2081278737544,1500.8642185262624,1523.3673095703125,1875450.0
2023-08-16,1535.382126426069,1549.1203035358499,1515.2425055307938,1546.7567138671875,2361632.0
2023-08-17,1549.1203834380958,1555.0785868458797,1536.4654825437171,1549.61279296875,2377711.0
2023-08-18,1544.9349086102084,1558.5254597975204,1521.151504140998,1529.079345703125,2202570.0
2023-08-21,1522.5302130261964,1529.079283587498,1508.496541916479,1515.193359375,1487526.0
2023-08-22,1514.651676122622,1531.3935997208562,1511.4510142582535,1526.9619140625,975607.0
2023-08-23,1522.57962463753,1531.2459606270434,1512.7806024172023,1519.0341796875,1405076.0
2023-08-24,1526.5188899552313,1531.3444073585727,1504.8528698132334,1518.7879638671875,2111147.0
2023-08-25,1507.659628741382,1523.7613974582907,1485.3041623811162,1496.974365234375,1455320.0
2023-08-28,1504.8035516177183,1529.4240285748144,1500.9627331689767,1525.73095703125,2132512.0
2023-08-29,1531.2951599146502,1540.6016518200543,1516.6213320738782,1537.15478515625,1325882.0
2023-08-30,1545.1810234476475,1564.8774036063173,1536.120736661525,1559.1654052734375,3140040.0
2023-08-31,1564.8282352453416,1565.8623433702858,1543.359251347047,1551.4840087890625,3512885.0
2023-09-01,1553.0595964927913,1580.1421195768444,1551.0899584503147,1567.7825927734375,2147299.0
2023-09-04,1581.5209115172029,1581.5209115172029,1540.453885649026,1552.46875,2200142.0
2023-09-05,1553.650496648228,1560.0518204213618,1541.4880055227075,1547.2984619140625,1078759.0
2023-09-06,1553.0595703125,1556.9003884740168,1535.037334440778,1553.0595703125,1301466.0
2023-09-07,1548.332381132234,1553.9459215531747,1536.563842188716,1541.9803466796875,1514369.0
2023-09-08,1541.3402949879464,1554.0444849731766,1536.3177417985776,1543.753173828125,1223910.0
2023-09-11,1543.8516874704019,1564.8775512298348,1540.2570737089122,1558.082275390625,1921950.0
2023-09-12,1558.180690667532,1565.3206289534437,1490.0805478797813,1534.298828125,3770868.0
2023-09-13,1540.2569564473572,1544.7870999228867,1506.8715674272196,1513.6175537109375,2382637.0
2023-09-14,1521.5453633860152,1551.4838851944544,1514.9962929564874,1542.2265625,2220196.0
2023-09-15,1555.669381382988,1586.2479396742337,1547.9877449776664,1576.793701171875,5425897.0
2023-09-18,1584.327713787963,1644.6478831551813,1577.7786427846586,1616.53125,6887528.0
2023-09-20,1595.5053270289918,1639.7237266437805,1595.5053270289918,1609.1943359375,6116670.0
2023-09-21,1612.936647592309,1631.0572214826257,1551.1884225807107,1559.2147216796875,2898266.0
2023-09-22,1556.0140919944465,1593.3879266868128,1542.3250832176439,1582.751953125,3827771.0
2023-09-25,1588.4638038085736,1595.4068260458248,1558.3283655822524,1565.320556640625,3231962.0
2023-09-26,1565.3206885468812,1582.2103603510318,1557.9838342537325,1570.9833984375,1479841.0
2023-09-27,1570.6387148393096,1575.3166055561126,1559.214837342763,1565.074462890625,1991198.0
2023-09-28,1571.7219183869247,1572.6575686168849,1520.5606167082524,1532.427734375,2369699.0
2023-09-29,1550.1052057991194,1552.5672534576313,1526.568006140311,1530.655029296875,1254881.0
2023-10-03,1572.9528965000889,1573.7407998058818,1509.776852306145,1514.060791015625,3436776.0
2023-10-04,1508.545858843956,1514.553230965569,1478.9519985014088,1498.9930419921875,2580901.0
2023-10-05,1509.7276107586022,1527.2574380180095,1490.0805187054607,1514.6024169921875,1991367.0
2023-10-06,1521.5455066483535,1530.408878531742,1516.9660737985012,1525.3370361328125,1743027.0
2023-10-09,1516.621314063754,1517.852337857637,1491.0160191509892,1492.19775390625,2123175.0
2023-10-10,1498.3529710429693,1520.4129429180837,1496.1371280688052,1514.5040283203125,1956653.0
2023-10-11,1516.621351440599,1535.480660471103,1516.621351440599,1532.6739501953125,1536986.0
2023-10-12,1535.3329313541212,1546.2152301731664,1531.9845224700173,1542.8668212890625,1731806.0
2023-10-13,1536.8101196991468,1550.4991284678724,1526.7650135271667,1538.73046875,1465554.0
2023-10-16,1539.124395813461,1553.3058138780348,1534.8404570796747,1550.6468505859375,1089610.0
2023-10-17,1551.0899630188733,1559.8548763771432,1544.7870972209507,1552.6656494140625,997962.0
2023-10-18,1552.6656940840137,1555.4724043401252,1538.0411551982374,1550.9422607421875,1212994.0
2023-10-19,1529.768637680068,1554.9308123366302,1529.768637680068,1545.7227783203125,1239578.0
2023-10-20,1542.2267083655042,1551.0900802526623,1521.643965161891,1534.5943603515625,1435102.0
2023-10-23,1524.7460607435405,1550.9915118942338,1523.0226274438141,1541.3895263671875,4069167.0
2023-10-25,1550.1051783843977,1552.6656838605315,1523.515064142734,1545.279541015625,2510769.0
2023-10-26,1530.408818921685,1534.5450108859563,1477.228589692746,1483.2359619140625,3343802.0
2023-10-27,1485.451745293294,1510.6630881706817,1484.4177574522314,1487.8646240234375,3341111.0
2023-10-30,1479.2966614762959,1492.4439716660613,1440.987176633503,1475.06201171875,2637486.0
2023-10-31,1471.5165651171974,1474.5696003224757,1433.453405300879,1436.45703125,2555737.0
2023-11-01,1442.6615069652976,1462.456346603158,1427.9876785014,1432.517822265625,2627536.0
2023-11-02,1442.7599482282985,1455.0701866944103,1430.4497097621868,1447.3885498046875,2091122.0
2023-11-03,1457.5321055724557,1465.5091153500618,1438.278846226171,1446.6990966796875,2456723.0
2023-11-06,1459.304853209898,1469.54687471283,1451.1800963990834,1465.7061767578125,1271868.0
2023-11-07,1465.6569727907151,1474.2741396053757,1452.6081201856575,1457.2860107421875,1940908.0
2023-11-08,1462.505645458706,1466.7895844795232,1451.623346369541,1464.8199462890625,1342202.0
2023-11-09,1464.8198298320535,1535.0373536091959,1464.8198298320535,1528.4884033203125,4831782.0
2023-11-10,1526.4694831822733,1527.4543022036812,1492.2963112262848,1500.962646484375,4872228.0
2023-11-13,1503.080086902333,1519.8712999239658,1490.0805234268025,1516.8675537109375,1968032.0
2023-11-15,1525.484599962513,1527.2573222133103,1510.2691948089505,1520.708251953125,2782942.0
2023-11-16,1520.7574924596104,1559.904048758485,1515.144072096072,1545.6734619140625,3224223.0
2023-11-17,1551.090046911422,1571.7712475369076,1548.775746122957,1560.4951171875,2035309.0
2023-11-20,1565.665401508038,1565.665401508038,1517.2122312595309,1528.6361083984375,2918577.0
2023-11-21,1529.4240045292213,1547.5446993281853,1525.6324751808734,1536.071533203125,2213144.0
2023-11-22,1536.3177243299597,1540.8971569747619,1511.697247978518,1520.0189208984375,1269475.0
2023-11-23,1532.9692506724596,1537.253189333006,1511.7956419056654,1522.3824462890625,1552635.0
2023-11-24,1525.4847795637377,1535.825380070787,1524.0075509198737,1529.6209716796875,1239270.0
2023-11-28,1529.6208582881961,1548.1355040056646,1518.7386802154026,1542.27587890625,2596766.0
2023-11-29,1552.0748305879513,1598.7552778356169,1543.4576638572123,1594.5205078125,3581220.0
2023-11-30,1590.5320607346189,1634.799629110719,1589.2024588384138,1622.735595703125,5214960.0
2023-12-01,1630.8603452543448,1640.7085357450112,1596.5885942599582,1600.8233642578125,2489755.0
2023-12-04,1637.6064243945018,1649.5720005614123,1614.5616332984475,1631.697509765625,3001010.0
2023-12-05,1635.6860002388369,1682.070953905562,1615.694125240796,1660.4542236328125,3423953.0
2023-12-06,1662.4729482603595,1684.483629110588,1658.5829612541622,1676.555908203125,2279220.0
2023-12-07,1677.146832557958,1680.1012896910606,1656.1209700041443,1666.9539794921875,2461051.0
2023-12-08,1673.2075401561603,1682.2186583681807,1637.310934423903,1643.2198486328125,1942667.0
2023-12-11,1648.5870224226076,1649.0301428901564,1622.0953670152749,1627.117919921875,2037178.0
2023-12-12,1637.754102220039,1644.6478356629375,1601.8082064106393,1610.5731201171875,2051527.0
2023-12-13,1614.1184613550738,1645.1402621681823,1604.8119691980103,1640.8563232421875,2247441.0
2023-12-14,1650.5567847817797,1683.8928867317002,1645.6819784028555,1677.6885986328125,3326228.0
2023-12-15,1701.6688380941696,1713.1911727403274,1672.222724844117,1698.7635498046875,3858594.0
2023-12-18,1693.888778450666,1705.5588602355112,1672.9613734843424,1684.8284912109375,1739425.0
2023-12-19,1693.888783732578,1697.680313071336,1665.6245247885595,1673.55224609375,1660221.0
2023-12-20,1684.0405189398548,1685.9608679359903,1615.6940551219038,1621.9476318359375,3047660.0
2023-12-21,1610.1790746893105,1628.0535636903035,1595.800741246221,1609.0465087890625,3211338.0
2023-12-22,1605.2550707451335,1626.9210901048837,1598.115132547034,1609.4405517578125,2751274.0
2023-12-26,1615.9896397795296,1643.6630316677085,1609.6867736733789,1637.0155029296875,1203594.0
2023-12-27,1644.6478629902358,1666.116967013145,1635.0458769637958,1662.3253173828125,1793638.0
2023-12-28,1663.3101171621838,1713.5358896407663,1662.7685388049726,1708.119384765625,2963938.0
2023-12-29,1703.7368634480451,1731.311795342002,1688.964578504854,1703.14599609375,2273255.0
