Date,Open,High,Low,Close,Volume
2013-01-01,38.120399799438964,38.26937403382096,37.64037794719579,37.69003677368164,6397127.0
2013-01-02,37.77278789214869,38.00452003249943,37.375526379904876,37.44173812866211,10823940.0
2013-01-03,37.673468847325395,37.98796790682928,37.4582874072094,37.789337158203125,7768126.0
2013-01-04,37.9052097590934,38.120391223563075,37.5907129090704,38.05418395996094,7374977.0
2013-01-07,38.07073541988151,38.120391991120485,37.59071366596268,37.87210464477539,5751436.0
2013-01-08,37.75623154710055,38.65006767704664,37.73968085549585,38.55075454711914,7147399.0
2013-01-09,38.650069132152986,38.716280881363836,38.1038379166878,38.2528076171875,8208348.0
2013-01-10,38.30247346266814,38.63352326980995,37.57416209089601,37.706581115722656,5482985.0
2013-01-11,37.77279302893637,37.80589890781711,37.35898076830309,37.45829391479492,7053838.0
2013-01-14,37.44173798375442,37.83899500431097,36.994819906747246,37.09413528442383,10369465.0
2013-01-15,37.24310996780902,37.44174073777242,36.69687871802224,36.76308822631836,7333310.0
2013-01-16,36.746532585093235,37.21000135415077,36.54790182974007,37.09413528442383,12729863.0
2013-01-17,37.11069098433687,37.42518783283039,36.829297767483425,37.29276657104492,8720890.0
2013-01-18,37.309319690848454,38.219708854191474,37.077585287940714,38.05418395996094,11437257.0
2013-01-21,37.85555532499662,38.10384268035298,37.47484669973843,37.706581115722656,5767870.0
2013-01-22,37.772780804299195,38.15348706284142,37.34241574350723,37.57415008544922,5102821.0
2013-01-23,37.73968994582681,37.93832074367551,36.92861830391612,37.12724685668945,4125262.0
2013-01-24,37.14379653842881,37.25966486785371,36.64722183245095,36.729984283447266,7597320.0
2013-01-25,36.51479426592994,36.96171004970503,36.51479426592994,36.74652862548828,5876853.0
2013-01-28,36.77964891055166,37.16035534723839,36.332730706549384,37.04448699951172,4530765.0
2013-01-29,36.9617168700675,37.54105399840288,36.81274491465341,37.11069107055664,8933771.0
2013-01-30,37.077600002645774,37.342440387534836,36.69689349285747,36.91207504272461,6691139.0
2013-01-31,36.81275073719801,37.06103811718393,36.28307234027331,36.4817008972168,10621030.0
2013-02-01,36.46514536045479,36.812748116706274,36.38238290635088,36.56446075439453,6533829.0
2013-02-04,36.597566473625534,36.978272862804445,36.58101353386227,36.812747955322266,4150438.0
2013-02-05,36.66377214517869,36.729981652217646,36.150644536745524,36.28306579589844,2184943.0
2013-02-06,36.43204419157765,36.63067274782506,36.08444141180043,36.20030975341797,2852740.0
2013-02-07,36.24995083504472,37.19344337038983,36.24995083504472,36.94515609741211,5059086.0
2013-02-08,37.07759112186735,37.342431443322184,36.614122243127945,36.82930374145508,5162866.0
2013-02-11,36.912063684977916,37.32587595745188,36.53135729233198,37.259666442871094,3760946.0
2013-02-12,36.97826589427721,38.18659883823279,36.87895051948876,37.35897445678711,9796530.0
2013-02-13,38.07073633287495,38.07073633287495,36.18375290441456,36.382381439208984,7821046.0
2013-02-14,36.415488526406854,36.54790755399896,34.37953082292034,34.991973876953125,14843823.0
2013-02-15,35.16341634592453,35.718098633318135,34.79363043412924,35.516395568847656,8479053.0
2013-02-18,35.38193105549212,36.77703680424268,35.38193105549212,36.39044189453125,8321446.0
2013-02-19,36.3904437450896,36.52491095187928,36.03746447751577,36.44086837768555,8484570.0
2013-02-20,36.47447582005756,36.86107063814662,36.10468768812884,36.356815338134766,7964693.0
2013-02-21,36.23916492204748,36.62575982319699,35.75171620346692,35.919803619384766,6464828.0
2013-02-22,36.17193537310416,36.81065804993628,35.97023227526201,36.65938186645508,14054231.0
2013-02-25,36.81065026189757,37.735118418449304,36.72660770221105,37.667884826660156,15983553.0
2013-02-26,37.617460813208275,37.617460813208275,37.04597181939112,37.298099517822266,17614848.0
2013-02-27,37.48299911117746,37.60065963293808,36.50810611299265,36.60895538330078,9561570.0
2013-02-28,36.84426191789702,36.97872907855652,34.30617431219942,35.062557220458984,11505348.0
2013-03-01,35.53320956386227,36.642572015773645,35.06256977345705,36.28959274291992,9664596.0
2013-03-04,36.3063997621192,36.81065518771527,35.734908455936484,36.45767593383789,5835406.0
2013-03-05,36.49129725998316,36.642573445738044,35.802147658432204,36.50810623168945,4342564.0
2013-03-06,36.508099526273696,36.642566715624795,36.087886709800955,36.18873596191406,2348098.0
2013-03-07,36.020655075035286,36.5753374259469,36.020655075035286,36.373634338378906,3784471.0
2013-03-08,36.60895246448905,37.02916532327241,36.32320908839676,36.97874069213867,5865486.0
2013-03-11,36.96192499568401,37.23086163232578,36.64256373708452,37.11320114135742,3872022.0
2013-03-12,37.18044287952487,37.18044287952487,36.34001718222826,36.72661209106445,5729772.0
2013-03-13,36.67618412028718,37.06277899390818,36.575332589838105,36.911502838134766,4784709.0
2013-03-14,36.84426966621356,36.97873685515139,36.558524039970145,36.86107635498047,4923712.0
2013-03-15,36.77703769882796,36.995549753815354,36.457676381324035,36.64257049560547,4917271.0
2013-03-18,36.60895735271045,36.64257529782223,36.47449013186527,36.55853271484375,3593844.0
2013-03-19,36.62575495320654,36.77703109963735,35.3146896979389,36.003841400146484,5195989.0
2013-03-20,35.81895427062346,35.93661479250476,34.89448590664441,35.07938003540039,5025753.0
2013-03-21,34.961717243464264,35.3987367711771,33.9027795237433,34.1549072265625,4921271.0
2013-03-22,34.17171049778969,34.69277478602015,33.90277387033524,34.44064712524414,8653798.0
2013-03-25,34.760011648218295,35.1466065192486,34.6255444617209,34.928096771240234,4166875.0
2013-03-26,34.7936305122672,35.398735147436675,34.7936305122672,35.29788589477539,3767435.0
2013-03-28,35.28107490480064,35.76852129067251,34.99532929249628,35.56681823730469,4534130.0
2013-04-01,35.38193413784646,35.78533805264517,35.21384898336359,35.46597671508789,1691135.0
2013-04-02,35.61724899131351,36.188737997908575,35.331503348115696,35.80214309692383,4652635.0
2013-04-03,35.58363343029688,35.83576115121545,35.48278188596931,35.7012939453125,2361750.0
2013-04-04,35.55001168545153,35.78533039541463,34.894477899396726,35.129798889160156,3713922.0
2013-04-05,34.87767683680341,35.29788970087089,34.87767683680341,35.18022918701172,8205260.0
2013-04-08,35.29788782570267,35.634058099097906,34.79363241560981,35.012142181396484,3096875.0
2013-04-09,35.14660747226947,35.70128976116264,34.55830952574065,34.72639465332031,2293912.0
2013-04-10,34.81044235488475,35.23065523585435,34.59193256870086,35.163421630859375,1905585.0
2013-04-11,35.2306490560393,35.2306490560393,34.675969062376254,34.8104362487793,3329986.0
2013-04-12,34.6423576342812,35.5836349553454,34.6423576342812,35.46597671508789,1819318.0
2013-04-15,35.29788682894211,35.29788682894211,34.84405606075382,34.97852325439453,2619515.0
2013-04-16,34.97852496465029,36.272781455876256,34.961718274473824,35.93661117553711,2546545.0
2013-04-17,35.93661117553711,36.35682402596104,35.71810140523691,35.93661117553711,3775629.0
2013-04-18,35.68448066009598,36.27277860444289,35.38192834349488,35.9702262878418,5080676.0
2013-04-22,35.71810675904351,37.18044860963027,35.71810675904351,36.777042388916016,5577118.0
2013-04-23,36.642580361026404,36.978750739391735,36.541728791556544,36.877899169921875,2951714.0
2013-04-25,36.67617514040163,37.75191921560302,36.30638704589498,36.92830276489258,7103973.0
2013-04-26,37.06278468749016,37.214060866502614,36.81065696253583,37.079593658447266,3417359.0
2013-04-29,36.82746398488796,37.44937763898834,36.82746398488796,37.1300163269043,5263605.0
2013-04-30,37.045967052481245,38.037668749409214,36.81064835351871,37.71830749511719,5652599.0
2013-05-02,37.41575743229145,38.82767198980798,37.398948464266184,38.62596893310547,7787838.0
2013-05-03,38.28980759497599,38.72683174604873,37.533424376167304,37.651084899902344,3489204.0
2013-05-06,37.49980209844964,37.970439550784064,37.24767440331323,37.684696197509766,1570856.0
2013-05-07,37.61746164188528,38.23937755696919,37.113206233914724,37.88639831542969,4295563.0
2013-05-08,37.86959155508294,38.71001728406209,37.86959155508294,38.5755500793457,4623152.0
2013-05-09,38.65959373891497,38.72682962296378,37.92001953258499,38.155338287353516,3439496.0
2013-05-10,37.93682291874466,38.50830961062224,37.65107729300544,37.76873779296875,3388720.0
2013-05-13,37.51660673020654,37.98724412813161,37.44937086210277,37.71830749511719,3486486.0
2013-05-14,37.7519324626761,38.710016404051395,37.7519324626761,38.44108200073242,5187764.0
2013-05-15,38.52511785689046,38.86128808224621,37.987244584401154,38.23937225341797,7598979.0
2013-05-16,38.071292784317144,38.743633334694444,38.05448381459759,38.28980255126953,7843384.0
2013-05-17,38.32342965184917,39.298322771022306,38.23938706296179,39.012577056884766,4225774.0
2013-05-20,38.995761934639205,39.02937987484863,38.32342136885581,38.42427062988281,6051683.0
2013-05-21,38.357038064082545,38.625972457826386,37.60065495212671,37.88639831542969,3901355.0
2013-05-22,37.98724361768315,38.020861551283296,37.61745546728227,37.86958312988281,4300192.0
2013-05-23,37.70151671158227,37.9368378038407,36.64258091562463,36.84428405761719,5416658.0
2013-05-24,37.24767746970804,37.24767746970804,36.340018148454526,36.64257049560547,4295474.0
2013-05-27,36.70980191928052,37.886397856974064,36.64256832165814,37.70150375366211,1976291.0
2013-05-28,37.76873964783403,38.22256814183676,37.61746120336592,37.81916427612305,3947350.0
2013-05-29,37.97044416582082,38.30661674666256,37.7183164400401,38.155338287353516,4123634.0
2013-05-30,38.05448188834089,38.65958880901104,37.701502661299926,38.4578857421875,4814631.0
2013-05-31,38.64278273605788,38.65958942539408,37.869588394173434,38.08810043334961,8210037.0
2013-06-03,38.10491674604457,38.12172343861975,37.19725503574343,37.44938278198242,2337051.0
2013-06-04,37.38214474405195,38.272997376448046,37.38214474405195,38.05448532104492,6339450.0
2013-06-05,37.83598229613326,37.9536405502192,37.634279175127254,37.802364349365234,2941759.0
2013-06-06,37.55022433117889,37.85277891393057,37.55022433117889,37.667884826660156,3741327.0
2013-06-07,37.33172367702597,37.88640379408421,37.130020572749764,37.1972541809082,3373193.0
2013-06-10,37.31491097916536,37.48299612267871,36.91150709069347,36.97874069213867,4178032.0
2013-06-11,36.76023309096978,37.600658858227355,36.07108350585841,36.255977630615234,4988953.0
2013-06-12,36.306400299072266,36.77703779133549,36.037463612150134,36.306400299072266,1985386.0
2013-06-13,36.054273760069485,36.440868692783184,35.41554882279373,35.550018310546875,3320850.0
2013-06-14,35.71811059462319,36.810664286812454,35.63406800291632,36.67619705200195,5440747.0
2013-06-17,36.65937999913344,36.79384720431163,35.97023044304364,36.373634338378906,1761508.0
2013-06-18,36.30640117089587,36.87789021945311,36.08789138991245,36.44086837768555,2599492.0
2013-06-19,36.28958562895599,36.37362818793171,35.91979973734303,36.138309478759766,3158484.0
2013-06-20,36.03746036898071,36.071078306745804,35.482778074659485,35.5836296081543,3936637.0
2013-06-21,35.51640349027854,36.18874414873562,35.297893688200375,36.03746795654297,8100913.0
2013-06-24,35.835759719835146,36.474484621863496,35.31469532812272,35.600440979003906,7726193.0
2013-06-25,35.70128930357056,35.97022596021109,34.306181394660506,34.65916061401367,5865050.0
2013-06-26,34.55831315275238,35.7685271102622,34.44065491897826,35.63405990600586,9917951.0
2013-06-27,35.802147775812905,36.30640324984966,35.58363570251646,35.81895446777344,10124040.0
2013-06-28,35.97024211523419,37.68471207649819,35.97024211523419,37.415775299072266,13955319.0
2013-07-01,37.146828338137254,38.088105661183526,37.146828338137254,37.953636169433594,4880398.0
2013-07-02,37.68469912586121,37.920017870314254,37.18044369640441,37.43257141113281,4836103.0
2013-07-03,37.2308661479555,37.2308661479555,36.239164317370935,36.407249450683594,3203552.0
2013-07-04,36.4744815890357,36.81065184221389,35.71809851938477,36.18873596191406,5239017.0
2013-07-05,36.30639942076675,36.60895176135954,35.90299554004283,36.171932220458984,2878063.0
2013-07-08,36.13831532352461,36.13831532352461,35.230653715947604,35.398738861083984,5074736.0
2013-07-09,35.73489593987564,36.978727377870825,35.58361982114104,36.92830276489258,5626482.0
2013-07-10,37.130007254112954,37.348519251998134,36.25596610197246,36.356815338134766,6811029.0
2013-07-11,36.96193173187199,37.44937819223303,36.69299504621742,37.09640121459961,5779104.0
2013-07-12,37.214060866502614,37.230869837459714,36.32321048358426,37.079593658447266,3580274.0
2013-07-15,36.96193030895313,37.298100583129674,36.65937797411447,36.995548248291016,2918182.0
2013-07-16,36.40725958831901,37.2813011570422,36.40725958831901,37.045982360839844,2477162.0
2013-07-17,37.01234620211923,37.71830219989869,36.911494693922194,37.281280517578125,9890923.0
2013-07-18,37.16363471583686,37.55022963305974,37.0627831740133,37.314910888671875,5820812.0
2013-07-19,37.58384758400972,37.58384758400972,37.18044369640441,37.43257141113281,4552788.0
2013-07-22,37.21405739223943,37.583845599569734,37.0795901967378,37.365333557128906,2515956.0
2013-07-23,37.73512572527793,37.73512572527793,36.70980584260483,37.02916717529297,5415186.0
2013-07-24,36.67618834573492,37.19725046678575,36.55852783335531,36.97874069213867,2594203.0
2013-07-25,37.18044563586173,37.56704057335778,35.734910593587465,37.02916717529297,4206471.0
2013-07-26,37.146826030511704,37.230868602709236,36.323209278936034,36.4240608215332,5399927.0
2013-07-29,36.709805185801976,36.86108136386336,36.08789150270499,36.34001922607422,2056881.0
2013-07-30,36.34002131575057,36.373636979585704,35.18023189771966,35.482784271240234,1322467.0
2013-07-31,34.99534668829453,35.29790141874286,33.028748919685455,33.98683547973633,6050144.0
2013-08-01,33.8859657904088,34.944903361259186,33.280858932751464,34.57511520385742,4448345.0
2013-08-02,33.28086960005316,33.73470045870968,29.095549436113394,30.70916748046875,31014744.0
2013-08-05,30.91087508137215,31.86896164624646,29.482150862055192,31.36470603942871,15799229.0
2013-08-06,31.263843981665627,32.10426971129637,31.078952144987426,31.44873809814453,14382559.0
2013-08-07,31.600024866650035,31.919388574809116,31.112578236019836,31.36470603942871,5717703.0
2013-08-08,31.53277622934216,32.60852055577802,31.431924700032468,32.2723503112793,6778874.0
2013-08-12,32.44044229369757,32.74299694560778,31.801719605999672,31.969804763793945,9452703.0
2013-08-13,31.919380496430485,32.44044266776029,31.600016869098173,32.322784423828125,2256717.0
2013-08-14,32.272351243266655,32.99511865769182,32.12107508483363,32.64213943481445,9066232.0
2013-08-16,32.642149736091326,33.29768148270881,32.10427624769684,32.9447021484375,16654810.0
2013-08-19,32.64214422563971,32.843847319687626,31.85214310038629,32.4404411315918,5042098.0
2013-08-20,32.44044789967706,32.60853308651785,31.88576769502294,32.423641204833984,5439143.0
2013-08-21,32.59171667460483,33.23043928224715,32.49086513660853,32.81022644042969,17512680.0
2013-08-22,32.60852898429213,33.196827064225694,32.28916762543124,32.97831726074219,11299648.0
2013-08-23,32.87745666503906,33.011926128500775,32.47405283425462,32.87745666503906,19297499.0
2013-08-26,32.84384058952835,33.09596826552338,32.67575547219832,32.92788314819336,24410353.0
2013-08-27,32.94469871328219,34.70959520061237,31.86895412846264,32.1715087890625,13466053.0
2013-08-28,31.936186005597268,32.54129301418007,30.9781019984919,31.549591064453125,11398478.0
2013-08-29,31.515979626064425,33.1127889139219,31.515979626064425,32.70938491821289,15533827.0
2013-08-30,32.57490630234778,33.062352721907246,31.532777587592655,32.82703399658203,8242572.0
2013-09-02,32.843841408760404,33.44894602240152,32.67575628723779,33.280860900878906,15403306.0
2013-09-03,33.44895170597364,33.617039135857674,31.650441967963072,32.15469741821289,4877060.0
2013-09-04,31.801724141647405,32.574916433736014,31.650447934017308,32.39002227783203,4850453.0
2013-09-05,33.1860690518906,34.17263710801614,32.318570310036364,32.726806640625,9746210.0
2013-09-06,32.64176331586594,34.15563265895464,32.35259625059251,33.662349700927734,7041237.0
2013-09-10,33.764407315709896,35.22724829799589,33.764407315709896,34.784996032714844,8723482.0
2013-09-11,34.66592771214004,35.00612319208691,33.356174191505275,33.679359436035156,5150080.0
2013-09-12,33.84945717600859,34.24068336220645,33.424212826075,33.679359436035156,5409563.0
2013-09-13,33.50925884183597,34.08759295416336,33.492250914965915,33.934505462646484,6331674.0
2013-09-16,33.93449408685267,35.36331404052642,33.74738619012339,34.88703918457031,14084730.0
2013-09-17,34.716949820970044,34.88704753012368,33.5262658568946,34.546852111816406,5923058.0
2013-09-18,34.18965630591043,34.52985179921906,33.64534259377729,34.155635833740234,4635243.0
2013-09-19,34.972104094841605,35.43136893364759,33.76440963217631,34.155635833740234,10203659.0
2013-09-20,34.27470469534746,34.88705472897916,34.189655823221024,34.56386947631836,15290056.0
2013-09-23,34.05357134333378,34.325728156395336,33.62832704389321,33.764404296875,3730187.0
2013-09-24,33.52626664802004,33.96852116367502,33.35616893485258,33.730384826660156,8304198.0
2013-09-25,33.67935601408717,34.30871851088261,33.407201503460186,34.18965148925781,5150528.0
2013-09-26,34.01955652342347,34.104605391661046,33.52627124196696,33.78141784667969,6791644.0
2013-09-27,33.781416728259394,34.15563265895464,33.52627013199395,33.662349700927734,4575709.0
2013-09-30,33.407197534603114,33.66234408832739,32.913912351724655,33.35616683959961,5763141.0
2013-10-01,33.424212826075,33.74740037770313,33.30514579235255,33.679359436035156,4024187.0
2013-10-03,34.01955513671631,34.104604001487125,33.54328010974091,33.98553466796875,11166670.0
2013-10-04,33.84945225567292,33.84945225567292,33.237102326457965,33.32215118408203,16408671.0
2013-10-07,33.18606913711676,33.407197534603114,32.84587373215106,33.35616683959961,3643908.0
2013-10-08,33.54327892403602,33.611317552027984,33.23710394452318,33.42420959472656,7001377.0
2013-10-09,33.16906572363446,33.81543851019539,33.16906572363446,33.69636917114258,5815351.0
2013-10-10,33.696365670384104,33.866463390160334,33.42420885732255,33.764404296875,4045318.0
2013-10-11,33.86646559368121,33.98553492811101,33.560290601001924,33.662349700927734,2594571.0
2013-10-14,33.67935475811759,33.98553203180202,33.44121841665054,33.86646270751953,3588795.0
2013-10-15,33.90048606268919,34.070583793532826,33.42421103206814,33.662349700927734,6566169.0
2013-10-17,33.59430687443889,33.95151255055016,33.01597508350056,33.20308303833008,7117518.0
2013-10-18,33.50925375835382,34.01954916449306,33.015970890699876,33.849449157714844,15690831.0
2013-10-21,33.849449157714844,34.00253893310547,33.69636168942192,33.849449157714844,2023039.0
2013-10-22,33.78140707778897,35.2442476065683,33.78140707778897,34.682926177978516,9232804.0
2013-10-23,35.00611707330707,35.14219431866134,34.12160805721076,34.22366714477539,3579487.0
2013-10-24,34.359752703027155,34.54685837131933,33.40720489775626,33.679359436035156,7207079.0
2013-10-25,33.883486260010876,34.27471254565829,33.44123156223933,34.08760452270508,5281406.0
2013-10-28,34.12161809346104,34.32573632862794,33.4412270523694,33.59431457519531,5287076.0
2013-10-29,33.543283484365034,34.34274381647965,33.33916526554052,34.155635833740234,7086272.0
2013-10-30,34.24067723836055,34.27469770311008,34.01955113878215,34.070579528808594,3289474.0
2013-10-31,34.342732621994536,34.87003592616083,33.62832139607923,34.46179962158203,8249061.0
2013-11-01,34.46180500711229,34.66592319130033,33.203082356880586,33.30514144897461,9616570.0
2013-11-05,33.25410890249798,33.35616798892381,32.165484030517504,32.36960220336914,17767298.0
2013-11-06,32.42063873948543,32.91392175621179,32.42063873948543,32.74382400512695,9564186.0
2013-11-07,32.62475361788038,32.74382064717012,32.16548881421065,32.33558654785156,9949028.0
2013-11-08,32.06341773218521,32.81184932623403,31.859301912342413,32.6757698059082,6427427.0
2013-11-11,32.62474392066294,32.79484160374486,32.04641225960391,32.641754150390625,7123880.0
2013-11-12,32.6417631573565,32.726812022365316,32.25053699405707,32.437644958496094,5714533.0
2013-11-13,32.267543884537204,32.743816556390364,32.16548479568356,32.65876770019531,4914428.0
2013-11-14,32.69278816551248,32.89690634321977,32.573718844000254,32.65876770019531,2329910.0
2013-11-18,32.76083323933406,32.89691282029761,32.556717328536244,32.7778434753418,4220710.0
2013-11-19,32.5226945162762,32.77784111673756,32.097450182173915,32.33558654785156,6280476.0
2013-11-20,32.18250244293134,32.47166954345545,31.8252967031952,31.893335342407227,5017948.0
2013-11-21,31.978358152382743,32.046399043232505,31.536106204438468,31.774242401123047,4281191.0
2013-11-22,31.70621870250378,32.046414088078166,31.70621870250378,31.944355010986328,7516975.0
2013-11-25,31.876320021715685,32.18249498072573,31.876320021715685,32.0294075012207,8325845.0
2013-11-26,31.8933254578765,32.19950270008632,31.757248221626156,32.06342315673828,7679212.0
2013-11-27,31.89332747611884,32.21651497008601,31.246957102380186,31.349016189575195,4670852.0
2013-11-28,31.38303769046485,32.31857519306885,31.178921801428285,32.21651840209961,21937834.0
2013-11-29,32.097438332599545,32.522682509712276,31.77425321941334,32.35258483886719,19972565.0
2013-12-02,31.332003511299973,32.216512455144866,31.332003511299973,31.842296600341797,12138526.0
2013-12-03,31.80828646661759,31.978384218196858,31.70622966134876,31.893335342407227,10819239.0
2013-12-04,31.842298983034617,32.62474890620071,31.74023989616985,32.52268981933594,21813713.0
2013-12-05,32.828868555587526,32.879899258448916,32.36960607242363,32.76082992553711,14177075.0
2013-12-06,32.64176331586594,33.98553492811101,32.64176331586594,33.662349700927734,25973812.0
2013-12-09,33.849447471811416,34.64890754333105,33.509252089394145,34.46179962158203,30640399.0
2013-12-10,34.46180462958811,34.52984556163737,32.99896381119358,33.47523880004883,28724268.0
2013-12-11,33.16905939947587,33.50925480950851,33.04999239022311,33.33915710449219,7491141.0
2013-12-12,33.237102326457965,33.4072000417061,33.1350432358895,33.32215118408203,9916532.0
2013-12-13,33.067002974997365,33.39018815655748,33.01597227868926,33.16905975341797,12252500.0
2013-12-16,32.998968476141414,33.815439012272854,32.93092984157169,33.679359436035156,21800566.0
2013-12-17,33.47524192488766,33.76440668469823,33.288133958481914,33.577301025390625,18137305.0
2013-12-18,32.31857820955817,34.597889819777485,32.23352933774695,34.01955795288086,156704650.0
2013-12-19,33.169062277658206,34.35974862318977,32.743817978217635,33.764404296875,508752991.0
2013-12-20,33.61132290799165,34.104608230508944,33.42421492087458,33.8154411315918,55032517.0
2013-12-23,33.67935327476525,33.985530534964596,33.52626579821449,33.9174919128418,27772323.0
2013-12-24,33.84944550911416,33.917486427330466,33.49224222396587,33.52626037597656,16656973.0
2013-12-26,33.37318442692227,33.88347764684258,33.118037816962115,33.679359436035156,58569185.0
2013-12-27,33.679354576944924,34.05357047373577,33.40720007793113,33.95151138305664,17259233.0
2013-12-30,33.815439012272854,34.08759585765001,33.54328216689571,33.679359436035156,10546799.0
2013-12-31,33.713377839282536,34.01955513671631,33.628328974511724,33.98553466796875,12881038.0
2014-01-01,33.96851847033028,33.985528701717875,33.73038215219711,33.849449157714844,3186233.0
2014-01-02,34.05355682198582,34.8360064607186,34.01953867679561,34.66590881347656,29730385.0
2014-01-03,34.66592450645317,34.955091560506965,34.070582471599636,34.2576904296875,10720086.0
2014-01-06,34.359750595799554,34.359750595799554,33.713377839282536,33.98553466796875,6603244.0
2014-01-07,33.98552872864362,34.01954919144576,33.5262640163033,33.61131286621094,12753362.0
2014-01-08,33.526275932505854,33.84946121560468,33.50926569505886,33.59431457519531,10653844.0
2014-01-09,33.594294517342135,33.849441005413404,33.50924568798504,33.62831497192383,12969982.0
2014-01-10,33.84945652245237,33.84945652245237,32.845880337405525,33.15205764770508,21668655.0
2014-01-13,32.93092307387258,33.47523665276391,32.93092307387258,33.33915710449219,11775173.0
2014-01-14,33.305145149305744,33.5092610490739,33.049998544271894,33.15205764770508,6262293.0
2014-01-15,33.18606998552067,33.8494505807436,33.03298251079196,33.16905975341797,8229009.0
2014-01-16,33.30514257251514,33.56028915780852,33.22009371075068,33.42420959472656,15169976.0
2014-01-17,33.33915379538326,33.424202639449824,32.8969016519152,33.084007263183594,11229974.0
2014-01-20,32.99895758930198,33.645330172212205,32.99895758930198,33.50925064086914,13050752.0
2014-01-21,33.39018698109546,33.59430283784881,33.237099511756014,33.28812789916992,11629511.0
2014-01-22,33.30513034230547,33.645325664437806,33.28812011477942,33.3731689453125,12315468.0
2014-01-23,33.33915660793178,33.49224638584454,33.20307936878459,33.35616683959961,5617086.0
2014-01-24,33.27110988725336,33.57728706143077,33.25409965972731,33.3731689453125,11973294.0
2014-01-27,33.13504566099897,33.64533884409105,32.60774224371753,32.84587860107422,12637443.0
2014-01-28,32.845874289527885,32.998961762940716,32.76082543684323,32.862884521484375,7516995.0
2014-01-29,32.89691240642673,32.981961278297085,32.45465781128122,32.55671691894531,5177129.0
2014-01-30,32.55671028399014,32.76082615062184,32.31857164560641,32.52268981933594,28308126.0
2014-01-31,32.65876422873341,32.65876422873341,32.386609763516184,32.48866653442383,15088682.0
2014-02-03,32.369601706483735,32.879894823681816,32.30156308561021,32.38661193847656,4482727.0
2014-02-04,32.33558585906589,32.726812022365316,32.25053699405707,32.437644958496094,8237100.0
2014-02-05,32.21651122929985,32.94793037292341,32.21651122929985,32.913909912109375,8121381.0
2014-02-06,32.6587657141284,32.828863416174414,32.403619161059375,32.726806640625,8396200.0
2014-02-07,32.726807561334546,33.28812907103907,32.59072801161074,33.16905975341797,6497909.0
2014-02-10,33.11803172124853,33.33915781967417,32.89690562282289,32.99896240234375,3792896.0
2014-02-11,33.03298294656193,33.1350420334267,32.48866935468174,32.52268981933594,5013980.0
2014-02-12,32.624755555021935,32.77784306296891,32.437647575487496,32.55671691894531,5538187.0
2014-02-13,32.505680947279245,32.62475027145382,32.28455483906695,32.318572998046875,6549052.0
2014-02-14,32.38661374773881,32.43764213947018,32.30156489012125,32.403621673583984,14754417.0
2014-02-17,32.3525926051386,32.60773917265442,32.3525926051386,32.505680084228516,4752663.0
2014-02-18,32.53970848767706,32.692796004113674,32.488677777465895,32.573726654052734,4866082.0
2014-02-19,32.50568346788852,32.6077425669382,32.165488009121646,32.2845573425293,2804777.0
2014-02-20,32.18248716802209,32.539692738216246,32.063417875591604,32.35258483886719,5141168.0
2014-02-21,32.40361355061792,32.55670330163119,32.352585171678385,32.420623779296875,4456386.0
2014-02-24,32.403625179888294,32.403625179888294,31.995391080569735,32.33558654785156,5118446.0
2014-02-25,32.352585171678385,32.52268284427328,32.2845465640599,32.420623779296875,4052135.0
2014-02-26,32.488668716237946,32.72680734994195,32.26754262162456,32.38661193847656,21051173.0
2014-02-28,32.33558359833006,32.45465292385695,31.723231351659447,32.148475646972656,27401493.0
2014-03-03,32.01240020596496,32.420634291136174,31.927351342091868,32.21651840209961,15373777.0
2014-03-04,32.482028546250014,33.30959499074195,32.37858215607389,33.15442657470703,9410466.0
2014-03-05,33.17167045692853,33.32683888431843,32.895814175758325,33.223392486572266,5385763.0
2014-03-06,33.22338668265516,33.89578464285348,33.15442320902478,33.65441131591797,7952223.0
2014-03-07,33.53373045751082,34.29233584059349,33.53373045751082,34.13716506958008,13092149.0
2014-03-10,34.05095965189069,34.24061099502632,33.68890076044666,34.102684020996094,11546535.0
2014-03-11,33.930257974070635,34.171631232892686,33.844053071744355,34.085426330566406,7773473.0
2014-03-12,33.91302255266675,34.05094948551702,33.723371266154096,33.964744567871094,15253272.0
2014-03-13,33.98199421926685,34.481984733032114,33.826825797752186,34.068199157714844,12326297.0
2014-03-14,33.8957910754441,34.48198655869369,33.79234467613778,33.91303253173828,11859122.0
2014-03-18,33.964751630221855,35.15438161186401,33.964751630221855,34.981971740722656,15512927.0
2014-03-19,34.947488095154014,35.67161047408185,34.947488095154014,35.27506637573242,12921191.0
2014-03-20,35.06816919391557,35.24057902827042,34.13715421763299,34.2406005859375,6054665.0
2014-03-21,34.413009084645324,35.464709501082595,34.32680417081371,34.77507019042969,21508819.0
2014-03-24,34.826804271127784,35.93022700873645,34.826804271127784,35.58540725708008,9956813.0
2014-03-25,35.37851230493933,36.53365933765706,35.37851230493933,36.41297149658203,14139614.0
2014-03-26,36.55089888557645,36.723308741858254,35.723330172348774,35.86125946044922,6805235.0
2014-03-27,35.861253338061736,36.6888195715454,35.861253338061736,36.378482818603516,20892387.0
2014-03-28,36.32677318931733,37.32675199335911,36.13712183523536,37.05089569091797,6967406.0
2014-03-31,36.964684336788245,37.34398697922118,36.05091063945745,36.20608139038086,6602071.0
2014-04-01,36.378486514272616,37.74052381704295,36.24055723570789,37.240535736083984,13292951.0
2014-04-02,37.292262626370345,37.61984324422473,36.98192580135496,37.37846755981445,8823613.0
2014-04-03,37.27502787355329,37.79225753476053,36.8612422738205,37.48191833496094,6355761.0
2014-04-04,37.499153402989684,37.499153402989684,36.67158468296777,36.757789611816406,7240495.0
2014-04-07,36.79227309579675,37.32674413073271,36.48193394399922,36.861236572265625,6247841.0
2014-04-09,36.91295564645975,37.03364112838004,36.39572380087975,36.80950927734375,6654828.0
2014-04-10,36.86123072167802,37.30949675526483,36.619857423118354,37.17156982421875,9464658.0
2014-04-11,36.964681757055544,37.22329653926809,36.94744030388304,37.119850158691406,6290384.0
2014-04-15,36.98192710232647,37.30950539324611,36.82675868436017,37.188819885253906,9004170.0
2014-04-16,37.1543340439588,37.30950244968296,36.44745315292831,37.13709259033203,10220793.0
2014-04-17,37.050880817073065,37.06812226751521,36.60261479786717,36.96467590332031,10918544.0
2014-04-21,36.82675860746398,37.309505315341916,36.46469740732625,36.533660888671875,4950498.0
2014-04-22,36.61986582496854,36.723312216216264,35.981948360989755,36.533660888671875,8749084.0
2014-04-23,36.516417883437995,36.87847906820463,36.27504453974639,36.41297149658203,11101407.0
2014-04-24,36.41297149658203,36.41297149658203,36.41297149658203,36.41297149658203,0.0
2014-04-25,36.34399991785089,36.65433667079278,36.06814372720368,36.378482818603516,5635586.0
2014-04-28,36.29228897691591,36.72331367552733,36.137118214648886,36.585384368896484,4189566.0
2014-04-29,36.82675704400588,37.03364747925935,36.25780308552732,36.41297149658203,8984063.0
2014-04-30,36.464690665747405,37.206052045452736,36.171593001143094,36.481929779052734,9560866.0
2014-05-02,36.41296828787158,36.70606596839263,35.895738737628484,36.050907135009766,2642603.0
2014-05-05,35.96469860936634,36.41296464239054,35.84401312946698,36.24055480957031,1955739.0
2014-05-06,36.17160262248512,36.257807565774044,35.17162621571707,35.34403610229492,4306301.0
2014-05-07,35.41299958923431,35.740577906040485,35.17162621571707,35.34403610229492,6851875.0
2014-05-08,35.65435937949555,36.10262538151364,35.34402263726803,35.70608139038086,6511390.0
2014-05-09,35.79229498649906,36.981924910125535,35.70609005513241,36.843997955322266,19808139.0
2014-05-12,36.70607406077955,38.96464406246724,36.70607406077955,38.44741439819336,8560913.0
2014-05-13,38.75774733648484,39.75772365076601,38.654303284872576,38.91291809082031,14210275.0
2014-05-14,38.94739792139404,39.309459110528984,38.447409773759354,38.61981964111328,8786547.0
2014-05-15,38.46464776847139,39.86116803611942,37.32674227859305,39.46462631225586,17562208.0
2014-05-16,40.36114553359002,43.326595313351746,40.36114553359002,41.205955505371094,35379329.0
2014-05-19,41.481820248994865,43.17144063685456,41.481820248994865,42.15422058105469,25035487.0
2014-05-20,42.74041343746576,43.999004418798556,42.395593734255876,43.067989349365234,22538200.0
2014-05-21,42.75765198822308,43.39556936613558,42.412832289558644,42.91282272338867,10213784.0
2014-05-22,42.79214599726068,43.77488332884019,42.46456532776162,43.24040985107422,17055437.0
2014-05-23,43.44727958928775,45.51619721954762,41.39560106851396,45.11965560913086,22941667.0
2014-05-26,45.41275994735054,46.48170181698225,42.41282706756408,44.18865203857422,23747350.0
2014-05-27,43.309376971437295,44.309353451487105,42.75766435857324,43.75764083862305,11091241.0
2014-05-28,43.79211216750625,43.79211216750625,42.86110176423166,43.050750732421875,13246147.0
2014-05-29,43.39557053991346,43.792112268720054,42.89558009255952,43.11971664428711,14803509.0
2014-05-30,43.274892945143236,43.61971273471541,41.43010613554856,42.068023681640625,69911271.0
2014-06-02,42.171467599254065,43.567985716459724,42.13698468885896,43.171443939208984,13367356.0
2014-06-03,43.10248523378697,43.63695874084914,42.60249931973031,43.188690185546875,18372713.0
2014-06-04,43.18867650937205,43.41280837759035,42.68869075364144,42.84385681152344,23251745.0
2014-06-05,43.34385988666339,44.309353451487105,43.274894056211195,43.75764083862305,19424103.0
2014-06-06,44.10245142028876,44.27486596038716,43.464538668050544,44.171417236328125,14951210.0
2014-06-09,44.43002520768275,49.17129571702637,44.188654242447676,47.360992431640625,41900147.0
2014-06-10,48.06787215215023,48.619579848859026,46.37825213100315,46.87824249267578,22963428.0
2014-06-11,46.878257129644005,47.29204270828919,45.36105113614046,46.119651794433594,14529763.0
2014-06-12,46.06792210159991,47.42996178418474,45.585175458110925,47.0506591796875,15766959.0
2014-06-13,47.343762261976394,47.75754314207811,44.82657536446025,45.998966217041016,10439654.0
2014-06-16,45.861027366531104,45.861027366531104,44.705885165639025,45.44724655151367,11540459.0
2014-06-17,45.18863417128022,46.481708055617226,45.18863417128022,46.03343963623047,16756330.0
2014-06-18,46.20585682339369,47.067906216482484,45.3438074303049,46.18861770629883,13262126.0
2014-06-19,46.20585364304745,46.55067337654904,45.067950393258975,45.240360260009766,4904553.0
2014-06-20,45.481728673163694,45.98171440065921,45.05070407519366,45.61965560913086,9100975.0
2014-06-23,45.51621043875777,46.033439996541006,45.08518580727174,45.309322357177734,9955400.0
2014-06-24,45.84378560235095,46.05067833635507,45.48172682553074,45.654136657714844,10866416.0
2014-06-25,45.51620505043475,45.947229630895,45.30931699334664,45.654136657714844,14393130.0
2014-06-26,45.87827380474028,46.033439865483544,45.37828336287333,45.70586395263672,19577916.0
2014-06-27,45.861038684821814,47.378249411741805,45.34380903071294,47.08515167236328,21315448.0
2014-06-30,47.516154844239914,48.34372098028083,47.34374503769325,47.9989013671875,33365772.0
2014-07-01,48.274784088134766,48.84374053189492,47.74031523862942,48.274784088134766,17681327.0
2014-07-02,48.48165445770262,49.22302046781468,48.48165445770262,48.72303009033203,15633096.0
2014-07-03,48.87820251804056,48.96440744425609,47.981675026932265,48.44717788696289,10773481.0
2014-07-04,48.412705480930605,50.44714104892908,48.119607761161646,49.723018646240234,11771805.0
2014-07-07,50.171282424525444,50.67126820374295,49.671291968391245,50.360931396484375,13259170.0
2014-07-08,50.343683444418346,50.48161037044249,46.89548223231955,47.49891662597656,14948074.0
2014-07-09,47.58513210900732,48.06788347269478,46.136892048695664,46.96445846557617,8629784.0
2014-07-10,47.240316114888316,48.18857044768318,44.82657781322863,47.429969787597656,17933570.0
2014-07-11,47.34375116434203,47.87821976303494,45.06794048803547,45.7575798034668,11319671.0
2014-07-14,45.75759300975443,47.136872038696495,45.43001236961378,46.18861770629883,7915363.0
2014-07-15,46.36102604060701,46.86101654271048,45.89551844846191,46.60240173339844,9737615.0
2014-07-16,46.67136405359809,47.3092815347082,45.96448542774896,46.9817008972168,6411041.0
2014-07-17,46.9127362232023,48.06788324908022,46.792048382841884,47.826507568359375,8924449.0
2014-07-18,47.53340266001811,47.636851369042255,46.861007097484,47.27478790283203,5148178.0
2014-07-21,47.27479839415979,47.58513523627049,47.03342737337022,47.20583724975586,4656631.0
2014-07-22,47.2403126903818,47.51617128243881,46.429990060813985,46.809288024902344,6944595.0
2014-07-23,47.05066917403719,47.65410377580716,46.619644458487215,46.99894714355469,7269605.0
2014-07-24,46.964457561701295,47.06790160797664,46.2058522992927,46.429988861083984,5942240.0
2014-07-25,46.37827503349563,46.75757776997685,45.55070840284816,46.48172378540039,8230977.0
2014-07-28,46.55067009627779,46.75756285718309,45.58517678127522,45.929996490478516,5386124.0
2014-07-30,45.86102455054007,46.87824442754924,45.86102455054007,46.44721984863281,8577572.0
2014-07-31,46.27482191897833,46.42999267806466,45.65414823646743,45.8955192565918,19081582.0
2014-08-01,45.861038399523615,45.861038399523615,44.56796427229555,44.75761795043945,10682255.0
2014-08-04,45.17138866891813,46.447223390568766,44.25761742731685,45.67137908935547,23311942.0
2014-08-05,45.8610280477744,46.22309152782375,45.17138866891813,45.67137908935547,16126934.0
2014-08-06,45.46447844040065,46.51618111656225,45.29206862564453,46.22308349609375,9867110.0
2014-08-07,46.4644664959248,47.01617898178939,46.15412968416246,46.37826156616211,11406313.0
2014-08-08,46.11964024850985,46.25757185813897,44.981737207482375,45.481727600097656,5755079.0
2014-08-11,46.13688353541793,46.13688353541793,44.82656599663259,45.498966217041016,7165189.0
2014-08-12,45.550694969947,45.82655355009087,45.205875252454724,45.6024169921875,4457748.0
2014-08-13,45.51620689946833,46.29205117581439,45.119665204719134,45.61965560913086,7838517.0
2014-08-14,46.03344053247285,46.2058503870745,45.7058646148797,45.929996490478516,4598772.0
2014-08-18,45.723118312437975,46.65413369499021,45.63691335764307,46.48172378540039,5649943.0
2014-08-19,46.585161135957726,47.55065929644476,45.998970334118134,47.08515167236328,7522151.0
2014-08-20,47.13686096771602,47.447197740956085,46.99893403260001,47.27478790283203,11632976.0
2014-08-21,47.13686410448612,47.27479104878062,46.75756149998889,47.0506591796875,5097954.0
2014-08-22,47.06789466313915,47.20582627371032,46.17136725592336,46.257572174072266,3969492.0
2014-08-25,46.2748135458547,46.37825758191659,45.51620835834626,45.67137908935547,7109144.0
2014-08-26,45.49897112269201,45.861029940769626,44.964502452783805,45.171390533447266,7855848.0
2014-08-27,45.067937347696464,45.58516679822935,44.08520045630085,44.654151916503906,14179712.0
2014-08-28,44.671411880417736,44.930026699331854,43.94728945207473,44.550724029541016,24486863.0
2014-09-01,44.13692639296194,45.79206358807892,43.861072532233784,45.654136657714844,7250215.0
2014-09-02,45.44726570519525,45.9472516520075,45.257611992747904,45.688636779785156,8985537.0
2014-09-03,45.912757675920986,46.03344083339775,45.309323180870514,45.77482604980469,8220774.0
2014-09-04,46.00467665224637,46.8404909916068,45.46488117069861,46.718605041503906,8542895.0
2014-09-05,46.892727495392606,47.188741593503046,46.318100778992985,46.82307434082031,5566453.0
2014-09-08,47.014621985743034,47.258403347577676,45.88278872092287,46.352935791015625,6820385.0
2014-09-09,46.52705200189819,47.01460987646041,46.49222542724481,46.68376922607422,6490318.0
2014-09-10,46.579300083698946,47.57183170739118,46.579300083698946,47.41511917114258,5594235.0
2014-09-11,47.554424929785505,48.129047059925405,47.11910441853864,48.00715637207031,6309287.0
2014-09-12,47.81561430236401,48.02456907964613,46.89273581985837,47.066864013671875,7528757.0
2014-09-15,46.68377234713816,47.815605396107806,46.61411919317471,47.624061584472656,3929071.0
2014-09-16,47.449933993046415,47.989734133925374,46.8404854208961,47.345458984375,6434969.0
2014-09-17,47.53700512482612,47.57183170739118,46.5967157367462,47.41511917114258,5122756.0
2014-09-18,47.29323198267715,48.02457137637537,47.06686626459979,47.55442428588867,16935401.0
2014-09-19,47.27580307379793,48.45987829520575,47.27580307379793,47.65888595581055,17128011.0
2014-09-22,47.641479800677274,47.85043455029316,47.17133279492377,47.71112823486328,7010679.0
2014-09-23,47.885262765947566,48.19869729376757,47.27581408734353,47.53700637817383,10349414.0
2014-09-24,47.39770634226725,47.85044249553021,47.13651404276044,47.31064224243164,6457902.0
2014-09-25,47.36287307739258,47.72854507924421,47.10168081472529,47.36287307739258,16106351.0
2014-09-26,47.380287544539655,47.85043455029316,47.032031203022825,47.71112823486328,5236288.0
2014-09-29,47.711136906603976,48.79073270623393,47.537008704196886,48.59919357299805,8073293.0
2014-09-30,48.39024289640039,48.42506948454646,46.70119824485268,47.10169219970703,12952693.0
2014-10-01,47.36286991131066,48.059382565196735,46.9101385756962,47.345458984375,7924373.0
2014-10-07,47.34546728496402,47.97232689395078,46.99721089696481,47.79819869995117,8847590.0
2014-10-08,47.71113213855732,48.3379964386946,47.64148369867272,48.024566650390625,4593053.0
2014-10-09,48.11163933206503,48.37283165620282,47.81562042000284,48.076812744140625,9248781.0
2014-10-10,47.88525988285829,48.00715055594618,47.25840031201953,47.38029098510742,11619666.0
2014-10-13,46.96237945556641,47.484763983528616,46.8579044393856,46.962379455566406,10406480.0
2014-10-14,47.06686119968805,47.58924574989677,46.78825327212583,47.38029098510742,14165351.0
2014-10-15,47.38029098510743,47.38029098510743,47.38029098510743,47.38029098510742,0.0
2014-10-16,47.36288003220705,47.415122271235056,46.14398262744223,46.648956298828125,11263977.0
2014-10-17,46.997225171692115,47.18876435385711,46.49225136630294,46.70120620727539,5532569.0
2014-10-20,46.492234967744814,47.537004080569226,46.492234967744814,47.04944610595703,7878465.0
2014-10-21,47.275808692503205,49.051917012176006,47.066858662506775,48.738487243652344,6706899.0
2014-10-22,49.10416124948789,49.27828944736884,48.39023752758786,48.686256408691406,11612786.0
2014-10-27,49.06934324681161,50.63649715095763,48.808150929453944,49.4698371887207,11023074.0
2014-10-28,49.36535934544944,49.7658580264475,48.686262128055354,49.626556396484375,7011349.0
2014-10-29,49.939962562120314,50.14891726973906,48.75588746012343,49.643943786621094,13392055.0
2014-10-30,49.45239997605256,50.56682193372283,49.31309841222577,50.30562973022461,15543181.0
2014-10-31,50.305636563949264,50.96732262465866,50.09668182805982,50.77578353881836,12145111.0
2014-11-03,51.01956922824053,52.23846644804795,50.34046745922193,50.444942474365234,13632949.0
2014-11-05,50.392699935915196,50.81060940182515,49.46982164918668,49.60912322998047,5298871.0
2014-11-07,49.48723972851909,50.6713151452381,49.48723972851909,50.46236038208008,4488647.0
2014-11-10,50.49719118642692,52.02951837185676,49.71361430169839,51.5767822265625,10354057.0
2014-11-11,51.89019078552245,52.55187665671221,51.15885178114333,51.4200439453125,8362310.0
2014-11-12,51.176281929692585,51.40264761231305,49.46982676070808,49.78325653076172,6309241.0
2014-11-13,50.13151999227603,50.619078006362216,49.800679247213495,50.375301361083984,10971261.0
2014-11-14,50.09667844940531,50.81060668858429,49.800664377348596,50.18374252319336,6123081.0
2014-11-17,50.28824390072495,51.21112253557793,50.04446249973118,51.10664749145508,4923950.0
2014-11-18,51.176287068379445,52.16881870948508,50.84544633703059,51.66384506225586,6475424.0
2014-11-19,51.80313941538945,52.23845979559789,50.58424235080582,51.071800231933594,5431984.0
2014-11-20,50.915093119196804,51.19370105198871,50.23599602529584,50.897682189941406,3590544.0
2014-11-21,50.653892964765014,51.19369309364919,50.653892964765014,51.0369758605957,5424821.0
2014-11-24,50.42752651199579,50.67130782103135,49.17380283779451,49.60912322998047,6633290.0
2014-11-25,49.10416443003165,49.10416443003165,47.31064482039506,48.44247817993164,55543705.0
2014-11-26,48.23351423575917,48.93002694028915,48.07680171135738,48.45988464355469,5741991.0
2014-11-27,48.529543237328674,49.55690158095246,48.529543237328674,49.0171012878418,4482174.0
2014-11-28,49.069337905751155,50.00962731177286,48.56436425774594,49.696197509765625,4619433.0
2014-12-01,49.434998166721115,49.76584357489799,47.98973531892569,48.1812744140625,2477146.0
2014-12-02,48.05939708841334,48.47730669644587,47.97233298036741,48.076812744140625,2350906.0
2014-12-03,48.05938013559746,48.42505209451867,47.67630197414928,47.78077697753906,8617759.0
2014-12-04,47.74596115554398,47.95491593291413,47.258403157366665,47.53700637817383,4516507.0
2014-12-05,47.46734907334792,48.12903514188597,47.36286934240274,47.624061584472656,5700055.0
2014-12-08,47.624072057133866,48.163872310232435,47.171340627400625,47.31064224243164,3081176.0
2014-12-09,47.15391341250432,47.65888218304483,46.87530555512823,46.997196197509766,4817465.0
2014-12-10,46.87532021645917,47.98974254746848,46.77084518947123,47.79819869995117,3714413.0
2014-12-11,48.02456071132542,48.059382565196735,46.92754950263186,47.345458984375,3222482.0
2014-12-12,47.39770825464039,47.4847723579888,46.50965628989857,46.944976806640625,4812683.0
2014-12-15,46.579293023346004,47.08426658517333,46.30068985211427,46.82307434082031,2791969.0
2014-12-16,46.50964605166653,46.96237740000592,46.022088124948205,46.33551788330078,4811157.0
2014-12-17,46.17879302278547,46.78824151150562,45.1340241849795,45.62158203125,6760384.0
2014-12-18,45.987264584055666,46.43999596229824,45.116623684720565,45.83054733276367,5750448.0
2014-12-19,46.19620660469895,47.41510352762298,45.4474518589376,47.293212890625,4845177.0
2014-12-22,47.328045298617106,47.79818753376192,46.92754676715527,47.65888595581055,3767407.0
2014-12-23,47.64147218497044,48.668825394100615,47.51958154021854,48.425048828125,6644017.0
2014-12-24,48.390232223710555,48.390232223710555,46.70118794468938,47.46735382080078,8715919.0
2014-12-26,48.23351051707685,48.66883092384598,47.536997866246246,47.74595260620117,2310253.0
2014-12-29,48.059384576380104,48.49470500327614,47.606653221819805,47.71112823486328,1421574.0
2014-12-30,48.05939359296973,48.233521796396936,47.79820128782891,47.93750762939453,2146065.0
2014-12-31,48.16387841829354,48.808153783488855,47.86785949660594,48.05939865112305,3960548.0
2015-01-01,48.059382354369205,48.12903550886375,47.676304175235344,47.74595260620117,778837.0
2015-01-02,47.7633693594044,48.52953045889084,47.7633693594044,48.32057571411133,3612848.0
2015-01-05,48.233507877102376,48.79071891197466,47.415109335992966,48.3728141784668,7291352.0
2015-01-06,48.07678948393331,48.163853549856455,46.71859100023782,47.293212890625,8288963.0
2015-01-07,47.014623093242534,48.23352048406951,46.49223849717384,47.972328186035156,3256180.0
2015-01-08,48.05938375191687,48.372818232728164,47.449935164717566,48.1812744140625,2436600.0
2015-01-09,48.16386128216578,48.5817660315713,47.69371430599702,48.21609878540039,2079643.0
2015-01-12,47.920089349430846,48.477300514574736,47.1887499904001,47.53700637817383,3660975.0
2015-01-13,47.55442361138322,47.98974411056123,47.10168745812025,47.31064224243164,2850708.0
2015-01-14,47.29322689340597,47.676309841598226,46.94497052660016,47.38029098510742,3939014.0
2015-01-15,47.53700118557407,50.04444879306126,47.53700118557407,49.78325653076172,6425406.0
2015-01-16,49.73103259971684,51.87280879057806,49.03451971010146,51.31559753417969,8222495.0
2015-01-19,51.2459313538502,51.85537992146112,50.28822646189018,51.489707946777344,5082702.0
2015-01-20,51.89021129831034,52.23846765487224,51.12404542446251,51.33300018310547,6145107.0
2015-01-21,51.298183766632526,51.5593760858049,50.86286323467857,51.15888214111328,2865190.0
2015-01-22,51.22852458137879,52.726029869713635,51.07181204238076,51.66384506225586,7016755.0
2015-01-23,51.82056049778204,52.238470034101894,51.263349357198685,52.08175277709961,4549463.0
2015-01-27,51.6290173101453,52.58672225877117,51.263345313825305,52.22105026245117,6048058.0
2015-01-28,52.39519247342111,52.83051302125219,51.89022347205521,52.04693603515625,5448999.0
2015-01-29,52.18624784664764,52.221069715291414,51.40266605507862,51.82057571411133,6923717.0
2015-01-30,51.71606690542462,52.41257940016996,50.84542628699295,51.54193878173828,3094145.0
2015-02-02,51.28075793099085,51.785726767179824,50.84543752555448,51.489707946777344,2427202.0
2015-02-03,51.85540076327939,52.02952899543988,51.01958619361517,51.263362884521484,1320013.0
2015-02-04,51.367834703666,51.97728342185504,50.81062350233004,50.93251419067383,1740828.0
2015-02-05,50.93251380854965,51.15887952890128,49.696200726809465,50.02704620361328,2453418.0
2015-02-06,49.59171115588987,50.497178495385064,49.313103277222176,49.95737838745117,2422833.0
2015-02-09,49.80067591860534,49.957388453624816,48.75590206749516,49.2608757019043,2511094.0
2015-02-10,48.82554650341899,50.915084385028855,48.755893351287234,50.53200149536133,3982617.0
2015-02-11,50.845437341269765,51.83796408324441,50.49718101818289,50.75837326049805,5670681.0
2015-02-12,51.820546072907334,52.934968043861225,50.8628413153316,52.32551956176758,7776840.0
2015-02-13,52.84792072488303,53.178761457332556,52.012106343524316,52.76085662841797,8270115.0
2015-02-16,52.93498614037575,53.77080054256118,52.93498614037575,53.1961784362793,3789682.0
2015-02-18,52.9698290396336,53.97977195015795,52.67381006839428,53.89270782470703,4034642.0
2015-02-19,53.9100977264197,53.99716181790104,52.63896293549804,53.73596954345703,2708022.0
2015-02-20,53.59666980869651,53.910099604241,53.039458659101065,53.370304107666016,4586215.0
2015-02-23,53.28322859374467,54.85038195913171,53.109100442035,54.29317092895508,5857600.0
2015-02-24,54.293180212931624,54.92003977686624,54.17128954118622,54.58919906616211,3786009.0
2015-02-25,54.88521710455758,54.93745461352173,53.14393531555808,53.82303237915039,3842514.0
2015-02-26,53.666325513611625,54.484724261952366,52.517076577518196,53.1961784362793,7368101.0
2015-02-27,53.26583353527633,54.8504031624939,52.96981934176327,54.71110153198242,4870174.0
2015-03-02,54.937453158570285,55.372773594291225,54.1190497947091,54.571781158447266,3288237.0
2015-03-03,54.39766471138263,54.46731788552565,53.68374093230191,54.17129898071289,3773373.0
2015-03-04,54.38024572979971,54.79815526573532,53.31806568429664,53.7882080078125,4927543.0
2015-03-05,53.6314848036495,54.38023490998984,52.79567062160613,54.031978607177734,2511965.0
2015-03-09,53.6262092569636,53.99351482237833,52.3668847012839,52.55928421020508,2904210.0
2015-03-10,52.5592765158239,52.59425867092751,51.317440849739114,51.947105407714844,4007085.0
2015-03-11,52.261927332594794,52.47181548653118,51.57979201845882,51.73720932006836,3350372.0
2015-03-12,51.78969542483004,53.311379058229214,51.78969542483004,52.349395751953125,4034334.0
2015-03-13,52.55928100394848,52.611751868769595,51.072579614446006,51.28246307373047,3743353.0
2015-03-16,50.91515407966303,51.667249006716524,50.91515407966303,51.334930419921875,1546607.0
2015-03-17,51.457357929907786,52.12200455521186,51.0900572114011,51.649757385253906,4288235.0
2015-03-18,51.597298506565984,51.859657579138904,51.0375982028177,51.299957275390625,3493449.0
2015-03-19,51.299958709478354,52.20947113541592,50.72276968260867,51.10755920410156,2641643.0
2015-03-20,51.072579335297114,52.41935682970544,50.58283861396309,51.8421630859375,3763675.0
2015-03-23,52.29691729014623,53.136465286605016,51.964593934746226,52.19197082519531,4249360.0
2015-03-24,52.12200901630176,52.769162249438835,51.59729094802243,51.754703521728516,5170910.0
2015-03-25,51.68474353844547,51.96459127473002,51.142532025528595,51.24747848510742,6008163.0
2015-03-26,51.38739684747811,52.29690900989978,50.390431683758756,50.75773239135742,11848617.0
2015-03-27,50.75773773100481,51.05507891562262,50.09309580014878,50.63530731201172,3479176.0
2015-03-30,50.74025176671556,50.932646502347794,50.23302238058732,50.72276306152344,4359504.0
2015-03-31,50.8976718309614,51.229990459903114,50.54785975125644,50.810218811035156,4797950.0
2015-04-01,50.75774086338796,51.369911974649874,50.75774086338796,51.22998809814453,2808077.0
2015-04-06,51.21249674902502,52.27942159000785,51.020097277211555,51.754703521728516,5315447.0
2015-04-07,51.49234448758886,51.84215653310841,51.072572879743106,51.754703521728516,2457023.0
2015-04-08,51.614785326902556,52.40186251585169,51.422390578567004,51.5273323059082,4009038.0
2015-04-09,51.614775219317515,53.031516728767244,51.562304365922145,52.82162857055664,2422269.0
2015-04-10,52.9965415444178,53.538748341822135,52.576765172819144,53.41631317138672,2200148.0
2015-04-13,53.45128828525151,54.46574218091159,52.73417555158554,53.993499755859375,2208671.0
2015-04-15,54.20338272064944,54.57068818052928,52.82162811813691,53.01402282714844,2330815.0
2015-04-16,52.87411121810272,53.25890546988322,51.59729802573895,52.71669387817383,2492100.0
2015-04-17,52.716696520233654,53.03153121587036,52.15699619365002,52.506813049316406,3666806.0
2015-04-20,52.54177550971441,53.38132813294264,51.99956878978949,52.401851654052734,2278982.0
2015-04-21,52.471829645008484,53.171453850490046,51.80718285409675,52.069541931152344,2312891.0
2015-04-22,52.12201584710533,52.3144105995034,51.28246303212796,51.43988037109375,4849646.0
2015-04-23,51.77220455494793,52.10452320009551,51.0375982028177,51.299957275390625,3515131.0
2015-04-24,51.07259051933737,51.75472139691905,50.39045489712452,51.02011489868164,2613457.0
2015-04-27,51.107551774984714,51.68474546258248,50.54785628157907,50.70526885986328,2052351.0
2015-04-28,50.477901750037354,51.24749031948207,50.198053949128685,50.530372619628906,3429520.0
2015-04-29,50.49536874890933,50.65278603463623,49.84822039445737,50.04061508178711,2061972.0
2015-04-30,49.70830779003214,50.65280231877779,49.11363009143271,49.743289947509766,4099911.0
2015-05-04,50.02313974092779,50.5828352515964,49.32351086333241,50.42542266845703,3652050.0
2015-05-05,50.04063277060203,51.29995726768906,49.51591462553496,50.07561492919922,7999174.0
2015-05-06,49.935689719049485,49.935689719049485,48.99119518505083,49.183589935302734,6031578.0
2015-05-07,48.97368972215716,49.34099517068127,48.291559165690565,49.078636169433594,5448071.0
2015-05-08,49.323505878787664,49.743282213997084,48.86875213616856,48.97369384765625,2987105.0
2015-05-11,49.23606556540166,50.14557802976624,48.90374689692362,50.02314758300781,3927933.0
2015-05-12,49.98814095539859,50.040611798989154,48.48394672315706,48.728816986083984,4551824.0
2015-05-13,48.798790835402286,49.498414940723336,48.2915662058223,49.27103805541992,4097879.0
2015-05-14,49.253552792518065,49.253552792518065,48.3615291491206,48.763816833496094,3467677.0
2015-05-15,49.043655087084176,49.5683731009926,48.72882522766492,48.99118423461914,6305129.0
2015-05-18,48.79878478274196,49.30601409403839,48.53642577578775,48.99118423461914,14967798.0
2015-05-19,48.97370310989405,50.33797408503017,48.30906107396864,48.53643798828125,6595326.0
2015-05-20,48.65886530139279,49.463435841810856,48.64137659720891,49.25354766845703,5168468.0
2015-05-21,49.14859434045629,49.306011634628376,48.518934653025546,48.79878234863281,2628801.0
2015-05-22,48.72883367758095,49.65583471397508,48.064191693635905,49.30602264404297,5380668.0
2015-05-25,49.585862119000105,50.16305573367389,49.34099655772943,50.058109283447266,5557091.0
2015-05-26,50.16305022128264,50.23300976911684,49.51589712220214,50.04061508178711,2220470.0
2015-05-27,50.04061539531424,50.233010083849415,49.60335042625377,50.09308624267578,1137269.0
2015-05-28,50.46039166346372,50.46039166346372,49.166085457193304,50.09308624267578,3848527.0
2015-05-29,49.848241303522336,50.53037209032844,49.4109714091582,50.26801300048828,3473570.0
2015-06-01,51.29994477104012,51.38739777391444,49.76077286937782,50.058109283447266,15815832.0
2015-06-02,49.84823989868164,49.988163793726905,49.445952176559715,49.84823989868164,4635659.0
2015-06-03,49.725785566516414,50.285485675839524,49.23604500546583,50.09308624267578,6029264.0
2015-06-04,50.02312658764493,50.77522138389811,49.81323845401813,50.49536895751953,8566490.0
2015-06-05,50.372952373153225,51.17751823724785,50.02314030274167,50.687782287597656,8696044.0
2015-06-08,50.880186826165726,51.31745199838171,50.355468619506546,51.125057220458984,4215142.0
2015-06-09,51.072580159808204,51.82467521595561,50.82770979518803,51.544822692871094,2699663.0
2015-06-10,51.61479267901003,51.84216961705732,51.14254534944675,51.47486877441406,2875048.0
2015-06-11,51.28245422384584,51.54481324730591,50.67028316910568,51.07257080078125,2113307.0
2015-06-12,50.89766831170426,51.0550808899094,49.76077913127196,50.86268615722656,2614529.0
2015-06-15,50.72276326224034,50.72276326224034,49.201079842463855,49.39347457885742,3574132.0
2015-06-16,49.253550562466835,50.60032794727171,49.14860409730881,50.407928466796875,2705206.0
2015-06-17,50.268012741751875,50.495389669516896,49.13112335829623,49.603370666503906,3030212.0
2015-06-18,49.42844970937174,49.918185578016136,49.27103240587254,49.655826568603516,4549773.0
2015-06-19,49.655829206214236,49.813246518075104,48.518940105037146,48.97369384765625,9119658.0
2015-06-22,49.271041833859556,49.743289090092325,49.11362924486862,49.42845916748047,1849073.0
2015-06-23,49.32351236116123,49.603364869623746,48.67636381421968,48.763816833496094,4200054.0
2015-06-24,48.64137116858396,49.16608917109257,48.64137116858396,48.92121887207031,3101425.0
2015-06-25,49.043664931119324,49.63834736409837,48.571417674886554,49.42845916748047,11124905.0
2015-06-26,49.14859510012645,49.41095409804923,48.58889970026093,48.65885925292969,4184617.0
2015-06-29,48.204104809310174,49.04365264076076,48.16912266120207,48.79878234863281,3452315.0
2015-06-30,48.79878310289607,49.1136176961065,48.151634703722955,48.65885925292969,2588831.0
2015-07-01,48.67636154590472,50.058116339304526,48.41400250030137,49.79575729370117,1988394.0
2015-07-02,50.00563858735246,50.02313203475958,49.18357940883189,49.498409271240234,2965570.0
2015-07-03,49.14859725864672,50.00563858735246,49.14859725864672,49.498409271240234,3051297.0
2015-07-06,49.14859986322195,49.743282213997084,48.86875213616856,48.97369384765625,2083899.0
2015-07-07,49.32351102609852,49.498417059917095,48.36152784009634,48.48396301269531,3234495.0
2015-07-08,48.30906052739991,48.69385477899166,47.71438281551282,48.274078369140625,2440394.0
2015-07-09,48.30906107110807,48.46647841273145,47.88928940116278,47.92426681518555,2478234.0
2015-07-10,47.95924188228706,48.676359422430274,47.87178887090103,48.5014533996582,2901055.0
2015-07-13,48.413998393549456,49.113622455812276,47.94175120259619,48.97369384765625,1612390.0
2015-07-14,49.00868849333997,49.30602974452789,48.553934634791766,49.043670654296875,2264950.0
2015-07-15,48.99118454837575,49.218561406933134,48.79878509526638,48.88623809814453,1504877.0
2015-07-16,48.86875290454216,49.026170218878136,48.65886473363734,48.833770751953125,1827243.0
2015-07-17,48.851267780199365,49.585869315250996,48.79879217515589,49.39347457885742,1696436.0
2015-07-20,49.585877542922084,49.585877542922084,48.99119978517678,49.043670654296875,1668294.0
2015-07-21,49.02616944802943,49.28852847137799,48.85126343246372,48.97369384765625,1315889.0
2015-07-22,48.86875998613442,50.110595742909105,48.553930056469746,49.95317840576172,1890132.0
2015-07-23,50.05810911816584,50.12807341808591,49.236049944935644,49.760772705078125,1225377.0
2015-07-24,49.74330492511043,50.00566406824331,49.39349273426659,49.690834045410156,1692284.0
2015-07-27,49.4459470103838,50.00564727671704,48.991193212842354,49.11362838745117,1296310.0
2015-07-28,49.32351817878662,49.56838855949463,48.78131129317241,49.445953369140625,1547151.0
2015-07-29,49.218564167299974,49.428452334904684,48.79878783209055,48.97369384765625,1900932.0
2015-07-30,49.04367056364846,50.1106003753942,48.93872882560224,49.81325912475586,2942993.0
2015-07-31,49.97066580030486,49.97066580030486,49.113629055642924,49.67332458496094,1956499.0
2015-08-03,49.34100727251254,49.988160583242724,49.078648206916256,49.183589935302734,1508372.0
2015-08-04,49.14859178539779,49.84822047730236,48.9561970977483,49.3234977722168,1001510.0
2015-08-05,49.32350647563797,49.480923789403704,49.008676592735895,49.236053466796875,1107859.0
2015-08-06,49.07864816728161,49.63834845569436,49.04366600963767,49.341007232666016,1295185.0
2015-08-07,49.166094084604886,49.778265148710155,48.746317742795235,48.833770751953125,2213871.0
2015-08-10,49.00868160407652,49.49841755473832,48.064191858792306,48.291568756103516,2570753.0
2015-08-11,48.97369697930427,49.253549468882305,47.43452489282878,48.25658416748047,3873211.0
2015-08-12,47.92425583425544,48.23909044536384,47.4695021098553,47.57444381713867,1472522.0
2015-08-13,47.504488903971264,48.48396074978817,44.076327954352884,48.2041130065918,2470225.0
2015-08-14,48.204116334230605,48.641381428553835,48.169134177758764,48.39651107788086,1304682.0
2015-08-17,48.448971550224904,48.78129484849465,47.906764847394165,48.30904769897461,813782.0
2015-08-18,48.30904783571805,48.518935985502054,47.80182328042136,48.06418228149414,1461999.0
2015-08-19,48.099165678611556,48.41400031482729,47.609429764518595,47.73186492919922,2417706.0
2015-08-20,47.259623944069034,47.90677726150641,46.99726487575362,47.60943603515625,2256015.0
2015-08-21,47.22463921462808,47.29460352688798,46.542508520928465,46.66494369506836,4024183.0
2015-08-24,45.772917622641934,46.35010656178902,44.67101060342848,45.86037063598633,7651174.0
2015-08-25,45.82539169652459,46.752397498711396,43.778990091778,44.985843658447266,12357515.0
2015-08-26,44.98584020615059,46.455052718508306,44.775952026580974,45.807899475097656,2616303.0
2015-08-27,46.33261320736561,48.431485317003464,45.5630248693134,47.17216110229492,5402025.0
2015-08-28,47.434527453960605,48.099169442571295,46.769885465349915,47.27711486816406,2205183.0
2015-08-31,47.04972973643932,47.3820530784162,45.510557680996506,45.70295715332031,2305711.0
2015-09-01,45.248196721270446,45.860367776511275,44.775949529730234,45.160743713378906,3973158.0
2015-09-02,45.23071644650177,45.47558206745237,43.28925646273161,43.796485900878906,4507483.0
2015-09-03,43.866444403213684,44.7934502327027,43.761502674599505,44.49610900878906,3114461.0
2015-09-04,44.391156084804265,44.391156084804265,42.83449536520762,43.236778259277344,3868544.0
2015-09-07,43.417090301818426,44.159560923521944,42.62157715843496,43.24031066894531,3112256.0
2015-09-08,43.13425145534086,45.07882793283563,42.81604899084195,44.56616973876953,2951677.0
2015-09-09,45.75059035066223,46.139501774079505,44.053502703433416,44.548484802246094,3201416.0
2015-09-10,44.10653914494437,44.10653914494437,42.674625674799316,43.61155700683594,3984541.0
2015-09-11,43.84137802633491,44.4777878647682,43.52317550484655,43.94744873046875,1783681.0
2015-09-14,44.12421980358812,45.23793080849155,43.66458976657095,45.09650802612305,2400945.0
2015-09-15,45.07882237721641,46.01575840090375,44.54848340325987,45.37934875488281,3189547.0
2015-09-16,45.43238731429236,46.49306539343744,45.25560763443485,46.35164260864258,2668351.0
2015-09-18,46.669856147088915,47.695182369915834,46.493076425285224,47.2001953125,2710372.0
2015-09-21,46.95269400644387,48.43764039468776,46.56377776352681,48.278541564941406,3040868.0
2015-09-22,48.33157438150351,48.43764026772306,45.69755532067713,46.3162841796875,2618545.0
2015-09-23,46.33397020054922,46.669848741404095,44.47778341615465,45.18490219116211,5775906.0
2015-09-24,45.2556047225063,45.98040424055901,44.03582788724827,44.33634948730469,9733917.0
2015-09-28,44.70758644230089,45.60916076832354,44.08885764725846,44.83133316040039,2407051.0
2015-09-29,44.49545046495524,46.139500325129504,44.336346854586225,45.37934875488281,2414852.0
2015-09-30,45.397030288889205,46.91733345252132,45.37934944554848,46.79358673095703,3047665.0
2015-10-01,47.023402112105096,47.34160935650765,46.0511139208774,46.15718460083008,2020545.0
2015-10-05,46.316287224861,47.430003080667994,46.298611174480776,46.84662628173828,1811432.0
2015-10-06,46.97036867893188,47.553740628480114,46.56377639866828,46.75823211669922,1868486.0
2015-10-07,46.8819796379127,47.094116203736434,46.563777186904865,46.86430358886719,1403044.0
2015-10-08,46.98804877792716,47.02340087485908,46.52841876780332,46.82894515991211,1318938.0
2015-10-09,47.02340241664335,47.200182088920535,46.63449097399795,46.86430358886719,1421375.0
2015-10-12,46.8466242777177,47.27089742325218,46.59913560570232,47.12947463989258,1574616.0
2015-10-13,47.02339200487279,47.270885409443856,46.82893632660585,47.041072845458984,715400.0
2015-10-14,46.98806250455708,47.2001943299401,46.740568981001196,47.023414611816406,1722301.0
2015-10-15,47.2001796301062,47.889622234254084,47.09411375044742,47.748199462890625,2959602.0
2015-10-16,47.871953559059484,48.08408535104822,47.23554379672525,47.730525970458984,3651488.0
2015-10-19,47.73052754873594,47.85427429512524,46.9703758144248,47.30625915527344,1640198.0
2015-10-20,47.37695858223124,48.472993435897614,47.20017892181586,48.04872512817383,3296804.0
2015-10-21,48.08407722389274,48.508350327071724,47.69516580734307,48.04872512817383,3504240.0
2015-10-23,48.26087292247793,48.632113209994806,47.90731348415145,48.20783996582031,2367650.0
2015-10-26,48.26085889375381,48.38460562028808,47.81890972431386,47.995689392089844,1788557.0
2015-10-27,47.92497805614817,48.172466701645824,47.182502528744884,47.34160614013672,1680870.0
2015-10-28,47.07644089585844,47.35928645777283,46.12182873235008,46.33396530151367,4725765.0
2015-10-29,46.1748608562124,46.1748608562124,44.61920070238371,45.30864334106445,6657486.0
2015-10-30,45.43238119858084,46.61680585328039,45.343991370550356,45.52077102661133,3034065.0
2015-11-02,45.52077790792263,45.75059533190713,44.95508196392104,45.59149169921875,1507300.0
2015-11-03,46.12182370963442,46.72287645756671,46.03343388172997,46.54609680175781,2879807.0
2015-11-04,47.094127526106455,47.34162104497912,46.10416304152915,46.38700866699219,10212719.0
2015-11-05,46.599129429830946,46.84661806904619,46.10414735594542,46.29860305786133,9402139.0
2015-11-06,46.81127574703163,46.84662784897477,45.62685085462336,46.422359466552734,4219805.0
2015-11-09,45.60916372180782,46.28093029343339,44.77829832699885,45.980403900146484,5260832.0
2015-11-10,45.679873864201596,45.94504334381717,45.149534904970444,45.361671447753906,1531108.0
2015-11-13,45.2556071352548,46.45771278139096,45.07882745734721,46.03343963623047,1386876.0
2015-11-16,45.78594486452147,46.210217997594285,45.45006636333974,45.60916519165039,1462412.0
2015-11-17,45.69754350042394,46.59912248190747,45.679867455778,46.227882385253906,1602664.0
2015-11-18,46.192539733233055,46.52841821830706,45.874332500960946,46.28092956542969,1327429.0
2015-11-19,46.5637730923448,46.917332405809134,46.12182395051439,46.61680603027344,2523368.0
2015-11-20,46.669840990730606,46.91733443906329,46.10414990103643,46.28092956542969,2168468.0
2015-11-23,46.139518181018786,46.59914834693004,46.139518181018786,46.457725524902344,2177227.0
2015-11-24,46.316279654737734,46.881975515371686,46.298603607246555,46.61680603027344,1241516.0
2015-11-26,46.49306967575533,47.53607180116431,46.45771757289225,47.30625915527344,4171542.0
2015-11-27,47.2532330654066,47.37697503430369,46.84663586889261,47.2001953125,1605635.0
2015-11-30,47.21786150991284,48.402286237553454,47.12947167643899,48.15479278564453,2006989.0
2015-12-01,48.119436635457674,48.791198421130474,47.85426713094561,48.08407974243164,2520479.0
2015-12-02,48.084080010615935,48.278540525615966,47.58909789185712,47.8719482421875,1390936.0
2015-12-03,47.73052754873594,48.08408694101612,47.12947945913334,47.30625915527344,1173194.0
2015-12-04,47.2708841102679,47.2708841102679,46.121816526469644,46.227882385253906,1376556.0
2015-12-07,46.31628980016455,46.61681624152955,45.85666451016359,46.369327545166016,1525844.0
2015-12-08,46.31628520270035,46.386998992045655,45.73291322469643,46.03343963623047,1469647.0
2015-12-09,45.85666250665806,46.56378125758425,45.626849871698234,46.01576614379883,2198948.0
2015-12-10,45.96271294283892,46.31627219939223,45.69754350042394,46.227882385253906,1086874.0
2015-12-11,46.31628568343521,46.31628568343521,45.043471030198376,45.25560760498047,1514970.0
2015-12-14,45.008116939704756,45.750592520871216,44.81365642331647,45.30864334106445,1552518.0
2015-12-15,45.30864837616241,45.89202039924569,44.990441094975125,45.78594970703125,1842404.0
2015-12-16,45.96272711331456,47.412321471189195,45.856661221829796,47.147151947021484,2623492.0
2015-12-17,47.12947339343422,47.78355914406105,46.58145352865798,47.5714225769043,1092627.0
2015-12-18,47.37696132797321,48.260859681276614,47.04108283099121,47.8719482421875,28017527.0
2015-12-21,47.871946353031205,49.4629633261915,47.871946353031205,49.30385971069336,6238035.0
2015-12-22,49.339208094051344,49.710443405587675,48.77351230872332,48.96796798706055,9652753.0
2015-12-23,49.07403831619687,49.67508618778319,49.07403831619687,49.515987396240234,3720080.0
2015-12-24,49.498323064871315,49.79884949862585,49.268510425690565,49.5336799621582,2224191.0
2015-12-28,49.65743850576709,50.47062815479177,49.374592851167215,50.25849151611328,5761043.0
2015-12-29,50.276154848072366,50.41757763958308,49.63974988854616,49.834205627441406,8576492.0
2015-12-30,49.586698217883,50.08168504232343,49.586698217883,49.85186767578125,8189382.0
2015-12-31,49.85187330732499,50.20543262446269,49.35689122242325,49.904911041259766,7159928.0
2016-01-01,49.993295223024006,50.1523940204902,49.763477856481835,49.85186767578125,3229824.0
2016-01-04,49.67510198983187,51.03630654846643,49.462970200293775,49.834205627441406,6809859.0
2016-01-05,49.86955765864718,50.18776010736478,48.86191257482855,49.19779586791992,4259054.0
2016-01-06,49.003323203899896,49.480629156372906,48.79118669219475,49.32152557373047,5320149.0
2016-01-07,49.32153544075945,50.11704392220862,48.6144167905824,48.82655334472656,6787347.0
2016-01-08,49.49832633094824,50.20544514152017,49.109414821498746,50.081703186035156,10345830.0
2016-01-11,49.67510298727933,51.44290470075557,49.14476391187328,50.647396087646484,8283638.0
2016-01-12,50.735788754104775,51.88485681469809,50.223125701196,50.470619201660156,6611338.0
2016-01-13,50.61202568657584,51.053974798165974,49.533666977023046,50.52363586425781,7462021.0
2016-01-14,49.99331175700849,51.08934683789723,49.99331175700849,50.5059700012207,10278564.0
2016-01-15,50.258465813730716,50.64738198650512,48.897261606747676,49.18010711669922,7430643.0
2016-01-18,49.49831925110952,49.8695594508344,48.57906876521322,48.84423828125,7411237.0
2016-01-19,48.950300760536464,49.42760681525374,47.659810164786286,48.066402435302734,7282040.0
2016-01-20,47.58909634739658,49.60438644570612,46.157182979698696,47.60677719116211,15997901.0
2016-01-21,47.6598100241927,48.561384395089384,46.66984102557809,46.74055480957031,10416175.0
2016-01-22,47.09412612707091,48.013381575702276,46.705209807020346,47.05876922607422,8099084.0
2016-01-25,47.37697404806379,47.53607771255783,46.40468559838347,47.023414611816406,8893503.0
2016-01-27,47.306245487609296,49.233140741546265,47.164822730648154,48.879581451416016,14527719.0
2016-01-28,49.85188339880855,51.08934605474437,49.67510370445431,50.806495666503906,22594616.0
2016-01-29,51.19541135909971,52.46822610277165,51.08934546190041,52.273765563964844,11216960.0
2016-02-01,52.29143800146374,52.468217665338614,51.672709177901666,51.88484573364258,12278379.0
2016-02-02,51.79644339946976,53.1576474418402,51.266104535854325,51.70805358886719,18267134.0
2016-02-03,51.13926290591945,51.9746983012906,50.286054238621325,50.92596435546875,12098041.0
2016-02-04,51.49475370468565,52.43684295535785,50.78374586075526,52.18798828125,8726120.0
2016-02-05,52.27687965393305,52.40130702762286,51.31701685327671,51.6369743347168,6170693.0
2016-02-08,51.56586713979864,51.92137113568307,50.357154518157884,50.64155578613281,3820374.0
2016-02-09,50.41047008283029,51.725836559661715,50.12606404419693,50.46379470825195,7297377.0
2016-02-10,50.12607057664331,51.38811259252281,50.12607057664331,50.96150588989258,8119293.0
2016-02-11,50.783744967864955,51.139248883579604,47.67308570536175,48.59739685058594,7247688.0
2016-02-12,49.0595555003358,50.05496946878719,48.455201669113045,49.183982849121094,16065640.0
2016-02-15,49.45061126364633,50.00164529273494,49.095107304943106,49.30841064453125,8464543.0
2016-02-16,49.45060291896677,49.966085500832314,48.98844977937232,49.521705627441406,6766384.0
2016-02-17,49.71724437655671,49.71724437655671,48.828484387845094,49.62836837768555,7804863.0
2016-02-18,49.80610772678872,50.3926882060055,49.41505246670075,49.71723175048828,8779283.0
2016-02-19,49.6994586909195,50.48156439252197,49.432830760907905,50.126060485839844,6323086.0
2016-02-22,50.12607523945407,50.3038272451129,49.18399057382861,49.646148681640625,2293985.0
2016-02-23,49.770573290521355,49.87722739143522,48.5974119332925,48.7396125793457,3873885.0
2016-02-24,49.05955131066764,50.12606308603735,48.93512879433898,49.663909912109375,11387961.0
2016-02-25,49.80611705737282,49.859441688776755,46.5888080413047,46.8376579284668,19051305.0
2016-02-26,47.45977786007506,48.31299103378921,46.92652203741871,47.51310729980469,12511003.0
2016-02-29,47.761980009516456,47.761980009516456,45.93113510549699,46.233314514160156,11485783.0
2016-03-01,46.57102820714298,47.7619674324837,46.30440023826809,47.54866409301758,14281573.0
2016-03-02,47.993040845459646,49.130655365641964,47.65531500047135,48.13524627685547,13550709.0
2016-03-03,48.526303250778696,48.66850870123167,47.655321386826714,48.22412872314453,7057560.0
2016-03-04,48.490761558824076,49.46839760837438,48.15303081297397,49.290645599365234,29228314.0
2016-03-08,49.59281277064578,49.66391549239183,48.384100253780865,48.95290756225586,20131612.0
2016-03-09,48.66850774343039,49.84166893375997,48.561853657689625,49.68169021606445,7284193.0
2016-03-10,49.80612259363452,50.090528695787704,49.09511457099919,49.646148681640625,3713460.0
2016-03-11,49.64613984948273,49.912767810537275,48.935131953337276,49.13065719604492,4685588.0
2016-03-14,49.2728614807129,49.4150621061668,48.952908867983794,49.27286148071289,4423191.0
2016-03-15,49.11290319361996,49.77058189808716,49.11290319361996,49.39730453491211,11655129.0
2016-03-16,49.557272412064385,49.770570960241486,48.88181093673116,49.32619094848633,6170234.0
2016-03-17,49.503938843270035,49.85944282315949,48.66850834799486,49.0595588684082,7509036.0
2016-03-18,49.237306873335875,49.450610208372126,48.526298971102314,48.650726318359375,9195901.0
2016-03-21,48.54408099066728,49.21953758809099,48.43742690360165,49.0595588684082,4674151.0
2016-03-22,49.059554477698015,49.539485771962376,48.88180250366165,49.13065719604492,6628643.0
2016-03-23,48.810711924220115,49.46839529111227,48.686284559375935,48.864036560058594,11545428.0
2016-03-28,49.024001694866286,49.770556033245846,48.52629237350621,49.45060348510742,8691695.0
2016-03-29,49.77057843903197,50.12608250185602,48.899596378212514,49.11289978027344,11478000.0
2016-03-30,49.379515694377105,49.89499356571472,49.183985614768,49.68169021606445,5797932.0
2016-03-31,49.23730017907172,49.93053471823019,49.23730017907172,49.45060348510742,15715729.0
2016-04-01,49.699466114233,49.77056401309069,49.0951074538718,49.16621017456055,3935188.0
2016-04-04,49.3261861125292,49.80611744253848,49.16621221708028,49.27286148071289,5649881.0
2016-04-05,49.69946257609896,50.05496651057206,49.308407283812414,49.43283462524414,7744995.0
2016-04-06,49.71723453651175,50.23271715667267,49.53948257395013,49.663909912109375,10418272.0
2016-04-07,50.00164971428572,50.09052571182066,49.62836763154009,49.841670989990234,12408704.0
2016-04-08,49.85945271994366,50.17941022281876,49.85945271994366,50.09053421020508,4133630.0
2016-04-11,50.00165010545632,50.81930736044185,49.96609874179792,50.570457458496094,12360599.0
2016-04-12,50.48157034916899,51.636963004048475,50.48157034916899,50.890403747558594,8901453.0
2016-04-13,51.31701424011163,51.67251824864701,51.157040329369735,51.548095703125,10239725.0
2016-04-18,51.54810395645447,52.170236071000495,50.748219809180995,51.88582992553711,7347390.0
2016-04-20,51.79695039123389,53.29006929346788,51.60142509724637,52.6146125793457,7716065.0
2016-04-21,52.739026493388884,53.16563320178056,51.583638548478746,51.9569206237793,6315086.0
2016-04-22,52.01025510194121,52.365759152284184,51.29924700125526,51.92137908935547,4320738.0
2016-04-25,51.939159420768796,51.939159420768796,50.677121799295165,51.12150192260742,3605005.0
2016-04-26,51.35254763509124,51.992457519624764,50.85484316167408,51.601402282714844,8964411.0
2016-04-27,51.654731994733964,51.90358666689757,51.068151492440336,51.31700134277344,3177289.0
2016-04-28,51.26367690725729,51.70805680787158,50.25048976949061,50.42824172973633,9408511.0
2016-04-29,50.57044999727935,51.139252444565926,49.94831327962693,50.979278564453125,4383214.0
2016-05-02,50.83708953148236,51.19259355292283,50.3393800440002,50.78376007080078,3383764.0
2016-05-03,50.83708434183497,52.18799755666951,50.83708434183497,51.61919021606445,4572397.0
2016-05-04,51.47699992354806,51.58364921177668,50.48158567214067,50.74821853637695,4435593.0
2016-05-05,50.83708835217037,51.29924164058925,50.51713088283077,50.92596435546875,2770226.0
2016-05-06,50.89041051198453,50.96150841806249,49.94832106542555,50.64155578613281,3714029.0
2016-05-09,50.65932380309532,51.245904315269875,50.35714450232946,51.014827728271484,5027038.0
2016-05-10,50.8903997194735,51.103703036134455,50.12606243295251,50.42824172973633,7758595.0
2016-05-11,50.054979863868404,50.552684540538564,49.59282173266383,50.28605651855469,4574270.0
2016-05-12,50.44602411145491,51.31700589767492,50.19716941720295,51.15703201293945,4877581.0
2016-05-13,50.94372302731148,51.61917949443213,50.623770471499626,51.459205627441406,6719824.0
2016-05-16,51.530317770202544,51.868048508096436,50.837087844497006,51.35256576538086,4500368.0
2016-05-17,51.90360192977375,51.90360192977375,50.69488439163325,51.51254653930664,4754541.0
2016-05-18,51.19257375815847,51.51252628937164,50.73041581589053,50.85484313964844,2573082.0
2016-05-19,50.943737711297025,51.76139501425607,50.943737711297025,51.33479309082031,6035130.0
2016-05-20,51.405883210682525,51.601413281730395,51.0859306111318,51.476985931396484,3055890.0
2016-05-23,51.76139251850187,52.93455860050574,51.548093977984394,52.667930603027344,10093334.0
2016-05-24,52.97008944191265,53.058965406638194,51.97467574388876,52.152427673339844,3545037.0
2016-05-25,52.614613450609085,53.32562154500249,52.27688267703932,53.21896743774414,7201959.0
2016-05-26,53.32560657928802,53.82331114131727,52.82789719542789,53.538909912109375,11348343.0
2016-05-27,53.82332145290642,54.17882546843996,52.89901004815287,53.6277961730957,7635493.0
2016-05-30,53.716665843672175,54.37434433740211,53.09453388983914,53.9477424621582,6049447.0
2016-05-31,54.0366306665017,54.16105804975206,53.165643805581524,53.32562255859375,4297008.0
2016-06-01,53.538913736233845,53.538913736233845,52.756803067301995,52.93455505371094,5018958.0
2016-06-02,52.93456375959439,53.538922541513166,52.65015764146649,53.3967170715332,3951078.0
2016-06-03,53.53890666898849,53.62778265046115,53.05897540467,53.467803955078125,3453446.0
2016-06-06,53.396716410959954,53.57446842440391,52.810135730961306,53.058990478515625,2395810.0
2016-06-07,53.11230615254784,53.66333537247469,53.058981521882515,53.29005813598633,3771426.0
2016-06-08,53.32561395422114,54.35657457997021,53.07675922787446,54.232147216796875,3804592.0
2016-06-09,54.28547448264037,54.907606506824564,54.16105193526895,54.32102584838867,4520638.0
2016-06-10,54.356567983401476,55.15645187866059,54.338794714461436,54.88982391357422,8988984.0
2016-06-13,54.658753670060186,54.658753670060186,53.80554504684303,53.965518951416016,7199310.0
2016-06-14,53.9477477914642,54.17882443277747,53.43226505006163,53.521141052246094,2914984.0
2016-06-15,53.734436064866614,55.01425126164739,53.734436064866614,54.88982391357422,5287666.0
2016-06-16,54.889830956757116,55.565287590614204,53.98329768787412,54.960933685302734,5385026.0
2016-06-17,55.10313928872106,56.15187328741872,54.35657985900774,55.8319206237793,8985642.0
2016-06-20,55.81415135268454,55.99190338098769,55.192019253623535,55.68972396850586,5237563.0
2016-06-21,55.65415867634055,55.92078665209708,55.12090272482749,55.45863342285156,5276594.0
2016-06-22,55.476410671407066,55.707487302603205,54.96093277440513,55.316436767578125,4797461.0
2016-06-23,55.2808952677751,56.11633076516636,54.33881048213491,55.68972396850586,5027803.0
2016-06-24,54.552092226208366,55.511954811606074,53.53890983497075,55.38752746582031,6010853.0
2016-06-27,54.409888967023065,55.814131417803935,54.39211569927369,54.74761962890625,5121198.0
2016-06-28,54.94315846299251,55.45864121730294,54.62320581148307,55.26311111450195,5842035.0
2016-06-29,55.387530684415076,57.00507662996451,55.29865469252218,56.61402130126953,9838712.0
2016-06-30,56.88064854238617,58.24933976422762,56.63179383956732,57.98271179199219,18696297.0
2016-07-01,58.30268857138896,59.155897471986584,57.947184460987195,58.711517333984375,9960809.0
2016-07-04,59.26253115458541,59.475829689779026,58.53374508656913,58.80037307739258,5753019.0
2016-07-05,58.764820471790294,58.9425724619144,57.16505256067336,57.32503128051758,5510329.0
2016-07-07,57.23614758858562,58.35598401141044,56.95174154953395,58.07158279418945,5911690.0
2016-07-08,58.124911978636526,58.80036853888789,57.44945541838517,58.462642669677734,7803900.0
2016-07-11,59.04923391908696,60.844527314680406,58.99590927976049,59.226985931396484,11133401.0
2016-07-12,59.36918657687772,60.080194626115826,59.03145582475685,59.226985931396484,9182267.0
2016-07-13,59.3158655688279,59.884673007406775,57.1295118261081,57.53834533691406,11106820.0
2016-07-14,57.78718907608112,58.871479194310396,57.55611243509183,58.67594909667969,7428442.0
2016-07-15,59.031449590037724,59.15587694987914,57.9827157212747,58.391544342041016,6629943.0
2016-07-18,58.5159626891234,58.942564514804566,57.80495482449077,58.018253326416016,3891623.0
2016-07-19,58.05382033736082,59.3691871703325,57.94717105764181,59.1558837890625,5987973.0
2016-07-20,59.369185887027264,60.43569794849191,59.33363452061207,59.849117279052734,7071425.0
2016-07-21,59.831330262292425,59.84910835376472,57.520554473724665,57.7694091796875,4189305.0
2016-07-22,58.124927408937914,59.742468929089725,57.89385073774942,59.13811492919922,7206087.0
2016-07-25,59.20920263507042,60.29349270799424,59.06700200208263,60.062416076660156,3967394.0
2016-07-26,60.16907033040675,61.50221041603993,59.4402890123267,60.93340301513672,8278821.0
2016-07-27,61.502192554924314,61.75104722737098,60.98671476461408,61.30666732788086,8851677.0
2016-07-28,61.466657769545265,63.581908590106075,61.2000297579703,62.63982391357422,31420184.0
2016-07-29,62.9597618021108,63.10196241057866,62.106553329472945,62.56870651245117,12377513.0
2016-08-01,62.56870131059636,63.955165566093434,62.44427398034515,62.99530792236328,11965659.0
2016-08-02,63.101973412224574,64.06183612493561,62.58649551392766,63.59967803955078,6487056.0
2016-08-03,63.63524771460784,63.6707990886108,61.75107793261319,62.53318405151367,10713465.0
2016-08-04,62.85313300500267,63.75966639809294,62.693154254771564,63.35083770751953,9047354.0
2016-08-05,63.63523141833715,64.41734215878073,62.58649749573289,62.7464714050293,8816394.0
2016-08-08,62.92423670767275,63.99074894906554,62.39098058697635,63.45749282836914,9540514.0
2016-08-09,63.457471852382064,63.86630044541037,62.39095996352679,62.60426330566406,6314021.0
2016-08-10,62.604244038837564,62.74644461588898,61.71548440497921,61.99988555908203,3789657.0
2016-08-11,61.8932653682307,62.76425214675669,61.30668469906285,61.875492095947266,5017074.0
2016-08-12,61.92882052799317,63.63523800133875,61.92882052799317,63.29751205444336,4369997.0
2016-08-16,63.56412489529126,65.09278998226247,62.657586911484685,63.101966857910156,22372774.0
2016-08-17,63.261949284759694,63.56412863045191,61.94658263731421,62.088783264160156,11599079.0
2016-08-18,62.92421661545076,65.12834313926646,62.65758864023908,64.70173645019531,20664320.0
2016-08-19,65.05725734529297,65.05725734529297,63.7418952184184,64.32847595214844,16563739.0
2016-08-22,64.50622320316845,64.98615461224176,64.25736845125427,64.68397521972656,11335483.0
2016-08-23,64.50621601561453,65.19944590984935,63.99073329630043,64.75506591796875,7423678.0
2016-08-24,64.80839538574219,65.05724528813974,64.38178866472995,64.80839538574219,5319170.0
2016-08-25,64.8794796173554,65.76823941395627,64.1684717800747,64.79060363769531,12995397.0
2016-08-26,64.9328173800834,65.19944537301643,64.06183549626775,64.27513885498047,7097916.0
2016-08-29,64.41733580300632,64.47066043417715,63.137520545750405,64.07960510253906,2956326.0
2016-08-30,64.31067374367458,65.34163898700635,63.88407192537959,65.16388702392578,5212793.0
2016-08-31,65.09279558099131,65.59050019942995,64.64841559634405,65.30609893798828,6435761.0
2016-09-01,65.23500306652933,65.76825910413997,64.79062303518715,65.5194091796875,6116318.0
2016-09-02,65.60829523493672,65.76826917762337,64.80841105600547,65.34166717529297,3858397.0
2016-09-06,65.67938323823229,66.72812204317385,65.34165730678966,66.33706665039062,9001076.0
2016-09-07,66.15932908706934,66.47928181583269,65.37721813068515,65.67939758300781,5024999.0
2016-09-08,65.91593078386744,67.26006119950046,65.10945545142675,66.81201934814453,5980354.0
2016-09-09,66.66864723816467,66.9016329081954,65.73671914273855,65.88009643554688,5051740.0
2016-09-12,65.44997042542933,65.7367152710263,64.42843401294651,64.60765075683594,4144478.0
2016-09-14,64.50012097655528,64.89439877516428,63.980390488175445,64.21337127685547,6680869.0
2016-09-15,64.66142548120568,64.66142548120568,62.385376347359845,62.65420150756836,8920122.0
2016-09-16,63.19184990011566,64.69726783441605,62.0627803724329,63.10224151611328,21690721.0
2016-09-19,62.976782755043025,63.8728665089662,62.45705223314139,63.586116790771484,4266806.0
2016-09-20,63.67572005194862,64.30297862931559,63.442739266953915,63.83701705932617,4769662.0
2016-09-21,63.83702405962626,64.55389108379939,62.56458703634524,62.833412170410156,4957941.0
2016-09-22,63.47860612728139,64.62559559209365,63.156016859542575,63.99833679199219,4676363.0
2016-09-23,63.89079769206151,64.3029953204409,62.97679404384781,63.066402435302734,7599534.0
2016-09-26,62.97680664062501,63.90873507047615,62.672137076424214,62.976806640625,6333433.0
2016-09-27,63.31729420992849,63.85494448389575,63.03054934177223,63.156002044677734,6069513.0
2016-09-28,63.15599191204209,64.19544796929716,63.15599191204209,63.962467193603516,4515648.0
2016-09-29,64.0700060076923,65.27075926681403,61.543051647243814,62.15238571166992,13380901.0
2016-09-30,62.4033032028685,63.69366509146603,61.48929949846053,63.28146743774414,11831869.0
2016-10-03,63.49650732029567,65.55749991877434,62.94093734707106,64.94816589355469,9403402.0
2016-10-04,65.05570450858342,65.48582671716946,64.67935122224527,64.8764877319336,7967290.0
2016-10-05,64.93025092683477,65.7367264110054,64.66142576544456,65.01985931396484,5347763.0
2016-10-06,64.98402456986616,65.32453354876088,63.621974069587814,63.76534652709961,5654229.0
2016-10-07,63.76534800657053,64.37468704209157,63.191858163217326,63.42483901977539,3980080.0
2016-10-10,63.51444517803087,64.15962365985841,63.51444517803087,63.819114685058594,4458994.0
2016-10-13,63.63989965963767,63.74742778906004,62.25992940369556,62.72589111328125,14897308.0
2016-10-14,63.0126417119479,63.980409474005825,61.84773256130227,63.69366455078125,4958871.0
2016-10-17,63.19184990011566,63.67573128447573,62.654199596101385,63.10224151611328,4534814.0
2016-10-18,63.353152009375094,63.72951019814489,62.72589322299217,63.227699279785156,7289895.0
2016-10-19,63.424842059586055,64.78688779517962,63.12017252722341,63.99833679199219,9020687.0
2016-10-20,64.2850698470089,64.6076590551306,63.74741954628407,64.03416442871094,4037879.0
2016-10-21,64.2850786463718,64.2850786463718,63.12016950201487,63.42483901977539,10350237.0
2016-10-24,63.299375911214675,63.92663457837128,62.779645356658584,63.12015914916992,2945373.0
2016-10-25,63.28146866029945,64.1417083154615,62.9409548006304,63.9266471862793,3002870.0
2016-10-26,63.80117016309808,63.90870311752872,62.65418601345899,62.905086517333984,3927291.0
2016-10-27,62.76171410632472,63.38897265835958,62.2599082370098,62.905086517333984,7017500.0
2016-10-28,63.01264533095963,63.442762740499475,61.668519310709655,63.048484802246094,4282450.0
2016-11-01,62.815499324102504,64.35676663122464,62.42122141476583,63.40691375732422,5277438.0
2016-11-02,63.06639201763022,63.26352850164036,62.52874175771285,62.761722564697266,4859666.0
2016-11-03,62.779649643603456,62.976791012254075,62.474985016575836,62.70796585083008,4078615.0
2016-11-04,62.72589108780651,63.030560603134916,61.38176516273993,62.2061653137207,4179894.0
2016-11-07,62.474987514617546,62.582515638860166,62.206162342444664,62.367454528808594,7660803.0
2016-11-08,62.45706433256443,63.65781776774916,62.3316116103989,63.44275665283203,3265787.0
2016-11-09,60.933734676523876,64.9840378113325,59.84051399597408,64.58975982666016,13247214.0
2016-11-10,66.31021636538833,68.10238398108268,64.93024632899052,67.54681396484375,18046820.0
2016-11-11,66.66865245174586,67.56473629404489,65.05570153560761,65.62919616699219,8770575.0
2016-11-15,65.43206540098777,66.88371940811338,65.43206540098777,66.29230499267578,11489252.0
2016-11-16,66.8658004921325,68.28161018742766,65.71881111480916,67.56474304199219,10203154.0
2016-11-17,67.36760523677889,70.39637081310525,66.02347936472276,69.14185333251953,9392264.0
2016-11-18,69.44652922003363,70.00209935359703,68.60420929046425,68.80134582519531,12168642.0
2016-11-21,69.4106694975789,69.4106694975789,66.05931511927075,66.32814025878906,12187225.0
2016-11-22,66.63282639528074,66.91957133788935,64.78688941944928,65.86219024658203,11976002.0
2016-11-23,66.02348273877624,67.22423621815611,64.37468727914766,65.1094741821289,13625626.0
2016-11-24,65.21699537646688,66.99124324191406,64.62558104183974,66.32814025878906,18404432.0
2016-11-25,66.70450644608493,68.1740851327733,66.31022852601244,67.61851501464844,14716858.0
2016-11-28,67.02708361731338,69.82286802331386,67.00916388572777,68.28160095214844,10318399.0
2016-11-29,68.33537274110033,68.65796195415525,67.56473674235697,67.9052505493164,12406804.0
2016-11-30,68.38914645622845,69.07016930474173,67.24215702389378,68.7834243774414,7446808.0
2016-12-01,68.99849143584184,68.99849143584184,65.77258398774921,66.05933380126953,11056167.0
2016-12-02,66.31021372927505,66.63280777652818,65.41412995705102,65.88009643554688,9676372.0
2016-12-05,65.84424816708335,66.68656783481688,64.82271175564335,66.34605407714844,12282830.0
2016-12-06,66.45360685262654,66.88372424881705,65.41414553997426,65.5575180053711,4550359.0
2016-12-07,66.20269282899737,66.48943772270194,65.23492030500375,65.3962173461914,4265108.0
2016-12-08,65.9338511787503,66.65071809529752,65.07361185120664,66.5431900024414,5413273.0
2016-12-09,66.66866831431787,66.66866831431787,65.86219266436282,66.11309814453125,3451184.0
2016-12-12,66.04141001847998,66.47153231328615,65.73674046478955,66.22062683105469,3689403.0
2016-12-13,66.4894420720393,66.86580023890751,65.39622162401689,66.39983367919922,4417447.0
2016-12-14,66.31023104094194,66.4536083711819,65.03779369681378,65.21701049804688,7312670.0
2016-12-15,64.87648363636883,66.57904290706186,64.69726687103272,65.71880340576172,5253972.0
2016-12-16,65.79048805832447,66.75825561538706,65.12738509456557,65.88009643554688,26025533.0
2016-12-19,66.00554485304563,66.31021431058583,65.53958323203052,65.98762512207031,3627943.0
2016-12-20,65.95179743847577,66.1130945042123,65.14532183292688,65.21701049804688,5757036.0
2016-12-21,65.25284318102342,65.84425754719409,65.14531020254131,65.6829605102539,5279390.0
2016-12-22,65.5933360024157,65.75463299970815,64.91231341902554,65.14529418945312,2653684.0
2016-12-23,65.09154757585176,65.48582544916016,64.15961938300448,65.34245300292969,4805945.0
2016-12-26,65.3603813432848,65.3603813432848,63.89080263736184,64.08794403076172,5932940.0
2016-12-27,64.05208186759963,65.12738234893612,63.28145082828822,64.89440155029297,4555998.0
2016-12-28,64.89440160378365,65.59334400028925,64.19545434571263,64.5180435180664,3739977.0
2016-12-29,64.23131072513962,65.03778623820091,64.15962206824099,64.53598022460938,14737238.0
2016-12-30,64.6614303273007,66.34607006882364,64.60766626354285,65.77257537841797,4872601.0
2017-01-02,65.77256041136718,66.38189929280718,65.44997124066117,65.82632446289062,1811713.0
2017-01-03,66.274370241322,67.56472690568008,66.13099295722417,67.40343475341797,7819727.0
2017-01-04,67.40345130582668,67.6901962213083,66.68658415555615,66.93748474121094,7829503.0
2017-01-05,67.04502064511968,68.55043880918802,66.70450678931253,68.40706634521484,6362320.0
2017-01-06,68.51460699188142,69.12394124721662,67.47514557345166,67.67228698730469,6298387.0
2017-01-09,67.81563918590807,67.81563918590807,66.34606076701988,66.86579132080078,2956484.0
2017-01-10,66.88371105235221,67.49304998702183,66.32814103546846,66.86579132080078,4626997.0
2017-01-11,67.13462439819179,68.60420299077131,66.63281837821903,68.03070831298828,21835704.0
2017-01-12,68.10239788873318,71.59713031458587,68.10239788873318,70.9698715209961,26857806.0
2017-01-13,71.65088389606757,71.65088389606757,70.27091377980663,70.66519165039062,23933005.0
2017-01-16,70.61145507841412,72.06310955160508,70.52184665756116,71.47169494628906,8473484.0
2017-01-17,71.47167875355078,71.91972075630652,69.93041134713089,70.88026428222656,10193606.0
2017-01-18,70.9698723474913,71.56128681602146,70.62935848237889,71.13116455078125,21229809.0
2017-01-19,71.29245283849063,73.01293196450158,70.70103844277226,72.3319091796875,8756982.0
2017-01-20,72.61867981626632,72.61867981626632,70.77274731900869,71.47169494628906,12987134.0
2017-01-23,71.63297011994453,72.47529004758883,71.34622518616072,71.7584228515625,7334154.0
2017-01-24,72.04516669298589,73.37136797909513,71.9017893763761,72.88748168945312,7122776.0
2017-01-25,72.99502348341757,73.13839595575816,72.36776466305636,72.79788208007812,10336365.0
2017-01-27,72.94125835222435,74.17785137742449,72.60074448150098,73.31761169433594,11095330.0
2017-01-30,73.22799894579276,73.99863018153097,72.58282043716697,73.72980499267578,5832917.0
2017-01-31,73.65811430447619,75.00224012305668,73.28175615833393,74.26744842529297,7593736.0
2017-02-01,74.76926482398807,74.76926482398807,73.38929457573602,73.7656478881836,7325455.0
2017-02-02,73.80149413206917,73.83733846312855,72.85164609761219,73.10254669189453,7773806.0
2017-02-03,72.83372431553937,73.76565265125899,72.08101278047478,72.29607391357422,4479429.0
2017-02-06,72.49321909278969,73.19216173486409,71.59713504277089,72.08101654052734,6337200.0
2017-02-07,72.2781529567319,72.9770955505353,71.39998870373522,71.65089416503906,6562928.0
2017-02-08,72.04517706778029,72.6545113048528,71.07740434913313,72.08101654052734,9024346.0
2017-02-09,72.54696006103657,73.69394436286541,71.97346547933937,72.45735168457031,12790725.0
2017-02-10,73.55059027525354,73.76565140471872,71.41791330043793,71.65089416503906,16817238.0
2017-02-13,72.29605913834554,73.10253457647295,71.50750829356048,72.77994537353516,9508762.0
2017-02-14,73.08463477743084,73.10255451409466,71.7225840823973,71.99140930175781,9403263.0
2017-02-15,72.18853168407543,72.61864900473344,71.59711732969195,72.20645141601562,7302351.0
2017-02-16,72.04434898812929,72.92688909233748,71.72014559697242,72.45860290527344,6272531.0
2017-02-17,72.76479355806492,73.21507062498813,71.8822485525679,72.9629135131836,4966775.0
2017-02-20,73.44922679646936,74.71000280827045,72.69276021222477,74.36779022216797,9917513.0
2017-02-21,74.36776912014955,74.8540692781623,73.68334902797004,74.25970458984375,7428835.0
2017-02-22,75.16026247171261,75.25031788017847,72.36854480927114,72.62069702148438,26345564.0
2017-02-23,72.7647918452705,72.7647918452705,71.52202521548811,71.7381591796875,13404307.0
2017-02-27,72.04435401168692,72.04435401168692,69.12655748855246,69.43274688720703,14798634.0
2017-02-28,69.12656596979123,70.18921710208703,69.00048739183893,69.21662139892578,10051421.0
2017-03-01,69.70293326145126,70.1351964615445,69.10856342186472,69.39674377441406,10348326.0
2017-03-02,69.88302838873621,69.88302838873621,68.08191502751836,68.35208129882812,10629352.0
2017-03-03,68.08191802024245,68.8924168697994,67.72169630932827,68.74832916259766,8454072.0
2017-03-06,69.10855132444726,70.67551675431244,68.83838503949876,69.82899475097656,14858083.0
2017-03-07,70.0811538696289,70.58546330517606,69.72093214626382,70.0811538696289,11746802.0
2017-03-08,70.35130131100165,71.17980909840864,69.93704741729816,70.45936584472656,7938282.0
2017-03-09,70.53143583492522,70.53143583492522,69.34270602106274,70.04513549804688,9777769.0
2017-03-10,70.24323986412541,70.4953920825039,68.46014077857633,69.3606948852539,16388459.0
2017-03-14,71.48601257435642,71.57606799884945,69.37871466405554,69.75695037841797,11886293.0
2017-03-15,69.88301929246366,69.90102842054571,69.34268682017611,69.5047836303711,7772586.0
2017-03-16,69.93705109601918,70.4053372812172,69.43274176907852,70.27925872802734,5161993.0
2017-03-17,70.89164488224161,70.9636911732495,69.55882269933066,69.88302612304688,9522200.0
2017-03-20,69.88302232271498,70.04511913993878,69.43274524295056,69.73892974853516,9378518.0
2017-03-21,69.88302790273165,70.08114787931987,69.48678306373583,69.61286163330078,8126819.0
2017-03-22,69.00048840575813,70.45938442484744,68.96446525641103,69.1986083984375,8203222.0
2017-03-23,69.52280812994393,69.70291898120472,69.01849383775807,69.54081726074219,5875356.0
2017-03-24,69.82898700867719,70.2972781154912,69.61285791333748,69.79296875,6164329.0
2017-03-27,69.883024469385,70.63948607797106,69.75694590601428,70.189208984375,7104197.0
2017-03-28,70.1171612955218,70.9636831327632,70.1171612955218,70.8556137084961,6020578.0
2017-03-29,71.07176971251349,71.12580199849457,70.51342794767524,70.90966796875,6451066.0
2017-03-30,71.07176857277362,71.23387031393756,69.97309419410293,70.40535736083984,13016042.0
2017-03-31,70.4773896657261,72.008331792858,70.4773896657261,71.0717544555664,8522874.0
2017-04-03,71.8282256166512,71.8282256166512,70.60347281261235,70.6755142211914,9945512.0
2017-04-05,70.90964649140244,71.28788215034922,69.95506010879747,70.24324035644531,7061975.0
2017-04-06,70.7475606773702,71.30590235986749,69.55882613199283,71.03573608398438,7466431.0
2017-04-07,70.62147112957334,70.69351741294,70.06312953384744,70.24324035644531,9205565.0
2017-04-10,70.26126293084143,70.47739693648593,70.00910577661956,70.351318359375,5763232.0
2017-04-11,70.36931399697059,72.62069927859173,70.06312950732512,71.7381591796875,10668096.0
2017-04-12,72.04436083323672,72.58469339291142,70.60347400743755,71.17982482910156,6620702.0
2017-04-13,71.25187517562615,72.42259578814736,70.89165344869656,72.04436492919922,5910355.0
2017-04-17,72.02634938145812,73.17906083747619,71.68414167963572,72.87287139892578,11138596.0
2017-04-18,72.94489866367815,73.59329563486546,72.6387093050214,72.89086151123047,7675098.0
2017-04-19,73.07098989163532,76.90735503192616,72.7467913280977,76.07884216308594,29099215.0
2017-04-20,76.36702399984098,76.51111171033091,74.00756880801667,75.25033569335938,11822555.0
2017-04-21,75.43044517056322,75.80867601439519,73.41320260321346,74.06159973144531,7938078.0
2017-04-24,74.38578191794852,74.54787871076073,73.52124614634369,73.79141235351562,7520828.0
2017-04-25,74.20568041105126,75.61054388720946,73.77341247108619,75.14225769042969,6293621.0
2017-04-26,75.10623403134278,75.10623403134278,73.57529200940375,74.09761047363281,5977354.0
2017-04-27,74.20569444356647,75.70061361609275,73.89950500200811,74.8360824584961,13646716.0
2017-04-28,74.56591809938786,75.17829211255959,74.18768234913303,74.92613983154297,5477289.0
2017-05-02,75.23231354625453,75.23231354625453,73.66534836194545,74.20568084716797,5123042.0
2017-05-03,74.52987668724101,77.0154050529279,74.31374272374242,76.02479553222656,10859280.0
2017-05-04,76.00680062200813,76.63718861673694,75.28635719946094,75.88072204589844,12952295.0
2017-05-05,76.36701141486178,76.36701141486178,74.76402307455044,75.28634643554688,4993008.0
2017-05-08,75.32236978083907,75.82667912870903,74.45783388641173,75.64656829833984,6855459.0
2017-05-09,75.66457418289086,76.18689752289424,74.83606635304284,75.05220031738281,4729357.0
2017-05-10,75.53849516907081,75.98877222294114,75.28634295039465,75.82667541503906,4623710.0
2017-05-11,76.00679256140474,76.18690339794058,74.2777255991691,74.9981689453125,4946190.0
2017-05-12,74.92613383039037,75.50248953283976,74.06159783380652,74.29574584960938,5386419.0
2017-05-15,75.25030650668512,75.28632964179056,74.33174343349445,74.45781707763672,5353854.0
2017-05-16,74.47584074586213,74.90810376572826,74.29572993279662,74.7099838256836,4077710.0
2017-05-17,74.7820465773031,75.53850825014749,74.25972315003477,75.21430969238281,3694898.0
2017-05-18,74.92611890851533,75.43042821554074,74.60192041727176,75.01617431640625,5797418.0
2017-05-19,75.53850382530689,76.27696120976803,73.5212614156408,74.11563110351562,17793954.0
2017-05-22,74.56591346544451,74.81806573079096,71.75618119775517,72.94491577148438,7423973.0
2017-05-23,73.10700958039543,73.30513444405133,71.0897671121046,72.54866790771484,6465473.0
2017-05-24,72.90889320988984,73.44922577889014,71.50402950765296,72.00833892822266,6650433.0
2017-05-25,72.2965027027904,72.38655811645633,70.47738530106624,71.6661148071289,9992276.0
2017-05-26,72.04437567082763,73.44923963815066,71.43199668941527,72.83686065673828,6466364.0
2017-05-29,73.17903670063846,75.91672184133851,73.16102268912431,75.32235717773438,14504778.0
2017-05-30,75.25033017919525,75.25033017919525,72.78281060677234,73.5212631225586,10884114.0
2017-05-31,73.82744658125122,75.39441179538589,73.82744658125122,74.90811157226562,7781359.0
2017-06-01,74.76402568372687,75.53850130210039,74.33176260840682,74.800048828125,6369921.0
2017-06-02,74.9621474193106,75.05220283365331,73.9535238471809,74.24169921875,6713770.0
2017-06-05,74.47586812090668,74.69200215319324,73.55729970514392,73.95354461669922,5093948.0
2017-06-06,74.04359892168424,74.07962207415002,72.8728782243776,73.2871322631836,5324457.0
2017-06-07,73.44922562273555,74.09762274982955,72.83684675817594,73.86347961425781,7605903.0
2017-06-08,73.84546415637766,74.81805976369282,73.34114989426695,74.69198608398438,7487370.0
2017-06-09,74.70999337127839,75.10623818781387,74.38579484350177,74.63794708251953,6432439.0
2017-06-12,74.34977150830052,74.89010401514781,73.8454621457402,74.27772521972656,3684911.0
2017-06-13,74.36779537670893,76.78128300662411,74.20569852401975,75.73664093017578,15775215.0
2017-06-14,76.00678623658719,76.72722952277972,75.4664537719428,75.82667541503906,13639132.0
2017-06-15,75.64658072262827,76.45707959240701,75.41243758185615,75.77265930175781,5595511.0
2017-06-16,75.64659220625674,76.18692486813512,74.78206092441542,75.62857818603516,6127735.0
2017-06-19,75.64656220072698,76.70921308275719,75.62854818765072,76.51109313964844,6393073.0
2017-06-20,76.45708033748916,77.44769007687233,74.06160196814311,75.0342025756836,12876594.0
2017-06-21,74.9261232052323,74.9261232052323,73.75540283551423,74.09761047363281,13855413.0
2017-06-22,74.15165654803539,75.17828942514214,72.04436339891389,72.87287139892578,33713902.0
2017-06-23,73.12501587672294,74.56590250398298,72.90888190547015,74.20568084716797,9034020.0
2017-06-27,74.20568652460948,74.4578387721807,72.58468894492017,74.11563110351562,6947747.0
2017-06-28,74.20568777515378,75.26833883047786,73.2691104028303,74.78204345703125,7103873.0
2017-06-29,74.92613983154297,75.82669416193075,74.52989494900835,74.92613983154297,7577681.0
2017-06-30,74.89010952311486,76.02480689378432,74.85408637617847,75.84469604492188,7751039.0
2017-07-03,75.64658097204511,76.60116755576797,75.46647011150043,76.16889953613281,8768284.0
2017-07-04,76.72723253069019,76.72723253069019,75.556512144732,75.89871978759766,4530105.0
2017-07-05,76.16889067250375,76.16889067250375,75.46646132961173,75.66458129882812,6062229.0
2017-07-06,76.00679086388631,76.00679086388631,75.28634753383314,75.59253692626953,5577232.0
2017-07-07,75.53849596347895,75.79065307062567,74.99816349315209,75.44844055175781,7641379.0
2017-07-10,75.64657328394524,76.36701665290398,75.64657328394524,76.13287353515625,2844699.0
2017-07-11,76.54711622282235,76.85330558670427,75.97076063536558,76.34899139404297,13833624.0
2017-07-12,76.34899840576432,77.44767741402684,76.34899840576432,77.08745574951172,9211263.0
2017-07-13,78.15010700106617,78.16811612890126,77.24955289293683,77.48369598388672,9596900.0
2017-07-14,77.89796043652153,77.89796043652153,77.26757247553574,77.51972961425781,4889330.0
2017-07-17,77.53773520984498,78.33022485042792,77.53773520984498,78.06005859375,6302565.0
2017-07-18,78.15012056223614,79.24879481047627,77.35763085523632,77.5917739868164,7549621.0
2017-07-19,78.31221221644236,79.0686787256471,77.82591196868078,78.76248931884766,8521832.0
2017-07-20,78.88858978777277,79.2488115697111,78.40228940499193,78.78052520751953,10233967.0
2017-07-21,79.05066414194722,79.05066414194722,76.90734332804415,77.55574035644531,4948380.0
2017-07-24,76.81728816103528,78.25817479395926,76.81728816103528,78.07806396484375,6137724.0
2017-07-25,78.34823981849256,78.74448466831272,77.91597182126701,78.16812896728516,6113154.0
2017-07-26,78.47432422336392,78.51034737344638,77.64581131474682,78.27619934082031,5258903.0
2017-07-27,78.4202889553914,78.92459837988524,77.71785465589733,78.04205322265625,21380991.0
2017-07-28,77.84394061777174,78.09609291102804,76.38503960023533,77.32161712646484,8260545.0
2017-07-31,77.32161350623957,80.76173398573145,77.32161350623957,80.43753051757812,17403810.0
2017-08-01,80.61763674755433,81.26603876075072,79.48293933173524,80.83377075195312,15263765.0
2017-08-02,80.9238267727411,81.41012706474565,79.50095393118073,79.8971939086914,12014487.0
2017-08-03,79.6090128949475,80.88779793789772,78.97862493854288,80.31144714355469,5285543.0
2017-08-04,80.83376120688513,81.10392745902675,79.82514248655072,80.90580749511719,7975937.0
2017-08-07,81.04990776782986,81.50018492463292,80.32946431694498,81.39212036132812,4619568.0
2017-08-08,81.59023321837758,81.62625636493445,79.77111561835984,80.2934341430664,3229672.0
2017-08-09,80.18536941981937,81.12194679922217,79.53696744062387,79.93321228027344,4573769.0
2017-08-10,79.89718446313167,79.89718446313167,77.57375760950826,78.31221008300781,6813656.0
2017-08-11,76.5471214413226,79.42889468924908,76.3670106133272,78.8525390625,8860877.0
2017-08-14,78.97862682802409,80.67167076291429,78.8885714035261,80.2394027709961,4990789.0
2017-08-16,80.58161108181336,80.92381874533747,79.12271035051832,79.50094604492188,5221989.0
2017-08-17,79.4288976074409,79.82514242075247,78.79850968629674,79.05066680908203,2837686.0
2017-08-18,78.88856951619935,80.61763167086717,78.78050496371488,80.31144714355469,7721084.0
2017-08-21,80.68968728824309,81.03189988702515,79.08669863094599,79.35686492919922,5203218.0
2017-08-22,79.95123261126284,80.09532032274706,78.5463639882873,79.06868743896484,6646897.0
2017-08-23,79.1046972812329,79.53696034296989,78.4022630879092,79.15872955322266,5312780.0
2017-08-24,79.06868001632475,80.04128052772414,78.90657830248507,79.59100341796875,5492256.0
2017-08-28,79.5729800071872,79.5729800071872,78.04203801477175,78.20413970947266,9753985.0
2017-08-29,78.27618367058834,78.72646074192774,77.01540787083803,77.55574035644531,12235532.0
2017-08-30,78.11409548042633,78.33022947569486,77.17751809147568,77.663818359375,9313551.0
2017-08-31,77.89795740263637,79.2487886949952,77.46568943475386,78.97862243652344,8143692.0
2017-09-01,78.78051158817516,78.78051158817516,77.73586469249307,77.98802185058594,8803556.0
2017-09-04,78.02404038659458,78.97862691010153,76.65519500131074,78.38426208496094,6239751.0
2017-09-05,78.34823004807,78.3842531909831,77.77187441891691,77.87994384765625,3937595.0
2017-09-06,77.44769091588947,77.82592177524171,76.72724746126055,77.1955337524414,4800221.0
2017-09-07,77.62779340529755,77.86193652562935,76.92535915848286,77.77188110351562,5008597.0
2017-09-08,77.87993258277687,78.04202937371115,76.51108755080642,76.76324462890625,8588797.0
2017-09-11,77.22072734072636,79.05060192568646,77.09263512700865,78.90421295166016,6205180.0
2017-09-12,78.90421378953594,79.16039325583921,78.42844341408266,78.79441833496094,4307268.0
2017-09-13,78.79444746186313,79.08723048510652,77.95270681822899,78.22718811035156,3679773.0
2017-09-14,78.06246634081253,79.05060058547937,77.82458364157124,78.30035400390625,6793237.0
2017-09-15,77.84289874716976,78.11738495880213,76.15941773187598,77.76970672607422,9054445.0
2017-09-18,77.76970677622766,79.5446865057793,77.76970677622766,78.81273651123047,10470233.0
2017-09-19,79.19698886451091,79.19698886451091,77.87947820442649,78.9957046508789,5530915.0
2017-09-20,79.01400911942739,79.12380458072677,77.76969530500448,77.91608428955078,5687495.0
2017-09-21,77.91607178664091,77.91607178664091,76.98283781653961,77.42200469970703,5113744.0
2017-09-22,76.87304329163779,77.34881362557059,76.15939523651677,76.69005584716797,5195124.0
2017-09-25,76.48879769589135,78.26377750457746,75.99473043477302,76.90966796875,13057600.0
2017-09-26,78.13566534485939,78.13566534485939,76.90964836899916,77.12923431396484,6570371.0
2017-09-27,77.58669285099282,77.97096448170379,75.6836215278245,76.17768859863281,7885119.0
2017-09-28,75.3908599345181,77.18413620576509,75.02488498267778,76.48878479003906,11633088.0
2017-09-29,77.22071838378906,77.82457593401313,75.42743752745127,77.22071838378906,13782560.0
2017-10-03,77.64159685924812,77.67819534341461,75.20786467418479,75.44574737548828,12296210.0
2017-10-04,75.0431578487297,77.09261791919636,75.0431578487297,76.5070571899414,12075908.0
2017-10-05,76.48879349890062,76.63518250353371,74.71381378760881,75.006591796875,17352392.0
2017-10-06,75.02488149004843,75.33595621354888,74.49421584904283,74.93338775634766,13466622.0
2017-10-09,74.96998006282024,74.96998006282024,73.06691341102123,73.54267883300781,21446056.0
2017-10-10,73.57927851203505,75.39085642485153,73.56098175083599,74.93338775634766,14560236.0
2017-10-11,75.17127624309168,75.4274557388125,73.7073763914763,74.238037109375,11830976.0
2017-10-12,74.31122435027429,74.7320945096952,73.74396521764425,74.0367431640625,5518551.0
2017-10-13,74.0733454425415,75.79342961644986,73.26819860287105,75.26276397705078,11394674.0
2017-10-16,75.64701239615727,76.34236852730703,75.07975340901005,75.2993392944336,11521216.0
2017-10-17,75.11636582452908,75.7202233986237,74.64059549050597,74.98827362060547,4936452.0
2017-10-18,75.46403718946641,78.41013795397826,75.39084519172293,78.1539535522461,18484486.0
2017-10-19,77.8977829215714,77.95267816704852,76.69006270181195,77.09263610839844,559370.0
2017-10-23,77.93436763131167,78.39184119550539,77.2207195930898,78.1539535522461,14162373.0
2017-10-24,78.06247807498691,79.01401397883726,77.36712663273777,78.70293426513672,7050716.0
2017-10-25,79.05060549337074,80.14853029389795,78.24545865410968,79.08720397949219,16306452.0
2017-10-26,78.4650546584092,78.95912187470732,77.12924697275382,77.58671569824219,23524154.0
2017-10-27,77.71480233481287,78.1539693013278,77.00114918892824,77.4952163696289,9985329.0
2017-10-30,77.56838733276976,78.50162619058993,77.53179381838014,77.73307800292969,4118717.0
2017-10-31,77.84286633388193,80.11191235624472,77.11091664458445,77.53179168701172,16442260.0
2017-11-01,77.89778646686166,78.0990706973895,76.36068974043046,76.98284912109375,12417385.0
2017-11-02,77.58670598264816,79.16039621572556,77.51350901019458,78.75782775878906,16259892.0
2017-11-03,80.69749463719003,80.69749463719003,76.70836875866179,76.87305450439453,26293141.0
2017-11-06,77.12923312052898,78.06246716737733,76.67176447720087,77.11093139648438,7985183.0
2017-11-07,77.4403157839219,77.65989677012449,75.57384265423136,75.99471282958984,9702210.0
2017-11-08,76.12279336051009,76.83644138380929,75.81171372601212,76.17768859863281,12777065.0
2017-11-09,76.78156329608912,76.78156329608912,75.02488550066822,76.12281036376953,9492091.0
2017-11-10,75.75683905586179,77.58671391577602,75.57385156987037,77.34883117675781,8999608.0
2017-11-13,77.55009477810655,78.08076033173336,76.59855911152674,77.22071838378906,7885278.0
2017-11-14,77.22072677183468,77.23902353200849,75.42744572070303,75.738525390625,4927717.0
2017-11-15,75.64703285377554,75.95811252859818,74.80529252317551,75.75682830810547,8653007.0
2017-11-16,75.79345316071364,76.43390949362971,75.07979983277973,76.23262023925781,18027175.0
2017-11-17,76.59857909787948,76.8364618356306,76.03131987986887,76.34239959716797,9193722.0
2017-11-20,76.96453544231727,76.96453544231727,75.26275323626744,76.41557312011719,8277194.0
2017-11-21,76.47049568167088,76.47049568167088,75.31767538593057,75.61045837402344,15596732.0
2017-11-22,76.17770466313453,76.17770466313453,75.06147808793828,75.77513122558594,8665005.0
2017-11-23,76.08618712211332,76.78153831641859,75.59212010168409,76.5070571899414,6824919.0
2017-11-24,76.30579308739372,77.53181010091794,76.12280562160959,77.2939224243164,7734712.0
2017-11-27,77.51352574840405,77.53182747739588,76.12282268230055,76.90966796875,14811199.0
2017-11-28,76.85475024228658,76.85475024228658,75.46404261887929,76.25089263916016,21546865.0
2017-11-29,76.34239783934991,76.76326805242705,75.95812115135098,76.39729309082031,7324543.0
2017-11-30,76.30579741808808,76.30579741808808,75.07978033498192,75.4091567993164,19256592.0
2017-12-01,75.7568213240678,75.88491352705093,74.00013889141083,74.27462005615234,8172074.0
2017-12-04,74.4759277662899,74.64061352782996,73.52439183215176,74.20144653320312,7124561.0
2017-12-05,73.92694596662551,74.0916316850967,72.04217135458958,73.3047866821289,17485101.0
2017-12-06,73.08520983517629,73.50608000866409,72.70093814717713,73.2864990234375,5557173.0
2017-12-07,73.28649657395792,74.29292759006782,72.9937136636872,74.0367431640625,11119755.0
2017-12-08,74.29292765875246,74.58570560544139,73.15840442859101,74.32952117919922,14615599.0
2017-12-11,74.5857121722415,75.17127308102678,74.14654024968932,74.7686996459961,8231500.0
2017-12-12,74.84189328010685,74.84189328010685,73.89035746628883,74.25633239746094,8310332.0
2017-12-13,73.56097818117806,74.09163883257982,73.1401030554959,73.37799072265625,12105970.0
2017-12-14,73.67078514337089,73.7805756574919,72.6460571320629,73.23161315917969,12838407.0
2017-12-15,73.7073708383081,73.98185203980636,72.28006958328766,72.77413177490234,22654959.0
2017-12-18,72.81073094129927,73.23160112809056,70.77957201678103,73.15840911865234,16832008.0
2017-12-19,73.45120151210972,74.29294701488892,72.90223899615302,74.14655303955078,20133065.0
2017-12-20,74.32951529633024,74.42100901791075,73.17669539718626,74.27462005615234,14097971.0
2017-12-21,74.95168052072879,74.95168052072879,73.96354626391181,74.32952117919922,7881749.0
2017-12-22,74.29293675804347,74.5125177630279,73.8720615828328,74.31123352050781,7399925.0
2017-12-26,74.25632735109119,74.65890074079265,73.63416802483871,74.09163665771484,7946762.0
2017-12-27,74.10994858362017,74.8418984969852,73.48778917171869,73.6341781616211,7831439.0
2017-12-28,73.72566674759507,73.9452526990268,72.64604367915581,72.88392639160156,15796200.0
2017-12-29,73.0303116551667,73.81715672422729,72.99371317114826,73.32308959960938,8561565.0
2018-01-01,72.84733352489046,73.83546790062789,72.84733352489046,73.26820373535156,6388017.0
2018-01-02,73.65246987534067,73.85375408861196,72.93881682128362,73.469482421875,4383705.0
2018-01-03,73.74397864689854,74.09165190110221,73.41459719237993,73.79887390136719,8187397.0
2018-01-04,73.92695217628261,74.2380268808083,73.19500235132348,73.32308959960938,4204055.0
2018-01-05,73.67077784169042,73.94525906364206,73.41459338232765,73.65248107910156,4923559.0
2018-01-08,73.92695929990818,74.38442798458946,73.2133061662642,73.39629364013672,11797863.0
2018-01-09,73.59755237331672,73.7073477979064,73.30477450211332,73.56095886230469,7380366.0
2018-01-10,73.8903577916903,73.8903577916903,72.64604401299592,73.14010620117188,8710385.0
2018-01-11,72.8656260210128,73.3047979320387,72.20687311832673,72.40815734863281,12305664.0
2018-01-12,72.49966340348956,72.57286038905035,71.62132439602819,71.85920715332031,9411915.0
2018-01-15,72.38986507376953,73.28650571274632,71.42003242098741,72.93882751464844,9962401.0
2018-01-16,72.86564019324503,72.93883718060361,71.12725890008915,71.80431365966797,13205546.0
2018-01-17,71.73110533477063,72.71923465642983,70.99915548294042,72.24346923828125,13012437.0
2018-01-18,72.68263998653089,73.12181190622431,71.63961536400153,72.09708404541016,24603506.0
2018-01-19,72.09708160586374,72.46305653860715,71.10894730191544,71.7677001953125,8082214.0
2018-01-22,71.78599420294123,72.07877213211992,71.3651240683023,71.47491455078125,9833311.0
2018-01-23,71.47492426291407,71.85919596765812,71.01745558400314,71.67620849609375,16134097.0
2018-01-24,71.47491637824425,72.07877397502229,71.42002113560122,71.71279907226562,11061376.0
2018-01-25,71.98729432893583,72.04218958231553,70.68808515558537,71.10895538330078,13143678.0
2018-01-29,71.18213884031219,71.73110119752224,70.99915138790884,71.05404663085938,11002896.0
2018-01-30,70.9259848353426,71.78602722320558,69.79146115117364,71.34685516357422,22826262.0
2018-01-31,71.34683456217408,71.4749267895678,70.26721142009109,70.92596435546875,14372442.0
2018-02-01,71.1821315785018,71.42001424958754,69.1692648435599,71.31021881103516,17028230.0
2018-02-02,71.18214136661423,71.18214136661423,69.90122419047785,70.5965805053711,22083930.0
2018-02-05,69.53525102800494,72.07877875643182,69.53525102800494,71.91409301757812,21997294.0
2018-02-06,69.53527662241294,71.58473796093519,69.53527662241294,71.34685516357422,13495253.0
2018-02-07,71.65790144354432,72.04217309310233,70.77956269894588,71.54811096191406,14316750.0
2018-02-08,71.90020498370995,72.14110665962681,71.28867877127256,71.60370635986328,33536651.0
2018-02-09,71.1589659643665,72.01138882587195,70.78834142784596,71.60370635986328,15183068.0
2018-02-12,71.9743113197396,73.77181658364684,71.64075483383412,73.56797790527344,11747845.0
2018-02-14,73.549465441151,73.549465441151,71.78902261090735,72.43760681152344,13853923.0
2018-02-15,72.64144314695257,73.49386599841195,72.15963477394828,73.34561920166016,8833619.0
2018-02-16,73.41975597181454,73.47535293111817,72.17818438189741,72.47467803955078,6252218.0
2018-02-19,72.49318286255247,72.99352014168726,71.75194393845597,71.9557876586914,4332550.0
2018-02-20,72.23376528880836,72.77116058963495,71.80755383591855,72.27082824707031,8479558.0
2018-02-21,72.49318155742628,72.60437041014788,71.64075882080111,71.88166046142578,9258406.0
2018-02-22,71.64076848404022,72.08551390121977,70.1397564711958,70.5103759765625,25535938.0
2018-02-23,70.64009999190665,71.84461348977898,70.54744510745493,71.62224578857422,11567495.0
2018-02-26,72.2708253076095,73.08618522196413,71.529586279915,72.69703674316406,8362326.0
2018-02-27,73.1047064497477,73.47532589888512,72.47465137547489,73.2900161743164,17333449.0
2018-02-28,72.93794305550563,73.45680940248532,72.41907670852594,73.27149963378906,5795018.0
2018-03-01,73.04911997111898,73.56799129568921,72.47466175343602,73.16030883789062,8106682.0
2018-03-05,72.93794597536753,73.03060086342484,71.99286812792279,72.99353790283203,6992551.0
2018-03-06,73.04911854967281,73.1973703691502,71.19602107469166,71.58517456054688,9525018.0
2018-03-07,71.43692645697979,71.90020081722353,70.88099219783876,71.65929412841797,9481007.0
2018-03-08,71.84460415772067,72.60437712764563,71.30720891381371,72.4190673828125,10429826.0
2018-03-09,72.45613493298248,72.51172685458886,71.0848407234978,71.49252319335938,9887071.0
2018-03-12,71.7148989536882,72.51172993549942,71.52958918922751,72.27082824707031,14242997.0
2018-03-13,72.23375287318446,73.01205475551377,71.62223176094294,72.28934478759766,10581316.0
2018-03-14,72.14109607926612,72.71555422426655,71.71488471102244,72.0299072265625,8577503.0
2018-03-15,71.8816810465441,72.54879927337544,71.8260891176872,72.19670867919922,6132848.0
2018-03-16,72.04846376336153,73.0676675844452,70.91807105477712,71.25163269042969,10373796.0
2018-03-19,71.67784108335329,72.30789131113325,71.34428448901691,71.97433471679688,13496140.0
2018-03-20,71.93725841374139,72.6784973867226,71.45545509204301,72.23375701904297,9661410.0
2018-03-21,72.45614315470448,72.45614315470448,71.75196197828947,71.97433471679688,9675146.0
2018-03-22,71.97432525586133,72.1596350091172,71.25162023427275,71.41839599609375,11371840.0
2018-03-23,70.78834046973974,72.36347839137422,70.78834046973974,71.99285888671875,9062739.0
2018-03-26,72.04844727579767,72.45612971630703,71.99285535819378,72.23375701904297,15451169.0
2018-03-27,72.30788195932725,72.771156343447,72.30788195932725,72.62290954589844,7563470.0
2018-03-28,72.45613974863967,72.56732359924206,71.27015521691801,71.62224578857422,14095921.0
2018-04-02,71.49251804606176,72.34494085425075,71.49251804606176,72.23375701904297,6821616.0
2018-04-03,72.19670922656628,73.93862318961908,72.1040543354858,73.58653259277344,6269850.0
2018-04-04,73.73476871982376,74.08685926560783,72.14110683509854,72.65997314453125,9689298.0
2018-04-05,73.34562153967174,73.54946026334706,72.64144546251738,72.73410034179688,8673501.0
2018-04-06,73.1973727983162,73.34561959586476,72.54878866054855,72.62290954589844,7948746.0
2018-04-09,72.64145052958511,72.8267603010703,72.34495187909928,72.58585357666016,4610445.0
2018-04-10,72.95647494223924,73.62359315236147,72.75263619925292,72.99353790283203,7562115.0
2018-04-11,73.38268924323854,73.45681013534701,72.56732424210061,73.01206970214844,5790314.0
2018-04-12,73.08619922231065,73.34563494244063,72.67851667361349,72.77117156982422,3537785.0
2018-04-13,72.8267605218242,73.38268983796486,72.78969756204496,73.19738006591797,3438013.0
2018-04-16,73.1047180711065,74.45747827013496,72.93793728174255,73.82742309570312,9628436.0
2018-04-17,75.30989392150279,76.77384284897126,74.93927444891312,75.93994903564453,23457958.0
2018-04-18,76.01407056037274,76.27350620413071,75.73610595356708,75.97701263427734,8814122.0
2018-04-19,76.16231918417132,77.42242434357566,75.95847546493724,77.12593078613281,10627620.0
2018-04-20,77.38536583298963,77.68186443429538,76.42175417573071,76.79237365722656,5446620.0
2018-04-23,77.051816997199,77.051816997199,76.05114228652211,76.64413452148438,4139986.0
2018-04-24,77.16300373736742,77.16300373736742,75.90289833257071,76.51441955566406,3594644.0
2018-04-25,76.49588613853676,77.83011738291545,75.56933736144724,76.84797668457031,5924775.0
2018-04-26,76.92209279692561,77.34830420256681,76.4217554829779,76.71825408935547,7950190.0
2018-04-27,76.903564427352,77.34830480008117,76.75531763644227,77.05181121826172,7371596.0
2018-04-30,76.92209817810172,77.45949848379716,76.73678842122037,77.03328704833984,5644871.0
2018-05-02,76.71827049550632,77.49657259177008,75.86584247508425,76.03262329101562,7210903.0
2018-05-03,75.97702424979074,76.922102046676,75.32844006808739,76.51441955566406,3782713.0
2018-05-04,76.71826167945544,77.01475528831799,75.79171286819869,76.86650848388672,22466426.0
2018-05-07,76.71824833420652,77.83010671430527,76.71824833420652,77.57067108154297,6003886.0
2018-05-08,77.64480607192324,79.31259383727111,77.40390440007607,78.84931945800781,19748071.0
2018-05-09,78.57133897923907,79.20139401866751,78.25631145952485,78.5157470703125,13934330.0
2018-05-10,78.27486192770102,78.49723465135611,75.86583497961063,77.08888244628906,13973187.0
2018-05-11,77.38537904640377,77.45950496609917,76.32911233841524,76.66267395019531,10688957.0
2018-05-14,76.34762480287856,77.75597666516296,76.34762480287856,77.47801208496094,13962128.0
2018-05-15,77.45950560128868,80.05384243601232,77.32978775418263,79.25701141357422,56040833.0
2018-05-16,79.46085020297106,79.6832229371682,78.77520303371712,79.1087646484375,18183776.0
2018-05-17,78.75667406705459,80.05384248521365,78.68254814670576,79.1087646484375,17900935.0
2018-05-18,79.20140867564817,79.68321201130443,78.60841647471446,78.9234390258789,18414996.0
2018-05-21,79.47937397618128,79.47937397618128,78.42310739470786,78.812255859375,16669979.0
2018-05-22,79.21994421630896,79.31259909830769,77.64481122233057,78.10808563232422,9411261.0
2018-05-23,78.20073632431402,78.73813159500348,77.71892794762657,78.31192016601562,18219990.0
2018-05-24,78.71960805137233,78.71960805137233,78.34898851771251,78.47870635986328,17260447.0
2018-05-25,77.9227763823156,78.96050905680676,77.9227763823156,78.58988952636719,30090956.0
2018-05-28,78.66400864779307,78.75666352239897,76.45882062143349,76.69972229003906,17488299.0
2018-05-29,77.18152844914992,77.71892369040238,76.25497972956101,76.71825408935547,15749359.0
2018-05-30,76.71824961327857,78.55281295491908,76.71824961327857,77.6447982788086,36016623.0
2018-05-31,77.79306254630507,78.83079527422171,74.71691726917828,77.62628173828125,274352477.0
2018-06-01,76.68120742024692,77.0518269867922,74.25364624326558,76.32911682128906,17096388.0
2018-06-04,76.69972741119004,76.69972741119004,74.34629243369466,74.75397491455078,14456405.0
2018-06-05,74.42041820944682,74.55013604768254,72.3078849206051,73.69770812988281,13788817.0
2018-06-06,73.19736721965471,75.3284292241889,73.19736721965471,74.5315933227539,8130515.0
2018-06-07,74.66132663199112,75.5878755217988,73.47534706914695,75.14313507080078,7683528.0
2018-06-08,74.45747771757175,74.56866155842341,72.91940777593047,73.34561920166016,12429285.0
2018-06-11,73.60505379650685,73.84596050938528,72.08551776454489,72.53025817871094,19668041.0
2018-06-12,72.80821103353445,72.80821103353445,71.67782367535614,72.28934478759766,13416832.0
2018-06-13,72.7526386277557,73.88302628904769,72.30789313949516,73.43828582763672,10866676.0
2018-06-14,73.45680644564447,73.88301789111985,72.86381420431618,73.69770812988281,7205187.0
2018-06-15,73.69770691872701,73.75330386766363,72.73410019760968,73.32708740234375,9527937.0
2018-06-18,73.32708232393581,73.93860850509489,72.7340951602702,73.62358093261719,4303444.0
2018-06-19,73.21591647704707,74.01274757250138,72.93795179071303,73.64212799072266,8099053.0
2018-06-20,73.64211812558295,74.01273765771329,72.93794201990517,73.80889892578125,8160216.0
2018-06-21,73.41974759565794,73.62359136053254,71.82608557059812,72.43760681152344,10942576.0
2018-06-22,72.71557032770028,73.5309353207035,71.93726829380614,73.27149963378906,7677797.0
2018-06-25,73.27150316009903,73.49387589860643,70.97365990693828,71.97433471679688,8701812.0
2018-06-26,71.86312630303765,72.1596198351599,70.04708708153379,70.69567108154297,9869227.0
2018-06-27,71.14043230313936,71.34427605051472,68.8240603569342,69.37998962402344,13094540.0
2018-06-28,69.82472482545435,69.95443761397162,67.87896764866986,68.49049377441406,22542641.0
2018-06-29,68.65727484597767,70.54743522950501,68.23106344254711,69.2502670288086,8435793.0
2018-07-02,69.30585773983688,69.43557556301806,68.0086895617218,68.5831527709961,13100144.0
2018-07-03,68.2125402779108,68.73140659692982,67.15627364789242,68.3978500366211,9990760.0
2018-07-04,68.65728106483358,70.1397591427669,67.50835954906547,67.8233871459961,10626271.0
2018-07-05,67.87898843799205,68.1013611857463,66.91538157580639,67.32305908203125,7739370.0
2018-07-06,67.32304990109198,67.78632430121526,67.02655629575267,67.37864685058594,7229617.0
2018-07-09,67.52688779635722,68.56462035188675,67.45276188802717,68.37931060791016,10238815.0
2018-07-10,68.56462519516867,68.69434303048503,67.97163296718595,68.21253967285156,7258266.0
2018-07-11,68.11988513322167,68.47197065729044,67.6010137893748,67.78632354736328,3825437.0
2018-07-12,67.89752075250553,68.04576757172343,67.30452844878438,67.6751480102539,11523981.0
2018-07-13,67.526872906629,67.95308421842554,67.17478245997027,67.36009216308594,4793733.0
2018-07-16,67.1006692036058,67.63806438746985,66.9338884411509,67.21185302734375,12191173.0
2018-07-17,66.97094443924406,67.54540251367023,66.7115088416563,67.24890899658203,4698206.0
2018-07-18,67.67515039172663,68.11989589188036,65.988833338439,66.15560913085938,5845129.0
2018-07-19,66.37797015919443,67.00802533534196,65.63673114106737,65.76644897460938,5980121.0
2018-07-20,65.78498028652494,65.95176108229377,64.52487491611825,65.1549301147461,5273662.0
2018-07-23,65.21051974392725,65.97028772715143,65.09933087504278,65.61820220947266,6336970.0
2018-07-24,66.04442057793099,66.13707546497736,65.32171044822968,65.87763977050781,6260188.0
2018-07-25,66.21118555046343,66.34090337652358,64.74724159020877,65.09932708740234,7757736.0
2018-07-26,65.3217008502565,68.11988104401851,64.5619328988518,67.39717102050781,33869484.0
2018-07-27,67.91605322388561,68.49051658991183,66.04442635263999,66.67447662353516,19690254.0
2018-07-30,67.04507888262742,68.10134541978948,66.73005634199271,67.89750671386719,10288607.0
2018-07-31,68.06427417769498,68.78698409586629,67.3971611969583,67.5639419555664,11713824.0
2018-08-01,67.82338265305239,68.84258626411466,66.76711608712725,68.45343780517578,10299992.0
2018-08-02,68.9908128421889,70.51034819398413,68.47194171764278,69.9358901977539,12305598.0
2018-08-03,70.34358977308116,70.76980113561405,70.04709119669236,70.49183654785156,7491196.0
2018-08-06,71.10337598064653,71.10337598064653,69.91739644964571,70.2138900756836,4944677.0
2018-08-07,70.36212446145957,70.65862306197965,69.54676462043827,70.08415985107422,3270258.0
2018-08-08,70.08416744271129,70.67715968113698,69.62089304188636,70.23241424560547,6225545.0
2018-08-09,70.23241843884331,71.52959186545002,69.62089719861324,71.38134002685547,6328977.0
2018-08-10,71.78902499638782,71.84461692434661,70.08417403560513,70.62157440185547,4909902.0
2018-08-13,69.89884821254122,70.41771446579976,69.36145299649957,69.67647552490234,2537940.0
2018-08-14,69.50970173199329,70.0470969631316,69.13908225113305,69.63941955566406,2304692.0
2018-08-16,69.45410852694206,70.41771513782619,69.34291966863735,69.56529235839844,3661689.0
2018-08-17,69.86179233116604,70.04710208514648,68.84258868427372,69.34292602539062,4022502.0
2018-08-20,69.4911712420684,69.9915085718011,68.78699519833471,69.54676818847656,2487784.0
2018-08-21,69.54676754482328,69.78766921191728,68.87964943573762,69.50970458984375,3655095.0
2018-08-23,69.50969600979369,70.78833009739235,69.50969600979369,70.49183654785156,9442607.0
2018-08-24,70.60301752214443,72.12255821260881,70.25093207463358,70.7697982788086,8393334.0
2018-08-27,70.84393691973493,73.49386535405458,70.75128204422133,73.30855560302734,14042229.0
2018-08-28,73.23443323859529,74.29069987597487,72.5487911480681,73.06765747070312,8224129.0
2018-08-29,73.01206775021646,73.77183577839955,71.1960280259462,71.5481185913086,6955827.0
2018-08-30,71.62224857569358,73.45681234311856,71.30722095092887,72.99353790283203,22347117.0
2018-08-31,72.2152314525392,74.95781999397231,72.2152314525392,74.67985534667969,11854651.0
2018-09-03,75.18017894565817,75.97701486335806,71.90020051059902,72.08551025390625,8999761.0
2018-09-04,72.08552770830644,72.80823286608747,71.02926091032681,72.0669937133789,5387824.0
2018-09-05,71.95580468417806,73.01207140630883,71.436938319911,72.51173400878906,7334087.0
2018-09-06,72.64145182092611,74.77251423088931,72.4561420461467,73.86449432373047,16457730.0
2018-09-07,74.45748172064425,74.45748172064425,71.4739915264369,72.53025817871094,4580610.0
2018-09-10,72.62427415517703,73.31987378417661,71.49627641079377,72.549072265625,6293799.0
2018-09-11,72.58663949786207,73.26343579023055,70.01104482444711,70.27424621582031,9560546.0
2018-09-12,70.34946340890198,73.41386082803466,70.34946340890198,72.86865997314453,13582243.0
2018-09-14,73.4138536781228,75.93304489720133,72.90625381090523,75.2562484741211,22816500.0
2018-09-17,74.22225693793388,76.53465085710768,74.22225693793388,75.91425323486328,15162744.0
2018-09-18,75.76386148161994,76.6662585688412,74.5042631037119,74.78626251220703,4937349.0
2018-09-19,74.8238704578067,75.19986970433204,73.77106950764606,74.5606689453125,6025625.0
2018-09-21,74.82385244568654,75.91424897815891,73.35745165738703,75.35025024414062,11174973.0
2018-09-24,75.19985695247519,75.33145258659107,73.15065936647397,74.29745483398438,3992299.0
2018-09-25,74.07185803398605,74.67345263543113,72.06026142343529,72.4174575805664,10770907.0
2018-09-26,72.73705222905207,72.94385481951385,70.76305670994724,72.5114517211914,7286693.0
2018-09-27,72.56786097409224,73.6582575586215,72.24826065626078,73.1506576538086,8101331.0
2018-09-28,73.13186046950318,74.42905457281371,70.4434622688169,70.83826446533203,10284429.0
2018-10-01,70.80065712929394,72.90625335431149,69.8982602042335,72.34225463867188,4684738.0
2018-10-03,71.62783279101593,72.30463412641491,70.81943587078497,71.04503631591797,10349581.0
2018-10-04,70.68785325030593,71.79705274743948,69.39065928396883,71.15785217285156,11239097.0
2018-10-05,71.06383983204843,72.0226405245195,70.0674433122683,70.42464447021484,7035573.0
2018-10-08,70.12387099958507,71.08267208647379,68.61987409448828,70.1802749633789,4680183.0
2018-10-09,70.33065397954465,71.23305085045858,69.67265551744697,70.14265441894531,5552286.0
2018-10-10,70.01106199726465,71.0450597030069,70.01106199726465,70.3682632446289,3526073.0
2018-10-11,69.91705122931047,70.87584691145712,69.20265394655276,69.82305145263672,10016561.0
2018-10-12,70.02985551156391,71.34585250883863,69.97345666021508,70.8570556640625,6856067.0
2018-10-15,70.85704931629935,71.439845894385,69.97345039160957,70.72544860839844,6926558.0
2018-10-16,70.66904613077013,70.98864637644559,69.59744770694726,70.38704681396484,6530627.0
2018-10-17,70.706651033293,71.47744716928656,70.68784801789418,71.10144805908203,4151254.0
2018-10-19,71.06384294414573,71.98504274983601,70.33064778230307,71.12024688720703,9497796.0
2018-10-22,71.21424665922383,71.81584112028015,70.78184362809532,71.12024688720703,4377225.0
2018-10-23,70.68786603708578,72.43626642507668,69.86067084366235,71.79706573486328,4599675.0
2018-10-24,72.00385071204224,72.28585516725879,71.21425659676892,71.59025573730469,4510189.0
2018-10-25,71.3270654224929,72.24826550039299,70.19906782497387,71.92866516113281,7455415.0
2018-10-26,71.571459802034,71.81585824760133,70.61266393872556,70.83826446533203,6390862.0
2018-10-29,71.214253921997,71.62784888120012,70.46225566917015,71.2706527709961,8374975.0
2018-10-30,71.06384958584331,71.27065216349666,69.78545358689743,69.99225616455078,5105532.0
2018-10-31,69.59745295289076,70.21785047666233,67.22866055310311,69.91705322265625,9622136.0
2018-11-01,69.97345666021508,71.17665595479217,69.76665917199782,70.8570556640625,5603131.0
2018-11-02,71.08264090122378,72.30463785050259,70.95104020980025,71.38343811035156,6034462.0
2018-11-05,71.0826636831674,71.25186025509903,69.5598639368909,69.95466613769531,4872816.0
2018-11-06,70.349449500004,71.06384678599056,69.55985035241284,70.72544860839844,7337064.0
2018-11-07,71.43985298891002,71.43985298891002,70.72545563197832,71.08265686035156,223308.0
2018-11-09,71.06384849966646,72.26704771546902,70.98865173606282,72.07904815673828,9231137.0
2018-11-12,72.00384628438277,72.53024912861507,69.27785268312527,69.91705322265625,3906667.0
2018-11-13,70.31185400252113,70.68785313997074,68.75145860206818,69.2026596069336,7750412.0
2018-11-14,69.29665569888466,70.31185025601604,69.22145383547593,69.91705322265625,9918943.0
2018-11-15,69.93587187414938,70.87586994639,69.76667528103563,70.34947204589844,8814911.0
2018-11-16,70.3118485692017,71.439845894385,70.01105132241187,70.72544860839844,5537047.0
2018-11-19,70.76305815351579,71.62785416817289,70.55626065865016,71.32705688476562,5155461.0
2018-11-20,71.85345918533828,71.85345918533828,70.49986112551471,70.83826446533203,2673334.0
2018-11-21,70.49986957567258,70.63147032361803,68.16867745416158,68.46947479248047,6426666.0
2018-11-22,69.07104778514093,69.07104778514093,66.85265425077564,67.60465240478516,6231287.0
2018-11-26,67.69865453425695,68.75144994664898,67.24745358619518,68.6010513305664,5022526.0
2018-11-27,68.41305612786063,69.54105346979783,67.79265860975804,68.63865661621094,6727512.0
2018-11-28,68.39427440144898,69.5598730375644,68.24387572900544,69.29667663574219,9281286.0
2018-11-29,69.54104925299818,70.87584398675943,67.41665540779736,67.86785125732422,16395530.0
2018-11-30,68.05586741532336,69.0146683917622,67.0406726812188,67.73626708984375,10573839.0
2018-12-03,68.09345815504335,70.87585067226274,68.09345815504335,69.10865783691406,11107638.0
2018-12-04,68.95826305546584,70.76306215747448,68.48826408616388,70.4058609008789,6304336.0
2018-12-05,69.59746457646472,70.57506346497637,68.61986568795307,68.99586486816406,5774768.0
2018-12-06,68.99586486816406,69.71026739041717,68.69506756392137,68.99586486816406,8600328.0
2018-12-07,69.10864966744603,70.3118436705934,67.92424847866906,68.6762466430664,8378029.0
2018-12-10,67.86786003139336,68.58225737702988,66.42026232324203,67.41666412353516,6431248.0
2018-12-11,66.85265819682792,68.16865504402274,66.60825470249755,67.79265594482422,6514193.0
2018-12-12,68.01825399829397,69.10865550868478,67.94305723538679,68.63865661621094,7396629.0
2018-12-13,68.56345475348938,68.8078531576129,68.09345586101554,68.63865661621094,4251108.0
2018-12-14,68.24385316459185,70.02984892139328,67.86785405789682,69.82305145263672,9276710.0
2018-12-17,71.43985780627642,73.90265543679574,71.3270600948759,72.3986587524414,23727234.0
2018-12-18,72.53026702736648,74.07186480915996,71.77826860696142,73.82746124267578,15507368.0
2018-12-19,73.33866130899155,75.01185976586707,73.33866130899155,74.82386016845703,11434466.0
2018-12-20,74.09064842696608,74.80504576847741,73.28225130105025,74.42904663085938,7938383.0
2018-12-21,74.44786376058812,74.86145881052073,73.56426459972036,74.03426361083984,8722621.0
2018-12-24,74.07186473680089,74.3726620647428,72.64306467953766,72.92506408691406,8563441.0
2018-12-26,72.79346227658968,73.80866216819146,71.94746406686006,73.43266296386719,4766041.0
2018-12-27,73.33865779000783,75.01185616659886,72.75586110592704,73.90265655517578,46486470.0
2018-12-28,74.25985412689789,74.57944933144334,73.54545164662812,74.09065246582031,5142112.0
2018-12-31,73.95905270498214,75.19985300283007,73.69585635075867,74.69225311279297,6317785.0
2019-01-01,74.24105860919788,75.38785921719031,73.7334586745006,75.19985961914062,3961625.0
2019-01-02,74.86144919480442,75.19985251919613,72.94385755559806,73.41385650634766,7876559.0
2019-01-03,73.2822541143462,73.31985504951444,72.19185759335667,72.58665466308594,7942863.0
2019-01-04,72.68067272841017,73.9778721691297,71.9662751798207,73.65827178955078,4017540.0
2019-01-07,73.7334360524089,74.78623653836769,73.63943628222404,74.61703491210938,3592512.0
2019-01-08,74.41027097018778,74.63587154019919,73.62067152505597,74.2034683227539,3990870.0
2019-01-09,74.20345503829286,74.72985797401759,73.54545646845223,74.29745483398438,4087529.0
2019-01-10,74.24105890589418,74.24105890589418,73.2822629919352,73.56426239013672,3589725.0
2019-01-11,73.28226496544828,73.65826417317608,72.66186729266053,73.0754623413086,2995789.0
2019-01-14,72.96267197390604,73.07546970766867,71.8158712148438,72.37987518310547,5370460.0
2019-01-15,74.823858838373,74.823858838373,71.59026480043826,72.3610610961914,11498868.0
2019-01-16,72.37987125568048,73.00026895734374,72.04146787312246,72.1918716430664,8515441.0
2019-01-17,72.19185267968781,73.15064841223646,72.19185267968781,72.90625,5325531.0
2019-01-18,72.9438684271526,73.95906325218736,72.37986960219467,72.79346466064453,4366941.0
2019-01-21,72.92505079567087,73.20705015165038,71.68425566928693,71.90985107421875,4067143.0
2019-01-22,71.81585374525618,71.90985353379781,70.87585585983979,71.32705688476562,3577455.0
2019-01-23,71.27066528308914,72.00386064842446,69.82306737229804,70.04866790771484,6173490.0
2019-01-24,70.19905944305192,71.10145639335586,69.76666143559534,70.21785736083984,6157088.0
2019-01-25,70.53744635149013,71.10144499247161,69.65384746065631,69.87944793701172,3868441.0
2019-01-28,69.93585413937323,70.91345290656098,68.43185760518121,70.61265563964844,7440853.0
2019-01-29,70.23667014296258,70.61266934951306,69.05226856247613,69.78546905517578,17469350.0
2019-01-30,69.59747358810596,70.650274488905,68.95827285905597,70.34947204589844,12711500.0
2019-01-31,70.8758588408709,72.003856350814,70.23666331179221,70.91345977783203,25774313.0
2019-02-01,71.7970521465775,72.1354503480154,69.89825855530987,71.51505279541016,9474849.0
2019-02-04,71.25184902632991,71.25184902632991,69.0898540715563,69.40945434570312,3678667.0
2019-02-05,69.22146659240374,70.29306529448542,68.99586606041571,69.97346496582031,5500377.0
2019-02-06,70.02986882041999,70.96986685425856,69.46587000011685,70.2366714477539,4322649.0
2019-02-07,70.29305330370393,70.57505264563092,69.18385385219864,69.40945434570312,4309303.0
2019-02-08,69.40943706274065,70.6690348296707,67.86784002410148,68.05583953857422,7692145.0
2019-02-11,67.52947115582187,68.88306926604712,66.87147257027776,68.56346893310547,7913450.0
2019-02-12,68.80787044091267,70.08627182940444,67.84907449935949,68.14987182617188,11930402.0
2019-02-14,66.7398549211854,67.24745472136993,64.85985943888278,65.78105926513672,36962390.0
2019-02-15,67.07825999833378,68.50705977196496,66.77746273010335,68.24385833740234,16005610.0
2019-02-18,68.22508507459581,68.99588154035783,67.51068747953063,67.96188354492188,7973918.0
2019-02-19,67.7738578692651,68.80785546741772,67.26625802839091,67.47306060791016,10824411.0
2019-02-20,67.96186438175266,68.65746385705326,67.15346719686389,68.3566665649414,9658184.0
2019-02-21,68.695064793521,68.80786250310918,67.9994653182204,68.3566665649414,9197823.0
2019-02-22,68.31905982506409,68.65745802489822,67.86785882540883,68.39425659179688,12182132.0
2019-02-25,68.05586181497195,68.61986054300117,67.11586393492323,68.4130630493164,29907322.0
2019-02-26,67.49184963886796,68.69504872551309,67.24745125871581,68.13105010986328,13683801.0
2019-02-27,68.16866828280192,69.2966657994616,67.62346744315701,68.22506713867188,13566494.0
2019-02-28,68.77027039388375,69.46586995847039,67.90547424319702,68.75147247314453,69863939.0
2019-03-01,68.84546333360966,69.08986177055124,68.46946416914105,68.88306427001953,7227772.0
2019-03-05,69.18385281566647,69.72905357514942,68.65745507191895,68.80785369873047,15733697.0
2019-03-06,68.84547405596518,70.0862745518494,68.31907616368818,69.37187194824219,20336766.0
2019-03-07,70.31185928991817,71.25185720422931,69.40946231214251,70.3682632446289,12295538.0
2019-03-08,70.68785062553982,70.85705227129937,69.65385303433364,70.31185150146484,6211299.0
2019-03-11,70.87586507556746,73.69586419830561,70.5938656732752,73.0566635131836,17678891.0
2019-03-12,73.1882656452209,75.95186086017257,73.1882656452209,73.82746124267578,26457157.0
2019-03-13,74.48545376698355,74.54185772375214,72.60545786977066,73.22586059570312,6930222.0
2019-03-14,73.2374823668731,73.54756214594299,72.57855626485785,72.71421813964844,8466765.0
2019-03-15,72.52040877134414,75.27238621419436,72.52040877134414,74.90416717529297,14301914.0
2019-03-18,75.25301420323322,76.6677616911947,74.90417314906635,76.37705993652344,14247336.0
2019-03-19,76.0475990580088,77.59800846032381,75.69875799392659,77.13288879394531,16995997.0
2019-03-20,77.22979124741131,77.46234845762233,76.16388475756814,76.51272583007812,9060589.0
2019-03-22,76.70652445440635,77.8499482238264,76.41582269413448,76.9390869140625,8782833.0
2019-03-25,76.43521298379287,78.87711131655152,75.62124687287331,78.29570770263672,14506515.0
2019-03-26,78.35384170349205,79.03214587376549,77.28793515020526,78.62516021728516,8371544.0
2019-03-27,78.68331239268731,79.34223335324093,76.93910150038388,77.5980224609375,11579885.0
2019-03-28,77.52049007830449,77.52049007830449,76.14449859835935,76.8421859741211,17034861.0
2019-04-01,76.82281488197455,77.40421849202133,75.62124636977238,75.79566955566406,10617688.0
2019-04-02,75.97008341414201,77.83057263498793,75.97008341414201,77.4429702758789,17946031.0
2019-04-03,77.67553083258258,78.50887483273465,77.57863024518831,77.88871002197266,15076661.0
2019-04-04,78.08252848264058,78.78021602064912,76.93910445257342,77.26856231689453,10130253.0
2019-04-05,77.79180633545693,77.79180633545693,75.98945653316534,76.08635711669922,9883976.0
2019-04-08,76.74530191283685,77.63678539598604,75.79567385962604,76.8809585571289,13511642.0
2019-04-09,77.11352106579221,77.26856098583627,76.37707750268709,76.8809585571289,10655872.0
2019-04-10,76.64838944934769,77.38483289853647,76.64838944934769,76.99723052978516,8637199.0
2019-04-11,77.19102848350961,77.28792907164188,75.83442024965768,75.95069885253906,13713296.0
2019-04-12,76.22202005213741,76.60962239169909,75.60185525740009,76.37705993652344,11004111.0
2019-04-15,76.66777834913368,77.84996363877802,76.39645454961155,76.76467895507812,8965316.0
2019-04-16,77.13289461042662,77.46235242750782,76.16388866090838,76.29954528808594,4918434.0
2019-04-18,76.49334231780263,76.68714349716615,75.00107744245824,75.3111572265625,11593259.0
2019-04-22,75.27240424350799,76.24141024722901,74.9623244251949,75.50496673583984,7772049.0
2019-04-23,75.11736896094656,75.40807077996764,74.43906471656405,74.80728912353516,6686014.0
2019-04-24,74.84602543372264,75.44681218900473,73.66384045082744,74.40028381347656,7288151.0
2019-04-25,74.4971950111506,75.89256462498315,73.9157914434865,74.24525451660156,17599280.0
2019-04-26,74.03206137967229,75.34991351771743,73.78012091464358,73.95454406738281,8664580.0
2019-04-30,74.30338228598157,74.61346729490984,71.86148978378512,72.24909210205078,14290974.0
2019-05-02,72.50104601494851,73.95455497824142,72.26848352938286,73.72199249267578,8897549.0
2019-05-03,73.99332126341658,74.7879041141086,73.72199746907604,73.97393798828125,10782838.0
2019-05-06,73.64446264196808,74.74913039646256,73.19872098866492,73.81888580322266,5477945.0
2019-05-07,73.83826886492047,75.1173598680977,73.83826886492047,74.24525451660156,9450289.0
2019-05-08,74.40029698174426,75.09798444131256,73.21811178961157,73.64447021484375,10180731.0
2019-05-09,73.60570240124542,73.66384169927278,72.22971097623508,72.83049774169922,7921214.0
2019-05-10,73.02429191412753,73.0436699258834,71.7258231822842,71.91962432861328,5938686.0
2019-05-13,71.8808676461138,72.11343008802417,70.5630208182122,70.79557800292969,5504435.0
2019-05-14,70.50488246043695,71.39637102323388,70.17542466740521,70.4079818725586,11334983.0
2019-05-15,70.98939229447518,71.55141786163219,68.78006183058952,69.18704223632812,7616268.0
2019-05-16,69.51651332468481,70.81498252934685,69.32271210778583,70.48551940917969,8660893.0
2019-05-17,70.42736584683686,71.16380927061844,69.90410161563642,70.6017837524414,10183233.0
2019-05-20,72.1328146667143,73.21810440868398,71.33823194648807,72.88864135742188,6287120.0
2019-05-21,72.96615696908142,73.1018188408076,71.22194642252761,71.29946899414062,7748239.0
2019-05-22,71.2800949255479,71.8227424825133,70.46613410448765,70.58241271972656,6972640.0
2019-05-23,72.09404972355097,72.90801567444733,70.97000400907174,71.57078552246094,13966122.0
2019-05-24,71.95838928222656,72.30723031198598,71.41574183905323,71.95838928222656,7240775.0
2019-05-27,72.26846854290096,73.48941476743775,71.95838879791131,72.6173095703125,6424176.0
2019-05-28,72.96616572888591,74.14835617334715,72.7917478076071,73.72199249267578,11255911.0
2019-05-29,74.1871091345392,74.80727394068803,73.39252116950082,73.70260620117188,8310232.0
2019-05-30,74.96230819518135,75.15610935396586,72.927396027944,74.10958099365234,34989609.0
2019-05-31,74.22586809926665,74.57471443084346,73.02430498274558,73.3731460571289,11849847.0
2019-06-03,73.74137031224197,75.00108333425656,73.64446971494806,74.82666015625,12106965.0
2019-06-04,74.63286291957773,75.97009333602688,74.40030042230038,74.78790283203125,11447117.0
2019-06-06,75.58249429361231,76.80344088722077,75.25303117922417,75.75691223144531,26132949.0
2019-06-07,75.75690001657773,75.98946248671827,74.09021195209206,74.32276916503906,8783688.0
2019-06-10,74.78789299084228,75.95070006702343,74.57471379641979,75.3111572265625,11231885.0
2019-06-11,75.69876991749896,75.85380983071266,74.7685251810226,75.0592269897461,6589306.0
2019-06-12,74.80729077390372,75.03984802849568,73.76076209946199,74.09022521972656,7509749.0
2019-06-13,74.10960386052813,75.3693117813164,73.50882218579922,75.13674926757812,11041648.0
2019-06-14,75.19486440431362,76.33828799204895,74.94291871302303,75.42742156982422,34979466.0
2019-06-17,76.12513059861533,76.14450861554968,75.03984073483063,75.21426391601562,10860754.0
2019-06-18,75.46620945522143,77.07475845545261,75.25303022595011,76.66777801513672,17815522.0
2019-06-19,76.7840448551524,78.10189709376561,76.74528882464666,77.63677215576172,32722391.0
2019-06-20,77.77243141997685,78.5863974055274,77.24916719660912,77.88871002197266,11459458.0
2019-06-21,77.98562389630925,78.31508700102131,76.95847854636689,77.48174285888672,16601442.0
2019-06-24,77.52049946087926,77.81120125499966,76.57087149720844,77.15227508544922,9883389.0
2019-06-25,77.13290108069292,78.41198693847517,77.13290108069292,78.14066314697266,10375296.0
2019-06-26,78.0825077691352,81.76472992847721,77.92746788754889,81.26084899902344,31182825.0
2019-06-27,81.0476752788941,81.35775506295573,79.94300750523522,80.5050277709961,13741562.0
2019-06-28,80.29183923806616,81.24146700924547,79.32283345408433,80.19493865966797,12067819.0
2019-07-01,80.33061248192378,81.39651900301503,79.71044763639561,80.25308990478516,11211814.0
2019-07-02,80.38875515272983,81.0864373474208,79.98177474869242,80.36937713623047,12203723.0
2019-07-03,80.69883829742128,81.26086388547323,80.11743469206853,80.98954010009766,13693989.0
2019-07-04,81.00890230264176,81.70658434470711,80.5050161547566,81.4740219116211,12324046.0
2019-07-05,81.41588812226871,82.17171476660239,79.14841344646074,79.78795623779297,12525923.0
2019-07-08,79.4585061271691,79.98177037315821,77.65615091796286,78.00499725341797,8948141.0
2019-07-09,78.27631304079235,79.53602068768805,77.36544646005984,79.36160278320312,6875651.0
2019-07-10,79.34222085807431,80.02052498714772,78.72205603148278,79.57478332519531,12675299.0
2019-07-11,80.00115446238594,81.06706105072841,79.8848705893413,80.8538818359375,7808266.0
2019-07-12,80.85386498606155,81.33836787979268,79.22593316024779,80.11741638183594,6349095.0
2019-07-15,79.71046413878774,80.1368278869327,78.64455739702271,79.43914031982422,6656137.0
2019-07-16,79.38099054457405,81.1639626382292,79.18718934433313,80.97016143798828,6627472.0
2019-07-17,80.93139479946265,81.6096989554911,80.02052816707143,80.6213150024414,6388864.0
2019-07-18,80.97014576763803,80.97014576763803,79.45849774975069,79.59415435791016,8419638.0
2019-07-19,79.76858153740861,80.48564692719177,78.60577450225536,79.72982025146484,10869152.0
2019-07-22,79.84611366649324,80.31123338191118,78.52826132982433,79.10966491699219,9061812.0
2019-07-23,79.34222444270421,81.78412257200796,79.14842325421313,81.57093811035156,14046808.0
2019-07-24,81.26086093715358,82.5593299934356,80.83449725725882,81.31900024414062,18181391.0
2019-07-25,81.39650827160469,83.10195742906356,81.33836897501267,82.6174545288086,28085772.0
2019-07-26,82.61746402941682,82.94692709091544,81.49341822300408,81.99729919433594,10950941.0
2019-07-29,82.30739043414948,82.36552974180225,80.05929339495994,80.58255767822266,5948953.0
2019-07-30,80.54379277006417,81.31899752313603,80.11742910443591,80.71821594238281,10050004.0
2019-07-31,80.42751819996492,82.92755575707947,80.2143337278454,81.70660400390625,26229893.0
2019-08-01,82.15233434601137,83.81902757264476,81.31899036129128,82.9469223022461,27069006.0
2019-08-02,82.5399400426938,82.92754765803815,80.75697340095438,81.60969543457031,20863783.0
2019-08-05,81.39650616695802,81.39650616695802,76.29953158231257,77.96622467041016,18063375.0
2019-08-06,77.75304823340323,78.5088749187843,76.06698221664956,76.78404235839844,11846580.0
2019-08-07,77.13289737242533,77.88871888579801,76.3964486186655,77.07475280761719,9432897.0
2019-08-08,76.76465921648096,80.87324490351772,76.37705689236793,78.56700897216797,6595239.0
2019-08-09,78.87711131655152,80.95078525761981,78.00500589567932,78.29570770263672,9175926.0
2019-08-13,77.69492081394161,79.61355484273811,76.2607950539349,78.29570770263672,7558090.0
2019-08-14,77.92746907040659,79.92362006196339,76.648383456413,79.51663970947266,8024154.0
2019-08-16,79.10966234297277,83.04383069388953,78.41198016394965,81.8422622680664,11894601.0
2019-08-19,82.03839480931032,82.37180547604257,80.8616550350917,81.21467590332031,8100095.0
2019-08-20,81.19506221619808,82.72482279297415,80.66552827649511,80.82242584228516,8711658.0
2019-08-21,81.05776934952871,81.43040569815015,80.13598889782116,80.371337890625,5649369.0
2019-08-22,80.21444664965568,80.62630342934396,78.7631321799437,79.52801513671875,5059207.0
2019-08-23,79.25342265093845,80.25364907481064,78.72388882410702,79.03768920898438,7611285.0
2019-08-26,79.37109899412047,79.82218674058117,78.11591334361896,79.58683776855469,7846961.0
2019-08-27,79.6456690819923,82.13643536174561,79.6456690819923,81.0185317993164,18828020.0
2019-08-28,81.56768157990447,82.86209828257611,80.15559304980083,80.70474243164062,15756988.0
2019-08-29,80.70474387109957,81.11660059464143,79.88102510383183,80.33210754394531,8660979.0
2019-08-30,80.54784591448662,81.27350309464867,76.09585183656867,78.64545440673828,15630977.0
2019-09-03,78.99847945495318,79.39072602515304,76.89995924034702,77.29220581054688,9494810.0
2019-09-04,77.44910139995764,78.05708676037708,76.60577235956627,77.23336791992188,8565768.0
2019-09-05,78.05708441927337,79.74374244946952,77.40987335820842,78.19436645507812,14199248.0
2019-09-06,78.58660851786324,80.15559462204641,78.4689366881231,79.82218933105469,13782929.0
2019-09-09,79.72412511225212,80.35171527741097,79.1553655398701,79.58683776855469,4769289.0
2019-09-11,79.62606965507614,79.97909048038365,78.37087858711138,78.99847412109375,7723322.0
2019-09-12,79.2338226729977,79.2338226729977,77.52754915323644,78.31204223632812,11516235.0
2019-09-13,78.25319418107082,79.62605686353288,78.07668113668092,79.48876953125,7223537.0
2019-09-16,78.8415810871246,80.01832078572738,78.78273984604682,79.29266357421875,6031015.0
2019-09-17,79.39072983950558,79.50840168814528,78.19437455080599,78.62584686279297,5823968.0
2019-09-18,78.64546078435609,79.62607723701964,77.76290597695889,79.2534408569336,7206830.0
2019-09-19,79.52800905534312,79.52800905534312,78.09630489597835,78.9004135131836,6306748.0
2019-09-20,78.52777210497494,81.94031898800478,76.64499091996923,76.95878601074219,51859153.0
2019-09-23,77.27258560425366,77.76289375351456,73.11477143448444,73.86003875732422,24586363.0
2019-09-24,73.70313509780925,75.2917312415214,72.56561602976666,74.70336151123047,18234411.0
2019-09-25,75.89973557742607,79.7829757099638,75.74283268707319,77.95903015136719,48245282.0
2019-09-26,78.42972077763888,78.99848043959155,77.31181697459878,78.1551513671875,15826874.0
2019-09-27,77.58638395343684,78.35126682651307,76.89995251561402,77.70405578613281,10034452.0
2019-09-30,77.27257986741715,78.44931933828035,76.74304604149201,78.0766830444336,9111327.0
2019-10-01,78.25320134178237,79.48877680502528,76.88033853369383,77.07646179199219,7634447.0
2019-10-03,77.15491518255499,78.44933200155917,76.29197595673658,78.09630584716797,9432906.0
2019-10-04,78.07670104654622,78.37088598209212,76.7234482149612,77.09608459472656,19442087.0
2019-10-07,77.1549079032012,77.42948259289247,76.25274304310229,77.07646179199219,11655995.0
2019-10-09,77.46871879516429,78.01786292869798,76.64499993477145,77.54716491699219,8504262.0
2019-10-10,77.62561317495367,78.29242912397002,77.07646906394478,78.09630584716797,6982965.0
2019-10-11,78.07668518802971,80.11636912159886,78.01784927690791,78.84156799316406,10517558.0
2019-10-14,78.841581336158,79.35149974575604,77.54716447149559,77.82173919677734,11162487.0
2019-10-15,77.82171750208182,79.23380581524843,77.78249179223604,78.93962097167969,5013200.0
2019-10-16,78.8415833300071,78.93964497434699,77.13530965445615,77.88057708740234,6668842.0
2019-10-17,77.95902700728091,78.35127357697421,77.076472225471,77.54716491699219,7899823.0
2019-10-18,77.54715024680631,79.7241214888806,77.27258089207413,79.44954681396484,8795448.0
2019-10-22,78.84157187248337,81.41078445274785,78.84157187248337,80.43016815185547,10675241.0
2019-10-23,80.41056309506081,81.19505618593226,79.35149529431065,80.90087127685547,5777589.0
2019-10-24,80.95971890000008,81.29312957586268,79.86142522187535,80.05754852294922,5428181.0
2019-10-25,80.5674436446672,80.5674436446672,78.9003961784117,79.60643768310547,3993616.0
2019-10-27,80.01830471035697,80.13597652850362,78.84156524815663,79.37109375,388417.0
2019-10-29,79.33188880047999,79.58684800288478,78.25321075014975,78.86119079589844,5943950.0
2019-10-30,79.95947076434824,79.95947076434824,78.1747512121868,78.4297103881836,6419057.0
2019-10-31,78.5669915526317,78.8023405120253,77.60598551851771,77.80210876464844,15582577.0
2019-11-01,77.8413412302556,77.99823877673354,77.17452532767831,77.3902587890625,8803683.0
2019-11-04,77.62560536269402,77.91979024829025,76.1154552192632,76.39002990722656,15175738.0
2019-11-05,76.39003744775252,77.07646891523532,76.05662681379543,76.6449966430664,8153818.0
2019-11-06,76.64499038077184,77.07646261768724,76.37041568813916,76.52731323242188,9183411.0
2019-11-07,76.88035585794081,77.2137612160306,75.95857527218736,76.17430877685547,15498054.0
2019-11-08,76.58616092358898,76.6449968426324,74.86027183041946,75.174072265625,11762251.0
2019-11-11,75.1740669570459,75.74282122788098,74.66414328091541,75.21328735351562,10089055.0
2019-11-13,75.31136469030878,76.23313989776771,73.86005021527964,74.23268127441406,9456977.0
2019-11-14,74.52686373998912,74.5857049812258,73.31090363763019,73.74237060546875,19380370.0
2019-11-15,73.74236932027428,74.09539548080349,73.25206111974421,73.60508728027344,18256039.0
2019-11-18,73.6246852855296,74.91909659245769,73.21282859337526,74.78181457519531,11766437.0
2019-11-19,74.91909750354209,76.88033532485117,74.60530243143549,76.66459655761719,22218922.0
2019-11-20,76.86071975310728,77.33141768111632,76.09584227032212,76.9195556640625,9597590.0
2019-11-21,76.80188547388734,77.25296789437259,76.09584388705682,76.99800872802734,12107895.0
2019-11-22,76.88035204120756,78.92003109376216,76.88035204120756,77.95903015136719,16199814.0
2019-11-25,78.05707222356534,78.60621624153852,77.58637431091206,77.9001693725586,6529113.0
2019-11-26,78.07669190481948,78.2139792560367,76.05662331463071,76.25274658203125,21594044.0
2019-11-27,76.46847731833884,76.88033935728788,76.13506671162314,76.52731323242188,12155700.0
2019-11-28,76.95880392825589,77.56678937343236,76.17431069849415,76.93919372558594,6724188.0
2019-11-29,76.64499258511559,76.84111585115555,75.3505758371414,75.82127380371094,17547179.0
2019-12-02,76.48809256216816,76.48809256216816,74.68375750892835,75.07600402832031,19957065.0
2019-12-03,75.35055847736685,75.35055847736685,74.17381915223231,74.29149627685547,7451455.0
2019-12-04,74.3111105032878,74.52684392986255,73.62467919304412,73.89925384521484,10311154.0
2019-12-05,73.93848130477872,74.0953841611256,73.15398830377896,73.46778869628906,4569931.0
2019-12-06,73.52663267192946,73.80120738046895,72.89903713825653,73.19322204589844,5388071.0
2019-12-09,73.35012668112579,74.07578392074058,72.78137233021616,73.72276306152344,5459781.0
2019-12-10,73.72275134904858,73.72275134904858,71.46733386435885,71.68306732177734,10563080.0
2019-12-11,71.78112538522768,71.89880252721439,69.9375700292724,71.29081726074219,39214905.0
2019-12-12,71.6830818758112,73.87966389265496,71.01626585010585,72.46757507324219,63493233.0
2019-12-13,72.84019470214844,73.56585180676149,72.56562001818119,72.84019470214844,12987237.0
2019-12-16,73.03632047961554,73.70314169503972,72.74213558813733,73.33050537109375,8479418.0
2019-12-17,73.48740345395026,74.07577324121497,72.80097203547479,73.76197814941406,17903634.0
2019-12-18,73.36972244228306,74.13459987789167,73.01670167814191,73.42855834960938,10099352.0
2019-12-19,73.38933834419925,73.40895386162205,72.5263992225567,73.1147689819336,5749401.0
2019-12-20,72.82058546168565,73.52662705804507,72.60484668710973,72.9970932006836,9690984.0
2019-12-23,72.82058150962737,73.54623326420997,72.46755541042297,72.8794174194336,17045076.0
2019-12-24,73.13439133636096,73.50702770731681,72.76175496540513,73.40896606445312,3748896.0
2019-12-26,73.46777312354587,73.54621921490767,72.19297226713697,72.50676727294922,3925143.0
2019-12-27,72.76174230261388,74.33072831538074,72.76174230261388,74.15422058105469,7122947.0
2019-12-30,74.13459243183841,75.1152085227285,74.01692062900473,74.64451599121094,6925363.0
2019-12-31,74.33072358857949,75.40940672394532,74.23266196901744,74.62490844726562,11907723.0
2020-01-01,74.74260430791475,76.84112455631582,74.62492714284893,76.6842269897461,13620373.0
2020-01-02,76.70382629485488,77.15490872973663,76.23312834182282,76.52731323242188,5673692.0
2020-01-03,76.19392919840297,76.40966271694252,75.0171839875973,75.70362091064453,7358268.0
2020-01-06,75.31135381988771,76.0762313488781,73.74236240513808,75.7428207397461,7355290.0
2020-01-07,75.76243942066625,76.29197331372383,74.97794634063554,75.19367980957031,14023712.0
2020-01-08,74.6445302301153,74.89948939834518,74.07577066083154,74.74259185791016,9451757.0
2020-01-09,75.29174392557502,75.86050355541263,74.97794881129629,75.68399047851562,7714854.0
2020-01-10,75.9781734952418,75.9781734952418,74.91910570068457,75.37019348144531,4118638.0
2020-01-13,75.46824691399493,76.48808887934648,75.23289794965477,76.40963745117188,27682638.0
2020-01-14,76.40963806832018,77.01761802094111,76.19390461937307,76.58615112304688,5994314.0
2020-01-15,76.64499880526361,76.80189636679182,75.66438239548158,76.19391632080078,7114590.0
2020-01-16,76.13505869836193,77.547147088651,76.13505869836193,77.05683898925781,8552344.0
2020-01-17,76.86072193719008,77.60598924422898,75.95855708975097,77.42948150634766,4698386.0
2020-01-20,80.17522326454596,82.76405182425695,79.72414074979126,80.27328491210938,49337827.0
2020-01-21,79.88103232661902,80.1359915271117,78.05708688286747,78.68467712402344,17283910.0
2020-01-22,78.6454538087605,79.37110566322076,75.72321491094227,78.46894073486328,56787054.0
2020-01-23,77.17453903284728,81.35196421562068,76.05663517036808,79.21421813964844,226059260.0
2020-01-24,77.05684458048472,77.7236657721172,76.19390545504805,77.25296783447266,16151679.0
2020-01-27,77.0372583893104,77.05686859274657,75.42904614142564,75.70362091064453,8213919.0
2020-01-28,75.70359324483515,75.70359324483515,74.17382768993193,74.70336151123047,9174575.0
2020-01-29,74.70336366050306,76.01739049332842,74.23266573465459,75.46824645996094,17600091.0
2020-01-30,75.46825351242907,76.586157200649,75.07600697762798,76.25274658203125,26386034.0
2020-01-31,76.6057680281595,76.68421946383737,72.60485121227188,73.2912826538086,63986362.0
2020-02-03,70.95741164200628,74.13460957524417,69.60416431575327,73.4874038696289,16329297.0
2020-02-04,73.87964479535937,76.60576007982709,73.74235745725962,76.23312377929688,14207381.0
2020-02-05,76.13505953098006,76.76265496910344,73.74235491573782,74.27188873291016,14550344.0
2020-02-06,74.50725343470948,75.99779358030857,73.99733502606361,75.66438293457031,9175642.0
2020-02-07,75.62514450514658,75.62514450514658,73.95809687678526,74.68375396728516,18058457.0
2020-02-10,74.80143393837777,74.95833149174995,72.46756487634487,73.19322204589844,30471811.0
2020-02-11,73.93849530753916,74.9975631875327,73.78159774166205,74.33074188232422,32456571.0
2020-02-12,74.54646339964646,75.27212045872089,73.95809367394018,74.27188873291016,16386952.0
2020-02-13,74.05616046334609,74.9779408286546,73.62468823701191,74.74259185791016,18581113.0
2020-02-14,74.72298524404442,75.0760114023187,71.93803361878555,72.21260833740234,23830630.0
2020-02-17,72.56562356679251,72.87942398098396,70.82012971107714,72.0164794921875,17670292.0
2020-02-18,71.62422986094951,73.09515427571597,70.93779846739183,72.56562042236328,30879880.0
2020-02-19,72.9578643854969,73.72274718254155,71.78112489477196,73.54623413085938,22313738.0
2020-02-20,73.54624975896225,74.80144094386232,72.91865948669697,74.23268127441406,25907657.0
2020-02-24,74.13460702601103,74.21305845679933,72.58523648950457,72.9970932006836,14921452.0
2020-02-25,72.99709285632697,73.62468833912129,72.70290797253436,73.01670837402344,17807428.0
2020-02-26,72.56562198753161,73.89926440849891,72.15376527058717,72.89903259277344,17113656.0
2020-02-27,72.60485027176773,73.62469232144834,71.11431557466967,73.13438415527344,28472046.0
2020-02-28,71.9576394660292,72.68329656467046,70.27097630159496,71.19275665283203,28010970.0
2020-03-02,72.07533369046679,73.42858668204131,71.2908404362637,71.9772720336914,19540018.0
2020-03-03,72.09493320748582,76.37041942961639,71.40850176245895,75.19367980957031,16039306.0
2020-03-04,74.80143902574085,77.66484218031059,73.95810996384807,77.29220581054688,16939245.0
2020-03-05,76.89994348645855,78.27280620091044,76.31157375169346,76.8607177734375,9715265.0
2020-03-06,74.72298893887618,75.54670781527258,73.80121373833597,74.76221466064453,14371982.0
2020-03-09,72.52640381902641,73.97771279202473,69.80028829973497,70.9770278930664,69609292.0
2020-03-11,70.40826660832589,72.13415023983342,69.52571193446799,71.15353393554688,42604599.0
2020-03-12,69.11385135674034,69.78066721432253,64.6226268057388,65.15216064453125,58418097.0
2020-03-13,63.857749322869,67.70176853344275,58.64087256874244,65.85820770263672,44617540.0
2020-03-16,66.04527457845774,66.24861589352453,63.03582421866635,64.23553466796875,39669086.0
2020-03-17,63.666191208030014,69.27841579361845,63.340847253497564,65.88261413574219,35460792.0
2020-03-18,66.69598220682174,67.06199554931312,49.67630386310472,58.623329162597656,119909061.0
2020-03-19,59.13167387923949,61.775111154508416,56.976252483659046,59.84336853027344,44039786.0
2020-03-20,60.290729845141996,65.82161594558498,60.290729845141996,63.95087432861328,131485883.0
2020-03-23,57.56594670302848,63.381512236350105,57.56594670302848,62.22246551513672,39665620.0
2020-03-24,61.83612377640955,63.93053874417182,59.13168471030948,59.904380798339844,42302851.0
2020-03-25,60.39240446656013,63.82887036849705,60.33139764173092,61.10409927368164,23309603.0
2020-03-26,61.246425662638394,65.76059873276711,59.88403766144332,64.3982162475586,25329120.0
2020-03-27,64.49989730702842,67.61101902455852,63.706863793389154,65.06925201416016,28883749.0
2020-03-30,63.035832073804414,65.02857610658532,62.24279863982647,63.300174713134766,22364337.0
2020-03-31,64.41854413430337,65.80126397519983,63.60517887307178,64.7032241821289,24838523.0
2020-04-01,64.66256011949996,65.86227066862521,62.28346543206672,62.8731575012207,14182117.0
2020-04-03,62.85282415125276,65.25225092173476,61.71411482437599,63.52384948730469,21066826.0
2020-04-07,65.4759225721276,65.84193585043188,63.605181296811224,64.25587463378906,24741992.0
2020-04-08,64.21520684591054,66.16728138888585,63.137498910393205,64.3982162475586,21481260.0
2020-04-09,65.43527071313719,67.79403400132875,64.39823189445872,66.87899780273438,15607786.0
2020-04-13,66.69597249428493,67.06198578347598,63.95086455137215,65.04890441894531,14901247.0
2020-04-15,65.65893411270017,66.65530891830286,64.43888603203746,64.88623809814453,25249654.0
2020-04-16,64.33720580382514,67.79401370164699,64.05253127020688,66.45195770263672,31150756.0
2020-04-17,68.18036182070585,70.45778576735847,66.79764191180527,68.22103118896484,18536308.0
2020-04-20,68.81071227090696,68.81071227090696,65.94359673145911,67.30598449707031,24177042.0
2020-04-21,66.69597245956044,67.50933777555557,65.94360843906763,66.1469497680664,13915863.0
2020-04-22,65.06924490118064,66.18762226350161,63.68652490187207,65.96394348144531,19702407.0
2020-04-23,65.67926389518402,65.84193585043188,64.0932026785412,64.25587463378906,32128585.0
2020-04-24,63.849197486698905,65.10991490142551,63.34084413527583,64.72356414794922,33134279.0
2020-04-27,65.67925866809789,65.67925866809789,64.11352950197475,64.90656280517578,9762001.0
2020-04-28,65.08956952182814,65.23190954606937,63.767850969276694,63.93052291870117,26134701.0
2020-04-29,64.86591441601769,65.31326653899492,63.44252480762778,64.2762222290039,14509262.0
2020-04-30,64.90657715775552,66.47230115411611,63.93053425614476,65.90294647216797,18702868.0
2020-05-04,65.43525587491526,65.679266575739,64.09320529436458,64.68289184570312,12598146.0
2020-05-05,65.65893055975491,67.44833872735448,65.1505772203202,66.55363464355469,18305545.0
2020-05-06,66.24862080293536,67.77368077895224,66.16728206448649,67.26532745361328,12853774.0
2020-05-07,66.55364086924317,67.10266363038775,65.4759327920259,65.78094482421875,8561359.0
2020-05-08,66.12661818895732,66.12661818895732,64.296546218354,64.66255950927734,30898767.0
2020-05-11,64.7845562163822,66.0452734514811,64.39821103393948,64.58121490478516,9453421.0
2020-05-12,64.45921845906128,67.1026557614093,64.13386901994956,66.41129302978516,19986028.0
2020-05-13,69.72577744262404,69.9087813736829,65.90295511399997,67.77369689941406,27175817.0
2020-05-14,66.69595578357392,66.69595578357392,65.06922555831494,65.39456939697266,26454121.0
2020-05-15,64.74388909470305,65.78093312938061,64.35754389887072,64.98789978027344,20009870.0
2020-05-18,65.00825029324646,65.15058483212829,62.344475173796845,62.832496643066406,32898286.0
2020-05-19,63.03584206237352,64.78457566057173,62.62915931711925,64.2762222290039,12276533.0
2020-05-20,63.54417485169065,65.33357724632657,63.340833545118706,64.43887329101562,24677051.0
2020-05-21,64.07287966672332,65.00825327303352,63.84920636738157,64.62190246582031,17176100.0
2020-05-22,63.8491994977723,64.25588219172013,62.669820788520965,63.38151550292969,25080927.0
2020-05-26,63.503528923284264,64.54056776312807,63.239186230381726,63.99155044555664,18512685.0
2020-05-27,63.99154841221857,64.21522171849317,63.34085490852725,63.91020965576172,22655078.0
2020-05-28,64.39822642423503,64.39822642423503,63.46285285775547,63.95087432861328,25797051.0
2020-05-29,63.950880983540316,64.52023574813163,63.686538290978774,64.07288360595703,63844851.0
2020-06-01,64.47955438427213,65.49626110206945,64.13387299702366,64.6015625,45314328.0
2020-06-02,65.00824675481422,68.46504967868705,64.49989338365646,67.12299346923828,43626060.0
2020-06-03,67.3059902835175,68.11935552503483,66.63496506246291,66.91963958740234,13811685.0
2020-06-04,67.18399961714944,69.11574240830119,67.14333024466463,68.83106231689453,23992166.0
2020-06-05,67.91602878592163,70.88481586399965,66.91965394489797,69.72576904296875,22851633.0
2020-06-08,70.53912601527757,71.12881256171525,69.48174999782023,70.0917739868164,11723588.0
2020-06-09,70.76280636200534,70.78314380660166,69.13607556168249,69.35974884033203,8412588.0
2020-06-10,69.35973627168907,69.6444163165537,68.56670845982813,69.1563949584961,10101681.0
2020-06-11,68.34305400495253,72.51155792349749,68.26172076034916,69.54277038574219,22109491.0
2020-06-12,67.52968459871717,68.89207290674128,67.3466806718406,67.63135528564453,20331770.0
2020-06-15,67.1839940855643,67.50933800668157,66.12661806795326,66.39096069335938,13833335.0
2020-06-16,67.38733560202995,67.61100885891969,65.65892877884588,66.16728210449219,13972830.0
2020-06-17,65.41493619172932,65.80128148402382,64.398229344658,64.86591339111328,28371013.0
2020-06-18,65.35392660507559,67.63135094942773,64.86591064870633,67.28567504882812,19720997.0
2020-06-19,67.4483423357035,70.0714479139121,67.1229928714677,69.70542907714844,21577413.0
2020-06-22,71.73883327639437,73.10122122616743,69.40040809197325,72.63353729248047,33039735.0
2020-06-23,73.81290992035645,76.86302948119938,72.81654084007263,76.23267364501953,34298071.0
2020-06-24,75.94800462294134,76.61903543639318,71.98284861902665,72.5928726196289,32910525.0
2020-06-25,72.55220212233935,74.54495157279752,70.90513955270157,72.93855285644531,40909792.0
2020-06-26,73.58925054533997,74.05693452951274,72.45053571867261,72.87755584716797,11954078.0
2020-06-29,72.38953263943766,73.32490610077356,72.04385126276976,72.49120330810547,7547198.0
2020-06-30,72.7962221452992,73.1825729288867,70.76280858112777,71.10848999023438,11889584.0
2020-07-01,71.1694794285613,71.33215138337684,69.9087621257648,70.53912353515625,15209917.0
2020-07-02,70.55945831083397,71.90151440323565,70.19344501871956,71.21015167236328,15481100.0
2020-07-03,71.57615154803618,72.95887123461333,71.21013832452834,72.22684478759766,22720042.0
2020-07-06,72.55219831976379,72.67420642118574,71.49482787002479,72.3895263671875,11724475.0
2020-07-07,72.59285918452309,72.59285918452309,69.82741976666723,70.39677429199219,20855578.0
2020-07-08,70.35611963964061,71.0271449532136,68.64805019055768,69.0344009399414,16818545.0
2020-07-09,69.33940600889278,70.1527712811618,68.93272337275828,69.76642608642578,16110083.0
2020-07-10,69.78676823204158,70.66113492458366,68.9327334678893,70.19345092773438,23809286.0
2020-07-13,70.19343924688758,70.84413255491198,68.40403678681007,68.77005004882812,10803798.0
2020-07-14,68.5260555506686,68.6480581614891,66.28930056838442,66.431640625,16288923.0
2020-07-15,67.12299402110793,67.63134739644525,66.32996606517398,66.51296997070312,15061461.0
2020-07-16,66.89931694861495,66.89931694861495,64.86590356257682,65.96394348144531,15458966.0
2020-07-17,65.740267740848,66.63497180342196,65.740267740848,66.41129302978516,13711930.0
2020-07-20,66.41129888832737,66.79764965760907,66.02495363503279,66.49263763427734,8390572.0
2020-07-21,66.73664325004655,70.94580995317384,66.73664325004655,70.6204605102539,33717545.0
2020-07-22,70.76279121459658,73.77224144779666,70.68145800158281,73.060546875,46076322.0
2020-07-23,72.38952897539743,74.23993836108396,72.16585572204433,73.91458892822266,18738194.0
2020-07-24,72.99955914769585,74.524619229863,72.65387775920723,74.01626586914062,14438899.0
2020-07-27,73.73160146084163,73.83327214700171,72.69455715241622,73.56892395019531,11938756.0
2020-07-28,73.28422877519696,74.36193664289449,72.67420482940749,73.9755859375,11893746.0
2020-07-29,73.73158504347555,75.03296622696116,73.40623561061425,73.91458892822266,13335993.0
2020-07-30,74.21960035743577,74.5246123456939,71.41349116865834,71.92184448242188,23995122.0
2020-07-31,71.82016538323538,72.93854254214378,71.65749344513678,72.51152801513672,14354565.0
2020-08-03,72.79621648239616,72.99955782299514,70.80347244772352,72.61321258544922,12500988.0
2020-08-04,72.32853134143434,72.81655275743452,71.4134953234241,72.49120330810547,9628257.0
2020-08-05,72.00319161001626,72.3692049353826,71.23049007025858,71.55583953857422,10577794.0
2020-08-06,71.84050392388211,72.28785593184604,71.33215062301089,71.53549194335938,8564058.0
2020-08-07,71.49483823701101,72.3692049353826,71.27115944329643,71.55583953857422,8026904.0
2020-08-10,71.92184647091261,72.71487986870406,71.67783577036242,72.08451843261719,7766140.0
2020-08-11,72.45052972234136,74.15859906298144,71.39315924250239,71.92184448242188,21833550.0
2020-08-12,71.6575098707524,72.97922863425006,70.43746178136995,72.40987396240234,19435650.0
2020-08-13,73.18258637076984,73.32492644960377,71.73885916543773,72.69456481933594,10641012.0
2020-08-14,73.4672372647061,73.4672372647061,70.80346807380965,71.3321533203125,17130105.0
2020-08-17,71.57616172797263,74.21959890791632,71.41348977394262,72.65386962890625,17368089.0
2020-08-18,73.1418994371331,73.16223136523537,71.79984876672103,72.2878646850586,13890131.0
2020-08-19,72.59289774887462,72.9589111727403,72.00321098708785,72.12521362304688,12400644.0
2020-08-20,72.06417984079029,76.49701934618318,71.75916787230932,73.69091033935547,44062975.0
2020-08-21,74.42294405808622,77.47306403800943,74.26027209568764,76.9037094116211,49949864.0
2020-08-24,77.1273825519611,77.53406518624118,74.99229320600455,75.33797454833984,19724617.0
2020-08-25,75.84634596412646,75.96835409315518,74.42295640403759,75.13465118408203,10109220.0
2020-08-26,76.049664422772,77.12737774929472,74.87028595999612,75.3786392211914,18000615.0
2020-08-27,76.00901259223798,76.31402459717974,75.11430850468075,75.3176498413086,10363056.0
2020-08-28,75.84632354533696,75.94799419814845,73.93491858207231,74.13825988769531,12114955.0
2020-08-31,74.6262984024473,75.3786625652132,72.38954336048728,72.77589416503906,24259718.0
2020-09-01,72.81655286949774,74.13827156421331,72.63354345921933,73.36557006835938,16505345.0
2020-09-02,74.02699428087045,76.16938664354547,72.9037954363429,75.37899017333984,30959608.0
2020-09-03,75.04621030588375,75.48301249524171,73.90221343839418,74.25581359863281,11884498.0
2020-09-04,73.71501405848713,74.04781087547453,72.25901811006278,72.82061767578125,17373558.0
2020-09-07,72.82061927813628,73.61101596763241,71.98862157501496,73.27821350097656,13069001.0
2020-09-08,73.15341036343223,73.21580905780193,72.27981171522111,72.75820922851562,9597878.0
2020-09-09,72.79980127243347,74.02699989405083,72.13420211566378,72.90380096435547,20122483.0
2020-09-10,73.21580188843913,74.23500115194196,72.44620302031907,73.88140106201172,19635358.0
2020-09-11,74.08941197829691,74.17261400381767,72.42541660664521,72.86221313476562,31182063.0
2020-09-14,73.8398117282539,73.8398117282539,71.03181953158789,71.34381866455078,14143608.0
2020-09-15,71.48942026157545,72.3422156451519,71.13582011142954,72.09262084960938,7858789.0
2020-09-16,71.96780997576897,72.15501169439439,71.0526159929261,71.53101348876953,13201491.0
2020-09-17,71.28141109062845,71.30220877329813,69.84621300076859,70.01261138916016,10765947.0
2020-09-18,70.3454212745634,71.96781560768115,69.59661998380847,71.51021575927734,23788415.0
2020-09-21,71.135817715851,71.42701915730474,69.74222049005719,70.92781829833984,13331596.0
2020-09-22,70.22061920166016,70.90702180485566,69.26382412197158,70.22061920166016,9039386.0
2020-09-23,70.67822121674295,70.67822121674295,67.72462821970971,68.1822280883789,8404497.0
2020-09-24,67.49581636835818,68.66061065031542,65.93582100376669,66.28942108154297,20770480.0
2020-09-25,66.97581823395085,67.59981638277306,66.4350164528983,66.87181854248047,8761400.0
2020-09-28,66.97582042634151,70.32460834436908,66.97582042634151,69.95021057128906,16915185.0
2020-09-29,70.30382044699091,70.47021885348032,67.59982800391573,67.93262481689453,13468026.0
2020-09-30,67.78702468907461,67.9118277267938,66.68462888878805,67.57902526855469,14349950.0
2020-10-01,68.53583315245167,69.05583175810732,67.72463307069047,68.47343444824219,14856837.0
2020-10-05,68.22382753616091,69.22222363611803,67.45422854411329,67.74542999267578,10360105.0
2020-10-06,67.84941873520414,68.3902148895699,67.32942026279687,67.8910140991211,8989183.0
2020-10-07,67.80782753827808,67.89102392049202,66.14383218585496,66.3934326171875,17614061.0
2020-10-08,66.64302727764186,67.01743074509125,65.72783322098148,65.85263061523438,12953710.0
2020-10-09,66.01902476140621,66.28942850208028,65.18702714048904,65.72782897949219,11980039.0
2020-10-12,66.22701552359199,67.7246121742661,65.95661746055156,66.47661590576172,20670634.0
2020-10-13,66.5598360596244,67.39183379878175,66.227033578554,66.74703216552734,11179799.0
2020-10-14,66.74703672630544,66.89263746907594,65.02064242805982,65.3326416015625,13362234.0
2020-10-15,65.14542441825688,65.33262047642141,64.31342689127406,64.79182434082031,15536883.0
2020-10-16,64.93743189944173,67.05902130359323,64.62543279384946,66.1230239868164,18673957.0
2020-10-19,66.53904509781897,67.55824477465553,66.31024793396432,66.45584869384766,18793008.0
2020-10-20,66.55984275686332,66.72624119296862,65.27024500294121,65.3950424194336,13701957.0
2020-10-21,65.5614355219549,69.11822336233999,65.41583479885855,68.11982727050781,36573148.0
2020-10-22,67.45422815875196,69.01422381925578,67.05902700115283,68.68142700195312,39056262.0
2020-10-23,68.68141222703692,71.30220211595432,68.51501385418162,70.7822036743164,29149043.0
2020-10-26,70.74061330312996,71.94701438293247,70.57421490526428,71.57261657714844,36760149.0
2020-10-27,71.57262443320768,72.94541841921344,71.34382167397628,72.17581939697266,23610507.0
2020-10-28,72.61263409812109,72.61263409812109,71.36463729859648,71.90543365478516,14060472.0
2020-10-29,71.15660942915967,72.09260665519076,70.82380703005309,71.38540649414062,17654072.0
2020-10-30,70.92782666878195,71.55182499495565,70.4286257509046,71.13582611083984,22904945.0
2020-11-02,71.78061753096146,72.5502108429576,71.53101710761494,71.98861694335938,13423596.0
2020-11-03,72.38379135738623,75.17098492859596,72.32139268031152,74.8589859008789,27441682.0
2020-11-04,74.85899076026695,74.87978843986073,72.65419410253843,73.67339324951172,19461431.0
2020-11-05,74.04778659633305,74.79658765255236,73.46538953639153,74.48458862304688,10248002.0
2020-11-06,74.1517985983828,74.6509993855064,73.67340113542365,74.23500061035156,8815864.0
2020-11-09,74.83820603785243,76.83500382653126,74.50540922757861,76.56460571289062,15228920.0
2020-11-10,76.25259999465293,77.72939347078567,75.5246020980688,77.33419799804688,13815795.0
2020-11-11,76.5022041609612,79.45579711853848,76.5022041609612,78.89420318603516,15502357.0
2020-11-12,79.24779356627208,79.43499529558632,77.8542020080147,78.83179473876953,26079694.0
2020-11-13,78.45738641545047,79.01898588583839,77.45899049161885,78.56138610839844,11968619.0
2020-11-14,78.62378533470235,78.99818874575732,77.79178778541484,78.2077865600586,1162700.0
2020-11-17,77.79180692465897,78.72780439789238,77.31340934458663,77.70861053466797,16872514.0
2020-11-18,77.70861037183056,78.91500598411201,76.85580929037518,77.12621307373047,16685757.0
2020-11-19,74.25579914638459,82.0349785882068,74.21419813992165,78.95658874511719,64832376.0
2020-11-20,80.49579743051325,80.70379684875907,78.66539803607378,79.80939483642578,27479934.0
2020-11-23,79.87179609051756,81.49419036169664,79.24779221753857,81.01579284667969,20909280.0
2020-11-24,81.11978833984112,82.24298171125601,80.39179044190108,80.91178894042969,15308572.0
2020-11-25,80.91179395652536,82.13898710372533,80.51659281620535,81.24459075927734,19854793.0
2020-11-26,81.18219377350302,82.84618910699194,80.22539307133971,82.2221908569336,24879552.0
2020-11-27,82.22219434630728,82.22219434630728,78.49900237268159,80.03820037841797,46793847.0
2020-12-01,81.05738439214652,81.72298360190175,79.72619161498089,80.01738739013672,18193922.0
2020-12-02,80.22538774232727,81.2029860642836,78.85259394032556,80.76618957519531,15836732.0
2020-12-03,81.1197924005868,81.16138776867544,79.45579147965285,80.47499084472656,21308517.0
2020-12-04,80.78700467550314,81.93100163792177,80.18380966254463,80.84940338134766,14838659.0
2020-12-07,80.28780439821809,82.05579959393077,80.07980496342836,80.49580383300781,22078115.0
2020-12-08,80.70379259905813,80.9533873739337,79.49739152288281,79.70539093017578,15896364.0
2020-12-09,80.24619640838853,81.01579537869186,79.49739512281828,80.16299438476562,18701467.0
2020-12-10,80.28779181535364,81.28618781740454,79.66378796643382,80.18379211425781,13612880.0
2020-12-11,80.70378727238942,81.22378575630057,79.93418838773198,80.32938385009766,14876364.0
2020-12-14,81.53579833450483,81.95179719044934,80.20459973854419,80.82859802246094,20316890.0
2020-12-15,80.87020444503393,80.99500185322536,79.6014044641399,80.20460510253906,16084083.0
2020-12-16,80.99499737535307,81.88939379753346,80.10060095317267,81.6189956665039,35024972.0
2020-12-17,82.51542663574219,83.41187038121976,81.78973270133284,82.51542663574219,23058726.0
2020-12-18,82.5154330375241,83.1557492211291,81.98183621785326,82.77156066894531,20310375.0
2020-12-21,82.38737001237473,82.47274202740381,78.73756438511406,79.18578338623047,21609326.0
2020-12-22,79.16446025753355,81.55497566303278,78.97236304668466,81.23481750488281,23934507.0
2020-12-23,81.74704588959818,81.83242369226134,80.67985230578734,81.08538818359375,9836093.0
2020-12-24,81.21344695566398,82.06720759009022,80.87194733380997,81.10672760009766,12945145.0
2020-12-28,81.19210876827381,82.08855255019367,81.10673096432113,81.76839447021484,6879688.0
2020-12-29,81.78972646666583,82.23795120018512,80.67984409448323,80.9786605834961,8549660.0
2020-12-30,81.10674559373346,81.38422061168059,79.74074101337192,81.19212341308594,19132583.0
2020-12-31,81.32017090335334,81.5336096265388,80.27432463368207,81.0427017211914,23272111.0
2021-01-01,80.67984134154065,81.06403561141784,80.46640265378441,80.89328002929688,3074621.0
2021-01-04,81.10672603516147,81.27748163268939,80.25297120710384,80.445068359375,7133203.0
2021-01-05,80.89330699940864,80.89330699940864,79.48461350651215,80.25299072265625,10478882.0
2021-01-06,80.25298428220215,84.35100928252251,79.82610679862495,83.73204040527344,54265234.0
2021-01-07,84.52175444203631,86.14388636281198,83.45456086523765,84.11621856689453,40129922.0
2021-01-08,84.84191317886058,87.08301970767168,84.32965794203116,86.89092254638672,29487917.0
2021-01-11,87.08301970767168,87.50989714173093,85.99447877688311,86.89092254638672,12726089.0
2021-01-12,85.82374703299871,87.40319618755818,85.35418059867857,86.95497131347656,31454127.0
2021-01-13,86.99764768324837,88.19290805194044,86.48539241239519,87.50990295410156,23792586.0
2021-01-14,87.91543643140912,88.57709999738836,86.9122731983993,87.5525894165039,12024674.0
2021-01-15,87.06168861137331,87.83007161002975,86.44271969039943,86.65615844726562,13530190.0
2021-01-18,85.90911298357102,86.22927108229396,83.04903165235437,83.56128692626953,26118654.0
2021-01-19,83.47590603658902,85.37551300153072,83.34784511778449,85.22610473632812,19382828.0
2021-01-20,85.37551987502492,85.6316417332541,83.30516292169624,83.73204040527344,21158179.0
2021-01-21,83.86010659938803,84.39370348736041,82.87829064147756,83.30516815185547,12509109.0
2021-01-22,83.24114847083341,83.79608699028267,82.38739333943604,82.89964294433594,16720401.0
2021-01-25,83.0063528602027,84.00951618305838,80.93599574492538,81.19212341308594,9393599.0
2021-01-27,81.10675326922227,82.96367180174362,80.80794245300456,82.10991668701172,18874916.0
2021-01-28,81.51227182000319,81.51227182000319,79.31385402803777,79.95417022705078,16072463.0
2021-01-29,80.55179322058383,80.67985413759041,78.11858947829191,78.73756408691406,13415015.0
2021-02-01,78.73756199644029,80.87194915585464,77.90514868831042,80.63716888427734,9485240.0
2021-02-02,81.53363241814114,83.51861773055805,80.76525511584252,82.89964294433594,10803602.0
2021-02-03,83.02768583235384,89.6442861995926,83.02768583235384,88.15021514892578,73411707.0
2021-02-04,88.15022312303682,88.64113106897022,87.16840144127362,87.65930938720703,23523019.0
2021-02-05,87.78738210485378,88.91860635058752,85.90912221515853,88.40635681152344,28755118.0
2021-02-08,88.15021987982527,91.09567323695335,87.8087144331215,90.73282623291016,28436890.0
2021-02-09,89.64428132720548,92.8245204210151,89.64428132720548,89.96443939208984,27738169.0
2021-02-10,89.87906890832139,91.35179844262794,88.3636562604723,89.83638000488281,34189378.0
2021-02-11,89.15338812637769,91.69330571857544,88.93994938132427,91.24508666992188,20504448.0
2021-02-12,93.48616997475995,93.48616997475995,89.87905377483722,90.77549743652344,25066544.0
2021-02-15,91.35180333449756,91.97077799276273,90.30595119877951,90.69013977050781,8599603.0
2021-02-16,91.09567408992496,98.13915813407269,91.05298518495024,96.28223419189453,80200957.0
2021-02-17,96.26088832046942,98.69409210612648,94.85219504870754,98.20317840576172,39034960.0
2021-02-18,98.6087169266764,101.72492008474292,97.54152327118838,100.95654296875,44291912.0
2021-02-19,99.67591006168507,100.78579840547245,97.64824212684577,99.1209716796875,36335681.0
2021-02-22,99.2276807771561,99.84665534601749,95.44981448938866,96.0261001586914,25800846.0
2021-02-23,96.36761290533508,97.79764781117336,95.89804652600333,96.51702117919922,18293559.0
2021-02-24,96.5383572689226,97.41345951490528,94.59606718839062,95.08697509765625,11421326.0
2021-02-25,95.49250705621824,99.37708705722147,94.25455787095359,97.135986328125,30696079.0
2021-02-26,94.55338624078676,97.00793178352674,90.15654466420162,91.47986602783203,38070699.0
2021-03-01,92.84586436111015,97.66957701332316,92.80317546004984,97.00791931152344,31441940.0
2021-03-02,97.75494702498636,97.90434948194742,95.34309089108969,96.06877899169922,18223787.0
2021-03-03,98.18182515275787,98.24586139466965,95.49249984890288,97.11463165283203,19350542.0
2021-03-04,95.21503690204133,98.16049596481702,95.21503690204133,96.11148071289062,22865747.0
2021-03-05,96.4743205680529,96.4743205680529,93.63558686865889,94.019775390625,17342685.0
2021-03-08,94.71543163512479,97.34580894834922,94.34587298114464,95.71540832519531,15749448.0
2021-03-09,95.86755973629602,96.56319836620378,92.71545253867522,93.91107940673828,12585004.0
2021-03-10,94.78063226153692,95.19366938290207,93.04153852440723,93.5415267944336,10661165.0
2021-03-12,93.78065347082645,96.04147173664204,93.65021790547681,95.67191314697266,18173078.0
2021-03-15,96.0849630036299,98.4762171519834,95.54149615173138,97.45449829101562,30092241.0
2021-03-16,97.88926830801822,98.78055745178276,97.1718932683002,97.58493041992188,14767699.0
2021-03-17,97.80230556101206,97.82404187294532,95.36757325985424,95.8458251953125,12571132.0
2021-03-18,96.08495314007749,97.17188673229592,95.71539453932479,96.106689453125,14232655.0
2021-03-19,96.47625373721851,100.91093951651828,95.2806267153448,100.08487701416016,70334403.0
2021-03-22,101.91092543343046,101.91092543343046,96.60668696132304,97.1936264038086,29180881.0
2021-03-23,97.19363293491656,97.38928336022042,94.99802921402679,95.21541595458984,38455903.0
2021-03-24,94.36759570557551,97.34579492765243,94.30238086944084,96.106689453125,24398959.0
2021-03-25,96.10669449261087,97.12841330226983,93.62848931060006,94.08499908447266,20272124.0
2021-03-26,95.3675723819799,96.51972074066555,92.23720146687945,93.30239868164062,25184863.0
2021-03-30,94.30237749825024,97.25884030158984,93.6502173662331,96.23712158203125,53328751.0
2021-03-31,95.60671374113957,96.12844429274747,93.32415289759263,93.75892639160156,20694060.0
2021-04-01,94.19368711620297,95.36757774968528,93.36761876897086,95.08497619628906,11229344.0
2021-04-05,93.56328145199694,95.21541836327353,92.75894931216774,93.10676574707031,14484908.0
2021-04-06,93.5632824990511,95.21541942881652,90.65029771041985,90.95463562011719,25301732.0
2021-04-07,91.69374446009986,93.99804731964714,91.10679911394195,91.54157257080078,22841720.0
2021-04-08,92.15025393669177,92.82415633086607,90.65028905351487,90.86767578125,20468881.0
2021-04-09,91.0415912519936,91.93287454806278,90.43290954514198,90.56333923339844,11773021.0
2021-04-12,89.84595832552569,89.84595832552569,86.30255578983501,87.45470428466797,18544315.0
2021-04-13,89.19378672563384,91.04157370271173,88.01989616963473,90.75897216796875,19831072.0
2021-04-15,90.38941052539579,91.91111739604945,90.01985196312444,90.34593200683594,10159348.0
2021-04-16,90.21550966103958,93.38935331830746,90.10681630432504,91.23722839355469,22020846.0
2021-04-19,89.49814365027625,89.99813789178069,86.95472339841517,87.47644805908203,18404990.0
2021-04-20,89.12858643908598,89.43292433501611,87.67209411065701,88.5633773803711,14467660.0
2021-04-22,88.69382564017894,89.08512064630466,87.47645619146236,88.45469665527344,11626459.0
2021-04-23,88.82424488392002,92.56329806249046,88.69381519623441,91.80244445800781,38318040.0
2021-04-26,90.51986267923121,94.10674994842884,90.51986267923121,93.82414245605469,19139358.0
2021-04-27,93.93282219763132,95.86756634911342,93.8241288384917,94.19368743896484,15270611.0
2021-04-28,95.1284555603522,96.38930332895363,94.04152189569064,96.0414810180664,16383579.0
2021-04-29,96.99799250754026,97.2371155734723,95.23715629633824,95.71540832519531,14761969.0
2021-04-30,94.67193663091852,96.65015335063116,94.19368468528708,95.67191314697266,16897105.0
2021-05-03,94.56324352553406,96.88928252868409,94.23716345678383,95.99799346923828,15528063.0
2021-05-04,96.25886034200201,96.38929590991735,94.21542874791572,94.8023681640625,20857434.0
2021-05-05,94.80236349927112,95.80234588278256,94.25889673551224,94.86758422851562,23178237.0
2021-05-06,94.97628532825075,95.38931656420239,92.86763293347029,93.65022277832031,18823613.0
2021-05-07,94.0632582647647,94.25890277405647,92.82415278461478,93.2806625366211,12509591.0
2021-05-10,93.65022433906009,95.71539824421247,93.45457982308318,95.58496856689453,17845577.0
2021-05-11,95.65018180091745,97.91100608111132,94.95454310724301,97.12841033935547,22995780.0
2021-05-12,97.12841518259704,102.17178859198076,96.97624328936277,98.23709106445312,55645370.0
2021-05-14,99.01967112541698,99.99791133160474,97.32405594742328,99.49791717529297,18820793.0
2021-05-17,100.41096189349874,100.43269820886199,98.737082803752,99.30229187011719,10996347.0
2021-05-18,100.38923370785726,104.28045905647912,99.34577254606388,101.3457260131836,52885042.0
2021-05-19,101.82397684442824,103.47611374016188,100.60661343672902,101.62832641601562,28081040.0
2021-05-20,101.7370160281498,102.1500531853151,99.30228930273105,99.54141235351562,10707136.0
2021-05-21,99.15010867572263,99.67183918595948,98.25882544247654,99.10663604736328,21702883.0
2021-05-24,99.5631389926215,101.91092023067421,99.30227965238636,100.43268585205078,22028927.0
2021-05-25,101.30222353696803,101.93264731175628,100.49789748243397,101.25875091552734,9165363.0
2021-05-26,101.38919456301628,101.65005391561859,97.80231359781874,98.08491516113281,18322114.0
2021-05-27,98.56316391172058,99.8239998000339,97.06319319836221,99.25879669189453,51194207.0
2021-05-28,100.43268153979868,100.43268153979868,97.73708403251125,98.01969146728516,15307498.0
2021-05-31,98.25882319290358,98.51968844204966,97.28058293135003,98.10665130615234,13102261.0
2021-06-01,98.38924734453278,99.12836452611398,97.34579230352963,97.56317901611328,15733731.0
2021-06-02,97.47621537019349,99.19357253818961,97.43273685385348,98.88922882080078,7995532.0
2021-06-03,99.58487868123133,100.62833966551337,98.1066501494881,98.38925170898438,10291328.0
2021-06-04,98.25882080807563,99.19358841957747,97.73709032244633,98.32403564453125,6142487.0
2021-06-07,98.82403082724187,103.38915225610117,98.65012261887432,102.71525573730469,18058790.0
2021-06-08,103.88913782675196,103.88913782675196,100.88919641959181,101.75874328613281,22511761.0
2021-06-09,102.60657945766155,106.7369281049583,101.65007530685857,105.25870513916016,39865778.0
2021-06-10,107.8238407885047,107.8238407885047,104.45434650098798,105.06303405761719,32690784.0
2021-06-11,108.17165036942579,108.17165036942579,106.08474026892509,107.084716796875,29142097.0
2021-06-14,107.80210137455586,108.60642752827245,105.258681445033,108.12818145751953,18732629.0
2021-06-15,108.93250505570884,109.34554217656999,107.41079803757721,107.64993286132812,15026686.0
2021-06-16,107.32387150869422,107.60646721354134,104.75870308447,105.28043365478516,30706682.0
2021-06-17,106.10648031513028,106.10648031513028,102.9326365304013,104.28044128417969,22261167.0
2021-06-18,106.084738473231,106.51951189489192,100.04138319455073,101.30223083496094,49278209.0
2021-06-21,100.82399098074183,102.36743436363048,99.30228391147435,102.10657501220703,11719831.0
2021-06-22,100.88919641959181,103.04132727307764,100.88919641959181,101.75874328613281,10961545.0
2021-06-23,102.49787297338877,102.60656634495336,100.86747239991978,100.97616577148438,10721151.0
2021-06-24,100.97616328078645,101.28050707245745,99.17184863972543,100.49791717529297,12964208.0
2021-06-25,100.62834093394873,101.21528037376554,99.73705772038133,100.36746978759766,7736431.0
2021-06-28,100.86746683068195,101.08485356180847,100.30226368854996,100.80224609375,9989595.0
2021-06-29,101.12833279698745,103.43264173265341,100.71530741605274,102.6065673828125,61089570.0
2021-06-30,103.106555800091,103.30220621864993,100.86746773188844,101.0413818359375,17437744.0
2021-07-01,101.10657949399825,101.2804935786351,100.08486668021207,100.3457260131836,15924813.0
2021-07-02,100.34573568943898,100.47616536850197,98.95445826013571,99.10663604736328,9549992.0
2021-07-05,99.69357584317001,100.38922045720771,99.28053869639528,100.12834930419922,6849185.0
2021-07-06,99.7370521620863,100.21529821276724,99.25879431742139,99.47618103027344,5343938.0
2021-07-07,99.47617455562091,100.62832877633963,99.47617455562091,100.41094207763672,7228897.0
2021-07-08,100.0413955907938,101.36746412636136,99.80227253804706,100.49791717529297,8740010.0
2021-07-09,100.45442956979407,100.62834367209373,99.99791979373863,100.10661315917969,2990856.0
2021-07-12,100.30225807238287,100.75876782339051,99.21532447761025,99.56314086914062,5578309.0
2021-07-13,100.17182609404227,100.82398623589437,99.25879481905893,99.41097259521484,8264289.0
2021-07-14,99.41097790262306,100.62834120694342,99.32402085360347,99.97618103027344,9228746.0
2021-07-15,100.43269622019224,100.62834664255857,99.69357895457796,100.17183685302734,5376823.0
2021-07-16,100.71528379791745,102.82393001551932,100.21528968331924,101.6717758178711,15903784.0
2021-07-19,101.67178649767985,102.01961468036282,100.65007364450524,101.3674545288086,13725925.0
2021-07-20,102.12830169444896,102.73697738836302,100.41094437657985,100.5631103515625,14178067.0
2021-07-22,101.95438593972904,101.95438593972904,99.43270257724544,101.41091918945312,10378326.0
2021-07-23,101.62831090120663,101.71526794433558,100.8891937255863,101.30223083496094,6660369.0
2021-07-26,101.49787111038351,102.32394524674241,100.88918366317351,101.17179107666016,12963701.0
2021-07-27,101.30224029293501,102.10657827449418,100.2805273742343,100.80224609375,10832912.0
2021-07-28,100.86746568351857,101.04137978403587,98.86750660050144,99.17184448242188,13828088.0
2021-07-29,99.1283454180185,100.60657984798625,96.89651076009393,97.04143524169922,28609665.0
2021-07-30,97.99791727011029,100.40365973348582,97.50517647195866,99.21528625488281,34142169.0
2021-08-02,99.4181906270702,99.70803957933572,98.14285405770354,99.12834167480469,9575755.0
2021-08-03,100.0268868485672,101.56307699406345,99.18631773746209,101.12830352783203,20959435.0
2021-08-04,101.82394543842024,102.3746537633862,100.78048442966025,101.5920639038086,23323277.0
2021-08-05,101.59206945013779,101.88191843573019,100.43267350776816,101.56307983398438,6621382.0
2021-08-06,101.73697723388672,102.31667510986328,101.18626896930238,101.44712829589844,5340311.0
2021-08-09,102.60652776993084,102.60652776993084,100.89642369135888,102.28768920898438,16415005.0
2021-08-10,102.08480522368389,102.08480522368389,99.33123999928421,100.05586242675781,11925263.0
2021-08-11,100.25876083898746,102.60654237360484,100.02689108237116,102.229736328125,31279965.0
2021-08-12,102.606524625564,108.80928721584367,102.20074082768909,108.40350341796875,58107755.0
2021-08-13,106.78036640093309,108.5774396280189,106.43254996129859,107.09920501708984,26776843.0
2021-08-16,106.66441932831826,106.83833342525175,104.57750913503939,104.75141143798828,21308655.0
2021-08-17,104.95432913335563,106.51950903836571,104.92533951534254,106.22966003417969,15962459.0
2021-08-18,106.49050451394561,107.82381446416076,104.43258394868165,104.69344329833984,25227527.0
2021-08-20,102.7804497402725,104.37461907931574,102.63552525490493,103.53404998779297,18720467.0
2021-08-23,104.05580216055992,104.2876837442277,100.98339771343316,101.82396697998047,13112745.0
2021-08-24,102.7804523228627,103.93984823493567,101.70800166900712,102.3746566772461,11029463.0
2021-08-25,102.722473695784,102.86739818564487,101.47613251816875,101.73699188232422,12001351.0
2021-08-26,101.679012999224,101.679012999224,99.47615628371928,100.345703125,12115246.0
2021-08-27,100.75150098622817,101.36017671238123,99.56311555890666,101.07032775878906,8051699.0
2021-08-30,101.56307777689712,102.22973278905411,100.171812109421,101.73699188232422,14512401.0
2021-08-31,101.7369967297083,102.63553332725158,101.41815811922888,101.65003967285156,43248333.0
2021-09-01,103.07032017245594,103.07032017245594,101.24426891780465,101.82396697998047,11817591.0
2021-09-02,101.67901269848215,102.08479650561942,100.98336815112481,101.88190460205078,13545023.0
2021-09-03,102.02684295103953,102.49060604568388,101.09932855573625,101.76598358154297,12286475.0
2021-09-06,101.85292174029979,102.22972775417713,100.28774204448263,100.92540740966797,13950485.0
2021-09-07,100.92540798355738,100.9543975978607,99.96890403334812,100.2877426147461,12485031.0
2021-09-08,101.02515007418853,102.41147820033133,100.40572699657274,101.96903228759766,25370295.0
2021-09-09,101.70359014189022,102.73596414738655,101.40862614031984,102.35250854492188,5078350.0
2021-09-13,102.79493519138798,102.82443638683642,101.8805421578501,102.58846282958984,7522483.0
2021-09-14,102.58846300884849,103.29637167971153,102.35248945118958,102.7064437866211,8434427.0
2021-09-15,102.64744490053397,105.59708412181368,102.49996293946998,104.94816589355469,20064238.0
2021-09-16,105.56759250862467,107.1604050339252,105.1841489767524,105.86255645751953,16214883.0
2021-09-17,105.92154897045748,106.42298523639067,104.26974620985237,105.4791030883789,21219226.0
2021-09-20,104.53520946703648,105.71506515854756,103.2963633913724,104.41722869873047,7833069.0
2021-09-21,103.8568173960289,105.24314563802963,103.50285103456955,103.76832580566406,9481007.0
2021-09-22,103.70932581883235,104.6826972164572,103.70932581883235,104.2697525024414,9165634.0
2021-09-23,104.41723795458779,105.44961177617269,104.41723795458779,105.15464782714844,10295913.0
2021-09-24,105.184133942547,105.89204251786617,103.70931440887199,103.91578674316406,7093411.0
2021-09-27,104.1222802508961,104.50573580805036,103.29637874366722,103.82731628417969,5205649.0
2021-09-28,104.3287343502696,111.4373695036497,103.88628847770516,108.51721954345703,38873626.0
2021-09-29,108.25174399750581,115.80282412896642,107.6323150484468,115.06541442871094,53686662.0
2021-09-30,115.00643416359797,116.80571897901909,111.28989576098807,112.02730560302734,23618199.0
2021-10-01,112.5582410263645,114.15104145512566,111.87982158370211,113.17765808105469,16994903.0
2021-10-04,113.26616476190344,113.88559390129099,112.11581007688625,113.0596923828125,10757286.0
2021-10-05,113.05966238981652,115.09490844711651,111.70282368354219,112.05677795410156,17200858.0
2021-10-06,113.23665514559147,113.35464792638196,110.16903487885963,110.67047119140625,8929507.0
2021-10-07,112.67625116122379,113.00071637117327,110.67049350452744,111.08345031738281,6733699.0
2021-10-08,111.49638042051501,112.17479995048076,110.31652454304925,110.7294692993164,8165175.0
2021-10-11,112.08630498711989,115.09493498371971,111.6733602432762,114.12155151367188,12982042.0
2021-10-12,114.38701089010202,114.82945677131532,113.0596732464621,114.06254577636719,8539966.0
2021-10-13,115.09492761576253,120.64025211845146,114.53450092754912,117.63162231445312,33075614.0
2021-10-14,118.10355820772493,121.49564355887019,116.95320362861676,120.72874450683594,19185455.0
2021-10-18,123.7668932698341,123.85537286390137,119.25394188567529,120.22732543945312,38546365.0
2021-10-19,120.34527462747252,120.81722168175845,116.21577990986317,117.18916320800781,16174177.0
2021-10-20,117.9855838527594,118.13306583257535,114.06256078923231,114.6524887084961,21909934.0
2021-10-21,115.77333074385197,116.42224892339514,114.15102929393812,114.47549438476562,16946547.0
2021-10-22,115.566858813001,116.21577699478301,112.82369213326015,114.71145629882812,7705870.0
2021-10-25,114.71147544634287,115.03594059244917,112.38126504031572,113.64961242675781,7862419.0
2021-10-26,113.62012525355634,113.82659764378172,111.90933173061748,112.3222885131836,8525850.0
2021-10-27,112.17478951926176,113.17766212100393,111.23090730548441,112.23377990722656,9862679.0
2021-10-28,112.49923369612954,112.73520723131234,109.28413178586543,109.66758728027344,11095238.0
2021-10-29,110.2575170712879,111.28989080416116,106.95392352651598,109.16615295410156,12988035.0
2021-11-01,108.90069673250396,111.20141812869299,108.87120753639124,110.75897216796875,5475153.0
2021-11-02,111.28990065021087,112.8237107886137,109.2251530017918,109.43162536621094,10946890.0
2021-11-03,109.43161248093514,110.49348737593475,107.95679290572039,108.51721954345703,13957727.0
2021-11-04,109.10715056767573,109.63808803071882,108.69420587537152,109.16615295410156,830214.0
2021-11-08,110.67046873353615,112.29277041593693,108.90068508000803,111.5848617553711,11947323.0
2021-11-09,112.29276696988195,112.29276696988195,109.31363844580162,110.0510482788086,10381150.0
2021-11-10,109.69707287149255,110.02153797198672,108.2812557110763,108.7826919555664,13857851.0
2021-11-11,109.13665238678227,109.28413434946711,106.59995782775786,107.45536041259766,8851354.0
2021-11-12,108.36974729497442,108.36974729497442,106.364002094674,107.36687469482422,9590673.0
2021-11-15,107.4848798147293,111.34891312398423,107.36689901226559,111.08345031738281,24821341.0
2021-11-16,111.49637264848445,112.8827008074476,110.02155290445688,110.67047119140625,23206330.0
2021-11-17,110.31653630428231,114.32805151619348,110.31653630428231,112.70574951171875,18359498.0
2021-11-18,113.17767875707301,114.71148908018131,112.705743581871,113.5611343383789,10742933.0
2021-11-22,114.68199578189021,116.21580605014941,113.26616630268369,114.56400299072266,25095721.0
2021-11-23,114.00356497971391,119.40140758486825,113.9445745910139,119.07694244384766,19671538.0
2021-11-24,119.28341984921043,122.38054140911545,119.16543906682163,119.9323501586914,18120478.0
2021-11-25,119.51939151674031,120.93522089347698,118.72299124298655,120.4927749633789,18537454.0
2021-11-26,120.37478507994813,120.90571055422528,118.45751952784285,119.1654281616211,12814537.0
2021-11-29,117.39563921715288,120.34527839346325,117.10067529952184,118.13304901123047,16066147.0
2021-11-30,118.16255287986876,123.58988428634773,118.16255287986876,121.96758270263672,37739647.0
2021-12-01,122.1150743365225,123.14744815337716,120.7582353763823,122.2330551147461,20332817.0
2021-12-02,123.29493204752605,127.42442737926136,121.820112286192,126.53953552246094,33758843.0
2021-12-03,125.7431334304579,127.68988828595303,121.23018262572003,121.58413696289062,47614182.0
2021-12-06,122.32153982389488,122.70499533473856,118.78197265077743,119.1654281616211,11322446.0
2021-12-07,119.51938155231441,122.08556533251573,119.253918817233,121.40715789794922,8049102.0
2021-12-08,121.02373314439842,122.49855316321361,120.07985073277989,120.8172607421875,8788449.0
2021-12-09,121.2301833915784,121.79061009546278,119.2244261321222,119.87334442138672,5755422.0
2021-12-10,120.49277138255896,120.49277138255896,119.07694204789809,119.54888916015625,6164402.0
2021-12-13,121.23016360571847,123.67836639039258,120.16828875869224,120.58124542236328,21648126.0
2021-12-14,120.40429625387037,125.74314918220965,119.87335868054745,125.21221160888672,48042035.0
2021-12-15,125.71362945005993,127.2179503523541,122.5870188718463,123.7963638305664,15207306.0
2021-12-16,124.71075925104763,124.94673280918207,121.70212939064642,122.82298278808594,13410737.0
2021-12-17,122.82299564481677,124.17983474453416,120.96473218501099,123.8553695678711,15209414.0
2021-12-20,124.32730132561808,125.44816670359084,122.41003570612457,123.7963638305664,22539246.0
2021-12-21,124.74024478782219,124.91722795176332,120.81723400755669,121.87909698486328,17566511.0
2021-12-22,122.00122966458107,123.95519826406392,120.90211456297861,123.06980895996094,14750231.0
2021-12-23,123.64989454212598,127.98527107603405,123.37512196791097,127.22200012207031,15932489.0
2021-12-24,127.13039655286371,127.43570491386774,125.08483301874257,125.4206771850586,8975969.0
2021-12-27,125.42069484668254,126.55033345686627,125.17644563887858,125.8481216430664,8648187.0
2021-12-28,126.18394578956949,127.40517921134509,124.13838229270111,125.54279327392578,15736206.0
2021-12-29,123.95519801423936,125.72598904190579,123.7720080233317,124.93218231201172,17172943.0
2021-12-30,124.932181795797,129.08438057295956,123.13086739244183,125.39014434814453,87481206.0
2021-12-31,124.5658170384632,125.90916891966616,124.29104447009018,124.81006622314453,9842223.0
2022-01-03,125.42067892533326,126.36712740376078,124.65740801223244,125.17642974853516,7410054.0
2022-01-04,125.97022668826003,130.06135349567322,125.48172837258612,128.5958709716797,14784090.0
2022-01-05,128.22952733467147,129.05385752578826,127.03882955006173,127.40519714355469,9565107.0
2022-01-06,126.85563832529344,127.4357193075086,124.96272875787348,125.75652313232422,5615931.0
2022-01-07,126.36710970731062,127.31357047622495,124.87110389634533,125.29853057861328,11908249.0
2022-01-10,126.55033100352567,126.55033100352567,124.2299822089171,124.56582641601562,11085710.0
2022-01-11,124.9016517931726,125.66492267329949,124.26049928465459,124.47421264648438,7208789.0
2022-01-12,125.78707246849271,126.21449929893024,124.77955217042513,125.14591979980469,11018139.0
2022-01-13,126.76403633492718,129.14544417307928,126.12289619355953,127.00828552246094,20522807.0
2022-01-14,126.97770916356458,128.0157647733104,126.12285591474843,126.8555908203125,14183654.0
2022-01-17,127.71046386425324,127.95471298788249,125.66490074703296,126.000732421875,7574539.0
2022-01-18,125.93971953766106,126.9167039682561,124.93219929675355,125.2680435180664,8475422.0
2022-01-19,125.78702220319661,126.6418879454936,122.76447493985478,124.96269226074219,13724367.0
2022-01-20,126.4586876390736,131.49627428089084,125.42064445178825,131.06884765625,30170343.0
2022-01-21,130.61090815393274,133.87770485273484,130.06135066651092,131.34364318847656,29509593.0
2022-01-24,132.1374490360622,132.9617790507379,129.1454248873987,130.67196655273438,12850189.0
2022-01-25,130.36667161309725,134.45779872729426,129.4202107141418,133.6334686279297,27389035.0
2022-01-27,133.114439334008,133.9082460056699,129.66445252721357,131.1909942626953,28512473.0
2022-01-28,132.80916192803735,132.80916192803735,127.77157302731871,128.35165405273438,18932049.0
2022-01-31,129.4507559546821,132.35118562819503,128.96225756677316,131.52685546875,19907759.0
2022-02-01,132.503825385849,132.53436119040288,129.0233151260313,130.03082275390625,8622355.0
2022-02-02,131.19098823434294,132.99231485325575,130.21400405313366,130.67196655273438,9921099.0
2022-02-03,130.67199102660956,131.28260780710775,128.84014068511505,129.02333068847656,4594389.0
2022-02-04,129.4507491578196,130.27507927398284,127.67995812341336,128.04632568359375,7329263.0
2022-02-07,128.87066619410473,130.85517057212368,128.22951365661,130.45826721191406,7869237.0
2022-02-08,130.6719712315841,131.52683707938706,127.3135794475948,128.26004028320312,9074237.0
2022-02-09,128.59587432836102,129.23702683154022,127.43570011562313,127.83260345458984,9833985.0
2022-02-10,128.26005916879333,131.71003402554956,128.26005916879333,129.48129272460938,19180334.0
2022-02-11,128.35163973922425,129.45075489147706,126.42820685732673,126.88616943359375,20071130.0
2022-02-14,126.36714154129629,126.36714154129629,122.88663075738023,123.25299835205078,12109375.0
2022-02-15,123.34457594589746,124.47421437960809,121.5127258080871,124.22996520996094,19046061.0
2022-02-16,124.63789791117648,126.14409865774482,122.81790587441472,123.19446563720703,20270061.0
2022-02-17,124.41826741949555,124.79481447721294,123.00620637690355,123.6337890625,16405551.0
2022-02-18,123.5082526403513,125.6106516580314,122.53549456723671,122.81790161132812,14600643.0
2022-02-21,122.8179217157832,124.88894960546617,122.72379453114465,124.35550689697266,10682638.0
2022-02-22,121.8765477237822,124.5437740344517,120.37035955114214,124.35550689697266,13606058.0
2022-02-23,124.4810069885022,125.20272953696697,124.0103200353557,124.29273986816406,6493463.0
2022-02-24,121.75101459105433,123.00617968993119,119.17792869199673,119.93102264404297,13145037.0
2022-02-25,120.84103465400737,124.1985990080535,120.58999906054022,123.82205200195312,10920938.0
2022-02-28,123.9161866161598,131.94924948013846,123.0375811385821,131.2589111328125,31938385.0
2022-03-02,130.38025985666627,133.76920779286186,129.40750190809777,132.35714721679688,20502615.0
2022-03-03,132.23165375554643,137.66024600621301,132.23165375554643,136.7188720703125,19805555.0
2022-03-04,135.52646883634236,136.499227055976,132.38855557068774,134.96165466308594,12794317.0
2022-03-07,132.10611569565256,135.05574832599578,131.0706020213581,133.549560546875,17635653.0
2022-03-08,134.30266463181013,140.20194310852955,131.66682305005443,133.26715087890625,28410490.0
2022-03-09,135.02440779570293,135.55785048703476,129.65857110664385,130.59994506835938,22830958.0
2022-03-10,132.41993817578378,132.67097378757725,129.94099183380212,131.0706329345703,16516553.0
2022-03-11,131.35305045381295,133.6751010932222,130.38029226345967,133.32992553710938,12992850.0
2022-03-14,133.32993624958527,134.30269451809542,131.54132815193336,133.9261474609375,12598659.0
2022-03-15,133.80061892732394,134.96165707089125,130.7254740866812,131.5727081298828,14528285.0
2022-03-16,132.5768241657338,132.92199970279466,131.133379079371,131.38441467285156,11933774.0
2022-03-17,133.04749797703545,133.5181848802561,130.38027219211844,132.7650909423828,28464621.0
2022-03-21,135.55783897621396,135.55783897621396,128.3406392159063,128.5916748046875,17797415.0
2022-03-22,128.65443564558547,131.4785574036593,128.05823727060582,130.9764862060547,13285297.0
2022-03-23,131.47854031511108,132.16887854594196,130.72544638478632,131.85508728027344,9408783.0
2022-03-24,131.79234406277803,132.545438064428,130.53717888122776,132.26303100585938,11188958.0
2022-03-25,132.26304650700257,132.29443074749975,129.72133160919574,131.5727081298828,9842670.0
2022-03-28,131.57271265486742,133.5182164275508,130.22340732651844,133.23580932617188,12823578.0
2022-03-29,134.20855882664745,134.5851058957713,131.60408804888624,132.6082305908203,10470515.0
2022-03-30,133.73783874726638,137.252298470891,132.9219890938212,136.2481689453125,54218485.0
2022-03-31,135.27545813658236,136.34234363542419,134.7733868617139,136.0599365234375,10326026.0
2022-04-01,135.6206151241073,141.67679056340378,135.6206151241073,141.23748779296875,39663961.0
2022-04-04,141.8336924434774,143.15161358068326,140.60991126640113,142.71231079101562,9907530.0
2022-04-05,144.3126166214702,147.23087832291944,142.398497314473,146.2581329345703,17167487.0
2022-04-06,145.1912326342982,149.6470665614636,145.0657212209924,148.51742553710938,17153675.0
2022-04-07,148.07811593786687,150.5570749788611,144.34400440934053,145.1912384033203,11913911.0
2022-04-08,146.22674359767177,146.91708189363442,144.7205428267166,145.9757080078125,6746769.0
2022-04-11,145.912943003809,147.82707489027862,143.33985710017745,144.9088134765625,12413822.0
2022-04-12,143.87334450427417,146.63471114000347,143.46541316577944,146.28953552246094,14769907.0
2022-04-13,147.45051697933522,147.70155255631906,142.8064162620332,144.0301971435547,11015439.0
2022-04-18,144.03021785008522,145.47366304910966,142.8064367926266,145.0343475341797,19069923.0
2022-04-19,146.0384473521323,146.44637854392687,142.14744083393552,142.9946746826172,15036942.0
2022-04-20,143.24573622716156,143.7164232027163,140.23333447633064,142.4612579345703,9814641.0
2022-04-21,141.89642624512348,143.49676701554782,141.36298357771568,142.61814880371094,11134333.0
2022-04-22,141.23748727433903,144.46952786253368,141.01782312172577,141.48851013183594,12032249.0
2022-04-25,140.54711931789322,142.3984956640303,139.00954704253598,139.85678100585938,11042683.0
2022-04-26,142.46125183300927,145.7246762831371,140.79815537030535,145.34812927246094,15389155.0
2022-04-27,145.19123025754203,146.13260414652743,142.74365559253985,143.90469360351562,12680209.0
2022-04-28,146.4777828462445,148.2663907203418,144.3753836690354,147.85845947265625,18378146.0
2022-04-29,147.54467563632093,148.32915393380054,142.49264306147327,142.93194580078125,9026331.0
2022-05-02,141.77091293252468,146.3836425226862,141.77091293252468,145.31675720214844,12634353.0
2022-05-04,146.22675462162783,150.27465752855113,146.16399891148203,149.11363220214844,23124643.0
2022-05-05,149.6157106920094,151.0277716958321,146.13262177529927,146.69744873046875,16481935.0
2022-05-06,145.25400028744357,150.08639438837062,145.25400028744357,149.61570739746094,17715186.0
2022-05-09,149.99224724063754,154.66773268541877,147.8898480024111,153.8518829345703,54118806.0
2022-05-10,154.2598123824839,155.86014039508552,152.18878463888055,152.91050720214844,30997494.0
2022-05-11,153.13015364767574,155.64048403534255,149.80396077673697,150.1177520751953,15412618.0
2022-05-12,149.9922257150242,151.81221761834428,145.69328790821254,148.04672241210938,26538994.0
2022-05-13,150.5256703763695,150.5256703763695,146.28948821135984,148.29776000976562,15074553.0
2022-05-16,147.79571703984672,149.3019179837021,146.22676038337275,147.60743713378906,7960529.0
2022-05-17,147.419163387391,150.18052953263836,146.06985816966997,149.77259826660156,15470937.0
2022-05-18,149.05083588122596,149.5215227313772,142.52397567215584,143.0260467529297,19181550.0
2022-05-19,139.95090702569965,144.1243334884019,139.10367314667275,143.277099609375,15085602.0
2022-05-20,144.81468807008113,146.2895046582164,142.3043576159952,143.747802734375,15148281.0
2022-05-23,145.59916134179153,145.59916134179153,140.7040120169856,140.95504760742188,11572501.0
2022-05-24,141.20609266642433,144.12435446850404,140.95505705915485,142.4612579345703,16336858.0
2022-05-25,143.3398927093587,143.96747541581985,139.66853643020178,141.11196899414062,11062614.0
2022-05-26,142.46123481665364,143.7791555807009,140.51573152037446,142.5867462158203,14150454.0
2022-05-27,143.4653817333513,143.49676597105312,140.20195727679805,141.01780700683594,8430491.0
2022-05-30,140.89230781212564,144.28125674521138,140.7667963868344,143.24574279785156,9305758.0
2022-05-31,143.2457246400328,147.5760470184975,143.21434040358724,146.1639862060547,26351545.0
2022-06-01,145.69332608533932,146.22676882569812,143.18299529004835,143.84194946289062,10282009.0
2022-06-02,143.96746014113126,143.96746014113126,140.92368689137427,141.55126953125,10071898.0
2022-06-03,141.8336944580078,143.15161561393276,141.20611173916708,141.8336944580078,16082518.0
2022-06-06,141.8336757208782,142.74366543570062,140.2961033701227,141.08058166503906,12693293.0
2022-06-07,140.54713355442163,141.99057879977755,140.39023788723958,141.2061004638672,9103195.0
2022-06-08,139.98231681000252,142.14747187028237,139.98231681000252,140.92369079589844,11240130.0
2022-06-09,141.0178290345309,141.64541174099202,138.69577812790592,141.11196899414062,9468041.0
2022-06-10,139.35472804088212,142.74366402691308,139.35472804088212,140.8609161376953,9019239.0
2022-06-13,139.22920794349173,141.5198871629627,139.00955657027157,139.54299926757812,10186775.0
2022-06-14,139.5430046770522,142.64954656685558,139.32335329531716,140.54713439941406,17023962.0
2022-06-15,140.73542052742064,142.02197017018094,139.26060373551186,139.48025512695312,5898563.0
2022-06-16,140.1705746473,140.766785793069,135.33819361423008,135.77749633789062,11883333.0
2022-06-17,134.42817989456105,136.1226604756723,131.9492338778575,132.6395721435547,19675226.0
2022-06-20,131.22753451587485,132.3571884358058,129.50168216321504,130.694091796875,7402273.0
2022-06-21,131.1961437135236,133.76922974292873,130.09787419637016,132.01199340820312,9459619.0
2022-06-22,132.29442681572607,132.5768338989995,130.66270172240786,132.20028686523438,10257637.0
2022-06-23,131.85511546570473,132.8592451768475,129.37616904430197,130.8823699951172,13114525.0
2022-06-24,133.04750908200435,133.04750908200435,130.38028307446416,131.1333770751953,9499105.0
2022-06-27,133.8947318491927,133.8947318491927,131.57268156725064,132.7650909423828,17545390.0
2022-06-28,131.50993440411526,132.76509956084954,130.75682764915453,131.98062133789062,6770087.0
2022-06-29,131.22753121736378,134.93027145273024,130.8195999360756,132.48269653320312,41502918.0
2022-06-30,132.73370564425886,134.773348875199,132.04336741204204,132.9847412109375,22260722.0
2022-07-01,132.4513159407103,133.61234122427382,128.77994743012692,129.59580993652344,11133663.0
2022-07-04,128.6858123363592,133.14164607302132,128.6858123363592,132.2316436767578,20178279.0
2022-07-05,132.41994730427353,135.52647650578947,132.38856306256022,134.39683532714844,20083997.0
2022-07-06,134.30269165677853,134.39683161111296,130.6627070559962,132.07476806640625,19203527.0
2022-07-07,133.83198764331271,135.118537063225,133.1102651094156,133.39268493652344,14069302.0
2022-07-08,134.30269205570377,137.6916410443947,133.4554580005816,137.31509399414062,17142257.0
2022-07-11,138.06814481439744,138.8526229099338,135.68332629668768,136.21678161621094,10826079.0
2022-07-12,134.99302125664587,136.15404656934234,133.76924023454447,133.9888916015625,8503695.0
2022-07-13,134.6164672449867,135.99714385303963,133.95750040993377,134.5850830078125,10210005.0
2022-07-14,137.59750220211401,137.59750220211401,133.5809705077961,134.8361358642578,10898403.0
2022-07-15,136.18545513036483,136.18545513036483,131.03928174884908,131.3530731201172,22067479.0
2022-07-18,132.01198971151473,133.29853907429063,131.1020001014927,131.94923400878906,15155654.0
2022-07-19,131.72957218312732,132.73370165143695,131.54129232173224,131.79232788085938,14922395.0
2022-07-20,132.60818926544067,133.23577177447123,130.8509531328755,131.32164001464844,14181034.0
2022-07-21,131.76097979971925,133.80062352892978,131.44718845676377,133.23580932617188,12461554.0
2022-07-22,134.2712737027674,134.2712737027674,131.47853662400018,131.79232788085938,9272199.0
2022-07-25,131.79233177485082,132.41991430711204,130.16061974461158,130.4744110107422,6635194.0
2022-07-26,130.47442976403386,132.41993334003394,129.9723585587817,131.22752380371094,11451315.0
2022-07-27,131.7295998809776,132.41993823758057,131.4158085581397,132.20028686523438,9209354.0
2022-07-28,132.41993286132558,134.80475192535027,131.82373447941995,134.42819213867188,13192642.0
2022-07-29,135.8088864047368,136.6875046579683,133.5809629163499,134.27130126953125,15433067.0
2022-08-01,134.96163320282685,138.16230167121566,134.3968063511818,137.40919494628906,12136557.0
2022-08-02,138.03677854534246,140.20194603168426,136.40506644793982,139.6998748779297,17748747.0
2022-08-03,140.1705732197607,141.0491914263347,137.8485226728589,140.3274688720703,12406038.0
2022-08-04,140.57852627745822,140.70403771149623,137.50336846149824,138.5702667236328,9712267.0
2022-08-05,139.13504729953561,141.04917919906086,137.34643957189718,140.3588409423828,14099223.0
2022-08-08,141.20609321921157,142.0219557539809,138.75851838310493,139.26058959960938,8392041.0
2022-08-10,138.5388874847617,141.14335836484295,138.41337604619045,140.26473999023438,8585266.0
2022-08-11,140.9864348024244,142.3984956640303,139.1350584562873,139.85678100585938,5040626.0
2022-08-12,139.9509116866864,143.465371489304,139.32332912306896,143.12020874023438,13279062.0
2022-08-16,143.84193530487454,144.312622282663,142.49264284977542,143.62228393554688,11298246.0
2022-08-17,143.6222850380059,144.94020603228984,142.90056244621664,143.4026336669922,11225465.0
2022-08-18,143.0574549149333,145.41088976943342,142.93194349664046,145.1912384033203,11360485.0
2022-08-19,144.77930373212206,145.57148642466726,143.03650180852262,144.5891876220703,9829530.0
2022-08-22,144.55748777054902,146.26861003517342,143.00481492993597,143.19493103027344,9190493.0
2022-08-23,142.561173243493,145.0327854944223,142.0858636911449,144.20892333984375,8903751.0
2022-08-24,144.08220614365496,145.7299438010386,143.54352441441804,145.41307067871094,13007225.0
2022-08-25,146.07847651796288,146.395349568978,142.6562449882803,143.416748046875,12124365.0
2022-08-26,143.60686354332893,146.522093021809,143.60686354332893,146.04678344726562,7966045.0
2022-08-29,144.65254950016853,145.06448705008242,142.97311973119514,143.89205932617188,7517013.0
2022-08-30,144.6208704613633,145.9200552639323,144.5574984232475,145.50811767578125,7214498.0
2022-09-01,142.62456760496238,145.82497773310055,142.59287514193622,143.2899932861328,13109081.0
2022-09-02,144.17724384063055,145.03279853305315,141.83238832901333,142.08587646484375,6897237.0
2022-09-05,142.59287916815148,142.9414446968906,140.50151178291273,141.57888793945312,18055474.0
2022-09-06,141.95911896751824,144.49410323479535,141.95911896751824,142.6245574951172,14103701.0
2022-09-07,141.35709171339505,143.8286915198707,141.35709171339505,142.212646484375,7866745.0
2022-09-08,143.22663780159567,143.79701194678205,141.61057987250084,142.212646484375,7187735.0
2022-09-09,143.25832694076502,143.32169897906948,141.00852287896447,141.26202392578125,9162027.0
2022-09-12,141.6739563140958,142.4027540682404,140.81838870079847,141.9274444580078,8778919.0
2022-09-13,142.14927708627442,144.1772597584034,141.83240398790429,143.733642578125,11278383.0
2022-09-14,142.592896528157,147.78961026641002,142.40276750867963,147.377685546875,25072958.0
2022-09-15,147.9480151901825,150.99000148991544,147.25089709045946,150.57806396484375,23606369.0
2022-09-16,151.08510253279792,151.11678210786994,147.91637140959998,149.34230041503906,29399642.0
2022-09-19,149.53240081770548,150.89495763608005,146.80730007455495,147.75791931152344,13920046.0
2022-09-20,148.29659240037526,149.7225211734558,147.09247219105436,147.47271728515625,20162973.0
2022-09-21,148.20152513481568,148.51839818958058,142.149257524965,143.89205932617188,14468837.0
2022-09-22,141.95914628425487,143.4801397160203,138.88547984744508,139.48753356933594,26264530.0
2022-09-23,138.34678141601478,139.26570812103532,125.54510221662562,128.3652801513672,87162722.0
2022-09-26,126.7492440118843,132.67476859071994,118.09860552935324,127.28792572021484,167547134.0
2022-09-27,130.42494246120714,131.75580658966916,127.54139277154239,129.8228759765625,54127095.0
2022-09-28,130.04470867474757,133.34019648852563,128.3652916423786,131.6290740966797,52877873.0
2022-09-29,132.42123696227702,134.4175396734544,130.58338366314553,131.81918334960938,36761869.0
2022-09-30,131.1854666092812,138.60029217323546,131.1854666092812,134.48094177246094,62897614.0
2022-10-03,134.9879407073013,136.0336245168524,132.45295590528627,133.5937042236328,11740863.0
2022-10-04,134.41756149965664,134.575998043832,131.8192047539005,132.10438537597656,19179333.0
2022-10-06,132.3578660547736,133.65705067449952,130.29819129748918,130.7418212890625,20692745.0
2022-10-07,129.28420463235645,132.9282447139057,129.28420463235645,132.70643615722656,14282850.0
2022-10-10,131.78751844213994,134.3225032673302,131.53403027450057,132.4212646484375,16834226.0
2022-10-11,133.08668403376723,134.0056107422756,130.90026509636584,132.04100036621094,17807162.0
2022-10-12,133.371858049534,136.85746150706953,132.6747399367463,136.60397338867188,35288330.0
2022-10-13,136.22372721715504,137.71304095645925,135.1463639399034,135.58998107910156,16436903.0
2022-10-14,138.15665240137147,138.15665240137147,134.06899513684334,134.76611328125,23365190.0
2022-10-17,134.3224815287241,136.22371983992244,133.72042788761695,134.2591094970703,9520537.0
2022-10-18,134.95623387062773,136.255418600772,134.0689995992686,134.57598876953125,13256574.0
2022-10-19,134.98791452567258,137.4595268069747,134.95622206435453,135.55828857421875,11595367.0
2022-10-20,134.70271471849003,138.15662519082255,134.5759577849102,137.83975219726562,16371066.0
2022-10-21,136.4772304872786,138.7270344716708,135.6216757656078,137.71304321289062,11634491.0
2022-10-24,139.2974095991404,139.58259021057617,138.53690647931413,138.69534301757812,1132859.0
2022-10-25,138.69533456230437,139.04390008267495,135.78010501468754,138.47352600097656,20622687.0
2022-10-27,138.98052252147255,142.49780558043685,137.74470991135223,141.895751953125,24298489.0
2022-10-28,141.83240398790429,145.12787905351377,141.45214595498064,143.733642578125,11669879.0
2022-10-31,144.46243065510396,145.92005196682655,143.67024796255876,144.5891876220703,11755682.0
2022-11-01,146.17356324958487,149.50073079141032,145.63488155962827,149.02542114257812,15220278.0
2022-11-02,149.02540936310973,149.91265654951874,147.56778806446647,147.8529815673828,12884449.0
2022-11-03,147.66284063575407,148.0430857153241,143.67023506627544,144.5258026123047,9358215.0
2022-11-04,144.49412890297305,145.41305570566198,142.59289036477603,143.3217010498047,8059667.0
2022-11-07,144.05050820892959,146.96573798408954,143.48013408271166,144.49412536621094,14862038.0
2022-11-09,146.39534765625,146.39534765625,138.1883408996264,138.6319580078125,22831150.0
2022-11-10,136.88914995268757,139.51919869947938,135.30478479119813,136.19203186035156,16217631.0
2022-11-11,136.88915050357448,138.06157814907556,135.33647779650502,135.65335083007812,12123886.0
2022-11-14,136.88626406252902,138.67074967852398,136.4320366410689,137.1458282470703,18460862.0
2022-11-15,136.26981523301868,140.48769046642164,136.04270151469362,140.16323852539062,15258103.0
2022-11-16,140.13077214011625,141.10412785269492,138.50851261915182,140.87701416015625,9825807.0
2022-11-17,140.74724791066137,143.05084866033135,140.32545776714971,141.6557159423828,9449665.0
2022-11-18,141.6881561279297,141.9801707880512,140.71480033149055,141.6881561279297,5828998.0
2022-11-21,141.13658876135835,142.43439647410648,140.4876849049843,142.14239501953125,4712051.0
2022-11-22,141.78548043138608,142.23970781101434,140.7472369908203,141.3312530517578,4366445.0
2022-11-23,141.62326308199115,141.98016547478915,139.02764772195468,139.61166381835938,13510578.0
2022-11-24,139.77388122481202,143.4077398660904,139.57920480392966,143.24551391601562,7622243.0
2022-11-25,143.2455163126557,143.34285452472542,140.5525628559625,143.14817810058594,10989671.0
2022-11-28,142.2072862848416,144.18643517458287,142.2072862848416,143.60243225097656,4526153.0
2022-11-29,143.60245256058116,144.21890604578718,141.81796665900225,142.3370819091797,6476054.0
2022-11-30,142.33710096827903,145.97096101403892,141.23396936220456,145.35450744628906,17317951.0
2022-12-01,145.35447103828253,145.90603670316506,143.08330742830935,143.9917755126953,13241961.0
2022-12-02,141.8179594414863,143.73222075769118,141.8179594414863,142.62908935546875,12880949.0
2022-12-05,142.564179036665,144.21888923329595,140.9419193152556,143.9917755126953,16477957.0
2022-12-06,143.76467190595102,145.4518194945111,142.36952580699364,145.030029296875,11299945.0
2022-12-07,144.60823519329932,145.41936508915808,143.05086315285374,143.44021606445312,5813973.0
2022-12-08,143.92686825416305,143.95930552300413,140.7472369908203,141.3312530517578,11176439.0
2022-12-09,141.7206023248796,142.0774915182801,139.9685540229753,140.94190979003906,6020031.0
2022-12-12,140.1632325327517,141.4610402413883,139.25476449630955,139.87123107910156,8194429.0
2022-12-13,139.87123226139752,140.68236208615167,138.24897261188923,140.35791015625,8235450.0
2022-12-14,140.35790501328148,143.11574631639326,140.35790501328148,142.23971557617188,10055353.0
2022-12-15,142.43441566395072,143.018431853767,140.09836410667006,140.39036560058594,5385778.0
2022-12-16,139.51433045118114,141.5908175305916,137.95695854063183,138.34629821777344,11166617.0
2022-12-19,138.89787808783316,142.23972244311787,138.54097567999548,142.04505920410156,7758862.0
2022-12-20,142.04504889191665,142.04504889191665,138.80052979069418,141.00680541992188,6541929.0
2022-12-21,140.84459787478988,141.6232772800724,138.76809745739698,140.19569396972656,7005861.0
2022-12-22,140.2281349356842,140.8121511060138,138.11919718870473,139.51434326171875,6961415.0
2022-12-23,138.47607847711978,139.7089983812921,136.56180427796272,137.0809326171875,4554651.0
2022-12-26,137.24316217527746,139.0276477354761,136.88625978244477,137.47027587890625,6864331.0
2022-12-27,138.184073639925,139.64410734535642,137.4378447520687,137.98941040039062,13115851.0
2022-12-28,137.8920695458475,141.72060494069348,137.8920695458475,140.00100708007812,16815549.0
2022-12-29,138.89787580450445,140.4876849725929,138.54097340253387,140.00100708007812,22536873.0
2022-12-30,140.19568044094007,140.64990784985827,138.37874440130233,138.67074584960938,4643134.0
2023-01-02,139.2223315101197,139.83878490990375,138.216525224174,139.54678344726562,5959394.0
2023-01-03,139.6765575513031,140.29301094495236,139.09254142985574,139.90367126464844,2873110.0
2023-01-04,139.77388559537894,139.77388559537894,136.59425423409388,136.95115661621094,9954542.0
2023-01-05,137.5027185342271,137.5027185342271,134.06352309658075,135.49111938476562,21273509.0
2023-01-06,135.06934622697815,136.46449221933807,134.6800065365944,135.03689575195312,11510471.0
2023-01-09,135.750678759569,137.53516432893323,132.5386100155064,135.685791015625,52485126.0
2023-01-10,136.20491578297296,137.85961261887547,135.62089969889706,137.43783569335938,17248326.0
2023-01-11,137.69739747810917,138.24897633538404,136.33470197621693,137.53517150878906,9164361.0
2023-01-12,138.5734203214278,138.80053402504547,137.1782744249444,138.5409698486328,21179555.0
2023-01-13,138.60586854233915,139.7414503521228,138.41120529613775,138.8654327392578,6560245.0
2023-01-16,139.51433653951472,140.09835268170474,138.02185230969397,139.93612670898438,8362194.0
2023-01-17,139.93612588287624,141.9152748171908,139.44944796758824,141.72061157226562,13000571.0
2023-01-18,141.65574066794963,142.85621036134208,140.42282049555266,142.3370819091797,11171369.0
2023-01-19,141.9801567862251,143.56996581616514,141.88281857578394,143.24551391601562,11586815.0
2023-01-20,143.4077338446161,145.28955742686475,143.4077338446161,144.86776733398438,10112645.0
2023-01-23,145.35447616009054,148.14476826002868,145.06247468074105,146.06826782226562,14393610.0
2023-01-24,146.81450097669145,147.0416146913969,143.0833037143004,143.37530517578125,6150893.0
2023-01-25,143.21307391681816,143.56997631387168,141.33126331993992,142.3695068359375,5790331.0
2023-01-27,142.30460623196666,143.69973881696168,140.8121222362279,142.27215576171875,10458603.0
2023-01-30,141.46103713574698,142.0126027594119,136.6267088080018,137.47027587890625,24288177.0
2023-01-31,137.9569560950681,142.88862272273147,137.66495464288394,140.58502197265625,20997546.0
2023-02-01,146.00335829575457,146.00335829575457,138.6058521683733,140.52012634277344,20246369.0
2023-02-02,140.1632386798959,140.87703031055426,137.1458329845848,138.0218505859375,12820663.0
2023-02-03,138.34629817421057,139.61166862700094,136.52937528079426,139.4169921875,10815686.0
2023-02-06,138.50852475691056,141.0392524717838,138.24897377239674,140.84458923339844,6948201.0
2023-02-07,141.46104004546183,141.59081553535268,139.5792162301486,140.7147979736328,10035526.0
2023-02-08,141.37902135305464,141.64471167438435,139.78489293864746,140.81443786621094,12432719.0
2023-02-09,140.81442960779117,142.1096512671517,140.81442960779117,141.37901306152344,7011082.0
2023-02-10,140.74801311147482,142.441763505184,140.71479675502988,142.20928955078125,10892159.0
2023-02-13,142.2092794659217,143.80340770438866,142.14286027131257,143.47129821777344,7710133.0
2023-02-14,144.16875287175986,144.16875287175986,141.31260549855787,142.80709838867188,6010681.0
2023-02-15,141.6447170053051,142.93993878937397,141.4786622374208,142.47499084472656,8107497.0
2023-02-16,144.06913707050447,144.06913707050447,142.14289882299227,142.5414276123047,3963115.0
2023-02-17,142.14287868963405,143.4048976050133,141.4786596303367,142.01004028320312,6491149.0
2023-02-20,143.20563379099042,144.13554322418344,142.2757243577974,143.33848571777344,6841917.0
2023-02-21,144.5008437759259,145.29790114247962,143.5045153109489,144.2683563232422,6701434.0
2023-02-22,143.47132380839275,144.33481403303873,141.47866653327617,142.5746307373047,9128659.0
2023-02-23,142.8070977089134,143.40489756482776,141.2129692643322,141.64471435546875,10345874.0
2023-02-24,141.08013352976693,143.07279074483827,141.08013352976693,142.84031677246094,9808830.0
2023-02-27,143.7701994781642,146.09496601589842,142.5081941685362,145.5968017578125,17763618.0
2023-02-28,146.52671655259377,148.12084494076913,145.2979140394316,147.6226806640625,36559278.0
2023-03-01,147.15773567233157,147.62268360107973,144.40122391699873,145.39755249023438,12896085.0
2023-03-02,144.7997598572864,146.79241710302887,143.33848328250397,146.3606719970703,79708558.0
2023-03-03,146.39385870755925,149.74815628373935,146.39385870755925,147.5230255126953,9951869.0
2023-03-06,148.78507232995042,151.9733292853066,148.12085325704885,150.8773651123047,15659957.0
2023-03-08,150.74447656031947,151.6743857391382,149.91420292093994,151.47512817382812,11591495.0
2023-03-09,152.10617814696408,153.0692904634263,149.78141123205413,149.98068237304688,13941653.0
2023-03-10,147.62268864658128,151.54158387129706,147.62268864658128,150.4788360595703,9605434.0
2023-03-13,151.47516695783273,152.80360512097593,149.7149836889536,150.179931640625,13209653.0
2023-03-14,149.54891995878813,151.27588676469392,148.78506535803047,149.58212280273438,9583405.0
2023-03-15,150.51203955813685,152.80360347298742,149.91423968845532,151.64122009277344,12228069.0
2023-03-16,152.40504117851825,154.69660479206271,151.6744029954517,154.1984405517578,18437817.0
2023-03-17,155.39403683770368,155.4272531946693,151.64121012484284,152.57110595703125,33711025.0
2023-03-20,149.6485713810793,152.37186703833004,149.6485713810793,151.10984802246094,9281411.0
2023-03-21,150.94375393236618,151.24264704957696,147.75549761879623,148.220458984375,11272787.0
2023-03-22,148.12086313862335,149.25003023245736,146.65958648618252,148.85150146484375,7589846.0
2023-03-23,148.78506164921578,149.11717116182564,146.95845932986157,147.55625915527344,17091298.0
2023-03-24,148.12084928698553,148.95112310585876,146.65957277119713,147.72232055664062,10371666.0
2023-03-27,148.05442934613646,150.27956046691017,145.82929822536275,146.19461059570312,19983733.0
2023-03-28,146.95844211012727,148.1872444600857,145.26467838885412,147.5230255126953,8689166.0
2023-03-29,147.52304971462922,148.58579750208943,146.4935182854155,147.75552368164062,19743258.0
2023-03-31,148.78506339597783,150.61166573677667,148.12084436296007,149.9142303466797,10202058.0
2023-04-03,151.01019611084132,151.01019611084132,148.68542946977053,149.18359375,7643214.0
2023-04-05,150.51202989643315,150.51202989643315,148.58579200158516,149.8810272216797,12019382.0
2023-04-06,150.9105629301015,151.04341484839873,149.21681245877414,149.61534118652344,4282875.0
2023-04-10,149.58211971046433,152.37184773639873,149.44928131028348,152.13937377929688,4145643.0
2023-04-11,152.03972218106793,154.0987982480478,151.74081554184178,153.66705322265625,5106602.0
2023-04-12,153.700285045125,153.79992060156155,150.81093498988977,150.97698974609375,9118795.0
2023-04-13,150.97700028097447,153.86635053782294,150.77772915419666,153.56744384765625,11428621.0
2023-04-17,154.49736143743178,159.34616631931414,154.2981038136661,157.1874542236328,21815047.0
2023-04-18,157.35347753236056,157.7520062137656,152.53788997425613,152.96963500976562,13482833.0
2023-04-19,152.10617985292106,153.7003084580243,151.87370586153725,152.7371826171875,8264190.0
2023-04-20,153.33496296379948,154.69661740373664,152.5379055197593,153.36817932128906,7308750.0
2023-04-21,153.96598152066326,154.33129389079224,152.50469149943376,153.7999267578125,5030650.0
2023-04-24,153.4345796691918,154.2980697221085,152.73714435617683,154.06558227539062,5725067.0
2023-04-25,153.63387694210726,155.3608438286509,153.20213184207844,154.69662475585938,8338703.0
2023-04-26,155.46045560308133,159.0804435904209,154.09880130679605,158.28338623046875,13581018.0
2023-04-27,158.08412754774469,158.28339866016591,155.09514194285038,156.72247314453125,9794457.0
2023-04-28,157.38671213866044,158.05093124625316,154.82947127714303,157.5859832763672,10585487.0
2023-05-02,158.5490792896437,160.17642404421662,158.25018612736037,159.47898864746094,6732907.0
2023-05-03,159.4125584570149,160.7409964441567,158.61550107015785,159.21328735351562,4789217.0
2023-05-04,159.18007747621172,159.87749928049308,156.05824023627187,158.64869689941406,9189783.0
2023-05-05,158.6154926949402,160.40887847745924,158.2169505089855,160.1099853515625,3896441.0
2023-05-08,160.6413737560198,163.56394026447487,160.14320947095032,162.56761169433594,8758321.0
2023-05-09,162.10264346653932,163.99566481002157,161.20593705485405,161.6708984375,9166941.0
2023-05-10,162.83328797550075,164.69309303792295,162.46796212585483,164.49383544921875,9689409.0
2023-05-11,164.527032097652,165.52336054438038,163.79639393943177,165.0916290283203,12616726.0
2023-05-12,165.29090360181985,165.7890678763965,160.17642245492783,160.574951171875,13853807.0
2023-05-15,161.67093989408872,163.16543294536476,160.97350439806408,161.57130432128906,12187763.0
2023-05-16,161.77053499555618,162.43475396328407,159.41255225469436,159.8110809326172,11418509.0
2023-05-17,160.01038167998877,160.67460077080352,157.7188177085347,158.6155242919922,11560929.0
2023-05-18,160.07677753288124,160.07677753288124,155.82577326912806,156.52320861816406,14497723.0
2023-05-19,156.52323216731307,157.7520347882121,154.09882977206402,155.22799682617188,10071694.0
2023-05-22,155.89217240156268,158.74831911321095,154.53053174743553,155.65969848632812,12566129.0
2023-05-23,155.46044950463673,157.12099686737128,154.99548813492964,155.49365234375,12458561.0
2023-05-24,157.95130192359488,157.98450476930344,155.991847538208,156.62286376953125,8877971.0
2023-05-25,157.884863815512,159.6118441677003,156.95496795026756,158.05091857910156,12502747.0
2023-05-26,157.98449877172325,158.01771512974256,155.95863877182717,157.6191864013672,6811801.0
2023-05-29,158.2169895019745,158.31662507301863,155.49369380367997,155.75938415527344,13638297.0
2023-05-30,156.68927860144245,156.68927860144245,155.22798856461293,156.15789794921875,9469926.0
2023-05-31,156.0914607330048,156.2242991239454,152.7703658237919,155.32760620117188,48104157.0
2023-06-01,154.72981464957155,155.49366922205706,152.8035903105696,154.76303100585938,8804790.0
2023-06-02,155.42726166781387,156.15789993875168,154.82946180483873,155.82579040527344,6617781.0
2023-06-05,157.0545736691675,158.08411850181312,155.95862315427553,156.489990234375,27428302.0
2023-06-06,157.05458202969976,157.41990789649117,155.72614398837916,156.29074096679688,6898603.0
2023-06-07,157.2206474045447,159.44579208491356,156.85533502664836,158.88119506835938,11153571.0
2023-06-08,158.91440130465116,163.0325538431679,158.91440130465116,160.50852966308594,19300834.0
2023-06-09,161.7705585526187,163.06578032287075,160.60817518982836,162.66725158691406,11037141.0
2023-06-12,162.73366068814855,163.69677286638483,160.20962299449596,160.50852966308594,8188909.0
2023-06-13,160.74100395966363,161.7041161399441,160.37567809069068,160.9070587158203,6443218.0
2023-06-14,160.80741422014353,164.19492835471402,160.80741422014353,163.72998046875,10297426.0
2023-06-15,164.02887157469596,164.02887157469596,161.93659260022113,163.69676208496094,9732749.0
2023-06-16,163.66355924412926,164.2945618691979,162.40154048042226,163.69676208496094,9702361.0
2023-06-19,163.69678029597492,164.92559635555415,161.006701237996,161.47164916992188,10431647.0
2023-06-20,161.96981128421262,165.85548999147798,161.90339208248272,165.2244873046875,13426365.0
2023-06-21,165.25770960096932,172.06595505114734,165.2244932421252,171.50135803222656,31172093.0
2023-06-22,171.36851969389744,171.36851969389744,167.84815322498955,168.41275024414062,7430965.0
2023-06-23,168.44593655579382,169.14337191477645,165.75585770022553,166.1211700439453,5593393.0
2023-06-26,166.05476978079415,166.22082455057492,164.16174810800743,165.05844116210938,7305362.0
2023-06-27,164.79271853209016,166.08795359068657,164.49382541048973,165.75584411621094,11142907.0
2023-06-28,166.58613348791903,167.71530040202927,163.69676997706736,166.15438842773438,17808717.0
2023-06-30,170.37218740523682,172.49768297328495,166.85182101248765,169.47549438476562,17659979.0
2023-07-03,169.0769483792216,169.34262516290318,165.72263709275785,166.38685607910156,12467239.0
2023-07-04,167.71531577135258,167.71531577135258,165.52338742713002,165.78907775878906,8637967.0
2023-07-05,165.8555025263699,168.67843367859314,165.72266411287058,168.21348571777344,5340907.0
2023-07-06,172.663738776444,175.08814104162735,168.9773311115174,174.49034118652344,16705046.0
2023-07-07,174.39070951628372,174.39070951628372,169.17657938617296,169.67474365234375,13149183.0
2023-07-10,169.6747522392248,170.30576844978455,165.05843521118163,166.0547637939453,15319047.0
2023-07-11,167.38318810096155,169.64153540503776,166.08796645560835,168.3795166015625,7486045.0
2023-07-12,168.71163405996498,169.2097983337641,166.81861252224252,167.41641235351562,9390877.0
2023-07-13,167.2171466842293,167.51603985281432,160.5417397924989,161.47164916992188,30591450.0
2023-07-14,161.4052262796872,162.33513563586462,157.22064093367436,159.44578552246094,72085831.0
2023-07-17,161.07311074664483,162.70044192401784,158.88118259703552,160.0767822265625,11474161.0
2023-07-18,160.07680181101753,161.87018796114782,159.146892375791,160.1764373779297,14940593.0
2023-07-19,160.076811270013,163.5307453608663,159.77791806518695,161.57130432128906,22954874.0
2023-07-20,162.03621778845613,163.2982365767138,160.9402672618663,162.23548889160156,10249082.0
2023-07-21,161.5712807789763,163.59715424761484,160.87384538457394,162.1358642578125,18466409.0
2023-07-24,162.1026736052439,164.8259691595229,161.30560259261486,164.3610076904297,14825562.0
2023-07-25,165.35731361656755,167.05107746146572,164.82594652801308,166.818603515625,10500017.0
2023-07-26,168.64521679872274,169.80760011762,166.05475984246607,166.71897888183594,12898171.0
2023-07-27,167.38321988416874,168.31312936401756,165.85551048773334,166.5197296142578,10836773.0
2023-07-28,167.25036680589946,173.46081239188413,166.12118628162946,171.50135803222656,17518458.0
2023-07-31,174.0253770200713,177.34647200137036,172.13235558344482,176.71546936035156,24269734.0
2023-08-01,174.02537940127374,174.02537940127374,166.38686083976745,167.25035095214844,31395702.0
2023-08-02,167.98097882111873,168.57877859186962,163.79639393943177,165.0916290283203,20825405.0
2023-08-03,165.3905247600192,166.453272417209,163.46428702997974,165.19125366210938,10882019.0
2023-08-04,164.72630068712567,165.4237359946561,163.79639144827482,164.2945556640625,7406390.0
2023-08-07,165.2576663290918,165.35728835239553,163.39784801937896,164.6930694580078,6345966.0
2023-08-08,166.08135564578987,166.08135564578987,162.9662748703205,163.54188537597656,15171726.0
2023-08-09,164.55768442406995,164.8962804825557,162.35681004391265,162.76312255859375,18442141.0
2023-08-10,162.898566022891,164.32066668486988,162.5599699711099,163.74505615234375,9962450.0
2023-08-11,166.25065905932743,166.75855312977345,164.42224591672516,165.4380340576172,23866073.0
2023-08-14,165.81047027195208,166.11521496019378,163.0339856294035,165.57345581054688,9188486.0
2023-08-16,165.6411724502907,168.38380576008134,164.59153304071597,167.9774932861328,9191471.0
2023-08-17,167.97748886283068,168.48538288626898,164.01590445800622,165.0316925048828,15301142.0
2023-08-18,164.9978546314083,164.9978546314083,162.59381721332736,163.2032928466797,12292241.0
2023-08-21,164.08365563156775,167.74048204518195,163.67732933893603,167.40188598632812,9129526.0
2023-08-22,167.94364519281245,169.3996110013971,167.06328992878207,167.80821228027344,11107830.0
2023-08-23,169.29802498121384,169.29802498121384,167.40188159042083,169.0271453857422,8487619.0
2023-08-24,169.29804017598346,171.09260215735083,166.45383861203084,166.7924346923828,18982087.0
2023-08-25,166.69082769923318,167.53731777105793,163.4741654262991,163.88047790527344,12851343.0
2023-08-28,164.55767024019113,168.6208225918008,164.2529393248235,168.2822265625,11908665.0
2023-08-29,169.0271290620452,171.3295847349331,168.3499370275198,170.0767822265625,12363321.0
2023-08-30,170.17835157021688,170.38150089948618,166.8939594165478,167.33413696289062,6748007.0
2023-08-31,167.84205594198912,169.02714209377692,164.93013823552974,165.60733032226562,20715819.0
2023-09-01,167.26641850596323,171.05869082590087,166.04746743499834,170.78781127929688,13120723.0
2023-09-04,171.73589806388475,173.69975772938707,169.8397686241814,172.95484924316406,10240031.0
2023-09-05,172.88713773599645,174.03835872237877,171.32959049323668,172.20994567871094,10893186.0
2023-09-06,173.83519974099406,174.20766089238916,170.75398407334777,172.3453826904297,10018473.0
2023-09-07,172.00676932130807,174.51237422955282,170.75396686718568,174.03834533691406,13760453.0
2023-09-08,174.88486685357265,176.95030835258558,174.10609315177226,175.15574645996094,16781751.0
2023-09-11,176.3069596136131,179.45590561864958,174.44468134775917,179.1173095703125,17683806.0
2023-09-12,183.29333565817825,184.42198920287146,172.14223312560563,172.72914123535156,29826173.0
2023-09-13,174.44468688964844,175.70878711010414,172.72913903457652,174.44468688964844,10692151.0
2023-09-14,175.34760937490358,176.65684471203357,174.89614796365126,176.20538330078125,10941807.0
2023-09-15,177.1082895508882,177.15343844329055,173.54174749122546,175.25730895996094,20516593.0
2023-09-18,176.29566955045826,181.03601405821703,175.2573138835714,180.6748504638672,25627043.0
2023-09-20,179.41073946959915,185.95692910790805,179.18500879241608,184.7831268310547,33369524.0
2023-09-21,185.09915222897143,185.59576246606275,180.9457023264893,182.0292205810547,20332556.0
2023-09-22,181.08116251008602,183.20302273235347,177.33402478468557,179.8170623779297,21193988.0
2023-09-25,180.5845443575083,181.17143861566726,177.60489662010795,179.59132385253906,11951847.0
2023-09-26,179.77193391724427,180.62970781661915,178.41754972533386,179.09474182128906,7440011.0
2023-09-27,179.9525165098434,180.2233961049151,178.14667091271002,179.99766540527344,6736870.0
2023-09-28,180.67482454898496,184.6025297398288,178.59809973557591,181.26171875,50185120.0
2023-09-29,181.44231491591034,182.30008873063954,179.7719161772287,180.3588104248047,16293959.0
2023-10-03,179.4559121555618,180.58456569113136,177.78549941191525,180.17825317382812,10830728.0
2023-10-04,179.59135808339622,180.0428195303404,176.43112795478686,179.68165588378906,14120040.0
2023-10-05,180.13308838036264,180.13308838036264,176.3859644839547,177.51461791992188,14575590.0
2023-10-06,177.8757953174219,178.28210783041172,175.9345167678546,177.9209442138672,12857229.0
2023-10-09,177.4243391097731,177.78550273690632,174.9413012850816,177.1986083984375,7853369.0
2023-10-10,177.1986002729855,179.2753254775464,176.70198997531745,178.7335662841797,7440527.0
2023-10-11,178.19180793605125,179.81705784318166,178.19180793605125,179.23016357421875,10031916.0
2023-10-12,178.19178730583428,182.39037204234123,178.19178730583428,181.26171875,21872719.0
2023-10-13,180.99085716193622,182.7515537171806,179.95250154096087,182.20980834960938,13105921.0
2023-10-16,180.85543285157448,184.06081142755068,180.67485105380993,183.33847045898438,18336656.0
2023-10-17,183.78995225528027,188.710879122838,182.93217828749655,187.04046630859375,19378328.0
2023-10-18,188.2142334914897,188.2142334914897,184.19623024411698,186.4535369873047,14923328.0
2023-10-19,184.19623899771258,187.26617080333807,182.5709753098783,185.82150268554688,13192888.0
2023-10-20,185.2797582911917,185.2797582911917,181.3971874435809,183.15789794921875,22081120.0
2023-10-23,182.39038651219298,185.23458752353375,179.68161839567526,180.3588104248047,6988219.0
2023-10-25,179.68164100742578,180.99087633966658,178.5981363799682,180.1331024169922,16817158.0
2023-10-26,179.45590806209387,180.58456157191836,177.2437499383396,179.63648986816406,11070090.0
2023-10-27,179.9073710051415,182.20982694038284,179.81707321257957,181.4423370361328,9995487.0
2023-10-30,181.4423195288026,182.57097293937926,178.46267176937872,181.35203552246094,7679981.0
2023-10-31,181.93895404790814,183.24818942327212,181.08118009698066,182.52584838867188,7474770.0
2023-11-01,182.70643724445588,182.70643724445588,181.0360245246217,181.4423370361328,5598615.0
2023-11-02,182.16466995788693,183.88021772034085,181.39718008770546,183.3836212158203,12924797.0
2023-11-03,183.6544808194656,186.45354683993008,183.38361501797547,184.55740356445312,8684015.0
2023-11-06,185.09916014363196,188.6657021811419,185.05401125151008,187.98851013183594,9804415.0
2023-11-07,187.9885194219745,188.8011581878057,185.77636137375464,187.8079376220703,10730361.0
2023-11-08,188.71085958434762,189.2526187592294,186.58898555648688,186.90501403808594,7435543.0
2023-11-09,187.17587505383935,190.06522488567364,186.09237058908982,189.4331817626953,13777877.0
2023-11-10,190.06523585976686,192.32254269895648,189.2526109086616,190.65213012695312,12066023.0
2023-11-13,191.41962639613786,194.21869248180155,190.24582404481086,191.6905059814453,11352269.0
2023-11-15,194.12838730242171,194.12838730242171,189.43319185339953,189.74920654296875,19182861.0
2023-11-16,190.2554617338995,192.23442153364775,189.33501923490158,190.71568298339844,27533260.0
2023-11-17,191.17590333731636,193.93723082137438,190.4395465326,192.83270263671875,16705395.0
2023-11-20,193.3849774241698,194.39745576065033,192.23442428396135,192.64862060546875,11156900.0
2023-11-21,193.29292924719584,193.43099000729424,191.40601927176746,192.3264617919922,9608081.0
2023-11-22,191.6361122919115,195.68606743564303,191.6361122919115,194.765625,13079580.0
2023-11-23,195.1798399610018,196.1463074198616,192.602598085655,194.12132263183594,11382709.0
2023-11-24,194.4894892312551,195.2258459878696,192.8326900400818,193.7071075439453,7250200.0
2023-11-28,197.38888551491547,197.38888551491547,192.83269808278612,193.4770050048828,15629209.0
2023-11-29,193.5690523096931,194.627555521648,192.46452416573203,194.25938415527344,10062023.0
2023-11-30,193.66110063735042,195.87017111279275,191.68215483680254,192.3264617919922,60354322.0
2023-12-01,194.67358302868382,195.54800056901774,192.78667315017117,193.4770050048828,20719909.0
2023-12-04,194.8576757808651,197.06674622295733,194.8576757808651,195.9622039794922,27914088.0
2023-12-05,196.69858307265065,205.48881281268763,194.71963707783272,204.61439514160156,40709207.0
2023-12-06,208.0200159414911,208.25012657859452,204.79846702204324,206.54730224609375,29544730.0
2023-12-07,207.09958449653956,213.91085410204553,206.40925254821778,211.70179748535156,24534268.0
2023-12-08,213.3585754380649,214.83127501895567,208.43420241906983,210.4131622314453,22206320.0
2023-12-11,209.8608846371444,214.37104715395503,208.5262458552178,212.57618713378906,19106395.0
2023-12-12,211.70179386896794,214.73925719866443,211.24157257794843,212.94439697265625,14355329.0
2023-12-13,212.62221639790184,218.6050926168904,212.25404501774537,218.09884643554688,26878281.0
2023-12-14,218.37497772979467,218.69713821477052,212.71426211258435,213.63470458984375,29972018.0
2023-12-15,216.30399544325704,219.1573729159758,209.07851593498305,218.467041015625,41341690.0
2023-12-18,218.05284109221424,218.05284109221424,213.0364318514973,213.4046173095703,29051897.0
2023-12-19,213.68070202007732,215.75169746347825,212.4841381108706,214.96932983398438,12612164.0
2023-12-20,216.25796071731955,216.67215702981113,208.20408891116924,209.07850646972656,20400245.0
2023-12-21,206.59331814636982,214.64719009272403,204.98254375709897,213.8648223876953,17755207.0
2023-12-22,214.46309888195708,215.56762705435582,212.16199267077727,213.3125457763672,9735375.0
2023-12-26,213.54264489767948,217.04032895928128,212.66822739348828,214.78524780273438,6772092.0
2023-12-27,216.30398297743727,217.08636470401413,214.00287677554962,215.4295654296875,10231881.0
2023-12-28,216.39603461231394,220.86017225356414,215.475592124035,220.0778045654297,39164340.0
2023-12-29,218.88122006923126,219.295416367779,216.07386775377176,218.32894897460938,12665999.0
