Date,Open,High,Low,Close,Volume
2013-01-01,175.89625028336027,176.4381092106831,174.87503909539313,175.20849609375,6831351.0
2013-01-02,175.89628074787294,178.39717388866555,175.59408398652175,176.719482421875,13441898.0
2013-01-03,176.85488789478794,179.6475568174865,176.02126638557183,179.38705444335938,17266808.0
2013-01-04,179.62673784521937,180.18943695180974,177.88654004446863,179.61631774902344,13306377.0
2013-01-07,180.41871492445927,181.5232730795956,177.52184435758272,178.52220153808594,15307180.0
2013-01-08,178.20956667298947,178.83480028155952,176.70903105404147,177.2821502685547,13973797.0
2013-01-09,177.64683002069242,179.19946579363668,176.8653090431207,177.7093505859375,17071824.0
2013-01-10,178.76184103338247,179.01193725269138,176.52146471579414,177.1571044921875,9239813.0
2013-01-11,177.66772797739375,177.7719289533496,174.28109887473883,175.0417938232422,8050294.0
2013-01-14,175.27100361181922,177.77189613310907,174.85418587293586,176.63607788085938,7060887.0
2013-01-15,176.34433376995526,177.52184653378228,174.64581612657577,176.55274963378906,10387846.0
2013-01-16,176.3234686817324,181.50240948547108,176.3234686817324,179.51211547851562,19551254.0
2013-01-17,179.6684062175018,186.22284105466105,179.17864781702772,185.4829864501953,22117537.0
2013-01-18,186.52501775694898,188.18186853547428,184.5764043139354,187.60874938964844,22754714.0
2013-01-21,195.50744488493442,199.0295351676872,191.32886064615695,191.72483825683594,43957346.0
2013-01-22,191.73523114926235,193.96520122225152,190.8078147941602,191.7456512451172,18664413.0
2013-01-23,192.1729135393089,193.56924829755954,190.94330033594946,192.3708953857422,11701950.0
2013-01-24,192.7773001567553,193.47547451748812,189.02595373804687,190.80784606933594,13438049.0
2013-01-25,190.95369131313777,191.1829473281644,188.62995434815696,190.10964965820312,14088477.0
2013-01-28,189.9325027645614,190.30764013494303,186.52503396695084,187.0564727783203,13400981.0
2013-01-29,186.52504242315024,187.9838976745404,183.41977018268133,183.99288940429688,15439403.0
2013-01-30,184.96197941524795,188.27566737682685,184.96197941524795,187.44203186035156,17641932.0
2013-01-31,186.86894153421022,187.15029808589853,184.04501156761341,184.7848663330078,16733589.0
2013-02-01,185.76435611918663,187.5253941195191,184.1491855541816,186.31663513183594,8152817.0
2013-02-04,186.74388661394968,187.77550404084306,184.25341387120505,184.79527282714844,13697044.0
2013-02-05,184.23253700299745,184.6285006101249,181.94004655958184,182.3047637939453,9708430.0
2013-02-06,183.49272778946795,184.00332647896727,181.48159332396983,182.49237060546875,9876509.0
2013-02-07,181.6482988064669,183.81574845463493,180.97097861692083,181.9192352294922,8542570.0
2013-02-08,181.30444096835427,182.14848272804102,178.60555240310046,179.9706268310547,9584217.0
2013-02-11,180.27278994257557,182.3568786518846,179.355807604892,180.98138427734375,8329895.0
2013-02-12,181.02307341266544,183.47186559149188,180.31449295564826,182.45066833496094,9728703.0
2013-02-13,184.23255867929677,185.06618028334015,181.8358670046489,183.19052124023438,10533233.0
2013-02-14,183.39892755144157,184.11792811503406,177.35510469546435,178.40756225585938,12284945.0
2013-02-15,178.16789080608237,178.6889095517641,173.8330053818422,176.27137756347656,14390520.0
2013-02-18,176.72988761925234,178.10538220871769,175.72953044727984,176.6256866455078,5310071.0
2013-02-19,176.93828749108133,178.18872688705432,173.8642616592909,176.813232421875,9677020.0
2013-02-20,178.80351614134963,183.159227155437,178.52215966382272,182.315185546875,14873246.0
2013-02-21,181.10640480184222,182.73199520118152,177.9073522999793,179.0640106201172,16214530.0
2013-02-22,178.91816827888775,181.73166398303823,178.81396731058808,179.77264404296875,9725304.0
2013-02-25,180.0643872926941,180.26236911106548,177.3550928496662,178.05325317382812,9878487.0
2013-02-26,177.0841854420405,177.0841854420405,170.63396428923505,171.6239013671875,13474915.0
2013-02-27,172.97854342905217,175.26060024707573,172.38457009503495,173.2494659423828,17709146.0
2013-02-28,174.47903984374148,174.96879818893206,167.924605746441,169.6127166748047,27667849.0
2013-03-01,170.06081497391264,170.58183366436143,167.87252534441964,168.8937225341797,13906688.0
2013-03-04,168.58114803166717,170.52976187893148,167.74751242188205,169.3522491455078,14948007.0
2013-03-05,170.70689396837923,173.90594713905983,170.70689396837923,172.2178497314453,13159371.0
2013-03-06,173.37450332682587,174.72915760001365,172.2907854730802,174.0726776123047,10778102.0
2013-03-07,173.2390225733612,175.37519775108623,171.73848711891839,174.33316040039062,10529882.0
2013-03-08,175.68779600030464,178.12616759572526,175.06257643819913,177.41758728027344,10131948.0
2013-03-11,177.58433882237682,179.35581077863353,175.07302614303177,176.0004425048828,10569010.0
2013-03-12,177.2508567991715,178.08449217987322,175.8024219334063,176.69857788085938,8552523.0
2013-03-13,175.52113590337282,178.52220754587728,175.1043180788006,176.10467529296875,9401899.0
2013-03-14,175.89627601617966,179.94980542367102,174.07270322290185,179.2412109375,14790357.0
2013-03-15,180.22069367976212,181.18979043085764,174.70830986891104,175.8232879638672,12793329.0
2013-03-18,174.02055955407155,175.7920175059283,173.14524371752546,173.87466430664062,8023328.0
2013-03-19,174.35399397251246,174.85417243834013,169.2063279860385,171.93646240234375,17970333.0
2013-03-20,172.85348800683764,172.93684878000124,169.50853959956686,171.4571533203125,20179135.0
2013-03-21,171.93650284142674,173.56209367170896,167.71625212991606,169.3522491455078,16660114.0
2013-03-22,168.45605600342063,171.1028436147499,167.63285458352715,168.93539428710938,11876985.0
2013-03-25,171.01951482751804,171.5926340736832,167.1952279380727,168.65408325195312,14058667.0
2013-03-26,167.24727861493832,167.76829722101547,162.55809724823612,163.2562713623047,19465627.0
2013-03-28,163.60016289338202,163.798158623547,159.30695826004018,161.07843017578125,26513604.0
2013-04-01,162.76655620047157,164.8089507908589,161.26602054761486,162.29763793945312,8326610.0
2013-04-02,162.59982702679866,165.99687604831777,162.20384942698746,165.45501708984375,11110756.0
2013-04-03,166.26780818442288,166.51789050709286,160.6824693673193,161.83914184570312,9321547.0
2013-04-04,160.99508787486468,162.13090625961937,159.26529614350216,159.96347045898438,11915658.0
2013-04-05,160.26564849206443,163.05831784673512,159.99472598106573,162.5789794921875,12989770.0
2013-04-08,162.16213981061418,165.5487681246784,162.14129962027573,164.51715087890625,8878601.0
2013-04-09,165.07987336694512,165.80930795636988,160.7033075664313,161.92250061035156,13081885.0
2013-04-10,162.57894100992908,163.38131608044992,160.80748327512842,162.4330596923828,12190258.0
2013-04-11,163.39179203595262,163.6210341847572,159.25488805168106,160.7033233642578,11428531.0
2013-04-12,159.84882215567467,162.6414772057116,159.43200443918914,161.58901977539062,11349794.0
2013-04-15,161.10968687130153,166.7158651729343,161.10968687130153,165.39247131347656,16184406.0
2013-04-16,166.10108342780663,168.81039223672764,163.68355125948156,167.7579345703125,17774606.0
2013-04-17,167.945465239859,168.72700022793757,160.30732654297694,161.2451629638672,32105722.0
2013-04-18,161.82869353485867,163.64183179413914,161.02631839882602,162.89157104492188,13793320.0
2013-04-22,163.80858204461217,165.62172046791974,162.20383162737173,164.59010314941406,12790893.0
2013-04-23,164.9548328535807,167.935063978827,163.81901449040976,167.49740600585938,12356228.0
2013-04-25,168.31023509650402,172.269983928007,168.31023509650402,170.82154846191406,25921526.0
2013-04-26,169.4355844192715,171.93647696015987,164.5796806780436,165.1423797607422,20852076.0
2013-04-29,165.2882541165266,166.4970128951328,164.31915750995094,165.19447326660156,20968563.0
2013-04-30,165.40287745954836,166.02809704643363,161.96414886366628,164.26705932617188,17548959.0
2013-05-02,164.10037600541315,168.18517958634368,163.26675426221388,167.33070373535156,27236264.0
2013-05-03,167.3515088094642,170.039976972896,165.66341156954982,166.8304901123047,12917135.0
2013-05-06,167.18479661871152,171.9260656365535,167.18479661871152,171.2279052734375,9358282.0
2013-05-07,171.20704218634117,174.2081129872144,170.821484763338,172.59295654296875,16529868.0
2013-05-08,172.99938865681045,173.58292799913102,171.32169739662532,172.9055938720703,11858396.0
2013-05-09,172.64508355884277,173.3224037429415,169.852414226476,170.49847412109375,8182539.0
2013-05-10,171.83800406327495,173.06135795716128,170.6779389899604,171.46888732910156,9081731.0
2013-05-13,171.5532434859085,174.11595481321174,168.48433426263517,169.37020874023438,9087230.0
2013-05-14,168.8534256449754,170.63572012230847,167.80936448150678,168.3472137451172,8828077.0
2013-05-15,169.15932739842148,173.1246576963066,169.15932739842148,172.7449951171875,11255447.0
2013-05-16,172.11221632453487,177.97583077190194,172.00674433878555,177.31143188476562,15197535.0
2013-05-17,177.31141845859582,178.16565559153557,173.65193084140859,176.2251739501953,12484982.0
2013-05-20,176.62592893421242,180.33814551911618,174.8014509713882,175.3076629638672,13237846.0
2013-05-21,175.29712476199006,177.17433175530635,174.07378492713957,174.7698211669922,10594235.0
2013-05-22,175.0861948294682,175.90878048659332,171.58488009261382,172.69223022460938,12579289.0
2013-05-23,171.19472120539047,172.11223323672408,164.54012957022886,165.4576416015625,12798137.0
2013-05-24,167.34536256140188,167.61955309121097,164.35027383376234,165.87945556640625,7975390.0
2013-05-27,169.31748935222458,175.65569223693345,168.94837261908066,174.70654296875,18956469.0
2013-05-28,175.06510694258972,178.62968241150867,174.26359876764064,177.89144897460938,21734556.0
2013-05-29,177.2797723784144,179.24134550295835,175.7927738510932,178.84059143066406,25752389.0
2013-05-30,178.22892492386117,178.43984071333662,175.0651036027747,176.49935913085938,18225094.0
2013-05-31,175.92988188284502,176.2779070340258,169.1803932188356,170.06625366210938,17159386.0
2013-06-03,169.51790352787012,169.86592877149414,165.62639333044322,166.1853485107422,14165128.0
2013-06-04,166.7547978188471,168.69527958377026,164.33974140315843,164.5612030029297,14752690.0
2013-06-05,164.6244563889783,169.64440687731954,164.6244563889783,169.15928649902344,12748842.0
2013-06-06,168.73743130749816,169.56001689035935,166.2274632452638,167.050048828125,17113393.0
2013-06-07,167.51408387765753,169.15928326466394,164.7299252101062,165.2783203125,9420701.0
2013-06-10,166.41732936424265,167.78832445417575,164.94087636273653,166.49114990234375,11361378.0
2013-06-11,165.25727323856756,166.94464215574047,163.52770707462375,165.70021057128906,13242164.0
2013-06-12,165.16229671402812,168.21011381618874,164.9830042446036,166.79693603515625,12774566.0
2013-06-13,165.15178870696292,167.23991145341367,164.63501683554176,166.58604431152344,9726275.0
2013-06-14,167.9359445243765,172.92424391610626,167.91485294470013,171.82745361328125,17575615.0
2013-06-17,172.0067213366318,174.62216153270455,171.07866372897055,174.12649536132812,11089648.0
2013-06-18,173.73629414684441,176.6470165583774,172.41802820601816,173.6730194091797,15658352.0
2013-06-19,173.37773588387606,175.75060911874917,171.88019141028477,175.42367553710938,17331546.0
2013-06-20,172.5129655699873,172.5129655699873,167.68286650264255,168.3156280517578,17422410.0
2013-06-21,168.71633800241855,170.92046409573902,165.27831242770785,167.22933959960938,20486223.0
2013-06-24,166.62823975146065,167.9254142609748,164.20265154509963,167.18719482421875,16311628.0
2013-06-25,168.67418679667884,172.93479875280903,167.6828543403755,169.53895568847656,19232377.0
2013-06-26,170.73063405827793,171.7852410210588,168.96943113775018,169.49673461914062,16661304.0
2013-06-27,172.2176765347599,176.53103166313142,171.77473924413337,175.06512451171875,25751492.0
2013-06-28,183.39650926961767,184.1347427194246,178.43984723746115,181.941162109375,48133694.0
2013-07-01,181.81460079172749,187.29856646425628,180.47524322360658,186.81344604492188,20497553.0
2013-07-02,186.26502367904055,188.1000471884543,183.23829791524733,183.89215087890625,17779689.0
2013-07-03,181.4982221426172,182.0993462354414,178.97769392494945,179.4628143310547,12816463.0
2013-07-04,179.9373821425197,183.62852103713786,178.7245882130355,181.7407684326172,13233510.0
2013-07-05,182.732107229505,186.61307046841023,182.732107229505,185.6850128173828,12756629.0
2013-07-08,183.5019638582326,184.229637369395,181.00254149929668,182.858642578125,14253091.0
2013-07-09,183.31214201953782,185.9908571091624,182.87975055767475,184.514404296875,12922258.0
2013-07-10,184.39839963590865,185.57957041758988,176.96340609697614,180.54908752441406,22237458.0
2013-07-11,182.4473604480635,184.19801788810273,181.23456645175784,183.5125274658203,11368001.0
2013-07-12,184.3983777262644,188.98593687103576,183.41759116149612,187.70985412597656,14371976.0
2013-07-15,186.87670033282575,189.80851410794926,186.87670033282575,189.1652069091797,12913233.0
2013-07-16,187.08763760204414,190.76821661011888,186.25449209140635,189.9561767578125,12974694.0
2013-07-17,190.4623960289554,193.60512582587396,190.4623960289554,192.98291015625,23132227.0
2013-07-18,193.62623495490462,194.03753486865574,191.7701194876315,193.46804809570312,12303560.0
2013-07-19,193.84770455500916,195.71435167449633,192.58216748162585,194.8284912109375,14298611.0
2013-07-22,192.99345556170184,192.99345556170184,189.60815852957202,191.73846435546875,16958736.0
2013-07-23,192.37126725971606,195.10269756329333,191.358843150925,191.84396362304688,12430954.0
2013-07-24,191.51702146452251,193.39422852235003,188.80666878443958,191.8017578125,13788582.0
2013-07-25,191.08463534442808,192.40290145423452,185.07336553782127,187.8786163330078,15831296.0
2013-07-26,188.18445142991519,190.61005366124257,186.760727462843,187.75205993652344,9565406.0
2013-07-29,187.09819645445953,189.5448901311102,186.1490471957693,186.81344604492188,9151355.0
2013-07-30,187.0981989016467,188.14226028389666,180.10614292971417,180.8338165283203,11393034.0
2013-07-31,181.10801579871665,185.5479200295005,177.72271870914054,183.9343719482422,15795755.0
2013-08-01,184.58824171284988,186.21233573100088,178.19730946812427,179.28355407714844,11071339.0
2013-08-02,181.39275748489064,183.913271724434,179.28354314013623,180.8338165283203,12821918.0
2013-08-05,181.39274723084318,184.1136454088196,180.4963410408746,181.7196807861328,12559130.0
2013-08-06,181.0658143353275,182.278608201166,175.0967289452307,177.39576721191406,12415511.0
2013-08-07,178.22894501992224,186.00141801568395,175.27603915535875,184.0187530517578,18794821.0
2013-08-08,182.9430283089914,184.01872696375747,180.79161691963392,182.58445739746094,11367214.0
2013-08-12,183.29103684552086,184.10309075998936,177.26922235513615,178.3660125732422,8728866.0
2013-08-13,177.80707999305952,181.38220119808605,176.11971143087015,179.89520263671875,11537003.0
2013-08-14,180.54908789320072,183.08014803079155,178.74570138524282,182.44737243652344,11260259.0
2013-08-16,182.44733292305878,182.86917853460074,172.35473193022747,174.36903381347656,27321905.0
2013-08-19,173.5886984732842,175.90882911350894,170.32995007284038,173.00865173339844,16150138.0
2013-08-20,171.07870144763567,175.23387001986035,169.8026325156285,174.0843505859375,11418893.0
2013-08-21,175.69785541763252,176.05642631990636,164.56117850795235,165.2783203125,15711357.0
2013-08-22,165.0357786506503,170.561927765947,163.29568097388318,170.02407836914062,22293762.0
2013-08-23,171.62709349821785,173.94722371564876,170.53028905235143,172.85043334960938,14332191.0
2013-08-26,173.48318088174446,175.37093353882622,170.5091837365687,173.5042724609375,9916035.0
2013-08-27,171.69035832936646,173.98939683318397,168.73745269598925,169.42294311523438,13094883.0
2013-08-28,167.7039112791822,172.6500267486083,161.12314231768002,171.22630310058594,25813146.0
2013-08-29,172.1122206371378,180.0006974750059,171.37398711753093,178.28167724609375,30837833.0
2013-08-30,177.9758070293029,181.39274128413777,174.70652790288844,180.0955810546875,21443760.0
2013-09-02,179.95849087404005,187.72041781801607,179.95849087404005,187.03492736816406,21052445.0
2013-09-03,187.3407534009608,188.07898687474756,174.70654474341106,175.27603149414062,17326878.0
2013-09-04,175.85605369040715,182.35244311038016,175.69786684668387,179.1464385986328,13323596.0
2013-09-05,182.02554448306577,183.44926847913038,179.51557587602798,181.9306182861328,14254145.0
2013-09-06,183.50200013656763,184.24021958253593,177.49071626023408,183.0801544189453,15048312.0
2013-09-10,184.11365591434674,188.4691939576468,182.71102358719995,187.7942352294922,18493766.0
2013-09-11,187.50949317569015,188.33207886078384,184.37729504300378,187.24583435058594,14860857.0
2013-09-12,187.29855474471665,190.04054444932405,183.7445251819169,184.6409454345703,17979275.0
2013-09-13,183.0801280054312,186.39160444315638,182.87974392656105,184.13473510742188,9825959.0
2013-09-16,186.8661901641196,187.23530692353546,180.127246776163,181.7618865966797,12050423.0
2013-09-17,180.6229009516804,182.236449082646,179.83193853149496,181.0025634765625,10930099.0
2013-09-18,181.49822681973583,184.55659039100394,180.7178102020454,183.91326904296875,13704245.0
2013-09-19,187.3091202123599,188.97541142077057,185.7272094072751,187.8469696044922,18935509.0
2013-09-20,186.8767318005493,190.04056754262191,183.60745223219453,186.011962890625,18362492.0
2013-09-23,183.9343894302455,185.82212822612792,182.44737660561483,184.4195098876953,8875005.0
2013-09-24,183.92381975096822,186.570897584052,183.1117798214702,184.47222900390625,12352943.0
2013-09-25,184.00818483805932,184.53548838677278,177.63834501616105,179.08316040039062,17472523.0
2013-09-26,178.57698612515966,179.31520561725452,176.17247524034943,176.80523681640625,19874983.0
2013-09-27,177.5961660037953,180.23268380889974,176.54155888175356,177.15322875976562,12006474.0
2013-09-30,175.49747553385944,178.123461510424,172.76604574564982,173.4620819091797,15922812.0
2013-10-01,174.28468849726625,175.04401350545658,172.47075637312057,173.26171875,9108666.0
2013-10-03,173.67299086534575,179.05149756095418,173.67299086534575,178.64019775390625,9108321.0
2013-10-04,177.2903254004877,181.3294754963886,176.75247604566968,180.2115936279297,9909849.0
2013-10-07,178.77731430270197,179.78973821925265,176.3306208244002,178.02854919433594,11265723.0
2013-10-08,179.2202619748893,180.27486910946217,177.00557572842544,178.2183837890625,12119312.0
2013-10-09,177.16378304251305,183.00631973215192,176.647025246343,181.5825958251953,11954619.0
2013-10-10,181.18183018252196,181.98333834097275,178.87223189211633,181.3927459716797,9371240.0
2013-10-11,182.44734575494036,183.08012125666968,180.19049058222447,182.09933471679688,9773103.0
2013-10-14,182.4473506747381,184.55657893767057,182.06770225925322,183.56524658203125,12156983.0
2013-10-15,189.26013345394827,189.544883854056,182.2364404361016,183.03794860839844,23041721.0
2013-10-17,183.5019780354116,187.29856087709305,182.37353630073852,185.6850128173828,17613513.0
2013-10-18,185.9486811545173,191.51701326580073,185.9486811545173,191.02134704589844,22177371.0
2013-10-21,191.02132838376596,193.09890517233237,189.01757211948816,192.61378479003906,15143599.0
2013-10-22,191.39047390579043,192.13923913043956,189.30233693377005,190.71551513671875,10246173.0
2013-10-23,190.92642933475187,191.77010660698636,187.22474443945055,189.14413452148438,8945093.0
2013-10-24,188.15282043981108,192.14978784182307,185.89595078113288,186.56036376953125,11717100.0
2013-10-25,186.47596138993396,188.31097089688996,185.4740832853949,187.08763122558594,9945744.0
2013-10-28,187.29858375023784,190.85262794325118,187.26694637735008,187.8786163330078,15374364.0
2013-10-29,187.53059960452393,190.66278390539946,186.4338092176679,189.15469360351562,14450634.0
2013-10-30,189.09138224487194,190.44128542567435,188.71171977529866,189.4394073486328,9614780.0
2013-10-31,189.8296001367813,193.62619664506073,188.98592297480488,192.93016052246094,19779731.0
2013-11-01,191.95994096432005,195.4296043306534,190.53621711688024,191.56973266601562,11890914.0
2013-11-05,190.53622226784518,194.40663982680462,190.53622226784518,191.87557983398438,10955587.0
2013-11-06,191.93882718664494,194.02694962279534,188.76444629871915,189.53431701660156,9619806.0
2013-11-07,189.6187026777157,191.05297229535478,186.05412725262156,186.85562133789062,9792601.0
2013-11-08,186.8767335181928,187.29857922633494,183.74454919899136,184.75697326660156,8755784.0
2013-11-11,184.34568397268208,186.05415848512277,181.43496109060607,182.2153778076172,8901228.0
2013-11-12,182.44736606817992,183.83945261522075,179.32572768741684,179.83193969726562,12169801.0
2013-11-13,179.26246690636006,181.68806924241161,177.61728126618814,178.10240173339844,8391536.0
2013-11-14,179.54719496157358,182.23644173813392,179.3679024565855,179.63156127929688,8031378.0
2013-11-18,180.99201387209408,185.13662194855004,180.58071398545866,184.5038604736328,12073167.0
2013-11-19,184.55657114181847,186.64469365808299,184.55657114181847,185.26315307617188,8434885.0
2013-11-20,184.52493834047831,186.24394420887276,180.75997898087024,181.9200439453125,13090661.0
2013-11-21,181.37167870350873,181.39277028525157,177.90201494801647,178.77734375,11465699.0
2013-11-22,179.49446683110253,180.64398607497387,176.98448438843806,177.96527099609375,7482129.0
2013-11-25,178.72460842854542,180.7283649420425,178.02857217600015,179.64212036132812,10078405.0
2013-11-26,179.38900050952196,180.7178123010941,176.65757047553248,177.43797302246094,13965988.0
2013-11-27,178.12345339660342,179.1780604229188,176.17242617397253,176.74191284179688,11421820.0
2013-11-28,177.82819588880497,180.63346076286794,177.82819588880497,178.85116577148438,12546701.0
2013-11-29,179.483920297571,180.65453111611833,178.98824002108933,179.95848083496094,9884161.0
2013-12-02,179.9163077884538,182.01499045977823,179.7686667240786,180.40142822265625,7221751.0
2013-12-03,180.3381416008827,182.5528278197508,179.42062974448206,181.7935028076172,9184625.0
2013-12-04,181.58258583479554,182.97467229477328,179.95847792490858,180.5596160888672,8761077.0
2013-12-05,183.92380641481608,184.97842760337383,183.09067496521675,183.712890625,12534404.0
2013-12-06,183.5336264115527,184.48277569885317,181.64587362725894,182.80593872070312,7301066.0
2013-12-09,186.0541682966004,187.2985998971226,184.80972261624925,185.38975524902344,12704841.0
2013-12-10,185.2947904507017,187.44620178012434,185.2947904507017,186.5919647216797,8718563.0
2013-12-11,186.1385153520349,186.65527318005482,184.02930087683742,186.15960693359375,4977570.0
2013-12-12,185.18935973959697,185.61120543629065,183.0801453359556,183.54417419433594,5690033.0
2013-12-13,182.8692146754563,183.10123614358017,180.89709555562465,182.38409423828125,8926111.0
2013-12-16,181.39276250867218,181.8673371573682,177.84927836899442,178.23948669433594,10046119.0
2013-12-17,179.00935527002838,179.89521573377198,176.4888269130186,177.00558471679688,10089421.0
2013-12-18,177.00555786693502,182.20478656673086,177.00555786693502,181.38218688964844,12009855.0
2013-12-19,182.32080637673468,182.32080637673468,177.95472275633,180.1377716064453,13450539.0
2013-12-20,183.92381434086673,189.407794070322,181.83569161239836,188.80665588378906,20508621.0
2013-12-23,189.61871356840507,191.7279279179116,187.72041502191854,189.03868103027344,16191974.0
2013-12-24,189.09141663371662,190.88425734176957,188.79612041927277,189.41835021972656,7306775.0
2013-12-26,188.66955076416514,189.8296157572309,186.05412459515705,187.20364379882812,14619868.0
2013-12-27,187.4251366042084,188.54301854197487,184.95735126093837,185.36863708496094,7744563.0
2013-12-30,185.82213587620507,187.68879724712747,184.73589121758934,187.1087646484375,10315527.0
2013-12-31,187.29854859518738,189.46050573586703,187.10872439348992,188.8171844482422,5706010.0
2014-01-01,189.2917796056893,189.46052632758585,187.21420263089658,187.46731567382812,5849398.0
2014-01-02,187.23528048546933,188.9859378379158,183.52306407327615,184.55657958984375,6023632.0
2014-01-03,183.83945801602894,184.20857476400727,180.3381570050619,182.2891845703125,12833897.0
2014-01-06,181.835711829286,182.07827910482266,179.28355997964576,180.32762145996094,13315857.0
2014-01-07,180.2537816912432,181.38220938011102,177.1848723244197,177.6172637939453,17311470.0
2014-01-08,178.102373828608,180.83380367657514,178.102373828608,179.08316040039062,12726430.0
2014-01-09,179.37843865678087,180.08503468959117,178.23946526875346,179.43116760253906,8309185.0
2014-01-10,178.93551820990518,184.83078385632476,178.86169767892218,181.0025634765625,14839980.0
2014-01-13,183.1328593776757,186.24395177772922,183.08013042986047,185.695556640625,12058586.0
2014-01-14,185.2948214479534,186.57090435465435,184.01875262107976,185.92759704589844,12075547.0
2014-01-15,186.60254007054218,188.7750292420352,185.8221234105886,186.76072692871094,12660424.0
2014-01-16,187.44622033732628,188.41646116943903,186.0435880387474,186.9083709716797,18038361.0
2014-01-17,187.5411252638495,189.1757648780194,185.66391841102845,186.61306762695312,15463211.0
2014-01-20,187.06660036734786,187.50953772447485,182.67942404517402,183.4492950439453,16576057.0
2014-01-21,184.06093515101196,184.2613051724486,181.81461135366507,182.0360870361328,9806364.0
2014-01-22,182.13100020379738,184.63042299003075,181.0025724432172,184.0187530517578,8517726.0
2014-01-23,181.5193290037977,183.77618450927085,181.5193290037977,182.61611938476562,13767334.0
2014-01-24,181.81461579087733,184.48278535724563,181.62479155540993,183.00633239746094,11879019.0
2014-01-27,180.54908243366668,181.56150645808884,177.2481515241233,177.83872985839844,12345838.0
2014-01-28,178.65080978686936,180.5491086280259,177.74384353344314,178.19732666015625,11573795.0
2014-01-29,179.24135686201544,179.8108435988077,176.1197185596886,176.45718383789062,12374165.0
2014-01-30,175.36040146025385,175.87715927071363,173.41991970346768,174.010498046875,14102043.0
2014-01-31,174.43233424691934,175.7927833766523,174.2530558195215,175.3076629638672,11038353.0
2014-02-03,174.2636033300119,175.02291428631455,172.8398794471398,173.14572143554688,8227762.0
2014-02-04,171.79583811806245,174.35853577417691,171.5110876763484,173.2828369140625,12362252.0
2014-02-05,172.9769786127644,173.2722748178719,170.19281960384046,172.3758544921875,11298451.0
2014-02-06,172.95588104141072,173.8206639665743,170.45645845415586,172.08056640625,10826505.0
2014-02-07,173.39881107681083,173.75738199570546,170.97320911927474,171.78526306152344,8459052.0
2014-02-10,171.95402450500688,174.137073672503,171.08924147092964,173.36720275878906,10345205.0
2014-02-11,173.5886711973629,174.01050282579092,169.3174992410829,169.8448028564453,12609169.0
2014-02-12,170.4248168012875,173.35663077743695,170.29826732658844,172.512939453125,9828890.0
2014-02-13,172.72389644578627,172.72389644578627,169.80262780048793,170.2982940673828,8657303.0
2014-02-14,171.24742346042092,173.7995750356879,170.42482368201388,173.38827514648438,9218744.0
2014-02-17,172.46021477972764,173.37772665368772,170.2244510186616,171.331787109375,9058505.0
2014-02-18,170.23499391592526,172.5023950079235,170.23499391592526,171.5110626220703,5741275.0
2014-02-19,171.47943013524304,172.95588296641765,170.84666865897574,171.3212432861328,6130140.0
2014-02-20,171.12087784488875,171.6270898553799,169.3913119291451,169.88697814941406,8041497.0
2014-02-21,170.23501292705876,172.1122200119994,169.91862512268676,171.16307067871094,6256274.0
2014-02-24,170.4353952149259,171.89075669202202,169.85536259836854,171.3423614501953,6800627.0
2014-02-25,171.75365475807132,172.11222573764448,170.3299307107757,170.9626922607422,7039336.0
2014-02-26,171.05759847529797,172.2914982389502,170.47756590120264,170.99432373046875,13608048.0
2014-02-28,170.9943146744213,171.97510132698562,167.28209794891785,168.72691345214844,18949872.0
2014-03-03,168.7585687923389,170.171747075306,168.13633894189542,169.45460510253906,11635479.0
2014-03-04,169.37021877508056,171.82745827315077,169.285852454087,171.46888732910156,8997053.0
2014-03-05,172.01730076490483,172.53405861570047,169.82371986679144,170.21392822265625,11827655.0
2014-03-06,170.70957362383152,173.8839408792879,170.69902783387636,173.47264099121094,10172590.0
2014-03-07,174.01048336673387,184.34565278384483,174.01048336673387,183.3754119873047,33597187.0
2014-03-10,182.46847753844781,190.5995073255569,182.1099065801048,186.76072692871094,32869474.0
2014-03-11,186.66580372616534,187.25638204140984,183.94491952814286,184.5038604736328,12780183.0
2014-03-12,184.34565357386958,186.22286043780636,183.0063101379907,183.78671264648438,9431389.0
2014-03-13,184.55661646269527,188.72231672930621,184.49334171391578,185.5163116455078,17221827.0
2014-03-14,184.34565954263692,187.70986508527739,183.3015981810979,186.9083709716797,16540547.0
2014-03-18,187.61491903278824,191.68570584327867,187.61491903278824,189.08082580566406,19034847.0
2014-03-19,189.82964199175734,191.91777897961288,188.8277637011518,190.46241760253906,16376397.0
2014-03-20,190.1670961769439,191.41154157205528,189.43942262475576,191.09515380859375,29711945.0
2014-03-21,191.30609089514823,192.64544854445657,186.06469215448348,186.8345489501953,22050970.0
2014-03-24,187.98406964603782,191.67519467501975,187.95243227629328,190.96861267089844,28815466.0
2014-03-25,185.40028726999347,186.1385066699487,184.02929229313165,185.46356201171875,31299573.0
2014-03-26,185.87485847327096,190.45187251834486,185.8537668914885,187.97354125976562,13811011.0
2014-03-27,188.74340837136768,190.86318285528705,188.1633757608788,189.98785400390625,55407935.0
2014-03-28,189.8296340870402,194.0375311802585,189.8296340870402,193.23602294921875,18667646.0
2014-03-31,193.25708292666485,198.2242901971554,192.61377573684683,196.31546020507812,18751896.0
2014-04-01,197.42280919176704,199.3211076001226,196.009631174884,198.8148956298828,15640608.0
2014-04-02,199.32112658296896,202.90679387367186,197.86576526994642,202.10528564453125,26780181.0
2014-04-03,201.80997524569256,203.10713544137226,198.35085792417175,200.9346466064453,26550895.0
2014-04-04,200.79758724227202,201.0612320121676,198.59344656680742,199.16293334960938,12513877.0
2014-04-07,199.11019307374747,201.419791525841,197.07479924658088,199.14183044433594,12905249.0
2014-04-09,200.37576346071415,203.89815653081962,199.77463923973474,202.93846130371094,13438946.0
2014-04-10,203.47627168627645,205.41675335163757,202.94896811023932,204.39378356933594,10649501.0
2014-04-11,202.97005813546318,204.81562767737043,200.50227291296662,201.1666717529297,11691621.0
2014-04-15,200.37572086293088,201.21941219922954,197.54936474220867,200.18588256835938,9264526.0
2014-04-16,199.63750081206578,202.2740328948571,197.86576578281145,198.54071044921875,12381278.0
2014-04-17,199.32110789099193,202.86459168784134,199.06799486558987,202.29510498046875,7845800.0
2014-04-21,204.58359314909177,204.58359314909177,201.66232507015582,202.4005584716797,11817203.0
2014-04-22,202.48491314550276,208.5489105273571,201.66231347790784,204.1195526123047,19331824.0
2014-04-23,204.38323503518149,207.12521077779317,203.38135684618038,203.99302673339844,15288495.0
2014-04-24,203.99302673339844,203.99302673339844,203.99302673339844,203.99302673339844,0.0
2014-04-25,204.17232076944873,204.38323656668157,199.53203243206394,200.00660705566406,13252156.0
2014-04-28,200.33352988916494,201.6412359216061,198.55123517872156,199.32110595703125,16610579.0
2014-04-29,199.54258222608587,200.7448445339172,197.8446677848113,198.3297882080078,8396497.0
2014-04-30,199.0891060422477,202.48494912178958,195.96746759389794,197.38064575195312,14391181.0
2014-05-02,198.26651327568484,199.82733244449645,195.31360757907046,195.75653076171875,9070553.0
2014-05-05,195.10269680127195,202.16857395293815,195.10269680127195,199.71133422851562,15199246.0
2014-05-06,199.93278078781964,203.96138503794086,199.85896026090708,203.1915283203125,12392211.0
2014-05-07,202.50605873482618,204.8894779849822,201.86275138105148,202.66424560546875,10571569.0
2014-05-08,203.13879609998355,204.61524895626198,200.53391554121296,202.5482177734375,11949181.0
2014-05-09,201.599069612004,210.7108998425061,201.599069612004,210.4156036376953,18452114.0
2014-05-12,209.84612906996279,221.2569985409849,209.67739641731967,216.97528076171875,30847764.0
2014-05-13,219.3586800464381,225.43323803012473,218.19861500474744,224.29425048828125,26863271.0
2014-05-14,224.42083887930863,225.2645162394284,219.59072580135918,220.51878356933594,19375695.0
2014-05-15,220.5187662477855,223.57712987757893,219.20050023639453,222.18504333496094,20864719.0
2014-05-16,232.19460241834702,243.94171130714727,226.23051716031895,229.88351440429688,52633579.0
2014-05-19,232.38625991023372,239.57511906369402,231.5129441223314,238.57400512695312,23797958.0
2014-05-20,240.2461086019959,240.48040524237044,229.1273552188912,230.0113067626953,22509088.0
2014-05-21,230.01131445380025,234.93168625373988,228.71200460349488,229.7024688720703,21991587.0
2014-05-22,231.32128420627842,237.15757123620807,231.04437395371576,234.47372436523438,18745180.0
2014-05-23,236.76350139531925,241.11941676558308,234.72932375335398,240.15023803710938,16566818.0
2014-05-26,241.2259109798881,242.82341643132293,228.97823173759903,234.66542053222656,16073584.0
2014-05-27,234.9423071002187,236.00732017085045,228.9995222223406,231.7366180419922,11273379.0
2014-05-28,232.08806269220844,235.709124190512,231.05499916181103,231.93896484375,11351815.0
2014-05-29,232.7057935181448,232.89749076118733,227.561761090208,228.6693878173828,27659174.0
2014-05-30,231.1082674218762,232.10936721539923,225.78318774553574,226.7843017578125,17293884.0
2014-06-02,228.92498622984394,231.80053021423936,226.912108284518,230.51185607910156,8806299.0
2014-06-03,230.74616752870963,234.72932404195853,229.47879308415122,233.32350158691406,10874352.0
2014-06-04,232.7377298683165,234.68670860380772,229.24448077290793,229.51072692871094,8826406.0
2014-06-05,229.72374146847216,233.2169906155269,226.6884499349226,232.1519775390625,19974435.0
2014-06-06,235.87954645798908,241.33242475093303,235.1766423085345,239.07460021972656,29319340.0
2014-06-09,240.6934237416049,241.26854398426138,236.8806785391698,239.1278533935547,13497804.0
2014-06-10,240.78927807062826,240.78927807062826,234.39918450695922,238.2012939453125,15760599.0
2014-06-11,238.56337038392326,238.56337038392326,232.70579810259693,234.75062561035156,15164409.0
2014-06-12,233.9944659859311,237.17886989205383,230.91657477263814,233.0572509765625,11767348.0
2014-06-13,234.36720961143854,235.79433172742998,228.48832360004246,230.4479522705078,14646904.0
2014-06-16,230.89525277710223,230.89525277710223,225.17612886535238,226.9440460205078,14371376.0
2014-06-17,225.37847846854933,232.87618368448676,225.37847846854933,232.18392944335938,15824961.0
2014-06-18,231.7472597665585,234.6547530256147,225.92162340248814,227.220947265625,19212704.0
2014-06-19,228.76522960762588,228.96757669146172,219.73390382307014,221.97042846679688,23126286.0
2014-06-20,222.77984643932302,223.5253499183286,220.2983610935732,220.77761840820312,12855084.0
2014-06-23,220.88412446573705,222.56684293868742,218.11507894853568,221.0864715576172,14768300.0
2014-06-24,222.5881621296527,226.3796217228083,222.5881621296527,225.7512664794922,11890148.0
2014-06-25,225.2826067387441,225.64471570128364,223.25907923668842,223.8661346435547,10564797.0
2014-06-26,218.32808006814466,218.73278845205215,214.4301225168969,215.53773498535156,24480677.0
2014-06-27,215.1330297481582,218.00857364462274,214.5366241194017,215.58033752441406,9225499.0
2014-06-30,215.6762238773955,217.26309385114183,213.00302677501406,216.2832794189453,20656550.0
2014-07-01,216.66665985844517,217.38021378448067,214.48337025732226,214.70703125,9653273.0
2014-07-02,216.624059429837,218.82864885780359,215.5590462898187,216.89031982421875,12293489.0
2014-07-03,217.2630868418184,218.3281000218021,213.74853766037012,214.38754272460938,11575392.0
2014-07-04,214.06801842692477,220.84151998787914,213.70592363927452,219.80845642089844,12957117.0
2014-07-07,220.03210254504248,220.88411871565606,217.47606825195558,218.79669189453125,14019093.0
2014-07-08,218.54109450001428,220.3516254167742,210.872991159555,211.9486541748047,17484768.0
2014-07-09,213.42901482408524,215.11173326942833,211.40548706346542,213.2053680419922,14903156.0
2014-07-10,213.05628643412334,217.58259992583447,208.96663094102513,212.40663146972656,18600100.0
2014-07-11,211.98056780642074,213.4289894507097,205.26033045199208,205.8673858642578,17783841.0
2014-07-14,206.31469282222162,207.65660178773598,204.16335294546036,204.85562133789062,13764770.0
2014-07-15,205.2071119648718,208.74296073189248,205.13254881644815,207.08152770996094,15345123.0
2014-07-16,207.46493060573792,211.51198613860092,207.46493060573792,210.80908203125,13957671.0
2014-07-17,210.44697853480682,212.6196042133149,208.80685942884983,209.2754669189453,9426887.0
2014-07-18,208.7429581875506,209.49911154087604,206.46381984309988,208.05068969726562,9332698.0
2014-07-21,213.0029984034434,214.70703069442297,211.9486351773077,212.50244140625,16987269.0
2014-07-22,213.85504971051338,220.22384371862347,213.23734430191058,219.59547424316406,28489939.0
2014-07-23,220.46878166029524,221.4805456280794,217.4867389953782,220.0853729248047,13721398.0
2014-07-24,219.39310833189995,222.20475330215024,218.11508401303493,221.74679565429688,9673900.0
2014-07-25,221.92783737295605,222.22604730534715,214.5046807914677,217.65713500976562,13532588.0
2014-07-28,217.47605390867707,218.01921027146292,213.3437999256188,214.19581604003906,9372911.0
2014-07-30,213.85503063500838,215.3460518923927,211.51199316804602,214.31298828125,18616706.0
2014-07-31,214.69641701169832,217.24180181181092,213.42904242633588,214.3769073486328,17722817.0
2014-08-01,211.938005914865,212.79002214310455,207.67795321117686,207.95484924316406,15826199.0
2014-08-04,208.95592156415015,210.8090515135633,207.90155844638116,209.8079376220703,14672155.0
2014-08-05,209.8292792021154,210.41503502684162,206.8259369280604,209.56301879882812,12233949.0
2014-08-06,209.7866429179324,212.70478589973044,208.6364169467751,210.47889709472656,16358373.0
2014-08-07,210.65997890966236,212.3001122611047,209.45651773295907,210.72389221191406,10844144.0
2014-08-08,208.6470802318749,209.48844651873304,207.2732216353005,208.8494415283203,9118453.0
2014-08-11,209.83990566189902,210.2872134208139,208.18912262676565,208.8494415283203,6696796.0
2014-08-12,210.0209403212402,210.22330160542379,207.96546325527166,209.68014526367188,9556263.0
2014-08-13,209.445850874412,212.27879532521496,208.7429467942803,210.90492248535156,14113750.0
2014-08-14,211.9379794771452,214.068005563284,211.245725264776,213.63134765625,12062077.0
2014-08-18,213.23730006435676,216.2938911477132,212.47048272266835,215.78268432617188,7643510.0
2014-08-19,216.1980576679839,217.9020757861474,214.30232809160256,214.9839324951172,14559347.0
2014-08-20,215.34604687184498,216.932916716591,212.01254526006016,212.65155029296875,13022078.0
2014-08-21,213.0030336207097,213.85504990706923,210.89430681978786,211.95932006835938,16449220.0
2014-08-22,213.02432365033127,214.49404527916846,212.00190984059716,212.6409149169922,8571614.0
2014-08-25,213.00299871089115,214.81352946798188,211.60782618079503,212.10838317871094,7455233.0
2014-08-26,212.1509733856706,212.35333467660712,209.38194235676156,211.58651733398438,9548209.0
2014-08-27,212.40662007267537,213.38643450021948,210.20204472007876,211.66110229492188,8391614.0
2014-08-28,211.85281928083322,213.855047578851,211.85281928083322,212.72613525390625,15914040.0
2014-09-01,213.9296008973036,217.47609988346574,212.06582058503554,216.00637817382812,16197464.0
2014-09-02,216.94358221620257,219.72327777085735,215.26086362792347,218.07249450683594,16556769.0
2014-09-03,218.3600539833784,220.66049216745424,217.49738788700557,219.6593780517578,21922291.0
2014-09-04,219.1801096072353,220.2238230607217,216.85837184526815,218.51979064941406,9346763.0
2014-09-05,218.90321070693042,220.1279716246121,217.39088968384462,218.466552734375,9078852.0
2014-09-08,220.22383101485173,221.3846928283865,218.96710635518374,221.03323364257812,13886787.0
2014-09-09,219.84042249603755,221.8000513104343,219.00970595379172,220.03211975097656,9166689.0
2014-09-10,218.999053418838,219.20141473754538,215.68686557550708,216.37911987304688,9459033.0
2014-09-11,217.32695008824714,219.3930770229532,214.70701696002465,217.13523864746094,10619105.0
2014-09-12,216.94354144923602,218.1150529104086,215.44187055355007,216.32583618164062,8749882.0
2014-09-15,214.94136426878453,215.5590696820271,213.21604620722655,213.5887908935547,8738403.0
2014-09-16,213.3012176077514,213.8869734012486,207.99743748832788,208.61514282226562,13242995.0
2014-09-17,209.7866507805687,210.99011180562005,208.51927646131952,210.5854034423828,10887270.0
2014-09-18,209.80798456100425,215.13305056746654,209.53107430366572,214.04673767089844,9089107.0
2014-09-19,214.28101735367758,216.368444061931,211.08596399601655,212.03382873535156,17169819.0
2014-09-22,211.51200109653013,212.15100616828937,210.38308881871262,211.20315551757812,7900222.0
2014-09-23,211.23510086911662,212.03385363827886,205.1325535001914,205.72897338867188,17694403.0
2014-09-24,206.29341582875855,207.4862270890666,203.50307069861327,205.5585479736328,15393998.0
2014-09-25,205.78220287146786,206.1442976462269,196.52721626616417,198.0608367919922,33092058.0
2014-09-26,197.87981446699422,200.57429702008983,195.3876790195392,198.7850799560547,15904980.0
2014-09-29,199.57316600050495,200.7979410345552,198.00759587002665,198.76376342773438,12481132.0
2014-09-30,197.6668210391745,202.0227370941007,197.0384657517604,201.43698120117188,17642155.0
2014-10-01,200.9896173135305,201.41562535838784,197.24077211254024,197.49636840820312,8656245.0
2014-10-07,197.5070322166244,199.13650137292836,196.69761545229838,197.27273559570312,12404189.0
2014-10-08,196.20774013645652,200.54234176276128,196.20774013645652,199.51992797851562,9827783.0
2014-10-09,199.8394236848789,203.8971289968638,199.8394236848789,203.34332275390625,11164671.0
2014-10-10,201.71385859725044,206.39991919543593,199.3921208825506,204.621337890625,15465656.0
2014-10-13,204.8662846754294,205.49463981772718,201.93749166842264,204.0355682373047,13881865.0
2014-10-14,208.52994059529195,208.52994059529195,204.1846894172876,204.7491455078125,19077913.0
2014-10-15,204.7491455078125,204.7491455078125,204.7491455078125,204.7491455078125,0.0
2014-10-16,202.70430037868644,203.82256261545447,197.66676695287137,198.3057861328125,19017182.0
2014-10-17,199.37080432915235,200.36126844320745,197.0703665027571,199.7755126953125,15313270.0
2014-10-20,199.90332489331496,200.35063267484276,194.16288687933644,199.16845703125,21187302.0
2014-10-21,198.99804377928322,199.5837995221104,197.47507316043135,197.95433044433594,17621790.0
2014-10-22,199.1791263337407,202.5232780657453,198.76378227059433,201.4263153076172,13384016.0
2014-10-27,205.32423315654557,205.32423315654557,199.54119632260586,200.51036071777344,10072622.0
2014-10-28,200.45713063651263,200.64882787721785,197.26209131223527,198.95545959472656,22023470.0
2014-10-29,199.4986250809962,203.07707326840674,198.97676834988954,202.69366455078125,17516848.0
2014-10-30,201.92685189115687,209.07309808459226,201.73515465068616,208.58319091796875,32745121.0
2014-10-31,209.13700637530087,213.7911317725725,209.13700637530087,213.1201629638672,14086084.0
2014-11-03,213.8550297298861,214.9200428779738,210.90493676905606,213.50357055664062,12376151.0
2014-11-05,213.42902550073933,214.81354830588492,210.53218172285915,211.14988708496094,15730002.0
2014-11-07,210.96881779600395,212.01253116055426,208.32758484604514,208.8494415283203,11633677.0
2014-11-10,209.33935075440056,210.8303718926976,206.0271490237449,206.47445678710938,10482542.0
2014-11-11,207.12414049518526,210.40439314407908,205.81418078018893,208.25306701660156,10100100.0
2014-11-12,209.1583044321614,209.3819654395637,206.33602386259494,207.4755859375,9286081.0
2014-11-13,207.46493467944958,208.70035958841316,205.20711023915192,206.4531707763672,7041533.0
2014-11-14,206.39993522248912,208.2637154471034,205.55856881573362,206.431884765625,8424014.0
2014-11-17,205.76088577157404,210.3510971144122,205.76088577157404,209.8505401611328,10224348.0
2014-11-18,209.903799085551,212.5130824266488,209.85054985601357,210.5854034423828,13410579.0
2014-11-19,210.58541687010634,211.2989850289133,207.99743305580387,208.34889221191406,8099318.0
2014-11-20,208.31693893165172,209.5310498582265,206.6768057117566,208.90269470214844,11342020.0
2014-11-21,208.7855462734873,213.2160103402162,208.7855462734873,212.51309204101562,11739875.0
2014-11-24,213.045596990777,213.88696328676525,209.10504010608983,209.88250732421875,12426216.0
2014-11-25,209.8292749001927,211.91670181914995,207.31583987596272,211.51199340820312,14606201.0
2014-11-26,211.28835767915822,211.51200448128864,209.29677928040437,210.24464416503906,13155281.0
2014-11-27,210.87296350063775,211.51196847383963,209.39259226323892,210.5854034423828,12279963.0
2014-11-28,210.80909772517765,216.69863406737784,209.42457488224315,211.21380615234375,20881173.0
2014-12-01,210.65998816541858,211.2883576182573,204.17404606168736,204.82371520996094,17382184.0
2014-12-02,204.9089152600665,206.8791939750073,204.05689899988792,205.04736328125,9453044.0
2014-12-03,204.17404859586313,207.46495111268095,204.17404859586313,206.26148986816406,9789854.0
2014-12-04,206.20821830206194,207.66727573699245,203.5669710088025,204.1740264892578,10775294.0
2014-12-05,204.6959101612655,205.97393458946664,203.43919964801907,203.91845703125,10048267.0
2014-12-08,204.48290458527643,205.08996012012807,200.70210913795077,201.20265197753906,10238784.0
2014-12-09,200.4358176102876,202.50194460880047,198.30579153579012,200.19085693359375,10598750.0
2014-12-10,198.40167441692574,200.42520238094474,198.0928146109023,198.63597106933594,13242754.0
2014-12-11,197.87978668210664,197.87978668210664,192.41625919065325,193.01266479492188,22620658.0
2014-12-12,193.1937234425027,194.0457396232729,187.30420176090874,187.94320678710938,17874849.0
2014-12-15,187.00599483797475,187.82606149155453,185.73862039323825,187.18704223632812,12647964.0
2014-12-16,186.7610317736911,188.13489034729594,183.11867068610263,184.16238403320312,20886278.0
2014-12-17,184.3008645028665,186.356341862588,184.13045273097597,185.20611572265625,20779949.0
2014-12-18,187.77280324727724,188.46505748534432,184.17304139681832,187.4639434814453,14970699.0
2014-12-19,188.52896771582826,193.49193864308677,187.97516144886538,191.8198699951172,20073537.0
2014-12-22,192.12867947360243,193.15109303884435,189.78565668086156,192.74639892578125,8305143.0
2014-12-23,192.2032610232918,192.5866697300443,189.95608645472942,190.37144470214844,10583206.0
2014-12-24,190.37144182667097,191.09564562292763,187.44264866395247,188.3266143798828,22479751.0
2014-12-26,188.84847095032146,190.13713084097347,187.46394822043368,189.32772827148438,4890141.0
2014-12-29,189.25318875560703,191.50036340033213,188.92302927210875,191.06370544433594,6931660.0
2014-12-30,191.08497605690488,191.3618862620102,186.82492405530317,187.47457885742188,11627412.0
2014-12-31,187.44265521480216,190.4033980211783,187.2403081198988,189.81764221191406,8464992.0
2015-01-01,188.78455588595656,189.99866674677062,188.22008562007076,189.12535095214844,2963643.0
2015-01-02,189.16798861873892,190.86137132159314,188.3585859539757,188.6248321533203,7331366.0
2015-01-05,188.5076641535704,189.7643887395962,186.18592644379618,186.55868530273438,10103941.0
2015-01-06,185.31262145828632,185.9516264773224,177.21849626922892,178.09181213378906,18627980.0
2015-01-07,178.30482844947335,182.92699000748544,178.2835287555138,181.96847534179688,20720312.0
2015-01-08,183.20390177473905,183.80032169437555,178.9544987145511,179.3592071533203,19872227.0
2015-01-09,180.71175573354262,183.60859950458453,179.9875519001595,183.24649047851562,13392787.0
2015-01-12,183.28912579063615,183.3956242759867,179.2633692943345,181.11648559570312,10100113.0
2015-01-13,181.69155191961207,182.10691014044292,179.0290192740664,179.59347534179688,9948711.0
2015-01-14,179.56157695338493,180.41359333016766,177.04814143875748,177.84690856933594,11380041.0
2015-01-15,178.9225419006291,185.54693186602967,178.9225419006291,184.08786010742188,16927085.0
2015-01-16,183.18257695961665,186.3776304213054,181.48920872023663,185.24871826171875,19136963.0
2015-01-19,185.35522508539012,188.72066202305834,182.9163390480819,187.36810302734375,13339962.0
2015-01-20,187.76215928286896,192.88487777380465,187.1976889657768,192.3523712158203,13361320.0
2015-01-21,192.76774300724009,194.13095192898646,190.00934718363794,193.14048767089844,17084297.0
2015-01-22,192.79970277402143,193.23636076478942,187.3361742935064,188.24143981933594,23721627.0
2015-01-23,189.57268879755253,191.23410766531313,186.80365735128487,188.91238403320312,18080494.0
2015-01-27,190.19038324040642,190.9998000421227,187.54915011606235,189.37033081054688,17939876.0
2015-01-28,188.74194439008065,193.79012777066026,188.74194439008065,193.16175842285156,19298126.0
2015-01-29,193.21503739003552,199.05132448698697,193.17243799972977,197.9650115966797,36117653.0
2015-01-30,198.09277862315537,198.3590389894597,193.61971537551548,194.95098876953125,21746801.0
2015-02-02,195.12140709820193,195.94147375756123,192.91683188652132,193.41738891601562,19302710.0
2015-02-03,194.5143426249075,200.40387838973308,194.5143426249075,199.7116241455078,17092333.0
2015-02-04,200.0311139225026,201.03222790718357,197.21948341965077,197.83718872070312,14072894.0
2015-02-05,199.37081840060588,200.20152066477243,195.45156105170454,196.75088500976562,12365643.0
2015-02-06,196.8360735125005,198.09278379928662,192.34171045561953,193.81143188476562,9045844.0
2015-02-09,191.95830096665662,195.5367487994649,189.9986724027075,190.99978637695312,8839692.0
2015-02-10,191.27671828360914,192.66122687571948,183.4595028337096,187.86866760253906,13651008.0
2015-02-11,188.72063726826232,192.71445730630282,188.08163231842687,191.85179138183594,9781008.0
2015-02-12,193.40675637708748,194.67411672541857,188.98694149240245,193.65170288085938,8709626.0
2015-02-13,194.6847648027369,196.13318677248154,193.63040142379697,195.43028259277344,7393680.0
2015-02-16,195.6858545626321,196.85738034119814,191.70269819676588,192.2991180419922,12266698.0
2015-02-18,191.7027095249581,193.40674195129375,190.5098982015268,192.05416870117188,9835036.0
2015-02-19,193.18310261788875,193.32156486572427,189.05084769224044,192.13938903808594,9550637.0
2015-02-20,190.6909097808044,190.85067167748224,185.58949174485087,185.972900390625,18717199.0
2015-02-23,185.30199239697455,186.75041436301234,180.43486973467347,181.36143493652344,14104463.0
2015-02-24,181.95783049156356,182.50098692120213,178.28353365136033,179.23138427734375,19946218.0
2015-02-25,180.79695061946094,182.43706959161682,179.14616758234467,179.59347534179688,15274116.0
2015-02-26,180.221842927788,181.05255942679545,178.1983151337351,179.34854125976562,21459750.0
2015-02-27,180.5307077376429,183.3956019574645,179.90235253178665,182.23472595214844,18659378.0
2015-03-02,185.0996240538557,186.484146880227,182.2347297739519,184.08786010742188,14579511.0
2015-03-03,185.099606503753,193.0765689968071,184.75881141726984,191.87310791015625,20636925.0
2015-03-04,192.9807236541101,193.75819089585264,187.45329684510713,189.11471557617188,14476047.0
2015-03-05,190.10522493383058,191.4364987356718,187.04863291105963,188.49705505371094,10716702.0
2015-03-09,188.52898547503017,189.94545792648736,184.06657115897588,185.2380828857422,14065391.0
2015-03-10,185.08896804585885,186.54803975590264,182.2027741670949,183.0015411376953,15234060.0
2015-03-11,183.38495949335052,185.22742579614135,181.56377866713999,182.3199462890625,11635873.0
2015-03-12,182.75657854263068,184.75880649741728,182.24535748901178,183.9919891357422,11782380.0
2015-03-13,185.0996082869568,185.22740644561915,180.41354783388658,181.0738525390625,12936157.0
2015-03-16,181.37207064705345,181.89392737056428,178.98643381725202,179.36984252929688,13839990.0
2015-03-17,181.16968870847458,183.16126675245445,179.13551128120127,182.51161193847656,19070082.0
2015-03-18,182.5435545957729,185.7918569807374,182.05364748761033,185.02503967285156,9269885.0
2015-03-19,186.49478794005842,186.73973442015077,181.92587562519967,182.36253356933594,13934612.0
2015-03-20,182.73527537793208,183.42754385713542,180.75434699898798,181.92587280273438,10405717.0
2015-03-23,182.43708138411853,184.03460107470758,178.51782397653736,179.337890625,13251683.0
2015-03-24,179.36986035596536,181.96849438474888,179.36986035596536,180.6159210205078,9238431.0
2015-03-25,180.83954811718158,180.9460465781414,179.13551586681172,179.9662322998047,10264941.0
2015-03-26,179.15685265119149,180.8928347992627,175.53580469759257,176.64341735839844,20621346.0
2015-03-27,177.62319077108478,177.85750159828535,170.7112417593363,172.89453125,23326922.0
2015-03-30,173.9382438032579,174.17254041065982,169.64622798071173,172.69216918945312,17330588.0
2015-03-31,174.23645833672006,177.4102122570868,174.23645833672006,175.94049072265625,20235395.0
2015-04-01,175.7061896633385,178.70953198123672,173.19275455088655,178.0811767578125,14588531.0
2015-04-06,178.07050983680634,178.4965179161862,174.96066934171316,175.65292358398438,12334096.0
2015-04-07,175.95112964102105,178.0918056186698,175.95112964102105,177.39955139160156,21275454.0
2015-04-08,177.53801570855407,185.20611901740634,177.41021754142855,184.43931579589844,24821205.0
2015-04-09,184.35411639991418,191.48971310307226,182.92699421553164,190.65899658203125,27276420.0
2015-04-10,190.62704433606712,193.57713728800425,189.38098379093722,192.6292724609375,25323219.0
2015-04-13,193.1511184488768,196.97452708581855,191.4364505090701,196.49526977539062,20177342.0
2015-04-15,196.17576406274188,200.1376207827185,193.23633528159354,196.740234375,22231264.0
2015-04-16,196.92129682977034,199.79684096944027,195.74978516638853,197.74136352539062,20177302.0
2015-04-17,199.1684774406183,201.13875616308573,196.51659423865746,197.42185974121094,23958678.0
2015-04-20,199.64773928416395,199.6796888283518,187.12316249362974,188.64613342285156,37628162.0
2015-04-21,189.6046519178387,190.74422833923563,185.83450609817635,186.68650817871094,17707007.0
2015-04-22,187.8473772329052,188.8804409139768,184.67362303583255,187.38941955566406,14761313.0
2015-04-23,188.2627070259338,189.44486839829514,185.11025300171463,186.8142852783203,13337818.0
2015-04-24,186.80364931789873,188.39051918484978,185.02506798526454,187.20834350585938,12709854.0
2015-04-27,187.4533228459041,189.04019287064287,185.62149209586696,186.44155883789062,11042925.0
2015-04-28,186.31373464262947,187.86865490589847,182.87373465201406,184.2902069091797,14687371.0
2015-04-29,183.60861646270607,185.42979738977445,180.49877545895976,181.05258178710938,16387960.0
2015-04-30,181.0525828747045,184.43933417224804,180.6159248747651,183.68316650390625,34802149.0
2015-05-04,184.50320903948798,190.4033948600845,183.28909805271562,189.77503967285156,15078502.0
2015-05-05,190.36079912815666,192.0861170191386,188.52896854714126,190.0306396484375,17846755.0
2015-05-06,189.57268777269337,191.01045983497983,185.7386289399295,187.49591064453125,22438208.0
2015-05-07,186.37764705705703,187.11250074539757,183.1825933101832,185.47238159179688,16735535.0
2015-05-08,187.86308256939228,192.76995821202658,185.72778790218808,191.89642333984375,17104443.0
2015-05-11,192.57585311645389,193.99938785476854,190.53761444961006,193.24449157714844,14214007.0
2015-05-12,193.01802368411657,193.01802368411657,186.60135456372754,187.36703491210938,16650201.0
2015-05-13,188.36996337123963,191.66997630196153,184.8866219879941,190.90428161621094,16701434.0
2015-05-14,191.0983821246725,191.14153262634503,187.71211159101858,189.41603088378906,12329713.0
2015-05-15,190.21407684063172,191.30329225237853,187.66897473862284,188.49935913085938,8331715.0
2015-05-18,188.7042894122208,192.82390291273086,188.12193755585287,192.29547119140625,9847540.0
2015-05-19,192.23073291227035,195.14250607522877,191.22778978266672,193.15818786621094,14513036.0
2015-05-20,194.20426626547908,196.4905371673695,193.62190011706062,196.0268096923828,8708891.0
2015-05-21,196.54449217032317,197.43959520399088,192.84547013696726,193.4170379638672,10759523.0
2015-05-22,193.47094002587502,195.3258500817103,193.47094002587502,194.94839477539062,8349048.0
2015-05-25,194.1180192294312,195.84352118046095,192.4680198670267,192.93174743652344,6617337.0
2015-05-26,193.0395829575526,193.25527789507234,190.3866403307286,190.79644775390625,9510249.0
2015-05-27,191.0984098567985,192.15528774633188,189.8474338700129,190.9474334716797,8078236.0
2015-05-28,191.0660386272173,192.87781265868432,188.0787769193217,188.8983917236328,26538868.0
2015-05-29,189.7827298150447,191.19548061317758,188.31605887933804,189.15724182128906,29277517.0
2015-06-01,189.8042657306145,195.1748689004608,189.37289030516885,194.60328674316406,19594976.0
2015-06-02,195.3582028879292,198.17290566214237,192.27388506594002,193.8268280029297,20178960.0
2015-06-03,193.90228668281577,196.3719002494361,191.63758397682383,193.33071899414062,15546279.0
2015-06-04,195.0238664036399,197.6121044026192,192.51111657993746,196.85720825195312,15931395.0
2015-06-05,196.25330882155788,197.77389970365346,195.07780677654583,195.78958129882812,13066337.0
2015-06-08,195.58467572183218,196.27488221056336,190.47290320455636,190.97976684570312,10846953.0
2015-06-09,190.5699437060814,192.1013185295186,189.23269574065046,190.60231018066406,9153355.0
2015-06-10,191.09839906265654,196.25332229744495,190.88271852466946,195.36900329589844,13509379.0
2015-06-11,195.41216275211045,196.1670735210644,188.43469494393665,189.18960571289062,14676438.0
2015-06-12,189.5885657876539,192.54346051302522,189.42679102100425,191.9287567138672,21543824.0
2015-06-15,193.01801326211722,195.1964586832514,191.96114983116783,194.49546813964844,12858570.0
2015-06-16,193.90233846989864,195.19646493173866,192.65136251489682,194.96998596191406,13929305.0
2015-06-17,195.20722348368895,203.2523371171076,192.82388178639968,200.84742736816406,26232634.0
2015-06-18,201.13857568703364,211.8042785053372,201.1277916622991,211.1464385986328,49366799.0
2015-06-19,211.91216080142698,217.06706927613607,211.91216080142698,214.96412658691406,45710935.0
2015-06-22,215.02883594305328,217.56315413711965,212.7749024354501,213.896484375,19394187.0
2015-06-23,214.10138220764512,216.26902911960536,213.7454949362534,214.60824584960938,16007498.0
2015-06-24,214.60822635667506,217.07784018336383,212.80723650826133,213.72390747070312,18603004.0
2015-06-25,212.88276609028398,217.6278674888944,212.4513906180649,216.66806030273438,27175118.0
2015-06-26,215.66510292680425,218.72785274188087,214.6945117771632,215.83766174316406,20966796.0
2015-06-29,213.07686283011645,214.36020512509336,209.6474417573692,213.713134765625,20168946.0
2015-06-30,213.5082226880327,216.301357223522,213.09841532971794,215.70822143554688,23184864.0
2015-07-01,215.90237593912974,217.94061456857037,215.90237593912974,216.9053192138672,14824266.0
2015-07-02,217.62786260364018,219.94650031555713,217.21805519433633,218.02688598632812,15931202.0
2015-07-03,217.78962378071247,218.66315873551954,216.34452101532162,217.2396240234375,13831096.0
2015-07-06,214.84548731911013,219.7631324779175,214.65136046419684,219.04058837890625,12237733.0
2015-07-07,218.05924744476775,219.26708727349657,215.68668949772905,216.38768005371094,11294999.0
2015-07-08,214.79156383598652,217.56314489101746,213.88569125878155,214.95333862304688,15190654.0
2015-07-09,214.8239049609263,215.90235069404918,212.0523384451034,212.96900939941406,16245867.0
2015-07-10,213.76706695749212,216.5494322256614,213.58373850410788,216.07492065429688,16110573.0
2015-07-13,216.07488950143934,218.38274286550654,214.64057096747064,217.1964569091797,9860248.0
2015-07-14,217.6062994136482,218.16708320810758,214.65138966745465,215.21217346191406,9942927.0
2015-07-15,215.6327532717552,218.792559357728,215.58961716665516,218.09158325195312,13532911.0
2015-07-16,218.27492759246167,221.6827809288038,218.0915991324372,220.7984619140625,14854295.0
2015-07-17,221.13276007378454,222.405303941404,219.5690331053919,220.3670654296875,10195142.0
2015-07-20,221.68274227762913,222.14646975826778,219.54744770039386,221.02490234375,6348354.0
2015-07-21,221.72589462779453,221.8229508615277,216.27980313588535,217.3690185546875,7923338.0
2015-07-22,216.76509798739664,227.32296173340805,216.67882577991844,226.55728149414062,17309440.0
2015-07-23,227.2259141638479,230.32101611253134,224.57297169324767,225.45729064941406,18642915.0
2015-07-24,226.03962659224322,226.3954994366621,220.2376480508804,221.08961486816406,13099664.0
2015-07-27,221.05727525456635,222.13570667000926,216.06412714662065,216.84059143066406,20118553.0
2015-07-28,217.47686953387185,219.28862905994157,215.70823171305562,217.8974609375,13382878.0
2015-07-29,217.73570240042204,218.42590889815096,213.98276036088097,214.8239288330078,14790821.0
2015-07-30,215.7082406319693,217.41217436851056,214.02588934579455,215.71902465820312,11701228.0
2015-07-31,215.68663953438008,217.3905730098635,213.52977702646837,216.08566284179688,16634259.0
2015-08-03,215.90235115352485,218.6739176752461,215.55724794227518,216.215087890625,9887787.0
2015-08-04,216.41999981933222,216.90529536335586,211.37293192064573,213.09841918945312,12006872.0
2015-08-05,213.15236541438256,215.85924252602445,212.25726239502848,213.04452514648438,14345010.0
2015-08-06,213.74546054914356,213.9611554417314,210.83370188133085,211.1464385986328,8708037.0
2015-08-07,211.15723855798458,214.39254700777443,210.7582152147978,212.31117248535156,8608888.0
2015-08-10,212.34353776638306,213.27097841911095,208.02979769771665,208.97882080078125,9288894.0
2015-08-11,209.43176393534605,210.00333172185398,206.6278307359085,208.35333251953125,8762464.0
2015-08-12,207.83570377263084,208.35335147523278,202.8641232630559,203.37098693847656,9650325.0
2015-08-13,204.2552826991285,205.75430550029404,200.45919038047677,201.3111572265625,9340350.0
2015-08-14,202.79939921210263,209.64744297335707,201.51605690968213,208.5582275390625,12739366.0
2015-08-17,208.35332692288597,208.35332692288597,204.05037100351115,205.05331420898438,10857430.0
2015-08-18,206.19646156298475,206.19646156298475,203.2199982516922,203.62979125976562,6630334.0
2015-08-19,203.60818503003904,207.274854147435,202.62681000417848,205.89447021484375,8877298.0
2015-08-20,207.04842612299447,207.04842612299447,197.08369776511915,197.63369750976562,19008087.0
2015-08-21,196.27487736703083,196.68468475999595,193.4709441712895,195.8327178955078,20050521.0
2015-08-24,189.804297854141,189.804297854141,176.43171499366807,178.9228973388672,35635706.0
2015-08-25,181.36012047613085,185.63072403270024,177.55325879855377,182.93463134765625,49504268.0
2015-08-26,182.85914730045522,188.68269380966993,181.17679613903437,184.06700134277344,18955515.0
2015-08-27,186.95721714946367,190.07388730409656,184.85427431699722,187.46408081054688,26997546.0
2015-08-28,188.72585337025782,190.45134084789547,186.80623901277752,188.16506958007812,10770215.0
2015-08-31,188.26210182660552,188.26210182660552,184.15327296595925,184.60621643066406,20708942.0
2015-09-01,184.17485267267404,184.17485267267404,180.1199436824047,181.1444549560547,21645696.0
2015-09-02,183.3336590122136,184.86503381918314,181.73758005257042,183.23660278320312,19652369.0
2015-09-03,184.207213865254,185.6523166255282,182.12583913672233,184.16407775878906,11659978.0
2015-09-04,183.26897343967389,183.26897343967389,177.96307400563813,180.29249572753906,16199949.0
2015-09-07,180.79935952008472,182.0395657667677,178.5238723269235,179.71014404296875,10234633.0
2015-09-08,180.31407615860147,183.96996219155176,177.96308622223478,183.03172302246094,12900468.0
2015-09-09,185.7062171605128,189.52386296507026,183.44149982060765,188.5209197998047,17340694.0
2015-09-10,185.7062389471499,187.7552616199805,184.51995281168513,187.00035095214844,11074406.0
2015-09-11,188.0787618110009,188.9630807028417,184.6709233461719,185.6954345703125,10634833.0
2015-09-14,185.8680250441918,186.7199920704966,183.74351389044836,186.3209686279297,7964072.0
2015-09-15,185.92191948201648,187.6474213525472,184.5415208651718,187.00035095214844,11509788.0
2015-09-16,188.100361973697,189.23271356008797,186.6121231123634,188.19741821289062,13424811.0
2015-09-18,189.46995444788118,194.01015903348315,189.18956976826752,193.1258544921875,34261453.0
2015-09-21,189.80426232276508,191.57288569764955,188.9522955128591,189.3944549560547,12732187.0
2015-09-22,189.80426819863706,190.86113152566716,182.147393891634,182.88072204589844,15745524.0
2015-09-23,181.82385421861375,184.80033166111397,181.17679828699568,183.40914916992188,15221260.0
2015-09-24,182.90231047603658,182.90231047603658,180.04447132347033,180.60525512695312,29076982.0
2015-09-28,181.13366981293427,181.3709183852897,178.7395440478549,179.9365997314453,11624639.0
2015-09-29,179.01996900894986,183.38761536025498,178.17878606225526,181.33859252929688,15853471.0
2015-09-30,183.54937047979286,186.52583376082114,180.85327748774904,185.9866180419922,17292020.0
2015-10-01,188.49935959019533,188.49935959019533,185.18857724328515,186.50425720214844,8663393.0
2015-10-05,186.09447649283808,191.96114536088643,185.88956558881378,191.52976989746094,16015412.0
2015-10-06,193.17978578918817,194.2258651809335,191.0444765007486,193.6974334716797,12330294.0
2015-10-07,192.97486913810502,198.01115346518384,192.17683678354965,197.094482421875,11515191.0
2015-10-08,197.33174481258874,197.33174481258874,191.1523249053749,191.76702880859375,10753149.0
2015-10-09,192.83467486593472,195.29350485945756,190.12781226674238,191.3895721435547,9327873.0
2015-10-12,191.52976176995912,194.46310327845762,191.52976176995912,192.33859252929688,6212395.0
2015-10-13,190.89351407811867,193.31999226648787,190.42978649554587,192.73764038085938,6162561.0
2015-10-14,193.2120984957054,195.19641660719807,192.8130751889146,194.75425720214844,8002587.0
2015-10-15,195.7788123563437,196.49057253556444,194.1395970602082,194.9160614013672,9048478.0
2015-10-16,195.08858410334375,197.31016540527344,194.91603969072716,197.31016540527344,15246935.0
2015-10-19,202.96114674563634,208.24546319047266,202.96114674563634,207.81410217285156,33505855.0
2015-10-20,208.13761874897176,208.50429000447116,205.54938070582372,206.34742736816406,18091895.0
2015-10-21,206.0886294541208,210.25137904196845,205.5494137084685,205.9807891845703,14404450.0
2015-10-23,207.91117766022953,209.87392806380248,202.99351762485776,206.1209716796875,12153422.0
2015-10-26,207.46901286725338,207.70626144284748,203.02586450685718,203.3601837158203,10938775.0
2015-10-27,202.4866313451271,204.52486970588922,202.18466424068558,202.6483917236328,11601798.0
2015-10-28,202.07683194113875,203.80233363803075,200.5670251553073,202.08761596679688,11958727.0
2015-10-29,201.88271975993925,203.8239019726922,201.65624082290574,202.96115112304688,13280382.0
2015-10-30,203.19841112174055,206.17488876239378,202.76705007054346,204.40626525878906,13366359.0
2015-11-02,204.6866760592772,207.3827693606632,203.86707555952609,207.01609802246094,7222044.0
2015-11-03,207.76021481631784,209.31315791839774,207.32883933275676,208.61216735839844,11373522.0
2015-11-04,208.78471938894012,210.2945263332686,204.08273972941166,205.1827392578125,10033187.0
2015-11-05,204.68668751148397,205.11806303975717,201.23571208110133,202.01217651367188,10767454.0
2015-11-06,202.6268488983073,205.92686181592717,202.29254407444432,205.4199981689453,8367190.0
2015-11-09,201.34351942474248,208.13764328932635,199.17585810973736,207.32882690429688,17031699.0
2015-11-10,206.41214557585238,206.9513612716489,197.63368928389946,199.02487182617188,11486238.0
2015-11-13,197.36408033731803,202.4327163034476,197.2454560567677,201.24644470214844,13682323.0
2015-11-16,199.72586075728728,203.17683542441026,199.45624571253478,201.51605224609375,15346549.0
2015-11-17,202.3248678970926,202.5081963232844,199.76898196599075,200.10328674316406,8588142.0
2015-11-18,200.0709556132637,200.86900234779324,196.26409357969672,196.7062530517578,11249222.0
2015-11-19,198.19449073032067,202.4650802639852,197.83860346988237,201.6131134033203,12183206.0
2015-11-20,201.45136404949199,205.5062732825881,199.62880594078462,204.22293090820312,11304265.0
2015-11-23,204.90234999270405,206.60626938126526,204.0827351791231,205.71116638183594,10499517.0
2015-11-24,205.5494109510527,209.56118410771228,205.12881950754812,208.72000122070312,14806176.0
2015-11-26,209.43175507054337,213.95039143824042,208.8386192567413,213.23861694335938,23805828.0
2015-11-27,213.31410853405853,214.06901914398404,210.10038242366318,211.16802978515625,10891864.0
2015-11-30,211.0494060769643,212.32196433224058,207.55528088530042,208.590576171875,29919205.0
2015-12-01,207.92196444255669,211.11412269833326,207.32882858262718,208.33177185058594,12981379.0
2015-12-02,208.40728217258365,211.30827201876411,208.02982680421016,210.93081665039062,7573628.0
2015-12-03,210.27291762408112,213.30331516110917,210.10037321698408,210.7689971923828,11361395.0
2015-12-04,209.71215022905062,210.5533330749296,207.36117490774097,208.2346954345703,13443688.0
2015-12-07,208.2347040929907,209.86314972104415,204.84843331190496,205.34451293945312,14483909.0
2015-12-08,204.66506242973637,205.67878959946103,201.9042799750787,202.9395751953125,7532164.0
2015-12-09,201.92588419388113,203.48961132957604,196.88959951893887,197.5474395751953,9174419.0
2015-12-10,198.97096849768863,205.72195649011263,198.4317527563602,204.97784423828125,18592203.0
2015-12-11,205.2797881208182,206.84351503321815,203.37095798984026,205.53860473632812,18155513.0
2015-12-14,204.38468753558126,207.81410851562416,204.03958431305358,206.00233459472656,10563900.0
2015-12-15,206.4121400570542,210.93077639371234,205.68958154139273,210.48861694335938,15718833.0
2015-12-16,210.48863598719453,213.00138618504857,209.97098831032028,211.08177185058594,12097338.0
2015-12-17,211.38370892791042,218.92195844925246,210.94154950044492,217.77880859375,19369032.0
2015-12-18,216.50629125084478,217.62785879507004,213.5298135695476,213.9396209716797,16016139.0
2015-12-21,213.07684016221603,215.47096568259636,212.31115999542914,213.98272705078125,12331769.0
2015-12-22,214.13372036075907,216.2474470029047,212.23567423397597,212.94744873046875,11579277.0
2015-12-23,213.91804834442092,217.17491064318043,213.5298090034453,216.50628662109375,12919467.0
2015-12-24,216.52784109844154,217.23960118069127,214.88862602563455,215.80528259277344,11901877.0
2015-12-28,215.81608367058436,218.6523689939622,215.68667535411365,217.92982482910156,12885935.0
2015-12-29,217.92982357801964,219.72001513928487,217.2288330720293,219.0082550048828,14913870.0
2015-12-30,218.92198992738886,219.1376704606293,216.1180566078667,216.6572723388672,8151610.0
2015-12-31,216.42004408609685,219.93573789352968,215.49258891022487,218.83572387695312,18483713.0
2016-01-01,217.80039694835952,219.76314729320407,217.4553081126233,218.99746704101562,5416562.0
2016-01-04,216.7651171822268,218.66316350641532,212.8180481573938,214.67295837402344,30170947.0
2016-01-05,215.75137549950432,217.84353416846446,215.03961537425454,216.79745483398438,14946239.0
2016-01-06,217.32589080292544,223.9690526265442,215.77294780981822,222.6317901611328,26759864.0
2016-01-07,220.22687642671337,221.72589926161513,217.42295762633168,218.54452514648438,19739943.0
2016-01-08,220.00042396825756,222.78277486917128,219.2886494044218,221.24061584472656,21313199.0
2016-01-11,219.12688925548707,228.80043485596795,218.05924180640085,226.8161163330078,29016443.0
2016-01-12,227.54944587441958,229.79258091169197,224.55140020866975,225.48963928222656,23373377.0
2016-01-13,227.13963542633581,235.04455687716177,225.8670771603823,232.26219177246094,71802356.0
2016-01-14,229.45827622834608,233.15731262584012,227.12886883415823,228.9837646484375,27823189.0
2016-01-15,230.73081025404883,234.99061559913002,229.83570732296806,231.49649047851562,28767318.0
2016-01-18,231.86316598278572,233.79356421462063,217.4337361564748,219.32098388671875,27254669.0
2016-01-19,221.94159983155998,226.42787002634057,218.72785915815766,225.0906219482422,21489315.0
2016-01-20,223.21415177822698,223.21415177822698,213.52982209966274,216.66806030273438,45114225.0
2016-01-21,219.47196969049102,221.24059309563393,210.66116154812102,212.27880859375,31768619.0
2016-01-22,214.4033561023053,218.05924197594297,214.4033561023053,216.581787109375,23682648.0
2016-01-25,217.84351584798412,219.7307778609592,215.68665320338263,216.5386199951172,13099564.0
2016-01-27,217.43370965199742,217.84350258712408,215.0288001747969,215.54644775390625,17251028.0
2016-01-28,215.90236515806583,220.38864960372396,215.0611823251616,219.33177185058594,23074633.0
2016-01-29,219.77394536238089,224.31415022873264,219.5690488530701,223.32199096679688,19177163.0
2016-02-01,224.30335956683638,224.7023829447483,221.19747355123394,222.22198486328125,9918809.0
2016-02-02,222.2219673630865,222.76118304286348,213.63763819130708,215.93470764160156,14771279.0
2016-02-03,213.09841551254542,214.39254174024484,210.29449694937637,211.6748809814453,15691478.0
2016-02-04,213.09842674303005,215.90235985186652,208.28862163207913,209.87391662597656,18203784.0
2016-02-05,211.17881018111677,211.80429807139885,207.36116428714163,209.41018676757812,20998404.0
2016-02-08,209.45335263794638,212.40826249551367,206.61706708027629,207.28570556640625,12078110.0
2016-02-09,205.52782981447368,208.95725090717173,204.9023419013875,206.51998901367188,19603494.0
2016-02-10,205.2690085627429,209.86313316911526,204.61115418820788,207.63076782226562,16883350.0
2016-02-11,207.67392681555566,208.3425652896688,197.46116522267553,199.4131317138672,17114833.0
2016-02-12,201.42976570946547,201.42976570946547,191.5513107535125,195.53073120117188,29319458.0
2016-02-15,198.00036707592992,205.19351419702687,198.00036707592992,204.20135498046875,19283523.0
2016-02-16,205.13959488850472,206.62783371931286,199.94155020598154,200.70724487304688,13024856.0
2016-02-17,201.68861027174333,206.50921414181406,197.65526913941457,205.463134765625,15442221.0
2016-02-18,207.69548914215466,208.93569541465416,201.8827403350539,202.76705932617188,14433087.0
2016-02-19,202.74549109405953,205.49548990804146,202.17390887983822,203.6837158203125,10235503.0
2016-02-22,203.62979690329257,208.8494242645162,203.62979690329257,207.5552978515625,12770834.0
2016-02-23,207.72783360534714,208.6121525640382,203.33861968682004,204.8268585205078,18989787.0
2016-02-24,203.80235538045957,206.7464666887068,203.17685302976128,205.4739227294922,15186204.0
2016-02-25,205.80823660796784,206.31510025269472,202.92881513753028,203.62979125976562,24826958.0
2016-02-26,205.54941206021542,206.78961834380064,203.6729337934846,204.97784423828125,8349402.0
2016-02-29,205.18274837521722,214.5219895506274,201.66705470008915,208.49354553222656,31032353.0
2016-03-01,208.0729380089282,212.46216634985845,208.06215398249125,211.65333557128906,16453192.0
2016-03-02,214.1553131506892,216.92689448064934,212.9366893023238,216.01022338867188,20105967.0
2016-03-03,217.843548882792,219.56905077845437,215.14747016819425,218.45826721191406,15880459.0
2016-03-04,218.70629286708612,218.9219877961261,216.44158969851134,217.06707763671875,8987660.0
2016-03-08,217.30432350294137,222.35139184749872,217.30432350294137,221.51022338867188,13222993.0
2016-03-09,220.0003896555222,225.15529763539516,219.69842255464332,224.6807861328125,11854901.0
2016-03-10,224.7562844657416,225.58668323226294,217.62784197764415,218.22097778320312,20706353.0
2016-03-11,218.90041930061085,222.0602254628322,217.97296422278157,218.8141326904297,15319044.0
2016-03-14,219.8062806910677,221.38079167842244,218.47981669924275,219.9464874267578,11880095.0
2016-03-15,220.86315737076126,221.69355621746982,218.94355743599894,220.10826110839844,10487788.0
2016-03-16,220.21609300017838,221.25138831358444,216.86217445678315,220.3778533935547,11064129.0
2016-03-17,224.00422052678675,226.16355676483715,220.73248527640175,221.60494995117188,16832997.0
2016-03-18,222.0957186880398,224.69128737072785,221.5395264388928,224.0478515625,14030979.0
2016-03-21,224.21144741212345,227.16691052289335,223.07725195234684,226.25082397460938,12708074.0
2016-03-22,226.18538647869343,229.5116346680823,225.89092489444909,228.55194091796875,15333442.0
2016-03-23,228.3447145124184,228.3447145124184,223.0009008909158,224.4840850830078,16806372.0
2016-03-28,224.65855499774105,225.0293546573699,221.52860517912276,222.5646514892578,18070240.0
2016-03-29,223.3062314082837,227.27592945707445,222.52102488962478,226.0217742919922,15871250.0
2016-03-30,227.42862333704463,229.40256707089824,227.42862333704463,228.37742614746094,14453294.0
2016-03-31,227.05785076261697,230.32957171861716,225.24748859949202,227.9739227294922,30833349.0
2016-04-01,226.64341638525784,228.21384410198706,223.5679936199956,225.62918090820312,12381116.0
2016-04-04,226.83973906346898,227.31959324244218,223.6334506130625,225.76007080078125,8632568.0
2016-04-05,224.9530248873549,227.36318636427038,222.95727030185063,223.99331665039062,10259495.0
2016-04-06,225.11660723489373,226.11993725293144,223.04451453155576,225.47650146484375,6990781.0
2016-04-07,225.72732822459184,228.5846420745259,222.93546160237153,226.23989868164062,8789163.0
2016-04-08,225.9454765580158,229.99151369759295,224.92035002497823,226.04364013671875,13411752.0
2016-04-11,226.18536223296698,228.03934598241958,225.31289757910628,226.90513610839844,10308361.0
2016-04-12,226.9051641837173,230.64584847798238,226.41440457519892,228.4537811279297,11164859.0
2016-04-13,229.5770787027041,233.36137010376333,229.5770787027041,232.52162170410156,16038542.0
2016-04-18,232.4670972374554,232.68522070385603,230.19870637093427,232.2380828857422,19065716.0
2016-04-20,233.2087020913287,233.2087020913287,225.92364604736298,226.25082397460938,21687934.0
2016-04-21,227.14510340065289,229.45711614086673,225.7491626639155,227.090576171875,11380697.0
2016-04-22,226.62162321898975,228.47559264289401,224.5059085418241,226.6107177734375,11705087.0
2016-04-25,227.81032904719183,227.81032904719183,220.79792423588157,221.80125427246094,61157544.0
2016-04-26,221.47409551254177,223.3280648376199,219.75097696710816,221.81216430664062,26429236.0
2016-04-27,222.01937901414357,223.7751993083306,221.60495755141432,222.34654235839844,14502641.0
2016-04-28,221.16872579985477,222.3029211830321,216.14117012941722,217.3953399658203,61949033.0
2016-04-29,216.6864493795597,217.79884839429886,213.50197223777278,214.3417205810547,23479680.0
2016-05-02,213.53469854433757,216.45744515563885,213.3165896449897,215.2687225341797,10620873.0
2016-05-03,215.4977322722295,217.01363277031473,212.17148426823326,212.83673095703125,17571826.0
2016-05-04,212.4550240290427,214.55983308493052,212.2260096915654,213.33839416503906,13546285.0
2016-05-05,213.75282803737144,214.50531832136906,211.76797875725225,212.71678161621094,21665684.0
2016-05-06,212.22602155255407,213.0548499516573,210.9173244423811,211.3426513671875,14748329.0
2016-05-09,212.66225973667574,215.06151599757658,212.18240557249408,214.42898559570312,15347096.0
2016-05-10,214.42896562717706,214.77795441226647,213.31658116471186,214.3090057373047,7248302.0
2016-05-11,211.96429048810913,213.91642355872239,211.5716798727887,212.74951171875,12339923.0
2016-05-12,212.88033149052046,216.85002945767675,212.67312806124787,216.54466247558594,12786216.0
2016-05-13,215.70495395980603,216.05394278081627,212.66226182165124,213.3493194580078,14648291.0
2016-05-16,213.09847541380296,214.29811809218634,211.81160373190966,212.8694610595703,9327335.0
2016-05-17,213.80735792640345,214.4289828748398,210.77555674209188,211.3862762451172,12157600.0
2016-05-18,210.67739962761758,212.11694748650254,210.28478904791865,211.69163513183594,8228838.0
2016-05-19,211.942478991796,211.98610077559522,206.24967604591072,207.4711151123047,9134784.0
2016-05-20,207.64560815253944,208.19089498730926,203.14152812293528,203.76315307617188,18544619.0
2016-05-23,204.45020528255208,205.1808992313783,201.89825830427725,202.84706115722656,18365734.0
2016-05-24,202.42170538769895,205.90064383273818,202.42170538769895,205.1263427734375,12283217.0
2016-05-25,207.17666807165998,207.82010394270637,205.27906223636222,207.4711151123047,9240115.0
2016-05-26,207.209380551671,207.73285650752342,205.92249427352957,206.52230834960938,14190024.0
2016-05-27,207.00216317090113,213.07667119097007,206.93673049621555,212.59681701660156,13401594.0
2016-05-30,212.967598642701,214.07998313787988,210.48108441582715,211.28811645507812,9633652.0
2016-05-31,211.35354148007175,212.22600615689524,208.62710756500576,208.9215545654297,23332727.0
2016-06-01,208.94338601127544,210.7210318731968,207.60198709069198,207.9945831298828,9042808.0
2016-06-02,208.1908954663583,208.76889863894385,206.1406134685043,208.5725860595703,10253825.0
2016-06-03,209.39051658288335,210.0230469618925,208.48533551498704,209.31417846679688,8643295.0
2016-06-06,209.60863678964728,210.04486917938752,207.76557277900412,208.25633239746094,8672842.0
2016-06-07,208.79072149998288,209.59773907476205,207.55836240551068,208.3108673095703,18954268.0
2016-06-08,208.95427694783493,208.95427694783493,207.02395498248453,208.1036376953125,12135516.0
2016-06-09,209.39053770939154,212.9785314475158,208.56169467395537,211.82252502441406,15643495.0
2016-06-10,212.44411146859454,214.71251667813507,211.2008617010621,213.03302001953125,16316760.0
2016-06-13,211.5498594850865,214.50532257329814,210.0557697727436,213.9927520751953,10214469.0
2016-06-14,213.96001639179048,214.93063007277325,211.41897502202798,212.93487548828125,10923848.0
2016-06-15,213.752819247914,215.17055619541046,212.3895949645451,214.7561492919922,11129082.0
2016-06-16,213.97094178031156,214.54894495297302,210.92823511969215,212.94580078125,9372207.0
2016-06-17,213.0984698923467,213.45836414253748,211.59347478064808,212.6404266357422,10534878.0
2016-06-20,212.04061781884715,216.50107603810687,211.13545128848992,215.97760009765625,10758608.0
2016-06-21,216.8282433428102,216.83914878770207,213.68738785391426,215.3014373779297,13933068.0
2016-06-22,214.84339661301956,215.03969462333953,213.12027806018406,213.86187744140625,12788710.0
2016-06-23,213.7419434614046,214.189066761345,211.57168683970025,213.8509979248047,9837526.0
2016-06-24,210.4592869790671,210.4592869790671,203.58866700142238,207.525634765625,24985097.0
2016-06-27,205.137274220309,209.04152546268156,205.137274220309,208.44171142578125,9163399.0
2016-06-28,208.60529209307447,209.72858196780285,208.2999250948933,208.91064453125,7604977.0
2016-06-29,209.82674508694757,211.34264561564038,209.39051272876168,210.8955078125,7523987.0
2016-06-30,212.0079011935535,213.20754386878923,210.92823297784642,211.3862762451172,12758283.0
2016-07-01,212.17149673837937,213.05485237378142,211.57166812272655,212.3241729736328,6610193.0
2016-07-04,212.7713096313358,216.71918275565162,212.7713096313358,215.2141876220703,7803505.0
2016-07-05,215.08331669607767,218.74764814708362,213.81825595228082,216.61012268066406,11359882.0
2016-07-07,216.4792516675819,218.22416650709627,215.09421650471344,215.47592163085938,12029091.0
2016-07-08,215.2796493305767,215.7158671725365,212.9567165221003,213.4038543701172,7140617.0
2016-07-11,216.152085385663,217.01364468699458,214.9524572790044,216.47926330566406,8266601.0
2016-07-12,217.07907416750916,219.2056942162327,216.1520822078074,218.85671997070312,9767494.0
2016-07-13,219.2493201224054,221.75764535938146,219.0203057694674,220.0236358642578,14915296.0
2016-07-14,219.8818612791514,221.1905438219378,217.73341577673185,219.1838836669922,10758372.0
2016-07-15,220.07815999250292,222.69553964640693,218.87853189779895,220.776123046875,13992989.0
2016-07-18,224.2223631192507,226.56710682514114,218.4968437704583,219.47836303710938,32106850.0
2016-07-19,219.42381601129358,223.1208638168102,217.08997796202542,221.99757385253906,16649300.0
2016-07-20,222.46649774844508,224.28775055542238,221.72489844500117,223.13174438476562,12265316.0
2016-07-21,223.34989212407987,223.56801559951796,219.20570625084096,219.5001678466797,6711097.0
2016-07-22,219.42381918648286,221.99757706497212,219.2275066120175,221.35414123535156,6899519.0
2016-07-25,221.1687288769845,223.29534889003133,219.71826101331484,223.07723999023438,8241568.0
2016-07-26,223.13177970977202,225.70553767153058,221.4304865160695,223.3607940673828,10516399.0
2016-07-27,223.1426999441066,223.78613583718794,220.06727672089394,220.9724578857422,11030767.0
2016-07-28,221.37595745898793,224.7676383727693,220.96153596958501,223.86245727539062,15610838.0
2016-07-29,223.3498860257773,223.54619860431228,220.73250631203862,221.36505126953125,9629597.0
2016-08-01,222.0412093617356,222.54287442689485,219.21661154877083,220.18722534179688,7978251.0
2016-08-02,219.8600458440736,222.47742543554978,219.4892461552792,220.90699768066406,7710138.0
2016-08-03,221.25597577475318,221.25597577475318,216.2611508539917,216.7955322265625,11872282.0
2016-08-04,217.89701499176815,218.11512389854363,214.49441412602044,216.58831787109375,10187608.0
2016-08-05,217.67889601132066,222.25931418807218,217.4716925456135,221.6595001220703,12109001.0
2016-08-08,222.45563375154578,225.5310568570508,222.1829830438909,224.49501037597656,13556347.0
2016-08-09,224.00423129235458,225.640091716163,222.69553421730384,224.81124877929688,13290768.0
2016-08-10,224.93123554964967,225.65100951633352,218.55136061946686,218.9112548828125,13471958.0
2016-08-11,218.54045568158332,223.09906297452372,218.02788517926714,221.1905517578125,14169454.0
2016-08-12,221.82306604022682,227.47226116073028,221.82306604022682,225.9236297607422,16365425.0
2016-08-16,226.02179716356284,227.88667193409114,221.49590645940378,223.5461883544922,13367575.0
2016-08-17,223.37170202107345,224.39684303904727,219.68555944665835,221.0160675048828,15486572.0
2016-08-18,221.60497094047827,223.2735477770104,221.60497094047827,222.05210876464844,7749690.0
2016-08-19,222.0412034489116,222.91366820682694,219.66374353559561,221.36505126953125,8177802.0
2016-08-22,220.73246913852873,222.41196569867316,219.68551742935017,220.6997528076172,6684236.0
2016-08-23,220.73250851031898,221.3868643652759,219.20570244876532,220.39443969726562,7320433.0
2016-08-24,220.66707020288533,222.90275929022746,220.51439396863023,222.58648681640625,8719596.0
2016-08-25,222.7391468592255,224.44045444299567,220.07814559846437,220.8851776123047,14960746.0
2016-08-26,222.01936864719184,224.83304607643416,221.299580203428,224.2005157470703,9639663.0
2016-08-29,224.05878009520293,231.14752384106325,223.8079402769915,230.64585876464844,16193208.0
2016-08-30,231.63826837830905,233.05600538709734,229.6752299845935,232.5979766845703,18170724.0
2016-08-31,232.27080441119784,234.25565374375375,228.366538419466,231.20204162597656,23295502.0
2016-09-01,229.6752224753265,233.98298970735368,223.7206748170751,224.4840850830078,42621045.0
2016-09-02,224.89849724507607,225.21476971578122,218.6167860918144,221.02696228027344,28124615.0
2016-09-06,222.4556121826172,223.5679966771776,221.38684946745082,222.4556121826172,11510431.0
2016-09-07,222.91366185799777,224.0151409394907,220.96152893376458,221.96485900878906,12927438.0
2016-09-08,223.1426914588461,225.95638386330634,222.5210664820493,225.40017700195312,12206479.0
2016-09-09,225.7491701308571,228.99908043356115,224.65859639921155,227.83216857910156,15269894.0
2016-09-12,224.7458365493452,230.32958503603754,224.47320040058517,228.2574920654297,33684893.0
2016-09-14,228.58463066546008,230.98388660167768,227.03601392699005,227.87574768066406,18604842.0
2016-09-15,228.3665408728151,233.42681326863752,228.3665408728151,232.29261779785156,31371009.0
2016-09-16,232.72882949801365,238.58521346795038,231.00571099363268,234.5937042236328,39324529.0
2016-09-19,233.93938329636953,237.30926792478982,233.60131448096698,236.0878143310547,16678060.0
2016-09-20,236.43678075766186,236.6003624270402,233.1759654546836,234.29925537109375,11531268.0
2016-09-21,234.25565229591953,236.63309765406137,233.16507862631195,233.8739471435547,10943394.0
2016-09-22,236.2186719437638,239.01053856878045,235.3462072534434,237.51644897460938,18761415.0
2016-09-23,237.5273633251676,241.987821385665,237.5273633251676,240.537353515625,31085948.0
2016-09-26,240.66824254681805,246.3719655830976,239.9811848818014,241.49708557128906,38213411.0
2016-09-27,243.63459422679776,245.58672718435128,241.36620335411453,242.2168426513672,19374535.0
2016-09-28,241.64973319034013,241.67154407997884,236.93844998832031,237.8872528076172,24820234.0
2016-09-29,238.8360580256888,242.27136053832746,232.81607770486463,233.9175567626953,21260295.0
2016-09-30,232.94692650602357,238.73789207221353,232.57612684475964,236.371337890625,11199883.0
2016-10-03,237.09113078958296,241.66064329710292,234.7464018681628,237.89816284179688,18125170.0
2016-10-04,238.41076491307388,241.73701344798764,238.18173597709114,239.1305389404297,13113580.0
2016-10-05,240.79910066090105,241.34438747710735,236.8294021557144,237.61460876464844,10789932.0
2016-10-06,238.18169414440447,245.65214206781874,238.18169414440447,242.2822723388672,21111045.0
2016-10-07,242.9802372809243,244.95416644191027,241.3443769039714,241.88966369628906,15280380.0
2016-10-10,242.9802780261587,244.7252077021864,238.61796839609806,239.1305389404297,11553662.0
2016-10-13,237.52735611790942,237.53826156261627,229.45709407474686,230.5803985595703,21938040.0
2016-10-14,231.8563449086803,236.00053002339743,231.5618833667377,235.05172729492188,15265659.0
2016-10-17,235.56433492299126,235.7388366109687,230.92938954621997,231.34381103515625,9826781.0
2016-10-18,232.51071391954494,236.16415450156984,231.64916919817793,235.80426025390625,11073137.0
2016-10-19,236.5349348480837,238.77062384438344,235.86968815162695,237.16746520996094,17073242.0
2016-10-20,238.6070621282644,239.49043240971238,236.44772549362142,237.2111358642578,10125508.0
2016-10-21,239.27229411104634,239.27229411104634,230.85304297465063,232.1181182861328,43608816.0
2016-10-24,233.38317198515514,234.25563668670898,231.34379557327733,231.9217987060547,10513017.0
2016-10-25,232.2926017030756,232.34712892770003,229.93695279926723,231.38742065429688,7658966.0
2016-10-26,230.34049877114433,231.08209824247504,229.47893939004229,229.90426635742188,10945927.0
2016-10-27,229.26078055801574,229.87149998028323,227.58129850677884,228.7373046875,12842476.0
2016-10-28,229.02087203518477,230.76578683590748,227.66855323662065,230.1005401611328,8127969.0
2016-11-01,229.3044005588151,230.31863596008836,228.45374681581006,229.2389678955078,10223897.0
2016-11-02,227.05784412653767,227.46136015158623,222.69553508602482,223.29534912109375,7039997.0
2016-11-03,223.31716310871863,225.6946229519764,222.6082946138057,223.33897399902344,7311872.0
2016-11-04,222.53197205271658,223.98244003939422,218.1151354171956,219.32568359375,11535892.0
2016-11-07,221.16872363406884,221.72491587537291,217.90790829936384,218.36595153808594,9506040.0
2016-11-08,219.35837891455245,219.35837891455245,217.74431483379163,218.87852478027344,13432073.0
2016-11-09,207.2093727899421,220.07816228927382,202.84706361457168,219.1184539794922,21640144.0
2016-11-10,222.17206638137736,224.42956636996118,219.64193025891092,220.38352966308594,9764091.0
2016-11-11,217.64615712724017,221.93212782976445,217.04634312337697,218.49681091308594,14775330.0
2016-11-15,217.35174592558084,218.11514172168262,213.654683173576,214.9306640625,14487470.0
2016-11-16,217.02453589999087,217.41714646624354,213.9054913792178,215.18145751953125,16550762.0
2016-11-17,215.06152725076979,217.71162345798209,212.531390950878,213.2620849609375,12628378.0
2016-11-18,214.84340031350146,216.5228825551867,214.18904448115077,215.38868713378906,18163751.0
2016-11-21,215.39957967636647,216.70826214266268,214.45077688029838,216.26113891601562,13232434.0
2016-11-22,217.61345896353697,219.8164171631175,216.65375065322283,218.431396484375,17646355.0
2016-11-23,219.20569079734793,220.4053334276661,218.0169681720391,220.07815551757812,13107911.0
2016-11-24,219.32568639249493,219.32568639249493,214.2326974852652,215.35598754882812,18913793.0
2016-11-25,215.9339949894038,217.22086676904135,214.70165044110612,216.7410125732422,10454964.0
2016-11-28,216.58831279346612,218.24598412611937,214.64708532864518,215.20327758789062,8312777.0
2016-11-29,215.71584345277975,219.0530114968794,215.5086400006326,217.6134490966797,9885281.0
2016-11-30,218.1041908804506,218.1041908804506,215.20325542703023,215.94485473632812,27596098.0
2016-12-01,218.11511871945842,221.38685416345433,217.02454509146204,217.62435913085938,12627845.0
2016-12-02,217.2208417147253,219.20569094659677,216.3265806638875,216.9700164794922,12481430.0
2016-12-05,217.02455266257851,218.049693655859,215.17056869430255,216.7737274169922,3987213.0
2016-12-06,217.24266834598842,219.54379020989808,216.93731586357902,219.24932861328125,6726369.0
2016-12-07,218.98759060370128,219.772797235121,217.319013771928,217.9297332763672,4930865.0
2016-12-08,219.21657663928744,222.87001686854634,219.0639004229023,222.48831176757812,8750556.0
2016-12-09,222.9136345401814,225.06206521406367,222.54283489006815,224.42953491210938,8239158.0
2016-12-12,222.58647826787612,227.21051793922015,222.58647826787612,224.0478515625,9023848.0
2016-12-13,224.22232391948847,227.05782676298645,224.12417492198392,226.79608154296875,10365823.0
2016-12-14,226.7960805204262,232.172624630662,226.4471063086501,231.09295654296875,24139260.0
2016-12-15,229.54436200251206,232.85970469511807,228.72642449453002,229.66432189941406,19331986.0
2016-12-16,229.45709407474686,231.6382558161464,229.45709407474686,230.5803985595703,14942206.0
2016-12-19,230.1114434438035,232.71791745589903,229.96965810657227,231.75820922851562,15009634.0
2016-12-20,230.0460402048843,231.42015549531862,229.7079568251703,230.74400329589844,11688169.0
2016-12-21,231.22383110500155,232.79425880071662,230.5913007608954,231.910888671875,20367894.0
2016-12-22,230.7657918775645,231.78002735864462,229.22808048883033,229.75155639648438,28892834.0
2016-12-23,229.45709259184733,233.15415480362375,229.45709259184733,230.6131134033203,10265033.0
2016-12-26,229.96965563584885,232.5106969542325,227.85394120457755,228.46466064453125,15321770.0
2016-12-27,228.55193593140532,232.75064877657007,228.3665288046274,232.2271728515625,17442849.0
2016-12-28,232.92512743081676,233.28502166617852,228.38833139233955,228.95542907714844,9637310.0
2016-12-29,229.0209073562705,233.12147160239007,228.9118383343991,232.39077758789062,8772325.0
2016-12-30,232.24899553933412,236.65492662529346,231.87819582694956,236.0878143310547,15711974.0
2017-01-02,236.4367776974772,237.74547471558395,233.89573633265823,236.6767120361328,7097888.0
2017-01-03,237.71277233077117,239.2722946635221,235.80426119404578,237.61460876464844,6434204.0
2017-01-04,238.3780152119784,238.39982610187582,232.13992598123727,232.7615509033203,10392483.0
2017-01-05,233.60128167339113,235.54249440793495,233.11052212769053,234.99720764160156,8734164.0
2017-01-06,234.29927842195005,236.6549274927825,234.05934405658374,234.46286010742188,7845839.0
2017-01-09,234.9099763621418,236.87301464750885,233.60129387856793,235.06265258789062,5228980.0
2017-01-10,235.5643230993557,238.7051786052128,235.5643230993557,237.7127685546875,11349916.0
2017-01-11,238.83605928418487,238.9887355139938,236.43678858715455,236.88392639160156,11475958.0
2017-01-12,237.09112085193584,237.82181475831464,235.52069315345796,236.2841033935547,4371992.0
2017-01-13,236.55673721287027,239.3813346898162,236.55673721287027,237.8327178955078,7234429.0
2017-01-16,237.73456273349038,238.60701282823018,234.24471867451444,234.7463836669922,12013154.0
2017-01-17,232.2926131766993,232.9469544645189,226.51256692094339,227.1123809814453,39234251.0
2017-01-18,227.40680475127732,228.58463642090047,224.38590930679072,225.21475219726562,15867619.0
2017-01-19,225.78186459618755,227.9957427433623,224.87668353620998,225.46560668945312,15284274.0
2017-01-20,225.52012311665266,226.2835187942939,223.3280559645556,223.7424774169922,8784907.0
2017-01-23,222.87004664760184,224.87669229680026,220.90700822033472,221.58316040039062,13708502.0
2017-01-24,221.8230619866677,224.39681970974584,221.8230619866677,224.0696563720703,9419288.0
2017-01-25,225.0948075019197,225.2474837330992,221.63767949016483,221.88851928710938,23856654.0
2017-01-27,222.53194074870288,224.41864086657014,222.259290079182,223.5897979736328,21861796.0
2017-01-30,223.55710978814759,228.24658250230115,223.52439345088652,227.88668823242188,15678126.0
2017-01-31,228.33381698505463,229.84971756453626,226.90515996813184,227.9739227294922,15125194.0
2017-02-01,228.17023313141775,229.21718499216377,225.79277327430373,228.9445343017578,11312284.0
2017-02-02,229.0208857054899,229.19537282797552,226.45803329394766,227.60313415527344,9099129.0
2017-02-03,228.14841433024927,229.11902804082888,224.68038095177474,225.45469665527344,13219481.0
2017-02-06,226.18537997086602,227.9084839653648,225.10571179304637,227.19961547851562,9991907.0
2017-02-07,227.27593984833976,227.35227795892135,224.04784095514063,224.8548583984375,9905562.0
2017-02-08,224.85489394608533,226.45805276176773,222.91368086153255,223.60073852539062,16230826.0
2017-02-09,224.22233072784405,225.531027747659,223.96060005988468,225.2583770751953,9861688.0
2017-02-10,225.74914143853235,225.86910133056486,223.6879541444938,224.6912841796875,12518554.0
2017-02-13,225.31292738477654,225.5310508570991,222.91367110928076,224.62586975097656,8565757.0
2017-02-14,225.74915002257464,229.6534158645057,224.63676549778057,228.9772491455078,18244623.0
2017-02-15,229.6534169068137,230.65674698471244,227.98482555204262,229.30442810058594,15236663.0
2017-02-16,229.57707520279018,233.26321754094187,229.57707520279018,232.837890625,19655195.0
2017-02-17,232.6198007620418,235.17174790653675,230.86396572945753,234.58282470703125,14847356.0
2017-02-20,233.50316249611626,235.31352480522636,232.61980679396802,234.56101989746094,11650581.0
2017-02-21,234.51738677981467,237.95270408663046,234.0484380558998,237.35289001464844,14186476.0
2017-02-22,238.39986726958145,264.2792206021349,238.18174377293434,263.3740539550781,127323130.0
2017-02-23,264.7044956271861,266.53666857532676,257.2340476136446,257.97564697265625,62249698.0
2017-02-27,259.6660187022134,274.12704515863584,259.6333169301458,270.2228088378906,83422197.0
2017-02-28,268.71781208116585,272.20767081469455,267.95440184320495,270.03741455078125,36111716.0
2017-03-01,270.4845308527283,271.42242812886707,268.2815729901732,269.2630920410156,24385665.0
2017-03-02,270.00468639943205,273.66903228285145,267.63816122973714,269.7538757324219,18063590.0
2017-03-03,270.8008502100597,280.8886639986305,270.8008502100597,274.5087890625,84305639.0
2017-03-06,276.78807609229557,286.1670205494475,275.9701531854544,284.716552734375,66724743.0
2017-03-07,287.6611347207693,289.4387660264565,282.70991683816817,284.62933349609375,42071555.0
2017-03-08,285.22916414384053,285.22916414384053,280.51789490959584,281.6302795410156,43336972.0
2017-03-09,281.3685350989605,283.11343552424563,279.51455109708087,280.6596374511719,31094457.0
2017-03-10,281.42300530351747,282.67717504496215,275.08675305223034,279.5472106933594,24785585.0
2017-03-14,287.63933564170037,287.6938774317287,280.3324829788653,281.25946044921875,27765035.0
2017-03-15,281.59753227141823,287.1049424373943,281.4557760391947,284.62933349609375,24107889.0
2017-03-16,285.73085803592187,285.8181016097939,282.15375502709685,283.0371398925781,15924023.0
2017-03-17,285.2945555765743,287.9010296392679,283.124328418439,283.70233154296875,22727289.0
2017-03-20,284.858305467881,284.91284724476634,278.8274351208135,279.36181640625,12869337.0
2017-03-21,279.6672205310077,280.0380056743551,274.67238094113867,275.6539001464844,22596181.0
2017-03-22,273.08014660775535,276.11194799714235,271.8914384175392,274.7596435546875,20291685.0
2017-03-23,275.5121348080621,278.6529906692999,274.3888592910316,277.72601318359375,11807911.0
2017-03-24,277.9004868996759,281.80475292527797,276.6681278603063,280.6596374511719,16282523.0
2017-03-27,277.2461140560793,278.9147199395627,272.03316575085495,272.8838195800781,32452615.0
2017-03-28,274.3888565515023,275.69753920061453,270.92080821933286,271.7169494628906,21707345.0
2017-03-29,273.0147080436769,274.82507030535544,269.01230747335387,274.0943908691406,18924345.0
2017-03-30,273.73447353291084,278.0422553459146,273.29825573311905,277.1479797363281,27862325.0
2017-03-31,276.1337182983731,291.7616716924345,276.1337182983731,288.1082458496094,45390562.0
2017-04-03,292.71049498446496,301.1079204149999,291.63081227253303,299.8319396972656,44886623.0
2017-04-05,304.31423112447476,309.28725990732505,301.0206992003987,308.6329040527344,40323877.0
2017-04-06,307.32418851912024,316.0269661161793,305.841018959726,313.7585754394531,50620850.0
2017-04-07,310.00703758207186,312.77707890149367,305.9173645940852,306.80072021484375,31875272.0
2017-04-10,307.54228397584944,310.792193627303,300.409919804937,301.2933044433594,30768410.0
2017-04-11,302.71109787639944,305.4593576209089,298.8395626369632,299.330322265625,32249647.0
2017-04-12,301.6095610427846,302.4057021648282,294.70622545034604,295.3278503417969,27448279.0
2017-04-13,295.327838935369,299.5592676835759,293.87737120466784,297.6835021972656,12713918.0
2017-04-17,297.7271426609843,304.39055863726304,297.7271426609843,303.5835266113281,11837502.0
2017-04-18,305.3502879516684,307.54232616249385,298.1633810152431,298.8613586425781,16016414.0
2017-04-19,298.5995604968103,301.5550377481096,296.10214101464715,298.5559387207031,11572557.0
2017-04-20,300.78074523688343,302.48202367357453,297.53080634420576,298.71954345703125,8393496.0
2017-04-21,301.10792229562276,309.9415946920145,300.68259538705485,305.9064636230469,30230907.0
2017-04-24,307.33515066712147,312.9952669069916,305.4048428794334,309.15643310546875,25512511.0
2017-04-25,318.4480561910905,320.1384437226784,311.0539611809138,312.51531982421875,36764315.0
2017-04-26,312.995239734481,314.0967043393965,305.928306893378,308.9491882324219,16763153.0
2017-04-27,309.06916371802555,310.6286861796481,305.8410643345287,307.43328857421875,12571594.0
2017-04-28,307.4878261720635,309.78891893202416,303.39815292831315,304.3142395019531,11848658.0
2017-05-02,305.797397579838,305.797397579838,298.0107056813703,298.93768310546875,18591411.0
2017-05-03,300.32270822674064,301.16244205882936,297.7271540548239,298.83953857421875,9500038.0
2017-05-04,299.90828105260044,300.9116110532944,295.3387688277013,296.1894226074219,14365934.0
2017-05-05,296.98554531092043,298.23971513700036,289.0025267950224,289.7113952636719,15598448.0
2017-05-08,290.0931104757881,292.16520329004334,287.55206896104283,288.2173156738281,16066733.0
2017-05-09,288.78445926744445,290.88925408540086,287.96650711412985,290.16949462890625,21106150.0
2017-05-10,291.1401147311505,297.4218269753439,290.2349480626365,296.4403076171875,22906024.0
2017-05-11,297.53083171020285,298.7631907054439,294.8153030385768,296.5384216308594,13783848.0
2017-05-12,296.6474927159638,297.5090375004031,293.1576626746752,294.5535888671875,7523427.0
2017-05-15,295.8513755846946,295.8513755846946,290.85653585687714,293.1685485839844,6738085.0
2017-05-16,293.5938701994747,300.32271935054337,292.4923765243663,295.8295593261719,12655992.0
2017-05-17,295.10971987449096,297.9343025705111,293.9646046150187,295.13153076171875,9844573.0
2017-05-18,292.32879839319924,294.4554038648374,288.8062377106258,289.5151062011719,9790379.0
2017-05-19,290.74747580449014,291.3363698606198,285.7308252818308,287.6611328125,12813204.0
2017-05-22,289.3297091687695,290.87834066492604,286.86502025349535,288.817138671875,8801430.0
2017-05-23,289.15521837815226,290.0604140203586,283.985891692832,284.76019287109375,9223001.0
2017-05-24,285.1855297491947,286.53786325702066,282.4809209735732,283.0480041503906,14326531.0
2017-05-25,283.5497249679749,286.25433413653053,282.7753945301848,284.0841064453125,25922008.0
2017-05-26,284.41118371123235,293.23393541839704,283.54963907609863,291.6853332519531,21430443.0
2017-05-29,291.61990493129684,297.82526281349783,291.31452337504686,295.96038818359375,24022633.0
2017-05-30,295.7422912572665,297.661707745534,294.1282272175831,296.4947814941406,9658309.0
2017-05-31,298.16337991135885,298.3705979337097,291.35817815007647,292.42694091796875,16423338.0
2017-06-01,290.6820235262946,292.2742475795672,288.56630900508816,289.7113952636719,9534069.0
2017-06-02,291.18365636747757,291.9906883500414,287.25758001555477,288.9479675292969,11495005.0
2017-06-05,289.2751564201241,292.49233518677266,287.00676583753545,289.9512939453125,10835031.0
2017-06-06,290.95465656746495,290.95465656746495,285.94892619036233,286.3415222167969,9591064.0
2017-06-07,285.99252017602066,292.71047759331435,285.51268063479085,292.0561218261719,11199223.0
2017-06-08,292.2742905571139,293.32124252691807,289.6678160789554,290.46392822265625,7903123.0
2017-06-09,293.3866467010995,295.09884529203276,290.3112237685909,291.33636474609375,13836547.0
2017-06-12,289.34056229052,290.0385397589946,287.257549888045,287.79193115234375,8432435.0
2017-06-13,288.0428202288354,289.43874628483593,285.94891658482817,286.6795959472656,6025338.0
2017-06-14,287.01768570940146,296.6365503289753,287.01768570940146,296.0912780761719,52939271.0
2017-06-15,296.6365443608263,304.2705887065898,296.4402463537665,301.86041259765625,28290813.0
2017-06-16,302.983737116703,304.4450959413931,298.6650350759468,302.9183044433594,32710880.0
2017-06-19,303.22361650339326,308.80734948455836,303.22361650339326,307.3786926269531,15236956.0
2017-06-20,307.3241912636536,310.1815050838986,306.9861079240045,308.05487060546875,10142474.0
2017-06-21,307.0624950569592,311.46841161134455,306.28816473021095,310.15972900390625,19992472.0
2017-06-22,311.78465791003055,315.26359672528025,311.40295278158476,312.4826354980469,22118609.0
2017-06-23,313.2133644445475,314.52204714924125,312.0355470983214,313.1806335449219,31143289.0
2017-06-27,312.34086641154175,314.7401226352008,310.8140458182937,313.4641418457031,32591540.0
2017-06-28,314.0748578010965,314.0748578010965,304.390560781689,305.03399658203125,15567803.0
2017-06-29,305.3611741463324,307.5423214382329,303.2018377449507,303.7689208984375,12898245.0
2017-06-30,303.61620509317356,303.7034486438776,299.9191577120531,300.99884033203125,7814271.0
2017-07-03,302.78739708416896,304.2051631862772,299.0358366121598,301.2278747558594,9195278.0
2017-07-04,303.1799750653596,311.2720470256342,302.9618661974296,310.14874267578125,18816782.0
2017-07-05,311.7846630042028,315.7107396809208,310.59592582019263,314.6637878417969,27209010.0
2017-07-06,315.98335202817526,316.2669227096757,313.6495286282109,314.6419677734375,13590313.0
2017-07-07,314.74009146669783,326.6818878555257,314.0857648086871,325.2423400878906,35845310.0
2017-07-10,326.1039187844239,327.3690086953103,324.79523621179834,325.6131591796875,3504540.0
2017-07-11,327.3907753445121,328.13234553411354,324.3371636743567,325.9403076171875,20995547.0
2017-07-12,327.0418189039385,332.62558173445785,326.6274119738675,329.5937805175781,17104482.0
2017-07-13,331.69719769206,335.26974492424296,331.12557722025053,334.6321716308594,23010262.0
2017-07-14,334.170509308723,337.6880812587091,333.19216507304014,337.19342041015625,20530867.0
2017-07-17,337.90791271272013,342.8765053065951,337.90791271272013,341.15069580078125,18749450.0
2017-07-18,340.06247673833155,341.16171992078336,332.1919002482174,334.1485595703125,19640167.0
2017-07-19,332.5436457900754,338.1278281118845,332.5436457900754,337.017578125,11790198.0
2017-07-20,338.51250452999676,340.7659660180265,334.9839257847286,336.1271667480469,13626050.0
2017-07-21,340.76593279704366,349.93363842356774,339.65571238056657,348.4606628417969,97142371.0
2017-07-24,351.7584101021349,357.2326408971597,348.46068106117417,355.1111145019531,43429394.0
2017-07-25,357.1886956404528,357.24367100289487,351.23078109410665,352.2311096191406,20063064.0
2017-07-26,352.681793660867,358.33189887783334,352.0002518103649,356.7599792480469,21954323.0
2017-07-27,357.91418814527617,358.683637720449,349.19717418449613,350.6152038574219,18409364.0
2017-07-28,349.83474288721385,353.0665487377584,346.92175305334956,350.53826904296875,14331863.0
2017-07-31,352.18719895679993,355.891652578929,350.8790903712883,355.1001892089844,16567422.0
2017-08-01,356.759956688582,356.759956688582,349.8896806628475,352.54986572265625,12311920.0
2017-08-02,353.9569713032082,359.60707748415325,353.53924067137194,358.1780700683594,20786240.0
2017-08-03,357.6613515005247,366.0266170180593,355.50683400404534,362.7728271484375,19707381.0
2017-08-04,365.6089079764431,365.6089079764431,355.0781468820749,356.6280822753906,18579866.0
2017-08-07,358.7056415909039,358.7056415909039,354.51753451555027,355.35296630859375,9537088.0
2017-08-08,355.7157345874601,356.3862696685581,348.8564351443782,352.3190612792969,10961296.0
2017-08-09,352.0881725974534,356.15538053490036,348.4606794743653,351.49456787109375,10436651.0
2017-08-10,350.2305007613479,353.2204503327047,346.9107870521037,348.31781005859375,10188164.0
2017-08-11,340.9748491325664,347.36144256565643,337.02853961889866,339.9415588378906,16996281.0
2017-08-14,343.1842872111325,348.3507382987404,343.1842872111325,345.8334655761719,13440617.0
2017-08-16,345.60264348755703,346.4820437840534,340.809925079827,344.3055419921875,13576650.0
2017-08-17,344.9431529401772,351.24183934212317,343.21734309809506,344.52545166015625,15828719.0
2017-08-18,343.8438621373288,346.8777801218553,341.45849493678236,346.3501281738281,7935890.0
2017-08-21,346.7018998506369,348.2738195025065,343.0194311466276,343.9317932128906,7573558.0
2017-08-22,345.60265805485136,347.33944509592527,342.09606353362403,342.9754638671875,9533641.0
2017-08-23,344.03072019418977,348.8014249254596,341.45847215325404,347.8121032714844,8320052.0
2017-08-24,349.55993193066377,350.24144441651515,343.95376601869066,344.7342224121094,12654347.0
2017-08-28,347.1526024250601,347.7901464035598,343.22827723425917,344.40447998046875,12316426.0
2017-08-29,343.371149339506,344.6133047650785,336.36896775182066,336.8416442871094,15164812.0
2017-08-30,340.22734452560223,344.8991349911947,338.84230586501064,343.8658447265625,10334911.0
2017-08-31,346.2622053575539,351.1978366994043,346.04236259993326,350.5492858886719,25104625.0
2017-09-01,351.72548108724953,355.40795023557746,351.5386294074586,353.97894287109375,15431918.0
2017-09-04,355.16609700920856,359.70598198220995,350.8460547912308,354.69342041015625,21560532.0
2017-09-05,358.35388610738715,359.42016744025676,356.3862495264694,358.9255065917969,25216776.0
2017-09-06,357.56243333503215,363.30050521525425,356.77099943555487,361.73956298828125,48745984.0
2017-09-07,361.8715271572122,366.0486571471458,358.3539254700023,359.71697998046875,16205339.0
2017-09-08,360.5524160987992,361.98145280788725,357.07881227566315,359.1893615722656,13248413.0
2017-09-11,361.1239871378895,363.5643002551419,359.0354224046733,359.6289978027344,12690592.0
2017-09-12,361.7615485749285,362.7508703043641,359.23329823942754,362.2012634277344,6500191.0
2017-09-13,362.3111597458785,378.09630842352635,361.4317594525875,373.3036193847656,29377106.0
2017-09-14,376.2935715799691,378.7998374866457,370.2257359252255,371.0391540527344,11867640.0
2017-09-15,370.22572395725757,374.9964286055112,367.0379163169201,370.1377868652344,28595395.0
2017-09-18,373.74331069035946,374.20500979350754,370.7093928393166,371.7866516113281,5061995.0
2017-09-19,373.1717134178724,373.193697691398,368.02724665538426,368.7307434082031,7718697.0
2017-09-20,376.42550656543386,383.63655436704994,371.588819213282,372.4902038574219,24942703.0
2017-09-21,372.4242525947984,374.490833196917,367.6974865999516,369.93994140625,12950541.0
2017-09-22,369.3023971813547,369.3023971813547,357.56244184178007,359.4091796875,12294087.0
2017-09-25,358.3539194922093,364.048023186431,354.04488391361116,361.23394775390625,14229631.0
2017-09-26,361.2999312850872,363.6523077617996,357.1228010098755,360.5964050292969,10564143.0
2017-09-27,363.0146761676502,363.0586447135669,349.7797622772281,351.3846435546875,18448855.0
2017-09-28,351.6045620454738,353.03356932788677,343.05241457234666,345.800537109375,29547622.0
2017-09-29,348.13090389754257,348.85641430000516,342.56873574933206,343.3601989746094,16666208.0
2017-10-03,349.5599526874431,353.4512574244829,345.31684084671826,351.0329284667969,18345748.0
2017-10-04,351.4066684936975,362.72889324399273,349.8237713060179,360.0467529296875,18907611.0
2017-10-05,362.7508994541874,364.26787325859016,359.9588375935405,362.3771667480469,10631751.0
2017-10-06,362.31121353264257,369.0605919733645,361.6956244305018,368.0492858886719,12997688.0
2017-10-09,368.90663031690275,369.2584080569421,364.0699725684971,365.23516845703125,8850408.0
2017-10-10,365.3890774878893,372.5561567397226,365.3890774878893,370.7533874511719,14732024.0
2017-10-11,371.6767621056397,377.4368184671019,367.5875694059078,369.4123229980469,15420644.0
2017-10-12,370.2696886611606,385.5272142413487,370.2696886611606,383.7464294433594,18642942.0
2017-10-13,386.62648387087313,391.6390158155488,384.0102671755721,385.3733215332031,21509701.0
2017-10-16,386.4945896462184,392.2106478886648,378.71192150471217,385.5272521972656,32009221.0
2017-10-17,386.0548937079238,388.6930948847174,381.30614333029655,384.45001220703125,13898844.0
2017-10-18,385.79105024753915,403.59881131458104,384.7357757350589,402.1038513183594,36671941.0
2017-10-19,402.67544083968835,405.357610334306,397.0473199127622,400.08123779296875,8014767.0
2017-10-23,401.4003587024283,415.38276917369177,399.72949502172276,413.20623779296875,27455320.0
2017-10-24,416.7018800631169,416.7018800631169,408.1277770884516,410.7879333496094,13857773.0
2017-10-25,413.36015390028865,415.9103886022918,408.69934066184766,413.272216796875,10011782.0
2017-10-26,413.3162156869909,421.1428239258228,409.3589283368881,416.5699768066406,16840049.0
2017-10-27,417.7131061662602,420.6590868200903,407.0284265589064,408.8531799316406,11498547.0
2017-10-30,410.6779611817489,415.7564753768604,409.1830011559744,414.4154052734375,7823263.0
2017-10-31,415.4926801805031,415.8444285880789,409.886513825748,413.6899108886719,9504986.0
2017-11-01,416.7238015761588,421.14275806197656,415.84440126350086,418.8343505859375,17571371.0
2017-11-02,418.94433915495716,420.5712343970542,415.18491028699304,416.21820068359375,10277678.0
2017-11-03,420.32931321375895,420.32931321375895,413.3821064679399,415.64654541015625,4798537.0
2017-11-06,414.41540376544935,414.41540376544935,408.4794735301914,410.0184020996094,9757496.0
2017-11-07,410.3921649071863,411.11764596845586,397.0693129398096,398.6741943359375,20447574.0
2017-11-08,396.82747358890566,398.3664021134632,388.7370259814017,390.3638916015625,17752793.0
2017-11-09,393.4198402650277,400.08128150544513,392.23265998245427,395.9481201171875,15007224.0
2017-11-10,396.1459639767803,396.1459639767803,386.5825398883443,388.62713623046875,13923102.0
2017-11-13,389.1327849220655,392.16670310241875,384.0762546214768,384.8457336425781,9088619.0
2017-11-14,384.73578202209205,393.52972665263053,383.8563816887379,389.8802490234375,12481463.0
2017-11-15,388.91290561389684,391.59504577032317,386.032877638094,388.5611572265625,15272059.0
2017-11-16,389.3525876503477,398.36640415948153,389.3525876503477,397.4210510253906,15160866.0
2017-11-17,404.0605337355176,406.67672121771665,399.4656734078237,400.9606628417969,12219276.0
2017-11-20,398.45436625934656,406.4348930391286,397.92674364990773,404.89593505859375,9231195.0
2017-11-21,407.51215488161296,413.1622604567484,406.9405343656815,410.0404052734375,13082246.0
2017-11-22,412.1949139652783,412.722565918559,406.03914083551564,409.24896240234375,11058315.0
2017-11-23,409.3588697260112,417.6691602307805,407.44617915721494,416.39404296875,16031638.0
2017-11-24,417.7131842796163,421.89031436132217,416.56997251160783,418.19683837890625,13987125.0
2017-11-27,416.5039922114032,421.0108861544857,415.07495558200895,418.3067321777344,10237135.0
2017-11-28,417.64716719120855,418.30669540695106,412.4807160770565,414.78912353515625,10153618.0
2017-11-29,414.1295921545187,417.7131464259867,413.7558594752991,415.954345703125,8038351.0
2017-11-30,413.9537427541948,413.9537427541948,404.30238117845596,405.2037658691406,20637767.0
2017-12-01,406.4788524582643,409.4688018990885,399.1139149064519,400.169189453125,11114967.0
2017-12-04,401.66416710828804,401.7960727634677,394.56304054392774,396.4317626953125,10103208.0
2017-12-05,396.18990704611383,404.8519459226566,393.7276096242593,401.7520751953125,18306627.0
2017-12-06,400.1252583403562,409.05110959665984,399.59760634189985,407.44622802734375,24078081.0
2017-12-07,408.94118087702634,411.5573978424175,405.841309827271,409.6007385253906,12095301.0
2017-12-08,410.61201836946015,411.9750727807388,404.1044968137722,404.9618835449219,12224184.0
2017-12-11,405.59948312434534,407.1604254645617,401.6861644870184,402.8293762207031,10792248.0
2017-12-12,402.74141434065905,408.47948628420266,399.2458265248869,402.5875244140625,15782031.0
2017-12-13,403.15915207658975,406.6987085056366,400.4330138454182,402.1698303222656,9147866.0
2017-12-14,404.08255000159204,406.67675341371495,399.5756264189133,405.1817932128906,10983157.0
2017-12-15,409.3589322327523,410.2163484136353,403.5109382618112,404.4123229980469,24408414.0
2017-12-18,400.98264168687433,410.0843664141735,379.3055299998507,404.9618835449219,18581421.0
2017-12-19,406.10507653748357,407.6000364229414,404.52215021029406,407.13836669921875,8891691.0
2017-12-20,407.1163894279188,407.7759176160075,403.2030714392622,403.7087097167969,10443493.0
2017-12-21,403.84066176759944,406.2590201230297,400.12523115985636,401.4223327636719,9071450.0
2017-12-22,402.16983914504027,405.57748999513444,399.81743354777205,404.6980895996094,10658428.0
2017-12-26,406.654705470742,412.8324625046236,403.7087247332023,408.8312072753906,11596338.0
2017-12-27,410.23828989481933,412.21690403078475,404.0825166785862,406.17108154296875,9520350.0
2017-12-28,406.8305967702033,410.8538364423893,404.12647228173506,406.3689270019531,15511891.0
2017-12-29,407.3802301791146,409.9304647272447,403.8626288487955,404.9838562011719,11089700.0
2018-01-01,405.70936311758567,405.70936311758567,399.0259676099473,400.0152893066406,9453202.0
2018-01-02,401.44430689808223,404.3243349654804,398.5422945557765,400.630859375,9499419.0
2018-01-03,406.7206883923315,407.1604032514544,401.4662998187556,402.23577880859375,13507800.0
2018-01-04,403.7087301164242,405.31364082486886,402.6314713366122,404.6540832519531,9008932.0
2018-01-05,405.3136888871881,407.55614380891217,404.6321469594076,405.95123291015625,7441284.0
2018-01-08,407.20438784091283,409.35890561611836,406.06117612456933,408.2816467285156,8827020.0
2018-01-09,408.1057058870631,415.03095773275516,406.2809817737514,413.7338562011719,14294571.0
2018-01-10,414.63528289881026,416.5699579312646,411.33755337365113,414.3494873046875,11727682.0
2018-01-11,414.1075682202053,414.48133021513206,411.1176190182887,412.3268127441406,7849171.0
2018-01-12,414.6352354050813,418.944270505838,412.5466706765614,417.2734069824219,15071161.0
2018-01-15,417.71317856338413,421.450593697631,415.6026292741727,417.33941650390625,11120925.0
2018-01-16,416.7018133088848,416.7018133088848,404.52217339556626,405.81927490234375,10825151.0
2018-01-17,407.1603815523922,408.47946735645695,398.8060931893132,406.5008239746094,13204016.0
2018-01-18,408.4794818607916,408.7432931606718,402.3676773045552,404.3902893066406,9381821.0
2018-01-19,405.8413069198199,410.85386869756803,405.44558994453865,409.4908142089844,9973533.0
2018-01-22,416.83372365050184,428.39777467576323,413.31615174542833,427.1666259765625,45700733.0
2018-01-23,428.7056059033461,435.7187657999639,428.7056059033461,432.3330993652344,22526810.0
2018-01-24,431.67349274516585,431.67349274516585,423.2752657617235,424.90216064453125,14289485.0
2018-01-25,425.5836861204596,427.38645524003044,420.41723512034804,424.7043151855469,13669901.0
2018-01-29,424.83627036811043,429.7168970320304,421.80235223436125,424.0887756347656,9897064.0
2018-01-30,424.6603695937107,424.6603695937107,417.2734185291451,417.8890075683594,9182956.0
2018-01-31,417.71316945774777,424.0887857402805,413.9977093299284,422.6817626953125,12551686.0
2018-02-01,423.53919699924336,427.65034492821997,411.82122492509683,415.009033203125,16524809.0
2018-02-02,411.1176413978391,415.0529439106164,396.16792392595465,397.6408996582031,28965593.0
2018-02-05,393.0900590160554,401.2244757796737,387.72574902559705,396.673583984375,19191099.0
2018-02-06,385.61521115403156,394.8488713165877,382.97700995694254,392.254638671875,24062503.0
2018-02-07,396.84948446786,398.10261751571784,391.33125523980664,393.26593017578125,15532284.0
2018-02-08,394.80491431436445,400.41105166387064,392.36457153157573,397.7288818359375,13825894.0
2018-02-09,390.89159407711986,396.6076527880399,389.5724787694808,394.7829284667969,11580639.0
2018-02-12,397.04730301794615,403.73069816875363,396.62957247633346,402.54351806640625,11877059.0
2018-02-14,405.8412810361191,414.4154124505737,404.961880684521,410.5240783691406,22247829.0
2018-02-15,412.2828732395473,415.84441379405536,408.1057142906776,411.4034729003906,13363743.0
2018-02-16,413.1402610541679,414.45937624217123,403.6867587481529,405.09381103515625,9628162.0
2018-02-19,404.96189649843313,409.79858394534585,401.6861513406502,407.60009765625,8941900.0
2018-02-20,408.4794923183597,408.72131934944093,403.9945826995693,405.005859375,8458450.0
2018-02-21,408.919157384304,410.0184004584889,405.4675382405737,408.63336181640625,11917390.0
2018-02-22,405.4016156779068,409.3589027809596,404.52221528261697,406.4349060058594,11196908.0
2018-02-23,406.89659885439784,412.4368128531243,405.7314028038694,410.7879333496094,10610664.0
2018-02-26,412.8764735271878,415.4707061515473,411.82119892693214,412.74456787109375,8435611.0
2018-02-27,412.8764835521179,420.2634059332672,412.5906879569748,417.9330139160156,14021366.0
2018-02-28,415.9323628729262,420.8350030278222,414.7231983785712,419.7137756347656,56650480.0
2018-03-01,417.6032178100225,422.06614301404807,415.93235421712035,417.0096130371094,8956590.0
2018-03-05,414.6352728052159,417.7791123185467,405.2257385411593,406.3249816894531,12325694.0
2018-03-06,408.47948917870684,411.6453128884909,397.9707120301943,400.49896240234375,16019726.0
2018-03-07,399.7954152379052,399.7954152379052,390.47381880127335,391.2213134765625,15853546.0
2018-03-08,394.69495055104676,402.1038864106876,392.7822891783494,400.7627868652344,13283967.0
2018-03-09,402.27974450961244,404.2364037076672,400.58689661426115,401.48828125,10638527.0
2018-03-12,404.5221780436031,410.28223395917274,403.44491926263026,409.0510559082031,8315150.0
2018-03-13,409.7545892549272,411.5573584635263,405.11578993817983,409.73260498046875,11148731.0
2018-03-14,408.3915739785139,409.82058130660283,404.1704754724315,408.5014953613281,14724464.0
2018-03-15,406.72068120112385,408.67734037844394,400.12522259441727,400.9166564941406,12711836.0
2018-03-16,399.68551751496886,399.99332672388886,389.5944708832624,395.750244140625,30814962.0
2018-03-19,396.1679322023547,398.76213533161535,392.21064533256566,393.7496032714844,12630833.0
2018-03-20,392.7822746237687,397.48702694206247,390.0341521578806,391.2433166503906,15192983.0
2018-03-21,393.4637886978802,396.76151805895245,392.78227616119017,394.36517333984375,14715126.0
2018-03-22,393.9694722069794,400.9826617944784,393.85955082567887,399.3117980957031,22129723.0
2018-03-23,391.59509109185586,395.72825252739256,390.935562789273,393.0461120605469,23469999.0
2018-03-26,393.0681048815811,397.6189676743443,392.43053149038747,396.2119445800781,13227705.0
2018-03-27,398.89407945730454,400.4549923552289,394.409140538242,395.6402893066406,15179544.0
2018-03-28,393.8815161732977,393.90350044850135,386.93427974844013,388.1214599609375,19160609.0
2018-04-02,392.6502801704,396.1458968184242,389.79226611228324,392.6282958984375,12494499.0
2018-04-03,391.7709356595587,396.4756875821662,389.24265615921826,395.53033447265625,13922126.0
2018-04-04,397.7947834006433,400.9166383628737,392.232615321624,393.4857482910156,14214534.0
2018-04-05,397.97074672539765,400.1252646038529,397.26722050027786,399.33380126953125,8527915.0
2018-04-06,399.2458250284288,403.8626402150307,397.9267391681857,400.5649108886719,9664888.0
2018-04-09,401.2464528798263,404.08251242890424,401.2464528798263,402.7633972167969,7813897.0
2018-04-10,403.8187036497765,406.23706216185764,401.9500107628789,403.2251281738281,8455132.0
2018-04-11,405.31366696722233,410.12834070009694,402.7853872342242,409.2929382324219,13140816.0
2018-04-12,408.8531724524126,411.84312159780563,406.3688909312436,408.3475341796875,10822592.0
2018-04-13,410.10636238142484,414.0636494286388,408.34759096716544,412.8105163574219,12616816.0
2018-04-16,410.8758313045042,413.3161739112137,408.2596438473364,412.01904296875,8934275.0
2018-04-17,413.3161827012067,416.482006458331,411.5573819411922,415.18487548828125,9599816.0
2018-04-18,415.62457549700974,416.92167706918997,411.1396366544429,412.436767578125,7360987.0
2018-04-19,412.92043179788385,415.5146643576494,411.11766250647923,414.3274841308594,9802587.0
2018-04-20,412.436727922355,414.12954628045236,405.0498067967051,407.9957580566406,7326696.0
2018-04-23,408.9191719638684,415.228835066044,408.2596437067435,411.557373046875,7674482.0
2018-04-24,411.4694140760855,429.0133637586765,411.11763633948044,426.529052734375,19921115.0
2018-04-25,428.11202852361174,431.69555366447736,423.67108724370956,426.72698974609375,14079382.0
2018-04-26,427.82620678159736,434.4216654685655,423.09944084321853,428.8594970703125,34096999.0
2018-04-27,435.21306255332246,444.53465800962823,433.32235646546127,438.07110595703125,25518647.0
2018-04-30,431.78344910065806,436.444232379967,422.11007547124456,423.56109619140625,19406069.0
2018-05-02,425.1879796219088,430.5522892138652,424.33056358785217,427.69427490234375,13381914.0
2018-05-03,429.9807391073415,429.9807391073415,421.78036934405463,422.81365966796875,8634812.0
2018-05-04,423.36324011139175,424.17668762438456,417.7131347727149,419.449951171875,8302649.0
2018-05-07,421.60451233335067,427.9361601911576,420.5052691365719,426.94683837890625,7683268.0
2018-05-08,429.8048400138968,431.78348344312815,424.3965323198635,425.2319641113281,10792648.0
2018-05-09,424.70434319711154,432.7947617924149,423.0994324320435,429.45306396484375,9831044.0
2018-05-10,430.90406019428417,432.92667206546025,428.37578067956395,431.4096984863281,8781584.0
2018-05-11,431.45374220453675,435.87269936743377,429.914813435214,434.9713439941406,8774740.0
2018-05-14,436.15849689669636,436.15849689669636,429.4530872516334,433.80609130859375,5642499.0
2018-05-15,432.2451213935584,439.6979954408977,429.43104638001597,430.4423522949219,10501479.0
2018-05-16,428.26588784406755,428.26588784406755,418.7904011418488,420.4172668457031,18840763.0
2018-05-17,421.824321739678,422.11011731684533,413.97570069314287,415.6685485839844,10353948.0
2018-05-18,415.7784506940116,419.2520540639039,409.79855201674053,410.61199951171875,11440117.0
2018-05-21,409.24894505794754,411.425446901046,405.4455482253105,409.51275634765625,14491208.0
2018-05-22,410.30421795593594,410.67795061488795,406.7206638788049,407.4901428222656,11310073.0
2018-05-23,407.16035304643475,407.16035304643475,399.75141834457224,401.114501953125,9991028.0
2018-05-24,401.8839707336553,404.9618571093157,400.1911523055173,402.6974182128906,11632489.0
2018-05-25,402.76335248402575,406.01711289960855,402.08184003001446,404.8739013671875,17782410.0
2018-05-28,406.6767331516649,407.6001020993911,403.686783547481,404.6980895996094,11369679.0
2018-05-29,405.1817554488862,408.0397699209851,402.05990032352247,403.4009704589844,17878384.0
2018-05-30,402.2577356822106,405.92919747524854,398.6302130854391,402.8073425292969,13105124.0
2018-05-31,404.9618949270522,405.53351544872055,402.12586464899505,405.1158142089844,37080158.0
2018-06-01,404.52218210911155,411.44743397153724,403.84064025456456,409.1610107421875,19174278.0
2018-06-04,410.41416578861435,415.0749495950042,409.16103273512294,413.6899108886719,12250151.0
2018-06-05,414.54733712934325,419.9116472336744,413.75587384142466,416.67987060546875,17436812.0
2018-06-06,416.3940360312845,420.35129339736164,414.4813454943552,419.6477966308594,9164022.0
2018-06-07,419.86764578856315,429.14527370213693,419.6697873199599,427.1006774902344,14999572.0
2018-06-08,424.9022287263294,433.7841111323126,422.37394890621266,432.8168029785156,14289325.0
2018-06-11,434.0259033824368,439.6760082942126,430.4863180276499,432.0692443847656,15018718.0
2018-06-12,432.3990638208888,439.698048842878,431.0360093705574,438.4449157714844,16285583.0
2018-06-13,439.69808952109577,442.2923223585391,435.08127377257733,440.7973327636719,12962502.0
2018-06-14,438.57681989400896,444.88648313201196,434.15786307013644,443.19366455078125,11997529.0
2018-06-15,442.33629334150237,450.0309960817598,439.36832776480844,445.9418029785156,24705890.0
2018-06-18,443.5673742339309,448.6898569663923,442.77591099788714,446.53533935546875,12363932.0
2018-06-19,445.8098342514566,446.2055805499414,436.905938780823,437.96124267578125,13881382.0
2018-06-20,437.9392496522937,449.76714228658346,437.433611307361,448.1622314453125,15735681.0
2018-06-21,450.00895474351086,455.52718391629855,449.06360156036607,453.74639892578125,22988909.0
2018-06-22,452.18548141030624,452.53725918351375,443.4135203320392,445.1943054199219,35370008.0
2018-06-25,444.71062662098865,446.9530815357164,440.70937087641374,441.65472412109375,11369371.0
2018-06-26,442.3361962694999,442.3361962694999,428.8154867327251,430.4423522949219,17649122.0
2018-06-27,433.1205900420165,436.1747889046505,426.1269134300521,427.521240234375,19595831.0
2018-06-28,425.81700625874214,428.6941547812621,416.21178657815125,418.2700500488281,18770484.0
2018-06-29,420.10701554318325,431.79266069227293,420.0627530788779,430.4425964355469,17425606.0
2018-07-02,430.398406382326,430.398406382326,423.6039396821016,425.1974182128906,14570004.0
2018-07-03,427.1449697541093,433.0984487061848,425.0867059935559,429.93359375,11084063.0
2018-07-04,430.1549200801727,439.09620441578414,429.8008203413119,438.25518798828125,10938521.0
2018-07-05,441.30939123835054,446.35546030550455,424.3121308417971,426.9236755371094,40946479.0
2018-07-06,427.03433061032035,435.1124673438082,426.9236744411174,432.7001037597656,20039239.0
2018-07-09,436.9272728855685,442.63727876250505,435.33376500734437,441.3536376953125,11309207.0
2018-07-10,443.8545299681209,455.252440135157,442.63728258968735,454.0130615234375,22846197.0
2018-07-11,453.7031872971072,460.741125742649,450.5383325519175,459.81158447265625,18953870.0
2018-07-12,462.2682305141414,486.4583471820609,461.4936078305945,479.08843994140625,52736376.0
2018-07-13,478.26960747836455,490.88476515910867,478.04826559542386,486.8125,39301408.0
2018-07-16,486.81250988481946,490.840512658671,474.9719451369637,476.36627197265625,14427529.0
2018-07-17,477.29580809640555,485.10834043675396,473.44485523669994,483.5148620605469,14150770.0
2018-07-18,486.1927763505536,488.937137840134,476.85313025017547,483.6033630371094,10241565.0
2018-07-19,483.93532808698376,493.54054891068466,480.8589981297776,489.04779052734375,11885426.0
2018-07-20,492.83234784966385,503.94252199284,492.1683813298789,499.58258056640625,17538801.0
2018-07-23,500.09158814981566,500.09158814981566,492.6995789634249,495.88653564453125,12779803.0
2018-07-24,496.6390752711268,498.74157205480844,490.1765480908057,491.7479248046875,9775749.0
2018-07-25,491.32738797163836,497.0816859521699,488.7601057972345,493.6069641113281,13014255.0
2018-07-26,491.3716382253252,496.41773661036893,490.3535719647022,491.6150817871094,14053674.0
2018-07-27,495.53242608654807,503.45564380885503,492.2790462225454,500.1137390136719,14610585.0
2018-07-30,500.18003452442167,512.2640405447445,499.29478533410054,509.6524963378906,30344461.0
2018-07-31,509.4754973915056,526.9153809461602,507.77136298220756,524.9677734375,30350826.0
2018-08-01,526.915416799906,532.4484024548143,524.702234357026,527.778564453125,21227054.0
2018-08-02,527.4023594922769,527.4023594922769,516.0929742378468,517.1552734375,13668930.0
2018-08-03,520.0988883654771,523.8613167444269,517.6864949546758,520.9620361328125,14536058.0
2018-08-06,520.8512529511331,529.3941449850735,520.2537392278248,527.8892211914062,8785462.0
2018-08-07,528.9072836683633,531.7844621932755,520.9840657513095,524.1710815429688,8879612.0
2018-08-08,524.5251502333981,541.1240470186613,524.5251502333981,538.9993896484375,17307566.0
2018-08-09,540.6815157501778,545.1964060546684,536.4764627476042,539.1101684570312,14976885.0
2018-08-10,536.0337695932534,537.8043273307189,532.1828168559637,533.0238037109375,7833494.0
2018-08-13,530.080278607436,531.1426369232181,523.507154442885,525.7203369140625,10211072.0
2018-08-14,526.7384464777906,538.77819387868,524.2154263852506,535.8568115234375,11592139.0
2018-08-16,532.6033178447335,538.2469297718325,529.1728291288373,531.518798828125,13086024.0
2018-08-17,535.1485162859524,537.9814325957946,531.186936523282,532.82470703125,8379864.0
2018-08-20,534.6615128942748,547.4537186923733,534.5508271940995,546.6127319335938,16639535.0
2018-08-21,547.6530465225219,553.9605963018237,543.1159955616758,552.0572509765625,15923396.0
2018-08-23,551.658858450267,563.9199166673336,548.162064380408,561.9059448242188,17429373.0
2018-08-24,560.046756129171,566.5535149851032,557.7450491315532,565.4690551757812,14550512.0
2018-08-27,566.3100803565542,573.5914622985424,566.0224038969507,571.666015625,12188510.0
2018-08-28,573.6578998679208,585.6091196578678,573.2152752302367,583.8385620117188,19018790.0
2018-08-29,582.6434454777053,588.2649559431339,571.0906463804185,572.8611450195312,24230135.0
2018-08-30,572.5955483345114,574.1669544597751,562.3485219230006,564.1190795898438,21545859.0
2018-08-31,562.1493197768216,562.1493197768216,547.3652428141869,549.6005859375,33479841.0
2018-09-03,551.0834966452451,556.7935328284533,542.69549225871,544.0676879882812,26686176.0
2018-09-04,546.723432492321,555.4212731824157,544.0012612256086,549.7333984375,19333815.0
2018-09-05,549.9767648351094,554.4695525826468,534.9271136986284,543.1159057617188,22584608.0
2018-09-06,544.5101868864455,560.2459352866191,542.3855296226509,558.3425903320312,24487897.0
2018-09-07,559.8918588420294,567.1732409512334,555.2884444285472,565.9559936523438,23389269.0
2018-09-10,564.3625784170837,565.2478869312699,553.340927676357,555.8861083984375,15440786.0
2018-09-11,557.2803741025751,561.4411643250952,546.3250881432887,547.8521728515625,23787332.0
2018-09-12,554.0933018992939,557.1475301010046,543.9348004989483,554.4031982421875,17642490.0
2018-09-14,557.4574108229871,564.628107824439,552.2564231675549,554.69091796875,17233514.0
2018-09-17,553.6286379041651,553.6286379041651,540.7257440969619,542.6290893554688,14773803.0
2018-09-18,542.6732347669981,548.6045816076422,537.5165105128813,538.755859375,16660044.0
2018-09-19,541.7880203228374,541.7880203228374,531.607416524799,535.923095703125,24642640.0
2018-09-21,539.5747645519103,547.7192937598945,523.8611772245165,538.9108276367188,41713856.0
2018-09-24,537.5608874708122,548.8260108024501,533.1566240877464,545.351318359375,22098277.0
2018-09-25,546.8782701247219,551.0833218282063,528.951442764676,544.7093505859375,21250513.0
2018-09-26,548.4275959714746,555.0449821591765,543.1823461846037,553.916259765625,13992341.0
2018-09-27,555.5098534087277,559.0509693100778,547.7636845353077,554.95654296875,23642923.0
2018-09-28,557.6786993825865,562.9018475967209,552.1014514445271,556.8155517578125,24220992.0
2018-10-01,556.7048838080634,556.7048838080634,532.9352324594645,545.1962890625,16039441.0
2018-10-03,544.2225144827592,548.6931413528295,531.1868352532949,533.422119140625,16135428.0
2018-10-04,526.5170287523828,526.9153909353719,489.55680694650005,496.7496643066406,50774608.0
2018-10-05,486.6797218717258,493.67336908457037,459.52390003318254,464.2601318359375,47998260.0
2018-10-08,464.7691837675426,494.4258648450093,453.9466852504677,491.06182861328125,53983473.0
2018-10-09,496.48411948822644,497.2144797488349,478.57944909427255,482.4967956542969,24042005.0
2018-10-10,484.2009259167395,493.91683291284284,479.9516108884304,487.83056640625,20784941.0
2018-10-11,470.9661217456406,493.4299456169422,461.67073718064023,481.5008850097656,28926389.0
2018-10-12,489.092086637831,499.73750566790204,487.74205181625126,498.6530456542969,19814528.0
2018-10-15,500.13584893837236,507.66070459433746,494.9348909550084,504.495849609375,19406012.0
2018-10-16,507.262341021569,516.7347451698961,504.60647485877587,515.1412963867188,16358598.0
2018-10-17,521.8693957514935,522.0242848435612,504.60650117471573,509.60833740234375,27967162.0
2018-10-19,486.9010283540417,491.7700475018947,473.73256019501423,487.4764404296875,55606079.0
2018-10-22,491.32736792200456,493.45202534091646,468.0225300115831,470.3684997558594,28798142.0
2018-10-23,465.9864007172986,471.2759130683031,461.95839817722594,466.84954833984375,23128845.0
2018-10-24,475.7907713133117,476.25555671678256,456.5360682871857,462.8879089355469,29869514.0
2018-10-25,458.572214052885,460.63047771253343,449.896505229115,456.2704772949219,30833933.0
2018-10-26,457.20001437553316,467.8675930652,452.3752876806667,462.51165771484375,20085933.0
2018-10-29,462.99864081915166,484.1788235216352,462.99864081915166,481.5008850097656,16781215.0
2018-10-30,480.4828032954299,480.4828032954299,465.6986956749193,467.8676452636719,19263668.0
2018-10-31,468.75290522555224,471.78497301426796,463.4412611735673,469.74884033203125,35999348.0
2018-11-01,472.6923389405378,472.6923389405378,464.76915084726494,467.5356140136719,20552752.0
2018-11-02,472.2940088927251,478.4909317196763,470.58984477361537,475.79083251953125,36739798.0
2018-11-05,475.1490197847463,483.66978116030407,471.4087230901009,482.6074523925781,16585905.0
2018-11-06,484.24519386814285,492.2126744103127,483.18286509903413,488.7158508300781,18886485.0
2018-11-07,493.54058276769933,493.54058276769933,489.8667092816277,491.6372375488281,2808599.0
2018-11-09,489.6675433841292,493.0094484640914,480.2615027153108,484.00177001953125,23712291.0
2018-11-12,485.8829720740352,486.3698592250039,475.6359151924671,478.04827880859375,12690610.0
2018-11-13,475.39246962124497,488.2289399381306,473.64404303650656,486.6575927734375,14899604.0
2018-11-14,489.13634567495455,492.50038186216375,480.4827968608081,485.9936218261719,17034346.0
2018-11-15,485.55100685333554,488.2289452972339,480.92543114923296,485.5067443847656,14943663.0
2018-11-16,485.993616173096,500.1580193355547,485.6173852021472,499.029296875,24131016.0
2018-11-19,501.46377985959435,509.78535987340223,500.6227930031541,509.03289794921875,15987574.0
2018-11-20,506.81978507221055,511.6445127328904,500.1801778604713,503.4557189941406,12511640.0
2018-11-21,503.49994588336864,507.0410615999847,490.02163993065284,492.6110534667969,16422494.0
2018-11-22,493.31926178986436,498.12188722093686,486.94528922504816,488.16253662109375,12670591.0
2018-11-26,490.88473683856927,494.6471349635808,485.75014321886636,491.2167053222656,13969873.0
2018-11-27,490.3978456459913,500.1801167362265,489.31338566189805,499.3833923339844,14896607.0
2018-11-28,501.26461810998876,512.4633777053549,498.5424466298489,510.2059326171875,17507771.0
2018-11-29,513.9019372502519,522.2677805414729,513.4593125460436,517.2217407226562,27640198.0
2018-11-30,518.9036440678603,524.9677789775235,514.4772794365788,516.8011474609375,23443212.0
2018-12-03,520.054478654046,520.054478654046,508.36883457044377,511.8878479003906,12182825.0
2018-12-04,512.57395349851,512.57395349851,505.5803065753827,510.0509338378906,11358720.0
2018-12-05,506.2663090408026,512.9280157621296,504.296541028993,511.3123474121094,12729759.0
2018-12-06,508.590247631458,508.590247631458,494.9791838295669,497.36944580078125,12831451.0
2018-12-07,499.9366748362823,503.25641875590645,490.59699938710315,501.86212158203125,15779984.0
2018-12-10,491.3274009700011,493.23074619157273,479.4204720397295,482.5853271484375,20521072.0
2018-12-11,471.85130735200704,487.8305295145175,466.9823181531122,485.8165283203125,29518062.0
2018-12-12,486.45840476706644,492.8766697720291,481.4787586849396,491.5487365722656,27572962.0
2018-12-13,499.29489010674473,499.29489010674473,484.70999296784566,490.0216369628906,20337275.0
2018-12-14,488.2731754146962,493.4962940984288,483.2713690591499,492.3011779785156,15795834.0
2018-12-17,493.961072137774,501.5080292498539,491.9913333510003,500.1358337402344,11077711.0
2018-12-18,497.2144705906611,504.16385513832273,495.9750624295153,503.0130310058594,12841994.0
2018-12-19,505.27045843181776,507.837740503206,501.5965556374403,503.1900634765625,16118419.0
2018-12-20,496.1963780651814,501.2867390481279,494.0496188714748,499.49407958984375,12609700.0
2018-12-21,497.9668881776643,500.7333807389976,485.1304194246723,486.989501953125,18115814.0
2018-12-24,487.29943786495147,488.31750426070846,480.94759589631184,482.09844970703125,9065704.0
2018-12-26,480.61559723152027,486.90104509867547,471.6964438229025,486.1706848144531,15771193.0
2018-12-27,490.08801663787307,498.852251139613,488.6715881289746,495.84228515625,27294221.0
2018-12-28,498.18822740334554,502.50396548742816,496.2848823093823,498.21038818359375,16768547.0
2018-12-31,500.6006453893138,501.8843160362173,494.0717541773984,496.30706787109375,15799099.0
2019-01-01,498.0776241124587,498.9850342368502,491.37165350447594,496.1963806152344,9746670.0
2019-01-02,493.31926575244586,498.8522514846727,487.343655344541,489.7339172363281,15628818.0
2019-01-03,490.22078553274525,493.3635092523611,482.51890963809075,483.69189453125,16288287.0
2019-01-04,485.75012497633685,488.87071724900716,478.5351367010187,486.30340576171875,18516544.0
2019-01-07,489.9995056522885,495.06770606812256,487.3436688813243,489.0035705566406,12060290.0
2019-01-08,489.1584706528177,491.30525940351646,485.1304679541355,488.95928955078125,12304389.0
2019-01-09,492.21270373570025,494.42588634089293,486.3256179134447,491.6593933105469,12614237.0
2019-01-10,490.3314508444639,491.7700401073639,488.2289245811867,490.2207946777344,8925160.0
2019-01-11,490.26505606504674,493.0094176370213,481.85495103045383,486.0378723144531,14139060.0
2019-01-14,484.6878346813324,487.1223294251018,480.88114438580243,485.4845886230469,8994060.0
2019-01-15,489.11415501831715,501.0653744138922,489.11415501831715,500.0251770019531,22011407.0
2019-01-16,502.393296235088,506.8197201745907,500.3350619936165,502.7917175292969,13961606.0
2019-01-17,506.57623657866645,508.10332119014834,500.1801034631088,502.1498718261719,16379077.0
2019-01-18,508.5017364096409,526.6941435340066,502.5040239545783,524.2374877929688,56181172.0
2019-01-21,528.5089422923119,548.8481079387703,526.1408115885986,547.8521728515625,48206814.0
2019-01-22,545.7053520130312,551.9465366426136,539.8403687748806,546.723388671875,36207430.0
2019-01-23,545.9045229540942,550.7293089254705,540.9027462181267,542.8060913085938,19313542.0
2019-01-24,542.2307776252353,554.7131495923924,540.0618573513148,552.16796875,28775487.0
2019-01-25,553.4958304499542,559.8033797795792,546.8341222864655,551.5260620117188,18703992.0
2019-01-28,553.5178808774523,555.9302737653469,541.0797741438378,544.24462890625,18744303.0
2019-01-29,544.8865233857091,545.1742589755294,531.7623174984154,535.8788452148438,20405845.0
2019-01-30,537.8043656072043,542.2307307181926,527.2252808955305,529.2614135742188,17164298.0
2019-01-31,532.0500376390211,544.3110954962458,531.6074129717023,543.182373046875,22279301.0
2019-02-01,546.2144033623265,555.509757122941,543.1380734914077,553.2744140625,20187323.0
2019-02-04,551.9686392293681,574.0784193450475,549.7776177383931,571.4004516601562,25528059.0
2019-02-05,571.8873820352513,577.3761052108845,565.9560341911196,571.6881713867188,20479210.0
2019-02-06,573.7686525959543,583.2411174015378,572.8834031260051,579.965576171875,20586783.0
2019-02-07,579.9654440045323,584.8123314865187,569.2757931615276,571.1791381835938,20150710.0
2019-02-08,568.7004338733668,575.6498783770401,563.1453458844361,565.5577392578125,14230054.0
2019-02-11,564.7609421263937,564.8052045928157,553.7392334148291,554.7351684570312,16457901.0
2019-02-12,553.9605356558238,563.189525666057,553.9605356558238,556.1294555664062,13998153.0
2019-02-14,549.3128564552972,549.3128564552972,539.1321939259117,541.8765258789062,14496604.0
2019-02-15,544.3331455070256,553.252297636153,537.3616008246254,550.8399047851562,20994460.0
2019-02-18,553.2966619176988,554.4032827800006,537.8043835134239,540.0618286132812,21106139.0
2019-02-19,539.1321855608721,548.7374358904422,536.1222788619095,538.2911987304688,13658461.0
2019-02-20,541.7217070999318,548.8703030309389,539.5748886041301,546.369384765625,13776558.0
2019-02-21,547.0996507231351,556.7491632550892,544.1561082536389,551.9243774414062,23142949.0
2019-02-22,550.9063696321634,551.2162068932724,542.673314598179,545.4840698242188,19152470.0
2019-02-25,547.0996231918582,550.1981136755784,540.3051285442053,545.4618530273438,17176522.0
2019-02-26,535.3697501614166,546.568508156536,533.8205639171774,540.1281127929688,22160532.0
2019-02-27,543.5807423314526,551.039174906928,535.1484763797688,541.5667114257812,24308835.0
2019-02-28,546.1038372836208,548.8039072567752,542.9168210075819,544.90869140625,24688859.0
2019-03-01,547.5423224852349,549.910453132345,541.0134608104729,542.6954345703125,17329606.0
2019-03-05,541.5224091283327,548.7816896146917,539.3977517583712,547.8300170898438,15577500.0
2019-03-06,548.7817436696697,563.5215593191119,546.7013485588425,559.84765625,26332276.0
2019-03-07,559.4935170418076,566.4871638440499,556.9040741791548,562.260009765625,17738092.0
2019-03-08,560.4009372146203,564.1191025568273,558.6082777903562,560.86572265625,13211934.0
2019-03-11,562.1714737819083,580.7400799174743,561.2640637135738,577.2432861328125,21258869.0
2019-03-12,582.9089819983315,590.4780995651925,581.7359971792328,589.3051147460938,24561597.0
2019-03-13,591.8062032431679,601.986809067563,587.866724702752,596.3653564453125,24577591.0
2019-03-14,597.4496475061777,602.871946999757,591.4076144308954,593.8200073242188,22753310.0
2019-03-15,595.3471487793354,601.4555465859182,580.3860210833575,585.0115966796875,34764353.0
2019-03-18,589.1502531477479,601.079372818546,588.26500375624,597.58251953125,22104063.0
2019-03-19,601.9867341954044,610.8395237390288,594.5061994229327,609.3124389648438,21448030.0
2019-03-20,609.8656369626848,614.3805267326183,603.7572393047114,608.825439453125,21639437.0
2019-03-22,607.5196617727818,611.2378271135251,591.6732852516752,593.9085693359375,25078643.0
2019-03-25,588.9730844650911,591.7395768986418,582.8204251489317,586.2508544921875,17394088.0
2019-03-26,588.8404374331935,607.1213698963418,588.7076500196026,605.1959228515625,20734876.0
2019-03-27,609.9320140041797,609.9320140041797,595.0151502686878,597.2283325195312,22079870.0
2019-03-28,597.6710151211328,606.3245934275687,594.3733726565703,601.9866943359375,22930248.0
2019-04-01,606.4131020011401,622.7021032334529,603.1154596255492,616.084716796875,22088854.0
2019-04-02,618.8068368014555,621.064281271041,610.8836203810451,615.1329345703125,17526740.0
2019-04-03,616.4831138425319,621.0201646238312,607.2983856558683,608.71484375,17169813.0
2019-04-04,610.3968974724891,612.4772926682142,596.3431199622236,598.9104614257812,18320845.0
2019-04-05,602.4072136697757,603.7129859979176,594.4618939853823,599.28662109375,14717266.0
2019-04-08,600.2160801532226,600.8800170365031,585.9188922654093,588.37548828125,19081843.0
2019-04-09,588.2206517980837,593.4437406042086,584.7237990427792,590.6773071289062,20774977.0
2019-04-10,592.2265507481526,596.6750764335661,587.1583505228762,589.3272705078125,16651949.0
2019-04-11,590.0133624275286,598.888252928807,588.264965445455,596.1439208984375,12558520.0
2019-04-12,597.560333920002,600.6145623846402,591.651146738665,594.5061645507812,12948769.0
2019-04-15,595.3471988570321,597.0956551150056,590.9208335400103,593.200439453125,9285737.0
2019-04-16,595.3471355615848,601.9866828312216,593.1339531383726,594.7938842773438,17360317.0
2019-04-18,608.6262569615424,615.1551181712927,604.1998923495519,613.47314453125,39286534.0
2019-04-22,601.9866124914394,605.0851029791396,593.7092958309894,595.5020141601562,23607922.0
2019-04-23,596.6751097030148,607.7410225803753,595.7898603109938,603.69091796875,19807450.0
2019-04-24,606.5458650761914,617.3904643392481,604.7531466235507,615.0444946289062,16101112.0
2019-04-25,614.8675328682084,625.180984035765,603.1376235404474,607.4754638671875,30469914.0
2019-04-26,608.6262313685243,617.8994831602779,606.7228863920471,616.505126953125,15069884.0
2019-04-30,618.0986346931494,618.0986346931494,604.9965912649715,616.505126953125,22348580.0
2019-05-02,616.1510320190431,625.844806825793,611.7689300216467,621.927490234375,18992003.0
2019-05-03,623.211134884836,627.4383480359272,620.865165141616,623.6094970703125,14240262.0
2019-05-06,618.8068603274784,620.9315175028881,609.998335310432,613.00830078125,15832114.0
2019-05-07,617.39058740395,617.4791123504609,593.2225678613632,594.6832885742188,19417647.0
2019-05-08,593.1339293378248,593.1339293378248,571.9758802189367,575.1849975585938,31958919.0
2019-05-09,570.47090294577,570.47090294577,554.0712163675477,556.151611328125,42670173.0
2019-05-10,559.9362251932031,565.5577364097078,551.0834944331871,553.8057250976562,24557430.0
2019-05-13,552.3671264964185,558.0771031610542,543.3372873863411,545.351318359375,17603659.0
2019-05-14,547.3211142708041,561.8617807817881,545.1079313861411,557.9223022460938,28438234.0
2019-05-15,563.4773242204387,565.6905068440055,553.5622353372404,556.350830078125,24419559.0
2019-05-16,557.7007715657779,562.9902830901406,556.881886536584,560.0910034179688,14451308.0
2019-05-17,560.8214852839767,565.2256894999022,554.1818786920556,560.99853515625,17276949.0
2019-05-20,581.4484806545934,592.1160326661637,576.9777933684031,586.8928833007812,26979100.0
2019-05-21,589.6814643939042,605.0852175397996,588.729791746263,593.0454711914062,30343560.0
2019-05-22,595.634903419491,601.8539280461488,590.9650652062413,593.31103515625,24689918.0
2019-05-23,607.2983091066549,616.15103811441,586.4943604811834,590.433837890625,38766006.0
2019-05-24,596.6750980613658,599.2423803435563,582.7320067411391,591.7396850585938,22269265.0
2019-05-27,591.8502609840499,592.0273108261551,578.526846697773,580.1424560546875,16076686.0
2019-05-28,584.1927040808862,590.8322514138105,581.3376863176912,585.9411010742188,42594251.0
2019-05-29,584.7238497637976,590.1683104518131,577.265417294087,581.2048950195312,15558515.0
2019-05-30,582.6212535255329,594.0191617736999,582.6212535255329,588.5968627929688,23494381.0
2019-05-31,592.204416473568,593.9749741568739,584.3697238404902,588.7739868164062,25724066.0
2019-06-03,590.920760397822,605.1958488284881,584.8123628335076,602.0752563476562,18556942.0
2019-06-04,600.8579927431291,608.2943239066423,596.7193632541569,598.2907104492188,15442761.0
2019-06-06,602.8277324367702,602.8277324367702,584.7681141139942,587.5346069335938,16764835.0
2019-06-07,586.9149542153037,587.4903663054001,577.9072759524873,582.0238037109375,14722419.0
2019-06-10,584.6795298650989,587.3795991628351,579.8990657422914,583.9049072265625,11768468.0
2019-06-11,585.1001405330676,590.6994905962937,583.3960059300211,588.3313598632812,11492074.0
2019-06-12,590.7879631289733,592.4257334309978,586.4943858289229,589.6592407226562,10297599.0
2019-06-13,588.7075426938709,590.7879375562793,579.2572408867777,587.4902954101562,15686169.0
2019-06-14,585.1221629957886,586.4943584434794,579.5892369328708,583.1967163085938,14942768.0
2019-06-17,584.2812968208682,584.2812968208682,565.9118390345379,567.5938720703125,14908257.0
2019-06-18,566.0888616521408,570.0947629240811,561.7510214030443,567.0184326171875,16797371.0
2019-06-19,569.6300461630824,576.3138572230068,558.8739691826669,565.40283203125,14492763.0
2019-06-20,566.575698269597,575.428486953255,565.6904489489388,573.9898681640625,10748848.0
2019-06-21,573.6357524101344,573.6579131902394,564.605973210025,566.3543701171875,23236832.0
2019-06-24,563.1010800390728,565.0044254240186,556.4394302871855,558.785400390625,11267228.0
2019-06-25,557.2360676913559,574.543164242957,555.1777744289116,573.5914916992188,14966899.0
2019-06-26,571.4447530500222,577.4646257823792,569.3864597139271,572.8390502929688,11593027.0
2019-06-27,572.3963713113941,574.0562431959233,562.591910883796,563.9862670898438,24905533.0
2019-06-28,565.2921732273622,567.8373540567136,552.699115594441,554.6688842773438,18942165.0
2019-07-01,556.8598569334886,563.3223546770223,551.7252923519377,561.640380859375,13478857.0
2019-07-02,563.8977106583817,567.0183027203688,559.1836109466677,565.9116821289062,10146746.0
2019-07-03,567.8594770169232,569.4529851929734,564.3847841285344,567.7045288085938,8806492.0
2019-07-04,567.1954892433374,571.4448046030109,566.5757555607951,568.3463134765625,9351405.0
2019-07-05,568.8331631776572,571.2234546184956,557.7229883348122,559.205810546875,10926753.0
2019-07-08,556.8377460255429,561.3083734997786,552.4999059557646,554.2040405273438,14009219.0
2019-07-09,552.8317924411703,568.1249169517715,551.3047078871608,566.6199340820312,17535754.0
2019-07-10,566.5978610200226,570.7143885662242,561.5739233692843,566.0667114257812,12018196.0
2019-07-11,569.6742340526625,570.9136422948378,566.2659057082456,567.2618408203125,8608376.0
2019-07-12,567.9036197336648,575.4284751870541,565.7125390667155,566.7970581054688,15692436.0
2019-07-15,568.7888445920233,570.7807145325879,562.3042459909406,564.8494262695312,10659498.0
2019-07-16,566.5536173225701,573.1710630706701,565.2699466652127,572.3300170898438,10070773.0
2019-07-17,572.9054787586715,574.1006245841717,566.5757680501406,567.3946533203125,9482233.0
2019-07-18,567.4610232119414,569.4086308695252,556.8377355775831,558.5418701171875,11942908.0
2019-07-19,561.3526341456075,563.4551309237335,550.065350230861,552.85400390625,16336536.0
2019-07-22,553.7392172248569,568.5675567105824,543.2487175124882,566.7970581054688,29092589.0
2019-07-23,568.7888438003976,572.7283212128182,557.8999823849913,563.720703125,20316348.0
2019-07-24,563.6986805761317,566.044650794516,554.8680510801075,557.32470703125,15189179.0
2019-07-25,559.4935026021844,561.7288456848177,543.1159181038291,545.1077880859375,21805071.0
2019-07-26,545.1078873216514,549.9768774552333,535.5911603200976,537.273193359375,20387504.0
2019-07-29,538.6452406581913,540.9026852140692,533.4220930908805,536.0115356445312,17626045.0
2019-07-30,537.3396401391742,540.0176084680503,520.5194272008885,522.71044921875,20853117.0
2019-07-31,520.4308216260823,524.5251884932695,514.5215754092878,516.2257690429688,21229950.0
2019-08-01,514.9642372860822,525.9416845388708,509.1878371492463,522.4227294921875,22628222.0
2019-08-02,523.5325023050001,533.5738699720014,517.4764941575648,527.38427734375,23766807.0
2019-08-05,519.6583423312425,519.6583423312425,502.29188726944534,509.1271667480469,30399133.0
2019-08-06,505.29766180019584,511.9103009753535,499.62017334179836,502.4255065917969,29067994.0
2019-08-07,501.6240130506623,506.9898045620142,491.20409739999894,494.00946044921875,25349369.0
2019-08-08,493.54190350121627,515.6507583695545,487.7308302056483,513.1348876953125,31198568.0
2019-08-09,517.365149765636,523.4433916370499,513.1125622758229,517.4764404296875,21970009.0
2019-08-13,549.1145484399736,580.1292670325504,545.9306965304685,567.6387939453125,104827144.0
2019-08-14,580.6636602266428,580.8640071757616,570.1324258187218,573.6502685546875,31688983.0
2019-08-16,574.9639544714397,575.2311234055627,566.8595923358139,569.0860595703125,21977767.0
2019-08-19,570.4441907669835,577.4575832737376,569.9766154131626,575.5873413085938,16317602.0
2019-08-20,574.3405138780473,575.5873021365318,566.6814339182407,568.1731567382812,14969299.0
2019-08-21,568.0395990053597,569.3755030810053,563.9651837223562,565.9467163085938,10677848.0
2019-08-22,565.9467658023939,565.9690001563606,551.675104712561,555.170654296875,14031953.0
2019-08-23,551.7195912204171,571.7577958939527,546.1533935304763,568.128662109375,21307915.0
2019-08-26,576.2106474401571,576.2106474401571,560.6253793787765,564.0986938476562,19202504.0
2019-08-27,572.2031077629373,572.2031077629373,561.605109128187,567.6834106445312,28401906.0
2019-08-28,567.1936244358561,570.422005132932,559.311902506049,562.540283203125,11605488.0
2019-08-29,559.4899082583771,561.1820374243057,550.0719369198647,552.944091796875,18890222.0
2019-08-30,554.6139685195744,558.5770931023615,543.7042736035451,555.9721069335938,24735240.0
2019-09-03,553.1667924586299,553.5007833479864,534.3530820941628,537.2030029296875,18730619.0
2019-09-04,534.5980044145409,536.6908871128855,528.1412437026385,534.8651733398438,32949395.0
2019-09-05,537.3810413836705,540.2309023757294,531.3695629057722,533.7296142578125,22995486.0
2019-09-06,535.6890247215708,547.2667026168646,532.2380032672461,544.3722534179688,23186819.0
2019-09-09,543.5484313072873,549.0478072829346,540.2087601059558,544.2386474609375,11747929.0
2019-09-11,544.3721751701554,552.1648395776373,544.3721751701554,549.6712036132812,12127900.0
2019-09-12,549.9383694188567,552.3651834163759,536.8912642441294,538.9618530273438,11880005.0
2019-09-13,539.6966172932991,547.043940961514,537.4256220176591,545.7526245117188,12947715.0
2019-09-16,529.454873228426,542.858204835973,528.1634972590346,539.1400146484375,20547730.0
2019-09-17,539.2513017834867,539.2513017834867,531.4586376216965,533.217529296875,15640772.0
2019-09-18,536.5573055032447,541.6113996591116,533.1062843578578,536.8912963867188,14933909.0
2019-09-19,537.8486354259852,538.6724360290432,522.174308515453,525.024169921875,13766222.0
2019-09-20,528.9872248397661,565.4790838872689,522.9089837818785,558.5547485351562,48165560.0
2019-09-23,567.3716909391333,570.4219587525063,549.9384128123469,551.8086547851562,21610844.0
2019-09-24,553.7678483370983,578.3480393664148,553.3893293635516,569.3976440429688,34958974.0
2019-09-25,571.7578389113681,576.6561146490986,565.0116743389566,569.7763061523438,18192270.0
2019-09-26,575.320108871329,578.3480825353281,571.5350972037298,577.45751953125,18350457.0
2019-09-27,575.5428572732922,585.561990193842,571.757844897735,582.9124755859375,19058663.0
2019-09-30,583.3355036590597,594.8018310804109,581.3539114942233,593.2432861328125,25263770.0
2019-10-01,595.3584688773351,597.5849362038297,575.8990695365911,581.0645141601562,17920384.0
2019-10-03,572.6484099833085,585.4283468989939,570.5555272924099,583.8030395507812,13524851.0
2019-10-04,587.7438805028344,591.6179488730752,580.5969035775893,582.4893798828125,14992253.0
2019-10-07,582.4893823323844,588.1446363696328,579.6395209613231,583.3800048828125,10061584.0
2019-10-09,582.7565862132678,592.2190862816494,575.5427876036466,589.9035034179688,17588647.0
2019-10-10,590.0148840590675,609.6078075068975,588.2336983910574,606.8247680664062,35006390.0
2019-10-11,607.2477982108662,608.0938926735619,595.1580761873038,602.3050537109375,16597126.0
2019-10-14,607.8043907217964,607.8043907217964,601.525742419961,604.7095947265625,13394275.0
2019-10-15,606.7133758781993,610.0531062053814,603.0619484845057,607.4481201171875,9672791.0
2019-10-16,610.0085179543124,614.3501015567613,607.2476538797979,611.0994873046875,19403660.0
2019-10-17,612.2795424439064,622.9665957225824,610.9436384902717,621.8533325195312,16038940.0
2019-10-18,625.1931896364645,635.8357169262007,622.8331377508903,630.6925659179688,28121951.0
2019-10-22,634.5442231374791,639.820957644229,624.9036109424554,629.7128295898438,27786502.0
2019-10-23,630.6702961024129,634.9673523948646,615.908766295107,620.0277099609375,18446160.0
2019-10-24,623.857147458335,641.8470548317947,617.4226812573415,639.642822265625,22642488.0
2019-10-25,641.7135207744709,641.8693395842341,628.4214807350571,637.3051147460938,13539957.0
2019-10-27,641.6690699300784,643.450255707178,636.7707941805185,638.663330078125,3014841.0
2019-10-29,643.6728963240666,659.0355270409135,642.1588794964196,653.2689819335938,25768505.0
2019-10-30,659.0353968990061,661.0615168704819,650.2631136728371,658.6346435546875,16341366.0
2019-10-31,660.8166389822482,663.3325688124955,650.886563570956,652.0665893554688,19463741.0
2019-11-01,647.9031106067357,650.931084439674,641.6689908799688,648.7491455078125,13904301.0
2019-11-04,652.7567916180376,655.0277868325503,643.4946981510161,649.0831298828125,14063434.0
2019-11-05,651.5101750133188,654.1151023309222,641.6691535241213,644.4744873046875,12685356.0
2019-11-06,642.4260741650298,644.0959098880234,636.1028971024654,638.9527587890625,14625505.0
2019-11-07,638.9972235731321,651.4654032117422,637.7503758842035,649.5061645507812,14084039.0
2019-11-08,645.2313352569838,649.9736724969666,641.8025487418026,643.6727905273438,12019353.0
2019-11-11,640.8229381763804,643.116227364074,633.4533203520368,635.7911376953125,11357841.0
2019-11-13,636.7708042321007,657.2098236579902,636.7708042321007,655.6067504882812,25225749.0
2019-11-14,657.254254782022,659.7478907611141,648.2593302163147,651.3541259765625,14258133.0
2019-11-15,652.6455360789673,662.0635083106531,651.5322727628634,654.9610595703125,15691605.0
2019-11-18,655.7625618479275,661.7072190766786,648.0812471500655,649.7733764648438,14076051.0
2019-11-19,653.2465495956901,674.5761867834334,652.3559866213146,672.2828979492188,30176255.0
2019-11-20,692.4548091499332,700.1806517569983,687.1780744035942,689.1596069335938,43538120.0
2019-11-21,687.9796507920607,692.8778670093003,680.654560819843,684.6844482421875,14897371.0
2019-11-22,686.6881628798455,698.8892327274816,684.6843366720202,688.6474609375,22352865.0
2019-11-25,690.7181960629307,696.7964379518986,690.6513741041939,695.3492431640625,15146156.0
2019-11-26,698.2658738469718,701.9395355965804,692.8777890541031,694.7703247070312,35330983.0
2019-11-27,694.6368205516004,701.5611571283956,692.9223973101485,699.0452270507812,9642739.0
2019-11-28,700.2919947848181,705.4129111039688,696.417985740945,703.6985473632812,13747479.0
2019-11-29,704.4331672085468,704.4331672085468,689.2486511776627,690.7181396484375,18559594.0
2019-12-02,712.4708300137888,718.9052971997955,702.2290568533912,706.4593505859375,31225364.0
2019-12-03,709.2424307785986,709.7990029904348,700.2697400300401,703.0750732421875,12990426.0
2019-12-04,700.4478393142873,702.4516656991397,682.9700335019947,691.4083862304688,20987607.0
2019-12-05,700.8930681166133,703.4535259601828,687.5342661895404,690.5845336914062,19942460.0
2019-12-06,691.5419046059857,698.2213054338009,686.242876423503,692.387939453125,13085234.0
2019-12-09,692.9446854555637,702.407186386415,688.6475696603118,700.269775390625,12642677.0
2019-12-10,700.0248063059641,700.7150224336392,692.0540287591915,695.52734375,10173333.0
2019-12-11,692.6997496186247,701.1158091150277,690.4732823124417,695.727783203125,12364641.0
2019-12-12,699.2232205691729,700.8262934185599,693.1672138215926,698.3103637695312,10326606.0
2019-12-13,703.5647644105263,708.0177575059589,700.1805657541641,704.8561401367188,12668303.0
2019-12-16,708.9084095503324,709.7544444582198,696.5960482571616,697.5979614257812,11892718.0
2019-12-17,697.6648093043032,703.1196573453843,692.6775366524988,695.8613891601562,20324601.0
2019-12-18,695.9949630752343,703.5649282550722,695.549681497034,701.7169799804688,14742077.0
2019-12-19,700.7595863676426,719.1057222184004,699.9135513793175,716.9014892578125,20507816.0
2019-12-20,719.1502234523015,720.2857211455093,710.7341642408371,712.070068359375,21271510.0
2019-12-23,694.703552662622,702.4739238931126,693.6794050834533,699.7354125976562,25107772.0
2019-12-24,698.6221435556297,700.0248101711578,686.8663538680914,688.6253051757812,18048449.0
2019-12-26,686.4878562421779,691.5196564072455,672.461071963697,674.7988891601562,29761019.0
2019-12-27,679.9642205190581,688.5138629847464,677.4260565589568,686.7994995117188,17677571.0
2019-12-30,688.4026855518733,689.1596642144276,680.4319077161741,687.6234130859375,17123749.0
2019-12-31,686.6437622004211,687.4008003439995,671.526065985025,674.1978149414062,22203005.0
2020-01-01,675.9566091562889,680.0087898882745,670.3904712564104,672.2161254882812,14004468.0
2020-01-02,673.2849808364612,686.1762695678455,673.2849808364612,683.6603393554688,17710316.0
2020-01-03,682.6360013302883,686.4878350527088,678.1830672888824,684.4840087890625,20984698.0
2020-01-06,676.8471984455604,680.3649817308929,667.0507082361115,668.6092529296875,24519177.0
2020-01-07,676.4019343098523,683.304036115152,673.9528263419015,678.8956298828125,16683622.0
2020-01-08,674.6207976476823,683.2817317108661,672.3943304886236,673.7969970703125,16047902.0
2020-01-09,685.1296647498189,690.2059926741842,681.8567565985553,689.3154296875,14982742.0
2020-01-10,691.0520831577536,693.7461255846073,685.5972357997355,689.1596069335938,12478359.0
2020-01-13,688.0019777503975,694.0802201574284,685.0407659635977,687.4008178710938,18282382.0
2020-01-14,685.7531231921615,690.2060574437152,677.6710552541097,681.0330200195312,15816535.0
2020-01-15,683.9052024938248,685.708622508407,676.068009361063,678.5616455078125,15817859.0
2020-01-16,680.8548065679221,687.244744275973,680.4094656486131,684.81787109375,12847975.0
2020-01-17,691.7645940988411,705.7690846391494,691.6310096398801,704.0101928710938,29463471.0
2020-01-20,716.4784286658733,716.4784286658733,679.6971043882497,682.3466186523438,32545850.0
2020-01-21,680.6768135829059,688.3581283514012,677.73783646965,683.036865234375,18922720.0
2020-01-22,687.534328261155,688.7588822425179,681.7900179448524,682.7919311523438,10322817.0
2020-01-23,684.1945779592724,686.6214514994721,677.1589513580537,679.8975219726562,11247739.0
2020-01-24,679.9642896946181,684.1278207028573,676.201571520967,677.5374755859375,14628445.0
2020-01-27,674.5762817936037,678.8288097703885,670.1678160991427,670.8580322265625,13387750.0
2020-01-28,671.7708247894806,672.3942783497732,651.7326219117568,655.3617553710938,24532236.0
2020-01-29,656.385937187332,665.4476838598071,651.9330029814765,658.9686889648438,24746565.0
2020-01-30,658.5902371528151,658.9019342560167,641.2237800875757,642.8936157226562,22402689.0
2020-01-31,647.0124435342548,647.1237936333738,626.6180159566431,628.5995483398438,34750310.0
2020-02-03,610.0086898391066,623.3897885009395,606.9584216683534,616.9552612304688,30712290.0
2020-02-04,623.411935184783,637.8840014691701,622.4323157911366,635.167724609375,25383901.0
2020-02-05,638.9525993651572,646.9233758070424,636.9043045187749,645.0086059570312,18472100.0
2020-02-06,647.5023606854987,653.2466113131902,641.2682409254869,649.14990234375,15538577.0
2020-02-07,646.121961162775,646.7231209827357,636.0137726868787,638.3961181640625,12209212.0
2020-02-10,635.8800851167206,643.6727488097293,628.0651870747986,639.2643432617188,15142476.0
2020-02-11,644.5188995976021,652.8904307204514,643.4724582072458,646.9012451171875,13999816.0
2020-02-12,648.4151825290611,656.7421844770341,647.9030790730019,654.716064453125,13533565.0
2020-02-13,658.0336151395259,658.0336151395259,651.2873910883294,656.4305419921875,13565659.0
2020-02-14,657.8109261027595,668.5870368609382,647.0570496970056,662.4197387695312,21227841.0
2020-02-17,663.0430895240688,670.6798756802237,656.4972728187931,658.2561645507812,13149130.0
2020-02-18,657.2097556655767,657.2097556655767,648.97180932506,653.4247436523438,11127161.0
2020-02-19,658.7460229239962,670.813509728984,656.8535465958774,669.6334838867188,14084409.0
2020-02-20,666.6055688221669,671.5037852458589,660.7276734436488,661.68505859375,16892268.0
2020-02-24,654.4711971958799,657.699577615814,641.0233376549481,643.4279174804688,21370214.0
2020-02-25,646.3000526686237,646.3000526686237,627.8648619763386,630.7147827148438,27745062.0
2020-02-26,627.8649155292255,628.911356956024,617.779020325235,619.849609375,29362748.0
2020-02-27,618.0683975689975,620.6511494965837,609.6078101962304,617.2891845703125,25054993.0
2020-02-28,603.329103417816,604.264254045817,590.014829470249,591.64013671875,39315769.0
2020-03-02,603.4181975497225,609.6077893226085,579.3723403742132,586.0740356445312,29500495.0
2020-03-03,592.1077777316948,602.8838887991839,588.6789907987993,597.96337890625,27398798.0
2020-03-04,602.0378101189941,602.8393168736188,582.4003001293128,596.5606689453125,22105261.0
2020-03-05,602.126845697354,604.6873035839145,581.5542452021383,583.8475341796875,30510390.0
2020-03-06,565.5236515774449,573.6057788366949,552.654658716733,565.9689331054688,33734039.0
2020-03-09,552.1870935973562,552.6101407818697,487.59719353402716,496.12457275390625,88187018.0
2020-03-11,493.385961606044,524.7569350107589,493.385961606044,513.6691284179688,59578576.0
2020-03-12,483.14423842846696,490.26892105164063,466.98004375854214,473.3477478027344,55970485.0
2020-03-13,444.40361172588484,507.6353699155986,419.64527598931187,492.1836853027344,73297403.0
2020-03-16,472.2568121164352,480.78419157795764,447.5207086747309,452.2853698730469,38482258.0
2020-03-17,466.3344054216944,472.0119237181846,446.7192174587202,448.85662841796875,45445979.0
2020-03-18,456.560224275454,461.2803576562569,427.9278160593616,431.26751708984375,44730415.0
2020-03-19,409.7152202964063,430.59951868687136,397.2915088300032,408.6465148925781,61404010.0
2020-03-20,418.35394359459445,460.8350229658722,414.123649892298,453.28729248046875,63360475.0
2020-03-23,407.9786036891489,423.0295668803202,389.92193040058896,393.66241455078125,40670949.0
2020-03-24,414.1236252972025,431.9353918898189,398.8945807634273,420.090576171875,45734887.0
2020-03-25,429.17459327724464,512.778550360912,428.9296884312166,481.919677734375,73130298.0
2020-03-26,487.9534878793823,497.3491971508908,464.1525027185438,474.77276611328125,45744488.0
2020-03-27,487.59721846033517,493.0743302616386,465.86685415365895,474.50555419921875,41657940.0
2020-03-30,463.37321097095526,478.6022562103133,454.20014346811496,458.85345458984375,30229866.0
2020-03-31,478.2237612689132,503.0934193486525,466.668378147016,495.94647216796875,44292810.0
2020-04-01,499.7314374197435,500.7778787446454,465.42154418897144,481.1181640625,41597459.0
2020-04-03,505.1640473665368,505.1640473665368,470.36428521360847,479.7822570800781,41367807.0
2020-04-07,490.7587797499459,540.587180545846,489.82365880229355,537.0693969726562,54373624.0
2020-04-08,525.4472847573542,547.2667377451544,516.5414146971003,530.8576049804688,49880330.0
2020-04-09,540.5872407700642,548.9587723530421,531.2360897019119,543.2367553710938,33032857.0
2020-04-13,536.1120743446078,541.0325844995617,525.447253374809,529.521728515625,23673784.0
2020-04-15,533.0394909756521,550.3837133914021,508.97133852649563,512.0216064453125,35321842.0
2020-04-16,512.0215540116548,528.7646148704049,509.8619089009577,520.1259155273438,37455706.0
2020-04-17,541.477788467049,547.7119081332823,531.0801379395491,545.0401000976562,33269335.0
2020-04-20,545.9307453957434,559.7348298724658,535.2436911572639,553.8569946289062,36030932.0
2020-04-21,538.8059664932713,557.5083250081677,518.3224819342147,550.9848022460938,61371628.0
2020-04-22,587.7884356237253,616.6880417343276,578.8825664491623,607.2032470703125,142683366.0
2020-04-23,608.8730782936495,617.1110242514935,602.6166648338456,610.453857421875,65464502.0
2020-04-24,601.2140016546114,665.6926093550011,599.9003914322975,630.98193359375,134986308.0
2020-04-27,638.5518388221476,656.8089146894805,633.6536236053566,636.6593627929688,58482901.0
2020-04-28,645.6766910891598,648.1035053145215,619.9164097345322,635.947021484375,78453401.0
2020-04-29,643.4056688448253,647.3019715047586,632.3178017703171,635.41259765625,37494672.0
2020-04-30,647.4355395070829,665.6926172797448,640.3553848329962,652.8013305664062,71345899.0
2020-05-04,641.2237145072914,652.3560500195231,631.1822890196224,639.0863037109375,53456868.0
2020-05-05,647.3242698899517,658.5901902105282,644.4298209519568,650.4190063476562,44903763.0
2020-05-06,651.9108790264858,661.2397961970813,643.6729315155741,650.4636840820312,40489094.0
2020-05-07,647.9030735523609,674.0195767371007,643.45013963793,671.0360717773438,50026966.0
2020-05-08,687.9796035544326,703.5203455803562,684.4617604589652,695.4605712890625,84262770.0
2020-05-11,703.564854514178,719.1501837188379,700.1361272712575,702.1399536132812,67085063.0
2020-05-12,696.79641276918,698.3772514173569,652.3560664564766,658.7014770507812,100683202.0
2020-05-13,686.4096242663011,686.4096242663011,653.5949941007319,672.6769409179688,66430125.0
2020-05-14,660.3377943598729,672.7893884091039,642.8291930409412,645.4813232421875,49266771.0
2020-05-15,649.1000293281988,659.3040528724985,636.1090422571385,656.0225830078125,62152260.0
2020-05-18,660.7873884161261,666.1815376925038,641.9077470485184,647.6390380859375,62796089.0
2020-05-19,654.9436171986698,657.0563561877386,630.7821895369445,633.3218994140625,42315854.0
2020-05-20,633.8164459231173,650.3810982575258,626.1746653038855,644.469970703125,55320985.0
2020-05-21,645.0542141170009,656.9438839898754,640.5590706705585,647.8637084960938,39167981.0
2020-05-22,652.6061253460508,655.393088211482,641.2333740246893,643.50341796875,37828973.0
2020-05-26,650.9653812121286,651.6621368125705,636.6483020759156,640.132080078125,33216635.0
2020-05-27,643.256285680101,653.5951416505152,634.7154993719518,649.7967529296875,35667956.0
2020-05-28,654.0445650157022,665.1700639694456,651.3474905739236,661.7987060546875,40126278.0
2020-05-29,659.8882522484166,661.6863216286777,652.9882315987021,658.27001953125,40022527.0
2020-06-01,665.2825298829506,691.5117545227077,663.4619881609007,683.4204711914062,39943702.0
2020-06-02,685.9601831154127,692.2533963499591,683.622663148201,690.3204345703125,22153960.0
2020-06-03,694.5009892228203,701.243705152625,689.2640858781962,692.9951171875,25381289.0
2020-06-04,694.0514268333575,714.5044150378368,692.7029193183236,710.1441040039062,34202350.0
2020-06-05,716.976712812966,727.3155677405333,707.4020299835134,710.9981689453125,33076685.0
2020-06-08,727.4954324920736,727.4954324920736,703.4913080333477,705.5140991210938,31414953.0
2020-06-09,701.3784997663072,711.5825211649343,689.1067431761999,690.9722290039062,25857161.0
2020-06-10,693.6468614517847,710.0317358884901,692.2758817982025,706.705322265625,22132647.0
2020-06-11,703.9407414982666,704.8172743086072,688.2077385143969,691.219482421875,20385805.0
2020-06-12,674.2727936948124,716.0777164159133,672.9242267053721,714.1897583007812,38548899.0
2020-06-15,703.491240249132,731.3386948164322,701.7381151752447,725.7647094726562,53107403.0
2020-06-16,738.5534772559045,741.0482428927804,712.6163922222294,727.1807250976562,51187003.0
2020-06-17,722.9327480146142,735.159560417052,720.1682571993283,726.1243286132812,41782053.0
2020-06-18,722.3709004133316,748.4427585087822,721.74156125064,744.3521728515625,40471557.0
2020-06-19,750.6903261392612,804.0927203501327,747.0942467519249,790.8770141601562,105804173.0
2020-06-22,797.1703064721975,811.0153531945601,779.9088977902954,784.9210205078125,60198705.0
2020-06-23,786.6515522559022,792.83240486235,771.4129953643138,773.5706787109375,37962078.0
2020-06-24,780.313374152456,796.855553260014,769.4351285440347,776.6947631835938,51586221.0
2020-06-25,776.3126312670805,786.2019827039641,770.0418905851864,772.2220458984375,39679374.0
2020-06-26,777.1218366018753,787.5505795010465,771.8175170961591,782.8980712890625,30921913.0
2020-06-29,776.7846586950787,782.0439742026722,771.1657293301229,774.58203125,25621946.0
2020-06-30,780.807914512527,782.6059245493964,762.1754677566296,766.0188598632812,30276420.0
2020-07-01,773.1661294381369,786.2020588284339,767.7943931621406,781.0775756835938,28464103.0
2020-07-02,786.6933471641555,797.7964291606368,783.1051378323464,794.524169921875,28789533.0
2020-07-03,803.3027790862244,809.2605842388523,797.9769338084662,806.9586791992188,29434266.0
2020-07-06,814.6767489280919,838.59798707909,808.8543846026165,835.7996826171875,47016185.0
2020-07-07,839.5006450288294,841.463976689244,815.2634586435034,823.0039672851562,35189589.0
2020-07-08,823.2747585521189,828.1943991602055,807.9065001671087,811.5172729492188,26204095.0
2020-07-09,816.4820787561033,828.2170013060332,806.2139692943585,823.3650512695312,36418942.0
2020-07-10,825.2833506758969,850.6037702244128,823.3650864259226,847.6474609375,43759967.0
2020-07-13,859.066414273634,879.0835514065949,857.5544142629645,873.3515014648438,69608392.0
2020-07-14,872.9001726962613,876.3755044340146,851.8223671864567,865.227294921875,67331128.0
2020-07-15,874.6828596649843,893.1203044400035,811.5172588286548,832.279052734375,139669773.0
2020-07-16,833.6331798351821,843.5627758296462,818.0392246836387,832.0083618164062,60961724.0
2020-07-17,832.7304674212536,866.581298459645,829.5710262803591,862.8351440429688,49726765.0
2020-07-20,865.5883422314392,871.9974193757844,857.3964422325445,866.5361328125,36592938.0
2020-07-21,875.1567920683302,892.3078725048149,874.028433084142,889.8480224609375,42173371.0
2020-07-22,895.0159986639695,907.202312550526,884.9510213382299,904.4942626953125,59771457.0
2020-07-23,904.4716140026857,938.6609588483409,898.7846915588252,928.7765502929688,58333751.0
2020-07-24,928.8668185460966,976.2579590026274,928.776564146926,968.65283203125,120597372.0
2020-07-27,983.3892613715004,992.4161339989756,960.4158156178775,973.1888427734375,80304827.0
2020-07-28,973.1888006028569,990.2496273324197,970.6838232619775,982.8927001953125,55114422.0
2020-07-29,982.9830381867582,985.1945694094204,934.4860429521891,946.311279296875,72663399.0
2020-07-30,947.3719425825504,965.7416374844678,935.1856290159112,951.8176879882812,72857444.0
2020-07-31,954.3678150249528,960.9122737981927,926.5198556854664,932.9740600585938,74958061.0
2020-08-03,925.8428887635114,928.4155571791742,904.0880550839192,906.7510375976562,46715383.0
2020-08-04,911.9865832893145,978.0633706821992,902.8017056351508,970.6613159179688,92041055.0
2020-08-05,978.9661424351585,991.1523973893704,956.0829496096318,959.7614135742188,74549993.0
2020-08-06,973.549911434821,978.3792977984335,951.3437476637285,963.214111328125,49322975.0
2020-08-07,961.2733960409245,973.911042177792,956.9405280202135,968.7882690429688,32984416.0
2020-08-10,974.497761802115,977.1606844285126,951.4791890501768,956.782470703125,26958997.0
2020-08-11,963.5300670431569,974.9039718853056,947.9812395926484,963.0787353515625,46828306.0
2020-08-12,957.3015835454912,968.1339032563809,950.8925058189332,960.2804565429688,30264617.0
2020-08-13,960.4609378961798,965.3805786775785,952.3367286962583,957.7754516601562,24830322.0
2020-08-14,958.0011068702576,973.549934599968,942.9713613334557,954.0518798828125,33224635.0
2020-08-17,950.0800072856482,950.0800072856482,934.3281075225127,943.919189453125,30979066.0
2020-08-18,941.0531772225081,963.3044692046789,939.8571273001791,956.19580078125,30547672.0
2020-08-19,966.3284692913196,972.1959605908819,957.4595415393626,962.063232421875,34087543.0
2020-08-20,956.850185253758,958.6104445458395,942.4071530026558,946.4918212890625,22537845.0
2020-08-21,955.9475802688171,957.7529668720355,937.4424422009146,939.6314697265625,25280895.0
2020-08-24,943.9418195814,949.8543785402047,934.5086821849079,945.9051513671875,32717218.0
2020-08-25,950.5313333957848,952.9234928104662,937.8936880228628,939.7442016601562,19388008.0
2020-08-26,941.0531010310551,969.4652088235415,923.9020199231386,964.6583862304688,59870421.0
2020-08-27,969.4878026998181,970.3905257659359,949.2901575537568,952.6075439453125,28085062.0
2020-08-28,956.8501848269598,962.6725488024437,950.6442396447251,955.112548828125,27166900.0
2020-08-31,981.2228519777866,981.2228519777866,929.9275487290871,939.1124267578125,62076132.0
2020-09-01,947.8232778251647,957.9333821236513,930.8527051045198,942.0686645507812,38616258.0
2020-09-02,944.2125354209737,964.9743904615849,941.0531538410881,960.5512084960938,26949439.0
2020-09-03,960.4609660708118,965.3129161947521,949.177375013291,953.2846069335938,18586429.0
2020-09-04,940.3987281070342,946.4467283078576,935.275954940486,937.5552368164062,28475945.0
2020-09-07,940.6018292728933,950.4185474757394,922.6608419794579,939.9924926757812,21926473.0
2020-09-08,944.2125515075138,957.3015291324416,939.0220876589311,951.0278930664062,27397082.0
2020-09-09,941.0531948204808,978.4244877673116,939.4508806683891,975.5133056640625,55310877.0
2020-09-10,985.3299004503288,1058.3800235694275,981.83194598064,1044.410888671875,140304404.0
2020-09-11,1043.5085116113075,1055.1756852691165,1032.2700464158145,1047.00634765625,59470807.0
2020-09-14,1049.3758922384438,1065.1729199258552,1029.9679721043801,1039.2431640625,44063445.0
2020-09-15,1043.4858431799203,1049.7143521325797,1032.7437783357252,1046.60009765625,27178393.0
2020-09-16,1047.1190836022542,1069.392939817957,1042.8539659959436,1049.1727294921875,33952295.0
2020-09-17,1047.1190390154095,1053.3025400234242,1034.4137023752521,1037.528076171875,25828669.0
2020-09-18,1044.5238896915514,1046.8708623526327,1027.5081886685462,1040.6649169921875,33074915.0
2020-09-21,1038.0921685931473,1054.3405874780703,1014.3288768661703,1018.1654052734375,33627381.0
2020-09-22,1027.7112111815643,1027.7112111815643,993.6573068799258,997.990234375,34792254.0
2020-09-23,1020.0383606869218,1027.5983602691515,995.3498434566727,1006.8590698242188,42988708.0
2020-09-24,996.5232836861359,1004.6925597624013,982.1479436518912,984.472412109375,29826318.0
2020-09-25,987.9929866283342,998.7349916951074,978.1988318727759,993.7250366210938,28374935.0
2020-09-28,1005.1440030800964,1010.1088306263572,996.1396943292455,1000.2920532226562,19666849.0
2020-09-29,1004.2413355722142,1021.8436888287242,1000.2920490892888,1013.290771484375,25842539.0
2020-09-30,1020.0383427428203,1023.1977241154949,1004.2413164953268,1008.46142578125,24465159.0
2020-10-01,1021.7534684542669,1021.7534684542669,999.2765413206039,1004.3541870117188,20783227.0
2020-10-05,1012.8168908433682,1015.1412998899507,995.6658680054296,998.4641723632812,18922799.0
2020-10-06,1004.3541161410186,1008.2582155878782,993.702366618132,997.6290893554688,18412175.0
2020-10-07,1008.7548038474227,1042.154304099075,1001.9846493971844,1018.9100952148438,53170865.0
2020-10-08,1019.5869053069489,1023.6490692174933,1002.9323436724169,1010.6728515625,21077808.0
2020-10-09,1008.754766738928,1016.8789756571788,1000.6756850189712,1008.05517578125,18545499.0
2020-10-12,1008.7548876860138,1018.1202150643479,1004.8056604411823,1009.6801147460938,14226473.0
2020-10-13,1006.7689180188713,1031.6606295627953,1004.6250177214829,1029.38134765625,23112012.0
2020-10-14,1028.5689032035948,1039.8976215416956,1023.8748385588287,1032.450439453125,26742011.0
2020-10-15,1033.5787209899615,1033.5787209899615,990.7010157207518,995.8914794921875,20036197.0
2020-10-16,999.7278829970974,1007.6263364491078,980.6134107518138,982.03515625,21583600.0
2020-10-19,988.4668301104947,1005.9112981674255,972.7149304876791,982.2156982421875,31200385.0
2020-10-20,983.4794597665089,989.7982821843228,971.4059645919401,973.0534057617188,18482288.0
2020-10-21,978.5148226542062,989.3470825746206,946.8078286470422,958.9264526367188,34082321.0
2020-10-22,960.1901490428081,962.4919944695694,943.7612212611413,950.9601440429688,30802210.0
2020-10-23,950.5313739814042,963.6203515996452,946.198506037611,953.71337890625,23422125.0
2020-10-26,948.7034801284107,948.7034801284107,911.0387994567244,915.8230590820312,37324416.0
2020-10-27,918.4408237514781,929.7018515417203,904.9456412841947,918.2603149414062,36478896.0
2020-10-28,921.555066223106,928.7314851710537,906.0288613850042,907.8568115234375,29924017.0
2020-10-29,901.3348351173212,921.645358569465,898.6267852210569,914.8300170898438,30655304.0
2020-10-30,917.8088456567091,932.0713684328344,912.5281277212341,927.287109375,34021563.0
2020-11-02,914.875118139784,914.875118139784,839.1169961667077,847.3765869140625,99366895.0
2020-11-03,853.0409611809424,861.6165021715815,828.2621884933044,835.167724609375,88691623.0
2020-11-04,829.1197275153525,870.6434375225641,829.1197275153525,863.5121459960938,80180117.0
2020-11-05,882.355854367001,885.0639044213495,871.9974897863348,882.37841796875,37205373.0
2020-11-06,898.175475948344,920.7426584675038,892.8270071314915,915.8455810546875,66674086.0
2020-11-09,930.7172966945931,933.8315508837121,918.9371879060812,925.5719604492188,35838510.0
2020-11-10,937.4424565059559,943.3099481329342,921.2843506217042,940.85009765625,36934242.0
2020-11-11,942.8584390211519,945.5664886118119,892.8043204833926,901.4249877929688,56724780.0
2020-11-12,894.1133176465529,906.502703689629,886.8917719189561,893.6619262695312,40046527.0
2020-11-13,894.564633496026,919.2305871473199,894.4518154997988,901.06396484375,45388670.0
2020-11-14,909.4139110537326,909.5944198559474,900.5901107359409,903.7269287109375,5226220.0
2020-11-17,941.0531655438715,941.0531655438715,895.9186819311539,899.6422729492188,46542562.0
2020-11-18,899.6421732719438,905.6225415308988,884.680120055657,896.9115600585938,30402290.0
2020-11-19,896.9116378432019,907.4053832429535,888.3360969077845,890.5702514648438,27796343.0
2020-11-20,891.4051391187778,895.3769889613604,855.2975923532912,857.3286743164062,57471248.0
2020-11-23,880.5729426320072,889.148483349999,869.4021701299365,880.4375610351562,45327567.0
2020-11-24,886.4403880618394,890.9538240299142,871.9973571487645,886.4629516601562,30936268.0
2020-11-25,893.6618865906463,899.5068137121415,876.6011198738435,879.1286010742188,32637879.0
2020-11-26,881.4982370696008,886.8917730806558,871.1173098416299,881.2951049804688,25838637.0
2020-11-27,875.8337806497944,882.8747575932827,867.2131130290779,871.00439453125,47336811.0
2020-12-01,875.7661696758335,887.456025013745,871.1173516152288,882.333251953125,19750687.0
2020-12-02,883.957994019848,885.53774439738,873.3514311978975,883.800048828125,22188887.0
2020-12-03,890.0511607131228,894.1583922194357,884.0256651975251,886.4629516601562,27785372.0
2020-12-04,888.6971991448669,888.6971991448669,875.6082215278506,878.65478515625,18464552.0
2020-12-07,875.8790518310219,886.891820126114,875.8790518310219,883.8226928710938,18242188.0
2020-12-08,885.1540651059471,909.1204263018327,880.1215470992155,899.8678588867188,43403061.0
2020-12-09,907.179721423537,917.9442894095523,902.3503351540464,914.8525390625,29175254.0
2020-12-10,912.4378508699459,915.5521050393417,903.1401558672769,905.8482055664062,16065507.0
2020-12-11,908.5563989714369,919.8400506046492,891.0668016166311,905.3067626953125,26944202.0
2020-12-14,906.2770186070177,909.4590234227397,896.5279914527346,898.7621459960938,17312747.0
2020-12-15,898.0400384687348,898.0400384687348,885.1315694222841,891.1119384765625,18551265.0
2020-12-16,897.2727587493416,900.4096365369544,887.2077809533278,892.1048583984375,18561011.0
2020-12-17,895.6930552499342,904.9456238899453,892.3756687000254,896.1895141601562,20252358.0
2020-12-18,893.7071594170455,904.9004961820984,886.8918178223723,898.875,18466344.0
2020-12-21,907.2023343255363,912.6184341659626,837.3567682633857,875.4727783203125,44135540.0
2020-12-22,879.6703154945026,884.13862467934,852.3413781920493,874.1187744140625,28140001.0
2020-12-23,871.0947542977892,880.7760906412614,866.8746448149003,877.3458862304688,19501410.0
2020-12-24,878.7676453803593,902.147297408828,878.2711864494689,900.048583984375,20776988.0
2020-12-28,905.7128472166959,910.8130563627905,900.5675108718648,904.1782836914062,17221499.0
2020-12-29,906.7509753463718,908.2404117114976,894.8128611333499,898.197998046875,18611939.0
2020-12-30,900.5449578807359,905.9384938821528,891.6534670154136,900.6577758789062,22043630.0
2020-12-31,899.7551043755919,908.0598221912284,893.0300772883096,896.0540771484375,18781189.0
2021-01-01,897.27275515116,901.3348599535196,894.5647051802756,897.047119140625,10015175.0
2021-01-04,900.4772253363753,902.1922975973049,888.2457850636894,898.5590209960938,24513534.0
2021-01-05,888.6971735420237,895.286819208082,882.8296824610696,887.3883056640625,24123091.0
2021-01-06,887.2979208301023,887.3430480265655,859.8787914584216,863.9860229492188,46401468.0
2021-01-07,866.8069639014568,877.8649187321673,859.8788642012053,862.5869140625,32325918.0
2021-01-08,865.678604878862,874.8860460383853,863.0156822176616,872.7647094726562,27540187.0
2021-01-11,875.0665690475399,875.0665690475399,854.1693322211945,856.313232421875,33307825.0
2021-01-12,858.9084582491231,884.6350813991116,857.5092762592445,883.3036499023438,41161546.0
2021-01-13,886.2373626282811,891.3826993524976,865.8817711258671,875.0665893554688,26619458.0
2021-01-14,877.8649064942006,887.7493749036234,875.1794202704835,884.9058837890625,21553242.0
2021-01-15,884.9059553680901,890.8637012770374,866.6039495178113,874.4573364257812,20593268.0
2021-01-18,879.7154868801754,901.3348792931557,868.0933816341949,895.44482421875,35100458.0
2021-01-19,900.2741645341835,916.6805284572496,900.2741645341835,910.0909423828125,32006615.0
2021-01-20,912.3476352561834,928.8668167227358,903.3207030552749,927.3773803710938,30924537.0
2021-01-21,939.6990432246472,956.8501242760648,936.5396618324675,947.5524291992188,39087742.0
2021-01-22,952.7880171566991,954.7514084138397,918.5535459475058,925.0755004882812,30532660.0
2021-01-25,918.4633817134077,918.4633817134077,871.9974654980874,876.0595703125,54207104.0
2021-01-27,868.8380370064367,868.8380370064367,852.13828693381,855.2976684570312,42370131.0
2021-01-28,848.5951547796549,868.0707040284875,844.0140279643443,846.9703369140625,34067814.0
2021-01-29,854.9817946807146,863.4670819198745,825.9603466313996,831.3539428710938,43712383.0
2021-02-01,839.2298143671649,859.8111004411335,834.084477925657,855.43310546875,34180952.0
2021-02-02,863.9860695183817,875.6081736879117,837.2213427448476,869.1990966796875,41470034.0
2021-02-03,870.3275762318168,881.0243952288587,857.5544879536694,871.3882446289062,30301696.0
2021-02-04,868.3866534338506,875.6081993096957,859.8111124753323,868.5220947265625,25626981.0
2021-02-05,871.1173559922115,877.7070019033696,866.5813559125976,868.2738647460938,20248046.0
2021-02-08,872.4712846072483,888.6971388465231,870.6659579070334,880.7760620117188,21183400.0
2021-02-09,885.5153163375164,897.9949582317895,881.1598247943388,882.8974609375,19604141.0
2021-02-10,881.8142219915239,895.8058629486737,869.8761074541144,891.0892944335938,21234156.0
2021-02-11,893.6618940174507,931.6651427302581,890.1639989701773,927.8286743164062,42539278.0
2021-02-12,927.738416899162,937.8936480254456,909.6394857850835,921.4647216796875,30497029.0
2021-02-15,924.375996830397,930.3563061780627,913.9725053748315,917.4027099609375,15791099.0
2021-02-16,920.6298293819443,938.5256299749142,918.4859291608079,929.5438842773438,21421660.0
2021-02-17,929.7695004811927,945.9953555067547,925.5268870227972,940.2633056640625,23742994.0
2021-02-18,941.0531936529034,951.6146304224952,929.3633380518262,933.2449340820312,18646877.0
2021-02-19,928.4155145358285,950.0574695218014,926.745509641073,938.9318237304688,23403483.0
2021-02-22,938.7964367473062,943.2647459186029,900.4096042931712,906.3447265625,23804335.0
2021-02-23,924.3534067368045,926.5649977273687,908.8271426020757,913.2728881835938,25644108.0
2021-02-24,916.22912574907,932.139029538801,914.4914301945876,930.2208251953125,10807663.0
2021-02-25,936.9909986645049,971.2931609562635,935.6369439506498,967.8403930664062,34855693.0
2021-02-26,955.4961387654923,963.123829134179,934.5988434646592,941.4141845703125,37481215.0
2021-03-01,952.4269238065036,953.2393924295695,930.8977886745398,948.5905151367188,17680764.0
2021-03-02,957.752856616694,961.3635697154016,942.9036206682259,950.5313110351562,17150760.0
2021-03-03,957.3240740262065,1001.9394719927689,951.0729423807295,993.905517578125,31924461.0
2021-03-04,983.9308776144062,988.421750465709,973.8659000002634,982.0578002929688,21435754.0
2021-03-05,973.0985692708165,998.3512962856287,971.7670781260525,983.3440551757812,25511666.0
2021-03-08,978.7404377726681,1007.355680497462,978.5148017597687,988.9408569335938,19506841.0
2021-03-09,992.9576314805555,999.1861993021838,968.8558884914019,988.9180908203125,15154484.0
2021-03-10,996.1171885060364,999.7730887336929,979.5302558776189,984.8109741210938,11519358.0
2021-03-12,990.7010162557301,995.8463528292266,958.6104430105866,964.7938842773438,16864952.0
2021-03-15,965.899662068002,969.894016181107,939.022056998036,951.8402709960938,16698099.0
2021-03-16,954.142054646313,959.558213666829,945.7922099765842,948.0940551757812,13873801.0
2021-03-17,946.9431947370554,949.1773492874154,918.5310260738679,927.6707763671875,19210236.0
2021-03-18,935.5918307044085,940.9628627496759,903.1401815146905,906.7960815429688,20647480.0
2021-03-19,898.6267780925764,945.9502287147974,894.9257507304794,939.6990966796875,41787429.0
2021-03-22,934.7343792696068,936.0883744343231,917.6735507192288,930.852783203125,18572478.0
2021-03-23,930.6496079854647,952.2013071535108,927.9641218620927,942.1814575195312,17421165.0
2021-03-24,938.6834565244449,938.6834565244449,920.9230994729037,924.037353515625,16822814.0
2021-03-25,927.0614969311192,927.0614969311192,895.9187129062007,898.8298950195312,22001648.0
2021-03-26,908.1049312659724,908.8722130154059,890.8184686126791,900.2741088867188,20180202.0
2021-03-30,906.2996230548414,924.7596332154852,898.8750045089173,915.9132690429688,20441701.0
2021-03-31,910.8129767984473,925.2108202360249,902.2373771781449,904.087890625,16250796.0
2021-04-01,910.813145160988,916.2292452262719,904.1106213459858,912.55078125,11723312.0
2021-04-05,913.9498534023671,913.9724170012217,885.5828730456216,899.348876953125,14875099.0
2021-04-06,904.4942127215924,904.9229807916713,888.6971267728383,895.6027221679688,14009194.0
2021-04-07,902.6889763377594,923.8570380171361,899.6649760538585,903.9752807617188,24266353.0
2021-04-08,907.6536814191865,912.6184496390974,899.5294718287386,905.1035766601562,15369188.0
2021-04-09,901.9892738152234,905.5548598128081,893.661932570132,894.5872192382812,14037885.0
2021-04-12,884.1837415365642,885.2669734194948,857.6672732350632,862.5869140625,20901482.0
2021-04-13,868.3866470158723,875.8790157297038,865.6109063786529,871.9071655273438,19411189.0
2021-04-15,869.4247410901053,885.0863863250735,863.421868505896,877.5489501953125,19723716.0
2021-04-16,874.07356246059,880.0764346591261,869.4923760258712,872.04248046875,15656948.0
2021-04-19,859.3597599294095,864.9564280013587,853.0409372873982,858.3216552734375,18478808.0
2021-04-20,862.2935362093694,866.129945192319,853.244099852856,858.073486328125,17203668.0
2021-04-22,854.0565402952617,864.0763909126439,847.038126173648,860.4430541992188,14490954.0
2021-04-23,860.2626015730614,866.0849064432063,855.4557782072471,859.5178833007812,11828857.0
2021-04-26,866.5813583165724,885.5378273951245,862.7448895453444,874.6378173828125,20846778.0
2021-04-27,875.6081368680552,901.4250123029811,874.8182915364723,897.5660400390625,19992524.0
2021-04-28,901.7184741400474,906.2996013229371,893.7297060704715,901.47021484375,17122437.0
2021-04-29,913.0246189844161,922.7737059327087,905.9837012820783,913.543701171875,17412606.0
2021-04-30,906.5251819339383,918.9371304079922,897.0695422715015,900.2063598632812,19828769.0
2021-05-03,887.3431780134558,893.2106694861402,877.007436823715,884.2063598632812,23640186.0
2021-05-04,880.1216239409943,888.1555786981006,862.5192105636345,865.0466918945312,21849830.0
2021-05-05,868.0932764991574,874.9311213941457,861.1876811156937,866.6264038085938,12393609.0
2021-05-06,867.4162254267926,873.3514068231331,860.533193830387,871.5460205078125,14624666.0
2021-05-07,874.5926935213764,882.6717759114722,869.2894115930914,871.8846435546875,12288548.0
2021-05-10,875.1568754240988,878.677334300937,867.010102487007,869.379638671875,13941237.0
2021-05-11,864.324640162575,874.9537675806936,862.0678622246373,872.5165405273438,13478264.0
2021-05-12,871.1398152651564,872.4035558387152,860.7137615341056,863.489501953125,13177961.0
2021-05-14,870.2146050700743,876.5108642766377,860.2625054108522,874.3895874023438,13291616.0
2021-05-17,874.3895393110239,886.1921519936135,871.2752254332202,884.7930297851562,11873078.0
2021-05-18,894.1133650520243,903.8623926091062,890.2768962963072,897.2501831054688,12064918.0
2021-05-19,893.6619198826413,910.1134700489604,890.0512067367108,901.3573608398438,16317002.0
2021-05-20,901.7410386469029,907.6085298258828,894.1133478678807,896.0992431640625,11422532.0
2021-05-21,899.0781478980009,907.0217890570246,896.3700979084354,903.83984375,10785605.0
2021-05-24,906.2995151967815,907.1119838096187,894.5645936578591,896.2119750976562,8551760.0
2021-05-25,901.0640055897504,901.3348284850034,884.6350781454706,886.0568237304688,14780102.0
2021-05-26,891.4052973188182,893.4363796423949,887.0273019371077,889.171142578125,7480204.0
2021-05-27,889.283937975624,899.5294239766795,885.6506014850115,891.9017333984375,26819294.0
2021-05-28,898.1754900723914,950.0800703747383,898.1754900723914,945.4763793945312,56469931.0
2021-05-31,948.7259715836556,989.2115769657272,941.0757172389948,975.0393676757812,59124142.0
2021-06-01,977.6120318921522,993.860450495012,968.8107952002592,978.9209594726562,28013832.0
2021-06-02,973.5499025688986,997.2455024822107,973.5499025688986,993.5219116210938,24630162.0
2021-06-03,1002.4358843892015,1015.5249208069228,991.1974809457165,997.3131713867188,23974257.0
2021-06-04,999.6376236399614,1000.38234182816,985.8490553582253,988.6699829101562,14468646.0
2021-06-07,993.8604848949419,1011.9142309078353,986.1876070242225,1005.3245849609375,16336573.0
2021-06-08,1004.9635840254113,1005.2117836404444,992.1228056254331,999.5474243164062,9674735.0
2021-06-09,1001.5332651004173,1002.4359284900111,973.9786921208427,981.6741333007812,11409161.0
2021-06-10,989.9788572705107,1006.4980988117626,982.8250618353879,985.284912109375,14155653.0
2021-06-11,988.6745798453265,1009.1011952964063,987.4063735342977,1002.3753051757812,13762778.0
2021-06-14,1003.2133236938203,1022.8019971914159,994.1775627019242,1016.7555541992188,20332436.0
2021-06-15,1024.04738247787,1030.3428892787051,1014.6719292575741,1019.0652465820312,15174215.0
2021-06-16,1016.7554197633551,1017.7291568032897,999.0689384128791,1001.6732177734375,10797349.0
2021-06-17,996.419402245226,1012.2715613635339,987.315775310826,1003.507568359375,15745975.0
2021-06-18,1007.9687553467284,1012.2715036865906,989.3311797612216,1008.0366821289062,29369026.0
2021-06-21,998.0046053152495,1017.9329096042337,996.4873342427861,1013.29052734375,12186448.0
2021-06-22,1020.8769459855561,1024.0474616919707,1005.1833424900376,1008.08203125,12871913.0
2021-06-23,1019.0653658677555,1019.3370730246654,997.1894056266616,998.8425903320312,16653951.0
2021-06-24,999.5219522378009,1003.0320420254984,969.24439537304,975.3587646484375,91461975.0
2021-06-25,975.3587188779936,975.3587188779936,942.5674531142881,953.14306640625,55355022.0
2021-06-28,961.0918068108575,963.129909816626,942.5221576464701,944.7867431640625,20277042.0
2021-06-29,946.3720075153033,955.2039275943256,943.9262837366043,945.60205078125,27144063.0
2021-06-30,949.4291224770184,961.3861531398231,947.0739679222726,955.951171875,19762858.0
2021-07-01,959.280142195751,961.6126545352091,948.863024683412,950.1991577148438,12534407.0
2021-07-02,949.7688254664646,966.0286046961062,947.9345027993265,964.2848510742188,14086620.0
2021-07-05,967.6364952540457,975.3814069298204,965.3945518663345,973.8641357421875,11702287.0
2021-07-06,971.4863144110957,973.2752927037599,960.2765977537204,962.3599853515625,10070124.0
2021-07-07,963.6961219133111,963.6961219133111,950.2218196134942,955.679443359375,10454892.0
2021-07-08,958.8045791709611,958.8045791709611,942.5221577829742,947.7760009765625,11185460.0
2021-07-09,945.6925548959384,947.3683817256788,935.7736870853545,938.0835571289062,9037675.0
2021-07-12,941.9559723923293,951.8069732106677,939.5781755914345,943.9262084960938,8585292.0
2021-07-13,951.1276138236502,952.5090313833667,945.7152147930674,950.9917602539062,6717133.0
2021-07-14,951.2860904215172,954.2300635744198,942.6353689523012,944.7867431640625,8532544.0
2021-07-15,948.8630578642602,948.8630578642602,941.3899132919198,943.1336669921875,9448356.0
2021-07-16,945.5793426478567,957.8081403899708,945.5114158643191,956.7437744140625,8828185.0
2021-07-19,951.1275859545519,961.9976083202988,947.6174964042133,950.6520385742188,8354449.0
2021-07-20,950.9011562369292,954.7509997157346,943.8809767465054,948.3195190429688,6741464.0
2021-07-22,959.7330950269046,961.9523961689722,950.2897739918685,960.5030517578125,7972397.0
2021-07-23,966.7306870173245,966.7306870173245,952.0561048845019,953.7092895507812,9937030.0
2021-07-26,954.7510454031105,960.6389323639107,938.0383595793566,940.6426391601562,12389668.0
2021-07-27,940.6199818363403,943.7450933231961,924.8584510240973,930.746337890625,10824523.0
2021-07-28,932.1050710097164,932.1050710097164,913.1957274047861,922.7523193359375,12897848.0
2021-07-29,930.2934291945161,939.5329699424876,925.4924907676273,929.9537353515625,13765738.0
2021-07-30,932.1050565925411,936.6115854453042,919.9215431668897,921.8238525390625,11350608.0
2021-08-02,930.4292625094815,941.7974744869755,924.4733894897529,938.67236328125,10925104.0
2021-08-03,946.5984271599676,947.0513322851771,934.9131634487219,945.579345703125,11817299.0
2021-08-04,948.5911674624529,957.4683707455586,945.2395739719021,952.8259887695312,13169800.0
2021-08-05,957.604315821072,975.9474827845528,953.0525024475675,966.6400756835938,21252078.0
2021-08-06,964.6924564242829,972.392083052254,941.5030673967123,946.1681518554688,16620987.0
2021-08-09,942.522196064497,946.5078930939915,935.9548618556917,940.7784423828125,7494143.0
2021-08-10,942.9751378756041,957.0156171230963,939.2385654839516,945.7152709960938,11919198.0
2021-08-11,949.7462363911606,960.1859966454768,943.6092248291548,958.963134765625,9184963.0
2021-08-12,962.4052292074406,962.994047792915,953.3921717385531,955.8832397460938,8137612.0
2021-08-13,958.9630848706249,973.7282353115995,955.181228214771,971.8032836914062,12780901.0
2021-08-16,973.4791039346753,997.7781437654177,963.8772277608733,984.4170532226562,21935444.0
2021-08-17,982.3110475847799,989.716205298415,972.7997402220516,980.2276000976562,12658169.0
2021-08-18,984.6435653646352,990.4408829212671,974.9511198541776,984.0321044921875,10075860.0
2021-08-20,970.6030393085123,983.7376470917055,967.88554870858,972.9808959960938,9426282.0
2021-08-23,984.6435509846982,984.6435509846982,965.7568499022403,979.3670654296875,9854395.0
2021-08-24,980.5899844960273,992.7961409161452,976.3098780018888,989.0369262695312,11864472.0
2021-08-25,989.8069092436782,1005.4778714076189,987.4064100092222,997.5970458984375,13380559.0
2021-08-26,1000.0427010414176,1016.7553848783828,998.6839258042111,1010.210693359375,18589616.0
2021-08-27,1013.1773788430729,1015.7817181947378,1003.6887734868195,1008.829345703125,10480636.0
2021-08-30,1019.0653841621985,1030.7733511879242,1013.086868200183,1028.2369384765625,14027062.0
2021-08-31,1031.248880823453,1034.3513502485355,1015.5552757824454,1022.7567138671875,26485463.0
2021-09-01,1029.482446811587,1038.495504793424,1024.9532755584123,1026.8101806640625,11145486.0
2021-09-02,1021.3299483032399,1045.2440116453542,1021.3299483032399,1039.1749267578125,9956770.0
2021-09-03,1046.2403322593964,1084.7384068201698,1042.8435137983438,1081.79443359375,30664428.0
2021-09-06,1092.8909697996994,1123.2365131929273,1092.4380047519112,1098.5977783203125,33641710.0
2021-09-07,1100.5904921516135,1113.272195169168,1092.4379602260194,1105.52734375,17349882.0
2021-09-08,1110.5549614804072,1111.460771899485,1090.0150722909684,1101.2021484375,14301651.0
2021-09-09,1099.6394421897962,1104.145971203985,1094.2950296674799,1098.5977783203125,8963249.0
2021-09-13,1101.949327153265,1101.949327153265,1072.5323557228828,1074.1175537109375,16311160.0
2021-09-14,1075.6801166083583,1084.2854942866497,1071.6037904973264,1072.7135009765625,8908356.0
2021-09-15,1072.7360805602518,1085.0780298856923,1072.7360805602518,1077.1746826171875,9071075.0
2021-09-16,1078.6464444240007,1103.6474493260278,1072.0564694964737,1099.7750244140625,13448882.0
2021-09-17,1107.8371172912175,1112.2983612101125,1075.9516645338,1082.7227783203125,34882133.0
2021-09-20,1074.3666078022443,1095.3140549772365,1073.415512979037,1084.444091796875,11779819.0
2021-09-21,1089.2675674362638,1094.521410709491,1079.756260196694,1089.1317138671875,9915736.0
2021-09-22,1090.6262009705367,1106.0253328041451,1086.2102417475817,1100.81689453125,10995912.0
2021-09-23,1108.4713001643795,1130.9360171926044,1107.6107744419755,1127.7203369140625,15748397.0
2021-09-24,1133.9026086017536,1134.7631343059459,1119.613065939266,1124.459228515625,15192163.0
2021-09-27,1126.4068411721403,1145.8370159244848,1121.1077134942575,1143.3685302734375,15373834.0
2021-09-28,1147.6939414575027,1161.689135216267,1138.092065214608,1154.0574951171875,18035258.0
2021-09-29,1163.9992386829224,1163.9992386829224,1141.3760209862874,1144.9088134765625,9719875.0
2021-09-30,1143.617767070168,1147.965800183617,1132.4533348800387,1141.013427734375,13590654.0
2021-10-01,1133.1779894261922,1150.320936930379,1130.0302358504632,1143.0289306640625,8958928.0
2021-10-04,1156.2994941506686,1166.1957202690803,1149.0754144086845,1157.7261962890625,10918552.0
2021-10-05,1157.2505376163047,1183.0216242133338,1153.7403880823629,1181.75341796875,13533634.0
2021-10-06,1186.6222902143543,1186.6222902143543,1155.4389825506435,1159.4019775390625,10258881.0
2021-10-07,1175.3219190109808,1177.0204479976474,1162.9573276219362,1165.0860595703125,6336665.0
2021-10-08,1170.9058970806193,1215.8128063604343,1169.2074879845059,1209.85693359375,15772493.0
2021-10-11,1223.512539721895,1231.9367793726578,1198.1264896541243,1201.4327392578125,14768666.0
2021-10-12,1197.9680041586355,1215.1788796176056,1196.2694750157295,1208.29443359375,6682011.0
2021-10-13,1213.3669853963502,1231.7102112927382,1208.9736680853593,1220.591064453125,9959762.0
2021-10-14,1223.036805981498,1230.7817769408248,1217.0809330176019,1223.0594482421875,8623469.0
2021-10-18,1208.6567177514992,1243.2596035729455,1205.8033136478314,1226.320556640625,13594479.0
2021-10-19,1233.6577079515857,1246.1356302424738,1226.5016753447112,1237.3037109375,8833409.0
2021-10-20,1242.2405578545067,1242.2405578545067,1219.0285268378586,1223.0594482421875,12710570.0
2021-10-21,1235.2884806281218,1235.560187794889,1179.0359922815946,1187.77734375,20831669.0
2021-10-22,1186.6448064236538,1206.9809106504802,1182.7950231580921,1189.9964599609375,11027475.0
2021-10-25,1213.819979870448,1213.819979870448,1163.9989792562783,1178.4017333984375,17198417.0
2021-10-26,1185.3315195274101,1208.7926167498356,1179.013250231775,1205.2371826171875,9750178.0
2021-10-27,1201.1382490708493,1212.3706072222662,1186.6221641632774,1189.9964599609375,9896298.0
2021-10-28,1186.6450838297792,1194.7749750089235,1173.284110478914,1176.95263671875,9886181.0
2021-10-29,1175.8428779756357,1175.8428779756357,1133.0648156155328,1148.713134765625,14233025.0
2021-11-01,1148.7130092033958,1157.6581394917466,1129.6224692481335,1149.4150390625,15481114.0
2021-11-02,1152.6760985535552,1154.0348738636576,1130.143454028727,1132.6571044921875,10569130.0
2021-11-03,1135.034999269857,1141.353269066621,1114.6310849978502,1124.8670654296875,11989430.0
2021-11-04,1129.101781492045,1134.5142410032367,1127.7657681126252,1131.7740478515625,1705656.0
2021-11-08,1141.081448693073,1141.3532756603024,1112.5476437566415,1133.1781005859375,20337183.0
2021-11-09,1134.5594552172417,1145.38413396809,1126.4295651226153,1142.1231689453125,15682497.0
2021-11-10,1139.858648545967,1158.5641535733516,1133.9480592535028,1154.8955078125,10253470.0
2021-11-11,1150.4341308509872,1164.2254244154967,1148.3959679290283,1157.00146484375,10722478.0
2021-11-12,1160.783343266853,1177.0204805624614,1158.1110771767962,1174.46142578125,8712341.0
2021-11-15,1177.586582367733,1178.583081524526,1163.9990683781703,1167.5318603515625,4803269.0
2021-11-16,1164.927627982119,1166.2637612012684,1130.0303872332545,1140.4022216796875,11337581.0
2021-11-17,1131.819326460902,1131.819326460902,1114.631092727357,1115.9898681640625,10202029.0
2021-11-18,1114.177982402732,1127.3126501781812,1109.6714536653499,1120.2017822265625,8505625.0
2021-11-22,1103.3533407297432,1109.1960026578379,1064.8099816539602,1070.584716796875,24124307.0
2021-11-23,1056.6801744196864,1087.5692534410966,1045.7875684738456,1080.59423828125,25326999.0
2021-11-24,1077.9444973476766,1091.4867243500764,1061.4356552775093,1064.9910888671875,16820296.0
2021-11-25,1074.7742721480843,1133.2006528139436,1067.5954770563671,1129.1016845703125,42401936.0
2021-11-26,1117.7107252384765,1122.1493269988055,1087.6822964764374,1092.709716796875,15763138.0
2021-11-29,1104.712245845007,1132.2949564813318,1086.5954393266575,1105.7991943359375,24325354.0
2021-11-30,1117.8011444497688,1121.3792200504852,1081.952701272337,1089.448486328125,32172299.0
2021-12-01,1101.9492572911422,1120.5189065172979,1098.3711810133602,1117.3485107421875,10104610.0
2021-12-02,1118.5714698041102,1130.5737867535804,1114.9028239659328,1124.52734375,12720411.0
2021-12-03,1131.5703398085593,1131.6156243395585,1087.003173284586,1090.73974609375,19222481.0
2021-12-06,1094.2497321105475,1098.3259382907745,1067.595476803198,1070.0638427734375,10332254.0
2021-12-07,1076.2010153934032,1088.8146726752468,1068.8863664494722,1078.7825927734375,11235122.0
2021-12-08,1097.9184786382343,1101.4058665244686,1089.8565147837464,1095.200927734375,8744178.0
2021-12-09,1102.8551026436394,1120.9265028973477,1098.3259314492311,1112.5701904296875,13213547.0
2021-12-10,1105.2327501452526,1116.8954302844725,1100.7488640809006,1113.702392578125,8364414.0
2021-12-13,1120.2923720879173,1120.5640791956964,1088.8144806900814,1091.37353515625,12901733.0
2021-12-14,1077.944646457222,1089.7205393231307,1074.9553887174345,1078.0125732421875,12991523.0
2021-12-15,1079.7563157042177,1089.2676234327396,1069.38448219365,1074.8648681640625,9366969.0
2021-12-16,1089.5845283011158,1094.0231302341062,1072.8039773873268,1088.769287109375,9761279.0
2021-12-17,1086.1196915464664,1090.6262198818429,1050.7693748912868,1060.0316162109375,21049821.0
2021-12-20,1049.7957435304404,1049.7957435304404,1017.7517924627566,1031.45263671875,14325846.0
2021-12-21,1046.8518030785813,1062.5454064146618,1038.1784989493156,1046.8065185546875,12836561.0
2021-12-22,1052.9887088013688,1074.275907104783,1051.6753379399179,1071.64892578125,17658543.0
2021-12-23,1075.2271551661324,1077.944705915956,1068.0031950967277,1071.26416015625,9072401.0
2021-12-24,1073.4153876003008,1083.3795393185057,1058.7181649806878,1074.68359375,7886494.0
2021-12-27,1069.5884556164642,1077.038958550713,1063.4967281365457,1073.52880859375,4017223.0
2021-12-28,1075.9517717574063,1089.1996512774408,1074.7968966086662,1086.2783203125,6374613.0
2021-12-29,1082.9269385141147,1095.6086434721246,1078.8958965572567,1088.135498046875,15425312.0
2021-12-30,1087.003127167027,1089.245070757408,1062.3643899373753,1068.478759765625,29333171.0
2021-12-31,1074.7741732718725,1079.710904759357,1068.8862272626782,1072.5775146484375,9477290.0
2022-01-03,1071.150790940942,1090.6036067166367,1070.4940456132024,1088.74658203125,5421611.0
2022-01-04,1094.2045607530267,1114.6311178916164,1088.8147434123907,1113.317626953125,10847728.0
2022-01-05,1115.0840198447643,1121.877776996668,1101.9267085410534,1118.526123046875,11643813.0
2022-01-06,1110.1924425923644,1111.4606489189575,1091.0792578429503,1094.4761962890625,14447422.0
2022-01-07,1101.0207557139988,1113.294777565113,1092.2341211399646,1103.3079833984375,13112115.0
2022-01-10,1110.554901449293,1112.819487274749,1094.2724778501188,1104.2139892578125,9246731.0
2022-01-11,1103.3081569787676,1120.9492358826358,1102.8551919025351,1112.1627197265625,16205164.0
2022-01-12,1119.2960312179016,1143.595131948247,1116.4426269818646,1141.851318359375,14800442.0
2022-01-13,1141.9194026287705,1150.8645340891296,1136.0993826537385,1148.2828369140625,11856712.0
2022-01-14,1148.146875628832,1162.776052313962,1144.0026230998735,1149.95849609375,19930176.0
2022-01-17,1149.5055923237667,1161.734329339856,1149.0526273304495,1155.9595947265625,8036453.0
2022-01-18,1157.0922278353653,1160.5343313379433,1139.4283858183082,1142.1685791015625,6215029.0
2022-01-19,1145.882257497244,1151.3172385374578,1136.370950826631,1142.0777587890625,9755485.0
2022-01-20,1132.3175229917704,1136.8014098425185,1111.913489734347,1122.08154296875,16494486.0
2022-01-21,1110.5548482538704,1133.3139167394952,1110.5548482538704,1122.2626953125,13338594.0
2022-01-24,1120.9718770080574,1134.4463001586594,1066.6671028591084,1076.99365234375,21868937.0
2022-01-25,1064.1532222498897,1081.8623458947789,1043.9757327083191,1074.887451171875,24510205.0
2022-01-27,1058.0161903944513,1067.1198169153088,1046.7159051568356,1058.96728515625,20020431.0
2022-01-28,1071.1509600753575,1076.0876922422228,1054.5741878483832,1057.9483642578125,14667727.0
2022-01-31,1068.9769283849403,1089.9017336429354,1067.1651879580827,1080.9339599609375,12143683.0
2022-02-01,1090.6263567842825,1096.333045361315,1063.0436492942567,1077.3558349609375,13200509.0
2022-02-02,1090.1733881906252,1090.1733881906252,1075.725349000261,1079.552490234375,10017691.0
2022-02-03,1083.3795890325775,1087.6596951339798,1063.0888887078768,1065.6025390625,9572839.0
2022-02-04,1060.280768575064,1063.655064440526,1051.2677111603737,1055.887451171875,11061241.0
2022-02-07,1060.7336971993545,1067.4368843783152,1043.9756693517945,1049.4560546875,10714467.0
2022-02-08,1055.5931024543218,1068.8862659765236,1046.240291320876,1067.09716796875,12060849.0
2022-02-09,1073.9363098694528,1081.2056742872649,1067.9805561051007,1079.5299072265625,11486225.0
2022-02-10,1085.055306543387,1085.055306543387,1071.19608713209,1078.420166015625,12464491.0
2022-02-11,1074.887506839841,1079.982854527415,1061.6849113374171,1076.314208984375,15943370.0
2022-02-14,1059.9410992209632,1066.599001885618,1047.5990308751595,1059.171142578125,10719633.0
2022-02-15,1064.9006018983252,1097.8278430466569,1057.880422222606,1095.1329345703125,11212671.0
2022-02-16,1100.5904953127101,1101.9492706042658,1085.16871921443,1092.8682861328125,10392840.0
2022-02-17,1096.1065786813085,1111.8681080705421,1091.5321231787168,1106.704833984375,12853252.0
2022-02-18,1107.1126644779383,1112.5476464311962,1096.129369451274,1098.0543212890625,6775458.0
2022-02-21,1092.4380298945582,1103.9875007758346,1080.0281530233087,1086.957763671875,11107193.0
2022-02-22,1065.6705251768456,1085.146105195485,1063.066305633856,1082.0208740234375,13494914.0
2022-02-23,1087.5012562225045,1089.9696221846223,1072.5096827529123,1075.249755859375,7310110.0
2022-02-24,1043.975778151862,1059.7827129241718,1016.0760782454672,1021.6695556640625,24846650.0
2022-02-25,1032.698081014629,1045.3118571320392,1030.9543872983322,1034.44189453125,14570089.0
2022-02-28,1015.894992677199,1072.2152872381166,1015.894992677199,1068.6824951171875,21297446.0
2022-03-02,1057.314141139364,1087.4559017749605,1054.9363443782538,1086.34619140625,21471786.0
2022-03-03,1087.002981514595,1093.7288113845136,1073.4381104672327,1077.1746826171875,10186748.0
2022-03-04,1065.7159678106761,1070.8339584078715,1050.928292256373,1053.283447265625,10805667.0
2022-03-07,1032.0639824642974,1047.1915288477956,1006.3835848910501,1014.3323364257812,17983310.0
2022-03-08,1001.6279025675499,1017.2536381523959,987.361002125067,1012.4979248046875,21289374.0
2022-03-09,1012.7244638561707,1072.05665089973,1011.8864606126765,1066.2139892578125,20414228.0
2022-03-10,1087.0029472759036,1089.267532756051,1068.8862634347242,1083.4927978515625,17980493.0
2022-03-11,1076.1555181267943,1091.9850941858494,1076.1555181267943,1086.617919921875,12257423.0
2022-03-14,1081.0697243173254,1098.0541754406872,1075.2270625884603,1095.5404052734375,8340678.0
2022-03-15,1099.6620420875429,1099.6620420875429,1060.2128731362302,1070.4488525390625,15925769.0
2022-03-16,1078.8504605069668,1090.5810688907009,1076.6311594559988,1088.520263671875,11149828.0
2022-03-17,1101.8362205198277,1131.1173411560007,1093.8421832317183,1124.006591796875,21422098.0
2022-03-21,1106.9315283978274,1125.0482148088292,1104.6669425964524,1117.52978515625,11999466.0
2022-03-22,1114.2232739689239,1148.124249688356,1111.2794206216663,1146.4031982421875,22557065.0
2022-03-23,1142.7120228084564,1161.666592238369,1142.7120228084564,1150.0491943359375,15462187.0
2022-03-24,1136.8240104486479,1170.4078760728964,1136.8240104486479,1167.916748046875,13168266.0
2022-03-25,1169.660588741769,1184.833300668766,1167.169460657995,1175.70703125,14222488.0
2022-03-28,1182.1157391354113,1191.0608703717303,1171.472198621402,1187.5281982421875,9891424.0
2022-03-29,1194.7974641560254,1194.7974641560254,1180.9382429362058,1187.7999267578125,8684065.0
2022-03-30,1195.6580225208536,1217.4433519238278,1185.3314742474283,1210.626953125,15811550.0
2022-03-31,1207.0036419353132,1209.1550162306944,1190.5400818204482,1193.325439453125,13223718.0
2022-04-01,1193.891542920345,1207.094137293246,1187.5507515318518,1202.8819580078125,7922880.0
2022-04-04,1202.7009276541294,1211.555489970758,1196.45070474843,1206.4375,7929162.0
2022-04-05,1200.7307025551163,1209.2456310104756,1186.9620503043643,1189.3851318359375,13149870.0
2022-04-06,1171.744039651222,1193.2122590361132,1171.744039651222,1186.2147216796875,12257215.0
2022-04-07,1175.3672812713683,1180.3041331292436,1162.6402930619627,1165.2899169921875,15496499.0
2022-04-08,1159.4697737682463,1188.909504082465,1159.4697737682463,1184.6746826171875,15152495.0
2022-04-11,1177.5865608022991,1195.0466201854251,1169.8869936426172,1182.2064208984375,9254209.0
2022-04-12,1171.698565177911,1178.7641486995603,1157.3863798447205,1159.9454345703125,13217742.0
2022-04-13,1166.0371790472568,1174.2349955581562,1152.9025109003892,1155.68798828125,10354235.0
2022-04-18,1147.2410619855225,1159.3792305452218,1142.1683569783831,1152.1551513671875,9974224.0
2022-04-19,1158.5639783200388,1208.3849780863475,1155.416224906424,1196.0655517578125,26141820.0
2022-04-20,1203.4481327307994,1238.2775602010167,1199.8247720277507,1231.234619140625,25072240.0
2022-04-21,1245.9319403276972,1263.1880996959114,1237.3717275306717,1260.06298828125,21708633.0
2022-04-22,1249.5551722154648,1269.075915209395,1242.8972695502077,1249.5098876953125,15054154.0
2022-04-25,1242.0821076628993,1249.3287095526507,1206.414795351199,1220.61376953125,17063215.0
2022-04-26,1227.4075203143414,1265.9055943331985,1226.3658564890222,1257.1416015625,12227666.0
2022-04-27,1248.1738072854712,1280.8518611647926,1247.8114113086813,1258.364501953125,19338945.0
2022-04-28,1272.676636154816,1291.2689267231667,1261.874481071713,1277.1605224609375,25614076.0
2022-04-29,1293.6014412995023,1293.6014412995023,1257.888846605604,1263.754150390625,18214862.0
2022-05-02,1250.9592399328203,1270.6611211332292,1249.1701419744186,1259.3155517578125,9467006.0
2022-05-04,1261.376566525436,1263.6411523249315,1212.1443778001394,1220.00244140625,19247660.0
2022-05-05,1233.5219702392728,1236.4659436174286,1192.0800401164388,1196.1109619140625,17210669.0
2022-05-06,1183.112189870724,1204.3087009820067,1174.6651887519583,1186.9393310546875,19649948.0
2022-05-09,1166.2411334825588,1176.2733340833229,1135.4653835305458,1140.5833740234375,18083752.0
2022-05-10,1130.0301899582084,1144.3423749690376,1113.2721615832613,1120.813232421875,19511677.0
2022-05-11,1119.9075231154202,1125.478478168712,1096.9445548183617,1109.3319091796875,16643899.0
2022-05-12,1099.458434885726,1102.7873270518787,1073.4156370472006,1086.7314453125,20490321.0
2022-05-13,1098.7788299822744,1122.3304948076038,1093.9551898739935,1099.050537109375,19308778.0
2022-05-16,1102.60611718799,1123.689419002713,1094.544153545097,1099.322509765625,13437911.0
2022-05-17,1102.9002734069516,1150.3661168047677,1101.4962137094635,1145.4971923828125,16551828.0
2022-05-18,1150.2530031709177,1163.9990123371506,1136.0313867118257,1149.6641845703125,17276788.0
2022-05-19,1125.0480019185666,1137.9561265637965,1116.918112875952,1123.1683349609375,14699118.0
2022-05-20,1137.956229855782,1197.6961004424857,1133.2006360812218,1188.660400390625,21793091.0
2022-05-23,1191.8533389891315,1201.8402528023153,1174.416043471332,1180.711669921875,15252755.0
2022-05-24,1180.7569797022973,1194.7973375363194,1176.5448004718992,1184.7652587890625,13527818.0
2022-05-25,1193.4387237828619,1203.2670225299603,1178.2658929997126,1183.0216064453125,12714544.0
2022-05-26,1188.637781781663,1193.3934954511844,1154.0348942869591,1171.7440185546875,17882023.0
2022-05-27,1174.4388502012214,1179.9191164627784,1150.4568600156867,1166.3089599609375,16521973.0
2022-05-30,1184.3802630005096,1211.1024440039564,1174.959644745959,1206.9356689453125,13853398.0
2022-05-31,1196.337262181718,1213.2764285050255,1184.6973432373502,1192.374267578125,70620653.0
2022-06-01,1193.121675611818,1202.587698682473,1184.9238588339676,1192.7593994140625,9776989.0
2022-06-02,1192.9858825014019,1237.575687367432,1192.9858825014019,1233.8843994140625,22126569.0
2022-06-03,1242.8068535360608,1276.0283243723425,1241.9009234208313,1258.8853759765625,23939791.0
2022-06-06,1259.1119042533815,1274.5110388345443,1246.3395117355965,1253.4730224609375,11093152.0
2022-06-07,1254.5372764842177,1264.139152836091,1246.4527910651425,1255.828125,12358255.0
2022-06-08,1255.8281557796806,1259.564728048269,1230.260968517713,1233.7711181640625,12479250.0
2022-06-09,1227.4075206691546,1269.5288357275542,1227.4075206691546,1267.60400390625,17278305.0
2022-06-10,1255.4432409626409,1263.5957731905057,1223.5577842447772,1229.33251953125,18093057.0
2022-06-13,1200.232652493234,1210.5590824670344,1184.9692504760867,1206.0751953125,17620803.0
2022-06-14,1200.2551062805883,1210.1286894158018,1183.6782159302647,1190.3134765625,14714312.0
2022-06-15,1185.5354082981676,1194.4805402025763,1170.5211912252462,1175.910888671875,11195535.0
2022-06-16,1188.0036507794862,1204.331357067944,1156.752298028243,1159.4698486328125,17111475.0
2022-06-17,1159.4698594973618,1188.8415454022556,1157.7035234680366,1173.057373046875,24457187.0
2022-06-20,1179.851164692969,1185.331550638825,1141.8513382748356,1151.79296875,12066797.0
2022-06-21,1159.4697654774316,1174.597191210546,1145.1122963870148,1170.3851318359375,11720049.0
2022-06-22,1158.6093864513275,1158.6999555030718,1132.7477291666964,1134.8311767578125,10617206.0
2022-06-23,1139.111305663959,1143.6178348788872,1107.3843432520748,1116.4200439453125,19446323.0
2022-06-24,1123.2365200121847,1137.2768791745684,1117.8014186070498,1132.3175048828125,14240234.0
2022-06-27,1152.6534598644344,1152.6534598644344,1123.9383995696694,1128.9658203125,15474529.0
2022-06-28,1124.187598454475,1147.67133814574,1124.187598454475,1144.840576171875,13572847.0
2022-06-29,1135.555858296585,1176.2279518820312,1132.7477384681235,1168.59619140625,19205146.0
2022-06-30,1168.5282289340553,1184.7880089664673,1162.1874370508547,1175.616455078125,23112959.0
2022-07-01,1166.2183382001654,1173.9631898181497,1071.150907551117,1090.943359375,81997149.0
2022-07-04,1077.4691189892487,1106.025565464495,1071.6490989100685,1093.2080078125,41857728.0
2022-07-05,1097.4202390673574,1116.3974516386227,1094.7479726674217,1102.0626220703125,17647327.0
2022-07-06,1096.106567126978,1106.0027924376789,1081.5679595799388,1092.3699951171875,23943726.0
2022-07-07,1098.7335863010783,1102.0624779330788,1075.6800503518655,1081.61328125,23301033.0
2022-07-08,1095.155633472675,1095.155633472675,1079.0996326989614,1083.1080322265625,19010108.0
2022-07-11,1076.3594210782474,1100.046939975301,1073.4154479368833,1097.8277587890625,13847467.0
2022-07-12,1088.8146344584836,1104.983845261713,1088.8146344584836,1096.26513671875,10778989.0
2022-07-13,1099.3676009909502,1102.402142980226,1074.7741536418605,1076.8348388671875,14224132.0
2022-07-14,1081.5679036455379,1102.379494520794,1076.563125697215,1085.7120361328125,16970315.0
2022-07-15,1093.7968755659167,1093.7968755659167,1079.348834704648,1087.818359375,9603210.0
2022-07-18,1096.5142680086967,1098.3258884954794,1083.5154537448523,1097.0804443359375,15160908.0
2022-07-19,1087.1389350761635,1108.2902834767385,1087.1389350761635,1103.806396484375,16439888.0
2022-07-20,1150.4114709277653,1151.543703777921,1126.0670869457035,1133.6534423828125,23924246.0
2022-07-21,1129.577351299841,1132.2949020971544,1117.484465892399,1126.08984375,16523230.0
2022-07-22,1132.2947927493988,1139.6773678755283,1130.030207237111,1133.6988525390625,10969995.0
2022-07-25,1117.5522733397709,1117.5522733397709,1088.361726850526,1096.242431640625,23110452.0
2022-07-26,1096.5595845623452,1106.886133119494,1092.143624721455,1096.74072265625,11303288.0
2022-07-27,1096.0387306174957,1099.2317688342157,1087.908840568981,1095.6990966796875,8655086.0
2022-07-28,1103.3081533989875,1117.7788361232904,1096.5143960795697,1112.86474609375,12496073.0
2022-07-29,1120.8359411287292,1140.0396942059215,1115.989778235377,1136.5748291015625,15130683.0
2022-08-01,1140.968245399228,1172.038463313215,1135.7370437974075,1166.19580078125,15700044.0
2022-08-02,1165.1313691654111,1181.1193216829413,1160.1718752661886,1170.63427734375,13917913.0
2022-08-03,1177.586478112168,1182.11564904104,1162.8440902328596,1180.4625244140625,14250977.0
2022-08-04,1182.1157790494954,1185.6259288355277,1148.1469933470867,1164.859619140625,14467127.0
2022-08-05,1166.7165845896059,1167.9846710602349,1144.5009315875282,1147.6939697265625,13942438.0
2022-08-08,1146.3352600049257,1170.1361123075012,1146.3352600049257,1162.708251953125,10165178.0
2022-08-10,1167.1241099957583,1173.0120563323646,1158.1336946618562,1169.6605224609375,10724688.0
2022-08-11,1178.990645714219,1182.0704726435374,1168.618812190309,1173.5556640625,8198226.0
2022-08-12,1173.1931102851886,1196.314571208688,1169.5245850188705,1192.53271484375,12650587.0
2022-08-16,1198.511418811862,1203.5388398516432,1189.9513255065965,1200.8212890625,6607378.0
2022-08-17,1207.0264335570182,1212.416131193261,1202.746326698674,1207.0943603515625,6595965.0
2022-08-18,1208.6925853891362,1212.7820913718717,1199.6955520359063,1209.2833251953125,7410035.0
2022-08-19,1204.148579928399,1209.464997552082,1183.6779742626552,1187.72216796875,9460724.0
2022-08-22,1189.1535324408326,1195.651309470641,1175.0672431781986,1184.427734375,9471680.0
2022-08-23,1178.7024907985585,1205.6027266806439,1177.4982950302235,1202.694580078125,9678484.0
2022-08-24,1199.6500999587201,1213.2365143204822,1197.4917062121833,1199.490966796875,10369622.0
2022-08-25,1203.671444195302,1210.0102083418858,1191.6981161929027,1195.9921875,7871946.0
2022-08-26,1196.4238336256965,1204.148643044039,1184.6096383933834,1189.60791015625,10742038.0
2022-08-29,1174.6128173581192,1206.4205794013706,1171.4547933496005,1180.3609619140625,19838975.0
2022-08-30,1187.790382333822,1201.9902529871206,1170.795945790086,1198.673095703125,23139054.0
2022-09-01,1173.5450568236956,1183.6780172121637,1159.0270403092493,1163.4346923828125,19909939.0
2022-09-02,1163.4346809089884,1170.2278880627014,1147.6671567250864,1149.8482666015625,12999345.0
2022-09-05,1150.0754462865928,1173.0224725362493,1150.0754462865928,1167.7060546875,11327815.0
2022-09-06,1169.1601553219334,1184.1552111927028,1168.7057123414318,1179.9974365234375,10899618.0
2022-09-07,1170.0689487334319,1179.1114147484413,1167.796974159679,1173.1361083984375,7488501.0
2022-09-08,1176.0896159479148,1180.519984126391,1168.2513462113554,1174.7945556640625,7057077.0
2022-09-09,1185.9727033347192,1185.9727033347192,1165.0704903678632,1167.4788818359375,8314850.0
2022-09-12,1168.046804859231,1186.8816091364133,1168.046804859231,1180.542724609375,7435419.0
2022-09-13,1189.607891122723,1194.9243089400052,1181.8832020191865,1190.403076171875,8888657.0
2022-09-14,1170.0688394223355,1185.9726599528265,1169.046493026583,1176.135009765625,8678219.0
2022-09-15,1173.7039298739198,1183.0417041001508,1161.7760353689525,1164.479736328125,10365600.0
2022-09-16,1155.8689337357673,1160.0721402601105,1131.8995628990685,1135.6256103515625,20217708.0
2022-09-19,1135.6257495827476,1146.3040180403946,1127.5147655140897,1137.1025390625,7580254.0
2022-09-20,1146.1903481529216,1153.119972213298,1133.5808482063046,1137.2841796875,8411448.0
2022-09-21,1134.5125199123227,1150.9843653188254,1133.7173348356014,1140.419677734375,9207309.0
2022-09-22,1129.6276634257686,1137.3523524884633,1123.3116153435435,1129.673095703125,10308170.0
2022-09-23,1129.1733426023927,1134.1488981287762,1106.9533532004177,1108.498291015625,9528051.0
2022-09-26,1087.8458377106697,1098.6378053004141,1079.257816102584,1080.2574462890625,12479523.0
2022-09-27,1087.8231145473603,1102.3638454814661,1072.4191704410875,1088.8455810546875,16154822.0
2022-09-28,1072.5327497220442,1080.5528678614462,1057.4241154049128,1059.8551025390625,16997059.0
2022-09-29,1072.3739712142797,1075.7818731361092,1051.017313085339,1056.6064453125,14671827.0
2022-09-30,1050.108360317172,1091.458340177691,1050.108360317172,1080.4393310546875,18613024.0
2022-10-03,1086.687214378407,1098.251530811662,1073.7369732258553,1076.6905517578125,11852723.0
2022-10-04,1089.5498341414104,1098.7285948569065,1086.073664575446,1096.5474853515625,8948850.0
2022-10-06,1103.727347518156,1113.2695695159011,1098.797103333005,1100.5919189453125,13352162.0
2022-10-07,1097.2065545320427,1110.4976589700225,1097.2065545320427,1105.2493896484375,7714340.0
2022-10-10,1092.8216022630288,1098.547030597458,1085.0969133921378,1093.1851806640625,6329527.0
2022-10-11,1096.911150105876,1096.911150105876,1068.329679997323,1071.4195556640625,9215177.0
2022-10-12,1068.7386577474495,1082.2342073300697,1064.6944639855953,1079.3033447265625,7417103.0
2022-10-13,1077.5538882747444,1087.8231445652352,1072.419200033899,1082.7340087890625,7328492.0
2022-10-14,1097.3654596284905,1097.9789154976827,1076.508681223135,1077.2357177734375,9106089.0
2022-10-17,1070.1018190034106,1096.911067683068,1064.9216983657,1094.5255126953125,16729355.0
2022-10-18,1100.5461774083603,1119.1764135169963,1099.7055601937943,1113.8372802734375,12415820.0
2022-10-19,1115.3142054707246,1148.6441893082867,1109.497912475689,1133.2174072265625,19247142.0
2022-10-20,1129.1734452455337,1144.6228248019718,1129.1734452455337,1136.261962890625,8717053.0
2022-10-21,1139.4879233106462,1143.6229813098248,1120.994103570685,1123.084228515625,8243452.0
2022-10-24,1117.8133802746593,1137.1252236758137,1115.6778227953112,1126.8331298828125,3370033.0
2022-10-25,1135.5347355693707,1135.5347355693707,1107.8166013928017,1109.4296875,12233241.0
2022-10-27,1116.904583955269,1121.6530982836084,1105.453847178534,1113.7919921875,12513059.0
2022-10-28,1120.085180684718,1151.8929390234955,1117.5633290375395,1147.87158203125,17609592.0
2022-10-31,1154.6195667238408,1163.684748855419,1150.620804946696,1158.52734375,12419943.0
2022-11-01,1181.428644108962,1181.428644108962,1139.6243422706675,1149.5528564453125,13963166.0
2022-11-02,1150.6662509085427,1158.7999512079832,1142.805264482869,1156.732421875,8981896.0
2022-11-03,1149.5530246719463,1163.0485752218901,1147.3719146666933,1161.0491943359375,6693449.0
2022-11-04,1160.4810755593053,1181.428720196316,1159.2088516372303,1178.1343994140625,12575815.0
2022-11-07,1177.3392175630618,1186.1090891689403,1169.6145286927685,1184.427734375,11789748.0
2022-11-09,1186.109174333478,1191.4028762322173,1176.9075752515669,1183.2464599609375,11254205.0
2022-11-10,1176.8848340514855,1179.8611290593667,1164.616195791804,1168.9329833984375,5966242.0
2022-11-11,1181.4286729917058,1197.7869359415272,1175.9759587388326,1195.8785400390625,12310132.0
2022-11-14,1195.4015009715274,1200.5134736804264,1183.7689145270133,1190.0850830078125,9043112.0
2022-11-15,1191.5617725862496,1193.4247362453084,1176.8847439241665,1184.745849609375,7086433.0
2022-11-16,1185.972635134196,1188.6763362500183,1172.954245151571,1177.95263671875,9716161.0
2022-11-17,1174.5901593039591,1187.3359568517499,1172.3409009131724,1180.9971923828125,6661451.0
2022-11-18,1184.495900066872,1185.518366679259,1168.2967693410817,1180.3609619140625,5303197.0
2022-11-21,1175.9759375856167,1175.9759375856167,1155.5736016352212,1159.117919921875,6390268.0
2022-11-22,1156.4369938334312,1167.1152613187112,1152.5746494360667,1165.547607421875,6611488.0
2022-11-23,1170.0688915510787,1171.3866679891707,1159.7313656787815,1161.9124755859375,6413408.0
2022-11-24,1165.9794167577484,1178.7024981272687,1157.8911489931052,1171.9320068359375,9389439.0
2022-11-25,1176.430472976704,1192.7431844497548,1173.295044904841,1189.4261474609375,7349922.0
2022-11-28,1185.472802558626,1236.4332684225644,1136.8978915395971,1230.2989501953125,31527484.0
2022-11-29,1228.6632233258865,1241.2500078770877,1224.1419904117938,1232.4119873046875,11058913.0
2022-11-30,1232.54834119291,1247.5206802015884,1226.0504438987869,1241.1136474609375,26164986.0
2022-12-01,1245.8619813701127,1251.8600031393141,1234.1386516701657,1237.4556884765625,9485801.0
2022-12-02,1240.50026242272,1248.6793948058917,1227.1410088571656,1236.9332275390625,11589592.0
2022-12-05,1232.3210781772725,1234.4794719283639,1216.871700030192,1218.8936767578125,14828536.0
2022-12-06,1211.0099786652759,1225.5051588426245,1209.146894711336,1222.415283203125,8594245.0
2022-12-07,1220.0523915216042,1224.5963402295367,1200.5815364526634,1204.375732421875,8462111.0
2022-12-08,1208.6925503476532,1210.9645247591304,1199.6500849785011,1203.8077392578125,7757008.0
2022-12-09,1202.330873974504,1208.6924740397408,1182.2692798901842,1185.563720703125,12655763.0
2022-12-12,1174.839995212842,1191.8797417479038,1174.612713657261,1187.3812255859375,9479842.0
2022-12-13,1187.381293975718,1196.4237590933476,1184.473147579326,1192.7886962890625,8333348.0
2022-12-14,1198.5368585654778,1199.1275984061572,1186.4272326920325,1188.4720458984375,7268947.0
2022-12-15,1182.5648851623062,1188.2447615787812,1168.2514331327313,1171.5911865234375,8688551.0
2022-12-16,1168.2514313366491,1189.9715469866571,1162.4124217557498,1165.797607421875,15837349.0
2022-12-19,1172.7951677670053,1183.246273075343,1166.2972711057284,1181.110595703125,7729933.0
2022-12-20,1174.1131186326063,1193.2431129001116,1165.9794185762812,1191.334716796875,7467588.0
2022-12-21,1190.9710448813423,1196.4237592798247,1170.5687080191292,1174.3856201171875,8527550.0
2022-12-22,1180.5199485444361,1183.541675654874,1166.3200787009303,1171.3411865234375,7451122.0
2022-12-23,1164.7525851270543,1177.1122091165366,1132.4677804528467,1136.989013671875,10257115.0
2022-12-26,1142.6916774565434,1155.073896863254,1132.5358801607608,1146.91748046875,5990242.0
2022-12-27,1149.6211545027727,1158.1637450751377,1142.9188116159999,1156.30078125,5763271.0
2022-12-28,1153.2562711921107,1158.6181211536698,1145.7587436629801,1156.1871337890625,7459393.0
2022-12-29,1148.2578877514563,1158.209118855438,1147.5762834083114,1155.66455078125,6930648.0
2022-12-30,1156.4823255378853,1170.9775038842033,1154.6647942823151,1157.4365234375,7289476.0
2023-01-02,1158.7090222381169,1171.8865462707408,1157.8911210447166,1170.4779052734375,5316175.0
2023-01-03,1165.5476587645308,1169.160125804233,1157.7093889350726,1161.9124755859375,7658932.0
2023-01-04,1161.8896870062515,1163.7300547153022,1142.3506838068283,1144.418212890625,9264891.0
2023-01-05,1146.6676067944138,1152.5293324862785,1137.806869836127,1142.37353515625,13637099.0
2023-01-06,1148.0988183662998,1157.7774553339088,1144.3046224842542,1152.75634765625,6349597.0
2023-01-09,1156.57338165,1182.3376907366148,1155.6873320113693,1179.9747314453125,10722753.0
2023-01-10,1184.155127696438,1184.155127696438,1156.891435377878,1162.52587890625,8047142.0
2023-01-11,1159.8449086559888,1162.344044167369,1145.5767715508584,1147.87158203125,11509553.0
2023-01-12,1147.280880250268,1150.7569299071174,1120.0852177263125,1123.084228515625,17688773.0
2023-01-13,1117.0863548772086,1123.675117069892,1106.2717897707075,1121.266845703125,20618583.0
2023-01-16,1123.584175159578,1126.7421991055548,1102.8182596793808,1110.5885009765625,13623855.0
2023-01-17,1116.9044817084298,1128.2643528903968,1113.542012722695,1126.35595703125,10751000.0
2023-01-18,1123.947732620178,1131.9450149571076,1117.9724269094495,1124.492919921875,13448286.0
2023-01-19,1123.674992689111,1127.4237562572607,1116.2910462380278,1123.288818359375,11940054.0
2023-01-20,1124.6291897175156,1124.6291897175156,1107.4758620574123,1109.9295654296875,14930286.0
2023-01-23,1112.8150268033937,1120.6305800710875,1101.9094778576764,1104.3177490234375,10954118.0
2023-01-24,1108.7253859560433,1110.3839043654414,1084.8014472016187,1097.7972412109375,16488755.0
2023-01-25,1096.2068953996695,1097.2292417944516,1081.4617181061994,1082.620361328125,12385018.0
2023-01-27,1083.4610350495245,1084.8014072954272,1050.403647808396,1062.0816650390625,25830975.0
2023-01-30,1059.5143365330093,1077.7809941168787,1045.5643456626856,1072.2601318359375,21772103.0
2023-01-31,1082.3705756526113,1084.9379802131518,1063.7403362487162,1069.579345703125,22691594.0
2023-02-01,1081.438989315294,1081.438989315294,1047.3819702702858,1063.240478515625,19347800.0
2023-02-02,1053.2891691648742,1066.9210156997124,1050.1084290116537,1057.3560791015625,13662663.0
2023-02-03,1067.3753725425988,1067.3753725425988,1041.929212987467,1058.2874755859375,24699575.0
2023-02-06,1051.9259524136774,1054.6523697762398,1047.7455820077842,1050.3128662109375,14837879.0
2023-02-07,1050.5628652677376,1057.560517598404,1041.9292904027159,1047.791015625,15135435.0
2023-02-08,1051.017186057536,1072.3284093286718,1048.290888887822,1068.7159423828125,21160332.0
2023-02-09,1069.3976200283605,1077.3040386110727,1060.559599329042,1070.5789794921875,13172763.0
2023-02-10,1070.0562610401787,1070.0562610401787,1054.7884945677279,1061.7635498046875,10790445.0
2023-02-13,1063.3768779331142,1067.8299624778901,1051.2672523692866,1055.7203369140625,10352493.0
2023-02-14,1058.7192622894795,1082.3250555378218,1055.8565481440585,1080.598388671875,14321920.0
2023-02-15,1079.6440602664363,1107.4531801088635,1078.2809718116707,1105.0675048828125,33503591.0
2023-02-16,1113.0194047366483,1119.5400175721072,1101.9321273600988,1104.2041015625,17264487.0
2023-02-17,1099.6376431744663,1112.1335637259278,1095.3662876043543,1108.81640625,11809520.0
2023-02-20,1110.9974583087273,1113.1558521216361,1095.1390690194628,1097.093017578125,8836937.0
2023-02-21,1101.4552961916092,1111.8154187780797,1096.1614739086865,1106.044677734375,13311592.0
2023-02-22,1102.34116225432,1104.181409716533,1079.2124090771258,1080.9617919921875,11024335.0
2023-02-23,1080.5529686414243,1088.1640768500556,1072.9872927091903,1075.78173828125,9851910.0
2023-02-24,1077.8265267799054,1088.800224148405,1076.0089953829322,1083.1429443359375,9434053.0
2023-02-27,1082.3705449963543,1085.8467152410444,1068.6024012348664,1075.9407958984375,11199715.0
2023-02-28,1070.6016220746747,1075.55458156191,1051.3126158801917,1055.356689453125,21994038.0
2023-03-01,1065.1034156724897,1065.7850199744744,1055.6746563210354,1065.0579833984375,11551145.0
2023-03-02,1061.9226969308686,1068.5796069332716,1054.9249246750653,1056.947021484375,9333535.0
2023-03-03,1067.443561368033,1087.5733043694927,1063.9902277008234,1083.9154052734375,14643807.0
2023-03-06,1090.5495987349282,1101.7277412564927,1090.5495987349282,1094.5028076171875,10171916.0
2023-03-08,1094.5027369272827,1099.1831022898903,1083.7336057675889,1098.433349609375,15782657.0
2023-03-09,1097.8199821583767,1098.2288726400263,1070.147279158801,1072.032958984375,16235128.0
2023-03-10,1063.967391654798,1065.103318593771,1051.9485130130206,1055.4246826171875,13334091.0
2023-03-13,1058.287501818403,1065.1034247048499,1033.750107312473,1038.06689453125,12771592.0
2023-03-14,1036.0222546404123,1047.3594118740934,1031.046698611293,1034.1820068359375,16027522.0
2023-03-15,1037.8851690827282,1044.3375136051593,1012.120862693993,1016.5057983398438,21728555.0
2023-03-16,1019.2095726723305,1024.207844384365,1000.6701985245505,1011.4393310546875,18363159.0
2023-03-17,1020.0047033408911,1023.2763079373278,1005.4413153341551,1010.1670532226562,34014213.0
2023-03-20,1006.4864851819102,1008.7584596340857,990.5826039210764,1000.238525390625,19524589.0
2023-03-21,1008.2811925498517,1033.2957451749278,1007.3951430408976,1031.341796875,21400360.0
2023-03-22,1038.294084967167,1041.2249475152355,1031.47816188993,1034.4771728515625,10920094.0
2023-03-23,1030.569325321436,1031.4326586917537,1019.2321704434514,1021.3905639648438,16249370.0
2023-03-24,1020.231887763167,1022.3902814688943,998.7617116838695,1001.1699829101562,12375945.0
2023-03-27,1007.6224178329715,1024.207782359069,999.7613722312702,1016.7329711914062,14054323.0
2023-03-28,1020.1183586375283,1025.3439120336418,1016.4831753805086,1021.4815673828125,12576424.0
2023-03-29,1017.3918775634875,1020.0274303318191,1004.7142894261991,1015.4380493164062,18804065.0
2023-03-31,1024.6623383806666,1064.8536804760474,1024.5260415402947,1059.2191162109375,28171201.0
2023-04-03,1065.5579119993613,1067.3754434349298,1051.9259454677697,1059.4007568359375,10293043.0
2023-04-05,1066.9210129823457,1066.9210129823457,1048.995215362799,1056.856201171875,16262928.0
2023-04-06,1053.357419977002,1069.647537063385,1053.357419977002,1063.94482421875,18435046.0
2023-04-10,1067.829873819937,1068.0116029231133,1054.9022279148219,1056.4017333984375,12961408.0
2023-04-11,1060.559540630498,1063.7402807994256,1056.0383079017138,1061.6273193359375,10542367.0
2023-04-12,1061.6272515959452,1075.9179854968688,1058.7646577412916,1066.3076171875,18179087.0
2023-04-13,1069.1929322468407,1075.0092249147228,1064.1946609026813,1070.3289794921875,12378208.0
2023-04-17,1101.8866740573628,1101.8866740573628,1067.3980510351955,1075.7589111328125,17929479.0
2023-04-18,1080.098395721067,1080.098395721067,1056.9242116194696,1063.44482421875,10405576.0
2023-04-19,1062.854084774079,1071.419389949788,1059.741493449773,1068.738525390625,12273475.0
2023-04-20,1069.692811176778,1071.9193532094926,1059.6961482625013,1066.034912109375,7007330.0
2023-04-21,1068.1251189073266,1072.828080314349,1061.6499382780762,1067.3753662109375,7647317.0
2023-04-24,1079.1897769115358,1081.8706418346944,1066.9210188410907,1071.465087890625,12936186.0
2023-04-25,1075.1002048906516,1081.7343994033272,1068.0571198634168,1079.6668701171875,9236126.0
2023-04-26,1081.0073822687018,1084.2336751201349,1069.6702254865136,1073.328125,8617834.0
2023-04-27,1079.189733985385,1083.2792397187284,1074.191342363561,1080.1212158203125,9167125.0
2023-04-28,1082.3704342762564,1101.409681900637,1082.2568535921685,1099.8646240234375,15565210.0
2023-05-02,1106.9988106394346,1111.361030519598,1103.3181951274973,1109.20263671875,12981805.0
2023-05-03,1110.997299985596,1110.997299985596,1096.4794053699195,1099.682861328125,7061872.0
2023-05-04,1100.159985858142,1114.564299341236,1097.1836913545592,1112.3604736328125,8635233.0
2023-05-05,1109.1797657715506,1118.4266754436653,1106.9077915916328,1109.5205078125,8746585.0
2023-05-08,1113.2694731180964,1128.5599594768491,1110.6113241430285,1123.2208251953125,9153782.0
2023-05-09,1124.6293700397016,1129.9913407668835,1119.2902356444074,1126.6968994140625,6464721.0
2023-05-10,1131.4452030936898,1135.9210031175069,1127.4464419348942,1134.4442138671875,10872255.0
2023-05-11,1135.51203899488,1140.3058651251242,1125.3335267806174,1127.03759765625,10557860.0
2023-05-12,1122.2663301444138,1130.2637323324755,1116.2228762779578,1128.8778076171875,6955341.0
2023-05-15,1131.3998000896127,1138.056589765274,1123.7885720856236,1131.1043701171875,6833343.0
2023-05-16,1133.2628763872494,1135.8074445597895,1113.3375770795326,1114.9962158203125,8717229.0
2023-05-17,1119.1764803056624,1120.0852459817609,1103.7271032383842,1108.4073486328125,8798967.0
2023-05-18,1113.0649351771951,1116.4502407386783,1102.8864225456616,1106.0218505859375,10525531.0
2023-05-19,1106.0218196807168,1111.4291017814717,1099.1149119209986,1109.6114501953125,8050447.0
2023-05-22,1106.4534840047638,1120.5397737195674,1105.2494084549478,1115.5413818359375,7434906.0
2023-05-23,1118.1088860837262,1121.448639556367,1113.9283950164865,1115.3370361328125,6092034.0
2023-05-24,1111.4063935962217,1119.630957590089,1105.749113749558,1108.8389892578125,8112254.0
2023-05-25,1105.9536236071287,1112.8149786046417,1097.842640709934,1108.70263671875,11487863.0
2023-05-26,1116.904610291511,1140.0787982471202,1113.6102893364032,1138.94287109375,12626260.0
2023-05-29,1145.5314605509366,1149.6210865747194,1139.2608448772517,1145.3497314453125,10010304.0
2023-05-30,1145.3496310598186,1153.1198717474913,1142.50963326853,1145.0543212890625,11342504.0
2023-05-31,1135.9892890678166,1140.4650896335454,1118.2678159183406,1122.3118896484375,27107927.0
2023-06-01,1126.969538270473,1129.1279320638168,1116.9046059479208,1119.2901611328125,14592692.0
2023-06-02,1122.8117036497752,1128.1962696801756,1113.7238061790024,1115.6322021484375,15800644.0
2023-06-05,1121.085068396339,1128.6053121788445,1117.1090229973545,1125.6517333984375,10908682.0
2023-06-06,1128.4689187387335,1130.4000307352399,1118.7221336360576,1126.6058349609375,7493309.0
2023-06-07,1130.0820196952836,1135.989176828128,1123.5386905370437,1135.1485595703125,10312545.0
2023-06-08,1138.7155083681228,1143.6457515710592,1131.899585359948,1135.830078125,12071109.0
2023-06-09,1139.170064535181,1139.8743850627466,1125.9925399615922,1127.7874755859375,5877018.0
2023-06-12,1124.8566162073034,1131.0818000837537,1120.085385478967,1128.787109375,6391969.0
2023-06-13,1133.7170902653988,1146.6446141516476,1129.7410455483066,1145.463134765625,11248016.0
2023-06-14,1145.5314201372407,1160.9809175855808,1143.7138887627082,1159.549560546875,13277380.0
2023-06-15,1159.5270576069752,1164.4118693848873,1152.120393540196,1159.867919921875,11813494.0
2023-06-16,1163.3437504987226,1173.4313981302719,1163.3437504987226,1171.159423828125,24171579.0
2023-06-19,1174.1584519189826,1174.1584519189826,1155.3692013285906,1159.52685546875,6798554.0
2023-06-20,1157.5957972211602,1165.070488566,1151.893084884151,1161.9351806640625,6921096.0
2023-06-21,1161.889630244124,1167.7286388194623,1157.8001247424693,1165.206787109375,6961603.0
2023-06-22,1161.4352954861522,1169.2962804989265,1150.5297472760415,1152.1201171875,7619166.0
2023-06-23,1149.1211566554268,1151.1659695700039,1141.441900396204,1142.6915283203125,6628570.0
2023-06-26,1139.1701227938759,1142.9870354453747,1130.8546930683367,1133.96728515625,12641159.0
2023-06-27,1134.4215309070003,1140.3058517527372,1129.9230146151945,1134.3760986328125,9689466.0
2023-06-28,1141.896393407388,1153.1881169201986,1135.0122016455275,1149.3939208984375,11354006.0
2023-06-30,1157.0732487107562,1161.7307784588775,1151.1888070463274,1158.8226318359375,11151555.0
2023-07-03,1162.3669506539804,1191.425580555085,1161.1400387375704,1188.5628662109375,12154387.0
2023-07-04,1192.7887391966194,1192.7887391966194,1169.2736896643748,1176.31689453125,8061643.0
2023-07-05,1185.5183304828597,1185.5183304828597,1170.432411192628,1174.3856201171875,10248062.0
2023-07-06,1170.5461356600117,1201.626743759331,1170.5461356600117,1199.0367431640625,19117987.0
2023-07-07,1197.33282741848,1210.9419594439871,1194.151966693268,1196.6966552734375,13375267.0
2023-07-10,1221.8244401255106,1252.3144236363512,1215.508392547687,1242.7947998046875,33240016.0
2023-07-11,1250.9058502676546,1258.6759714064597,1243.9536302912918,1256.2677001953125,20069348.0
2023-07-12,1256.9946762890331,1273.2166423107678,1254.8817149747802,1257.653564453125,18733835.0
2023-07-13,1264.992154591986,1271.8535100977601,1243.794632147719,1246.4073486328125,14682934.0
2023-07-14,1249.5881074417618,1254.5410670168455,1238.2736675009803,1245.3623046875,15124144.0
2023-07-17,1248.225023984058,1279.1466167196916,1239.5914489485467,1270.8084716796875,22220040.0
2023-07-18,1280.0325658904894,1289.3249082218795,1269.1270172578058,1281.6002197265625,25867313.0
2023-07-19,1285.9397747939042,1297.7540895736324,1270.944719940005,1291.3243408203125,39122156.0
2023-07-20,1270.1421687973038,1295.224991076979,1270.1421687973038,1289.760498046875,38717624.0
2023-07-21,1284.4190157057792,1287.3235564344566,1242.3763715855305,1249.834716796875,30249238.0
2023-07-24,1221.4042392370138,1238.1179088392782,1215.6443158350814,1224.554931640625,23727866.0
2023-07-25,1227.8041962368873,1233.3179681079685,1220.9119513502328,1223.767333984375,12026020.0
2023-07-26,1223.3733833366434,1253.8961800235134,1223.3733833366434,1243.65625,12911012.0
2023-07-27,1247.5209111436616,1249.2931304965796,1226.0072859774648,1232.087158203125,17226898.0
2023-07-28,1236.6900924258125,1251.85305275367,1231.0286064735196,1244.468505859375,20827852.0
2023-07-31,1244.468545022099,1257.2929457124803,1239.5946718037708,1255.0037841796875,8551174.0
2023-08-01,1257.8346449464532,1259.803857697837,1233.3672005487501,1237.25634765625,9536632.0
2023-08-02,1235.2871417271826,1236.665614699006,1212.8381883521488,1224.0380859375,12748214.0
2023-08-03,1218.5981228148664,1231.201012494138,1210.1058926997707,1218.8934326171875,10168350.0
2023-08-04,1230.1672134573323,1238.6348041373592,1216.776590964359,1235.45947265625,22885610.0
2023-08-07,1241.0963994857652,1244.7393951840495,1233.2195480808575,1242.49951171875,5982870.0
2023-08-08,1244.5424722858313,1247.7178038434138,1230.536470478926,1235.016357421875,9844072.0
2023-08-09,1233.1456430382627,1245.034716513302,1221.453442754676,1243.1639404296875,11486586.0
2023-08-10,1243.0409059369185,1255.3731247892663,1234.9179033647526,1248.702392578125,15470598.0
2023-08-11,1246.7330167804962,1259.7298913109014,1236.8377961469016,1253.9698486328125,22179330.0
2023-08-14,1249.9577340453427,1271.274485095857,1243.065489745762,1268.788330078125,9575812.0
2023-08-16,1255.8654425931288,1271.5207081344915,1255.8654425931288,1267.7545166015625,10203112.0
2023-08-17,1263.791524524126,1269.2068594315797,1246.930140835009,1249.4654541015625,13673744.0
2023-08-18,1246.142454602955,1268.960755625946,1234.9671961841154,1258.7208251953125,18639978.0
2023-08-21,1254.8424457661688,1262.5000997685252,1242.8371963360953,1244.986328125,9221746.0
2023-08-22,1243.4548358358238,1253.8544488619668,1234.6115281978846,1244.68994140625,7713044.0
2023-08-23,1247.0614487779783,1256.275409297995,1243.4796423923776,1246.0733642578125,9517952.0
2023-08-24,1254.8177179260883,1254.8177179260883,1220.7782590700385,1225.1258544921875,14140020.0
2023-08-25,1213.3676467766436,1237.5757146480018,1206.747529523438,1219.4691162109375,22222400.0
2023-08-28,1221.272366528133,1227.2008731617648,1201.0660879981488,1207.315673828125,12580826.0
2023-08-29,1211.4162410930335,1212.107851949824,1189.7277154191993,1195.755126953125,16876644.0
2023-08-30,1201.5106390304122,1206.9451032694478,1193.1119215700844,1194.6187744140625,12168946.0
2023-08-31,1197.0642209023324,1198.0523052778192,1185.6517981191516,1189.1595458984375,21638600.0
2023-09-01,1188.9373425267036,1198.3734766692594,1186.5164632510111,1191.950927734375,18112842.0
2023-09-04,1191.950907028467,1197.3853714174265,1188.3197691016735,1190.987548828125,9347626.0
2023-09-05,1195.5822395056102,1202.4741047382813,1191.852196412095,1197.36083984375,8675876.0
2023-09-06,1196.1256007292052,1203.5608392350891,1194.2234900414205,1199.8802490234375,8200370.0
2023-09-07,1196.4220829309013,1204.5985062247828,1191.1358550222296,1201.5107421875,13652572.0
2023-09-08,1205.463038004146,1213.3677136631895,1197.039593881822,1209.51416015625,23109288.0
2023-09-11,1211.3916036780722,1223.6686019045655,1211.3916036780722,1222.5570068359375,13271074.0
2023-09-12,1226.7068128830886,1226.7068128830886,1203.462102676104,1204.8948974609375,16255666.0
2023-09-13,1205.4630504045967,1216.653058753229,1198.6699696902265,1210.9222412109375,12803338.0
2023-09-14,1215.3438722575231,1218.2093412827492,1207.9332388900991,1212.0338134765625,9209636.0
2023-09-15,1219.2962186489121,1219.2962186489121,1210.156437431325,1214.28173828125,25468592.0
2023-09-18,1205.4877066299114,1210.8974446523887,1201.5353689892672,1203.7091064453125,7516300.0
2023-09-20,1197.089090701199,1199.3370070481767,1163.4694916701224,1176.8826904296875,57081884.0
2023-09-21,1173.3255153106452,1180.8103271156433,1165.9396084396587,1168.31103515625,12226182.0
2023-09-22,1173.8443150051187,1177.0308632017375,1160.9992172819989,1163.4447021484375,19176786.0
2023-09-25,1161.196701468891,1166.2853600891797,1153.6379525434304,1156.281005859375,14254884.0
2023-09-26,1155.3423807263628,1161.0979239595738,1153.8849803976213,1157.2938232421875,10087782.0
2023-09-27,1157.7880446735417,1171.769464855697,1155.3178333556975,1170.336669921875,11722778.0
2023-09-28,1177.3026603074284,1177.3026603074284,1148.6482103293206,1153.14404296875,14518346.0
2023-09-29,1156.9481416896208,1170.435518964013,1153.1440405649926,1158.529052734375,12342014.0
2023-10-03,1151.0936382938999,1153.885049186791,1144.2017734963838,1145.263916015625,8859056.0
2023-10-04,1140.743572417399,1145.683994991749,1133.8764332853668,1143.287841796875,10286386.0
2023-10-05,1145.8074528562056,1150.8219332922222,1140.743519950406,1143.26318359375,10953682.0
2023-10-06,1144.7205033692,1148.5493304183171,1142.2502923697696,1145.1898193359375,5431026.0
2023-10-09,1140.2989816654238,1142.200971985465,1133.8269798521974,1135.4326171875,7576878.0
2023-10-10,1139.5331157395624,1145.1404226117538,1138.1497733893898,1140.447021484375,10236032.0
2023-10-11,1143.4359710357805,1160.8509589721596,1142.7196339530417,1158.5537109375,9814118.0
2023-10-12,1157.9607991424273,1165.618452848462,1155.1446622546925,1160.70263671875,12554450.0
2023-10-13,1156.058825491677,1164.7045645712087,1150.6984190160554,1160.6534423828125,10150316.0
2023-10-16,1158.5290083696577,1163.2471357038708,1154.0826283801794,1158.0596923828125,5929036.0
2023-10-17,1163.9634271590728,1165.791359182136,1156.701030917525,1163.5928955078125,7928180.0
2023-10-18,1163.5928712145596,1169.397866963109,1146.6719261602773,1148.154052734375,8918320.0
2023-10-19,1142.2256445327594,1147.0672825471008,1136.7911799610206,1139.33544921875,12032556.0
2023-10-20,1136.2970067050267,1143.559402581249,1134.4690747739153,1135.8524169921875,8913312.0
2023-10-23,1131.3565651682993,1139.3847504014805,1114.1885998234964,1118.1162109375,7853962.0
2023-10-25,1111.6196977984057,1127.0090643806484,1108.1366760976812,1115.5225830078125,11620688.0
2023-10-26,1112.089019549233,1115.5473150342816,1096.9219477593886,1099.9849853515625,15222534.0
2023-10-27,1106.654565590137,1123.204979852311,1104.6536704890175,1119.40087890625,11771084.0
2023-10-30,1123.4520304054054,1148.6481841216216,1121.4511352518443,1142.47265625,16813304.0
2023-10-31,1150.1303563093797,1150.1303563093797,1127.8490026208185,1130.3192138671875,12808438.0
2023-11-01,1130.9368464684328,1144.942993469817,1124.0449807279863,1135.0126953125,10309190.0
2023-11-02,1143.1889695269997,1148.302354744411,1140.2247162104195,1146.2767333984375,10562104.0
2023-11-03,1149.7349795725816,1153.5638066087804,1144.078220526126,1146.0296630859375,8850156.0
2023-11-06,1152.2546386732256,1156.0587394619763,1148.9445800808262,1155.564697265625,10647304.0
2023-11-07,1153.1192304428853,1155.614167696399,1145.9556184844287,1148.0552978515625,6960204.0
2023-11-08,1152.1064866637696,1156.552866758098,1147.042553778562,1154.033203125,7884494.0
2023-11-09,1154.0085696526105,1154.0331752710283,1138.3720609954937,1141.50927734375,14513610.0
2023-11-10,1139.039102652828,1144.3747829309668,1135.3337858785344,1143.6583251953125,7734954.0
2023-11-13,1147.610585630105,1148.4505538682092,1142.0773370771153,1143.5101318359375,3854810.0
2023-11-15,1156.0588204395372,1166.9030232858888,1149.6362714370953,1164.185791015625,12220648.0
2023-11-16,1161.542667627995,1172.9302438744137,1159.4923201233041,1166.285400390625,13134910.0
2023-11-17,1162.4318047121262,1172.48561138748,1162.011941225828,1163.7410888671875,7758634.0
2023-11-20,1160.2828426994563,1165.1490860409533,1154.2801575494677,1160.6781005859375,4490186.0
2023-11-21,1168.9038812090425,1179.7728099438689,1166.0384122376151,1175.2769775390625,8214450.0
2023-11-22,1173.3502489811203,1182.9593458443583,1171.9669066696931,1179.87158203125,8534814.0
2023-11-23,1179.8714953518393,1185.701217125861,1179.8714953518393,1183.47802734375,8531542.0
2023-11-24,1181.5512995040292,1186.985763362465,1181.2795521879546,1182.6875,6749486.0
2023-11-28,1182.6875492177458,1185.553018040048,1173.4737106297225,1182.9345703125,13792174.0
2023-11-29,1189.6536514263266,1191.605094048659,1184.7379555197092,1186.047119140625,12531306.0
2023-11-30,1183.0828973645985,1186.0471507278282,1170.8306260067593,1174.5606689453125,28439984.0
2023-12-01,1174.8324632282502,1183.922792325671,1174.6348945757863,1182.8853759765625,14342842.0
2023-12-04,1210.4035134582498,1210.4035134582498,1185.0097900344595,1195.6810302734375,15590990.0
2023-12-05,1204.9689932142376,1205.8830195816831,1196.3973123183705,1204.3514404296875,12693624.0
2023-12-06,1208.9708595498532,1221.7417795681863,1202.992899973077,1215.887451171875,16422442.0
2023-12-07,1215.3438750518303,1215.813191043024,1206.4511149904754,1213.886474609375,8142096.0
2023-12-08,1217.2459307176134,1223.5943006598802,1207.9331869400896,1213.244140625,10204894.0
2023-12-11,1213.3677374036308,1219.0986756148789,1211.589137099235,1215.0228271484375,7066138.0
2023-12-12,1215.3438006129375,1217.7892853568703,1195.6561708810905,1197.5830078125,9197124.0
2023-12-13,1196.570218805253,1204.6478570918039,1188.8137803209581,1202.4739990234375,10031182.0
2023-12-14,1212.3795628682321,1222.7297228698085,1206.7721356331074,1217.39404296875,16972354.0
2023-12-15,1224.236571728094,1235.1055001292314,1220.3089603608373,1232.9317626953125,15932152.0
2023-12-18,1232.9317234441762,1252.3474847954778,1230.634354917611,1245.4803466796875,14165188.0
2023-12-19,1262.2778691174958,1271.615218807123,1247.5553868731267,1263.8094482421875,16820604.0
2023-12-20,1270.207325538083,1283.9417239360823,1244.9864450577063,1248.518798828125,17736722.0
2023-12-21,1248.44470925444,1271.4176728398502,1244.1218397625619,1266.0079345703125,13765454.0
2023-12-22,1264.550535970751,1275.0735389423144,1258.6466348491601,1267.2430419921875,16541784.0
2023-12-26,1268.7005006679644,1280.53278845719,1266.0820526143013,1273.6656494140625,7465664.0
2023-12-27,1275.6170305456778,1284.4603381656593,1271.2201029702012,1278.01318359375,9204156.0
2023-12-28,1279.470665481518,1290.4383794995902,1278.0132649417642,1287.2518310546875,12302636.0
2023-12-29,1289.9937398232034,1291.4264140714613,1274.2831724837226,1277.074462890625,10864584.0
