Date,Open,High,Low,Close,Volume
2017-10-03,721.6107937555138,726.519710719837,688.9174187577818,694.6608276367188,35367877.0
2017-10-04,697.2134396419218,697.8024856569773,686.2665317963097,690.8318481445312,3613280.0
2017-10-05,691.7154779790084,691.7154779790084,673.6015623823547,681.8976440429688,2680742.0
2017-10-06,681.2594975453682,689.2119187928888,676.448735111539,684.0575561523438,1416485.0
2017-10-09,681.4558720099664,689.7028769996406,681.4558720099664,685.9230346679688,951473.0
2017-10-10,685.6285073199123,688.4266263471064,682.8795254080902,687.2484741210938,555002.0
2017-10-11,687.2484478456864,690.1937983364537,673.5034788887727,677.3324584960938,1077409.0
2017-10-12,678.5104517649677,681.3576474599852,672.5215972767866,675.1724243164062,439314.0
2017-10-13,676.3995878491799,682.3884417560121,667.6126157019729,677.1359252929688,1344510.0
2017-10-16,673.5034472431619,676.8906121330548,656.8131285797016,657.89306640625,971834.0
2017-10-17,658.2857709505297,661.7220128570575,656.8130958477321,660.789306640625,664335.0
2017-10-18,658.7767342466934,660.5930097682135,652.0515411823513,656.22412109375,415712.0
2017-10-19,653.9659506521295,665.8946438777966,653.9659506521295,662.802001953125,93358.0
2017-10-23,657.794827632517,661.5255922821909,652.8859110083937,653.6713256835938,292330.0
2017-10-24,651.707875827611,659.2185435778385,650.9224610116555,653.7205200195312,350373.0
2017-10-25,654.8495812818967,661.1820967137371,646.111684338947,657.69677734375,583868.0
2017-10-26,657.696696658501,657.696696658501,648.4679091076337,654.7022094726562,242175.0
2017-10-27,651.1187462655962,653.9168049149437,646.9952441060566,650.136962890625,396395.0
2017-10-30,652.8859490547471,652.8859490547471,638.061043955306,643.068115234375,1164020.0
2017-10-31,643.8535944179366,656.8131483429983,643.8535944179366,650.038818359375,1402840.0
2017-11-01,651.9041174984085,652.7386093421521,630.5503305170977,635.2628784179688,859011.0
2017-11-02,635.2629162632552,641.693585338828,629.5195075299247,631.041259765625,574130.0
2017-11-03,631.3358909184539,641.5955408555889,629.421401038354,630.5504760742188,672547.0
2017-11-06,630.943073038518,647.8788352674819,630.943073038518,644.7861938476562,483071.0
2017-11-07,646.9952775786084,646.9952775786084,627.8995779628337,630.6485595703125,763293.0
2017-11-08,637.1773524579407,637.1773524579407,617.5416867427499,620.0942993164062,843603.0
2017-11-09,621.4688493433074,658.1875699404939,621.4688493433074,645.96435546875,356798.0
2017-11-10,643.1662596973358,666.8272747939916,643.1662596973358,664.2255249023438,784443.0
2017-11-13,652.885986328125,668.3981526652449,650.9224194519502,652.885986328125,192279.0
2017-11-14,643.2646235791233,655.5859957145923,642.0864712801847,647.9771728515625,350594.0
2017-11-15,638.2573336082603,648.0260899520912,632.6612164366219,637.52099609375,269314.0
2017-11-16,636.7846079254988,647.1915465900606,631.090276917574,638.0609741210938,261879.0
2017-11-17,641.1044876919605,651.6095808685094,633.3483757398448,647.53515625,3200674.0
2017-11-20,645.3262703833714,652.8860151753262,644.5408555828596,649.4006958007812,712433.0
2017-11-21,647.9771531683633,683.7140989184893,647.9771531683633,674.9271240234375,2077453.0
2017-11-22,676.4487075763193,686.21746359637,668.7417324825412,680.5231323242188,669175.0
2017-11-23,676.4487884983859,676.4487884983859,651.9042025586766,654.1622924804688,827451.0
2017-11-24,655.8312946238705,658.2366758777351,643.0681107464599,643.75537109375,599114.0
2017-11-27,643.6081455781002,650.627921399416,639.9755347329669,641.7918701171875,239417.0
2017-11-28,641.1046331889456,654.800525162866,640.1228496771708,641.5464477539062,269211.0
2017-11-29,642.1354185833858,646.4062123127227,638.9446225443274,644.2462768554688,258606.0
2017-11-30,653.818665255964,653.818665255964,641.9390501975709,642.969970703125,316178.0
2017-12-01,646.0134422505455,646.0134422505455,640.3681880059548,643.9517211914062,86648.0
2017-12-04,647.9769476648092,653.6712785535684,641.1535420645891,649.695068359375,162592.0
2017-12-05,647.9770127758043,650.0878709534092,641.6444981662897,647.0933837890625,125688.0
2017-12-06,642.1354272833564,647.9770505571307,642.1354272833564,644.1480712890625,210799.0
2017-12-07,643.166352491196,657.794950738129,639.141064075406,656.22412109375,279051.0
2017-12-08,651.9532876878034,677.3324258126073,651.9532876878034,673.2089233398438,480717.0
2017-12-11,667.6126140468692,670.3125180007352,658.8256419214464,662.458251953125,122163.0
2017-12-12,658.8257024101665,669.5762420345305,658.7766252275219,663.734619140625,121938.0
2017-12-13,658.8257068492705,669.5762465460707,645.0316627283994,663.04736328125,260250.0
2017-12-14,662.8020395377578,670.5581534222148,661.0348411620101,667.5146484375,444539.0
2017-12-15,668.1035719651442,678.4122971754807,665.6491135817307,676.44873046875,351667.0
2017-12-18,669.0362878182312,681.3576570966296,652.8859394369722,679.5413818359375,259324.0
2017-12-19,675.5651753910379,687.150268166847,675.5651753910379,684.5975952148438,343970.0
2017-12-20,679.5414610081671,690.9301254295837,679.5414610081671,684.4503784179688,531872.0
2017-12-21,680.6705258283046,691.5683592288866,680.6705258283046,689.0156860351562,259491.0
2017-12-22,681.3576885194851,691.0773682760444,681.3576885194851,690.0464477539062,390144.0
2017-12-26,689.9482188859662,694.9062126008786,684.4993335176309,688.9173583984375,272983.0
2017-12-27,687.2484320339194,689.2119989825877,682.4376690403587,687.6902465820312,163978.0
2017-12-28,684.3030445616884,690.1937450887617,677.9705295104235,686.16845703125,269410.0
2017-12-29,682.78131976881,692.5500771880135,680.3759383052915,682.68310546875,667407.0
2018-01-01,681.3575773641328,690.1936266383075,681.3575773641328,686.7573852539062,174646.0
2018-01-02,686.7573929069501,687.3955759976255,667.7107736232722,672.6196899414062,342012.0
2018-01-03,672.5706556064767,682.3394116865044,667.8581076255318,677.92138671875,125483.0
2018-01-04,681.9467904495193,689.4083809522855,677.4306103498438,688.8192749023438,411800.0
2018-01-05,687.248413125093,692.059175986291,686.2666296777714,689.1629028320312,195946.0
2018-01-08,679.3941224919158,694.0227193299218,679.3941224919158,691.3228149414062,310252.0
2018-01-09,687.3957304896566,706.8350314937867,687.3957304896566,704.1842041015625,605429.0
2018-01-10,701.8278198865163,701.975111361717,693.2372153768449,698.6370239257812,297500.0
2018-01-11,694.1208447550221,701.6805887122619,686.266577770524,690.9791259765625,113144.0
2018-01-12,690.9791356575342,696.084421253646,687.248370772288,688.9664916992188,93456.0
2018-01-15,688.7211005028258,711.4002745685924,688.7211005028258,703.6932983398438,764541.0
2018-01-16,702.9568661657519,702.9568661657519,683.3211995130773,688.0828247070312,338329.0
2018-01-17,683.3213344115561,701.7788527242176,679.0506000408083,692.40283203125,232397.0
2018-01-18,693.728158915395,699.0298134926675,687.3465665169367,694.9063110351562,323715.0
2018-01-19,692.2064250497041,700.9443219210991,688.6720285193127,698.5389404296875,293534.0
2018-01-22,691.2736078192136,703.938636546482,689.0645953614318,701.6314697265625,464739.0
2018-01-23,697.0662464274129,708.8476477754818,697.0662464274129,703.840576171875,399677.0
2018-01-24,698.2443372004159,701.2878416452812,685.2847848714813,689.8009643554688,200051.0
2018-01-25,689.7029118973768,694.1209376675379,649.1061879564422,669.6254272460938,424803.0
2018-01-29,669.5763075989377,676.8906062281912,667.6127407144833,669.4290161132812,143914.0
2018-01-30,669.2817531798896,669.2817531798896,651.2169147203349,655.733154296875,339031.0
2018-01-31,657.7949471964848,669.0854574841858,641.8409652682119,648.6152954101562,324432.0
2018-02-01,652.8859698462047,708.8476244044508,648.4679444863432,695.7899169921875,1539000.0
2018-02-02,695.4953466437493,719.8926388354394,678.5104468103216,705.2149658203125,1772440.0
2018-02-05,703.3988017445598,703.3988017445598,677.4306161411537,682.3886108398438,352909.0
2018-02-06,657.7948693773036,692.1572879268642,652.8859524416521,682.5848999023438,399206.0
2018-02-07,687.2974846247107,701.9751590253566,687.2974846247107,700.6988525390625,315230.0
2018-02-08,704.0368187289971,706.8840144230769,698.0970414257966,701.97509765625,159852.0
2018-02-09,687.2483385352355,704.5768384690508,686.2665551944708,696.968017578125,159318.0
2018-02-12,696.084518652168,704.9205703698964,669.0854717368863,673.30712890625,689547.0
2018-02-14,676.4486925370443,682.3393923269169,667.1217512030792,669.8216552734375,312807.0
2018-02-15,672.5216069275257,682.3394406052998,660.9365751724125,669.968994140625,282049.0
2018-02-16,675.4671064562931,681.8977769531544,673.1599390009499,676.6943359375,226925.0
2018-02-19,687.2483953164904,692.1573124258938,666.2382061189215,672.76708984375,423633.0
2018-02-20,674.4852311483113,677.4305815026707,657.7949124736078,662.3602294921875,172882.0
2018-02-21,667.6127275513509,670.5090006334772,650.3824404646497,663.1947021484375,428939.0
2018-02-22,662.7037685039726,663.0965058175916,651.9041515357598,654.0640869140625,235890.0
2018-02-23,657.7948143874594,667.3672016117545,654.0149726323131,663.3909912109375,288608.0
2018-02-26,667.6127694276679,677.1851584010793,661.9675143920663,669.772705078125,271771.0
2018-02-27,669.085434433176,678.2160087144405,663.6856253511768,676.890625,219932.0
2018-02-28,676.8414398162076,685.9720126406227,669.6743736941021,681.8485107421875,360647.0
2018-03-01,683.223087987239,683.3212423573369,673.5034084154212,677.4305419921875,272512.0
2018-03-05,676.4486869523068,676.4486869523068,653.8676712775565,660.29833984375,301455.0
2018-03-06,665.649064756527,669.674352240751,639.1409161600282,643.1171264648438,245988.0
2018-03-07,645.0317241599903,647.9279973109711,638.2083172241694,640.7118530273438,192215.0
2018-03-08,641.6935708706541,647.4370393977886,635.2138247574406,641.3990478515625,113706.0
2018-03-09,645.5225408035461,662.1147030840139,638.6991346613431,658.08935546875,483527.0
2018-03-12,657.9912801118242,677.3324260596384,656.6167593126329,666.1891479492188,163349.0
2018-03-13,664.667311462177,672.5215780673432,659.7583948339483,665.158203125,73256.0
2018-03-14,660.7402488159189,671.048974837564,655.3404399474381,661.8693237304688,305570.0
2018-03-15,660.2493378815827,664.4219173403139,658.8257399639432,662.7037963867188,140732.0
2018-03-16,662.703740041098,665.0109068704403,653.8676901738833,656.2730712890625,150189.0
2018-03-19,654.3096434386027,669.3799966060748,654.3096434386027,661.8202514648438,138766.0
2018-03-20,656.8131041400611,675.9578807181347,656.2240580608267,674.0924682617188,167488.0
2018-03-21,673.6015830992546,678.4123458451922,658.3348628438392,660.64208984375,395902.0
2018-03-22,662.7037687394629,666.6309021838449,649.9896622286161,652.7877807617188,147381.0
2018-03-23,648.0261323762969,661.6238686551022,646.0134883562006,652.3950805664062,225060.0
2018-03-26,648.1242949024646,657.2548679661699,646.9952200938309,651.0205078125,186540.0
2018-03-27,654.8494783011157,668.3980762123412,653.9167721569567,660.6911010742188,369173.0
2018-03-28,656.7640186328807,698.0479986947971,651.9041788092057,665.8945922851562,446572.0
2018-04-02,668.5943939581356,682.3393594726934,668.5943939581356,671.4415893554688,263227.0
2018-04-03,675.478840008904,675.478840008904,664.6475466559915,669.5708618164062,783770.0
2018-04-04,670.604711685589,680.3528992443131,666.7152808879542,669.5216064453125,520436.0
2018-04-05,670.0631069155093,677.103470726543,663.8105215077929,664.6474609375,514819.0
2018-04-06,669.2261352539062,674.4940575028113,663.6627660684596,669.2261352539062,667025.0
2018-04-09,665.1890590812429,674.4941361915808,664.6475064661563,668.290771484375,886583.0
2018-04-10,667.6014829867026,689.21484685247,667.6014829867026,685.030029296875,955511.0
2018-04-11,680.4020938369263,708.9573191933241,680.4020938369263,707.97265625,715637.0
2018-04-12,702.6062651708817,713.5852815595717,701.0800495547247,708.0219116210938,665026.0
2018-04-13,703.0493464911626,708.9573241927691,695.5166508819916,700.7354125976562,681889.0
2018-04-16,691.2334499507431,701.5724118089807,691.2334499507431,698.0276489257812,389870.0
2018-04-17,699.110634719916,711.9112519753511,697.3382535812815,710.3358154296875,307669.0
2018-04-18,704.9202558979202,713.3883335400697,702.1139303276645,710.28662109375,241773.0
2018-04-19,705.0678285287411,713.8313520179562,702.9508394402363,711.8128051757812,228583.0
2018-04-20,706.9880454108705,710.8774763434585,699.2091835456948,705.1664428710938,114992.0
2018-04-23,701.1785109021187,713.8806878707537,701.1785109021187,705.9541625976562,523622.0
2018-04-24,706.0033082527385,743.4204989272212,703.9847613019524,734.5585327148438,1182526.0
2018-04-25,738.3987886532855,757.0088828128105,734.6078001418399,754.3502807617188,1763048.0
2018-04-26,755.2364875499242,759.2243605034857,731.2599686014889,751.1008911132812,1352072.0
2018-04-27,738.4971830607549,762.7198666255258,733.5738685070165,747.21142578125,700854.0
2018-04-30,744.4051788303033,751.1500958951617,720.773268391246,731.7030029296875,448784.0
2018-05-02,725.2042472391923,746.0298922280459,725.2042472391923,735.10009765625,514382.0
2018-05-03,735.1000878001854,740.5157338373027,705.2648134700588,720.7732543945312,259083.0
2018-05-04,713.8805912021396,717.7700216153963,689.3624613405415,691.331787109375,405214.0
2018-05-07,693.2027881859667,703.640192491187,685.6208706703701,692.8088989257812,291749.0
2018-05-08,698.0276018332708,698.0276018332708,681.6329393816511,691.676513671875,256284.0
2018-05-09,694.0889373714464,698.1260314261071,680.4020983292526,689.21484375,1771037.0
2018-05-10,692.1195929411518,707.97264196927,682.3714059592546,702.8031616210938,589720.0
2018-05-11,700.1445398079358,704.9201909104233,685.3745963758055,687.590087890625,402458.0
2018-05-14,691.2333113913506,693.7441896052272,677.4480316769933,680.5497436523438,226655.0
2018-05-15,679.4173430819363,688.2793084264833,661.8903569758643,668.4876098632812,579274.0
2018-05-16,663.6628643528555,672.5248313842735,654.8501184518001,657.4102783203125,632333.0
2018-05-17,659.8226621542818,669.2754631554607,655.2932363259881,659.4288330078125,203078.0
2018-05-18,658.7395099038531,663.3674377630488,652.8807533639701,654.997802734375,224549.0
2018-05-21,652.8314813964345,695.8612607420731,637.0768755105477,645.151123046875,297261.0
2018-05-22,645.9388775394976,659.7241584625966,645.840435286812,649.8283081054688,403662.0
2018-05-23,654.603988445782,673.5095311649621,649.1883416308591,668.6354370117188,355517.0
2018-05-24,663.3182646568974,676.3157683866712,661.2996573951868,667.8969116210938,75038.0
2018-05-25,664.6474517854825,677.4480693754251,662.7273471271805,673.3616943359375,91418.0
2018-05-28,671.2939217362466,687.639301584886,669.472319438923,674.8386840820312,824327.0
2018-05-29,669.9646671182587,691.7256933608795,669.5707779151574,684.6361083984375,1042346.0
2018-05-30,683.8483117664936,688.0823497691404,674.5924574452258,683.6513671875,209019.0
2018-05-31,679.7620115616246,687.540872540842,660.265698087259,679.220458984375,205322.0
2018-06-01,678.3343169581718,682.0268029480753,663.3182072658973,665.6321411132812,250207.0
2018-06-04,665.829088242232,669.5707953730348,648.4005422840345,649.9267578125,635824.0
2018-06-05,649.9267488077339,662.4812010470358,649.8775276815085,654.8008422851562,189718.0
2018-06-06,658.739446796838,675.8726044302775,651.8468068453017,672.6231689453125,174179.0
2018-06-07,679.3681718486582,686.3100331918353,670.6538692271779,681.38671875,339268.0
2018-06-08,674.9864065309162,686.2115874406358,671.0969761219048,681.7313232421875,231427.0
2018-06-11,677.9403577302631,703.049259868421,677.6449709013889,701.572265625,872476.0
2018-06-12,697.3383181030977,718.7055162878447,697.3383181030977,708.85888671875,678290.0
2018-06-13,704.7233440587108,718.7055711336474,689.2641224356978,691.4796142578125,584484.0
2018-06-14,691.1842079446915,691.1842079446915,675.4788210050108,679.3190307617188,463811.0
2018-06-15,674.8386289404418,678.5311144568572,657.8531955649314,661.4964599609375,4172714.0
2018-06-18,666.3213662399438,673.5586141871978,659.7241130892411,661.5457153320312,159457.0
2018-06-19,656.770188797065,669.5708071694215,656.770188797065,663.1212768554688,382091.0
2018-06-20,663.1212784388052,675.4787864925826,663.1212784388052,665.8291015625,294569.0
2018-06-21,665.8290733561433,675.2325921493492,664.647465841503,665.090576171875,192773.0
2018-06-22,668.389294286075,681.8791906553147,668.389294286075,674.691162109375,159149.0
2018-06-25,675.4787786137414,688.1809546127186,667.306088210092,679.1712646484375,173207.0
2018-06-26,679.171327806563,683.7007537240389,667.9954264085591,674.1987915039062,141038.0
2018-06-27,671.0969926737048,678.2850198795746,664.1551311947419,667.3552856445312,216975.0
2018-06-28,670.653878913018,670.653878913018,647.957411028177,656.1793823242188,255422.0
2018-06-29,655.7854742930067,674.4940689049694,655.7854742930067,664.0073852539062,162407.0
2018-07-02,664.9428368010183,673.3616924806272,650.714446037744,659.1333618164062,125314.0
2018-07-03,660.2165026495769,664.0567121632239,655.4409114202205,659.9703369140625,84524.0
2018-07-04,657.7547867400075,661.6934381576124,651.25603594058,653.8653564453125,133985.0
2018-07-05,659.7242258831285,660.2165573949816,652.8315847171854,654.8993530273438,134614.0
2018-07-06,659.5271761300958,659.7241207232564,654.0623092394374,657.8040161132812,166887.0
2018-07-09,654.8008606889147,659.7241754309366,650.616043158196,654.6531372070312,134065.0
2018-07-10,659.4286966062426,659.4286966062426,649.8774553188678,651.2067260742188,330679.0
2018-07-11,649.8282623885931,653.8653560495742,649.8282623885931,651.9452514648438,294280.0
2018-07-12,654.0623218105412,657.1147527165168,651.2560566259848,654.5054321289062,138269.0
2018-07-13,651.8469409433955,654.8009301017493,648.8929517850418,650.9114990234375,98347.0
2018-07-16,650.9606153450192,651.4037256672397,644.9541957297529,646.1358032226562,55711.0
2018-07-17,645.1510926741126,655.7854391266264,644.4618166792447,654.357666015625,56942.0
2018-07-18,656.7702770076565,657.754940091626,630.18437374048,639.2432861328125,273188.0
2018-07-19,640.0309244791666,646.8743440761016,621.3223282251603,624.0301513671875,190097.0
2018-07-20,622.3069972486213,628.2149750706019,618.3683453673009,623.3408813476562,295830.0
2018-07-23,623.7839476557264,647.120470424457,620.3376275029323,642.7387084960938,128365.0
2018-07-24,642.4926306100084,648.056000799743,637.4708731690034,644.6096801757812,98615.0
2018-07-25,645.6435355953406,654.6039447790465,641.1140497746613,649.6314086914062,309730.0
2018-07-26,652.8314876666284,671.5400823358078,648.1543389993336,662.8750610351562,349706.0
2018-07-27,674.2971416163342,686.9993170606086,662.3335234458028,683.4052734375,378854.0
2018-07-30,683.4052713839562,692.75956890191,674.0017527409819,678.77734375,111734.0
2018-07-31,672.7217764091615,700.7846720255205,672.0817214168836,675.4788208007812,300404.0
2018-08-01,680.5005461982522,697.3875399666837,676.4142309822024,684.6853637695312,141857.0
2018-08-02,680.5990677834857,694.1874049672889,675.035697874266,684.5377197265625,156616.0
2018-08-03,693.2026842373831,693.2026842373831,675.4787519699499,679.220458984375,86846.0
2018-08-06,680.4020598165887,686.7039263783898,669.66921023138,676.0695190429688,137689.0
2018-08-07,685.1285137725017,685.1285137725017,672.524839201136,675.5772705078125,186264.0
2018-08-08,675.5773080337084,678.4820761089306,663.4167431634003,666.8138427734375,86449.0
2018-08-09,673.9033754260935,673.9033754260935,658.7395413172826,663.0720825195312,136388.0
2018-08-10,664.6475118900687,665.5829537414295,634.1229594921545,639.9324951171875,357324.0
2018-08-13,642.9849182383819,651.4037745967297,641.0155923019703,643.6741943359375,227848.0
2018-08-14,644.9542498016137,651.8468906391882,643.7234210806183,648.7451782226562,40999.0
2018-08-16,650.862215261415,653.1761491731752,636.239994374212,638.6031494140625,310896.0
2018-08-17,643.7234826270903,648.5975768480566,642.0495433866793,644.9050903320312,151040.0
2018-08-20,650.8621414950223,663.6627584987067,649.9266997710969,662.2349853515625,171665.0
2018-08-21,662.2842892597382,673.5094711518931,653.4223225340554,659.8226318359375,118889.0
2018-08-23,664.7459121830336,664.7459121830336,656.8193877095957,659.7733764648438,77770.0
2018-08-24,656.3762894238736,663.2689299792959,649.9759803366958,650.7144775390625,136148.0
2018-08-27,654.8008487805076,659.7241634329927,646.9235453365316,650.2714233398438,105281.0
2018-08-28,649.8775791931732,653.2254574286408,643.969601200508,648.1544189453125,164292.0
2018-08-29,649.8774983446277,663.1704471744042,648.1543383111382,659.0348510742188,215118.0
2018-08-30,662.5303589150864,664.4504634469891,640.5723898991678,654.0130615234375,325212.0
2018-08-31,653.9639328746705,667.6014909134414,649.0898391734113,662.08740234375,121399.0
2018-09-03,658.3456050260518,664.6474717608883,654.8008425496158,656.720947265625,88542.0
2018-09-04,661.1027275983255,664.6474901729584,652.8807559197147,654.6531372070312,82766.0
2018-09-05,649.9267277464978,662.1365716074997,649.9267277464978,659.1333618164062,169872.0
2018-09-06,659.1334745686103,671.4417627843442,656.2287065298843,668.6354370117188,139910.0
2018-09-07,670.0631318032625,674.4941150407566,660.8072761119857,665.7305908203125,1353205.0
2018-09-10,660.9057710660159,676.3157098711132,660.9057710660159,665.6321411132812,125634.0
2018-09-11,663.7119611866036,671.5400426181648,661.1026407754492,666.2228393554688,391766.0
2018-09-12,663.0720130904598,665.4843890878054,652.8314950114433,662.9735107421875,232965.0
2018-09-14,660.954983986754,667.6014586860621,656.0808905207837,659.7733764648438,717060.0
2018-09-17,654.456224053526,658.3455944502547,623.2916190608612,632.7936401367188,1979234.0
2018-09-18,632.1535401566263,632.1535401566263,610.3925155397642,613.4449462890625,350633.0
2018-09-19,613.789613612167,625.2609607907054,600.6443875312289,603.0568237304688,208275.0
2018-09-21,606.552374007451,620.0422683712592,580.4588059697928,603.9429931640625,1139496.0
2018-09-24,600.6443706536242,600.6443706536242,573.0738093777202,577.898681640625,287803.0
2018-09-25,566.1812149516888,573.0738558293616,546.4879553011954,557.3684692382812,367015.0
2018-09-26,566.1320155885583,580.951182025498,562.5871926557455,568.396728515625,141456.0
2018-09-27,572.6307606390477,572.6307606390477,537.6260027026696,543.3370361328125,615329.0
2018-09-28,551.4112512630406,551.4112512630406,500.2087779314725,503.7535705566406,527415.0
2018-10-01,504.14736944142203,524.8252888911678,477.56147300603453,513.3539428710938,568704.0
2018-10-03,516.9480208585863,545.9955763163546,513.3539772453765,533.7365112304688,1232831.0
2018-10-04,533.982704441782,575.0431613748303,526.7946769444079,556.7284545898438,1801469.0
2018-10-05,558.8945338610796,571.7936515070083,531.7670880405707,549.7371826171875,874787.0
2018-10-08,556.334568181139,557.8115626099386,524.9237959557139,541.0230712890625,237685.0
2018-10-09,545.3554747558879,555.7437155087615,531.7671399608957,532.0133056640625,205413.0
2018-10-10,531.7179865675874,585.8744481624344,527.7301136881418,552.4451293945312,152186.0
2018-10-11,551.411251143457,551.411251143457,523.8406885862842,532.554931640625,223216.0
2018-10-12,541.5646486584418,546.2910190269216,532.2103501816141,544.0263061523438,213930.0
2018-10-15,547.4725837494212,547.4725837494212,526.794662420756,530.4379272460938,266017.0
2018-10-16,533.8842549884291,541.1215035157918,530.4379347184362,538.2167358398438,505786.0
2018-10-17,542.549194531067,558.3037990909528,540.5798689610813,551.3619384765625,379784.0
2018-10-19,549.4419185302143,572.9261055245445,546.7340954550205,555.4976196289062,1287121.0
2018-10-22,565.1964569519686,569.1351082199266,544.567758916229,549.2941284179688,1008814.0
2018-10-23,538.8076064805228,577.0617400520074,536.7397781177835,570.56298828125,719595.0
2018-10-24,577.0124478156181,590.6007835430013,549.6880528891959,555.1036987304688,226896.0
2018-10-25,554.9067576118097,560.2731823625089,548.3095042531083,554.7590942382812,112717.0
2018-10-26,554.414485386087,569.1352091299344,543.5339713490032,561.6517944335938,587007.0
2018-10-29,559.3377340528637,576.0277818018033,557.3684083031138,570.0213623046875,398793.0
2018-10-30,571.1045517219688,571.1045517219688,547.620362729578,550.3281860351562,158937.0
2018-10-31,549.9342920194467,558.3039276186684,538.6598885159772,551.80517578125,96124.0
2018-11-01,549.4419210637222,560.2732134144408,548.949589593235,555.1529541015625,109226.0
2018-11-02,552.5927546979468,563.1778794017779,551.6573130531481,554.6605224609375,151367.0
2018-11-05,549.4419853418465,571.1045725775466,549.4419853418465,569.0368041992188,140781.0
2018-11-06,564.8026893264896,581.8374078053795,564.8026893264896,570.7599487304688,259120.0
2018-11-07,579.9664344143837,579.9664344143837,566.9196512972519,568.8889770507812,34093.0
2018-11-09,571.1044852692756,579.7695068190676,562.3409613694874,566.033447265625,531454.0
2018-11-12,563.2272584998396,573.8123861726949,561.7010428086822,566.23046875,359942.0
2018-11-13,562.5379393859012,566.821259339288,552.2481993909631,563.3749389648438,110885.0
2018-11-14,567.1658916702402,576.0278587275876,563.2764607752589,574.0585327148438,431328.0
2018-11-15,575.0430994328648,575.0430994328648,567.7073492439197,570.1690063476562,156975.0
2018-11-16,572.9754085912475,572.9754085912475,558.3039062395101,568.4459228515625,64388.0
2018-11-19,574.9446432660963,574.9446432660963,557.4175970326675,560.0269775390625,438124.0
2018-11-20,563.2271864438168,563.2271864438168,553.3805573101837,556.8760986328125,282576.0
2018-11-21,557.3685314179435,561.5041284257234,549.5404478137647,551.6082763671875,215124.0
2018-11-22,551.4112719685793,570.6122001889138,551.4112719685793,563.91650390625,588100.0
2018-11-26,557.6638112024119,566.1319482295879,551.5096680572495,559.4854736328125,53829.0
2018-11-27,558.3039236244248,565.1965646568251,554.6114373570675,561.750244140625,52652.0
2018-11-28,559.2885571984526,575.0431644434794,557.3192312928243,560.2239990234375,120739.0
2018-11-29,563.7195077810879,565.6888335724628,556.3345360634318,562.882568359375,150064.0
2018-11-30,562.8825793029266,568.8397779178449,560.3716407908629,562.6364135742188,40722.0
2018-12-03,556.5316040581744,563.2273012136279,553.3806700735295,560.617919921875,63727.0
2018-12-04,560.2732289735832,569.1351956884554,556.4823005851779,561.1101684570312,288155.0
2018-12-05,556.3345340395141,566.1811629605675,556.3345340395141,564.014892578125,85850.0
2018-12-06,564.2118731547964,569.1351879292711,554.365243605847,559.0916137695312,76272.0
2018-12-07,559.2884825013923,563.1286915441025,550.7711250574821,553.9220581054688,103784.0
2018-12-10,549.4419074351334,561.2578624337384,546.4879186854821,553.8236694335938,114905.0
2018-12-11,547.620260412124,557.2699441874242,547.620260412124,554.0205688476562,104981.0
2018-12-12,559.0423102606707,563.2271272022962,554.1682173323796,561.5039672851562,72595.0
2018-12-13,566.1319229899336,566.1811441130897,553.626692656669,562.2424926757812,151320.0
2018-12-14,562.2424843870564,565.9841911775278,542.0568960684317,558.3038330078125,98357.0
2018-12-17,558.3039662607418,584.8898694160152,558.3039662607418,580.7542724609375,230206.0
2018-12-18,588.8284087294819,597.8380982203988,567.5104331029153,578.587890625,413782.0
2018-12-19,581.8865884776914,581.8865884776914,568.7905831239691,574.1077270507812,155299.0
2018-12-20,571.6952942152607,586.8591279364637,566.8212606111422,583.3635864257812,134271.0
2018-12-21,584.0528607544915,596.2626454406765,568.4459167258573,588.3361206054688,2025095.0
2018-12-24,575.9294136596345,580.5572816877792,567.7074415370645,570.56298828125,144403.0
2018-12-26,567.1658336467289,575.0431368918223,561.4055796883761,566.033447265625,81515.0
2018-12-27,535.6566603867765,595.7211020845584,532.0626164750726,581.5419311523438,926443.0
2018-12-28,590.7978185945013,595.7211337494556,578.2433649493682,589.6162109375,519520.0
2018-12-31,585.8744597084237,596.5088076295383,585.8744597084237,588.6807250976562,169943.0
2019-01-01,586.1205818943332,592.57011176685,583.1173721169532,589.6653442382812,40902.0
2019-01-02,584.2989896271349,594.736392340509,584.2989896271349,592.4716796875,115282.0
2019-01-03,589.2223270724407,593.7517525547951,580.9511343405127,590.8469848632812,415471.0
2019-01-04,593.7517884308887,605.567744419563,590.7977994337201,593.6040649414062,119061.0
2019-01-07,593.6040341979146,599.5120118862703,588.5330560748434,593.210205078125,316222.0
2019-01-08,590.7977917729592,617.2852501437372,590.7977917729592,603.1060791015625,214725.0
2019-01-09,605.5677674385446,639.7848079564135,605.5677674385446,633.089111328125,304725.0
2019-01-10,632.2520187222004,638.4554430191655,621.3222846639302,625.0147705078125,165683.0
2019-01-11,625.2610158658905,633.1383200027836,620.3377007803323,628.7073364257812,171998.0
2019-01-14,623.2915914595268,626.8856349443721,608.7678142493719,610.5894165039062,366016.0
2019-01-15,614.4296800482255,621.4700441717342,610.4910282530445,614.3312377929688,68669.0
2019-01-16,612.9526730529304,620.6330318761921,608.5216898742347,611.8695678710938,440003.0
2019-01-17,611.9680094401567,623.8331856966994,608.5216891939128,613.7896118164062,377003.0
2019-01-18,617.3836844822989,619.8453419164389,605.5677287984272,610.68798828125,107504.0
2019-01-21,615.414373010416,634.8122460675163,603.1060855502077,608.1771240234375,427431.0
2019-01-22,610.4910814239869,620.1407671428117,602.3183902569943,610.3926391601562,95583.0
2019-01-23,613.4450780068674,619.2546140211965,602.8107291238322,610.4910888671875,159259.0
2019-01-24,610.4909822963,619.7468373578326,605.6661101707889,608.767822265625,129335.0
2019-01-25,617.8267467343749,623.2916137928426,606.2077365697377,610.0971069335938,222746.0
2019-01-28,611.4757472719806,614.8728467766374,586.1206740155337,590.059326171875,285382.0
2019-01-29,590.8961609961011,608.4724291883228,586.5636804513709,596.8041381835938,302014.0
2019-01-30,597.6903967727617,606.9462523274811,586.8591045742438,590.74853515625,260752.0
2019-01-31,591.2900968663832,598.4289031982422,584.5944008783821,585.8744506835938,780410.0
2019-02-01,590.797660637515,594.7363117084318,579.0801496619193,581.886474609375,546770.0
2019-02-04,584.8898349323733,589.8131500412317,562.3410276941775,580.7050170898438,146249.0
2019-02-05,580.7050253463118,584.8898432483412,573.0738868190817,575.043212890625,53619.0
2019-02-06,576.0277597233297,580.9510739089992,566.1811313519908,570.513671875,690808.0
2019-02-07,571.1045518216761,575.4370931509823,566.2304578509719,568.396728515625,570245.0
2019-02-08,568.3966907700321,574.9939445883005,566.1811991212967,568.6920776367188,130409.0
2019-02-11,567.1658172961484,570.2182481760032,552.4450952614465,558.1561279296875,339881.0
2019-02-12,561.1100913876606,576.6678122294715,553.4789544313363,565.8857421875,288095.0
2019-02-14,561.1594702755998,565.6888960564451,556.2361552533505,559.8301391601562,24238.0
2019-02-15,559.8301014196404,566.9689077206448,553.380571195096,560.12548828125,72417.0
2019-02-18,560.7655563277198,563.3256559868712,554.6606339492922,558.7470092773438,33962.0
2019-02-19,564.8519061187694,564.8519061187694,552.2974539327516,553.8236694335938,91484.0
2019-02-20,555.9406832161488,562.3409924566067,547.4726057991661,552.9866943359375,1156061.0
2019-02-21,553.3805467420219,557.0238114717,551.4112209529044,553.2821044921875,97421.0
2019-02-22,556.5807539796318,561.257903172738,548.211118581442,551.2635498046875,207746.0
2019-02-25,554.3651997775318,556.1868020604479,546.8325047285002,552.3958740234375,256241.0
2019-02-26,552.3958711257026,555.3498597413479,546.4878938944116,550.8204345703125,205333.0
2019-02-27,554.3651356518025,557.2699028228955,552.4942523622047,554.6605224609375,91914.0
2019-02-28,556.3345267831513,573.0737957306089,556.3345267831513,569.6766967773438,232357.0
2019-03-01,573.0245849243391,612.5587641791379,507.64294452444494,598.5765991210938,11513018.0
2019-03-05,589.8130332730229,607.5369641560186,586.9574870355872,598.4288330078125,967319.0
2019-03-06,598.6750756200422,612.2634123560804,592.7670979001076,598.6258544921875,594253.0
2019-03-07,600.6443492328497,603.007564154698,580.951091880953,583.0188598632812,326651.0
2019-03-08,577.9971129535485,587.252968103499,576.4216763786454,578.1448364257812,195823.0
2019-03-11,580.7049530991729,616.7928729100279,578.3910192926176,612.9034423828125,693313.0
2019-03-12,613.4450609146318,625.1625748818391,602.613767704261,613.3466186523438,398863.0
2019-03-13,608.5216119114127,611.9679317199725,600.8412540721462,605.9122314453125,253418.0
2019-03-14,609.5063935539572,611.4264984129132,601.629089598494,605.4692993164062,233675.0
2019-03-15,603.6967777201131,610.2448098036128,601.6290097458773,605.6168823242188,505837.0
2019-03-18,606.6014863693243,611.377136854833,596.7548586866827,601.4320068359375,91435.0
2019-03-19,603.5983639506571,613.1988273250763,592.767071938492,602.5152587890625,1038136.0
2019-03-20,604.4352243048082,610.490924449857,598.2810819212411,603.4505615234375,816543.0
2019-03-22,600.6444122537571,609.5063789919272,595.7210973992181,606.06005859375,741217.0
2019-03-25,592.8163772759164,607.4878807616114,592.8163772759164,601.6783447265625,93192.0
2019-03-26,602.6137033142612,608.4232385459651,597.4934441421068,600.25048828125,167512.0
2019-03-27,598.1334800704669,611.2787055138917,598.1334800704669,609.2109375,302382.0
2019-03-28,610.4910358454256,615.2174060386109,604.18916885514,606.7493286132812,89907.0
2019-04-01,575.9293256890899,590.6992684566434,574.4523314123345,589.0253295898438,953998.0
2019-04-02,590.797728393718,594.6379376678983,581.9849835920345,591.9301147460938,687704.0
2019-04-03,592.7698969079273,607.5891443306255,587.8301477670279,594.6964111328125,999883.0
2019-04-04,596.6228405941231,596.6228405941231,582.8903158135652,587.53369140625,1064749.0
2019-04-05,590.7939321021003,606.5023567577915,588.916803515689,604.7239990234375,855081.0
2019-04-08,603.6373522952637,620.4324995768012,603.1927628072883,612.331298828125,1180323.0
2019-04-09,621.914369464493,621.914369464493,607.5890980471219,610.7505493164062,391977.0
2019-04-10,613.516851538644,618.950575666603,609.5650521728556,613.8626098632812,471405.0
2019-04-11,617.3698040270677,622.1119506222068,614.060136285916,617.419189453125,1717441.0
2019-04-12,619.7409303357459,619.79031576843,612.8252813691115,617.666259765625,201752.0
2019-04-15,619.3457097218748,619.9384554398791,610.7011495862589,615.8384399414062,137884.0
2019-04-16,618.4566247747,618.4566247747,607.6879469646634,610.2566528320312,382679.0
2019-04-18,613.516887749116,613.9120918288894,604.3783511763635,607.4904174804688,322285.0
2019-04-22,610.4047843126286,617.1722768940874,597.9566404528109,608.8734741210938,427291.0
2019-04-23,610.5529622337606,611.4421411529977,590.7939666922149,592.9674682617188,1108991.0
2019-04-24,594.7457686174482,607.5891157802835,593.0168564993742,602.9457397460938,222954.0
2019-04-25,602.2541381431483,612.2324667095239,600.7228281041517,606.9468994140625,225934.0
2019-04-26,617.468659201525,637.0300542650947,617.468659201525,629.571044921875,2193690.0
2019-04-30,627.4469475213168,636.9806880265397,627.4469475213168,632.1397094726562,798810.0
2019-05-02,632.2384580579413,650.0709390838177,632.2384580579413,642.6613159179688,1022283.0
2019-05-03,642.1673375034944,657.9745335035805,641.1300023259223,656.1468505859375,809596.0
2019-05-06,652.046875,659.752871462793,644.3408785372069,652.046875,510425.0
2019-05-07,650.0708903869026,657.2335255773357,650.0708903869026,654.1214599609375,400330.0
2019-05-08,647.1565286609906,653.4300463056868,642.1180086122058,642.7107543945312,290783.0
2019-05-09,643.2047678887924,648.5891068832497,633.2758834914898,644.3903198242188,347971.0
2019-05-10,642.2661553967876,659.9504813369119,631.4975385128596,634.3131713867188,758566.0
2019-05-13,632.0902634055084,638.0673475734048,601.1674470470798,612.5288696289062,324189.0
2019-05-14,611.0469020393635,631.2504858805496,587.4843253287709,608.1818237304688,1232277.0
2019-05-15,616.4806237514654,641.7721124008901,609.3179882992248,621.2721557617188,552190.0
2019-05-16,625.1252213667058,640.8830323690322,618.4565603722763,623.346923828125,363954.0
2019-05-17,627.1998967355373,638.1661755261841,615.8384742107879,622.161376953125,387017.0
2019-05-20,636.091385307301,649.7745247263107,628.3360043421262,637.9191284179688,523465.0
2019-05-21,642.167423399585,655.99872174973,638.2650093051448,651.7505493164062,396784.0
2019-05-22,651.7504962699968,659.5058780938136,644.9830039482529,651.7011108398438,361789.0
2019-05-23,656.9866669915087,675.65894375219,656.9866669915087,663.3095703125,528882.0
2019-05-24,667.8047579792993,681.6854422433036,657.1349109432527,677.733642578125,541134.0
2019-05-27,673.7817734305913,695.5166693477072,673.2877985233841,690.4781494140625,1669747.0
2019-05-28,691.5648933642665,695.4179218900225,676.8444165142149,690.3299560546875,373366.0
2019-05-29,679.8577237227822,694.5287550982307,669.8793939064311,671.805908203125,1286226.0
2019-05-30,671.8058631451624,678.3263076969973,665.8781643527051,671.7070922851562,550276.0
2019-05-31,676.6469088872539,687.6131286291412,668.1998890242669,685.8842163085938,650980.0
2019-06-03,678.7214905880732,692.5527873395041,678.2275157040935,687.2178344726562,167500.0
2019-06-04,681.9323765842792,691.5648875175594,679.2155145261744,689.9841918945312,410079.0
2019-06-06,688.6009927427457,691.9106003670506,681.191369434897,687.9588012695312,1320152.0
2019-06-07,690.4780977439323,693.540717819565,685.6865053227862,690.0335083007812,680274.0
2019-06-10,688.6011104889151,691.5649603188531,686.7734272136584,690.67578125,449355.0
2019-06-11,687.1190716230581,696.5045945280459,685.6865323828891,692.5527954101562,402010.0
2019-06-12,691.4660564667989,693.5407268288986,686.8720659940054,691.5154418945312,387860.0
2019-06-13,691.5648599468501,700.4564081461667,685.6371611473056,690.9226684570312,437375.0
2019-06-14,691.5155043498563,692.5528396245948,687.6130904118659,691.1203002929688,375865.0
2019-06-17,692.9479730944762,698.4804675292969,689.8852927147598,691.5648193359375,486849.0
2019-06-18,692.5034197991451,699.4684537832392,690.7251222308166,695.5660400390625,1561472.0
2019-06-19,697.4925488108137,700.4563981683667,677.9805405402562,687.909423828125,358961.0
2019-06-20,688.0082233927229,696.5045670410161,681.7347063608513,690.0335083007812,1024232.0
2019-06-21,696.5045760888512,702.4322746087563,686.5263077002113,691.5154418945312,3605899.0
2019-06-24,696.6528311616731,704.8034170768611,690.527530292749,702.037109375,376039.0
2019-06-25,666.8660683981155,676.6961802811026,661.4323448778347,666.223876953125,3513192.0
2019-06-26,687.119056197176,735.034619425879,684.4021943646205,708.8045654296875,6255032.0
2019-06-27,697.4925639878395,729.1069578229824,697.4925639878395,718.1901245117188,4196283.0
2019-06-28,716.2636318101701,725.9949135845495,708.3600331143338,714.9793090820312,1184510.0
2019-07-01,716.0660686670392,730.0949691738881,707.4215071240467,727.0323486328125,610864.0
2019-07-02,731.0828139958875,743.6297878635881,731.0828139958875,740.7647094726562,1257045.0
2019-07-03,740.9622975473851,751.7309737249402,732.2683519827623,747.7791748046875,554389.0
2019-07-04,750.8418999323246,753.0647871360716,743.4816613533162,748.2732543945312,271994.0
2019-07-05,750.4465660312607,767.1429400373218,736.6152702675485,744.469482421875,1195407.0
2019-07-08,739.7768114477333,759.0418328932454,730.6876610647881,750.051513671875,787426.0
2019-07-09,745.9020827221776,753.8056809496974,738.5912302418542,749.8538818359375,594218.0
2019-07-10,742.7406812655365,749.1623552567783,731.0828851567553,733.0093994140625,459594.0
2019-07-11,735.0347305509416,752.8178288707225,735.0347305509416,745.0130004882812,292405.0
2019-07-12,746.890047360685,779.7887635773525,744.2719562758621,771.2924194335938,1817841.0
2019-07-15,771.094858277775,785.3213602441529,756.7695854462211,774.1080932617188,585738.0
2019-07-16,773.5647199242641,778.8996731470589,760.9189741105962,766.5008544921875,440957.0
2019-07-17,763.6852368538927,783.5430047919317,747.8780391958561,756.0286254882812,880172.0
2019-07-18,756.7695697657769,765.6611182356098,728.1190246963154,731.922607421875,424234.0
2019-07-19,736.3683645519538,741.950305081557,723.0310421570124,735.8743896484375,577254.0
2019-07-22,740.1720407814935,754.7936865233194,726.6371157564155,752.9660034179688,409528.0
2019-07-23,754.7936580701974,770.6008550978454,754.7936580701974,766.5996704101562,708849.0
2019-07-24,773.0707211787646,798.7574160677715,746.0997036052415,763.1912231445312,8522595.0
2019-07-25,760.6225790893959,790.3598441039383,759.782785575233,787.7911987304688,892300.0
2019-07-26,789.4705977110227,797.2754246246119,773.5646313272257,785.518798828125,848649.0
2019-07-29,783.4441419797115,795.7441282737526,772.8730677266093,787.74169921875,655785.0
2019-07-30,788.3839444936784,795.2995931295878,772.4779767509549,787.7911987304688,629929.0
2019-07-31,773.5646139655449,790.3597588409144,765.6610163771359,787.9392700195312,490133.0
2019-08-01,780.8261301397722,793.9164654898578,743.481638333047,767.6370239257812,789834.0
2019-08-02,748.174479015663,793.3238034249383,748.174479015663,782.110595703125,941917.0
2019-08-05,780.4803452748798,785.4200942956069,764.8213649990432,780.8755493164062,538695.0
2019-08-06,778.6032299874242,790.4092424109954,770.6996314176256,777.714111328125,700080.0
2019-08-07,780.7273257165161,791.9405317730258,772.8237273543116,777.0718994140625,487084.0
2019-08-08,785.4200455995449,817.0344373721051,773.8610215477692,803.1043701171875,1081958.0
2019-08-09,800.7826992964647,804.9814859515319,785.5188628081099,792.0393676757812,714830.0
2019-08-13,787.6429310605437,792.0393194681966,752.5213298257736,761.9562377929688,432634.0
2019-08-14,770.6007951441824,806.9573334192567,766.6489961947251,802.3634033203125,1042108.0
2019-08-16,791.4465925004278,828.7911446825543,791.4465925004278,825.2838745117188,1340618.0
2019-08-19,827.1115946636442,848.4512864829062,823.011578823989,839.6585693359375,999684.0
2019-08-20,839.7573304736602,852.057317550532,821.5296445934449,843.5609130859375,1032233.0
2019-08-21,842.2272491265265,846.6730234620918,814.2682803650176,819.4550170898438,469687.0
2019-08-22,816.2440951950261,827.5561318880954,795.8429087455299,805.3766479492188,451114.0
2019-08-23,805.1296276220585,820.0476441120312,802.4621513471212,811.3536987304688,545349.0
2019-08-26,827.9019164788729,829.3344557212582,808.2911374458698,817.1332397460938,606859.0
2019-08-27,817.0344468009018,836.7934418867761,817.0344468009018,824.1970825195312,851189.0
2019-08-28,829.8779112708198,831.6562090207506,811.6502236597577,818.4671020507812,538964.0
2019-08-29,817.8248436548818,829.6802414183243,812.3911196799705,825.036865234375,338992.0
2019-08-30,829.8777674043162,836.7934154660187,800.2392757113048,828.5934448242188,6692265.0
2019-09-03,822.7645566411453,838.4235966801109,786.753775453985,801.4248657226562,592127.0
2019-09-04,806.1670699979571,819.9983677675299,802.215270635222,816.4417724609375,423307.0
2019-09-05,821.5295271347339,824.9379655192669,810.8102974511447,821.233154296875,332593.0
2019-09-06,824.4441100799429,826.9139845858743,811.4031606286903,825.4814453125,308380.0
2019-09-09,822.9621144763244,824.9380139108413,791.4464943759123,797.0778198242188,640219.0
2019-09-11,802.2153172782344,804.0430004698967,785.420169010094,790.01416015625,579309.0
2019-09-12,779.4429915079022,789.3224893144549,774.7502300497897,783.2959594726562,3737190.0
2019-09-13,787.5442527308239,798.0164970965294,782.7032743110187,788.6803588867188,3681750.0
2019-09-16,776.4298023939286,789.1249337020042,775.540623419184,786.8526611328125,2172276.0
2019-09-17,786.2105001788676,792.3358014771547,784.3828170260036,788.5816040039062,1013597.0
2019-09-18,792.4344984950653,797.275476561839,788.4826993547341,793.2742919921875,715018.0
2019-09-19,794.3116773269821,795.2996271744037,789.371928089874,792.1875610351562,456281.0
2019-09-20,794.3115122404595,815.5524295453971,790.7054719269662,806.3151245117188,1918256.0
2019-09-23,812.0946539078496,812.0946539078496,779.4923137874615,782.1597900390625,1590491.0
2019-09-24,782.4562931799826,793.965933228573,777.5165438543513,785.568359375,976843.0
2019-09-25,783.7405791048906,790.2610840880312,767.7357799822181,786.951416015625,1031592.0
2019-09-26,788.6310022138326,813.7743390546536,788.6310022138326,806.5623168945312,1672809.0
2019-09-27,809.476714356982,837.4357443492031,809.476714356982,832.3477783203125,1994366.0
2019-09-30,832.6439675763633,841.3379125890451,826.172909315202,836.2006225585938,961777.0
2019-10-01,835.8055519461412,838.7694014211276,794.3116592963328,817.6766967773438,759109.0
2019-10-03,817.9237018874661,826.0742881195988,810.1682594140572,820.6405639648438,455628.0
2019-10-04,820.9862266033753,834.6199208336063,812.1440644494586,814.3175659179688,569471.0
2019-10-07,814.0706167669076,825.9260140984645,811.156152862966,817.9236450195312,341633.0
2019-10-09,816.0464545153404,833.7307783153813,816.0464545153404,827.160888671875,506576.0
2019-10-10,825.1357153901209,837.7814612356299,795.9911952174192,817.2321166992188,5286384.0
2019-10-11,821.9742713110186,832.6441175806019,820.9863214656929,829.482666015625,384745.0
2019-10-14,835.9042791347786,837.3862037948447,812.09471371625,818.7139892578125,366115.0
2019-10-15,819.0103605731748,833.8296071456689,819.0103605731748,827.9512939453125,394890.0
2019-10-16,826.4199858193348,881.7451731545203,821.9742118370431,866.7777099609375,3634345.0
2019-10-17,869.395822948434,917.3113881904784,869.395822948434,892.0198974609375,3687636.0
2019-10-18,894.8849019968062,918.7932988217799,888.1668555277206,914.7921142578125,1819540.0
2019-10-22,918.0029295792043,985.4798861660273,918.0029295792043,977.2305297851562,2040975.0
2019-10-23,982.0220138846544,1000.1014815572055,958.4594373695617,974.0690307617188,1357514.0
2019-10-24,979.4534225565264,981.972682400984,943.1462686402997,957.9655151367188,982596.0
2019-10-25,962.2630657116475,987.9497594575437,953.618505316394,970.3148803710938,975234.0
2019-10-27,978.0703035092006,986.9618517229205,965.3751726794796,981.9727172851562,150914.0
2019-10-29,986.467791145254,1007.7087100332088,969.1786711201744,1002.1267700195312,880342.0
2019-10-30,1003.7569340498585,1017.5882303851912,964.3377153742936,987.7521362304688,7610404.0
2019-10-31,993.8775184773701,1001.0895401002239,975.1064719057299,979.55224609375,849468.0
2019-11-01,981.3305182392025,996.8413420636552,981.3305182392025,985.4799194335938,655253.0
2019-11-04,990.9135770433011,991.0123478962206,977.7738577227,986.6654052734375,875743.0
2019-11-05,987.9498675924777,990.9137171952551,954.4583429612229,958.11376953125,1230007.0
2019-11-06,962.70771080749,968.1908202294675,930.204137722775,957.2739868164062,1420970.0
2019-11-07,961.6703772822904,979.0582699650297,956.53302616704,974.5631103515625,1351432.0
2019-11-08,993.8775123482471,1009.6847093637263,964.7329928509575,970.3643188476562,5656687.0
2019-11-11,970.166684653039,970.166684653039,956.7799771844101,958.2619018554688,2078020.0
2019-11-13,972.6365130621963,988.8882982454137,954.5570449910598,976.2425537109375,4039409.0
2019-11-14,986.9618342580881,1000.7931312346778,973.0317664229618,987.8510131835938,3441700.0
2019-11-15,996.0509481920286,1013.6364416499996,983.4545889025184,990.765380859375,2687762.0
2019-11-18,992.7908606863284,1000.7932306118242,983.998082615377,987.999267578125,2144563.0
2019-11-19,943.4426431147755,958.3112750648688,918.7932843405443,925.2643432617188,60449782.0
2019-11-20,928.672776677387,937.2679516703986,924.819748484071,928.3764038085938,2976893.0
2019-11-21,931.0932618643072,934.0571111395082,904.9619786946854,918.3980712890625,2642185.0
2019-11-22,919.7812543826628,934.3535137834622,919.7812543826628,931.2908935546875,3125980.0
2019-11-25,932.1306869456984,942.8993644706638,932.1306869456984,940.133056640625,3604001.0
2019-11-26,945.8632210254104,966.1655786086852,926.5487530034451,947.39453125,43473998.0
2019-11-27,952.3836432220305,953.5691950868058,931.8342986647262,936.7740478515625,1542111.0
2019-11-28,942.3558693722006,960.9787588227736,936.7739893196486,959.4474487304688,1885171.0
2019-11-29,958.3112521543176,958.3112521543176,943.5413914142738,948.4811401367188,1071258.0
2019-12-02,947.5920593276188,947.5920593276188,926.9932701539354,932.4763793945312,643539.0
2019-12-03,934.6991933199951,954.3594166017394,934.6991933199951,951.790771484375,1612054.0
2019-12-04,951.1980421474459,963.2510415997043,948.4811802352416,960.5341796875,1122303.0
2019-12-05,957.3233450372115,962.7570688738521,943.4920479984903,954.7546997070312,814043.0
2019-12-06,959.2992231089404,962.2630724079381,933.8101311974933,952.5811767578125,1235405.0
2019-12-09,953.1739242955599,953.1739242955599,927.0920865949868,930.648681640625,861577.0
2019-12-10,938.5522693178185,956.3353649469983,935.5884200462887,938.404052734375,1610114.0
2019-12-11,938.5523354922391,960.2378462511783,913.3596149079737,954.9028930664062,1616587.0
2019-12-12,959.2992702854506,959.2992702854506,944.1342647463267,948.8270263671875,862822.0
2019-12-13,953.2727847294608,970.8582790835083,951.6426434420046,963.1522827148438,1119572.0
2019-12-16,962.0654244901639,967.9931228053215,952.2847584499528,957.8666381835938,526157.0
2019-12-17,963.2510554773836,966.6594943490069,956.3354068739562,960.83056640625,822269.0
2019-12-18,963.2510582379463,964.8317538033915,947.4438613848107,953.1245727539062,628845.0
2019-12-19,956.9281646499901,963.3004530030954,953.8161589191743,958.0643310546875,906299.0
2019-12-20,960.2872119251291,995.9027903897843,960.2872119251291,980.7871704101562,10219499.0
2019-12-23,989.9257423550986,999.5088678889298,975.6498550685859,984.7883911132812,1347986.0
2019-12-24,985.9738371322491,987.850965751666,973.130490556378,982.7630004882812,716972.0
2019-12-26,986.2209248932531,987.6534642169946,976.1932099267359,979.0582885742188,335933.0
2019-12-27,976.094441785001,979.5522662245227,965.7703538984942,976.7366333007812,438117.0
2019-12-30,976.9835962510035,979.5028562195195,961.0775680484368,964.5847778320312,390678.0
2019-12-31,964.2389516272256,968.1907506093044,946.6040727895657,950.012451171875,403539.0
2020-01-01,953.371564381524,968.1908114962628,950.0125109156482,964.6342163085938,349251.0
2020-01-02,963.9426459188787,963.9426459188787,954.3595206597728,957.6691284179688,335765.0
2020-01-03,958.3112727949194,970.9570177368157,957.3233230291515,963.3497924804688,451217.0
2020-01-06,954.4582714775421,991.0124138407593,946.4559022692463,971.25341796875,895840.0
2020-01-07,978.0702579142746,990.9136047353711,968.1907603595849,973.03173828125,570304.0
2020-01-08,966.2148411547314,980.3425103100462,963.4485939557351,975.8473510742188,368547.0
2020-01-09,984.7883501998028,985.9739020216869,967.9438181420318,976.58837890625,614382.0
2020-01-10,977.0823364257812,984.985934698184,971.4510105967605,977.0823364257812,351231.0
2020-01-13,981.0342464672245,985.9246105110599,968.1908978226385,977.9221801757812,332236.0
2020-01-14,981.0341405137074,982.0220903027443,972.1425924123747,975.8967895507812,369532.0
2020-01-15,976.0944166117861,989.9257140131676,969.1787679110953,986.1221313476562,533340.0
2020-01-16,987.9497840421302,990.9136333942565,980.0461857697932,987.8510131835938,465355.0
2020-01-17,987.7522500848886,997.631748606041,973.3775917965464,984.3438110351562,372188.0
2020-01-20,987.9498008071192,988.9377506079263,963.7450306873449,969.6727294921875,341082.0
2020-01-21,968.1908345179581,975.1064833359436,958.508938232713,961.0281982421875,355550.0
2020-01-22,968.1907736257251,980.6389165953314,960.2871754736784,969.8703002929688,1299987.0
2020-01-23,973.525670479965,991.9015110062304,968.3883199168125,974.0690307617188,1151390.0
2020-01-24,974.118441902717,1007.7087330028106,965.2268942585745,987.7521362304688,1388247.0
2020-01-27,987.752176599259,1002.4726524204888,975.4521897955694,980.1943969726562,740311.0
2020-01-28,981.0341938373057,994.8654916356162,963.9920590501017,975.9462280273438,578382.0
2020-01-29,980.0461074038285,999.9533180803346,976.0943085836518,995.6557006835938,538017.0
2020-01-30,1001.7810955549164,1004.7449449500493,977.3787234750549,986.2208862304688,561770.0
2020-01-31,992.889526303077,993.877476080493,971.3028477864051,982.120849609375,445170.0
2020-02-03,884.2151266333165,910.7415563124463,846.3272735393451,901.6524658203125,4046967.0
2020-02-04,901.010133202068,911.7788091332305,885.2029378827335,900.6149291992188,2004591.0
2020-02-05,902.5908714094342,904.7643729288297,887.6728542393577,899.57763671875,1337410.0
2020-02-06,905.0608073269839,913.8535848579179,901.0596226099727,908.4198608398438,1185756.0
2020-02-07,908.9138093766314,943.9366415913498,904.5174207387345,935.8848266601562,1642253.0
2020-02-10,940.5281337290028,944.726920040293,926.6968376447527,941.3184814453125,734151.0
2020-02-11,948.8763532161586,948.8763532161586,924.523367662067,928.42578125,584552.0
2020-02-12,933.3655745058138,937.3667591399771,913.8535659358325,921.6089477539062,925589.0
2020-02-13,925.7090018351674,925.7090018351674,904.9620551558306,916.3728637695312,551572.0
2020-02-14,921.1644060255026,921.1644060255026,896.0704573020278,903.2330932617188,402685.0
2020-02-17,904.4680683481594,908.3704822322065,893.1066453159324,903.38134765625,355839.0
2020-02-18,903.97407833115,910.3463666809596,896.1692506934498,905.0114135742188,901858.0
2020-02-19,907.0367037296297,931.0933179762394,907.0367037296297,926.89453125,786366.0
2020-02-20,928.3764116593196,933.6125333845054,910.5933157853291,917.558349609375,784552.0
2020-02-24,912.4703970280486,930.1547222940269,899.0343040760112,905.5547485351562,493211.0
2020-02-25,912.371599526754,923.4366488521988,881.0041947785413,890.34033203125,760359.0
2020-02-26,883.0294978003924,903.7764430980728,870.8777276145419,880.6090087890625,807168.0
2020-02-27,880.0657104578622,902.8873880725124,864.4561149563002,894.4403686523438,821122.0
2020-02-28,875.323528956122,884.215077218656,864.4560810796917,879.6705322265625,1002851.0
2020-03-02,884.3632549393063,898.0463350442608,867.4198923749846,883.3753051757812,629219.0
2020-03-03,892.1680431755104,902.9861054041262,881.3005955174739,889.006591796875,615494.0
2020-03-04,892.019818233266,901.0101364840191,866.4318965970227,874.4342651367188,769392.0
2020-03-05,880.6089924415733,890.5873211745467,865.9873480869567,873.7921752929688,1014502.0
2020-03-06,854.576562042902,870.8777334575931,838.0777886117352,843.6597290039062,1436479.0
2020-03-09,826.1235340244172,851.5138528464727,793.3235926064112,815.3548583984375,1424660.0
2020-03-11,809.1309100904139,837.6826842733021,774.7008826637003,799.2020263671875,1305970.0
2020-03-12,751.8297663994528,766.3526399128318,691.564831116448,742.641845703125,2111588.0
2020-03-13,656.9866252145082,785.4201008203519,617.5674035817692,752.7683715820312,2077130.0
2020-03-16,692.5528836619259,763.5370602426391,653.6276332706145,722.7347412109375,1588572.0
2020-03-17,723.1793015659116,759.2394716576545,666.8661592308612,678.7215576171875,1398542.0
2020-03-18,686.674490865659,688.5516195903159,581.0626942812772,589.0650634765625,2202064.0
2020-03-19,558.1916088061365,612.4300742064581,513.1411243214727,600.3770751953125,2916821.0
2020-03-20,619.444597516741,672.5469055175781,598.6976492745536,625.8662719726562,2004915.0
2020-03-23,563.0820338279326,609.5650626034821,515.9074280916016,532.7025756835938,1652165.0
2020-03-24,544.755568357927,582.8410228021221,528.55316678883,539.6676025390625,1108727.0
2020-03-25,523.6134215675627,622.4084067689896,523.6134215675627,580.7662963867188,1610706.0
2020-03-26,596.2277432741857,656.9866599458716,588.1759277579869,610.7012329101562,1629666.0
2020-03-27,628.5336721222965,649.0830158141656,577.9506305194625,595.5855102539062,1299441.0
2020-03-30,591.6831450338484,626.854132943598,568.0711212648839,614.5047607421875,1301701.0
2020-03-31,630.3120292389821,645.8228545576195,616.6289473949654,633.27587890625,1087481.0
2020-04-01,634.1649446646022,651.05886063091,620.4324195390159,627.4468383789062,971706.0
2020-04-03,640.1914356831328,656.9865813723508,619.7408638722104,642.3155517578125,1279329.0
2020-04-07,656.9866516202374,739.2828622369428,645.1312533955112,726.4395141601562,1916861.0
2020-04-08,732.9600024272443,785.4201142396057,712.3118268764223,733.84912109375,1443627.0
2020-04-09,745.9021593543753,764.6238216391652,726.1925471896458,730.53955078125,683512.0
2020-04-13,736.0226922286184,740.9130564047039,691.564945718165,699.2215576171875,760239.0
2020-04-15,711.3238576307353,716.2142212118807,686.7238834344708,692.4540405273438,1232607.0
2020-04-16,681.685376395191,689.5889749620918,672.8925988696453,676.9926147460938,1363923.0
2020-04-17,695.072011095803,712.3117457114429,678.7214553450226,693.9852905273438,1777451.0
2020-04-20,694.5286685616629,703.5684328199923,688.6009701102121,691.5648193359375,1360101.0
2020-04-21,679.7094046421815,682.8214703676041,658.9624606051382,663.2106323242188,677346.0
2020-04-22,677.6347917996046,700.4564080550126,666.8661148619655,696.3070068359375,954059.0
2020-04-23,703.420256782246,723.6732276587012,700.4564073856916,709.002197265625,1219237.0
2020-04-24,692.5528043278476,698.3322864923133,667.8540595230029,670.9661254882812,1016019.0
2020-04-27,686.3780700274381,718.2394485929435,679.8576259757591,705.494873046875,3275845.0
2020-04-28,715.2756750835297,719.2274743933834,698.0359385343583,711.1756591796875,1002540.0
2020-04-29,714.2877069963309,714.2877069963309,699.8636640039634,704.7539672851562,634432.0
2020-04-30,726.3406641036896,732.0707605609675,708.2117501151259,718.0912475585938,1925414.0
2020-05-04,701.4442995305179,717.2514950128958,667.3600342716406,679.3636474609375,1418017.0
2020-05-05,696.5046400148904,725.8467624414096,689.7865931356743,704.9515991210938,4310285.0
2020-05-06,708.3105791513543,739.9743563030536,697.492517423172,722.3394775390625,3664820.0
2020-05-07,728.1190038139604,733.5527277230198,714.7816814917236,726.2913208007812,1345672.0
2020-05-08,733.058753475864,759.5851815538758,729.6009291670157,750.8912353515625,2349883.0
2020-05-11,761.6599462859128,761.6599462859128,735.8744191101973,741.4563598632812,1498957.0
2020-05-12,737.9985451893787,746.494889862854,726.241917739183,735.62744140625,1115902.0
2020-05-13,756.0285769330287,770.600836338141,743.8768065737843,751.3358154296875,1752331.0
2020-05-14,747.6803476236958,761.2152710573946,732.1695247193743,737.75146484375,987397.0
2020-05-15,745.3587906879958,745.3587906879958,733.2564047933789,742.888916015625,1032406.0
2020-05-18,740.9623112374019,740.9623112374019,686.0817147783517,692.3057861328125,1705933.0
2020-05-19,700.456454744423,711.3239032665508,689.5890062222951,694.4793701171875,1496613.0
2020-05-20,692.5527938335903,709.0515671731546,691.564844056367,707.1744384765625,1289104.0
2020-05-21,709.1503678805581,733.9973299434517,707.4214556976439,721.5985717773438,1400397.0
2020-05-22,723.1792155876738,735.0346125645209,714.7816427290737,721.1539306640625,1507444.0
2020-05-26,726.143187770414,746.8901359924258,722.5865921950829,745.3588256835938,1110985.0
2020-05-27,742.93816306709,745.3092664307865,728.316519790064,732.2189331054688,682804.0
2020-05-28,736.0225848850482,745.6550952241478,731.0828359932023,739.085205078125,1134155.0
2020-05-29,738.937002063238,773.5646275454077,736.41774234764,759.3875732421875,7090367.0
2020-06-01,766.6490528088816,771.5394164299034,756.6707838445107,765.4635009765625,1712847.0
2020-06-02,774.3550446577384,781.4682953096185,764.9695215155875,770.1068725585938,1388838.0
2020-06-03,779.4924001359395,804.9814931755076,775.0466259906775,797.374267578125,2163284.0
2020-06-04,799.9923965998164,810.6128575611601,779.2948350384725,785.2225341796875,1404467.0
2020-06-05,789.2731109718903,795.5465680155102,773.4659143394803,787.099609375,1199773.0
2020-06-08,792.3356496618004,798.263347788946,766.6489577775027,769.9091796875,1371772.0
2020-06-09,772.6755784423672,779.4924567467143,743.432286060713,749.3599853515625,1521206.0
2020-06-10,749.8538474242908,750.8417971573928,730.7864296353588,732.7623291015625,2283056.0
2020-06-11,731.0829279014105,748.4708220667626,726.1431783885631,731.9721069335938,1314357.0
2020-06-12,721.2033364095583,751.7310086048442,719.968399189679,741.4069213867188,4340501.0
2020-06-15,738.8876141237928,745.704430960476,731.7249787079237,736.3189086914062,3316220.0
2020-06-16,741.9503371431648,761.4129612426738,733.4539925554027,754.8924560546875,1883900.0
2020-06-17,756.8188836120452,770.1068196283626,754.9912007193236,762.74658203125,1936475.0
2020-06-18,760.1286216069226,776.9237686790306,758.350263677197,762.3020629882812,951540.0
2020-06-19,769.6129205887634,771.4406036615634,757.9551246089707,766.5008544921875,2912093.0
2020-06-22,771.6875672239745,780.8755486342368,752.3237751995088,768.5755615234375,1164278.0
2020-06-23,767.6370537821875,795.5960232177943,767.6370537821875,787.05029296875,1506742.0
2020-06-24,791.0020843642075,800.2393914918048,766.2045065468172,771.3418579101562,1699063.0
2020-06-25,768.6249270295111,783.3947882656547,765.7598485543921,776.7755126953125,735190.0
2020-06-26,781.5670373993077,792.3357139911243,772.5767186297496,774.8983764648438,986158.0
2020-06-29,770.6008619548114,780.3321435916797,764.9695359036689,777.3189086914062,597371.0
2020-06-30,779.4924405941265,801.2273375435191,779.4924405941265,796.732177734375,2052551.0
2020-07-01,805.129694864339,809.9706126642187,792.3357330009605,795.5465698242188,1320983.0
2020-07-02,792.4839127203019,809.4766001084776,792.4839127203019,804.240478515625,1075581.0
2020-07-03,811.1068565393597,835.8056036934206,809.4767151073214,833.8790893554688,2085479.0
2020-07-06,842.7211321735216,864.4560265554882,841.1404367019727,853.0946044921875,1836436.0
2020-07-07,856.5524149797476,864.2584108054454,843.3633102184381,858.1825561523438,1104353.0
2020-07-08,859.5162622192275,861.3933908198026,835.9042396314995,840.4982299804688,1688004.0
2020-07-09,840.7452772118371,843.6103557428853,824.9874658904121,830.1248168945312,1180400.0
2020-07-10,839.757311819328,861.3934360907759,839.757311819328,849.8344116210938,2062795.0
2020-07-13,857.3921872440375,857.3921872440375,837.9296249360178,852.55126953125,668624.0
2020-07-14,851.5139477103126,875.8174884127267,845.7837906913395,849.3898315429688,1535913.0
2020-07-15,852.6006077770993,860.0102306720336,842.0789191464265,845.5367431640625,772942.0
2020-07-16,845.7344656178963,859.0224032952211,840.9923183496918,854.7742309570312,630372.0
2020-07-17,857.6885918733176,871.2234550869301,852.1560371432447,864.6536254882812,1228812.0
2020-07-20,868.4572265580582,877.3981598476415,840.7452477833014,844.1536865234375,1497333.0
2020-07-21,853.5886485255718,885.153657484108,833.8296520319242,877.6452026367188,4650668.0
2020-07-22,881.7451500955486,881.9921375325501,845.7837551482554,848.846435546875,1757409.0
2020-07-23,851.4150938285544,869.3957915779409,848.8464485642141,867.2222900390625,937539.0
2020-07-24,863.3693666627504,866.431986966595,852.6006895691808,856.9476928710938,784937.0
2020-07-27,864.357308418871,871.56932993464,845.8826350074779,856.9970703125,1342666.0
2020-07-28,854.5765893635277,878.1886140450011,852.9464480500756,872.7054443359375,1005499.0
2020-07-29,864.0114848205604,879.2753212779603,864.0114848205604,870.4825439453125,934883.0
2020-07-30,877.1511826565281,904.961992912292,871.0259422979485,902.54150390625,2422578.0
2020-07-31,910.6427531673627,910.6427531673627,892.7114396848818,901.8499755859375,1271226.0
2020-08-03,900.0222300214302,900.0222300214302,862.0849351739859,864.5548095703125,1291032.0
2020-08-04,870.482582066007,871.8657359653113,857.5404632497339,865.2464599609375,707018.0
2020-08-05,866.2344286690386,870.038071825128,848.1055727850572,850.5260620117188,1364739.0
2020-08-06,858.2319817704889,867.4199026198543,849.0934463499494,864.8512573242188,907553.0
2020-08-07,869.2970597758965,873.19941327595,851.7609506920296,858.1331787109375,827168.0
2020-08-10,869.3957889654923,871.3716884858685,851.415091270136,855.3175048828125,1090543.0
2020-08-11,857.5404056859292,867.4199034472878,847.1669330365027,850.2295532226562,971871.0
2020-08-12,850.2295848178036,858.0344124591775,840.7452907343236,846.57421875,1068002.0
2020-08-13,850.5259676461588,857.5403867822295,844.7958108311518,851.1187133789062,666359.0
2020-08-14,856.4536677107648,856.4536677107648,818.7139749665859,829.1862182617188,1897736.0
2020-08-17,834.8174926683178,836.9416086334342,828.0994467990854,832.1994018554688,1435984.0
2020-08-18,835.7560887340481,854.3295316554653,834.4223204146301,850.0813598632812,1170823.0
2020-08-19,850.279009521466,865.0488106185732,850.0814075038486,853.2428588867188,1332665.0
2020-08-20,850.6247517550515,854.3295633916154,838.7693545180473,842.5729370117188,660128.0
2020-08-21,870.4332215525242,879.0777829214692,848.6489389627177,850.871826171875,3651529.0
2020-08-24,856.3548758788494,859.4175564432966,841.3380268361401,850.4765625,951781.0
2020-08-25,851.9584428359926,855.5150981159741,827.7536739597608,837.6826171875,1877987.0
2020-08-26,844.697057766589,844.697057766589,823.6043541866709,829.0874633789062,2151196.0
2020-08-27,833.7801471027099,835.6078298965589,825.0367562275762,831.1126708984375,945124.0
2020-08-28,835.8055259556207,848.3525004028318,832.891062002579,841.2886352539062,1640185.0
2020-08-31,845.1910587680624,853.5886321164301,808.6863013878711,817.7754516601562,2086032.0
2020-09-01,815.0586536954854,829.8779019444943,808.1923899468429,825.8273315429688,1148605.0
2020-09-02,832.8416893882595,854.5765851967312,831.1621626522161,840.0537109375,2006869.0
2020-09-03,843.6103579097776,853.3416393149482,840.7452793713701,842.0296020507812,888422.0
2020-09-04,831.853707091363,835.6079041608202,822.9621591533319,824.4934692382812,1069706.0
2020-09-07,825.4320935214798,831.8537674986069,816.0465700164481,828.3465576171875,808757.0
2020-09-08,830.816442102811,840.5971094813925,820.1959811682003,834.817626953125,1438741.0
2020-09-09,827.6548840581904,833.335594990252,812.0946758529783,820.4922485351562,1685144.0
2020-09-10,823.851376876853,837.781445182783,823.0609687831698,835.0151977539062,659109.0
2020-09-11,835.805525361999,856.453700167524,833.5826383264618,853.9838256835938,1559667.0
2020-09-14,860.5043165408198,865.4440657746936,839.7573697585498,846.7717895507812,1346301.0
2020-09-15,850.9211589299089,860.5042841427531,842.7705730008873,854.2802124023438,724917.0
2020-09-16,854.5766109545458,862.9741845882032,850.9211844893722,857.1947021484375,823952.0
2020-09-17,848.0561390203735,855.9597374817016,842.2765964657249,845.833251953125,612356.0
2020-09-18,846.6236414316562,851.4151741149291,834.8670140216024,837.8802490234375,1245818.0
2020-09-21,838.7694627758189,841.5357104282184,825.5309100326315,829.9766845703125,875668.0
2020-09-22,829.8778651158593,829.8778651158593,791.9405671621223,821.8260498046875,1265561.0
2020-09-23,823.3079165026707,831.359731246014,817.1826761699452,822.962158203125,628723.0
2020-09-24,820.5910218014237,822.1223921229987,772.9224473182763,794.706787109375,14778790.0
2020-09-25,786.408038308377,803.6971597535988,770.6008415584598,787.4453735351562,2252162.0
2020-09-28,793.323688051944,806.4140228797003,790.3598386569803,803.2031860351562,1108315.0
2020-09-29,809.1308240447896,821.3814247436002,792.4344495874911,799.35009765625,1666687.0
2020-09-30,799.6466508566301,804.7345565197883,792.73100174969,801.6719360351562,701139.0
2020-10-01,807.1549757774883,815.0091886421113,797.9176693912123,809.0321044921875,941061.0
2020-10-05,812.0947522788025,824.9380999425791,805.1791035367688,815.0092163085938,803756.0
2020-10-06,816.0465448130263,825.9260429342494,812.3417330175677,820.0477294921875,1211894.0
2020-10-07,822.4682432158977,825.9260676618504,815.1080048352924,817.9730834960938,637342.0
2020-10-08,825.185026400744,825.9259887111906,808.1428932604712,811.1561279296875,1313341.0
2020-10-09,816.1947655349966,817.3308716448837,793.8176780573206,796.1887817382812,1188895.0
2020-10-12,803.1045319705969,803.1045319705969,777.7142064012951,782.110595703125,1097157.0
2020-10-13,780.4803382676972,785.420087244075,771.5887901102171,777.0718994140625,1142687.0
2020-10-14,778.504450687342,803.8453874469698,767.2912444578433,800.8320922851562,2146398.0
2020-10-15,800.8320945929985,811.8971445626096,792.0887628645954,795.0526123046875,1920570.0
2020-10-16,792.3357111509946,801.2272590317414,787.0502040306402,789.9152221679688,682969.0
2020-10-19,790.853860632339,798.8068449222984,785.4201364181255,788.6803588867188,661678.0
2020-10-20,799.4984036724604,799.4984036724604,780.4803693558773,791.100830078125,1616359.0
2020-10-21,791.3478533048516,794.3117029426975,771.3912536834208,775.8864135742188,1763644.0
2020-10-22,778.8007976486584,778.8007976486584,762.0056514288867,771.3911743164062,1861965.0
2020-10-23,773.7128895774621,780.2333339655689,757.7574766085361,761.4129028320312,2252423.0
2020-10-26,765.6610781182629,775.44180504248,755.8803511940459,769.4646606445312,2638341.0
2020-10-27,781.4682316528654,782.2585793721008,761.8080080261824,765.11767578125,2566397.0
2020-10-28,767.6370498122872,768.8226017174921,756.7696012306461,761.7093505859375,1156097.0
2020-10-29,755.2382555466857,763.6852144878785,746.1491050995735,752.3237915039062,1126591.0
2020-10-30,752.3237519158048,766.3526507481672,748.1743508105048,759.881591796875,1156735.0
2020-11-02,761.7092721092398,769.1188953787849,753.0153261995738,756.8189086914062,891886.0
2020-11-03,764.2285502221511,788.1863326994835,759.8816073132824,779.3936157226562,1542962.0
2020-11-04,787.148972850081,787.148972850081,774.355011372628,781.46826171875,923658.0
2020-11-05,787.3960228582347,797.077919234951,783.4442234963363,795.2996215820312,1373458.0
2020-11-06,795.7441888718309,799.1526277863198,785.4201012669413,791.5947875976562,1722728.0
2020-11-09,798.2633434863486,807.9946237394295,792.0392725463258,798.4115600585938,1255422.0
2020-11-10,806.3646293465556,822.8634028726578,801.5730366930462,819.4055786132812,1490688.0
2020-11-11,822.9621685259532,836.7934654759692,821.5790147110838,829.4332275390625,1822930.0
2020-11-12,829.8777941752462,834.2247972169836,815.1573187063182,827.6549072265625,1003690.0
2020-11-13,827.6549779771561,828.840529844399,814.1694385491543,821.8260498046875,824124.0
2020-11-14,834.5212355183202,834.5212355183202,826.07427651093,830.3224487304688,187698.0
2020-11-17,830.8657295191224,856.453651848912,826.2223536913651,852.7488403320312,2140176.0
2020-11-18,853.3416692437382,858.2320329826962,836.5959074950265,847.611572265625,968393.0
2020-11-19,844.499431152395,852.4030291234977,827.9018874730127,836.5464477539062,1466056.0
2020-11-20,838.5718148862509,839.7573667580792,824.9381191094072,835.26220703125,971981.0
2020-11-23,836.991031612762,844.1042817992067,819.998284028385,821.5789794921875,1668966.0
2020-11-24,821.924926909364,829.8779115013164,821.924926909364,828.840576171875,874577.0
2020-11-25,835.8549371469248,854.2308400665751,833.8296520661772,838.8187866210938,2407145.0
2020-11-26,843.0175553991454,848.3031230285037,838.0778063808689,841.2392578125,1791878.0
2020-11-27,844.6970822374166,847.265727607393,830.8657849844062,835.8549194335938,2310173.0
2020-12-01,839.658585437996,844.6971054559344,830.0754600179182,841.091064453125,1027637.0
2020-12-02,842.7211348949122,868.6548157753242,840.0536585158507,864.9993896484375,2097626.0
2020-12-03,869.3957594383471,870.3837091649816,841.1404213764672,847.80908203125,3804064.0
2020-12-04,854.6753173587479,860.5042450905952,846.1295880735274,852.6006469726562,1654173.0
2020-12-07,853.0946775838921,855.5645521570939,837.781455230041,841.4862670898438,2151322.0
2020-12-08,844.4994243478023,849.1428001783445,837.9789801940483,843.511474609375,2473148.0
2020-12-09,847.660888671875,853.588587194056,844.4994374001117,847.660888671875,1813714.0
2020-12-10,850.6247383430907,852.5018669958868,844.6970398180517,845.734375,2302834.0
2020-12-11,850.5259870613211,852.4030554576478,835.2127655192227,839.4609375,1939950.0
2020-12-14,844.6971031704469,847.9573255438019,837.8308398040392,839.9549560546875,1186967.0
2020-12-15,840.9428197241294,848.1054552452355,831.9030556017638,845.882568359375,2044843.0
2020-12-16,850.8224186743662,851.1187915679665,840.2513432716837,847.1669921875,1618300.0
2020-12-17,847.1669891916418,855.4657919811434,841.3380610061974,846.0308227539062,1650113.0
2020-12-18,848.6489111083483,853.5886602998986,842.5236100508913,846.8212280273438,1469894.0
2020-12-21,847.6609540342871,853.5886530135479,822.5176188039883,830.7175903320312,2239781.0
2020-12-22,830.7175506706226,845.2898099655738,815.2561727510353,843.6597290039062,2263176.0
2020-12-23,845.1909432667541,848.6487671141341,837.4355624717809,844.6475830078125,1535665.0
2020-12-24,847.5621874085681,869.0994817476237,840.9922968871722,863.369384765625,2659479.0
2020-12-28,872.2609141480111,893.6006059921339,866.9259610371448,890.7849731445312,4187861.0
2020-12-29,896.0210970428219,897.9969966734143,879.5717084982716,888.4632568359375,1834129.0
2020-12-30,891.1307105419498,900.0222586515702,880.0656608344883,892.0692749023438,1969826.0
2020-12-31,891.130750568064,896.3668726300925,883.4741393519859,893.3536376953125,1123846.0
2021-01-01,892.1186234657198,896.1198078897687,883.2270757235365,884.6102294921875,798399.0
2021-01-04,889.1548285209495,905.9499752819008,883.7211045688771,900.41748046875,1028233.0
2021-01-05,895.5271184030545,908.815055423345,888.1668802498374,894.637939453125,1209912.0
2021-01-06,895.6258159527431,903.9740032337972,890.142707009455,899.3306274414062,1214878.0
2021-01-07,905.1595622472352,905.4559351087777,893.3535508151797,903.13427734375,1109459.0
2021-01-08,908.9138286678246,942.9980972428681,906.9379290402859,924.22705078125,4436263.0
2021-01-11,928.67282939753,941.0222021288802,915.6812651642811,924.968017578125,2146652.0
2021-01-12,923.5354727637566,924.7210245988176,910.4451377467328,913.8535766601562,1573331.0
2021-01-13,916.3233909803931,937.5643105556799,911.3836422419542,915.3848266601562,1996557.0
2021-01-14,918.8921345896092,920.6210468331761,907.4319404092637,914.0018310546875,719918.0
2021-01-15,914.0017872664488,918.595717685178,892.513878982994,899.2813110351562,733660.0
2021-01-18,888.1667889329299,896.2679886116059,872.5571955811384,882.1403198242188,936905.0
2021-01-19,879.7693045947108,906.9379243323352,879.7693045947108,893.5018310546875,1420092.0
2021-01-20,894.1933879151811,899.9235453028631,884.2151185188048,885.9440307617188,1147187.0
2021-01-21,896.8608280737496,896.8608280737496,864.4560862711758,867.71630859375,1913821.0
2021-01-22,874.8296516230271,875.0272536663896,827.9020305591154,852.1561889648438,3421388.0
2021-01-25,855.465687466671,872.1126161443492,842.7211119469044,852.452392578125,2534590.0
2021-01-27,854.872969221741,874.3355927820209,848.7476682632207,871.124755859375,2745728.0
2021-01-28,872.3597327030157,873.693440903813,858.38021796282,862.03564453125,1855486.0
2021-01-29,865.9873713955392,872.4090449936916,847.7103003854128,854.033203125,2286478.0
2021-02-01,864.4560720662923,886.1909675925306,841.7826121733053,863.9620971679688,3099408.0
2021-02-02,877.2993884705303,879.2752879941125,847.6115101886402,854.9223022460938,2781083.0
2021-02-03,859.516289970222,869.3464021280909,848.0066511628225,855.7127075195312,1883217.0
2021-02-04,855.7126940507378,860.2078533216195,848.6488292681616,853.4898071289062,2094974.0
2021-02-05,856.3055148886017,859.5163518351122,843.3633962394591,853.7862548828125,1766235.0
2021-02-08,854.5765473666502,861.1958228570538,846.6729492407158,848.7476196289062,1899676.0
2021-02-09,858.5284040800632,884.2150997142193,852.6007050875656,877.9910278320312,4311868.0
2021-02-10,887.1789961904847,904.2211316963709,883.2271966528879,900.3681030273438,4993209.0
2021-02-11,898.8366877243126,910.7909161083227,894.6379012063053,896.4161987304688,2184819.0
2021-02-12,897.0583886337203,902.492112353418,882.6837315806357,886.042724609375,984794.0
2021-02-15,887.1789757420651,890.2910419260634,864.4561289246179,866.6790161132812,1715171.0
2021-02-16,866.6789237206136,877.5957564678762,858.528338231078,861.4921875,1634864.0
2021-02-17,859.5163349320371,872.5078990569128,859.5163349320371,866.5802001953125,1496973.0
2021-02-18,869.4946027370759,888.0186616548893,868.1115091843483,882.733154296875,2387930.0
2021-02-19,887.5740600759782,888.3150223722461,863.7150500162853,870.877685546875,1120800.0
2021-02-22,869.3958457562037,874.3355948798185,834.9163727535037,838.8187866210938,1810985.0
2021-02-23,842.7211966455578,863.8633469180817,838.7693973646876,859.219970703125,1480977.0
2021-02-24,859.6150681997032,865.3452250883903,842.4247784326469,861.047607421875,683427.0
2021-02-25,862.6777378805604,872.2608625612681,859.2199137390439,861.8873901367188,1885254.0
2021-02-26,849.6367968266508,868.3584569096832,847.7102827274008,856.4536743164062,2636891.0
2021-03-01,849.636832473265,868.407878772093,841.9308360526278,865.8392333984375,2648545.0
2021-03-02,866.1849876673095,875.3235233227673,860.0103014136218,868.5560913085938,1583910.0
2021-03-03,877.2994737085572,899.0343705797152,872.8536993485476,895.5271606445312,2127137.0
2021-03-04,888.8585417611116,913.6560602615583,881.6465195131459,904.8633422851562,3140379.0
2021-03-05,899.0343367426242,903.9740858456056,884.1657040025843,892.6620483398438,1268992.0
2021-03-08,892.7114235876977,919.4355141697206,890.8343551297797,912.7174072265625,1396479.0
2021-03-09,938.5522634190156,971.8955675141649,927.6848161583745,959.5955810546875,11031435.0
2021-03-10,961.9667146978204,962.2630875724572,924.7209958601848,929.4137573242188,2362998.0
2021-03-12,894.1438906402014,925.0173196876344,894.0945052136587,903.1836547851562,28967831.0
2021-03-15,909.9017681619395,915.5824795266856,891.1307219132133,908.913818359375,4581531.0
2021-03-16,907.3825257962669,912.7668643844423,900.0222875647003,903.0355224609375,1422174.0
2021-03-17,912.7668332236394,912.7668332236394,874.5331643693381,878.2379760742188,3809803.0
2021-03-18,884.2150691888271,887.1789185827561,871.6680946945935,879.7199096679688,2657918.0
2021-03-19,877.2499900914511,898.9848845299819,871.6680498998707,895.7740478515625,2849173.0
2021-03-22,894.0945639454447,898.293350571708,884.5608243094733,889.3524169921875,1660688.0
2021-03-23,893.8969215431341,899.8740054693839,884.2150260552006,888.0680541992188,1642691.0
2021-03-24,882.2391728437012,884.2150724469345,864.5054618447475,870.08740234375,1900721.0
2021-03-25,864.5548254734268,873.6439754790334,850.624757741774,853.6873779296875,2711471.0
2021-03-26,859.5163483356877,866.3332262527016,857.6392195470398,863.4187622070312,1194885.0
2021-03-30,865.4440245033593,870.3837735016662,857.5404261060684,861.6404418945312,1276847.0
2021-03-31,865.4440023819545,880.1644781405105,860.4548680811247,870.2355346679688,1929013.0
2021-04-01,870.9765169495822,879.3247047944946,865.9379971045522,872.8042602539062,1193426.0
2021-04-05,876.8167645609824,878.7982713735495,856.803533659896,864.4818725585938,1091002.0
2021-04-06,864.7295255829733,894.650289324529,857.9428892155039,889.2506713867188,1351799.0
2021-04-07,892.6688940124013,912.4839638017999,889.9443219163591,910.007080078125,2860132.0
2021-04-08,912.8802306853321,912.8802306853321,896.6318503145209,900.0994873046875,1342782.0
2021-04-09,896.2355483973811,907.4806363588829,891.8762694915109,901.6846923828125,1344813.0
2021-04-12,892.3220703634794,897.0281489948368,860.4693244913451,864.3828125,1485108.0
2021-04-13,873.2996187715864,892.4211477845523,866.6615587283231,889.4984130859375,1174856.0
2021-04-15,886.7242740379743,903.5670814778017,881.7705071439074,900.297607421875,1464475.0
2021-04-16,908.5209237686131,911.0473330000925,897.2263101245031,905.746826171875,1310422.0
2021-04-19,888.9039938021323,901.4865745183271,880.2844268251616,897.8703002929688,1580387.0
2021-04-20,908.520904888699,922.4905042106668,887.0710687147333,890.6378173828125,3593124.0
2021-04-22,891.6780729338059,912.1371551288806,886.773831438512,905.9449462890625,1988641.0
2021-04-23,888.0618067447266,933.1906735505437,888.0618067447266,914.3167724609375,3601606.0
2021-04-26,910.6510271238317,938.1444344365234,907.530129672994,933.7850952148438,3751088.0
2021-04-27,937.2527278032469,938.0453184387324,916.4469061501093,920.1622314453125,1926977.0
2021-04-28,925.3636851588403,925.3636851588403,905.697254154005,921.7969970703125,1904945.0
2021-04-29,921.7970403043728,926.3544820168877,912.7811475659042,919.6173706054688,830577.0
2021-04-30,919.4192534205023,931.8036722435155,911.2950625784466,920.11279296875,1326833.0
2021-05-03,913.4251294241569,970.9383534718792,907.5796600465715,949.7362060546875,5424609.0
2021-05-04,988.771937291455,995.7072114007136,933.834646717526,973.8115844726562,10515809.0
2021-05-05,980.7964050235889,1010.370371773141,956.077093971312,964.1021728515625,5475550.0
2021-05-06,968.2632556665752,974.3564130757316,952.312150610085,960.4363403320312,1800692.0
2021-05-07,1020.4760125886497,1035.040039343138,965.390147165384,991.0010986328125,11010394.0
2021-05-10,999.9674420839259,1008.0916324444672,985.7996798842701,995.7072143554688,2370879.0
2021-05-11,988.7719064499577,1005.6147144756584,981.3412558503838,991.6946411132812,1297672.0
2021-05-12,986.3445820255133,991.6451492492168,961.0308435498785,963.904052734375,3513520.0
2021-05-14,963.953531297337,972.9198374608377,956.0770296840208,969.3531494140625,1331063.0
2021-05-17,969.3532379886407,979.6570379934939,952.3122658808212,954.7396240234375,2181641.0
2021-05-18,956.968769052291,966.9753545783614,955.2844761151173,959.4951782226562,1342840.0
2021-05-19,959.4951392351855,970.8392777228223,954.0955211284112,969.00634765625,1101773.0
2021-05-20,972.3750377325136,975.3472982418774,956.8697212203481,960.1887817382812,1463348.0
2021-05-21,959.1483901066742,966.6781526040463,956.3247669644045,960.2877807617188,1245988.0
2021-05-24,958.4052885494835,962.9627905254433,951.7672890682112,953.6001586914062,1841255.0
2021-05-25,958.0585604921762,963.6067554752731,954.2441840001459,956.374267578125,1235079.0
2021-05-26,960.0400764969771,970.9383642590686,960.0400764969771,962.7646484375,1719675.0
2021-05-27,967.470665183162,976.8828221921124,956.6219036944776,973.0188598632812,2428883.0
2021-05-28,976.882800125713,977.8735534726965,963.0122532679443,967.8173828125,1137566.0
2021-05-31,967.9660940065874,973.7124517642598,961.674833960572,966.6286010742188,785669.0
2021-06-01,969.3531425555265,972.9198305770661,951.222307112134,957.364990234375,1420625.0
2021-06-02,956.0770881940625,984.2640362044086,954.4919068475499,975.2977294921875,2488600.0
2021-06-03,977.378236081776,981.6879892142467,972.4244690463894,977.7249755859375,1724751.0
2021-06-04,985.7501420071287,985.7501420071287,974.901379802365,980.0037841796875,996919.0
2021-06-07,985.7996383458602,988.7223729858675,977.8736111028784,979.3597412109375,693875.0
2021-06-08,978.8643986101289,978.8643986101289,954.095562612909,970.7897338867188,3262160.0
2021-06-09,969.1054741095983,997.6886858567004,969.1054741095983,989.3663330078125,3809219.0
2021-06-10,995.7071747865666,995.7071747865666,982.8769060620745,988.3260498046875,1041345.0
2021-06-11,989.663687063734,993.230375445595,974.9014358488433,978.9635009765625,823207.0
2021-06-14,978.9634149029757,983.5704424227097,962.3682953758235,977.031494140625,514960.0
2021-06-15,982.6292453478899,994.4687609976363,971.7804831337575,986.6417846679688,1137725.0
2021-06-16,990.7038142988936,994.5677160419224,979.2110392739106,982.629150390625,833286.0
2021-06-17,973.9106107755201,983.5209310329767,967.9660902621396,974.2078247070312,869613.0
2021-06-18,991.4469818823301,991.4469818823301,947.9033559956365,973.4647827148438,1888723.0
2021-06-21,964.0030694487497,981.2422029982249,959.3960418966758,972.4739990234375,887943.0
2021-06-22,972.9198845386978,1001.6517344894334,970.9879032237143,997.688720703125,2289172.0
2021-06-23,1001.1562869993804,1005.6642027685057,989.7626231691055,991.2982788085938,1802617.0
2021-06-24,990.8524520733548,996.1530190507585,985.7996339169703,992.883544921875,932721.0
2021-06-25,987.7811093847664,1008.1410790336952,982.2329147039188,997.8372802734375,980203.0
2021-06-28,1001.1563373448068,1010.2712809615499,988.7719195152075,992.833984375,1107325.0
2021-06-29,990.8525366804165,1007.8935087255225,986.0474064639612,990.1590576171875,2486963.0
2021-06-30,993.1312319173161,1002.3947520149804,989.2177438948568,998.8280639648438,777901.0
2021-07-01,999.6702186754601,1007.9925717407575,993.3293724856344,997.5896606445312,834379.0
2021-07-02,1001.5526405100687,1001.5526405100687,986.8399161749908,997.8868408203125,581097.0
2021-07-05,1004.6239187466329,1005.5651465437579,996.4997290058064,1000.5122680664062,431929.0
2021-07-06,1001.6021278900423,1023.3491763774135,996.7969377803681,1013.6893310546875,1693798.0
2021-07-07,1014.0361569212386,1017.5037939991324,1003.1873945405266,1005.0203247070312,888200.0
2021-07-08,1001.4040359259055,1016.5130258322821,992.8339945120052,1012.1536865234375,868890.0
2021-07-09,1004.7230362722872,1018.4945332348885,1003.187380539097,1010.1721801757812,930387.0
2021-07-12,1010.2713045441425,1026.4205736767515,1009.5282394570213,1023.8941040039062,1297301.0
2021-07-13,1030.383450250942,1046.7308799905002,1026.4700230232504,1042.91650390625,2525938.0
2021-07-14,1040.2911128662035,1051.040763510838,1037.3188525437288,1042.6689453125,1596046.0
2021-07-15,1043.7587078643219,1055.1027859281717,1039.6470570622078,1043.2137451171875,796945.0
2021-07-16,1044.253898811295,1048.0682745379966,1037.417677372701,1040.53857421875,699003.0
2021-07-19,1035.2382779917734,1040.5387846273147,1017.8010418997366,1028.25341796875,643558.0
2021-07-20,1027.6589557114833,1031.5723832327176,1003.4350231862378,1005.3670043945312,695099.0
2021-07-22,1007.5961592824835,1029.1946307391102,1007.5961592824835,1016.512939453125,915518.0
2021-07-23,1016.0175685038242,1044.2044531588226,1014.0855873618051,1040.73681640625,1290998.0
2021-07-26,1038.3094734338204,1094.6833612083783,1030.4824980621795,1066.694580078125,2151393.0
2021-07-27,1087.8472412927358,1103.4516074588203,1053.1708720347706,1094.93115234375,6096747.0
2021-07-28,1104.690035222034,1128.2700143953323,1082.8934605360387,1122.919921875,4409570.0
2021-07-29,1122.5236382349942,1137.3849397120682,1113.6564433969725,1118.4119873046875,1555904.0
2021-07-30,1112.6163068651717,1112.6163068651717,1081.902944876908,1088.44189453125,1238229.0
2021-08-02,1100.7766556927813,1118.065254809661,1091.760702653501,1096.962158203125,1582968.0
2021-08-03,1095.0302161519405,1124.4060792082998,1084.6768913018925,1121.235595703125,1033719.0
2021-08-04,1119.5514972229903,1134.0660607337134,1114.597729536163,1126.338134765625,1840302.0
2021-08-05,1159.379732627232,1164.828877043162,1114.5977214402262,1124.257568359375,6687775.0
2021-08-06,1129.458923078196,1143.5771596166735,1117.02491901329,1140.0599365234375,1654283.0
2021-08-09,1140.6048490525789,1145.3109276914495,1118.4119487567475,1125.941650390625,1491795.0
2021-08-10,1132.1835231813975,1135.4034719456413,1109.7925190398964,1117.173583984375,1911046.0
2021-08-11,1119.5513964492957,1131.5394889840202,1102.807638986649,1124.9014892578125,1458158.0
2021-08-12,1125.7932823522788,1140.307724785613,1118.1149425095336,1123.5640869140625,1054244.0
2021-08-13,1121.5328292063039,1131.93573972456,1120.5916618693773,1128.07177734375,712776.0
2021-08-16,1121.5329352482938,1133.9173537028908,1117.9166608712342,1128.5672607421875,479277.0
2021-08-17,1127.4774917542302,1141.1499385370248,1113.1611519447076,1124.30712890625,1991904.0
2021-08-18,1124.5050128759767,1135.7996248588152,1090.0267491265886,1103.748779296875,3428721.0
2021-08-20,1103.7489212304226,1123.0190273145465,1090.3241637050362,1114.8948974609375,2127671.0
2021-08-23,1116.5791096720288,1130.4000715703964,1108.2567567159708,1124.950927734375,1251406.0
2021-08-24,1129.4590141360238,1155.1195545226958,1120.1954929013843,1149.67041015625,1211218.0
2021-08-25,1157.1999986062985,1160.816272790259,1139.5150741857767,1145.4595947265625,893931.0
2021-08-26,1140.555475511432,1153.7325465320184,1134.264214452454,1141.1500244140625,823814.0
2021-08-27,1144.1221458188536,1181.6221401516555,1134.7099879337643,1173.1016845703125,2469538.0
2021-08-30,1178.501271828586,1187.9134299474354,1165.6710625589997,1169.7825927734375,1690833.0
2021-08-31,1169.7824405325405,1183.4548852392672,1160.8161952143398,1181.027587890625,1719768.0
2021-09-01,1178.0057466562437,1211.493258646818,1172.9529287016255,1209.2144775390625,1955177.0
2021-09-02,1218.428730383479,1238.441903161939,1212.8804139040399,1231.9029541015625,2468599.0
2021-09-03,1235.419910994751,1242.0580313786065,1214.6636755197198,1232.6458740234375,1295336.0
2021-09-06,1233.4879748509563,1236.46023503132,1222.0943108262286,1233.1412353515625,1166873.0
2021-09-07,1233.4881078140766,1241.7608753528652,1216.8929866848512,1227.2958984375,1164891.0
2021-09-08,1234.5283886086577,1235.4199699631783,1200.7435991047691,1208.768798828125,1909087.0
2021-09-09,1166.116717827573,1188.5573058721277,1157.199937487345,1162.351806640625,10115407.0
2021-09-13,1168.1478391570352,1168.1478391570352,1142.6854043317471,1154.3763427734375,2374250.0
2021-09-14,1159.1815398915744,1163.1445537031695,1147.3420845060673,1160.0732421875,1338821.0
2021-09-15,1160.0731694576675,1165.1259875623523,1154.723076959117,1161.6087646484375,1875092.0
2021-09-16,1163.3425916614212,1176.0242835336126,1157.19996896989,1173.9437255859375,3028407.0
2021-09-17,1191.8764483120633,1193.6598529704622,1172.5071692084948,1187.71533203125,4143024.0
2021-09-20,1178.8478401358468,1187.6159830268023,1163.1444238488589,1166.612060546875,2117784.0
2021-09-21,1178.0057011144506,1184.8913883330679,1160.0730901554375,1173.6463623046875,2117913.0
2021-09-22,1173.6464257103953,1192.4212747615636,1166.8597892691255,1180.2845458984375,1399326.0
2021-09-23,1212.6820354549966,1212.6820354549966,1187.4178263830177,1207.0347900390625,2659260.0
2021-09-24,1207.728397885773,1227.0976752851002,1196.433784906729,1210.750244140625,1703375.0
2021-09-27,1218.576953289912,1221.5987991827637,1197.6720831856403,1211.4931640625,728019.0
2021-09-28,1211.1960298052059,1217.7845640943021,1191.1828595298407,1199.10888671875,1588306.0
2021-09-29,1194.8486583146594,1203.567337033887,1185.733774969489,1194.799072265625,1623118.0
2021-09-30,1197.9695672579608,1207.7284646254775,1185.6842001973257,1203.864501953125,1234882.0
2021-10-01,1192.8670086378588,1206.2917646283092,1188.3095675107786,1197.870361328125,830634.0
2021-10-04,1199.8024400773452,1228.5342904177605,1194.898258826908,1219.4688720703125,1664614.0
2021-10-05,1219.6173604604573,1255.7798573384482,1215.6543471039654,1250.2811279296875,2282814.0
2021-10-06,1261.2290199306806,1262.120722137799,1194.2541173732652,1200.8426513671875,2630744.0
2021-10-07,1215.6543959074475,1222.787771858881,1196.0374306286435,1203.81494140625,2674007.0
2021-10-08,1213.6233123336335,1217.6359119253145,1180.928450581367,1185.3868408203125,1661548.0
2021-10-11,1188.8545957860185,1207.2331213068821,1188.8545957860185,1194.94775390625,822914.0
2021-10-12,1197.8208246552592,1203.7653448768735,1187.071174776155,1199.406005859375,815338.0
2021-10-13,1199.406023800298,1207.3816369268939,1173.4483334875993,1180.7303466796875,1281752.0
2021-10-14,1181.9192471287547,1187.8143025582463,1162.9464158389924,1174.5877685546875,2080766.0
2021-10-18,1208.719231115697,1208.719231115697,1174.5878225153347,1181.4735107421875,934860.0
2021-10-19,1182.4642589013804,1204.6571606761163,1175.5785707054424,1182.4146728515625,1313098.0
2021-10-20,1187.9134076286764,1191.8764214989974,1145.2119573642863,1157.943115234375,2063277.0
2021-10-21,1159.181611488246,1173.4979513902465,1127.5270850896266,1147.58984375,1985866.0
2021-10-22,1157.1999997489986,1160.9649111385127,1131.1431363095253,1156.4073486328125,1112991.0
2021-10-25,1146.8960713984604,1156.1595911750182,1115.885563631799,1119.2540283203125,1843700.0
2021-10-26,1124.5050640352265,1167.4047329164591,1123.514310674843,1161.2125244140625,1572647.0
2021-10-27,1164.531607154135,1190.9352102824196,1164.4325559993367,1175.0335693359375,1916766.0
2021-10-28,1198.8116976224894,1210.4530508845262,1147.3915683873895,1156.308349609375,3565017.0
2021-10-29,1156.3084298477963,1169.0891746745058,1131.5395914013025,1134.957763671875,1518940.0
2021-11-01,1137.3848556420285,1162.2032756509159,1128.0222847801406,1152.5928955078125,972538.0
2021-11-02,1152.5929596243482,1161.4106891944773,1144.6174672091158,1155.26806640625,1159884.0
2021-11-03,1159.181589420021,1187.3190128728932,1156.2093289343288,1167.9002685546875,1941052.0
2021-11-04,1178.9470057958324,1178.9470057958324,1161.707992718768,1170.8228759765625,119047.0
2021-11-08,1172.0612739782782,1190.9846397586737,1166.4634930714697,1189.548095703125,1361707.0
2021-11-09,1200.7931147591376,1200.7931147591376,1181.3743724051435,1196.0870361328125,1521269.0
2021-11-10,1186.0308548107444,1193.6597284518677,1170.1293355220978,1172.8043212890625,842679.0
2021-11-11,1167.1074752297393,1181.0770736226973,1139.4654318912465,1142.5367431640625,1271079.0
2021-11-12,1143.3293636499366,1166.1166906550914,1136.9885180341012,1164.0361328125,1281030.0
2021-11-15,1166.314888518627,1168.5936697824993,1144.815587480863,1149.1749267578125,662558.0
2021-11-16,1159.0823790040465,1163.2930807802384,1140.010376841295,1142.338623046875,694696.0
2021-11-17,1139.3664332537971,1185.8822579565267,1139.3664332537971,1176.222412109375,2862829.0
2021-11-18,1178.9965584238685,1193.8578595804718,1167.6028942038058,1171.1201171875,1527355.0
2021-11-22,1171.1203064201088,1178.6500093678073,1126.63544691505,1140.0106201171875,772737.0
2021-11-23,1133.0256230859436,1148.4813527429212,1121.0871165588555,1142.8341064453125,820238.0
2021-11-24,1148.5309891550164,1170.4266172076527,1141.3480263157894,1152.9893798828125,1136850.0
2021-11-25,1147.044867893497,1163.144612314373,1141.8434120036754,1148.7786865234375,768462.0
2021-11-26,1143.3295377980603,1143.3295377980603,1095.0303047238356,1119.898193359375,2315515.0
2021-11-29,1101.717760760451,1137.236245316077,1093.5440453591257,1125.7435302734375,1120859.0
2021-11-30,1124.5051705933993,1157.1009834271106,1123.6630543455888,1149.8189697265625,2253521.0
2021-12-01,1150.0666227609279,1168.5440773621326,1144.815581237986,1154.0791015625,1239348.0
2021-12-02,1159.8255628625288,1178.9966181371992,1146.3513399864207,1177.064697265625,1030248.0
2021-12-03,1166.1169426209308,1177.0648178590488,1152.9398718680316,1155.1690673828125,1327943.0
2021-12-06,1155.1689709326886,1168.0983522155257,1134.4127339158413,1137.88037109375,936271.0
2021-12-07,1146.301740661645,1151.7012985828562,1128.4681785770213,1148.431884765625,2090791.0
2021-12-08,1154.2277667113683,1162.1537942939356,1147.8869204569978,1158.6861572265625,2315306.0
2021-12-09,1169.0891495377389,1173.9933310680615,1142.4378557540265,1150.611572265625,1136171.0
2021-12-10,1150.2646395338152,1166.9093441931034,1146.1035238397787,1164.7296142578125,949040.0
2021-12-13,1171.0703413637866,1193.5109266619882,1167.1073283642475,1175.6773681640625,2187282.0
2021-12-14,1168.0983147919574,1181.8698119027574,1167.2561985497623,1177.56005859375,1171502.0
2021-12-15,1177.5600714802572,1179.6406295547965,1151.552793194556,1163.78857421875,857540.0
2021-12-16,1167.6028444961898,1175.9746620813703,1149.4225443769058,1153.038818359375,993629.0
2021-12-17,1145.310936486687,1151.2058708713846,1126.4866217866465,1131.9853515625,982598.0
2021-12-20,1128.9634604511473,1131.985306593793,1090.4231303290462,1115.291015625,1341693.0
2021-12-21,1125.0995471220372,1130.8954303766288,1107.3650369118343,1124.7528076171875,878721.0
2021-12-22,1128.8148182603184,1129.3597809857838,1108.6034254969811,1113.904052734375,846447.0
2021-12-23,1123.5143246743978,1123.5143246743978,1105.8294011595044,1115.0433349609375,1026376.0
2021-12-24,1120.3439953707689,1142.982686418407,1115.5883306644848,1137.5830078125,1930715.0
2021-12-27,1137.3848496442895,1154.277242695513,1124.8517955361144,1151.205810546875,798129.0
2021-12-28,1154.524987364797,1171.5658974972164,1150.8591272136014,1166.711181640625,776910.0
2021-12-29,1166.7111545034072,1181.1761296433015,1156.2091928780908,1174.686767578125,1400668.0
2021-12-30,1172.952875518882,1191.5789653029701,1169.980615569569,1184.1483154296875,1335116.0
2021-12-31,1187.9133001729397,1193.8082343951664,1176.1233107869118,1184.9410400390625,843128.0
2022-01-03,1184.9411643109372,1203.2205176747177,1184.9411643109372,1198.21728515625,925281.0
2022-01-04,1195.1458973108668,1215.6544447005772,1194.3532461993038,1209.3135986328125,1409464.0
2022-01-05,1203.7654266566904,1213.6729610324655,1202.5269848597184,1208.570556640625,378090.0
2022-01-06,1197.6227539412287,1217.0909614271668,1191.034219666874,1194.4522705078125,1387627.0
2022-01-07,1196.8300825202916,1207.9760580404516,1194.848575761152,1206.1431884765625,1050768.0
2022-01-10,1207.7284001538617,1229.2277006560976,1202.081154124523,1217.7349853515625,1379165.0
2022-01-11,1219.4193046661853,1228.4846013115684,1212.781184476005,1221.9952392578125,985871.0
2022-01-12,1228.5343052842259,1243.7919329413955,1219.7661612453128,1237.847412109375,1371034.0
2022-01-13,1243.395661737109,1249.3401828290794,1234.4788800991537,1247.0614013671875,933511.0
2022-01-14,1247.3585740146923,1260.4860570215983,1242.9001835595168,1251.916015625,895522.0
2022-01-17,1244.6835236601275,1281.2918127918356,1244.6835236601275,1276.040771484375,1427239.0
2022-01-18,1276.0407411634142,1281.0440940061926,1251.4205443648348,1254.1947021484375,869578.0
2022-01-19,1251.3216999276733,1260.337532801383,1229.1287968174388,1236.5594482421875,625670.0
2022-01-20,1236.4601480374833,1244.0394351524692,1219.5677554909532,1227.24609375,716954.0
2022-01-21,1213.6729078492885,1251.5196391296727,1189.8948263893842,1229.17822265625,2421446.0
2022-01-24,1228.5341517857144,1228.5341517857144,1194.0064217887607,1213.6728515625,1073781.0
2022-01-25,1200.8921387882763,1221.4998573158118,1199.0592692372077,1216.6451416015625,1083251.0
2022-01-27,1207.728301804674,1210.6015106322277,1190.7368581118894,1200.4462890625,1793456.0
2022-01-28,1198.8116363668767,1226.305043729836,1189.8948556005114,1194.40283203125,635096.0
2022-01-31,1198.8115424421624,1226.9489615109371,1194.8981151223884,1221.8465576171875,1771932.0
2022-02-01,1238.4417760907156,1238.4417760907156,1191.4800397530396,1203.7158203125,1593083.0
2022-02-02,1205.449651450052,1216.1994229326006,1199.851991316639,1208.8182373046875,937000.0
2022-02-03,1206.7873151097538,1208.7192360037811,1164.7297576527035,1174.240966796875,1236574.0
2022-02-04,1182.959609524963,1182.959609524963,1154.3763969169686,1161.2620849609375,856452.0
2022-02-07,1151.0573336694624,1160.8656954498558,1121.4337832027381,1133.421875,1519928.0
2022-02-08,1134.4125835102182,1138.3755969023937,1107.0182292484915,1120.690673828125,1511667.0
2022-02-09,1121.532810206844,1130.2514882034557,1107.6622630841443,1115.291015625,1741687.0
2022-02-10,1114.5976125869001,1139.3664484221647,1097.7548042189203,1135.651123046875,2030639.0
2022-02-11,1134.2640525280192,1134.2640525280192,1113.606867475356,1122.8209228515625,1942394.0
2022-02-14,1114.5975371037837,1116.5790438364127,1079.921169282777,1086.1629638671875,2448602.0
2022-02-15,1085.86586183857,1113.2602209537465,1076.156428930895,1109.5943603515625,1245681.0
2022-02-16,1117.5699315529478,1121.0375687519154,1091.8103409320465,1111.7740478515625,1294606.0
2022-02-17,1117.56982587843,1122.3749556400353,1101.6187204597925,1115.93505859375,1182862.0
2022-02-18,1114.3993823958035,1150.1655530493217,1101.0736776806516,1139.8616943359375,1734791.0
2022-02-21,1134.412792043608,1139.8619364595381,1112.616214379888,1124.257568359375,1020384.0
2022-02-22,1095.7732504621918,1116.0836949779919,1085.9647677028318,1090.7698974609375,2115917.0
2022-02-23,1097.7548311812175,1104.64051933591,1088.5407756475572,1091.5626220703125,1743770.0
2022-02-24,1068.0322517145078,1081.4074236979457,1031.0770985243748,1044.4522705078125,2088599.0
2022-02-25,1050.1985724156473,1067.734858691619,1039.3002853434095,1045.8392333984375,1415912.0
2022-02-28,1039.3003649270693,1052.9728108594636,1007.4476174476132,1050.3472900390625,1566146.0
2022-03-02,1050.198492867464,1114.597457052733,1046.2850657282156,1110.7830810546875,3762611.0
2022-03-03,1109.7427927987972,1116.331326703176,1065.2084785081895,1071.3016357421875,1105747.0
2022-03-04,1061.5923054081877,1067.437774861934,1040.043418200882,1047.5731201171875,1586668.0
2022-03-07,1017.1074491983038,1039.102247955716,1013.5407610310855,1019.38623046875,852067.0
2022-03-08,999.6702160252499,1030.13588415486,994.221072132149,1022.407958984375,1580056.0
2022-03-09,1026.222419703299,1032.315456357702,1011.3610582382065,1015.7203369140625,1409037.0
2022-03-10,1029.3927035657946,1047.325314540658,1026.470029636821,1040.340576171875,1580932.0
2022-03-11,1040.291120108423,1056.2422264284355,1032.0183530082584,1048.7125244140625,698477.0
2022-03-14,1037.3187846329024,1062.6820468692315,1030.5321481958729,1059.808837890625,1278905.0
2022-03-15,1059.164992915629,1069.369680585237,1050.1986260804797,1060.651123046875,1068905.0
2022-03-16,1065.9517948402668,1087.6493223070302,1065.0600924350247,1075.710693359375,1616431.0
2022-03-17,1085.865794592195,1129.4589469298378,1078.0388180523469,1118.1148681640625,1867149.0
2022-03-21,1128.468100192563,1128.468100192563,1083.8841980778438,1085.6676025390625,849763.0
2022-03-22,1082.3979626107755,1091.6614816265003,1060.1060137240547,1087.5003662109375,998586.0
2022-03-23,1100.1821780573398,1107.365140947741,1069.1220799540595,1082.1505126953125,1054362.0
2022-03-24,1077.939692027893,1087.3518492652688,1074.273952848914,1078.880859375,526345.0
2022-03-25,1083.8841491706849,1091.1166968973546,1075.5617969631446,1082.4970703125,598919.0
2022-03-28,1082.794384641886,1093.5936205869432,1046.2355610201948,1067.0413818359375,926829.0
2022-03-29,1102.774986254966,1106.6956949401795,1078.3571305046016,1093.09716796875,2864668.0
2022-03-30,1101.7823059209431,1119.3016614150754,1095.3304275529376,1113.4949951171875,1287813.0
2022-03-31,1119.6488946565105,1119.6488946565105,1106.199163102475,1113.1473388671875,749342.0
2022-04-01,1110.715617007415,1112.502339388804,1080.9377184281277,1105.107421875,1519104.0
2022-04-04,1105.107470437013,1121.534993675097,1095.8267158719577,1117.961669921875,1802143.0
2022-04-05,1114.7358340887452,1121.832803953205,1102.774994725222,1110.070556640625,773451.0
2022-04-06,1102.7748375492304,1114.140020306666,1093.3451697214016,1098.9036865234375,1354847.0
2022-04-07,1095.33037934216,1107.4896880389806,1091.8562911430686,1100.6407470703125,966698.0
2022-04-08,1100.7895974567043,1156.3750054436975,1100.7895974567043,1151.858642578125,2390240.0
2022-04-11,1151.412066637035,1151.412066637035,1124.6616364865388,1134.0416259765625,1318874.0
2022-04-12,1132.552764896355,1144.4639245622238,1110.765317140836,1140.5927734375,1506254.0
2022-04-13,1141.4860828245296,1149.3276201485526,1131.560116886925,1138.4090576171875,509293.0
2022-04-18,1136.5231225656028,1173.199518971285,1125.2074969373107,1164.712890625,2382085.0
2022-04-19,1176.177361746507,1176.177361746507,1103.767483992584,1116.3734130859375,971382.0
2022-04-20,1119.1526550225929,1127.2918985924903,1109.4251599757217,1119.996337890625,645638.0
2022-04-21,1116.869696078945,1140.0964817967679,1116.869696078945,1136.0765380859375,731288.0
2022-04-22,1125.108328882378,1131.5602072570896,1113.6934671425038,1128.83056640625,824665.0
2022-04-25,1111.708172250859,1120.840012342004,1079.3991050281884,1083.1710205078125,1073577.0
2022-04-26,1097.8118613077852,1097.8118613077852,1075.577672794818,1086.744384765625,922785.0
2022-04-27,1084.908180665889,1090.7645253620874,1053.3435575010146,1066.247314453125,1202603.0
2022-04-28,1060.5895192330288,1116.671229889712,1058.5050905038845,1108.58154296875,1643102.0
2022-04-29,1106.2489212429507,1124.2148956408575,1058.3561348365151,1097.3155517578125,3259418.0
2022-05-02,1080.8880472704543,1085.3051749555075,1056.321280780264,1073.046630859375,1925857.0
2022-05-04,1073.0467435644696,1088.8289346401268,1057.1155175793826,1069.870361328125,1169983.0
2022-05-05,1073.9896326130324,1106.745323811027,1072.0044392070934,1075.62744140625,814132.0
2022-05-06,1065.0561545322644,1072.9969273526353,1044.4100967326688,1051.3087158203125,1350057.0
2022-05-09,1026.3450569921424,1066.9422889923658,1025.5509311119697,1056.569580078125,1201027.0
2022-05-10,1062.0783896769206,1088.680027716769,1054.1376166699902,1073.046630859375,1410429.0
2022-05-11,1071.0118748928383,1096.2734132807168,1071.0118748928383,1079.1015625,1886732.0
2022-05-12,1067.5376383088553,1073.9398378822918,1040.2412319364764,1052.7479248046875,1457225.0
2022-05-13,1067.0414463162788,1071.0118330932696,1030.8613452775855,1037.2138671875,1108831.0
2022-05-16,1037.2635222972144,1046.1968923457073,1026.4938726387377,1036.9161376953125,590395.0
2022-05-17,1034.2855763277569,1067.388646116066,1028.6278246167753,1062.475341796875,545334.0
2022-05-18,1055.6265553904686,1076.967383731696,1053.1450637228843,1065.9495849609375,775879.0
2022-05-19,1065.9496867189928,1065.9496867189928,1039.2488095935375,1048.827392578125,1069562.0
2022-05-20,1072.9970394800935,1075.4785312457734,1053.4924899685295,1063.41845703125,941175.0
2022-05-23,1054.137742711841,1083.8164096071976,1054.137742711841,1068.5303955078125,620152.0
2022-05-24,1064.8080350273783,1075.577684231533,1049.4227872595625,1065.4532470703125,847697.0
2022-05-25,1070.0191256112425,1107.7377960873346,1070.0191256112425,1087.8858642578125,3185769.0
2022-05-26,1088.878589760141,1101.5838761018272,1065.4533316613356,1097.166748046875,1177148.0
2022-05-27,1106.7453550726145,1121.0387722324315,1094.685280557563,1112.8001708984375,687512.0
2022-05-30,1117.0682276281325,1141.4860795308691,1110.5666714911306,1139.89794921875,580398.0
2022-05-31,1145.4564304693067,1172.1573021719662,1131.1630157691309,1165.457275390625,2649820.0
2022-06-01,1153.397339581978,1167.2936930709175,1135.5802776824366,1144.2158203125,683413.0
2022-06-02,1131.758703966766,1139.501006659836,1112.998723351369,1135.282470703125,950691.0
2022-06-03,1145.4566259687188,1153.2484860628304,1130.517996721467,1132.7017822265625,917466.0
2022-06-06,1127.192767161987,1141.0891207015557,1125.70387213989,1133.54541015625,1199089.0
2022-06-07,1126.646913332448,1129.5750250802125,1105.256406350454,1125.9024658203125,848821.0
2022-06-08,1135.7787708179274,1150.6180429750436,1120.840142057816,1127.6395263671875,1387431.0
2022-06-09,1128.5327554057958,1158.6084835041954,1122.1802335389573,1155.084716796875,1142045.0
2022-06-10,1146.2010618446939,1155.0847540175982,1143.7195700459395,1146.3499755859375,611509.0
2022-06-13,1128.6319359427105,1153.1987001263726,1121.9814664738585,1125.306640625,1014220.0
2022-06-14,1116.6712160439708,1136.5231487736414,1115.827533136276,1123.7186279296875,768306.0
2022-06-15,1131.5601513053798,1136.2253069713224,1114.4875378400359,1117.4156494140625,947417.0
2022-06-16,1122.974246661261,1129.2276543064318,1091.7571290699707,1096.96826171875,1385141.0
2022-06-17,1096.968269639211,1106.1001108325618,1067.9348161006665,1074.0888671875,1535565.0
2022-06-20,1070.168038128422,1084.7096024104903,1061.2346688151947,1067.9842529296875,532685.0
2022-06-21,1072.103701608567,1090.3675056358775,1069.3740606067474,1088.2333984375,659138.0
2022-06-22,1087.389743630095,1087.886042006923,1054.733286201495,1062.525146484375,560136.0
2022-06-23,1069.0266060655595,1074.9821860436407,1053.5916794890654,1065.89990234375,895014.0
2022-06-24,1064.1629856737798,1084.8090472045624,1064.1629856737798,1070.5653076171875,492066.0
2022-06-27,1075.8755398932753,1088.4814689604377,1069.0762770315919,1076.520751953125,793805.0
2022-06-28,1076.9673457824174,1081.930328942705,1060.0932030374395,1070.06884765625,572706.0
2022-06-29,1062.1282281743956,1079.9452918293898,1043.7651878261936,1059.7459716796875,1224658.0
2022-06-30,1065.552520538703,1084.5607709185651,1049.7206521887629,1073.592529296875,1569542.0
2022-07-01,1077.413981517481,1097.1666790168936,1067.0413950277975,1091.7073974609375,696341.0
2022-07-04,1096.8192391720693,1113.693381313178,1086.9925086330493,1109.3756103515625,1436248.0
2022-07-05,1109.7232018856182,1122.974344687337,1098.754958981737,1102.7750244140625,1020111.0
2022-07-06,1105.9510783678284,1116.671170067103,1102.7748177284902,1107.8370361328125,602752.0
2022-07-07,1113.395615399522,1121.6342160727072,1102.923793427289,1116.274169921875,792663.0
2022-07-08,1127.3912596597618,1140.8905491015887,1119.202337761238,1138.4090576171875,1135110.0
2022-07-11,1137.4661796129171,1146.5484639683423,1132.6025525463754,1138.905517578125,543156.0
2022-07-12,1134.5380731922776,1138.508460150081,1125.7039379778466,1131.3121337890625,331672.0
2022-07-13,1136.9698944986753,1142.2803840242639,1129.1780342741151,1131.411376953125,368619.0
2022-07-14,1134.6372448062546,1138.409160670624,1121.6839307850396,1130.5179443359375,728701.0
2022-07-15,1136.1757808220711,1149.5261573116416,1128.4334784774906,1146.895751953125,591171.0
2022-07-18,1156.8216062038634,1178.063196707673,1148.732041216348,1168.43505859375,1044459.0
2022-07-19,1167.6906507729536,1177.1698754917888,1146.94535784304,1161.288330078125,1099874.0
2022-07-20,1166.3010458287781,1190.1233650627275,1154.8861845291774,1177.269287109375,1608377.0
2022-07-21,1178.2122864853425,1178.2122864853425,1154.3899656128503,1159.89892578125,1048591.0
2022-07-22,1160.89148105735,1167.4921519636166,1149.824003980301,1156.325439453125,753148.0
2022-07-25,1163.323424131317,1163.323424131317,1130.766201337453,1136.4736328125,934158.0
2022-07-26,1133.5453531663102,1141.5853616480965,1126.5971767458511,1129.7734375,687125.0
2022-07-27,1131.5603089594524,1168.782687543645,1123.8180057473016,1140.841064453125,1554002.0
2022-07-28,1146.4492900772698,1186.1531615950973,1139.004814167677,1182.62939453125,1043318.0
2022-07-29,1253.3518709861955,1295.04093459356,1231.8125699223622,1284.8172607421875,7628351.0
2022-08-01,1290.375565340844,1307.4978564963285,1277.8688725562404,1303.5771484375,2973441.0
2022-08-02,1300.3016263314755,1303.08094544981,1270.9703465227842,1275.6851806640625,1673860.0
2022-08-03,1273.501508724525,1278.0178719726835,1249.2821261023707,1274.0474853515625,1409000.0
2022-08-04,1274.5933311346555,1277.422207347409,1260.8458917967187,1269.3326416015625,1015838.0
2022-08-05,1275.685302199879,1278.3157078363,1251.614830869609,1257.272705078125,922856.0
2022-08-08,1251.8629926634328,1262.9304708363338,1241.9867033095481,1260.4986572265625,1002771.0
2022-08-10,1260.5977869337974,1284.7179347882206,1259.6548685519383,1263.7740478515625,1187710.0
2022-08-11,1270.126619240475,1274.4443903331287,1249.7288312625658,1252.16064453125,943196.0
2022-08-12,1246.205094104817,1280.3007647998159,1243.2273041547455,1277.0252685546875,1572048.0
2022-08-16,1279.4571945284983,1311.2202901257922,1277.5216793571758,1299.9046630859375,1710276.0
2022-08-17,1295.3386505560845,1311.2201972295693,1282.881513917436,1295.68603515625,1209377.0
2022-08-18,1296.3312731393862,1323.1313836866784,1293.7008676856865,1314.396484375,1498235.0
2022-08-19,1310.2275452077602,1324.8186671309418,1283.7748209139995,1287.34814453125,961803.0
2022-08-22,1282.484569668793,1301.6912909060552,1261.7392751339203,1266.5533447265625,966451.0
2022-08-23,1266.5533576802814,1283.080116557311,1260.5977776284933,1269.779296875,803737.0
2022-08-24,1274.4941732402913,1280.4000751870349,1262.8311619197511,1277.96826171875,684029.0
2022-08-25,1278.4643362687932,1306.2570392311584,1278.4643362687932,1287.397705078125,1286241.0
2022-08-26,1296.3312970006032,1317.6721261625578,1296.3312970006032,1303.9742431640625,869870.0
2022-08-29,1246.701456926442,1301.195040065223,1246.701456926442,1288.5889892578125,737193.0
2022-08-30,1290.4748301084464,1323.776494883951,1290.4748301084464,1319.2601318359375,1086386.0
2022-09-01,1281.5415692551862,1303.2794611187403,1281.4423338189595,1286.9512939453125,2045072.0
2022-09-02,1293.4031211429149,1301.294216091942,1273.2036822588689,1278.6629638671875,1141002.0
2022-09-05,1285.0652086369691,1286.4051898097057,1272.5088374506502,1283.824462890625,440939.0
2022-09-06,1283.4274771449202,1307.2497969063108,1275.5363821905933,1301.6416015625,1792194.0
2022-09-07,1294.346052065363,1327.4988049328697,1291.566732934785,1321.692138671875,839563.0
2022-09-08,1328.09434089162,1330.4269188265357,1295.0905017027962,1307.944580078125,1205449.0
2022-09-09,1312.2624570844243,1317.1260837639004,1281.7401099228216,1287.844482421875,548609.0
2022-09-12,1288.191932996715,1301.2941598235009,1285.4622923105865,1296.3311767578125,1002755.0
2022-09-13,1302.832846120165,1325.1165935525971,1301.2942727696293,1314.5950927734375,1160040.0
2022-09-14,1295.2890548593737,1310.2276841184216,1290.3757495105667,1293.6513671875,800852.0
2022-09-15,1300.1526329404599,1307.2497228673988,1267.1487959736103,1285.41259765625,1441219.0
2022-09-16,1279.4571718143607,1293.303847588849,1256.6274472591006,1262.8311767578125,1717631.0
2022-09-19,1269.0349198071228,1298.3165233537086,1263.0296611216095,1293.6513671875,859607.0
2022-09-20,1300.1526669680559,1312.7090385264073,1296.9764062299362,1299.6068115234375,671787.0
2022-09-21,1299.6069405657547,1308.9869311507764,1288.3905491061291,1296.629150390625,453755.0
2022-09-22,1287.3978940473369,1290.3260057869006,1259.6051870054514,1275.9830322265625,932867.0
2022-09-23,1264.5681581939193,1280.4000266214712,1256.1807647949818,1263.5755615234375,415333.0
2022-09-26,1262.3843027728562,1262.3843027728562,1242.5819294962455,1250.47314453125,1271968.0
2022-09-27,1256.6273981465124,1261.2429969464815,1228.1399218684355,1233.1029052734375,821405.0
2022-09-28,1218.4122725593081,1241.5893779099122,1206.0048156086025,1229.628662109375,1102669.0
2022-09-29,1235.782914430073,1241.7384947405794,1226.8495439643134,1230.6214599609375,1382993.0
2022-09-30,1233.7975865328162,1248.6865356864705,1225.4101936428892,1241.1923828125,1344894.0
2022-10-03,1246.304334325546,1247.3466092787094,1218.7597771815445,1228.0902099609375,981699.0
2022-10-04,1242.9791803380283,1255.6347878838935,1240.7955161300818,1251.3170166015625,420656.0
2022-10-06,1257.6199756104472,1270.4740539663508,1233.2516789976123,1235.9317626953125,900769.0
2022-10-07,1229.9264717613987,1247.5947404109916,1229.1820242817796,1233.99609375,570691.0
2022-10-10,1220.8939244190456,1234.740599729358,1209.032442481772,1230.1251220703125,539842.0
2022-10-11,1230.869399659894,1233.7975110142568,1191.264773101987,1197.4188232421875,712461.0
2022-10-12,1197.071535300597,1211.4145081317204,1191.413782978495,1203.2255859375,721135.0
2022-10-13,1198.0641626993045,1207.5435092220923,1176.2767145866094,1179.1055908203125,689562.0
2022-10-14,1192.1085518331136,1208.0397762005964,1168.8817664733238,1171.0655517578125,717290.0
2022-10-17,1169.2788878695274,1189.7760335243267,1158.9558581745434,1180.9915771484375,1615547.0
2022-10-18,1186.8974734335236,1216.9235228346226,1184.316746313358,1210.0250244140625,1367703.0
2022-10-19,1210.9679685543845,1224.665851419422,1204.36717629575,1218.015380859375,947326.0
2022-10-20,1210.9680062876268,1220.8939735522797,1205.0124259288352,1213.8961181640625,878595.0
2022-10-21,1219.3551782603604,1240.9938314261203,1217.9159617355326,1237.1226806640625,1020728.0
2022-10-24,1259.5552524338864,1259.5552524338864,1229.6285655520526,1248.289306640625,157253.0
2022-10-25,1252.259964204123,1269.134107992516,1233.9961608116034,1245.5599365234375,1260061.0
2022-10-27,1246.2049944284533,1254.6420652788254,1234.3435138760308,1243.624267578125,1512949.0
2022-10-28,1249.8776681872132,1255.9821618911633,1235.2368674243128,1243.525146484375,528795.0
2022-10-31,1249.7784955468076,1264.320061607446,1246.0067007420648,1256.5777587890625,539055.0
2022-11-01,1256.5777364538926,1276.8764115485887,1250.7215128918588,1259.3570556640625,1038607.0
2022-11-02,1265.6599627371536,1269.9281767939156,1253.1532691947446,1263.2281494140625,369486.0
2022-11-03,1253.6495923528053,1271.5163323863371,1253.6495923528053,1266.60302734375,431610.0
2022-11-04,1270.5237632495628,1272.3600428928166,1250.175531103769,1256.2303466796875,336277.0
2022-11-07,1262.533367074293,1272.5090127154942,1256.0319311679414,1269.183837890625,474230.0
2022-11-09,1280.449585387881,1280.449585387881,1246.7509800375196,1254.443603515625,992095.0
2022-11-10,1258.7117564417115,1258.7117564417115,1216.8737844476098,1229.1820068359375,497796.0
2022-11-11,1241.738343932776,1263.773939938813,1229.1819727364314,1240.993896484375,1136441.0
2022-11-14,1241.738335152917,1250.572469044794,1230.7700943573977,1239.3560791015625,772676.0
2022-11-15,1239.3560725450873,1252.6568910254234,1229.3308712638566,1249.9769287109375,775345.0
2022-11-16,1250.6717154949529,1256.180675089359,1237.073190547075,1245.6094970703125,1280120.0
2022-11-17,1246.2051090273253,1251.8133044004308,1234.7902474153666,1245.0635986328125,796479.0
2022-11-18,1245.0635349323059,1251.664326629608,1228.4872199931367,1233.5494384765625,1253218.0
2022-11-21,1220.9930088716653,1239.653872737346,1196.5751576360078,1217.5189208984375,1040107.0
2022-11-22,1223.5738084743768,1226.7997474985175,1210.6204952466212,1219.950927734375,750489.0
2022-11-23,1225.807177517231,1225.8568558160832,1208.1390299471188,1217.2213134765625,880563.0
2022-11-24,1220.8937880562667,1236.1301212592637,1211.2159714436254,1231.4649658203125,1717980.0
2022-11-25,1238.959058289971,1245.659085505647,1220.0004869944846,1226.10498046875,1429364.0
2022-11-28,1220.893948117147,1260.1015179957058,1217.916157999788,1244.219970703125,1073327.0
2022-11-29,1244.2198704642328,1263.873332122083,1238.7109107243048,1249.0836181640625,1070183.0
2022-11-30,1249.033926313603,1280.1518059620735,1243.4754095026442,1273.4022216796875,1401332.0
2022-12-01,1280.4496443292417,1288.5393310441727,1266.7517624581574,1281.194091796875,949604.0
2022-12-02,1282.4348198832615,1290.3259144646736,1255.6347114182088,1285.5615234375,1614314.0
2022-12-05,1288.4896505886034,1288.4896505886034,1264.2207116510322,1275.0400390625,684421.0
2022-12-06,1276.479298723092,1303.7757067439977,1272.0622920736153,1275.5859375,1991151.0
2022-12-07,1276.3800711811289,1287.0008069919206,1249.6791967550316,1252.7066650390625,636553.0
2022-12-08,1232.8050662769976,1259.3570272455238,1232.8050662769976,1257.4710693359375,608199.0
2022-12-09,1267.5458046088572,1267.5458046088572,1247.7435517427166,1260.250244140625,679420.0
2022-12-12,1259.5555757454185,1263.5756409802966,1243.7733846256008,1253.84814453125,498780.0
2022-12-13,1256.1311002434336,1270.871136728105,1249.9273709850208,1268.340087890625,598044.0
2022-12-14,1275.4865849076773,1276.4791814718078,1257.2227838943618,1260.3494873046875,609946.0
2022-12-15,1265.5111161646628,1285.412728497221,1259.2578296449003,1264.0718994140625,1303760.0
2022-12-16,1253.6495684201582,1269.282965651051,1241.3413457320435,1244.8651123046875,722024.0
2022-12-19,1244.9146274764157,1261.4910636656382,1242.0857513537774,1258.1162109375,378502.0
2022-12-20,1250.6717976681473,1259.6051676514912,1219.9509793587263,1222.1346435546875,1478618.0
2022-12-21,1221.9360518814533,1235.5842546733413,1212.5559416263573,1225.2115478515625,1281437.0
2022-12-22,1225.2614380306425,1239.7533261769745,1220.0503051543983,1235.5347900390625,1176517.0
2022-12-23,1230.1250566928718,1238.7605989400038,1207.7419541348154,1215.5338134765625,877135.0
2022-12-26,1213.896020296073,1240.100595995382,1196.078958959124,1234.095458984375,567165.0
2022-12-27,1234.293996064793,1245.4607089363078,1225.9561595540772,1231.8621826171875,471890.0
2022-12-28,1231.812461363158,1240.646595915679,1222.9783268106369,1232.854736328125,376439.0
2022-12-29,1228.8346379804336,1253.4510830721995,1219.9509465359802,1249.2821044921875,678487.0
2022-12-30,1252.6569954227352,1254.4437178923497,1219.7028345010692,1222.184326171875,1052741.0
2023-01-02,1220.893983259323,1238.413339854046,1212.9532093844657,1230.86962890625,703923.0
2023-01-03,1235.4850297179364,1265.5607573594664,1217.320583312258,1259.0096435546875,1871263.0
2023-01-04,1258.9599581374832,1272.8067543396794,1243.7733018349718,1249.7288818359375,1073081.0
2023-01-05,1251.317081735546,1265.1142004037042,1245.758564326051,1258.2652587890625,878852.0
2023-01-06,1261.5406217951156,1277.8192305457553,1257.1236153164978,1259.65478515625,1675874.0
2023-01-09,1265.9577715050143,1304.1727419221072,1261.7392358096208,1296.6785888671875,1432882.0
2023-01-10,1296.6785360548104,1303.9245396560552,1288.2911433039765,1292.956298828125,1000059.0
2023-01-11,1299.4579384078604,1299.4579384078604,1277.8192828075864,1281.7401123046875,652049.0
2023-01-12,1281.7400895068274,1310.2275646039316,1281.7400895068274,1305.9593505859375,1377949.0
2023-01-13,1309.235117220789,1316.1832944918624,1296.3313594316533,1303.2298583984375,1214977.0
2023-01-16,1309.7809952514299,1312.9572561551952,1285.4126983337576,1291.26904296875,600742.0
2023-01-17,1295.040765023988,1300.6986384726877,1284.9163279402217,1288.8370361328125,895667.0
2023-01-18,1299.3088467794776,1312.212601560328,1292.5095848398046,1300.9466552734375,1078873.0
2023-01-19,1303.2794849261936,1320.1536290569975,1293.9490515852547,1313.3046875,1189082.0
2023-01-20,1314.2476661600392,1316.1335028951503,1282.7822790981827,1286.5045166015625,966855.0
2023-01-23,1275.486784338777,1308.3913898178776,1270.5238007421278,1285.809814453125,1367408.0
2023-01-24,1286.4054293270174,1291.368413236458,1260.796383887664,1263.8238525390625,657428.0
2023-01-25,1263.7740224369554,1269.3326606811406,1240.7955066295556,1248.140625,599832.0
2023-01-27,1254.3442722590678,1281.938506146427,1220.8938153775496,1240.993896484375,1164597.0
2023-01-30,1212.953175550269,1235.2369231483658,1206.6005323942654,1224.318359375,1694822.0
2023-01-31,1234.4924758418256,1234.4924758418256,1203.5731853567424,1210.5213623046875,1760628.0
2023-02-01,1210.5211805878782,1219.6530204534338,1060.9368066205232,1101.1866455078125,8470232.0
2023-02-02,1082.1288108730962,1146.449121755079,1080.6895942085214,1099.30078125,8566734.0
2023-02-03,1106.7452331923114,1137.168343880645,1106.7452331923114,1129.6246337890625,4061171.0
2023-02-06,1118.8550116340098,1138.359562065854,1106.7453797127596,1129.97216796875,2909587.0
2023-02-07,1134.5380509909294,1139.3521208497423,1116.1253333677907,1123.371337890625,1741642.0
2023-02-08,1131.560166564915,1163.3232589597199,1126.746097107144,1155.8787841796875,3265863.0
2023-02-09,1161.933640370458,1176.227056685011,1154.1417807261573,1171.710693359375,2186484.0
2023-02-10,1171.1151143095321,1178.7085027924165,1158.409950095171,1175.730712890625,1655228.0
2023-02-13,1171.46243747551,1179.155060985128,1164.3654688482832,1170.37060546875,812659.0
2023-02-14,1169.2788612710822,1172.703271269122,1146.5483736055858,1153.0994873046875,990530.0
2023-02-15,1152.305613571757,1175.0856609577472,1141.4862845544003,1171.611572265625,1243115.0
2023-02-16,1177.5174668016346,1177.5174668016346,1160.8914727384877,1165.40771484375,356750.0
2023-02-17,1166.8966327366672,1166.8966327366672,1128.8305742932248,1141.1883544921875,909951.0
2023-02-20,1135.5305587277373,1161.9832834768704,1132.701682530657,1149.823974609375,488052.0
2023-02-21,1155.5809350294955,1159.3528506472055,1135.7290026553997,1141.83349609375,610755.0
2023-02-22,1140.394223889038,1140.4437810176105,1116.8200553436263,1122.775634765625,944068.0
2023-02-23,1128.4334793737996,1133.4461409320597,1115.529722900305,1126.9942626953125,768179.0
2023-02-24,1127.6890748518051,1133.8928041619731,1110.9141665637928,1113.7431640625,973799.0
2023-02-27,1113.743115388709,1126.5971934909817,1102.228897358971,1120.79052734375,987563.0
2023-02-28,1123.023834695689,1126.4979228489667,1100.839324578789,1112.7008056640625,1219508.0
2023-03-01,1118.3090196137166,1118.3090196137166,1100.5911939668215,1109.8719482421875,675500.0
2023-03-02,1113.3956345284828,1114.686058664096,1089.9703773864903,1092.0052490234375,491880.0
2023-03-03,1092.0051132114108,1124.3140580511104,1092.0051132114108,1120.8896484375,922485.0
2023-03-06,1123.6193672935474,1137.4660415952417,1116.6711909940288,1120.34375,920574.0
2023-03-08,1121.6342136766755,1132.8506042800755,1102.4770498791042,1120.840087890625,959097.0
2023-03-09,1120.84007933154,1126.299360860844,1083.9155327272447,1088.5806884765625,1239659.0
2023-03-10,1084.9080667656315,1092.402219444595,1075.9250192100453,1087.78662109375,893708.0
2023-03-13,1083.9154474431818,1093.2458793742674,1058.2568505076263,1064.559814453125,875379.0
2023-03-14,1066.8428330298057,1084.4614220007736,1063.070917628547,1069.125732421875,1089923.0
2023-03-15,1072.0042227254287,1073.3938820622748,1054.1374856800048,1059.150146484375,1566147.0
2023-03-16,1066.512641935789,1083.0285380262776,1049.2506715616582,1057.2598876953125,1023855.0
2023-03-17,1062.582835177621,1085.5656418729764,1060.742243133506,1066.16455078125,1569036.0
2023-03-20,1066.1644143460012,1084.4213119006574,1048.653712507076,1068.6517333984375,842875.0
2023-03-21,1069.5970649914996,1094.1219354642205,1069.5970649914996,1092.132080078125,842669.0
2023-03-22,1113.821540952666,1121.9302258581354,1097.455029150206,1107.4539794921875,1399723.0
2023-03-23,1108.1505768497752,1119.840977915644,1099.3951640667958,1112.9759521484375,463672.0
2023-03-24,1104.3696794540135,1116.159547687689,1082.9787352123367,1106.5584716796875,1019781.0
2023-03-27,1104.071149278716,1110.9361742585227,1089.545230080842,1093.7239990234375,1078978.0
2023-03-28,1099.1961723979784,1100.8875009088438,1082.5311334099774,1085.7646484375,609715.0
2023-03-29,1088.450841781891,1100.3899735016194,1077.7553696163013,1093.126953125,890212.0
2023-03-31,1094.6193113657864,1107.3046384329693,1091.6843234875548,1095.5147705078125,959958.0
2023-04-03,1094.420398282301,1121.0845074754482,1086.2620402573748,1098.201171875,1689388.0
2023-04-05,1103.92209366857,1113.2246435044062,1094.868154310101,1099.9423828125,713828.0
2023-04-06,1103.2753186040736,1114.318991461366,1099.3950763971513,1110.5880126953125,959185.0
2023-04-10,1113.7219942761005,1113.7716677860756,1098.4498797068622,1100.638671875,985731.0
2023-04-11,1105.2652241530004,1126.1089112257323,1102.7779048626442,1107.00634765625,913188.0
2023-04-12,1112.8265340035998,1124.2682015414105,1106.4589729966801,1121.1341552734375,784276.0
2023-04-13,1121.1341894991997,1133.222584644057,1117.801206187531,1124.5169677734375,1508398.0
2023-04-17,1114.3190126261004,1144.9130390888258,1113.3240849362555,1139.5404052734375,1053536.0
2023-04-18,1139.5404435377916,1147.4501918083372,1134.3170729907124,1139.739501953125,521013.0
2023-04-19,1134.217557457204,1139.440927787599,1114.8164676585939,1117.7017822265625,1033060.0
2023-04-20,1117.701837951138,1126.0592551866673,1106.8571013866501,1123.1241455078125,663526.0
2023-04-21,1130.8347593103554,1130.8347593103554,1097.7534144619308,1100.937255859375,835506.0
2023-04-24,1100.389957533175,1108.0011781842761,1085.0680477583105,1100.0914306640625,1337055.0
2023-04-25,1100.3898640078073,1116.457968138651,1095.465021243915,1100.2406005859375,1099269.0
2023-04-26,1100.3900263657893,1116.308869423522,1098.4001709835725,1112.627685546875,993607.0
2023-04-27,1132.9737990345168,1139.1920965045197,1119.2935446005106,1131.282470703125,1895316.0
2023-04-28,1142.1769695147564,1142.1769695147564,1124.4175348277715,1134.3170166015625,1380448.0
2023-05-02,1141.1820137369139,1152.374949791439,1138.5454311760666,1145.062255859375,916515.0
2023-05-03,1142.6744375494243,1144.2662975431151,1128.546513110111,1131.13330078125,623440.0
2023-05-04,1131.183024795574,1163.9659661017554,1131.183024795574,1161.5283203125,2409910.0
2023-05-05,1166.0552535374597,1177.2481900581906,1161.5780789291675,1167.74658203125,1360996.0
2023-05-08,1172.0247502248392,1179.685644409016,1162.075473907141,1176.3526611328125,1221625.0
2023-05-09,1177.9444287426832,1183.9139940654914,1170.930262359054,1177.1485595703125,1412254.0
2023-05-10,1178.392435271216,1188.9386449867281,1175.357857094769,1182.7701416015625,1420187.0
2023-05-11,1183.068390588595,1189.734478411492,1173.0694410309352,1179.38720703125,621616.0
2023-05-12,1174.0146420611263,1187.8938343762272,1168.0450760845445,1181.0289306640625,1158276.0
2023-05-15,1175.109004520812,1188.4410591099688,1175.109004520812,1183.4166259765625,680497.0
2023-05-16,1189.9335114565688,1195.7041406109756,1168.2440393395325,1174.7608642578125,926172.0
2023-05-17,1176.8004925946864,1178.9394899168983,1153.3201025028245,1156.702880859375,688730.0
2023-05-18,1156.7028351436913,1166.9008433229426,1144.6642351442638,1146.85302734375,1133501.0
2023-05-19,1146.8530583979423,1151.8276966688643,1136.754639868874,1148.2957763671875,333053.0
2023-05-22,1151.578940152761,1154.0165857241125,1143.3707871811,1144.9627685546875,392404.0
2023-05-23,1141.1821125516371,1161.9263315453688,1139.0429936302096,1159.687744140625,1139676.0
2023-05-24,1163.5678811590672,1171.1791019357117,1152.922203934985,1169.38818359375,995336.0
2023-05-25,1169.388196445377,1176.0044896494512,1165.5577492591642,1171.3780517578125,1136179.0
2023-05-26,1169.0400643800308,1197.5944412018798,1167.199472398681,1189.684814453125,703725.0
2023-05-29,1192.8684972936232,1225.6514373285308,1191.0279053697734,1211.92138671875,1370649.0
2023-05-30,1208.4888843930723,1211.6229307549434,1194.7588343558893,1209.7325439453125,745769.0
2023-05-31,1209.3843023107602,1233.3620333698839,1205.8024657615765,1228.735595703125,2382996.0
2023-06-01,1235.2027104511392,1236.6951019659814,1198.2909179409328,1201.6239013671875,1041761.0
2023-06-02,1205.6533885257159,1210.030973074466,1193.166997796136,1196.4005126953125,737046.0
2023-06-05,1201.8724970891042,1212.8167002910745,1198.8877143976579,1209.2349853515625,1599077.0
2023-06-06,1213.6624624197807,1218.7863640773521,1203.9619178893693,1216.7965087890625,793761.0
2023-06-07,1219.0848194521882,1241.6696270692328,1214.806582252831,1239.4808349609375,1067618.0
2023-06-08,1241.3712577925733,1248.385546743253,1227.7905916834723,1232.615966796875,760962.0
2023-06-09,1221.37310263031,1247.2412203396077,1221.2736341601144,1226.1488037109375,1904738.0
2023-06-12,1235.8991553760857,1249.9277332774452,1228.5864609824612,1232.615966796875,1402903.0
2023-06-13,1231.7203654274267,1242.4656320584543,1231.7203654274267,1236.9935302734375,1253147.0
2023-06-14,1233.809743545275,1248.5843947266706,1221.4229429929533,1235.9986572265625,713768.0
2023-06-15,1238.6848071882114,1244.256377211445,1230.1781280041828,1234.8045654296875,738348.0
2023-06-16,1234.705159248721,1285.3966722022944,1229.780316178662,1274.8504638671875,2049003.0
2023-06-19,1274.850547042688,1281.6161037864558,1268.5327806215832,1274.0048828125,741782.0
2023-06-20,1275.3480173875485,1300.1715357782657,1274.0048893149674,1288.779541015625,1474323.0
2023-06-21,1288.7795871718167,1299.674118486556,1279.725769284791,1288.381591796875,855234.0
2023-06-22,1289.3267672037407,1299.3755121884792,1266.4931047429209,1270.025146484375,556505.0
2023-06-23,1264.7519286261306,1268.4332336519847,1254.1062517848445,1256.2950439453125,1076729.0
2023-06-26,1260.5235680563908,1269.7266490413474,1256.7925892787057,1259.9266357421875,1009927.0
2023-06-27,1262.0657701242594,1283.4567153806029,1251.768292860851,1279.875,1650539.0
2023-06-28,1283.4565890687395,1305.9419282769288,1278.4819511266126,1293.306396484375,2245575.0
2023-06-30,1294.4506935150112,1308.7775548007894,1294.4008985510632,1300.27099609375,972782.0
2023-07-03,1301.315609802668,1305.3451154850377,1284.451634215841,1291.3663330078125,599025.0
2023-07-04,1313.3044738947062,1313.3542688567438,1276.3428880853987,1282.71044921875,866223.0
2023-07-05,1283.0089241140074,1310.0211110605396,1278.5814234614534,1284.998779296875,960704.0
2023-07-06,1291.4160345609255,1305.096289164325,1282.8098864656529,1286.3916015625,726222.0
2023-07-07,1286.04347834287,1311.31466538018,1281.9145042337304,1287.4364013671875,939840.0
2023-07-10,1294.102480520376,1295.395935180506,1276.691244832466,1286.7401123046875,675354.0
2023-07-11,1292.1622530079255,1302.1115292582272,1282.9591724763966,1288.4312744140625,821816.0
2023-07-12,1284.4515269817537,1299.972373195724,1284.4515269817537,1294.0028076171875,905809.0
2023-07-13,1305.3450958845872,1329.2233598336957,1298.4303971964437,1307.28515625,1579954.0
2023-07-14,1313.8019642936722,1319.3238613419996,1304.6983519888404,1313.60302734375,1321159.0
2023-07-17,1314.2994271935324,1321.811179540306,1290.1724316526975,1307.8323974609375,1055414.0
2023-07-18,1308.3298710143401,1315.5928915023244,1299.0273216969738,1307.8822021484375,1427102.0
2023-07-19,1307.9318303756284,1314.8466502339259,1300.6191366285846,1303.8028564453125,659900.0
2023-07-20,1308.3298983399254,1314.8963967333823,1296.5400296299026,1307.384765625,898725.0
2023-07-21,1308.130929826566,1316.0405561060977,1281.4668200828985,1284.153076171875,524241.0
2023-07-24,1284.153084613117,1317.6822196892833,1281.3673600305203,1310.468994140625,1183272.0
2023-07-25,1311.3146681120081,1313.3045234505696,1283.5561618488493,1294.5003662109375,1362929.0
2023-07-26,1283.4566791341786,1293.3561607532497,1268.7814961750862,1286.09326171875,2302730.0
2023-07-27,1288.4313145706287,1305.3450847232934,1286.1927273445408,1289.9237060546875,1946045.0
2023-07-28,1295.346077235777,1295.346077235777,1274.8009172838126,1283.2080078125,1051700.0
2023-07-31,1290.3713404200162,1290.3713404200162,1263.558089387095,1275.646484375,1061701.0
2023-08-01,1278.4820749903436,1278.4820749903436,1254.7032790329813,1273.4576416015625,1219778.0
2023-08-02,1273.5073776985541,1278.3825474190319,1246.0970726684193,1255.847412109375,888107.0
2023-08-03,1253.5590055900461,1268.333777900303,1245.3011792189934,1247.3905029296875,871719.0
2023-08-04,1252.5640749563597,1280.6211066290032,1247.6392318322091,1261.46875,1609140.0
2023-08-07,1266.5428340216804,1299.0769179412382,1260.1255995860731,1295.9429931640625,1719680.0
2023-08-08,1300.2709846005246,1351.8579595390756,1287.1876615666451,1342.505615234375,3458915.0
2023-08-09,1359.0711850821544,1367.0306063710689,1336.187848876525,1342.505615234375,1746764.0
2023-08-10,1338.1279967164273,1352.0073113670217,1323.3533442732012,1327.581787109375,841571.0
2023-08-11,1333.2030952154023,1333.2030952154023,1298.2811578324493,1304.84765625,891342.0
2023-08-14,1307.3349314496743,1309.2749917857575,1285.3967281976356,1290.5206298828125,888959.0
2023-08-16,1288.431305792124,1293.3561490755112,1274.5023187024794,1284.7501220703125,395774.0
2023-08-17,1279.9744647846926,1283.4069167122123,1269.776456029121,1277.934814453125,843146.0
2023-08-18,1272.0648255233502,1279.327724669161,1259.5784346405758,1275.9449462890625,886254.0
2023-08-21,1276.442281426707,1283.2576324638637,1267.8362550796237,1272.064697265625,703317.0
2023-08-22,1277.835293898009,1306.5389321061136,1272.2637233878656,1280.22314453125,1405263.0
2023-08-23,1283.4068598200142,1297.883105553244,1279.7256761348103,1293.6546630859375,583458.0
2023-08-24,1293.3064512886403,1304.996850948023,1283.6059068904292,1287.1876220703125,618797.0
2023-08-25,1286.491235441151,1291.9633374694824,1275.944905280192,1289.82421875,487521.0
2023-08-28,1293.4058688640425,1300.3703620040797,1283.0089241140074,1284.998779296875,764751.0
2023-08-29,1285.4465419150436,1295.0476181630715,1283.4566865870015,1290.6201171875,1011094.0
2023-08-30,1295.3459355821337,1301.2160326912524,1286.739909033975,1294.0028076171875,812860.0
2023-08-31,1298.2313115606023,1301.9622902243877,1279.9744135893704,1285.9937744140625,1390078.0
2023-09-01,1291.3663437365353,1320.3685101247167,1286.640437219716,1313.851806640625,761000.0
2023-09-04,1321.7614460620318,1325.6913618865046,1294.8983982308878,1321.6121826171875,542261.0
2023-09-05,1321.6121405722415,1332.1583495394718,1299.0273311390847,1302.8079833984375,1922115.0
2023-09-06,1303.3552510488075,1322.2588768273781,1298.8282815582234,1313.1055908203125,1461738.0
2023-09-07,1313.3045280612246,1344.4458127994926,1304.797847878557,1340.6650390625,1468196.0
2023-09-08,1341.1624544846838,1342.605050977677,1327.5816679513457,1334.6456298828125,1214231.0
2023-09-11,1337.630475077354,1349.9676026390723,1330.2183124180806,1343.3016357421875,844034.0
2023-09-12,1345.9381365486781,1345.9381365486781,1324.5471926609512,1339.6700439453125,1139357.0
2023-09-13,1343.1523453830478,1344.1970680099091,1321.5126687074319,1338.6751708984375,438029.0
2023-09-14,1338.6750805921242,1353.8477264330977,1335.4415659047036,1345.8883056640625,889229.0
2023-09-15,1348.4255290958474,1367.876292308748,1345.1422191815932,1365.6875,878944.0
2023-09-18,1368.0253879955746,1385.9340839838803,1360.613226291973,1366.73193359375,1324270.0
2023-09-20,1363.0508404902487,1369.8163968921103,1333.551212243428,1338.3765869140625,574012.0
2023-09-21,1338.675103657297,1345.0426646724618,1321.3136653861527,1327.432373046875,783641.0
2023-09-22,1319.3238301148963,1330.8151713513225,1309.3247588698243,1312.1602783203125,1084861.0
2023-09-25,1312.1105607946959,1333.2029772270935,1282.5611383541384,1287.5855712890625,908011.0
2023-09-26,1288.928709732744,1295.7439395233139,1278.6809068410269,1283.1580810546875,749346.0
2023-09-27,1276.7907079965862,1297.3856618706764,1271.4677478824553,1294.40087890625,643756.0
2023-09-28,1294.4008777057902,1301.8628351099358,1277.98457141667,1282.8597412109375,1026081.0
2023-09-29,1283.4068595573856,1305.3450625813728,1282.4617268806323,1298.778564453125,1294800.0
2023-10-03,1295.5450359074246,1295.5450359074246,1276.1439471491897,1285.8941650390625,1282289.0
2023-10-04,1285.0485003841081,1291.1175346263337,1257.9367225137337,1264.1053466796875,1139615.0
2023-10-05,1264.5530218785027,1275.5966943175074,1258.5336611168048,1267.9854736328125,979561.0
2023-10-06,1269.5276842101457,1281.0191471735343,1265.5479736013365,1276.4423828125,784191.0
2023-10-09,1271.6170265311644,1284.2028858052656,1265.5479920544628,1270.7713623046875,1345177.0
2023-10-10,1278.481992133424,1305.9419701645081,1273.3084170881202,1295.445556640625,1221002.0
2023-10-11,1303.3552233573976,1304.3003560457928,1284.6008614183966,1302.70849609375,1374812.0
2023-10-12,1305.2952445086316,1310.7176729167402,1294.3510406716105,1306.9866943359375,726322.0
2023-10-13,1309.1755286355951,1322.9055788350583,1306.1907456749404,1309.7724609375,916350.0
2023-10-16,1312.508503192153,1325.442562601677,1303.9024762074885,1315.4932861328125,578729.0
2023-10-17,1318.2790846885612,1344.246671047673,1318.2790846885612,1341.5106201171875,1073063.0
2023-10-18,1337.2325555583088,1351.7086799842557,1332.208122349132,1349.4700927734375,454861.0
2023-10-19,1342.1574318105368,1346.7340748192937,1331.8101597139134,1341.311767578125,595436.0
2023-10-20,1333.2031441133784,1361.7078475669255,1329.720897095172,1355.73828125,936229.0
2023-10-23,1353.0518242831006,1359.618444007996,1322.3086567125931,1331.6112060546875,976136.0
2023-10-25,1316.3390107965695,1339.2720191239466,1302.0120290550678,1307.484130859375,945901.0
2023-10-26,1309.1258741468719,1309.1258741468719,1284.2028874827906,1298.9775390625,1107874.0
2023-10-27,1300.9673711412208,1314.0008990689148,1287.0881790010633,1296.291259765625,654531.0
2023-10-30,1298.5794213313636,1323.9500744747525,1298.3804843969615,1319.472900390625,1242401.0
2023-10-31,1318.2791182344056,1368.4234953993587,1312.8070162341874,1360.9117431640625,2287988.0
2023-11-01,1364.095537360543,1370.9604406537362,1325.6415612513833,1329.2730712890625,968893.0
2023-11-02,1335.192911253838,1350.8630217994773,1333.3523193847348,1336.685302734375,637519.0
2023-11-03,1337.9787608251786,1343.1025410944205,1319.3735407809606,1322.6070556640625,690163.0
2023-11-06,1328.228406725072,1333.8994457238962,1316.6872703276492,1325.0943603515625,377106.0
2023-11-07,1325.741084524441,1337.2325473835094,1313.7024843323059,1334.0487060546875,1038346.0
2023-11-08,1335.3421875167874,1342.505618111711,1327.9299035549209,1338.6751708984375,498283.0
2023-11-09,1338.277184222721,1346.4853374977429,1328.6761079198934,1343.8487548828125,493454.0
2023-11-10,1344.9431872500345,1353.1015450441157,1334.197920517764,1348.52490234375,639801.0
2023-11-13,1344.6447831033768,1352.803141642011,1318.2791991209576,1321.6121826171875,1332535.0
2023-11-15,1342.107623841506,1352.1066954456737,1325.2934434799442,1350.21630859375,742427.0
2023-11-16,1355.837726029131,1358.1757818388257,1341.2123373887976,1353.0518798828125,577249.0
2023-11-17,1347.1319709666118,1427.1738478398286,1347.1319709666118,1406.77783203125,3192944.0
2023-11-20,1406.7777707079129,1412.797131008502,1375.984811397717,1378.273193359375,726211.0
2023-11-21,1381.9545641897423,1417.9212245458145,1380.064177284713,1416.4288330078125,2049132.0
2023-11-22,1417.7719623923392,1431.2532812116815,1410.1607412513745,1422.8460693359375,865655.0
2023-11-23,1422.8461029501364,1427.1243407111615,1399.2165696853588,1403.793212890625,549853.0
2023-11-24,1406.8276758875058,1411.7525191002962,1393.9434115947297,1402.5494384765625,387896.0
2023-11-28,1402.649061327205,1410.111018764856,1386.0336965620234,1405.2855224609375,1123470.0
2023-11-29,1408.270410854283,1414.5882991186672,1398.8683923594917,1400.708984375,887709.0
2023-11-30,1402.8480464667523,1436.8745249708113,1401.902913739303,1427.969970703125,3027395.0
2023-12-01,1430.7558160628575,1437.6705149418124,1412.8967911207544,1416.4288330078125,808841.0
2023-12-04,1432.5964216292623,1451.3009895461175,1407.8226975725638,1446.6248779296875,2078827.0
2023-12-05,1446.6248519606534,1464.6330187436647,1435.6806474410062,1453.53955078125,1932719.0
2023-12-06,1454.5842842229815,1455.5294169489655,1437.8197769200776,1443.341552734375,724418.0
2023-12-07,1449.4603629521073,1475.9254148884286,1442.7446011277013,1448.365966796875,1244939.0
2023-12-08,1447.6197308854396,1462.0959767747458,1444.1872790730702,1457.7679443359375,1654799.0
2023-12-11,1457.7679270255442,1460.8522998651104,1447.619713695552,1453.1912841796875,731571.0
2023-12-12,1457.0715714634382,1484.3326138882483,1452.5446019883739,1473.935546875,1763549.0
2023-12-13,1475.6269053738708,1475.6269053738708,1452.5943069697087,1459.35986328125,2279728.0
2023-12-14,1465.5284556255285,1470.1050986101682,1447.5699626295695,1462.3944091796875,2953215.0
2023-12-15,1466.5233912771623,1477.4675956896783,1441.2522040707622,1445.1324462890625,1482700.0
2023-12-18,1445.1323705136765,1453.9872506369975,1434.3374301084982,1439.6104736328125,1580916.0
2023-12-19,1437.6207692721869,1440.655347417299,1411.8522383266695,1417.3243408203125,1282514.0
2023-12-20,1429.7110492407862,1429.7110492407862,1396.9282313824883,1402.101806640625,1151553.0
2023-12-21,1394.3910515395426,1403.1464631264485,1372.9503128694193,1396.629638671875,1841616.0
2023-12-22,1406.827687118295,1410.5088708167248,1380.0144357214917,1387.2276611328125,1111420.0
2023-12-26,1392.8987678186518,1402.002380484265,1380.6114351213355,1388.22265625,875367.0
2023-12-27,1397.8733381891784,1416.7769634031247,1392.0032408062011,1414.140380859375,718369.0
2023-12-28,1421.254218454908,1437.6207305279947,1412.0013422709321,1428.019775390625,1446654.0
2023-12-29,1425.731369386766,1427.9699566729628,1413.8420321583064,1425.3333740234375,383858.0
