Date,Open,High,Low,Close,Volume
2013-01-01,463.67048229328094,464.01818420369307,461.12698228462045,462.6457824707031,509580.0
2013-01-02,463.68874076549184,465.66500794833286,459.4983592021824,462.33465576171875,1880246.0
2013-01-03,462.95683356885996,469.9103354169298,461.10864810258573,468.666015625,2635130.0
2013-01-04,470.27639479337023,476.13197636278187,468.7759109511169,475.47320556640625,5228760.0
2013-01-07,475.76590791098795,477.2298030122525,472.1976636016555,473.8811340332031,1820752.0
2013-01-08,473.9359986830207,477.3395723734904,473.6798349319227,475.85736083984375,2341870.0
2013-01-09,476.131824871841,478.4740656892829,465.939465380397,467.2020568847656,3135898.0
2013-01-10,468.409972756641,469.2150974139014,459.40702434330836,460.5415344238281,4522838.0
2013-01-11,472.10624158830547,484.00039108568524,472.10624158830547,478.08990478515625,7805006.0
2013-01-14,482.71949531952515,493.497407045736,478.4558911454414,488.39208984375,5790224.0
2013-01-15,508.70349540313913,512.3632327801402,485.64714992803283,489.4715576171875,8262978.0
2013-01-16,489.2701315183135,495.8942449700963,479.0594587939897,493.2409362792969,4109492.0
2013-01-17,493.9546521598864,502.04270613144826,491.5026464028155,498.4561462402344,3028544.0
2013-01-18,498.63936327546725,499.93858829363467,489.6913206446709,494.4306640625,1440470.0
2013-01-21,494.9794649970263,495.8578108753645,485.6837234107904,486.74505615234375,1260038.0
2013-01-22,485.2810027091734,487.36703439852545,478.7300662113039,482.17022705078125,1386630.0
2013-01-23,482.62884666997724,485.5633180918733,476.26472072903607,481.2349548339844,1877654.0
2013-01-24,478.68578709460814,490.3870041788861,478.68578709460814,487.32415771484375,3498470.0
2013-01-25,485.56331741236255,493.358007115866,485.56331741236255,491.7073669433594,1521100.0
2013-01-28,491.63430454735004,495.1739769004679,490.7722672536418,493.37664794921875,2428154.0
2013-01-29,491.9642184317692,497.59477246639324,491.63412614924187,493.3397521972656,1731804.0
2013-01-30,491.8909840672469,495.13723552133933,489.9835947316502,493.7800598144531,2279144.0
2013-01-31,494.77018757368097,496.09069068978266,486.5353454834748,493.04620361328125,4313168.0
2013-02-01,492.99133120571264,495.9258034152704,492.3127434625509,494.4952392578125,1484540.0
2013-02-04,494.8252644916818,501.7212905360358,493.4130590153304,497.52130126953125,2487304.0
2013-02-05,493.39480981061615,500.6943183521474,493.39480981061615,498.8786315917969,2161994.0
2013-02-06,499.77727212161943,504.69252177154476,499.59386761808855,502.7301025390625,3573706.0
2013-02-07,499.226968012501,509.86442728683056,499.226968012501,508.81903076171875,2612782.0
2013-02-08,508.39736787707574,527.104630331427,508.0672307608171,521.8225708007812,6973618.0
2013-02-11,522.3359628454783,524.13333571787,518.0259575340777,518.9246215820312,2312126.0
2013-02-12,516.8521851790775,519.0346805896912,514.2111337900449,517.218994140625,2225502.0
2013-02-13,517.1273378651792,528.8101953736023,515.4033087267746,526.5176391601562,3822666.0
2013-02-14,524.5734683361843,534.0004851792722,524.1699874480988,531.029296875,2946958.0
2013-02-15,529.6721789814927,532.5333070001595,524.775287944129,528.9935913085938,1820790.0
2013-02-18,528.2417326091652,528.9020068455861,520.8688792594542,522.831298828125,952086.0
2013-02-19,521.4557770445538,531.469682798285,518.1911672905774,529.5072631835938,744294.0
2013-02-20,528.7553078905918,534.4408488356519,528.7553078905918,532.9002685546875,2261518.0
2013-02-21,528.4613670164142,534.3853374949736,528.4613670164142,532.2578735351562,3849146.0
2013-02-22,531.873057443181,537.0267418758988,529.0486460142511,533.7437744140625,1310694.0
2013-02-25,532.9734176706661,541.0432147723554,532.4232042319145,540.5663452148438,1730030.0
2013-02-26,538.1088116425905,550.195150476114,537.7420026366991,548.8930053710938,2853670.0
2013-02-27,548.4710912190851,551.3322189852271,541.8868883723587,544.051025390625,2556682.0
2013-02-28,545.169902492214,559.3837519264096,544.8030934745573,556.4492797851562,4599424.0
2013-03-01,555.7522475390739,556.0823845590826,549.4798232648455,550.8920288085938,2537326.0
2013-03-04,546.9120366075423,557.5128221275306,546.9120366075423,555.05517578125,3136076.0
2013-03-05,556.4492802476423,565.986314714642,553.3680755414671,564.94091796875,3440054.0
2013-03-06,563.4736321867362,574.2394669588368,563.4736321867362,572.6621704101562,2299510.0
2013-03-07,572.5888472083412,586.0140476110353,571.9836034049373,583.1896362304688,3908702.0
2013-03-08,583.2262555068118,585.2987351184695,577.6874490796226,580.713623046875,4341502.0
2013-03-11,577.7243369411963,583.0614272978252,570.9933988597531,574.4963989257812,2221330.0
2013-03-12,571.4884949610502,575.1382270664101,567.8204044927506,572.405517578125,1809452.0
2013-03-13,570.773206363738,571.7452144674825,567.820375775497,569.1775512695312,1794496.0
2013-03-14,571.1214881521636,578.4576665484662,566.2796283211956,575.0463256835938,3051218.0
2013-03-15,576.6235439408036,579.7047474057056,572.4419138653275,575.9816284179688,4212398.0
2013-03-18,572.1669665213415,577.2289482499809,570.1678755327803,574.7713012695312,1694988.0
2013-03-19,573.8726761064025,573.8726761064025,565.0509018133467,567.36181640625,3739910.0
2013-03-20,564.885979284606,576.8623046188943,564.8676209201336,571.3601684570312,4168136.0
2013-03-21,573.3226431261645,577.5042759660705,569.9113004675958,572.203857421875,1664604.0
2013-03-22,572.7355726519522,572.9923210373653,561.9513792642979,565.6744995117188,2714456.0
2013-03-25,568.0038216823485,569.2876533748821,560.630968631955,566.11474609375,1857316.0
2013-03-26,564.9224720576651,575.8900689502957,563.4735945718553,570.8831176757812,1781536.0
2013-03-28,570.7547297355922,580.8053039831481,565.4910302257823,577.9992065429688,3065662.0
2013-04-01,574.0561530503073,577.2473738180083,569.0125287024213,571.066650390625,968812.0
2013-04-02,570.7546357474312,576.3301129932423,565.3442045923703,574.9179077148438,1130332.0
2013-04-03,575.8902298115565,577.7242751294278,561.5846763321613,566.1331176757812,959932.0
2013-04-04,564.9227372412754,564.9227372412754,550.5805090845148,553.0748291015625,1126338.0
2013-04-05,552.0475652620155,553.6431755152819,544.3812479253378,549.6082763671875,1865248.0
2013-04-08,549.8099350379404,549.8099350379404,541.0431923223028,543.15234375,896416.0
2013-04-09,542.8770392300261,554.9817299696145,541.9966891300355,549.259521484375,1672354.0
2013-04-10,553.8449144647611,564.4823753957993,550.5803054306275,561.3828125,2046284.0
2013-04-11,564.8858782783709,568.5906403429505,557.8064464387016,563.748779296875,2244658.0
2013-04-12,543.5741991529154,559.200251674384,542.2720094525915,554.5234375,5032060.0
2013-04-15,555.1654379633752,555.348842468814,531.267821949396,540.10791015625,5391496.0
2013-04-16,539.2089866102494,547.8106358670158,534.7889222447955,544.0325317382812,3071582.0
2013-04-17,548.3793072282568,549.8465428328809,524.9035375542713,534.3121948242188,5279004.0
2013-04-18,545.7934337954393,548.3427832120617,523.601489289095,532.8817749023438,8554458.0
2013-04-22,530.4057943185962,535.4677762413604,522.7028056044257,522.8128662109375,2962484.0
2013-04-23,522.5010766774878,531.1394467784378,522.3360305334913,524.7386474609375,3384170.0
2013-04-25,524.7385737865516,524.7385737865516,513.0373590485536,514.376220703125,7929194.0
2013-04-26,510.96489708465583,511.12994321116713,500.73091782881176,502.28985595703125,4754076.0
2013-04-29,500.69437569996177,507.92049639836597,500.69437569996177,502.80352783203125,3968916.0
2013-04-30,501.79464451051564,506.9299698198338,500.6942176585189,505.6094665527344,4020570.0
2013-05-02,503.8122527297259,527.7649026776392,503.8122527297259,525.967529296875,5630326.0
2013-05-03,523.0697325692026,530.8644252880636,516.4304973733784,520.3186645507812,3641790.0
2013-05-06,520.8687035237155,540.0895012569295,520.8687035237155,538.1820678710938,3727118.0
2013-05-07,538.1453802981197,542.4553852900954,534.5873515344854,539.7960205078125,2260180.0
2013-05-08,539.9427967669058,545.7383963275793,539.2091788365159,542.9139404296875,1768130.0
2013-05-09,544.0511813511384,551.4790648362047,543.9778374495389,549.64501953125,1949700.0
2013-05-10,549.6448085368276,554.211606458987,546.9487719287823,548.70947265625,1139714.0
2013-05-13,542.8774704501288,543.2442795517843,530.2959003527448,532.4600830078125,1862498.0
2013-05-14,533.7437269188491,539.4109524097531,529.580454036354,534.7891235351562,2250100.0
2013-05-15,534.844163362304,541.8502059064004,531.8730195874919,539.7777709960938,3565926.0
2013-05-16,538.8426041872873,538.8426041872873,530.9378496393567,533.3588256835938,2415652.0
2013-05-17,533.7069411854354,542.3269502011452,533.3768042252832,540.6029663085938,2900200.0
2013-05-20,539.6677602891948,542.1437211265454,535.9079679065513,540.089599609375,1385504.0
2013-05-21,537.3751384672397,550.9470702920096,537.3751384672397,547.5907592773438,1898432.0
2013-05-22,549.4799153850058,553.5698449387975,547.3891218685702,549.6266479492188,1846944.0
2013-05-23,548.3795674554827,560.0257555937513,542.2721873977524,547.535888671875,3063962.0
2013-05-24,550.2136303080919,551.2956992037645,536.8617705906488,539.0443115234375,1586612.0
2013-05-27,539.0258023474659,550.2134763669268,535.541116997142,549.4798583984375,2023864.0
2013-05-28,549.4801236456755,556.2660931299511,546.655711014175,555.3857421875,1400254.0
2013-05-29,556.0824519816136,560.3007555421602,544.7480447636298,549.241455078125,1452038.0
2013-05-30,550.2134846416841,554.6151925188175,545.4449677747895,549.993408203125,2408346.0
2013-05-31,546.9123099374664,553.6065753005506,541.6852808183456,549.64501953125,1929868.0
2013-06-03,551.680905184499,552.7813325219681,534.4775488534318,538.9893188476562,3097612.0
2013-06-04,535.5409992896622,540.6396520053181,531.9279405442705,537.50341796875,1305320.0
2013-06-05,535.9445747257373,540.1812362209704,532.8633704361574,538.4022216796875,1728676.0
2013-06-06,537.9950569452284,547.1732258450594,537.3844499869876,544.3050537109375,2540452.0
2013-06-07,544.0645799245613,569.5635687431197,543.287406702339,562.143310546875,3550844.0
2013-06-10,564.4009399414062,571.6731100325395,562.1988961899954,564.4009399414062,3360430.0
2013-06-11,566.3067459926649,570.6737878614693,552.1694497336655,555.7037963867188,2205468.0
2013-06-12,552.9465961818318,553.3166829265056,541.0853431209986,543.3243408203125,4805954.0
2013-06-13,540.3266044711687,541.8069513327335,531.1114362226073,535.015869140625,3151342.0
2013-06-14,535.8855495907401,539.3088516167859,529.5940755969261,536.884765625,3105996.0
2013-06-17,537.7360364820014,542.1770773889416,528.4838679258762,537.532470703125,2584162.0
2013-06-18,538.4762525987921,540.32668645652,532.9804730766622,534.331298828125,2291528.0
2013-06-19,538.4391888274462,538.4391888274462,526.8369789566678,528.372802734375,2139788.0
2013-06-20,525.8936056623937,530.3901715652772,517.7886916559154,519.7871704101562,4172878.0
2013-06-21,521.3782471297369,529.9087198674783,521.0821596502021,526.3558959960938,2848224.0
2013-06-24,523.6725672944312,530.7412127010382,518.1582676211721,522.0811767578125,1889164.0
2013-06-25,523.1177343486015,528.1509062026602,510.9788682506233,515.2719116210938,1860548.0
2013-06-26,516.974276681348,535.7931820348867,511.1084097468878,532.0737915039062,2326488.0
2013-06-27,535.811688439077,554.019940973576,533.6651669231106,552.1325073242188,3820678.0
2013-06-28,553.2797714985946,564.1233329170045,539.6605590526,561.8472900390625,4817096.0
2013-07-01,559.5713493565123,561.3107395808217,548.9868738735848,552.2991333007812,1354652.0
2013-07-02,552.5765665953917,558.2759120882267,550.189524915973,555.333740234375,1657242.0
2013-07-03,554.2789963324715,562.1618634428349,542.1771757365065,551.3553466796875,1530906.0
2013-07-04,551.7439781092437,570.3038429015517,551.4294133181778,569.3046264648438,1917060.0
2013-07-05,570.6736816812677,576.5950687804249,563.2719478073213,566.306640625,1293012.0
2013-07-08,565.4925292548652,568.0831363915039,555.13010070831,557.5911865234375,1658796.0
2013-07-09,553.3907188218741,563.1794949964476,553.3907188218741,556.9435424804688,1097326.0
2013-07-10,558.8310222096201,565.0484980108072,554.3899809735171,559.5526733398438,1322624.0
2013-07-11,562.5319030640579,581.0362419806388,562.5319030640579,579.019287109375,2335274.0
2013-07-12,590.2882792252378,601.31688081996,584.4779361774846,595.7840576171875,3251536.0
2013-07-15,592.5459293078502,609.643965502226,591.8798002155655,607.5899658203125,2060570.0
2013-07-16,601.3909843299862,616.6940628036156,598.652333273716,610.402587890625,2224986.0
2013-07-17,608.811348655597,623.5777768104301,608.811348655597,621.1907348632812,2999250.0
2013-07-18,621.745756891433,626.2978421107449,608.4226335294736,614.4920654296875,3445532.0
2013-07-19,636.179040013818,650.9825080769668,629.1473926838223,644.9871215820312,8550804.0
2013-07-22,644.3212117594564,650.9087758205219,639.6211267919961,646.356689453125,2974772.0
2013-07-23,646.9117065691519,658.9210047903665,645.2833156637473,647.577880859375,1646502.0
2013-07-24,647.0967760511036,663.1955520066215,645.8014722385907,659.790771484375,2181644.0
2013-07-25,658.7543858981276,669.8569879076465,653.8322142699328,664.583251953125,4088808.0
2013-07-26,664.3058966461724,665.7677216349974,647.6889880234321,656.7191162109375,2379064.0
2013-07-29,652.0823764686414,665.6581438513333,651.8041843285097,659.9459228515625,1774262.0
2013-07-30,660.2424420000868,669.4969457582339,658.5547255116032,664.8048095703125,2617484.0
2013-07-31,663.9521089016456,679.3454119851194,663.7480831589459,673.41064453125,2826750.0
2013-08-01,671.3889847110443,680.5693260957239,663.9519627707741,673.3734130859375,2141178.0
2013-08-02,674.9683266690363,686.1702244810544,673.8555580619354,684.66796875,1846854.0
2013-08-05,682.4980141999577,696.3705372399726,682.4980141999577,692.5870971679688,2355184.0
2013-08-06,694.7384660328793,698.0582072759213,691.6412694338477,693.6627807617188,2305290.0
2013-08-07,695.1093520850269,701.3779566851764,672.6499576295122,676.0809936523438,2694980.0
2013-08-08,669.5529480105607,688.4885810232746,661.6151885358909,684.5011596679688,2158628.0
2013-08-12,682.8689201716683,682.8689201716683,670.6841144378091,672.85400390625,2077574.0
2013-08-13,675.1536429513804,684.296898763073,671.3516843611739,675.0053100585938,2168296.0
2013-08-14,676.7487912642263,689.174707683712,668.4030265048702,680.0870971679688,3302068.0
2013-08-16,676.63753346202,678.7889043852023,651.1737126980499,660.5765991210938,2779930.0
2013-08-19,666.9192967865245,670.2576024990265,651.1736396206906,659.2968139648438,2121352.0
2013-08-20,663.877786383016,663.877786383016,641.6965801261464,644.0704956054688,2724844.0
2013-08-21,645.4426930541988,646.7780059498469,630.9952694972625,637.171142578125,3623994.0
2013-08-22,632.423658276401,666.6042187164016,628.788595090964,659.8533935546875,4260988.0
2013-08-23,665.4356409957687,681.7562475753751,661.8377072021877,678.5848388671875,4032884.0
2013-08-26,676.2294778731995,696.8156972383225,672.8540887987963,683.2399291992188,2663238.0
2013-08-27,682.1270228931619,696.9082872807643,678.7887177240274,682.0528564453125,1945284.0
2013-08-28,678.0469709972483,721.8529506038642,678.0469709972483,707.6837158203125,4444684.0
2013-08-29,705.1244616909801,730.7181428359972,696.7045296286551,722.2239990234375,5905182.0
2013-08-30,719.2193659163972,760.3917999631843,715.8810604531443,754.1602783203125,5282942.0
2013-09-02,749.2643151967665,767.4395386842128,748.3370078759784,762.932861328125,2154034.0
2013-09-03,760.4291760801676,766.6977377127363,736.7086262585184,742.25390625,2355064.0
2013-09-04,741.8458144238713,771.0745576236419,739.6017127237691,767.4766235351562,2626516.0
2013-09-05,767.4394496604904,767.4394496604904,734.8168000108959,738.4147338867188,3927492.0
2013-09-06,745.1842149181359,751.1189821847811,732.5728344765149,737.6915893554688,2759596.0
2013-09-10,736.6528424500842,748.0401567974359,734.7982280431102,737.3576049804688,4300972.0
2013-09-11,744.813107037747,748.522335658453,735.7254969170176,739.5460205078125,3008494.0
2013-09-12,739.9909633604835,741.307757371662,721.7415802702758,729.93896484375,1905568.0
2013-09-13,728.8633726270094,738.1364435255718,722.0198644153369,724.6904907226562,2096320.0
2013-09-16,723.299550741738,736.2818503704359,702.5464355896153,705.6992797851562,2460506.0
2013-09-17,704.7533082061566,724.2453191314282,703.6776230484254,722.3535766601562,3327816.0
2013-09-18,720.350657083504,728.7891509619385,718.8113183752217,724.9686279296875,2109818.0
2013-09-19,722.557675132683,738.1364340421146,714.5828342623788,729.3455810546875,3907240.0
2013-09-20,723.2995936998376,738.0994252112761,719.9612878827614,723.410888671875,3591858.0
2013-09-23,723.2995257483075,733.3886087139456,719.5902974111366,725.1912231445312,2988758.0
2013-09-24,725.1542732413819,733.6484167509417,714.3975090858831,719.4049682617188,4940300.0
2013-09-25,720.1466584370489,731.0703174262634,712.2459842222046,726.6563720703125,4333858.0
2013-09-26,725.0801294217003,732.238914485049,717.7729208585404,720.6661376953125,4919704.0
2013-09-27,720.740416880743,727.7323058379253,718.6446930359883,722.5950317382812,1784666.0
2013-09-30,724.7834092911476,727.6951452522674,712.1720296003087,715.0652465820312,1987350.0
2013-10-01,716.6230123373654,725.0985911863456,710.9478740971379,722.947265625,1591994.0
2013-10-03,731.3857579521721,755.5328285513873,727.1572280352023,750.970458984375,4672354.0
2013-10-04,753.7154922511222,767.4396424545138,751.8423130983749,754.3089599609375,1934032.0
2013-10-07,754.8280801965882,778.0849272587436,751.230146279602,775.1361083984375,1993878.0
2013-10-08,772.6325068255039,778.1963510897298,762.8216128843911,764.6390991210938,1828106.0
2013-10-09,762.4322085935954,778.0665764534591,758.5746004284575,775.5443725585938,1775858.0
2013-10-10,774.4869753324069,778.1962041414702,766.7903255536006,771.5195922851562,1164320.0
2013-10-11,780.0508441348439,793.0331453924376,772.4097963145786,787.116943359375,2284448.0
2013-10-14,789.1382317267735,825.303203568541,788.2109247564717,820.7593994140625,4374460.0
2013-10-15,829.0126171746116,837.8591638761229,816.4012395531634,821.7424926757812,4665092.0
2013-10-17,827.1580207454404,827.1580207454404,777.3430599496162,782.0723266601562,6687214.0
2013-10-18,780.7186428651326,791.475408409534,764.6762252859821,786.5977172851562,5346166.0
2013-10-21,788.2113233632801,789.3055280301228,760.3921001857526,768.4225463867188,3685372.0
2013-10-22,774.4870718293504,781.7756711243426,770.3513174148896,774.9878540039062,2044614.0
2013-10-23,774.6726731779917,780.0510565924427,758.964093433591,764.5278930664062,2455496.0
2013-10-24,757.4246277332429,772.391404274029,742.5320629461215,745.0728759765625,3617758.0
2013-10-25,741.4676225431856,770.0856711325716,741.4676225431856,768.506103515625,2527402.0
2013-10-28,768.5991866040198,776.7014592332388,762.8570106350763,767.0939331054688,1803942.0
2013-10-29,767.4841268198343,775.2147356879522,761.1286983301425,769.2681274414062,1829076.0
2013-10-30,769.4354183581571,780.492393938959,769.4354183581571,777.50048828125,2114874.0
2013-10-31,776.4040356170999,791.2705561650578,772.8360343903738,784.9708862304688,3523076.0
2013-11-01,784.2089880781259,796.0836036599466,777.1845931531176,779.6004028320312,1346480.0
2013-11-05,780.492117916335,782.3504324828025,755.1075227907863,758.9356689453125,2261286.0
2013-11-06,766.7409236806938,781.811879518684,765.2728726821397,777.1846923828125,1667750.0
2013-11-07,780.4922840193306,798.3878208077026,773.1705412168516,788.6502685546875,1956948.0
2013-11-08,791.6421838105529,792.2925940554677,769.7883814338093,777.0916137695312,1609346.0
2013-11-11,776.7757704069822,795.3589228090632,761.9092484853176,778.5039672851562,1961138.0
2013-11-12,779.3214505677059,788.5572199294921,772.6872309762374,775.7162475585938,1000682.0
2013-11-13,780.1019614870269,782.796517980679,759.5490267637512,761.5374145507812,1208338.0
2013-11-14,770.0857208094884,770.0857208094884,751.446812653351,753.0635375976562,2129704.0
2013-11-18,760.4225252453828,765.5886048352648,755.3121588122821,759.67919921875,2831602.0
2013-11-19,761.8906597885255,763.7675763597935,751.2053469805721,754.4388427734375,2077864.0
2013-11-20,760.738270180862,761.8718149123231,749.6441406339778,752.0971069335938,1658696.0
2013-11-21,751.9486841041156,756.2228092899079,735.8928580755326,738.3458251953125,2302882.0
2013-11-22,739.9812174550086,747.4144793078967,737.7883961346006,743.64208984375,1494494.0
2013-11-25,746.2992576524276,753.305095693539,740.7614702225383,748.25048828125,1950998.0
2013-11-26,744.4780156610958,749.4397067671205,738.4942514843204,740.984375,2047412.0
2013-11-27,746.6709971635221,748.4177951864806,734.0344546530393,738.2899780273438,2120978.0
2013-11-28,740.7613687578084,742.0436330739504,732.1759642407668,737.6022338867188,2805722.0
2013-11-29,740.3524772627406,748.7892067225001,736.5615339303829,744.9425048828125,1924812.0
2013-12-02,741.4676262128157,751.130863446667,741.4676262128157,748.4920654296875,1253260.0
2013-12-03,749.2911804079105,758.9358167384441,748.9195174222403,751.0565795898438,1449184.0
2013-12-04,750.7219827182606,755.0704209752505,740.9658305284655,743.344482421875,1519036.0
2013-12-05,749.2725159875771,755.7952189841814,737.026239789056,738.550048828125,1397190.0
2013-12-06,739.9809552802686,747.0425515385936,739.9809552802686,743.4374389648438,1446962.0
2013-12-09,754.104333905615,754.4573956580593,743.3261053776392,745.128662109375,1826340.0
2013-12-10,743.325943764254,776.4039482617633,743.325943764254,774.0810546875,3653334.0
2013-12-11,772.6873837824578,775.6049746532825,759.3075156650126,764.9010620117188,1556062.0
2013-12-12,760.0507814058199,767.1123779078788,752.6546791535445,754.0670166015625,1655964.0
2013-12-13,757.430513837889,760.0507558626739,741.4676077975719,743.9949340820312,3463350.0
2013-12-16,748.4179514044257,758.1183944162947,745.240259184184,750.4435424804688,2858500.0
2013-12-17,755.070299452226,767.7997984868218,754.4756479168312,760.1806640625,2995474.0
2013-12-18,758.1924651777787,769.7140173446959,757.4491392315259,764.0647583007812,1587990.0
2013-12-19,771.5538901095275,784.2090351032346,766.6107533994186,773.6166381835938,2161986.0
2013-12-20,776.0693781920077,791.6420182176072,775.233136623468,788.1298217773438,1965812.0
2013-12-23,791.6234933953767,796.640943291304,779.7302788272528,783.8557739257812,1321224.0
2013-12-24,787.8511633831156,791.2704444789135,782.0717861882357,784.468994140625,870156.0
2013-12-26,786.067310241782,786.8106363034764,777.314627717722,780.6038818359375,2297194.0
2013-12-27,783.0939465743701,806.4715131455658,782.3506205690787,803.0336303710938,2479946.0
2013-12-30,806.5089006781766,808.4601318894947,797.8491325831909,801.32421875,1668776.0
2013-12-31,802.8291538224946,812.0649234482673,799.4097821805276,807.2705078125,1245776.0
2014-01-01,810.2624654824701,811.8977462316254,799.4842395082347,800.3018798828125,529952.0
2014-01-02,805.0218307572574,813.5700773442458,801.3609149454512,805.3934936523438,1726948.0
2014-01-03,804.5386249432305,828.4737690589924,798.0531257803804,825.9092407226562,2618174.0
2014-01-06,828.4366186339594,834.0115622317653,816.5434056253067,832.3762817382812,2311810.0
2014-01-07,832.525103498189,838.6389415793967,817.2869208002311,819.9442749023438,2897486.0
2014-01-08,822.1185305437962,834.0117461755328,821.3752045668126,829.7933349609375,2550020.0
2014-01-09,828.3438836058633,838.2858685240717,825.8723610335597,833.2498168945312,2582206.0
2014-01-10,839.958475005689,858.4673126467867,830.6668989547411,847.7261962890625,3369334.0
2014-01-13,849.2497568900478,886.0443853067283,849.2497568900478,880.3765258789062,3814316.0
2014-01-14,881.5847201283308,886.3420251299208,862.2582422840335,864.7669677734375,2974964.0
2014-01-15,870.6019360133229,883.8888876499655,864.8597610760029,874.7460327148438,3048854.0
2014-01-16,884.5578419435932,884.595044534684,864.1163792096027,873.5194702148438,2997962.0
2014-01-17,854.0817950780906,854.0817950780906,819.907391529693,822.509033203125,7564756.0
2014-01-20,824.7016455107191,873.4081027499808,823.4194262308861,869.0224609375,6010558.0
2014-01-21,867.461521648195,869.4127525773522,845.5706052334394,847.5032348632812,3132282.0
2014-01-22,850.0302114203763,853.6539245100839,841.4819651574761,845.1799926757812,2384030.0
2014-01-23,842.9686785667776,846.1649251351832,831.5214428441275,837.152099609375,2290762.0
2014-01-24,834.0119906521509,848.5997672266147,830.6670227752037,835.7587890625,1850266.0
2014-01-27,828.795945378027,841.2688403331771,826.5992629249155,830.1363525390625,2532948.0
2014-01-28,831.0299609812017,836.9313525747598,817.6635208181392,823.7138061523438,2852166.0
2014-01-29,834.0084237241753,834.0084237241753,820.977042103485,822.7642211914062,1698076.0
2014-01-30,818.389601681628,829.1684003813596,815.392364991099,825.6685791015625,2225250.0
2014-01-31,828.4610876597637,845.1040109175518,826.9345175214647,834.399658203125,2174246.0
2014-02-03,827.3070212083996,835.5912611822462,815.6904871553612,817.0494384765625,1362480.0
2014-02-04,809.4353302851929,809.8076556441097,786.3697924802443,801.002197265625,2694166.0
2014-02-05,805.6372385624793,819.1153918299223,796.7758811436516,817.0303344726562,1853650.0
2014-02-06,811.66887415509,815.3548569943546,798.6374931480128,809.9003295898438,1922652.0
2014-02-07,815.3923137027291,817.2539399897216,793.4251235162171,798.4142456054688,1990912.0
2014-02-10,798.2654211030648,798.2654211030648,776.3354979000037,779.4816284179688,4019270.0
2014-02-11,781.882995454642,791.7496142068078,780.393694510919,782.5159301757812,3568786.0
2014-02-12,788.5849318227912,790.669989721023,780.0214505046022,783.9122314453125,3074348.0
2014-02-13,784.4894553275575,796.1804341063838,780.5800394372209,794.4491577148438,2094350.0
2014-02-14,795.9941218076349,813.4375962657259,792.3454070490246,807.1638793945312,1910062.0
2014-02-17,804.2226949545395,813.9031533197331,799.4569126563431,806.2332153320312,1670394.0
2014-02-18,806.0842787019653,815.7647365524277,802.6775385490993,806.4566040039062,1526916.0
2014-02-19,807.9460027615844,824.7006433718476,805.0604813231502,818.3524780273438,1072918.0
2014-02-20,821.3495701960998,827.3067746943489,812.7116418535838,815.150390625,1587924.0
2014-02-21,818.3710283426497,823.9559079719216,815.6716698551683,821.2379150390625,1717860.0
2014-02-24,820.6049333918342,821.0703400010627,807.9831425094463,810.88720703125,2450424.0
2014-02-25,815.0202400885415,818.9296564982856,811.6693117373324,814.9829711914062,3305374.0
2014-02-26,816.8819410553893,817.2542664615221,810.6082216021484,812.4698486328125,3859712.0
2014-02-28,804.5948901096308,848.9015962285785,804.2783772774637,847.3192138671875,3988192.0
2014-03-03,845.8485487532424,855.9757777040286,829.5406840907245,834.0272216796875,1606078.0
2014-03-04,831.4766835042042,839.2210664499676,828.051309576188,834.25048828125,2030332.0
2014-03-05,839.5378245564842,851.2288038071043,834.9582047201873,838.4393920898438,2302006.0
2014-03-06,838.7931979804463,841.4552878631248,831.0859905443832,834.2880249023438,1314562.0
2014-03-07,836.0563357915743,837.7504338325073,801.5418038366353,829.726806640625,4698472.0
2014-03-10,829.5778350924694,829.7267288162863,794.9143217512996,797.7625732421875,3829768.0
2014-03-11,802.3610346314,810.7941664545236,790.074299530316,801.1137084960938,2550254.0
2014-03-12,801.6164297755569,815.2993855555159,801.6164297755569,811.4644165039062,1669788.0
2014-03-13,799.7733602075459,819.8602914945068,795.6033351246678,800.3318481445312,2019884.0
2014-03-14,797.1485571792039,804.4089013478141,790.9307421480861,796.6087036132812,2161246.0
2014-03-18,795.1006098683436,801.1695299171031,783.4654452425483,790.07421875,2565842.0
2014-03-19,772.5748992997746,772.5748992997746,749.5093680765278,759.3201293945312,8652662.0
2014-03-20,758.79864506698,790.4090134991471,748.8948053057317,784.9358520507812,5728956.0
2014-03-21,791.1912015081853,798.6377069341447,776.2981906562666,791.9358520507812,4680776.0
2014-03-24,795.6404622500177,803.4592928679681,791.6193311808413,801.4674072265625,2183014.0
2014-03-25,798.26557142204,808.6906814965816,793.0530163847693,799.252197265625,2249968.0
2014-03-26,799.7731880392512,803.6639683160629,777.2475127633087,779.4628295898438,3192350.0
2014-03-27,782.2366873692097,787.4678751214728,768.8702477400366,779.7421264648438,5012476.0
2014-03-28,780.766082810833,790.3907272969312,774.4551877320063,782.6649780273438,2971162.0
2014-03-31,783.3724012524575,798.6191035246451,775.1812449655972,794.2256469726562,2683268.0
2014-04-01,798.6379167716773,813.5309315366503,798.6006478748656,810.4406127929688,2755932.0
2014-04-02,815.3922198235557,819.8601223979314,804.6134230428165,808.783447265625,3763016.0
2014-04-03,809.0068795996287,812.413618956266,799.6056679228892,806.642578125,1581194.0
2014-04-04,808.6903221535191,814.275200068944,793.0526639903295,796.3477783203125,1694656.0
2014-04-07,793.0901542162884,806.4379616196223,789.5902418726612,801.9142456054688,2594986.0
2014-04-09,801.243997372899,804.9672501487953,783.744709326186,796.9249877929688,3350500.0
2014-04-10,796.9251430754034,799.9968272140417,787.5425624318755,791.6195068359375,2152886.0
2014-04-11,788.584735159159,809.770001646566,781.8828818858517,805.7489624023438,2340742.0
2014-04-15,812.0413996499938,840.7104449379578,809.4537572487519,838.7557373046875,3597244.0
2014-04-16,842.9445035012608,842.9445035012608,813.232925524759,817.7380981445312,3475910.0
2014-04-17,826.5621996841735,829.1684768903848,797.7814346413496,827.6419067382812,7681438.0
2014-04-21,826.562236821516,835.0884505621666,823.3230246139201,827.2138061523438,1842594.0
2014-04-22,831.7560850057807,837.6946553554849,826.524896365547,826.953125,1486274.0
2014-04-23,830.8065508822679,835.4606166439095,819.5251681958263,824.2350463867188,1938992.0
2014-04-24,824.2350463867188,824.2350463867188,824.2350463867188,824.2350463867188,0.0
2014-04-25,829.168387229339,832.1469894286362,816.5837747573636,821.0703125,3160448.0
2014-04-28,821.0703044418473,827.5673622453556,811.7063602295967,815.89501953125,2550766.0
2014-04-29,813.9029263273328,821.4797808714632,810.5147304845669,816.974609375,1846180.0
2014-04-30,813.5680033181571,821.200671535925,812.0414333147131,815.094482421875,2397378.0
2014-05-02,812.1345499383638,826.5248862341131,812.1345499383638,822.2617797851562,1917778.0
2014-05-05,823.1363580115186,829.9126567236276,820.660341530384,824.216064453125,1314478.0
2014-05-06,824.2164257866206,827.1578499372131,815.3923351342901,818.7059936523438,961232.0
2014-05-07,815.7834192967678,820.2326887384382,796.8134622196914,806.2891235351562,4716182.0
2014-05-08,806.1213889359557,812.339202074668,799.6242409760328,804.9857788085938,2606900.0
2014-05-09,801.2442127512871,813.4192344212289,801.2442127512871,804.185546875,1799440.0
2014-05-12,801.6163499025065,806.7171881989492,790.502403628732,803.9806518554688,2886064.0
2014-05-13,806.3819363913119,833.6361228531067,806.3819363913119,823.1923828125,2547484.0
2014-05-14,824.4769597355827,833.1521558459017,819.5251068556123,825.1099853515625,1389228.0
2014-05-15,825.1100004515151,828.4236587265347,808.3739081992663,816.5650634765625,2520196.0
2014-05-16,819.1340459807872,838.997540170846,781.9759741318277,804.5016479492188,5241798.0
2014-05-19,800.4995461096387,804.2227998124742,744.464577881964,758.3150634765625,6516606.0
2014-05-20,755.0756932752253,804.2226318907725,755.0756932752253,770.0431518554688,4702114.0
2014-05-21,767.4369052908178,777.7875670145677,765.4263849911234,775.497802734375,4116946.0
2014-05-22,780.6728893054393,790.8187513460132,772.612084814739,786.3322143554688,4216842.0
2014-05-23,788.9573979523348,800.1271581876204,780.3939151052825,792.2710571289062,3094780.0
2014-05-26,800.1272037545065,807.797142579432,794.393429533754,801.9888305664062,2650850.0
2014-05-27,804.2783680700708,813.3817933293992,788.5848948372352,793.5926513671875,1795094.0
2014-05-28,796.7758697044826,803.7569666937159,790.2415447426202,800.7039184570312,1887488.0
2014-05-29,798.6376134474867,811.6689964174924,794.9888080359424,804.203857421875,2820710.0
2014-05-30,803.7758052935707,806.8288543057381,793.1086318447105,797.2787475585938,2585648.0
2014-06-02,798.2653754654186,803.3848479060201,787.8589023933772,792.9970092773438,1095158.0
2014-06-03,792.9970838753843,796.0314987384654,783.8192106059363,792.5316772460938,2484628.0
2014-06-04,793.0528086367528,794.8771660619908,773.3195697364017,777.8805541992188,2141062.0
2014-06-05,775.5906063226514,787.9889618971448,769.9684598353467,783.427978515625,4348470.0
2014-06-06,789.4425649605196,792.3182412425834,772.8466962036704,783.4658203125,3361586.0
2014-06-09,784.4997596477297,796.1526070598426,781.8684715224139,794.5738525390625,2666196.0
2014-06-10,795.0248384236172,812.2973455186494,795.0248384236172,811.2448120117188,2628068.0
2014-06-11,813.8196499660884,832.2386628290622,803.7455592703014,829.5885620117188,3544562.0
2014-06-12,845.3951691399542,847.2746604008255,820.886621452598,841.0159912109375,2734338.0
2014-06-13,841.2602738305807,841.6361720762601,821.356480076261,832.069580078125,1904022.0
2014-06-16,830.7353258012137,855.9017011401924,830.7353258012137,853.1952514648438,2439906.0
2014-06-17,858.8900343868199,863.4384407661979,853.6650844492971,856.9918212890625,1918144.0
2014-06-18,861.9346347625416,861.9346347625416,834.9827502331817,837.1441650390625,1948824.0
2014-06-19,838.253099611368,860.4310964172294,830.7727611263402,855.563232421875,1896354.0
2014-06-20,858.889687080742,864.1898879566587,850.2816557450901,861.7089233398438,1155674.0
2014-06-23,861.9344711353773,864.5281317012499,847.2932563233063,852.8565673828125,1262734.0
2014-06-24,852.9130318891074,871.8958913471946,847.6504569898357,867.9677734375,1479100.0
2014-06-25,868.3248538437131,872.0838358949845,861.9345843565515,868.5316162109375,1028422.0
2014-06-26,863.0623505760709,881.1618139457596,861.2392074211377,867.4415283203125,2036182.0
2014-06-27,870.9562744052865,904.749491502702,870.2044778801202,901.9866943359375,3058836.0
2014-06-30,902.3625964791086,915.3122733263824,893.3598514059321,911.70361328125,2146470.0
2014-07-01,909.2600243485624,909.297650873443,895.5022067280291,898.6785278320312,1092790.0
2014-07-02,902.1556062984537,906.5724097876232,895.9532865051518,902.757080078125,907740.0
2014-07-03,901.7798376326951,919.0711559032678,899.1485500697819,908.88427734375,1526762.0
2014-07-04,906.8168310434386,911.7411344441554,902.5316280356286,906.1026611328125,536136.0
2014-07-07,909.6925597544671,938.9938093912737,906.0650866525667,935.4415893554688,2204902.0
2014-07-08,934.0880359032365,934.5390953029593,914.6541210174837,920.74365234375,2500588.0
2014-07-09,928.4684009340697,929.4644942910467,895.2390422410214,901.4600830078125,1554242.0
2014-07-10,901.9866160667631,909.5233939319658,877.7223669681209,884.0374755859375,1990562.0
2014-07-11,891.2547237023851,905.9147550074855,887.5333678491336,900.0695190429688,1329446.0
2014-07-14,909.222343619646,916.8154668934746,896.6109439965808,912.0227661132812,1587924.0
2014-07-15,912.0043882499756,913.4328200678644,899.8065074228191,901.8927612304688,1389656.0
2014-07-16,905.7827616518016,911.1769357483824,897.2123589410681,902.850830078125,1407240.0
2014-07-17,905.91475249186,913.3575559497261,892.7583141776628,895.3707885742188,1790220.0
2014-07-18,921.7024805596072,934.1071224268451,915.3122105067878,917.6427612304688,3507488.0
2014-07-21,927.7168301702815,928.4122786034912,918.3381877010452,926.1192626953125,981072.0
2014-07-22,926.5892369255479,954.7816072174003,925.4239155780025,951.9247436523438,2399016.0
2014-07-23,954.781184419331,975.9442660346788,951.8867873721445,972.1288452148438,2065858.0
2014-07-24,975.4181570150706,978.0870708195033,964.9306344326153,975.5309448242188,1481418.0
2014-07-25,975.0795965896485,982.7291590465553,964.9303486683223,979.4963989257812,1806914.0
2014-07-28,985.7696977764497,994.3760338610518,977.2972753848305,990.4171752929688,1314922.0
2014-07-30,988.6957913247822,998.3348679243508,984.0292638757948,992.616455078125,1899252.0
2014-07-31,984.9858357870743,993.7451377924723,982.7481506055848,986.8792114257812,2407210.0
2014-08-01,984.9474792993695,989.9008858095785,960.0847273947253,962.53271484375,2381882.0
2014-08-04,968.4997562024843,972.2865069948817,951.6695866634205,966.223876953125,1828636.0
2014-08-05,973.4340756930752,973.4723634345306,952.4729380172829,965.3250122070312,1404656.0
2014-08-06,962.4372542380545,969.5901526458613,952.5304395154764,958.803466796875,1837562.0
2014-08-07,952.4342590735488,954.3467776660659,940.5957876628069,944.7077026367188,1672656.0
2014-08-08,942.8716562647281,959.204546197324,942.8716562647281,948.1119384765625,1464790.0
2014-08-11,952.7785757870631,954.5572742969531,939.0467281950387,944.1722412109375,1290896.0
2014-08-12,952.3963261805109,952.3963261805109,933.3859029651484,945.4539184570312,984552.0
2014-08-13,944.7843075407181,967.7345336348246,944.7843075407181,956.278564453125,2768378.0
2014-08-14,961.6147427242724,968.4998124812482,952.453793585688,956.1640625,1578056.0
2014-08-18,952.8362211499538,958.1721311073185,944.7844965409487,951.5166015625,1373260.0
2014-08-19,956.2595188312167,958.1337501342384,931.3967713416051,932.7355346679688,3234156.0
2014-08-20,935.030574262114,939.0660081808111,929.5034128212067,931.8557739257812,2056758.0
2014-08-21,935.9867131070331,940.9592620528408,929.4841491009769,930.4212646484375,2265450.0
2014-08-22,934.8391776853761,944.0957498840429,931.7026655697558,942.5657348632812,3096238.0
2014-08-25,944.7845634843538,967.1610399879306,943.5987641277064,964.6939086914062,3143512.0
2014-08-26,967.3521953433294,975.3847758503322,956.2595841669922,969.188232421875,1815490.0
2014-08-27,969.2646833122778,982.040273591629,961.6337507532002,975.3656005859375,1435460.0
2014-08-28,974.2372760088374,975.1170535137451,961.2321455085231,964.80859375,1766288.0
2014-09-01,965.9748804977019,979.2095468836815,965.0760527647807,970.4692993164062,810148.0
2014-09-02,973.7784285796359,977.2209636134659,961.6530738596496,970.756591796875,1407940.0
2014-09-03,971.17734486101,1000.630143425129,971.17734486101,996.9580688476562,3061690.0
2014-09-04,1002.9249633234144,1005.0095903558961,985.8844003611705,988.6766967773438,1701598.0
2014-09-05,994.4718507716211,1002.8487421999613,988.0267160970867,993.9746704101562,1467060.0
2014-09-08,999.1001064344872,1013.6352534653105,994.1467000048771,1010.8429565429688,1697342.0
2014-09-09,1014.4002732519299,1020.1378313585585,1004.11095640127,1006.4633178710938,1418098.0
2014-09-10,1009.0451913923984,1010.8620847430859,991.1439919128877,994.5673828125,1258768.0
2014-09-11,998.3349773960751,1003.8429950898887,991.2586566750684,993.8788452148438,1075622.0
2014-09-12,998.3350861785665,1003.8240539871194,991.9090025790913,997.4171142578125,1196210.0
2014-09-15,999.8648903113593,1001.6244450697709,976.9146632957963,978.5594482421875,1151544.0
2014-09-16,981.5051023699398,984.9476378030378,973.0900157557003,975.710205078125,1535608.0
2014-09-17,979.592323731304,996.3268665517821,979.592323731304,991.1439208984375,1657700.0
2014-09-18,991.3352691110973,1014.3237892353973,987.2424963463912,1010.6900024414062,1483078.0
2014-09-19,1010.9575211765596,1048.0603889609433,1010.575017384968,1038.1917724609375,3587864.0
2014-09-22,1038.1154503124324,1045.7655273228409,1023.6759299552864,1041.0989990234375,999584.0
2014-09-23,1041.940358919965,1064.2976875186723,1026.3724728215627,1028.2467041015625,2055990.0
2014-09-24,1030.0829578389555,1035.4188683346235,1007.0370988676234,1010.957763671875,2442132.0
2014-09-25,1017.8239227238923,1042.3233207378191,1017.4605626284767,1036.05029296875,2473158.0
2014-09-26,1036.5856046719275,1042.2848756241594,1021.3237358906187,1026.6405029296875,1612712.0
2014-09-29,1031.0006742389376,1061.620121187382,1023.3124041203946,1058.7513427734375,2089534.0
2014-09-30,1060.6642152223583,1062.0794610346454,1035.8779427879758,1046.76025390625,2788954.0
2014-10-01,1052.6504850355243,1071.7756755339894,1046.9129278859848,1061.6776123046875,2142022.0
2014-10-07,1047.9076099632343,1086.1961902363068,1042.5525559347154,1044.751953125,3457674.0
2014-10-08,1047.295082784619,1048.0409462886273,1013.3478809595149,1026.3338623046875,1962442.0
2014-10-09,1035.820204491509,1041.672530823074,1027.5963734735742,1035.0743408203125,1685176.0
2014-10-10,1035.0553542495509,1043.2600426489746,1020.7114607593963,1024.5364990234375,2344362.0
2014-10-13,1025.1102863497035,1042.246476977569,1021.2852479678015,1039.0908203125,2209532.0
2014-10-14,1044.2352357193515,1046.4154884136929,1024.6510624296877,1032.4541015625,2369406.0
2014-10-15,1032.4541015625,1032.4541015625,1032.4541015625,1032.4541015625,0.0
2014-10-16,1044.2353319176502,1055.1749775106725,1019.0857080811719,1024.3834228515625,3848014.0
2014-10-17,946.6971844543676,960.601239042575,929.4845083733792,933.7493896484375,9892812.0
2014-10-20,952.4349334469224,953.8119851624376,924.8755023383028,926.9219360351562,3399242.0
2014-10-21,927.897143344533,934.7439259495088,923.746938585397,930.7849731445312,1950732.0
2014-10-22,950.5220054650217,952.0520207655691,935.2601401959514,937.842041015625,2067664.0
2014-10-27,963.5271622912486,963.7948962993388,935.2027345759284,939.8692626953125,2797208.0
2014-10-28,950.4839186499665,950.4839186499665,938.4541894834117,948.07421875,2289958.0
2014-10-29,948.6106431544912,963.5584472284407,947.8440890994168,960.5114135742188,2425016.0
2014-10-30,966.5482017842908,986.9001594878314,961.6422362287249,980.4994506835938,4111292.0
2014-10-31,981.5721865294782,1004.1855246806845,981.5721865294782,999.5287475585938,3170070.0
2014-11-03,1015.3006275686672,1015.3006275686672,989.0461568293491,992.8214721679688,2541632.0
2014-11-05,1011.0847785481583,1011.0847785481583,992.6874815920129,996.32861328125,2310642.0
2014-11-07,998.3597537559153,1002.5374348123809,980.0390980115187,986.1140747070312,2126740.0
2014-11-10,986.977057951703,989.6216329418506,977.7400409119524,984.8881225585938,1541964.0
2014-11-11,988.0879736876435,994.2204048664653,979.4258772181685,989.122802734375,1249940.0
2014-11-12,988.8546495942654,1000.7362364692353,986.9382646144317,993.358154296875,1320582.0
2014-11-13,994.6042953122113,998.3987020152036,983.16343390782,992.0938110351562,1645540.0
2014-11-14,990.847310163237,1000.7933258692424,986.9379049437811,998.991943359375,1457174.0
2014-11-17,994.6421720742098,1006.102116852006,993.549795203662,1003.5341796875,1570552.0
2014-11-18,1004.1857348464006,1006.7344894539256,988.7588356755732,991.0968627929688,1467026.0
2014-11-19,995.7539426754493,995.7539426754493,980.2120369801885,986.45947265625,1865746.0
2014-11-20,991.9206621899352,1000.4485736017305,981.3997295224361,998.6088256835938,1795386.0
2014-11-21,999.5864334099356,1011.8512976235544,991.4034318880166,1005.009765625,2001594.0
2014-11-24,1004.9524645048994,1021.4333783011277,1004.9524645048994,1018.6354370117188,1942766.0
2014-11-25,1019.5171322627206,1026.9526709107195,1002.6529390974725,1010.3184814453125,2371684.0
2014-11-26,1008.0378986842702,1018.1181045601278,1002.2695599400861,1006.98388671875,1584800.0
2014-11-27,1006.9839530210648,1022.5833124231626,1006.2173988138511,1016.9491577148438,1732418.0
2014-11-28,1018.8846221092948,1031.7434927678294,1010.0692496234907,1013.0012817382812,1989768.0
2014-12-01,1015.8754221431232,1034.8476286687162,1013.8632184207117,1032.1455078125,1896354.0
2014-12-02,1032.1649648654516,1039.0447683265193,1015.4349611821924,1018.4819946289062,1436572.0
2014-12-03,1024.0779152236164,1024.6528308001648,1003.610958127895,1010.0692138671875,3094670.0
2014-12-04,1021.0499980425807,1022.1998291214575,1007.9802140166175,1011.0656127929688,1285308.0
2014-12-05,1012.196263626354,1015.6074853122713,985.8459680083515,988.4522705078125,2359676.0
2014-12-08,994.6037999144808,994.6037999144808,958.8248550777586,963.0984497070312,3232574.0
2014-12-09,964.3248863731898,980.8057965933994,961.6803126277117,963.8841552734375,2487940.0
2014-12-10,963.9420082516594,970.41935449599,956.7363792963465,961.220703125,2087970.0
2014-12-11,958.422726221926,966.9697304481685,953.2101203819101,955.1839599609375,1938822.0
2014-12-12,958.192635594084,965.8581766788367,928.5461180194031,939.2970581054688,2380786.0
2014-12-15,914.0772563425955,914.1156214710026,901.5633000440946,904.0162353515625,3487788.0
2014-12-16,900.7008668563457,942.5738752410502,898.7844820332471,936.3648071289062,3339140.0
2014-12-17,940.3317964201343,946.6942323340427,921.8770454742737,936.7673950195312,2287076.0
2014-12-18,940.9837091221208,946.1195851792043,933.2031647525104,943.1300048828125,1481444.0
2014-12-19,947.1928223306558,967.2956897688495,945.9279890438912,962.2364501953125,1903130.0
2014-12-22,968.1577580849365,969.3075891515457,948.3806263098618,963.3284301757812,1643954.0
2014-12-23,958.19231165099,972.2393735104063,956.122653687211,964.593017578125,1266476.0
2014-12-24,963.9417702337248,966.1839783811625,945.0270105931789,950.4887084960938,3288972.0
2014-12-26,952.8265025612836,962.0251494082148,944.777686570219,960.1087646484375,626206.0
2014-12-29,961.2590567379002,972.3549111063551,960.8757796020399,966.9698486328125,778920.0
2014-12-30,967.774332522603,974.4624968188064,964.3248398522254,969.7098999023438,701342.0
2014-12-31,970.7256860794192,983.6421028886923,967.7744717515484,980.5184326171875,1573792.0
2015-01-01,983.8722757228094,983.8722757228094,973.9070715277205,975.6510009765625,366830.0
2015-01-02,977.7398891450388,993.0517906856655,977.5866157333387,988.6441040039062,925740.0
2015-01-05,989.237674226208,996.4815701725985,967.6399835838646,973.619140625,1754242.0
2015-01-06,969.3460028899777,969.3460028899777,935.195981069872,937.7256469726562,2423784.0
2015-01-07,946.6940852370603,950.2010319695805,922.72009282537,926.648681640625,2636332.0
2015-01-08,936.1156388100554,938.6453042541788,927.741093117494,936.6522827148438,1565408.0
2015-01-09,940.9451283922335,965.8197707317379,939.0287432020253,962.9069213867188,3197642.0
2015-01-12,964.7083415898724,968.9243891693275,950.6229099039654,961.910400390625,1596006.0
2015-01-13,965.858340179905,969.8443847893366,950.5656205564627,957.3878784179688,1468432.0
2015-01-14,964.3251718529508,970.3809686738834,958.3843768753194,966.6056518554688,1787096.0
2015-01-15,970.8406837052605,989.525438277164,967.1037327908799,973.1787109375,5009920.0
2015-01-16,974.9416996688902,975.4399784904788,952.1750829834191,970.5148315429688,5293830.0
2015-01-19,971.9904329154843,977.7395876843062,959.3422924240763,962.4085083007812,1135074.0
2015-01-20,965.8580130548769,969.6907829479518,951.7725836978266,958.3649291992188,2058566.0
2015-01-21,966.6248481405133,966.6248481405133,953.6892459895449,963.4819946289062,2310480.0
2015-01-22,964.5168181592135,966.3373843766807,956.4679990925163,963.3861694335938,2113214.0
2015-01-23,963.5587990185228,970.4769706060541,956.6981751502282,959.57275390625,3150380.0
2015-01-27,964.853133515318,965.8708127719876,956.0969101781958,960.8974609375,2738736.0
2015-01-28,961.2620081065529,977.3534121282954,961.2235662072106,975.3180541992188,3121980.0
2015-01-29,974.7036522801843,986.4937840895026,965.0641105709108,977.2575073242188,3734392.0
2015-01-30,983.4213908448055,988.9132384551698,948.5886209647648,953.2163696289062,5817402.0
2015-02-02,953.1969763442276,968.3474897100449,945.5353191583911,965.5631713867188,3181802.0
2015-02-03,964.5841623326148,985.0729490899158,962.8368369831805,982.4806518554688,2345054.0
2015-02-04,986.2251368223539,987.6460810788642,960.9166710102259,965.6019897460938,2245418.0
2015-02-05,967.7908381262655,995.3267729827105,967.4067941428821,980.2338256835938,4530168.0
2015-02-06,980.4644747784702,996.5175350683181,979.638817562532,989.2014770507812,2136416.0
2015-02-09,983.7286619832158,986.6474337569127,960.1099570400311,965.0640869140625,2076432.0
2015-02-10,963.9505018026892,970.1912172028062,934.3791119067502,937.509033203125,3799054.0
2015-02-11,942.8470379839634,955.2132333697244,939.8514766766742,944.7095947265625,2937522.0
2015-02-12,952.3522236034071,952.3522236034071,939.755563057922,945.5737915039062,3107980.0
2015-02-13,948.5889712868507,978.4484014559004,944.8445411370342,974.9920043945312,4158326.0
2015-02-16,983.1526915020494,996.594232206179,981.2324714014595,992.677001953125,2364392.0
2015-02-18,992.7728159946297,1015.028143792919,985.1687271527754,1012.2053833007812,2660014.0
2015-02-19,1012.3399135333974,1032.0413881141724,1011.9558695601297,1029.64111328125,2618002.0
2015-02-20,1036.4580766883607,1036.4580766883607,1014.7403674158707,1027.529052734375,1801588.0
2015-02-23,1025.7815111758857,1045.3677549310223,1025.7815111758857,1035.6322021484375,1614892.0
2015-02-24,1034.6145688610604,1048.4401533001837,1028.8539086780925,1038.7430419921875,2199922.0
2015-02-25,1040.7590670396355,1045.3675942737593,1024.5716526340661,1026.2421875,1767994.0
2015-02-26,1028.8535061790844,1034.1341092809741,1008.2495904894492,1020.1932983398438,1991994.0
2015-02-27,1021.3459937610689,1027.6059309188934,1004.7745294736698,1022.4597778320312,2877376.0
2015-03-02,1029.1225415060685,1040.3558269065063,1018.695785895082,1025.1668701171875,2176038.0
2015-03-03,1030.0062991095551,1071.4830628320876,1027.759603570277,1066.1064453125,3424308.0
2015-03-04,1070.7149349693302,1079.970435146793,1042.9293072408382,1054.5850830078125,3862994.0
2015-03-05,1056.1211192667877,1064.0708122123908,1029.6413012285946,1035.5555419921875,2173514.0
2015-03-09,1013.8762747211057,1029.161246402764,1002.3549534174568,1016.48779296875,2883174.0
2015-03-10,1017.2941400460903,1028.5658692379204,996.6902164247971,1014.9130859375,3037052.0
2015-03-11,1014.6441864128915,1021.5377570423154,997.6694613953757,1001.0298461914062,2240200.0
2015-03-12,1007.6928791597725,1008.0769231083467,994.7122687065454,1005.830322265625,1827636.0
2015-03-13,1013.1083449793359,1013.8572122289678,988.9135664601175,991.736328125,1586838.0
2015-03-16,992.8305812918137,1002.3548917355499,980.080338585871,984.0360107421875,1556296.0
2015-03-17,991.793438502065,1001.087282755438,982.2883513373307,992.2542724609375,1267318.0
2015-03-18,995.0386870746042,998.3030607597497,979.9649615284918,982.9029541015625,1255170.0
2015-03-19,989.297206758546,1000.7609560725203,986.2632970837257,997.0740966796875,2448964.0
2015-03-20,996.9782264652949,1005.4271944861872,990.3919093533053,1002.7196655273438,1963908.0
2015-03-23,1004.6590949161023,1010.4197548640158,1000.8186549508267,1005.1007080078125,1566608.0
2015-03-24,1010.0356396031078,1012.7239473891236,991.6399709716644,995.1731567382812,2394878.0
2015-03-25,995.2118737835975,1003.8913082143183,977.4690545711372,988.4335327148438,2224858.0
2015-03-26,980.5795408957824,993.4065726898835,960.4940214159049,965.1409912109375,3091642.0
2015-03-27,972.0154398458113,987.722803167151,961.6846929440059,965.7939453125,2751776.0
2015-03-30,969.7111136189179,986.9546519567946,967.7908935919498,984.7463989257812,1339006.0
2015-03-31,986.7817832378958,986.7817832378958,968.1748712046931,980.8291015625,2427028.0
2015-04-01,982.38443102601,984.5351146654648,968.6548597167138,976.4893188476562,2075758.0
2015-04-06,982.3843978875841,984.2661756880817,960.1482912801898,978.275146484375,1568542.0
2015-04-07,984.093330831258,998.1301549561019,977.00773921059,992.7535400390625,1886922.0
2015-04-08,996.2099898291682,1020.2127363073189,995.0002889109608,1014.4136352539062,1652134.0
2015-04-09,1021.1729804397052,1032.0990133210694,1012.0134936749774,1023.304443359375,2544450.0
2015-04-10,1017.1406900773337,1025.7048913436345,1009.2677868692592,1019.1569213867188,1815544.0
2015-04-13,1023.0931090101911,1023.4771529700298,1009.2675264559994,1019.8287353515625,1308642.0
2015-04-15,1019.5217213305973,1042.2571103506612,1002.1245071040996,1009.1717529296875,2913934.0
2015-04-16,1008.8641935866733,1008.883414535517,987.5114071144548,991.90869140625,3217570.0
2015-04-17,982.0393531623392,983.1530437153607,948.5890695222425,950.4517211914062,9668742.0
2015-04-20,952.4484935040329,953.9270068843982,931.2492800607431,932.7662353515625,2890722.0
2015-04-21,932.7657046549551,941.6755030606475,922.0892670671349,932.0936279296875,2546032.0
2015-04-22,933.8029044930021,949.7407291018689,924.6050702479836,939.0259399414062,4186812.0
2015-04-23,949.3565421838437,952.352103423461,933.8795539130876,943.69189453125,4342990.0
2015-04-24,942.9429563380075,965.4863133184803,939.966616271095,957.4406127929688,3625158.0
2015-04-27,959.917894518495,967.7907958338097,954.7333009693854,960.1867065429688,2733052.0
2015-04-28,963.9502339640219,963.9502339640219,942.8662603748347,958.1895751953125,3088298.0
2015-04-29,953.9651191929,958.1896024099378,941.3108904903727,955.2324829101562,2019620.0
2015-04-30,952.4293711969154,956.2698122098062,932.1134757430299,946.16943359375,3738054.0
2015-05-04,956.653549869845,961.9533755221145,943.6728446521815,953.0243530273438,1890630.0
2015-05-05,960.4942736500343,974.1086179530168,960.110229558211,966.9654541015625,3255070.0
2015-05-06,965.8705596029519,965.8705596029519,943.1351759183211,945.9194946289062,3394406.0
2015-05-07,946.6299445327496,980.7522887853869,942.3286708191516,977.4879150390625,3205028.0
2015-05-08,983.1525744386191,993.9058057215415,966.3698715099196,970.5751342773438,3003664.0
2015-05-11,973.5514100840394,984.3238615986537,969.7109705965285,981.6163330078125,2573082.0
2015-05-12,983.1529201557839,985.0731407029632,965.1028470122989,968.9048461914062,2467386.0
2015-05-13,978.1602441522815,978.1602441522815,952.6020925974857,966.0244140625,1863774.0
2015-05-14,967.7910580205312,967.7910580205312,954.3495155480239,959.8221435546875,1309050.0
2015-05-15,965.8707579331244,972.5530867063729,960.4941413879699,964.3921508789062,1461454.0
2015-05-18,965.5251775868196,969.8072312133085,958.9964287775429,967.944580078125,4507752.0
2015-05-19,967.5603806410655,971.6312843961908,958.8618218641066,964.9873046875,1957722.0
2015-05-20,967.7911062179978,986.9548687931676,966.6005320354082,982.0199584960938,1897814.0
2015-05-21,982.0005655454764,990.8335780630931,978.6017384420074,981.4244995117188,1579578.0
2015-05-22,979.3123021643921,1009.5557703194689,975.1838287336991,1005.3888549804688,2691632.0
2015-05-25,1006.1950275284746,1012.6853319956494,993.022302881588,998.898193359375,982978.0
2015-05-26,1000.4343573510764,1007.4431585110216,994.2512130700707,1001.9129638671875,1961740.0
2015-05-27,1001.5867138209779,1011.2453825485067,995.4420100552051,1004.3710327148438,1620690.0
2015-05-28,1000.0122796498534,1007.3475586218175,991.6977633439528,1002.1629638671875,2763608.0
2015-05-29,1005.042862915645,1017.1786873775676,997.4579960671222,1002.4697875976562,4423532.0
2015-06-01,1002.1435928191147,1016.6029056145462,1001.7212006773424,1005.3311767578125,882264.0
2015-06-02,1004.6590980159054,1010.0357139838804,994.8659760742366,998.4759521484375,3935820.0
2015-06-03,1000.0502689951213,1008.3456543528225,994.8656765867365,1002.7001342773438,1804684.0
2015-06-04,1005.0814602726865,1007.270492038205,994.0977657850251,1000.68408203125,4131468.0
2015-06-05,1004.6959049661434,1011.2853457008752,996.168393427079,998.4359741210938,2308534.0
2015-06-08,1003.9206679116264,1003.9206679116264,992.9317686937028,999.0560913085938,1570320.0
2015-06-09,1001.9827142541,1003.9207852681311,988.8038313586882,992.931884765625,2578914.0
2015-06-10,994.6180528228035,1011.6730778906926,993.765320495884,1008.087646484375,2763350.0
2015-06-11,1009.9288730488713,1012.8359797646135,991.0326793965464,996.6724853515625,1847336.0
2015-06-12,996.9049335137731,1003.5137746191051,960.0428794891324,971.28369140625,2571456.0
2015-06-15,971.0896810848989,976.9619971942371,961.6706389714045,970.8958740234375,2525176.0
2015-06-16,969.0355191564863,976.5164922908493,966.8842413774839,973.6868896484375,1267396.0
2015-06-17,977.1755694275496,980.3345878581457,969.7333944099541,974.384765625,1975720.0
2015-06-18,974.8496761582097,986.9820190861755,972.1363768607514,980.6832885742188,2165046.0
2015-06-19,982.6017122113976,990.3539939645448,979.5395987718427,988.2415161132812,1999610.0
2015-06-22,987.2533054134685,1007.7968567236036,987.2533054134685,1004.5021362304688,1102002.0
2015-06-23,1007.796962361987,1010.8978760923316,995.0831971410988,997.9515991210938,898318.0
2015-06-24,1000.0447513566032,1003.1068660368734,991.8467479339009,996.284912109375,1170246.0
2015-06-25,993.0678143669577,997.3315715714997,986.148861413902,988.4164428710938,1930992.0
2015-06-26,988.4936409267355,1006.382091715341,988.4936409267355,1005.0060424804688,1290102.0
2015-06-29,996.9434588783711,1009.3471099997194,985.8576578357267,1005.0445556640625,1372756.0
2015-06-30,1001.9827062547835,1003.4362595037023,984.5400672677563,988.784423828125,1549952.0
2015-07-01,993.8039052943305,1010.8977275744355,991.0325019079517,1005.122314453125,1279708.0
2015-07-02,1007.7969011401658,1008.9403440822929,996.575489186637,999.1724853515625,1445880.0
2015-07-03,997.3508125792603,1011.6731394390963,996.1685702522902,1009.3086547851562,963470.0
2015-07-06,1000.1607362366091,1025.239350961251,1000.1607362366091,1020.7042846679688,1182338.0
2015-07-07,1020.4916448557599,1025.9763498666123,1008.960118339965,1014.0960083007812,1642836.0
2015-07-08,1007.0023488310828,1016.208186600956,1000.2384995855884,1005.897705078125,2667850.0
2015-07-09,1005.8590542780986,1007.1188006851906,971.6132948661937,977.7570190429688,3934122.0
2015-07-10,991.9049562266686,991.9049562266686,951.5930705496176,959.0934448242188,8263654.0
2015-07-13,959.5002220234558,976.2452323769563,959.5002220234558,972.7373046875,2280308.0
2015-07-14,973.29905407351,974.8495105515243,965.1591575639346,968.8414916992188,1703274.0
2015-07-15,969.4232441582708,988.3969428653592,969.0356299063083,986.7689819335938,2003660.0
2015-07-16,985.974142266604,991.8465537034416,979.3459967594322,984.6174926757812,1456608.0
2015-07-17,987.1757890728834,996.2072181785663,985.819139475148,993.9977416992188,1070526.0
2015-07-20,995.9788918193317,1003.7089552684897,991.2786414860332,1001.8638305664062,853786.0
2015-07-21,1000.6401791775318,1010.0989082465304,992.5216690742543,994.9688110351562,1274500.0
2015-07-22,994.8136644917529,997.9212432953194,979.2952118085981,982.0143432617188,1320628.0
2015-07-23,977.9159681486066,985.8209077519552,964.5145378005918,966.6898803710938,1496780.0
2015-07-24,970.1475554166058,977.528057339695,968.049977014893,973.119140625,1574972.0
2015-07-27,966.4568232221674,973.0604269178173,963.7959214457924,969.9722900390625,2003738.0
2015-07-28,970.9241131808224,978.4988362082382,968.0689873361786,971.9146728515625,1891188.0
2015-07-29,975.3911964794663,976.9644270538452,964.7088954427537,973.7402954101562,2413318.0
2015-07-30,977.352960579343,977.6442960878619,960.552612921416,963.6018676757812,2770574.0
2015-07-31,967.1947821129321,978.4986351656626,966.0683230079408,975.2939453125,1963776.0
2015-08-03,972.4389020220457,980.8294013700514,971.4677838028674,974.8473510742188,1179324.0
2015-08-04,975.1582325741716,980.0527073346507,965.6801547498777,974.5755615234375,2342692.0
2015-08-05,978.887709206234,990.5411343158321,975.3916816733546,989.4340209960938,988994.0
2015-08-06,996.3677858951369,1003.3598405329975,990.579956379232,999.5919189453125,2211366.0
2015-08-07,999.4750503362751,999.4750503362751,989.375419046441,991.3370971679688,1188506.0
2015-08-10,999.0865445783243,1005.6901492664391,993.1044935598713,999.1254272460938,1431182.0
2015-08-11,1001.4173629624546,1013.8476793374734,987.4721397135455,1011.5946655273438,2200306.0
2015-08-12,1011.1672677226641,1045.4670905864466,1010.739937731666,1037.814697265625,3479784.0
2015-08-13,1037.1541736503393,1042.5924352350228,992.8711864607743,1023.7916259765625,1406426.0
2015-08-14,1024.7236774594492,1056.3238939992511,1024.3741129260745,1050.0504150390625,2293964.0
2015-08-17,1044.9625091075852,1047.5650880203775,1031.3279658618703,1042.88427734375,773644.0
2015-08-18,1051.4879819345306,1068.1912162078174,1044.9232603521277,1064.6951904296875,1916926.0
2015-08-19,1068.2298715725333,1069.3369841010078,1057.3144665868926,1061.859375,1690070.0
2015-08-20,1066.2880051934799,1066.2880051934799,1037.9313478604656,1043.6998291015625,2349298.0
2015-08-21,1053.468962943974,1060.4221309229079,1031.3663519138547,1039.5430908203125,3536080.0
2015-08-24,1025.1126371524736,1027.443321435503,997.9602031894945,1001.6697998046875,4692344.0
2015-08-25,1005.2626120745518,1018.5087013884676,984.908013871266,997.2023315429688,3925800.0
2015-08-26,993.6676946441822,1025.1124865079557,975.7602351001663,1000.931640625,3216158.0
2015-08-27,1015.7509731823761,1015.7509731823761,988.9093172580535,1000.115966796875,5264798.0
2015-08-28,1013.4591208221836,1013.4591208221836,993.5317531014144,998.639892578125,2744152.0
2015-08-31,1006.0787874693557,1006.0787874693557,983.1798317178584,995.9985961914062,3692044.0
2015-09-01,992.8712757103449,1014.3135472045421,982.7716461452162,985.6461181640625,2987602.0
2015-09-02,994.3086947961933,1017.9068720674062,989.7638796222273,1006.7778930664062,3765950.0
2015-09-03,1008.4481171892146,1015.7897335432302,1000.737400015582,1012.1383666992188,2265074.0
2015-09-04,1014.3914847999596,1015.7510506763363,986.3261606376132,989.55029296875,2426396.0
2015-09-07,991.7061317339459,994.4058219777374,983.8206311866094,986.5592041015625,1759184.0
2015-09-08,988.5984495874079,996.0178314852219,980.246832036866,986.7727661132812,1787746.0
2015-09-09,995.571334832462,999.8636979575203,988.2102749044024,990.44384765625,2045076.0
2015-09-10,987.4327964394255,1001.6111194410144,981.6060883565807,988.7534790039062,2665818.0
2015-09-11,989.1811665502087,997.688125492964,986.8893651432097,991.317626953125,1592672.0
2015-09-14,996.3672052530351,996.3672052530351,987.8213656758161,991.181396484375,1589318.0
2015-09-15,991.1814936898073,993.9977365539443,985.1023315104936,985.587890625,1379900.0
2015-09-16,992.4833058258124,996.3677806039957,987.0644824774089,990.6770629882812,1756816.0
2015-09-18,996.3675799671194,1004.524975358663,986.2679475775891,991.0264282226562,2455294.0
2015-09-21,990.5412078034273,993.2992232183074,984.0152702907341,990.9490966796875,1108840.0
2015-09-22,993.4539382530419,999.2417649052351,967.2337463343399,981.5286254882812,2081246.0
2015-09-23,984.4421424927832,993.5512139240316,976.0128539270873,983.8011474609375,1228352.0
2015-09-24,984.9082395146025,1006.0786197368648,982.7328964565363,1002.3494873046875,2354254.0
2015-09-28,1007.6321781434976,1017.3433595057134,1001.9996929534126,1007.515625,2366812.0
2015-09-29,1003.4956324835923,1023.1704554329814,998.2515925639472,1005.3989868164062,3325952.0
2015-09-30,1026.9382860858434,1026.9382860858434,998.6787401114115,1005.3212280273438,3368336.0
2015-10-01,1009.5747256672232,1029.3661004179367,1006.9332645551885,1027.2879638671875,2834408.0
2015-10-05,1030.4344183312892,1075.999318172692,1030.4344183312892,1053.3333740234375,4807306.0
2015-10-06,1058.5192916304977,1058.9077390769676,1042.5929463252314,1048.80810546875,3979590.0
2015-10-07,1046.4575695062852,1055.4112986070015,1028.2005466742908,1030.919677734375,2065530.0
2015-10-08,1037.1538077566418,1040.397379134664,1017.7314518061429,1023.092041015625,2357550.0
2015-10-09,1029.5793258031763,1029.6182084583118,1013.0703194471548,1021.4801635742188,2249724.0
2015-10-12,1031.327761907811,1033.405993260658,1004.9133408871968,1007.0886840820312,2455912.0
2015-10-13,1011.0509258872493,1014.6246230502832,997.3775961823671,1009.4000244140625,6179712.0
2015-10-14,989.7638035492151,989.7638035492151,963.3493849301623,964.78662109375,8337128.0
2015-10-15,967.2339574554725,972.4779969838455,957.5227731436705,958.5910034179688,3215710.0
2015-10-16,963.6988421594633,968.0106450053095,959.464804640094,960.24169921875,2333828.0
2015-10-19,967.2339112431723,969.1567066778854,953.968472041358,966.7483520507812,3130642.0
2015-10-20,969.6615133477068,982.7716089212612,969.4090605524464,981.5091552734375,2695084.0
2015-10-21,984.7140262890239,987.4331577225636,979.7613226065051,982.7717895507812,1929688.0
2015-10-23,991.9197338649133,991.9197338649133,983.8613782693784,987.6958618164062,2335398.0
2015-10-26,992.3092098633368,992.3092098633368,979.1121971881031,987.4625244140625,1414630.0
2015-10-27,984.9323481763604,990.7133014424802,981.1562190482683,985.3411254882812,1530420.0
2015-10-28,977.1461348971685,986.2945318308489,977.1461348971685,984.5621948242188,1255342.0
2015-10-29,986.2950106269241,987.0151469011988,969.3607357417226,971.4240112304688,3130316.0
2015-10-30,973.2340458569915,977.8666018983159,967.3946415818497,971.3654174804688,1516696.0
2015-11-02,973.2339992780571,982.1099123599496,968.387312970129,979.98828125,1319294.0
2015-11-03,984.1340545102305,991.842085496276,980.4357659351327,990.1486206054688,1364906.0
2015-11-04,990.7519137019082,991.6083403555765,981.0195766321448,986.391845703125,991434.0
2015-11-05,985.2243427674877,986.8398733231566,965.448207255549,966.4797973632812,1596098.0
2015-11-06,970.1196859527773,980.338643318853,966.791206545064,975.4724731445312,908024.0
2015-11-09,971.2876897353954,974.304715625355,961.0103750433308,962.0809326171875,2021556.0
2015-11-10,962.7037036458134,964.2803619218674,953.7694334713667,956.942138671875,1361920.0
2015-11-13,949.1173230437124,949.1173230437124,929.0687017447996,933.29248046875,2743232.0
2015-11-16,930.411955158568,930.411955158568,917.1759691856009,924.4168701171875,2043528.0
2015-11-17,926.7134347196139,933.7012359813394,924.5723198735908,930.6258544921875,1985028.0
2015-11-18,929.9831972635246,929.9831972635246,913.2825442538311,915.4041748046875,1520352.0
2015-11-19,920.8157492080745,927.1417708568181,915.6186410981496,919.7257080078125,1866906.0
2015-11-20,921.2633142066862,943.4725333315761,919.4920092993544,933.662353515625,2012126.0
2015-11-23,936.3679294907942,939.5211506738643,927.3946928642998,930.8204956054688,1088082.0
2015-11-24,926.5386174364038,931.3658219649731,920.8743743119868,921.828125,998640.0
2015-11-26,925.701319427476,927.4531408280816,910.1101849960016,913.1077270507812,2915292.0
2015-11-27,914.0614670824359,918.5188602537248,908.0274156600433,916.1442260742188,1737206.0
2015-11-30,920.6795765836071,930.8985359431503,914.8985272718179,924.008056640625,4100048.0
2015-12-01,919.862010970453,925.7598673281391,917.5846999369098,919.4727172851562,1721994.0
2015-12-02,925.7404246903263,925.7793920775456,913.4776730596512,920.7574462890625,1640296.0
2015-12-03,918.7331690185313,923.7939873224469,913.6723507146156,915.1322021484375,2283358.0
2015-12-04,910.9469959818084,913.7888581828772,903.5893851850611,906.43115234375,1246092.0
2015-12-07,907.9104542536645,912.4651700608856,901.31194718299,903.083251953125,1382604.0
2015-12-08,902.9275383427706,914.4506669263565,902.1100788077298,906.664794921875,1139964.0
2015-12-09,910.1295736440898,923.7159788653302,903.1612554230846,921.7110595703125,5282806.0
2015-12-10,922.2368079802873,930.8791094180535,915.6188148457727,928.2903442382812,1723988.0
2015-12-11,927.6867333513693,931.1708923804465,919.9981840506183,928.8546142578125,1652378.0
2015-12-14,909.0787555840562,929.2441910553246,907.2880613406127,925.9157104492188,2718532.0
2015-12-15,925.9154267376064,928.465319054179,919.9203427782802,924.9033203125,1135868.0
2015-12-16,928.0761016486285,939.9495584859956,928.0761016486285,937.5748291015625,1435934.0
2015-12-17,940.1437341342368,951.8225382849726,931.7155684890629,949.7787475585938,1618844.0
2015-12-18,942.0903858720891,947.6183352435256,934.5575177036432,940.8446655273438,3024970.0
2015-12-21,942.071182559583,953.7694761634552,936.9714925900256,952.3679809570312,1610104.0
2015-12-22,949.8766085157116,949.8766085157116,934.3048608351262,936.2708129882812,1560858.0
2015-12-23,940.144120511546,947.929993145182,938.4117828590402,944.3485107421875,849834.0
2015-12-24,942.4799206935369,949.1757524227403,935.8619286853625,947.6380615234375,843160.0
2015-12-28,945.2051500021959,960.1539907991043,942.1686399846454,958.713623046875,3704198.0
2015-12-29,957.0200004457135,959.7255720727762,952.1148628592905,956.0272827148438,1708524.0
2015-12-30,954.9568489730636,957.2731272835497,939.0931320406502,941.4288940429688,1605762.0
2015-12-31,940.4359530067511,953.1853175771624,937.2242810157314,948.6500854492188,1240318.0
2016-01-01,949.4869761266751,949.4869761266751,939.0733735799804,940.6889038085938,712262.0
2016-01-04,938.2562436738688,939.755062548669,921.08844723685,922.470458984375,1870184.0
2016-01-05,928.4651431942817,929.0880509089715,911.3362265064208,914.4310913085938,2678020.0
2016-01-06,914.9179071668682,928.9129947220878,914.9179071668682,927.1417846679688,2653228.0
2016-01-07,922.6258097695373,927.6476590715839,918.7328738633369,923.1124267578125,3199580.0
2016-01-08,928.4654061576874,937.1661577292069,923.5992352658756,933.3705444335938,1907544.0
2016-01-11,927.4919325134924,928.0758728697443,914.3922418718575,919.647705078125,2930228.0
2016-01-12,919.7840416269013,920.6794359853862,895.9982578325861,905.90576171875,3482594.0
2016-01-13,901.9933952846967,905.886331820237,877.8961561466604,887.278076171875,4746092.0
2016-01-14,884.8644533432469,894.9471207119428,875.9106995258713,887.1223754882812,2742052.0
2016-01-15,891.0347091019635,892.144138854868,877.8570825072403,880.2318115234375,3269408.0
2016-01-18,880.582335361434,892.2221787889044,879.8037479738465,886.6747436523438,2213922.0
2016-01-19,886.4213173492795,895.3750680295753,883.0344828395528,887.3167114257812,967910.0
2016-01-20,885.1757274295647,889.5357963506863,873.1854666146999,887.6282958984375,1615954.0
2016-01-21,891.6868335811017,893.5989466689596,876.3701122602885,879.78466796875,2675536.0
2016-01-22,887.004112186326,898.3404574435897,881.9310574311908,895.8819580078125,1343178.0
2016-01-25,898.2818952695822,912.759651666987,894.2234894377515,899.3550415039062,1397560.0
2016-01-27,898.3208274080754,909.2278748723387,890.4770670442415,905.2474975585938,1626986.0
2016-01-28,903.58890732092,916.6227148196955,900.6816763820348,909.715576171875,3106660.0
2016-01-29,920.4472466022627,936.5639706516696,911.2182272503516,933.1689453125,2235744.0
2016-02-01,933.0910673937772,941.6176460841784,920.5644841633746,937.6177368164062,1495274.0
2016-02-02,940.0761554098917,949.4417958124809,928.6422503639532,935.8226318359375,1475588.0
2016-02-03,931.6859578601549,948.2318818929564,921.0715861067233,942.9247436523438,1308692.0
2016-02-04,945.1100000625221,952.1732908618137,937.3443625615068,944.3881225585938,1250046.0
2016-02-05,939.7246376575577,952.1535612241267,939.7246376575577,945.1293334960938,1402996.0
2016-02-08,936.5638757416717,941.2662259222321,915.8814234857098,922.1056518554688,1063658.0
2016-02-09,910.6524480211641,910.6524480211641,880.2141175561497,890.2821044921875,2489610.0
2016-02-10,887.7845500459754,893.5990129461842,881.1896172116602,885.3651123046875,1890732.0
2016-02-11,889.7357800676077,893.2478949889273,847.4537806559476,857.7169799804688,1962408.0
2016-02-12,858.5169285518645,875.453088033504,844.4684697210157,868.897216796875,2172568.0
2016-02-15,878.0284442695729,900.2133344036575,874.1260956283747,885.5014038085938,2479712.0
2016-02-16,884.2722663346728,890.5160246141763,875.2968638078867,884.0966796875,1588702.0
2016-02-17,883.8820870436867,889.5989904691083,876.6236794782905,887.9990844726562,1585178.0
2016-02-18,891.6869208796126,905.2475863065564,888.9552760454081,903.7257080078125,1529140.0
2016-02-19,900.4086215430073,908.0766999593528,899.6671179981123,905.2084350585938,879012.0
2016-02-22,905.4427996934616,914.3206463449113,899.4917156743579,903.7452392578125,1324884.0
2016-02-23,901.5402478531477,905.3059768221956,880.6626790791433,883.4918823242188,1306852.0
2016-02-24,882.8870787531457,882.8870787531457,858.9851871132356,862.7899780273438,1659328.0
2016-02-25,866.2434244555077,869.4433314864327,852.9168458513225,863.5313110351562,1830556.0
2016-02-26,870.1068105020489,880.7211816184554,858.3607961895427,862.6143188476562,1537536.0
2016-02-29,872.9557525409164,872.9557525409164,825.3470794027886,849.463623046875,2191718.0
2016-03-01,855.7852298588399,891.7259062121348,843.6879466278212,888.4283447265625,1999760.0
2016-03-02,899.4915094056544,909.2473826096202,880.4675566579209,904.8963012695312,1527486.0
2016-03-03,911.5889890377188,933.0519147213979,897.9307636026501,926.086181640625,2648284.0
2016-03-04,928.7591685414784,928.7591685414784,916.8765335278148,919.9984130859375,1512966.0
2016-03-08,913.969376948543,923.6861897585379,899.1794141697331,918.730224609375,1268152.0
2016-03-09,913.5400902520234,924.6227256002754,895.6477782695566,919.8814086914062,2017784.0
2016-03-10,919.4129924726064,920.8959042071625,903.374299323518,916.388671875,1661666.0
2016-03-11,913.1497417853557,932.99322620611,911.1985671234212,923.003173828125,1530528.0
2016-03-14,921.7350017312732,935.7834606907676,913.1498323671377,919.0033569335938,1636742.0
2016-03-15,916.6811228126327,922.3199969061967,905.3838438300736,909.2080688476562,1623356.0
2016-03-16,903.3939629948685,910.0279575395392,900.2330216029354,908.0963134765625,1918246.0
2016-03-17,910.8082309450584,921.6567799139233,910.0277611670421,917.8519897460938,2221088.0
2016-03-18,920.954598510791,948.2710484666196,920.954598510791,946.651611328125,3204070.0
2016-03-21,946.710046467808,958.007329905222,944.3686366249361,954.6123046875,2336982.0
2016-03-22,952.9537429004154,969.7338456623801,950.8074506866757,965.090087890625,1951984.0
2016-03-23,970.8651688278904,970.8651688278904,958.9240405206106,965.3629150390625,2278434.0
2016-03-28,972.0753270195397,982.2799335519884,960.5829260094595,965.2071533203125,3320882.0
2016-03-29,967.0026667228228,970.4952521345427,958.0272585974697,963.6466064453125,1838796.0
2016-03-30,964.2318237578205,977.538878131904,959.9782994828279,971.490234375,2136504.0
2016-03-31,967.1192274931631,995.0990523821753,964.7192255564521,983.5090942382812,4363964.0
2016-04-01,977.5385788267122,983.7238410770736,949.8709581576256,957.5975341796875,3041400.0
2016-04-04,958.4167168531866,970.9042310792868,954.904603477096,964.3677978515625,1752352.0
2016-04-05,964.1924354731401,969.6946905453354,952.9731818014396,961.051025390625,1491794.0
2016-04-06,963.8801080026466,971.2945703718976,959.7241448361237,968.5238647460938,1763150.0
2016-04-07,967.7825247369248,969.6166096608189,958.8071222897678,964.1923828125,2390942.0
2016-04-08,962.3194421481443,965.3242323818372,947.1002782212272,949.0709838867188,1399500.0
2016-04-11,949.4417263435405,982.2214653541682,941.6370265791053,978.1824951171875,2400648.0
2016-04-12,974.8067877233468,985.343130104664,970.9435002924077,982.6699829101562,1303628.0
2016-04-13,987.2943741927254,993.1478981503898,980.4652629087836,985.8114624023438,1601468.0
2016-04-18,957.2466093544592,996.4652331783985,952.1735535364372,983.2947998046875,7121504.0
2016-04-20,989.2065701972482,989.2065701972482,952.1733102950651,956.2122802734375,6405024.0
2016-04-21,956.465859030837,962.8656740790772,941.3247239705224,946.0855712890625,2525724.0
2016-04-22,943.9784684952492,950.3782844100589,938.202971419421,943.217529296875,1964126.0
2016-04-25,937.4616731576018,958.8270419966926,937.4616731576018,956.5636596679688,2267654.0
2016-04-26,955.6852095576278,973.0506615075316,952.9535654306766,971.6068115234375,2554368.0
2016-04-27,967.7828423136103,981.2850120128418,966.182840634768,979.919189453125,1848670.0
2016-04-28,976.0948677886701,991.1969439031437,974.8461347878032,986.4165649414062,4992744.0
2016-04-29,982.2213881486409,991.9772620873441,979.489743445804,989.4407348632812,2372178.0
2016-05-02,986.9042122930657,987.294447252454,975.5873984708044,986.0066528320312,1116692.0
2016-05-03,985.3430540906287,987.2942284551646,964.6606058265481,967.0410766601562,2153118.0
2016-05-04,965.4023177446954,973.2656100713095,958.8073844263108,967.0023193359375,1364892.0
2016-05-05,967.0022878732489,971.6655768656527,961.3634114233458,963.9974975585938,1246566.0
2016-05-06,961.9292176247151,969.4607717299309,948.6612284160983,965.2071533203125,885598.0
2016-05-09,965.2073478408397,982.61186941919,958.5733518995663,980.485107421875,1821276.0
2016-05-10,981.4409854440739,988.8359193415857,974.026520742906,984.5238037109375,1158534.0
2016-05-11,975.5870770959103,985.5771268742427,971.6847287875266,982.7283935546875,1598716.0
2016-05-12,983.6068311768978,1002.8648709282274,983.6068311768978,1001.4210205078125,1513082.0
2016-05-13,1000.9527467562888,1001.3429817452776,979.5483195013671,984.7189331054688,1621730.0
2016-05-16,990.4165429766564,1000.8748612240784,984.3678997866886,995.548095703125,1111526.0
2016-05-17,1000.6404628046141,1011.1963374999133,995.8796153592971,1002.9818725585938,1756698.0
2016-05-18,1001.2843466421456,1001.2843466421456,985.7529771659645,995.5283813476562,1500740.0
2016-05-19,997.0505231318938,999.0016983239327,985.7727686307993,997.8114624023438,1038792.0
2016-05-20,992.094171692084,1001.2646915312001,984.4845914000516,987.0211181640625,1230918.0
2016-05-23,992.7574710344823,993.4988791500458,967.8604682331907,972.2506103515625,1533016.0
2016-05-24,969.3434526493121,971.0019509076694,959.821759580795,962.9826049804688,1339158.0
2016-05-25,968.1729583607572,988.4456459515558,968.1729583607572,985.9091186523438,1548678.0
2016-05-26,987.2942406107587,1000.9133997340244,977.5774302646106,994.5916137695312,1943248.0
2016-05-27,996.3285272776974,1006.7478787812303,995.3335041704328,1003.9381103515625,1104676.0
2016-05-30,1007.9768009446327,1030.9811304831806,1007.5865660236321,1028.8153076171875,1349464.0
2016-05-31,1030.2198652979182,1032.9515088801475,999.7815510959343,1002.6692504882812,3722608.0
2016-06-01,1003.3720604103163,1032.171418086606,1003.2940324766216,1027.7032470703125,1911942.0
2016-06-02,1014.610667475878,1035.8004400856767,1014.610667475878,1034.180908203125,1408756.0
2016-06-03,1034.6689104964792,1037.2444992807762,1022.610688625009,1026.142333984375,1554922.0
2016-06-06,1033.2195745878812,1040.5138169576105,1026.3984530116381,1030.0653076171875,1322026.0
2016-06-07,1030.6567795501426,1040.5138642818767,1030.262496160873,1037.418701171875,1202194.0
2016-06-08,1031.938117312037,1036.3935385034517,1027.3052878618828,1030.3018798828125,938266.0
2016-06-09,1033.9689751458407,1033.9689751458407,1007.4731441396945,1016.1671142578125,1562138.0
2016-06-10,1011.7314693850569,1026.4185298817808,1006.6846212911055,1007.6900634765625,1396832.0
2016-06-13,1001.479884231142,1006.7436063788805,992.805649013392,1004.2398681640625,1029978.0
2016-06-14,1008.9512667877246,1008.9512667877246,992.9039551651365,999.4490966796875,977570.0
2016-06-15,997.5370479099402,1011.2975006990033,994.3827805647704,1008.1235961914062,1270844.0
2016-06-16,1003.6682595269833,1011.2187491212899,992.1945725805572,1008.6953735351562,1145070.0
2016-06-17,1008.9711930301821,1029.0796458807251,1008.9711930301821,1026.1619873046875,1878988.0
2016-06-20,1026.1619736461735,1051.948068454118,1021.9036938470894,1048.517822265625,1872838.0
2016-06-21,1050.1738015933786,1050.7652266740583,1041.4601002337959,1045.3240966796875,1027690.0
2016-06-22,1044.8508739239883,1055.7725034294922,1037.6552028111155,1051.8099365234375,1761712.0
2016-06-23,1046.8224967546053,1048.5967721728334,1035.1122982464199,1043.0177001953125,1397014.0
2016-06-24,1011.3958270577461,1022.4554935152933,991.2873775933245,1014.8655395507812,3766586.0
2016-06-27,1004.2400099550014,1004.2400099550014,978.8678298564864,984.0724487304688,4272566.0
2016-06-28,984.0721424845399,986.8517631073652,969.3061539453066,971.4944458007812,4499524.0
2016-06-29,975.8513391400093,990.6369654906155,972.0268097094367,986.851806640625,2531264.0
2016-06-30,994.3830080579504,1010.5091650452043,985.8468086064282,1006.645263671875,5121812.0
2016-07-01,1010.1544682755336,1011.179644023158,983.4812242743851,986.0440673828125,2197296.0
2016-07-04,992.0166587658497,995.9003872894866,978.6110282419869,983.4212646484375,1883484.0
2016-07-05,983.4218040784004,984.5455504635257,976.6992517143442,979.9127197265625,1559748.0
2016-07-07,980.8589420414716,982.4952761532536,956.1373884057421,958.0299682617188,3316800.0
2016-07-08,960.0798244785325,962.8595409637363,947.65990067111,956.7678833007812,2456356.0
2016-07-11,958.1088659267991,974.589934806799,956.9260154750376,971.5736083984375,1543632.0
2016-07-12,974.5502067484455,975.851361148762,960.4152053948268,971.8887939453125,1465536.0
2016-07-13,977.0345615996023,985.4130863913664,966.4874774499698,982.98828125,2102300.0
2016-07-14,980.1887669169934,997.1429571734016,974.2745145019672,994.343505859375,2699988.0
2016-07-15,992.4112539603524,996.6695336585457,956.7483419765888,964.160888671875,8336366.0
2016-07-18,964.8115538729165,973.4857893388765,958.3453441207148,959.468994140625,2598850.0
2016-07-19,957.1231455825365,974.9842064391452,957.1231455825365,972.3818969726562,2362896.0
2016-07-20,965.9943866100614,986.6942663231341,965.2649237730744,983.7174072265625,2815252.0
2016-07-21,981.5684629560046,993.396964216772,971.6916451511461,988.0938720703125,2527148.0
2016-07-22,985.2747632692291,995.1713152492028,982.5542462761543,991.6622314453125,1517216.0
2016-07-25,993.0063037979731,1013.2459034268825,990.5554317450625,1011.5658569335938,1688796.0
2016-07-26,1011.5656095506557,1015.1431387458215,1001.3074651258435,1009.0554809570312,2311290.0
2016-07-27,1010.0043701744092,1020.0450795165582,1006.0513198019066,1018.9185180664062,1750510.0
2016-07-28,1020.0847601628865,1039.4744936621369,1018.7209769372574,1035.40283203125,4632080.0
2016-07-29,1033.3274712119032,1041.5893087166635,1027.3978950572825,1035.422607421875,2488084.0
2016-08-01,1040.4429492061295,1077.2063208916043,1040.4429492061295,1070.5849609375,3961704.0
2016-08-02,1068.469933536718,1073.5298572537577,1063.291495517965,1067.00732421875,2578162.0
2016-08-03,1061.789245423225,1066.9282104978722,1047.1827447630574,1050.0487060546875,2294702.0
2016-08-04,1055.4646128658794,1060.5837945888215,1042.1230657931367,1048.34912109375,1415416.0
2016-08-05,1057.006124658612,1061.117355045993,1040.4428818232607,1047.20263671875,1868484.0
2016-08-08,1043.6051982095678,1054.6737381905784,1039.276627768996,1047.360595703125,2058244.0
2016-08-09,1050.7206050840614,1051.4321733285567,1019.4322554666915,1047.63720703125,2261914.0
2016-08-10,1047.9535952569154,1060.2080507276676,1046.7676802113585,1057.5989990234375,2062078.0
2016-08-11,1053.7051002542728,1073.2529102006802,1053.7051002542728,1071.23681640625,2233138.0
2016-08-12,1069.3002575358455,1085.0334192592663,1068.1341268342544,1082.523193359375,2327358.0
2016-08-16,1082.3451218086416,1083.1357318318765,1056.9863439173857,1064.04248046875,3183754.0
2016-08-17,1066.9284930443341,1066.9284930443341,1034.9087790996912,1037.498046875,1848566.0
2016-08-18,1041.6287523359933,1050.5429000498284,1039.6917962961872,1043.0321044921875,1292064.0
2016-08-19,1043.6056405439792,1046.1553395682984,1027.7934338690704,1029.177001953125,2416244.0
2016-08-22,1023.0494230792257,1025.5991212342783,1002.6121722215709,1007.513916015625,2265274.0
2016-08-23,1006.0314799089437,1029.7497808392789,1004.153781085292,1028.2081298828125,1503374.0
2016-08-24,1023.7609880268881,1028.5836901004516,1015.5584086381162,1016.7443237304688,1116878.0
2016-08-25,1019.8871170830869,1023.7215570972459,998.5406425394874,1008.4430541992188,1939690.0
2016-08-26,1011.901598787785,1016.9417367432674,995.0615698384108,998.1251831054688,1250314.0
2016-08-29,1002.0783725872145,1002.0783725872145,975.1185913697406,988.4799194335938,1488728.0
2016-08-30,992.2153415109226,1007.9484965069981,988.7564234877271,1005.7149658203125,1444026.0
2016-08-31,1008.0280246950186,1008.0280246950186,988.5988172544212,992.729736328125,3231668.0
2016-09-01,998.1055633693725,1002.0783979511212,983.1433269133477,991.227294921875,1345736.0
2016-09-02,993.0062247703319,995.9314433571298,986.7011289110744,994.1130981445312,1742330.0
2016-09-06,996.1289617865765,996.2277880297202,980.3563319848537,981.9573364257812,2239066.0
2016-09-07,988.1439103616307,988.1439103616307,957.8240355142549,964.7616577148438,3854040.0
2016-09-08,932.9197644659702,932.9197644659702,903.1730643489938,917.937744140625,7021516.0
2016-09-09,920.9420528162339,935.5485534802225,917.1273981138294,929.9352416992188,2742438.0
2016-09-12,923.8279376019193,934.4813898097009,918.6889717530426,932.54443359375,2024454.0
2016-09-14,933.710501397089,939.8772986047354,913.15463938496,920.447998046875,2069858.0
2016-09-15,924.9940070126094,925.8439707527526,915.8229494067738,919.8550415039062,2818964.0
2016-09-16,923.7091718995904,939.2446776629363,917.1075977180186,933.591796875,4358004.0
2016-09-19,934.8965809124538,959.4054976213638,928.9670042893305,953.2584838867188,2802546.0
2016-09-20,953.0804473794524,955.4127085015082,942.9605997945597,951.3015747070312,1184552.0
2016-09-21,951.775650853119,958.2191404477321,949.008516371628,954.0288696289062,1678020.0
2016-09-22,958.7136260819495,959.8007150301921,937.3078950323835,940.0354614257812,2857574.0
2016-09-23,941.6167504427027,950.2542055022888,937.3276514934735,947.981201171875,1800726.0
2016-09-26,949.1669311523438,956.2824215800102,946.7555319034061,949.1669311523438,1753476.0
2016-09-27,949.1671289030703,967.7068997759732,949.1671289030703,963.0028076171875,2038792.0
2016-09-28,960.9865277562408,963.5560104507762,954.7406889813667,957.8438720703125,1731328.0
2016-09-29,962.5678091609117,971.0668678454946,956.4801499164289,963.6746826171875,3603958.0
2016-09-30,963.3783718690651,968.4185122007078,957.8638846905698,960.90771484375,2175364.0
2016-10-03,968.4973805776548,971.5214256313677,949.1670020754405,953.357177734375,1818880.0
2016-10-04,956.6383246033546,958.6346346240582,947.941612561506,950.7680053710938,1780718.0
2016-10-05,951.8948663306219,954.8200860367529,939.2846697868246,943.3365478515625,1176354.0
2016-10-06,946.755752188195,949.6809714406276,937.9602133630646,944.2850952148438,2267572.0
2016-10-07,943.9881922056267,943.9881922056267,932.2080857479629,936.0030517578125,1816512.0
2016-10-10,936.8334106379117,943.5535965685892,930.9631884809514,940.9446411132812,1202142.0
2016-10-13,934.2245294325479,936.8334850952094,917.4635358731908,920.6259765625,5173334.0
2016-10-14,915.1312490617217,943.5932144753045,905.6439272571942,935.370849609375,7741214.0
2016-10-17,936.4378812841425,939.1655434145623,926.7529097626517,933.88818359375,2728346.0
2016-10-18,939.2447339439799,954.9383240433135,930.8642867646646,948.8110961914062,2128632.0
2016-10-19,949.1269989133903,952.6847427660435,936.9911586291131,946.7947387695312,1985058.0
2016-10-20,947.5065381831384,952.4281627569121,943.1977521857916,949.1865844726562,1265854.0
2016-10-21,948.7321655650776,961.3423586617027,948.0403816943531,960.0576171875,1259660.0
2016-10-24,962.455812376108,965.1114449754314,952.2890641288282,962.2576293945312,1253190.0
2016-10-25,953.260218086205,957.0653703462656,943.7474342050953,950.6640014648438,1772466.0
2016-10-26,950.7231854854055,952.3680650881198,940.3779978864069,949.7916870117188,1437130.0
2016-10-27,943.2315240205646,962.9705570567754,937.6031499147159,958.4520263671875,2941602.0
2016-10-28,955.2417711824082,957.263275878823,946.5217218189174,950.7628173828125,1752102.0
2016-11-01,951.1591418647196,951.1591418647196,925.1773401973476,931.4597778320312,2934776.0
2016-11-02,927.8922780442768,929.0813753676997,909.6594524184602,913.24658203125,2325076.0
2016-11-03,909.2630962246382,925.5140931493156,905.4976213274568,919.3505859375,1463310.0
2016-11-04,919.5689305592234,925.9702014328778,909.2634166822667,923.7506103515625,1183752.0
2016-11-07,926.6636642897938,929.4382251867448,895.806641518677,902.5448608398438,2048052.0
2016-11-08,903.8925377920747,914.4160710980458,895.7868750245268,904.9825439453125,1933634.0
2016-11-09,864.0773952243695,901.732144098826,849.3524452931644,860.0543212890625,4500226.0
2016-11-10,873.9073714363149,878.9411979512779,848.5399591842826,854.3466796875,2172426.0
2016-11-11,851.0174102725014,851.0174102725014,826.8985069658388,832.8241577148438,2398424.0
2016-11-15,839.0669061596346,855.1792375021876,813.3031235452595,840.8109741210938,6290324.0
2016-11-16,850.2442309936379,875.5322890816201,847.4299953883559,867.8825073242188,4019958.0
2016-11-17,866.0596552410328,875.4139309572006,844.3189428080311,847.1133422851562,2504688.0
2016-11-18,849.0158061258603,852.1867335063491,834.0331548992463,842.3172607421875,2140534.0
2016-11-21,842.7528770075927,848.2227439626444,834.3499420754049,845.4085083007812,1793366.0
2016-11-22,845.0520522678206,863.0668620770444,841.108231133788,846.2411499023438,1318860.0
2016-11-23,851.7902853241641,857.3195700561089,843.1494896929918,854.70361328125,1275808.0
2016-11-24,854.1286652224237,875.0172213127873,847.033755765214,867.4267578125,3026234.0
2016-11-25,876.7611925154904,914.5150368134563,868.9131299375466,911.7801513671875,4276148.0
2016-11-28,909.2632830741225,919.350774859918,892.5762416562222,904.7447509765625,1924296.0
2016-11-29,901.7322595492865,908.4704786316328,892.8338660561059,895.7273559570312,1442296.0
2016-11-30,897.7686973442568,909.5605820003237,888.7712114310768,902.1485595703125,3445832.0
2016-12-01,902.5250736941316,907.6778299339312,893.4284964553643,897.154296875,1123052.0
2016-12-02,894.9939904609515,900.0674921344583,874.0658565383577,880.6654052734375,1998032.0
2016-12-05,883.4996055610007,887.0074825410246,860.1140170782286,866.4558715820312,2249526.0
2016-12-06,868.041131934937,873.5704156818189,860.0741403725926,865.0089721679688,1593444.0
2016-12-07,864.9495900019431,865.8414132175285,850.4623979682981,853.9901123046875,2065706.0
2016-12-08,856.3484163298417,871.6085015085961,856.1502334054422,870.3203125,3239546.0
2016-12-09,873.9866370750768,879.8924491123381,861.4218598777294,870.1220703125,1588718.0
2016-12-12,869.9436808131567,878.9808404445541,857.3392289669176,875.2549438476562,1311758.0
2016-12-13,879.1394353287,879.1394353287,865.2666308938467,872.123779296875,2147534.0
2016-12-14,877.5539144224995,881.7950092892603,867.6447690473583,875.0172119140625,1870366.0
2016-12-15,872.7977949324694,900.5830858765773,872.7977949324694,895.5095825195312,4295410.0
2016-12-16,902.5247325752797,907.6774868675409,892.6155897055468,904.76416015625,1987230.0
2016-12-19,903.7142644731376,910.7299216461646,896.30224139464,907.2418823242188,1334210.0
2016-12-20,908.4706837659377,929.4780774132304,906.5086918262688,927.2188110351562,2922760.0
2016-12-21,929.0022724363187,929.0022724363187,913.8611167462793,917.0320434570312,2034902.0
2016-12-22,914.0195568525419,921.5505072342411,906.171494469393,914.693359375,1868300.0
2016-12-23,911.6416426360145,918.677137921575,903.2387042403052,906.9249267578125,1118954.0
2016-12-26,898.1650624144401,912.2757261096677,898.1650624144401,908.9066162109375,897408.0
2016-12-27,904.3089910168982,923.5327412094555,904.3089910168982,920.9166870117188,1294692.0
2016-12-28,922.2243214063311,931.4199889505567,912.8898871194069,916.95263671875,1350418.0
2016-12-29,912.8304877165091,935.3836642720745,912.8304877165091,932.1334838867188,1963516.0
2016-12-30,933.4021187743637,942.7960690216912,929.7357338082469,937.6234741210938,1405748.0
2017-01-02,938.0394167117344,941.408526283709,932.4109444821752,935.95849609375,823132.0
2017-01-03,935.918737762042,940.0607409851045,928.8039910627634,938.6932983398438,1475324.0
2017-01-04,939.2678790909888,946.8583411086655,934.7493483415733,943.1522827148438,1420066.0
2017-01-05,944.9360266613621,947.2943837163876,919.72712415525,925.2762451171875,2216404.0
2017-01-06,919.9652319774792,923.2749258712175,894.6374902786398,904.2691040039062,3009896.0
2017-01-09,901.7322908756984,916.1203902992961,894.5977057171214,913.1079711914062,1854578.0
2017-01-10,913.2267347021841,923.4529909289486,908.2721625738085,917.7255249023438,1533914.0
2017-01-11,917.5870654304044,923.3740463217201,903.79351265242,921.3128662109375,1931296.0
2017-01-12,921.3127001244774,935.4233624349099,913.2268758686578,929.2202758789062,2570374.0
2017-01-13,930.6670049157002,934.6108257232753,887.0073457564094,891.5457153320312,10235580.0
2017-01-16,891.8230890406583,901.2961933677575,883.1030410589274,895.2120361328125,3364808.0
2017-01-17,893.7655662334822,906.8060644042472,892.9332557772844,903.2189331054688,3009956.0
2017-01-18,902.9215669421418,910.8488853525205,897.9471552858244,909.699462890625,3136574.0
2017-01-19,909.6596822484723,909.71909842206,904.8834541055221,908.07421875,2251676.0
2017-01-20,906.4887428085696,911.6414991078749,897.7686936866681,905.8347778320312,2037246.0
2017-01-23,900.3295668305738,919.6081469591754,898.2626044525983,916.9051513671875,2318546.0
2017-01-24,915.8317154175638,923.3841470985246,910.2667657579085,921.5358276367188,2282638.0
2017-01-25,923.2252296066973,938.091556988419,921.4166014755324,935.30908203125,4111648.0
2017-01-27,932.1492046836581,945.5448175825978,932.1492046836581,937.21728515625,2871658.0
2017-01-30,930.539034428968,934.8916004223557,921.4562032415888,927.3192749023438,2577956.0
2017-01-31,922.1916180869024,926.981468960538,874.5119458624902,886.3374633789062,4666804.0
2017-02-01,882.4422110026467,890.3722465979189,856.8235815381773,861.7326049804688,4864152.0
2017-02-02,862.587151373342,882.0445823040311,855.8098178010721,877.532958984375,6009482.0
2017-02-03,878.3478923332656,891.584543620363,870.9147280749958,887.4307250976562,2153372.0
2017-02-06,897.5470609314857,897.7458091734989,880.4348178851435,890.6902465820312,2408910.0
2017-02-07,891.9818613073346,895.4003689342717,884.8269265909656,892.2203979492188,1814638.0
2017-02-08,892.3398983995825,907.3255948307142,892.0020845848126,902.6947021484375,2212584.0
2017-02-09,904.3043513406136,925.3716615037137,902.3963491243846,921.1184692382812,4033202.0
2017-02-10,918.614454913117,963.7104155603138,918.614454913117,953.1767578125,5782160.0
2017-02-13,952.4013306814358,965.5187112793019,946.9755438885062,959.6556396484375,3819812.0
2017-02-14,961.8022436748852,961.8022436748852,953.1964843750001,956.475830078125,2033328.0
2017-02-15,952.7989626779507,965.1213522661928,944.0938294965266,959.4371337890625,1924972.0
2017-02-16,977.8411326010494,984.9960677176424,968.1422593721195,972.9718017578125,4175680.0
2017-02-17,982.6112138207183,984.0422398433238,954.7864626202935,957.1316528320312,2723324.0
2017-02-20,963.9289531204523,1015.6034949372188,957.2113015022878,994.6156616210938,3973948.0
2017-02-21,999.3059341811121,1004.0361024501196,975.9132325840443,979.9677734375,5501112.0
2017-02-22,980.1861389704371,981.8159127042621,954.050755869099,958.5623779296875,4505496.0
2017-02-23,959.9536938983437,991.0577835660644,959.9536938983437,986.5064697265625,4853352.0
2017-02-27,985.4336385838061,994.5362698616434,981.8362757526353,989.7067260742188,2139892.0
2017-02-28,989.5673534364308,989.7661016496135,973.8662445950013,980.3255615234375,2354828.0
2017-03-01,985.7510649938752,994.4959838550636,981.8158903243395,985.6119995117188,1130374.0
2017-03-02,988.454189370691,997.7158740648368,981.8359137252771,994.3172607421875,1544942.0
2017-03-03,990.5612724385351,993.6219760623421,983.9627917575644,991.3761596679688,1013970.0
2017-03-06,985.7909761280333,987.3809615734011,975.6747131408828,982.8097534179688,1400694.0
2017-03-07,986.943933646678,995.7286443368858,983.8236446249789,993.6616821289062,1511672.0
2017-03-08,994.5363140965121,1001.6912516079977,990.6408287090263,998.5907592773438,1791510.0
2017-03-09,999.3658385764915,1003.2812181229226,995.3511819449466,1001.5918579101562,858468.0
2017-03-10,1001.5322046586693,1013.4372052397099,999.2862912415345,1010.5354614257812,1171420.0
2017-03-14,1016.3185254490422,1028.3824795258313,1014.0329218000551,1020.5717163085938,3402294.0
2017-03-15,1022.3606481633948,1022.4202337999878,991.2963461361544,993.065185546875,3022496.0
2017-03-16,996.1258660750759,1004.4732895338057,996.1258660750759,1002.0485229492188,1571818.0
2017-03-17,1012.0261724646299,1012.0261724646299,997.6169231512588,1003.9768676757812,2593152.0
2017-03-20,1004.0563899136658,1004.0563899136658,980.2264911774665,985.7914428710938,3487540.0
2017-03-21,986.5861319050578,990.5610961754246,979.8286926454341,988.454345703125,3373700.0
2017-03-22,985.850694550572,992.1510515444546,981.7962505277844,985.3737182617188,1888716.0
2017-03-23,986.5860437024949,987.7984271055727,972.7531498692985,977.9802856445312,2620638.0
2017-03-24,981.736918294937,981.736918294937,963.2533302318567,964.8035278320312,5099814.0
2017-03-27,964.7039691949142,969.891317164987,956.3764381553109,958.7813110351562,2181270.0
2017-03-28,957.96663116675,971.2429763657294,957.96663116675,965.8966674804688,1153158.0
2017-03-29,968.3011579252022,974.1841236138816,964.1672344926234,971.7196655273438,1717764.0
2017-03-30,971.8389545379848,979.8286713659153,967.9037788137947,970.2887573242188,2986086.0
2017-03-31,969.2551929423995,970.2291367684638,959.9538159044392,966.6317749023438,1867044.0
2017-04-03,967.9042071462939,967.9042071462939,957.2512790097566,958.6425170898438,1196888.0
2017-04-05,961.9014276677528,961.9014276677528,952.0038068653208,954.4881591796875,2905568.0
2017-04-06,953.9915803757755,957.9665452940078,951.0302509207007,954.011474609375,1720704.0
2017-04-07,951.9643760571049,967.2084064031469,950.8712606281073,965.5389404296875,2277012.0
2017-04-10,966.711405975849,973.4688459024893,955.9790013864789,962.8358154296875,2543264.0
2017-04-11,960.8683370547966,971.1237664647415,956.3766070639822,961.663330078125,1557784.0
2017-04-12,962.9351204131248,965.1213508206674,947.2340111225908,951.308349609375,1050538.0
2017-04-13,953.9915392397897,957.5690075119389,922.609211972555,925.630126953125,2500472.0
2017-04-17,926.3257066395695,927.3194477842845,912.3139564990872,920.1447143554688,2270882.0
2017-04-18,926.1666507170203,927.8361162578059,915.056645281587,917.73974609375,1730620.0
2017-04-19,899.732980584281,933.5996499076767,895.4797890844014,913.9036865234375,5626812.0
2017-04-20,916.3484608642814,926.9615952256572,910.6443487651899,924.3778686523438,1268842.0
2017-04-21,925.8089942769284,928.412518314623,914.6393055304485,918.5347900390625,1161154.0
2017-04-24,914.2418102626517,930.0025052606898,907.2856225758707,925.4114990234375,2000020.0
2017-04-25,925.371679307268,931.9104761029898,915.3150003250352,918.81298828125,3148710.0
2017-04-26,930.1417497094533,931.7118413736732,915.4542743954846,918.3560180664062,2187438.0
2017-04-27,916.6464065524957,925.2919514974757,905.3574528571082,915.2948608398438,5773186.0
2017-04-28,911.8570554780233,913.7451640279451,901.5221455205566,903.5692138671875,2540510.0
2017-05-02,911.8570084216204,915.036980552123,906.2920571932409,910.2272338867188,2382696.0
2017-05-03,912.2544219608108,932.1292459686715,901.7207652366445,929.0685424804688,3514406.0
2017-05-04,934.0966048304477,934.1164990585797,917.7396675053643,926.2063598632812,2708208.0
2017-05-05,917.4217366483854,927.1603989308314,915.2355063400811,922.3904418945312,1682474.0
2017-05-08,922.5890786816645,933.0829440761523,921.2773212461004,931.1153564453125,1071782.0
2017-05-09,931.7116192715969,938.4889519507226,927.1801993635382,935.130126953125,1790270.0
2017-05-10,936.1043747118267,936.5614569260415,920.6020092707391,927.1408081054688,1206388.0
2017-05-11,933.0433097501916,938.0914945704442,923.2847538192793,933.8978881835938,2071302.0
2017-05-12,931.4534096740133,942.0267565513578,922.2116176185098,938.3499145507812,2314446.0
2017-05-15,944.0938610003209,945.2266676603462,930.7777298719021,940.118896484375,1817604.0
2017-05-16,946.0416387347763,967.9039455122606,943.4380173368131,965.5785522460938,3601026.0
2017-05-17,967.3073419472026,978.1391171960464,963.133630383428,975.99267578125,2876198.0
2017-05-18,973.8663180364401,1022.3608857100915,970.7857204997943,1008.1304931640625,5138594.0
2017-05-19,1008.130420516419,1009.859568794912,988.176119255029,996.5831298828125,1786044.0
2017-05-22,997.7161700781509,1015.1066411701505,997.7161700781509,1006.2027587890625,1663940.0
2017-05-23,1006.9379080319393,1019.2404027766914,999.3059962050108,1002.36669921875,2748596.0
2017-05-24,1007.5736477653546,1021.5654982151781,1005.5264835788987,1017.2526245117188,2534548.0
2017-05-25,1024.3482962248154,1048.4167243790332,1020.7708283683842,1043.2691650390625,4094094.0
2017-05-26,1043.4280494638895,1044.1634566215196,1019.4391029182073,1024.8450927734375,1362550.0
2017-05-29,1025.1432335183142,1032.0994206399002,1019.1807874140975,1022.6986694335938,1749290.0
2017-05-30,1017.5906572168525,1023.9307045979325,1003.6782849502158,1014.052978515625,927634.0
2017-05-31,1006.8584142613553,1022.5595225769192,1004.8709321960939,1012.264404296875,2502730.0
2017-06-01,1005.6659813437409,1019.1808601444078,1005.6659813437409,1015.0469360351562,1080064.0
2017-06-02,1016.1006946559672,1030.2516125858785,1014.6100823899683,1019.5390014648438,1355648.0
2017-06-05,1019.5785652412262,1041.4010851880191,1017.6506683173902,1035.06103515625,1500188.0
2017-06-06,1045.8133605594805,1076.7981953715314,1045.415864033232,1071.650634765625,5946720.0
2017-06-07,1072.0478218763442,1073.240311110912,1024.1693985174563,1039.552490234375,4927776.0
2017-06-08,1032.6956516035186,1035.4582321862945,999.9021984636839,1002.3269653320312,3330714.0
2017-06-09,1001.6910745615403,1012.5824386970927,988.1761949841226,996.5236206054688,3148034.0
2017-06-12,992.5484379446289,998.868591422707,981.9749956627364,988.6529541015625,1626506.0
2017-06-13,990.7832770621345,997.2545580020452,983.5483484669546,985.377197265625,1175414.0
2017-06-14,986.7638157336194,995.2045652775729,986.7638157336194,992.873291015625,1489142.0
2017-06-15,992.3911790882696,992.672517836249,966.666984895621,969.1589965820312,2997198.0
2017-06-16,970.666152441054,978.7250787731742,959.2309652945299,964.5365600585938,2450426.0
2017-06-19,971.4497000364977,983.2869231563302,966.7269004019907,977.3984375,1644742.0
2017-06-20,977.1171578686174,984.3520854052834,956.7387982663384,982.7443237304688,1670958.0
2017-06-21,980.7349522458188,981.5990851853396,963.5318769000935,967.1895751953125,1657818.0
2017-06-22,968.2748220924091,977.1175145316091,958.6282485223726,962.58740234375,5775882.0
2017-06-23,964.4160159483622,970.264269967614,946.1679561313907,949.2628784179688,1424756.0
2017-06-27,944.8012567350847,958.5073671398994,937.164388219736,941.6862182617188,1974330.0
2017-06-28,944.5199112794094,947.7756684765585,938.531037274285,944.5802612304688,1789726.0
2017-06-29,948.1776042085207,953.4229471642884,933.747980047598,937.82763671875,2471826.0
2017-06-30,934.270449595567,955.4125589359278,933.7480054548008,949.524169921875,1753848.0
2017-07-03,947.534142120956,957.8439709795155,941.7864736182142,954.045654296875,1475956.0
2017-07-04,953.9255046734797,956.7993402868889,944.5803871041232,951.3330078125,1215134.0
2017-07-05,948.9011969102296,950.5893274640794,942.5505170838335,946.9718627929688,815856.0
2017-07-06,948.177822546049,949.3434109690643,940.5811848815175,943.5756225585938,1026788.0
2017-07-07,944.5602832992398,947.1527801954835,934.7127399201627,937.3052368164062,1232090.0
2017-07-10,967.069160595194,982.7046119280308,956.1966468735507,978.705322265625,783608.0
2017-07-11,975.1073726660919,1010.7996984308955,975.1073726660919,995.1240234375,3537504.0
2017-07-12,997.8174152823657,998.1389873483392,976.7557697163278,980.5138549804688,2646450.0
2017-07-13,982.7446344995946,993.5970292363999,975.348967708741,983.3073120117188,3131960.0
2017-07-14,957.8239997281046,974.7054969956583,954.6084764390467,963.6320190429688,4508432.0
2017-07-17,963.7330407449981,973.5404511153062,957.5029609035873,962.8286743164062,2211822.0
2017-07-18,963.109614478836,981.9405646826907,963.109614478836,968.0133666992188,1908002.0
2017-07-19,970.8873554949878,988.7737091772593,970.7266185341185,984.5935668945312,3915576.0
2017-07-20,984.452811380916,987.5276170843331,976.9164266862576,982.6239624023438,1182504.0
2017-07-21,978.6846993420114,1004.8510602016571,978.544079071575,1001.31396484375,2148416.0
2017-07-24,1000.4271882672807,1023.8054223202631,1000.4271882672807,1020.0568237304688,2271402.0
2017-07-25,1018.0617278097391,1039.9284401659415,1015.0991016117812,1036.5023193359375,2678832.0
2017-07-26,1031.8672975352113,1037.9133949817067,1026.627346414915,1030.2550048828125,1459826.0
2017-07-27,1024.6923166915005,1041.8632684644108,994.1797056342999,1000.306396484375,4255304.0
2017-07-28,1000.024453223972,1004.8815042077157,984.3046008758322,1001.3546142578125,1382752.0
2017-07-31,995.9935023205509,1015.3410086383924,992.768917934244,1004.37744140625,2019662.0
2017-08-01,1007.6828080647557,1016.0465753716932,1004.0551499557225,1008.3478393554688,1747460.0
2017-08-02,1007.6826872640371,1010.9072718632821,992.3659104176237,997.1221923828125,1251024.0
2017-08-03,999.6209727632832,1008.4885781668285,994.1593142993476,1003.4299926757812,1882548.0
2017-08-04,1003.9744639609097,1019.0897047110644,1002.8458396369284,1016.872802734375,1387890.0
2017-08-07,1014.3336107662366,1015.7443668312801,1000.1051084860632,1009.073486328125,1885520.0
2017-08-08,1012.5195325663718,1019.2105847636101,1006.1913051691339,1008.9120483398438,1073958.0
2017-08-09,1007.682958226295,1016.8932198270988,1004.9823875795563,1012.5198364257812,992946.0
2017-08-10,1011.3100983104821,1015.9857842017349,1002.1805347528971,1012.297607421875,1526172.0
2017-08-11,1007.6422262199053,1021.7901289058171,1000.8303313898003,1006.0904541015625,1394736.0
2017-08-14,1008.8920515089877,1011.673216763002,992.7691261952205,995.3487548828125,786504.0
2017-08-16,1001.2335435403606,1025.337333714302,993.6557498580275,1004.5992431640625,1373340.0
2017-08-17,1007.965013305402,1009.6982475433695,992.4064486546405,1001.8987426757812,1752374.0
2017-08-18,997.2029693027503,1027.796181908642,996.1549397541287,1013.2453002929688,2837356.0
2017-08-21,1009.8999393582619,1027.4336241964518,1005.3855390352558,1019.2915649414062,2304834.0
2017-08-22,1016.953442289392,1023.6041485112607,1004.4581760543658,1006.6952514648438,1131326.0
2017-08-23,1009.6977970854937,1014.4540778468746,996.8598835364025,1003.4299926757812,1562272.0
2017-08-24,1006.7555771880341,1014.9178067738947,1002.1000635947967,1006.312255859375,1623908.0
2017-08-28,1009.536781951737,1009.8591616606432,991.9627579301532,1002.5635986328125,2036796.0
2017-08-29,1000.4275146379633,1006.0705384916827,993.1520249166841,995.9332885742188,1312602.0
2017-08-30,1000.0245758774661,1003.6522345565863,991.6003856407917,1001.4555053710938,970782.0
2017-08-31,1001.6366896738891,1009.456268733684,994.2402586591612,1006.2116088867188,1784664.0
2017-09-01,999.6214207673736,1006.8969108699907,982.107911927574,990.1290283203125,1702330.0
2017-09-04,988.7786696300025,991.9629077852751,982.6922264041043,990.0281372070312,1062544.0
2017-09-05,991.5595837340351,1003.6517737795721,982.3090780304982,1001.3744506835938,1165994.0
2017-09-06,994.8450774802003,997.5457466407188,987.5293382755921,988.8191528320312,1228764.0
2017-09-07,990.7536658307341,994.9455866490221,987.9523275065357,991.6001586914062,870636.0
2017-09-08,989.0407585116199,997.2029899369322,988.5570904047596,995.8325805664062,1021134.0
2017-09-11,996.0742898054004,1000.8103990383515,987.529159211083,989.3228149414062,732764.0
2017-09-12,997.1626098337587,1006.4736388064742,990.3507130746925,1003.02734375,1396460.0
2017-09-13,1007.682799217675,1020.4400240931614,997.686566168131,1003.32958984375,1278980.0
2017-09-14,1000.4271716411852,1006.7151497135335,996.3560950370185,1002.42236328125,1081510.0
2017-09-15,1007.2797746488698,1014.5350911529433,1001.636750701257,1010.1214599609375,2944072.0
2017-09-18,1009.6780188658614,1015.3210426945448,1003.349790396429,1007.2999267578125,726600.0
2017-09-19,1009.6982217386154,1009.6982217386154,1004.256734316072,1006.9774780273438,782754.0
2017-09-20,1013.3257104437708,1013.3257104437708,997.3237290492509,1005.0828857421875,1334642.0
2017-09-21,1004.0752125733379,1024.2086931770384,999.621235371529,1017.7191772460938,2438740.0
2017-09-22,1015.7039857517105,1018.5254977862359,1004.4582842910004,1009.1339721679688,2435396.0
2017-09-25,1006.2923110206858,1021.3873810874957,1004.7606133409056,1012.0159301757812,1599558.0
2017-09-26,1011.7135177146862,1018.3238774319661,993.9783006710821,997.46484375,1449230.0
2017-09-27,1003.651932037904,1012.6001344012772,997.1019947304277,1005.6672973632812,2010356.0
2017-09-28,1005.5463913148989,1013.325721427206,988.3351905089535,998.1903076171875,4332866.0
2017-09-29,999.2182225305335,1001.2335880459237,976.0415191035445,981.8659057617188,1985014.0
2017-10-03,983.4983489135495,989.2623138364364,978.2785720299224,986.904296875,1923006.0
2017-10-04,987.3678682404538,989.1413504515997,977.4522309882352,984.4254150390625,1300778.0
2017-10-05,983.9016355290915,984.8891451419446,977.2105813570608,979.306640625,1684686.0
2017-10-06,979.467583524107,989.5444105150957,978.6816107001125,986.1787109375,1389188.0
2017-10-09,983.9215174856181,994.764143488712,983.9215174856181,989.181640625,1773616.0
2017-10-10,989.5443857434781,995.5703084519375,988.0328617326683,991.2574462890625,1222010.0
2017-10-11,991.560053992439,1013.5073696525487,990.2500661162295,1007.8240966796875,1527746.0
2017-10-12,1012.9223254447672,1029.8513893797772,1010.5038877397658,1027.1104736328125,5006356.0
2017-10-13,1027.111201951155,1051.5979010776648,1016.9537760688762,1031.30322265625,4066320.0
2017-10-16,1029.8718905383323,1043.9592749729777,1029.8718905383323,1041.7020263671875,1218590.0
2017-10-17,1041.9438455401134,1054.01586383712,1038.9409709663767,1045.793212890625,1443016.0
2017-10-18,1045.9748866274256,1053.4921619606112,1039.9287890168625,1042.589111328125,1514144.0
2017-10-19,1044.7651746740776,1046.2968716947898,1036.300642008894,1041.500244140625,86822.0
2017-10-23,1041.5409691927518,1059.6792600649167,1026.808626591944,1043.1129150390625,1886088.0
2017-10-24,1056.0518206107947,1056.4145471407523,1035.5152600401498,1039.283935546875,1339020.0
2017-10-25,1042.1533509134174,1056.5013997625258,1032.6553467456977,1034.6357421875,1105106.0
2017-10-26,1024.6122908792536,1038.37421231861,1017.6604819392418,1026.1279296875,3007552.0
2017-10-27,1025.784569685506,1048.0745298288793,1022.6724770537326,1044.4976806640625,1409270.0
2017-10-30,1045.1846981440292,1058.9264923191633,1043.446745616408,1057.390625,1137252.0
2017-10-31,1051.3683217963794,1067.0096941692073,1051.3683217963794,1060.54296875,1592634.0
2017-11-01,1060.5430367890367,1061.6949617979942,1042.2947842957558,1051.994873046875,741882.0
2017-11-02,1054.2784196794373,1080.751579153849,1053.5711215255408,1061.4119873046875,1468422.0
2017-11-03,1063.9382586369072,1065.6762113158202,1051.9748724594185,1058.967041015625,666886.0
2017-11-06,1058.9263244048207,1079.8623684161018,1055.591918994004,1077.3363037109375,1377000.0
2017-11-07,1079.1350973594112,1118.7438013074345,1077.538643822922,1095.3221435546875,2696892.0
2017-11-08,1100.5555966225577,1115.1057257001971,1098.6357879248137,1105.4056396484375,1402252.0
2017-11-09,1111.4685584621532,1111.4685584621532,1099.0605473807486,1105.9718017578125,1152432.0
2017-11-10,1100.2324579488422,1101.768324945201,1088.5722030761995,1094.79638671875,1356566.0
2017-11-13,1092.088800099376,1122.5429847467813,1092.088800099376,1115.0860595703125,1496996.0
2017-11-14,1114.1159393403475,1114.1159393403475,1094.2913614234444,1097.1610107421875,1657252.0
2017-11-15,1093.684999127779,1113.4893468577352,1091.8056464150043,1093.402099609375,6670834.0
2017-11-16,1095.3018178750783,1116.7228497375797,1085.9856701320691,1110.1146240234375,1653482.0
2017-11-17,1110.7006198504441,1110.7006198504441,1092.7150386026947,1094.21044921875,1325464.0
2017-11-20,1097.322484083606,1102.1320717079875,1089.3603480407892,1092.654296875,1014498.0
2017-11-21,1091.664516870634,1091.664516870634,1077.518549417664,1080.3275146484375,1527740.0
2017-11-22,1080.3474669993702,1095.1805007769744,1080.1049252923438,1083.4393310546875,1822624.0
2017-11-23,1083.5807201067162,1088.4307643593386,1078.730675854094,1083.6817626953125,793470.0
2017-11-24,1083.9851689148286,1092.432292021612,1080.3880913065457,1086.430419921875,2287512.0
2017-11-27,1086.4096981049959,1089.6026038045243,1075.9820852856292,1085.540771484375,1856786.0
2017-11-28,1085.601625112999,1092.229979780188,1079.1348991257287,1085.3187255859375,911716.0
2017-11-29,1082.1661953279372,1088.4308362345976,1071.0515098483786,1074.345458984375,1447532.0
2017-11-30,1072.526638247115,1077.9021237795332,1060.1388561608983,1065.7972412109375,4299962.0
2017-12-01,1064.9889561397197,1078.3265787403311,1059.5326559849243,1062.9478759765625,1031144.0
2017-12-04,1059.734887321642,1074.4871082931293,1052.0354207509536,1063.9180908203125,1259104.0
2017-12-05,1063.3721868202138,1071.738493298628,1062.2202618573183,1065.211181640625,1167914.0
2017-12-06,1065.3929979769139,1069.0305309745588,1056.0364942360638,1064.3017578125,1407518.0
2017-12-07,1063.8974798981424,1069.4143649169441,1056.9053141081706,1057.814697265625,1326300.0
2017-12-08,1058.1180298625793,1069.0306298649818,1049.630452082933,1051.44921875,1385548.0
2017-12-11,1054.2178541704216,1080.205930764182,1054.2178541704216,1075.537841796875,1008002.0
2017-12-12,1075.4971767486036,1075.9013470517784,1053.833609028669,1055.75341796875,1882246.0
2017-12-13,1055.4503932380255,1071.637435194682,1051.2470611445779,1062.3212890625,2961458.0
2017-12-14,1063.7766601070618,1063.7766601070618,1022.9958998029725,1033.7872314453125,5504150.0
2017-12-15,1036.192100282561,1044.5584097435192,1025.319953502662,1028.8564453125,2718138.0
2017-12-18,1025.3802583188517,1046.376889912178,1008.1424310100192,1042.961669921875,2180664.0
2017-12-19,1041.1427627753858,1049.953695642448,1036.5756183435494,1040.85986328125,1801952.0
2017-12-20,1043.5678667949035,1047.9126981535578,1030.8970865722292,1046.3768310546875,1577570.0
2017-12-21,1045.5889614048624,1054.076540913754,1042.7799964927576,1049.105224609375,1293648.0
2017-12-22,1052.4599922074242,1076.6697659224506,1046.8824195184418,1069.73828125,3665664.0
2017-12-26,1085.6016711716125,1087.1173101391826,1063.6148413518256,1070.8292236328125,2175786.0
2017-12-27,1070.8293647719368,1074.4871270306614,1055.08694568875,1058.8861083984375,739284.0
2017-12-28,1054.3999411474306,1072.4663414091485,1053.1267449631455,1061.735595703125,2605088.0
2017-12-29,1060.1794666358808,1094.8572096821079,1058.340471492661,1091.7451171875,2609542.0
2018-01-01,1084.1064740501565,1089.1586049374328,1064.9891910378174,1069.2734375,1351760.0
2018-01-02,1075.0930053134362,1078.9730796895865,1059.0070075291314,1063.452880859375,1920290.0
2018-01-03,1063.7767831153294,1078.73109199651,1063.4534269721994,1066.4644775390625,1257120.0
2018-01-04,1071.0512499584233,1075.9012933544614,1067.0095471283914,1073.9208984375,913082.0
2018-01-05,1071.0513190103316,1091.0577493088265,1071.0513190103316,1086.894775390625,1153706.0
2018-01-08,1091.2598210750643,1102.1118332099559,1083.9241695253716,1097.079833984375,1242220.0
2018-01-09,1097.322482999377,1099.747505061254,1081.7821530210615,1094.8974609375,2149396.0
2018-01-10,1095.706113318964,1138.1440114740697,1089.0978868507548,1134.3448486328125,3365850.0
2018-01-11,1135.718724452943,1140.5283123216116,1124.4827685829048,1127.83740234375,2520744.0
2018-01-12,1133.6977261115746,1133.6977261115746,1107.648969216189,1122.1182861328125,3360314.0
2018-01-15,1122.4413751504676,1134.910066886403,1105.425866756833,1109.8919677734375,1457214.0
2018-01-16,1113.8938813652246,1156.5944545827633,1111.6911719080074,1152.2294921875,4267752.0
2018-01-17,1159.9690424493451,1182.1984143429736,1156.7962653547618,1167.6280517578125,4280806.0
2018-01-18,1170.8816802667995,1185.4318150578263,1159.180966607232,1179.4500732421875,2209478.0
2018-01-19,1184.4415031743956,1205.2360490749625,1173.5692609650175,1196.0614013671875,1820000.0
2018-01-22,1199.586011941927,1269.956843316725,1183.785993547555,1262.54296875,4367110.0
2018-01-23,1261.955870563449,1273.056458454836,1251.868203528115,1256.70947265625,3239610.0
2018-01-24,1251.8475363915331,1320.3345548874413,1248.8698012319169,1286.1214599609375,5621538.0
2018-01-25,1286.2834280924303,1288.2280653401945,1248.201336048119,1264.4267578125,3833844.0
2018-01-29,1268.6199141477407,1306.5399983132977,1264.8117441036018,1295.9459228515625,3141060.0
2018-01-30,1288.3095094545688,1297.9515941183286,1273.6033150838332,1277.310302734375,1574758.0
2018-01-31,1270.8886035628911,1276.155276131051,1255.3317026172108,1260.9022216796875,3043214.0
2018-02-01,1265.6220686751858,1292.3605630838165,1251.361558105591,1271.5369873046875,2400630.0
2018-02-02,1264.0016133340043,1292.360623889575,1257.2967131995472,1277.6341552734375,2456490.0
2018-02-05,1259.950084995272,1291.5501192813272,1246.5201099870428,1257.1951904296875,2757742.0
2018-02-06,1219.4372408920417,1246.6415902741787,1209.3090246055629,1214.2718505859375,2657306.0
2018-02-07,1226.3247762185447,1227.9452912845752,1194.096763061186,1197.17578125,2180324.0
2018-02-08,1207.1819552087888,1226.5673984324162,1198.7755366936174,1204.9334716796875,2755004.0
2018-02-09,1195.1293833602679,1212.9550419595396,1173.5157327453105,1203.920654296875,2102458.0
2018-02-12,1206.5948434953293,1224.8459114616398,1197.3781654442648,1202.138427734375,1974562.0
2018-02-14,1203.2325289750345,1205.0353323428292,1171.8350471583458,1179.654052734375,2847532.0
2018-02-15,1187.8170508759586,1192.2937427123293,1176.939404821109,1185.3458251953125,2465236.0
2018-02-16,1184.1911322945757,1215.224028763077,1184.1911322945757,1188.2626953125,2515756.0
2018-02-19,1193.1041638935435,1196.4667522865334,1172.928732443989,1184.4344482421875,1568224.0
2018-02-20,1186.2171442556669,1209.3297624252518,1186.176591811697,1193.0030517578125,1889068.0
2018-02-21,1204.8528804588877,1240.7473266156032,1199.2013542814518,1232.523193359375,3089228.0
2018-02-22,1236.453006450733,1247.3914832443666,1224.501707731763,1235.7237548828125,3463010.0
2018-02-23,1235.6422665215803,1251.4422823885775,1212.18535945161,1246.0946044921875,3362500.0
2018-02-26,1245.7709774958503,1251.827632873054,1223.975029717659,1228.2288818359375,1363882.0
2018-02-27,1231.9961276225447,1247.208727013629,1228.3499700597024,1232.5430908203125,1717800.0
2018-02-28,1229.5657833506884,1241.2942411400163,1224.0762688855175,1229.5860595703125,2706864.0
2018-03-01,1235.237397888626,1240.1799482132947,1223.4886656686292,1230.659423828125,1718124.0
2018-03-05,1235.2375560878452,1261.4290901555432,1228.7352198826816,1258.2691650390625,2858168.0
2018-03-06,1264.811758097308,1266.8374015279571,1227.6006487129355,1232.7255859375,1906764.0
2018-03-07,1243.7450815233499,1251.442526653299,1222.8809539342774,1226.5068359375,1917772.0
2018-03-08,1237.6273671494512,1237.6273671494512,1210.3217380452609,1216.986083984375,1951826.0
2018-03-09,1217.411764864447,1240.9902358365523,1206.149167025124,1229.2010498046875,1872436.0
2018-03-12,1232.8067833844707,1249.3765096576017,1229.7683177665333,1236.513671875,2091340.0
2018-03-13,1184.9608563155143,1190.9567806611078,1163.5295883497192,1169.5255126953125,88067154.0
2018-03-14,1172.0172108564202,1184.2116259334227,1164.7654457123235,1169.566162109375,3668668.0
2018-03-15,1172.8473076342927,1175.9060483736966,1156.8852802129038,1162.5975341796875,2348906.0
2018-03-16,1162.2331804502617,1163.5295724484747,1136.3859508070932,1144.7720947265625,7197482.0
2018-03-19,1146.1091761344821,1153.8066219975274,1142.4630175677764,1146.91943359375,3489940.0
2018-03-20,1142.4628737698802,1164.0156996919502,1142.0577450912383,1160.6329345703125,4024984.0
2018-03-21,1163.731972115282,1168.5125096588192,1154.6165780778256,1157.3511962890625,3907678.0
2018-03-22,1158.6477784279812,1165.1298374749417,1143.4960049690599,1147.0611572265625,2326094.0
2018-03-23,1135.1704687510558,1148.1751378814627,1133.5702303772796,1141.7132568359375,3654122.0
2018-03-26,1142.0578160013424,1145.46085754988,1126.8857658258516,1141.24755859375,2964210.0
2018-03-27,1144.4885351553676,1159.8834251857759,1143.6985540012706,1153.6849365234375,2494574.0
2018-03-28,1148.9041408528312,1164.7447084511057,1144.4882787389124,1154.2720947265625,6865654.0
2018-04-02,1150.565420527028,1180.5449420478026,1150.565420527028,1178.7825927734375,1662988.0
2018-04-03,1171.6727332908742,1186.9865187687544,1171.6727332908742,1179.430908203125,1937290.0
2018-04-04,1186.8042194706109,1188.647574789194,1171.6321698331114,1179.2890625,2841820.0
2018-04-05,1185.6293409932225,1200.7001078883766,1183.1175629954248,1198.350341796875,1809424.0
2018-04-06,1196.7498104378783,1199.1805818876505,1185.629050836839,1195.2508544921875,1129018.0
2018-04-09,1190.95696221125,1200.5990462074494,1180.950301904746,1184.555908203125,1235866.0
2018-04-10,1185.2849883463732,1198.0668182953375,1185.2849883463732,1190.1060791015625,1184532.0
2018-04-11,1195.3724436570508,1225.5139708477868,1193.3468007300296,1221.1182861328125,3124416.0
2018-04-12,1219.4376416976088,1276.1556715440092,1218.6071079074648,1271.800537109375,6114360.0
2018-04-13,1276.155365120417,1312.9410697125463,1268.9036011803826,1277.4923095703125,8179118.0
2018-04-16,1262.3811351089953,1296.3916725456756,1260.2542092555543,1291.4085693359375,6270274.0
2018-04-17,1291.4084954703576,1294.3659548409923,1275.021058899512,1282.880615234375,3301724.0
2018-04-18,1282.6372669821512,1293.7580283055522,1274.4739644956874,1279.8419189453125,2433066.0
2018-04-19,1288.2684748445622,1303.3797923360403,1282.5359443651762,1292.826171875,4820952.0
2018-04-20,1316.6680897948436,1386.4920509816156,1312.6168033647057,1378.429931640625,18465662.0
2018-04-23,1387.1602917382606,1441.4069703594291,1373.2036315986734,1380.9415283203125,15185910.0
2018-04-24,1381.4888244718525,1394.9188009000707,1354.1426380636854,1371.6239013671875,8314336.0
2018-04-25,1371.3604874834532,1411.0630953928708,1363.2781906549942,1405.897705078125,8196574.0
2018-04-26,1404.5814960962332,1442.25847306103,1404.5814960962332,1433.85205078125,12135034.0
2018-04-27,1428.0786803724995,1435.776125741883,1385.5401664890633,1398.4840087890625,4501330.0
2018-04-30,1398.4839544441102,1437.8017133873054,1392.6704171176457,1430.955078125,3458558.0
2018-05-02,1430.3067050652894,1430.9954039916217,1406.3231086623236,1417.8489990234375,3158046.0
2018-05-03,1421.9206165103283,1428.483681140019,1405.9584876710046,1410.5972900390625,3761550.0
2018-05-04,1414.7096762382837,1416.7353201046044,1405.7968432264734,1410.1519775390625,2347244.0
2018-05-07,1413.8993307337437,1413.8993307337437,1381.8536071987448,1385.9251708984375,3484426.0
2018-05-08,1391.4956914573975,1412.4813803927661,1376.1007990280486,1394.1290283203125,2992820.0
2018-05-09,1393.7233806837457,1415.823165448669,1393.7233806837457,1413.615234375,2615050.0
2018-05-10,1419.145325866984,1422.4673608775072,1393.7235041340293,1398.2001953125,3858678.0
2018-05-11,1399.3951737069908,1411.873154220364,1394.6551889249938,1400.50927734375,2627876.0
2018-05-14,1400.5296654799574,1406.2014662658178,1381.8127426682895,1391.0294189453125,2433894.0
2018-05-15,1397.69405969331,1416.2489745283053,1391.0904418904747,1410.8201904296875,1952890.0
2018-05-16,1409.8274788078747,1421.5964863146664,1407.9233938629368,1415.47900390625,1648450.0
2018-05-17,1423.1969732414589,1431.3805539263608,1408.227486229072,1414.6285400390625,2968048.0
2018-05-18,1410.171899519804,1425.1211079346049,1400.9349460280555,1418.7808837890625,1874996.0
2018-05-21,1429.5775272020546,1455.2221919589513,1425.2629464022716,1440.94140625,3446178.0
2018-05-22,1441.4480124271054,1448.314924576469,1415.3982154675025,1421.55615234375,1857416.0
2018-05-23,1428.0787634823585,1436.1813380269393,1410.2530994842807,1415.9654541015625,1507298.0
2018-05-24,1422.0013840755435,1464.5398870179743,1418.9021898530777,1459.9619140625,2962316.0
2018-05-25,1468.5915971928935,1488.767027054626,1447.3426157958747,1452.7105712890625,3769772.0
2018-05-28,1465.147840459937,1465.147840459937,1412.278548829902,1418.7808837890625,3716798.0
2018-05-29,1430.0633644567952,1435.7757171158828,1413.0885161682277,1427.4705810546875,3525312.0
2018-05-30,1421.6166782364432,1431.3194894118658,1410.8604930305187,1423.66259765625,3779106.0
2018-05-31,1416.6771253821687,1437.1430026396722,1410.2228094205982,1422.43701171875,5049371.0
2018-06-01,1433.0171460017207,1435.8766442976194,1402.2163042498823,1415.4107666015625,1603856.0
2018-06-04,1425.6642633552656,1428.9322616666816,1399.1934570865164,1425.051513671875,1681483.0
2018-06-05,1424.8473200014153,1431.301636867426,1398.0089027561544,1406.5465087890625,2449568.0
2018-06-06,1407.6902628952087,1417.41257775063,1401.3176263395158,1409.93701171875,2236512.0
2018-06-07,1409.3243397315418,1428.932330545198,1408.3439800834183,1417.9437255859375,2414762.0
2018-06-08,1417.4944507300497,1435.7135835628314,1417.4944507300497,1427.380126953125,2582138.0
2018-06-11,1427.3799713915212,1440.3702848884107,1424.0302930008506,1429.504150390625,2179378.0
2018-06-12,1435.468183034461,1458.3441700150897,1432.200184894371,1455.076171875,4608875.0
2018-06-13,1483.6710206037906,1496.4570821097852,1468.9650303114622,1490.2886962890625,5370983.0
2018-06-14,1495.1090789771101,1496.988217712094,1457.5271021285052,1460.427490234375,3819998.0
2018-06-15,1470.599315761436,1509.0799779109136,1461.285500148667,1503.3201904296875,9183574.0
2018-06-18,1526.1145795123573,1526.1145795123573,1488.6960523607888,1494.29248046875,4674987.0
2018-06-19,1488.6956716906816,1502.4620934379495,1487.756102311314,1490.6156005859375,3245034.0
2018-06-20,1496.7434269443538,1500.2565654918624,1485.7956111896367,1488.9410400390625,3107695.0
2018-06-21,1496.7432680169202,1496.7432680169202,1484.9784538242197,1486.408203125,2910659.0
2018-06-22,1492.6580641880194,1492.6580641880194,1470.2314681408016,1478.605712890625,2949458.0
2018-06-25,1480.3214893313052,1488.8590946482389,1475.5011720897178,1486.326416015625,2083217.0
2018-06-26,1489.3901435077578,1520.4361256543814,1487.756144447409,1513.0831298828125,4679712.0
2018-06-27,1519.6192286627927,1540.1667881794313,1512.470482291395,1517.9852294921875,4081208.0
2018-06-28,1523.7042382055774,1528.6062357547644,1492.0863939058806,1505.485107421875,4888125.0
2018-06-29,1507.282411193867,1525.6649001109197,1505.15823242084,1509.61083984375,3506276.0
2018-07-02,1513.0834379130674,1517.8220760453153,1504.1781212749647,1512.5523681640625,2650290.0
2018-07-03,1519.578249202219,1535.8774498069013,1517.2090303296377,1531.0980224609375,3242233.0
2018-07-04,1535.8779120556612,1535.8779120556612,1517.2911669918342,1524.6441650390625,2700614.0
2018-07-05,1530.2404520866733,1542.0869478449522,1521.3351353289952,1536.20458984375,2472571.0
2018-07-06,1538.2876055874663,1569.4561588285435,1537.3072460054814,1562.8792724609375,3713781.0
2018-07-09,1571.9077615195997,1572.2345814163057,1533.1002674072397,1538.4107666015625,6151747.0
2018-07-10,1550.6649963130221,1551.4003157833665,1528.401760723175,1531.9556884765625,5303302.0
2018-07-11,1552.298875768134,1632.3648177814378,1547.5194491758593,1617.5771484375,22903802.0
2018-07-12,1620.9271052570145,1626.564422091535,1601.7276158550287,1610.592041015625,6921701.0
2018-07-13,1613.5740621008922,1632.2833711722888,1612.7570625757778,1618.5577392578125,4148185.0
2018-07-16,1625.8290545515376,1630.7310517009394,1615.5756706214843,1625.1754150390625,2582159.0
2018-07-17,1628.286302694741,1644.6592167489869,1621.7371370730427,1639.051513671875,3315492.0
2018-07-18,1641.3844161813759,1646.8693016889529,1631.6016413047455,1637.495849609375,2013869.0
2018-07-19,1639.0108708859113,1645.8465438911908,1612.7323585328375,1622.06494140625,1746318.0
2018-07-20,1624.9296987916262,1637.2912275733397,1624.192897752753,1634.5078125,1934995.0
2018-07-23,1638.1103909640035,1645.4372315503447,1625.8307028758175,1641.9171142578125,2086201.0
2018-07-24,1649.5714788546618,1649.5714788546618,1624.3162729738056,1636.47314453125,2038423.0
2018-07-25,1638.8468769485228,1638.9287215335603,1611.4222454942899,1622.146484375,1535492.0
2018-07-26,1616.7844297217252,1625.0118597148823,1600.5343311110455,1608.393310546875,3503036.0
2018-07-27,1605.2416212571243,1608.3525153171825,1588.4185097717243,1591.2427978515625,2033977.0
2018-07-30,1590.628541402872,1600.2066557965954,1581.2550884272398,1591.9383544921875,1579251.0
2018-07-31,1589.810394637815,1593.9036242841535,1578.3493516280678,1588.3367919921875,2204803.0
2018-08-01,1596.318018963344,1622.1873010233055,1596.1953020637288,1618.0531005859375,2425180.0
2018-08-02,1620.918748875796,1625.0119780396237,1592.2661447290016,1595.049560546875,1509287.0
2018-08-03,1601.6803820555126,1622.5968205776533,1601.6803820555126,1620.46826171875,1505131.0
2018-08-06,1634.8359161368849,1636.432235721509,1614.5744294446524,1617.2760009765625,1532249.0
2018-08-07,1619.4451535491635,1620.222927053134,1604.9551622182216,1610.5628662109375,1353521.0
2018-08-08,1614.3694223637758,1619.5269305724594,1606.1829648467183,1616.0067138671875,1315062.0
2018-08-09,1620.9189486131183,1621.5739053329787,1609.4579055421166,1616.2935791015625,2060297.0
2018-08-10,1621.6964990816261,1634.4264823556612,1614.4106307715815,1631.64306640625,2784105.0
2018-08-13,1635.4907529803716,1640.770978849304,1629.1052752451615,1637.41455078125,3559575.0
2018-08-14,1630.7423553967499,1657.4301872104488,1622.883376080102,1640.19775390625,3311765.0
2018-08-16,1637.5369016336272,1653.7051529048358,1633.198039800574,1644.249755859375,2152065.0
2018-08-17,1648.6297383934589,1655.2198767128264,1640.5660976703205,1647.729248046875,1213731.0
2018-08-20,1656.9387788170545,1656.9387788170545,1640.3202323174498,1645.436767578125,1587032.0
2018-08-21,1645.6011223733733,1656.9393484223003,1640.5664299596292,1651.740966796875,1376866.0
2018-08-23,1655.9567178777197,1668.400093716603,1653.9101034349858,1666.0260009765625,3046791.0
2018-08-24,1666.0260862466084,1674.9493456601047,1662.6696583752066,1672.493408203125,1570533.0
2018-08-27,1672.4933494919223,1685.5916821360097,1665.9441831698784,1678.9605712890625,1532702.0
2018-08-28,1682.317163834386,1696.2341428052787,1679.8612263689342,1693.94189453125,1987983.0
2018-08-29,1696.6432095678617,1699.9997368764464,1674.6216202991868,1696.23388671875,1525867.0
2018-08-30,1692.9595052939735,1706.8764838191175,1690.9128908049818,1704.7479248046875,2408020.0
2018-08-31,1704.6665941799463,1712.6074203529936,1697.8717924532068,1701.4737548828125,2504554.0
2018-09-03,1706.7130695359756,1710.9699883858082,1676.9142378576921,1680.59814453125,1439711.0
2018-09-04,1686.246683897038,1723.044773181496,1683.913463386451,1718.255615234375,4420803.0
2018-09-05,1719.1562121915204,1725.0913943526577,1698.7310390719945,1702.1693115234375,1681106.0
2018-09-06,1698.689913179676,1704.0111104980701,1686.6558607556287,1698.935546875,2238097.0
2018-09-07,1702.2101052664789,1706.0577002220666,1690.830809707994,1702.660400390625,1312182.0
2018-09-10,1706.3853162500873,1713.7531288416071,1698.0761408844232,1703.3973388671875,1530539.0
2018-09-11,1710.1509132082315,1710.1509132082315,1671.8382534468108,1675.15380859375,3679745.0
2018-09-12,1680.147985684038,1693.6964153797912,1670.0376289160356,1673.271240234375,2307661.0
2018-09-14,1673.3118718733297,1695.865601704441,1652.1498997424173,1690.830810546875,3642038.0
2018-09-17,1694.5968404318505,1700.982317774534,1681.9488025377996,1697.994140625,1033857.0
2018-09-18,1697.053135115787,1701.8013218247083,1684.4460668316876,1695.211181640625,1456507.0
2018-09-19,1696.1519685079213,1710.1508901105124,1692.017967559519,1701.0638427734375,1301268.0
2018-09-21,1700.327355197085,1736.3477710028972,1678.3466351515217,1721.73486328125,4508530.0
2018-09-24,1731.435995998157,1809.6166757228964,1717.6417332945564,1799.751953125,3032226.0
2018-09-25,1805.0320297973033,1810.7625503507081,1763.1993496762655,1787.2674560546875,2868778.0
2018-09-26,1790.3783306850526,1800.2020800989624,1747.8906944157704,1753.6619873046875,1970951.0
2018-09-27,1753.457005669823,1808.9612196960452,1748.4633872150912,1791.892578125,3311802.0
2018-09-28,1783.0099080601515,1792.8336541100696,1767.3329266013404,1787.6761474609375,2904371.0
2018-10-01,1793.570536631112,1863.1963837791159,1793.1204414499734,1846.49609375,3772208.0
2018-10-03,1842.1985627633449,1846.0461577977915,1764.672850566237,1770.6080322265625,3902322.0
2018-10-04,1765.4916937014234,1765.5324661015472,1683.422448464016,1690.3399658203125,4762419.0
2018-10-05,1678.2241768722365,1735.5293926678737,1654.4016000065233,1721.3258056640625,3417624.0
2018-10-08,1721.3257242327813,1737.3302915743761,1676.70952261685,1700.77783203125,2010154.0
2018-10-09,1703.0700261486988,1725.4188986463496,1680.8436707217068,1712.4434814453125,1867130.0
2018-10-10,1719.1561390777263,1724.0270414988413,1661.032288661289,1672.9844970703125,2749573.0
2018-10-11,1625.0117643613496,1647.9338446646836,1588.9913524561107,1620.8775634765625,4700256.0
2018-10-12,1619.2814409476368,1619.2814409476368,1557.8830041068518,1570.4083251953125,9373289.0
2018-10-15,1588.1729377224128,1600.9029205724594,1571.8000208386766,1595.9500732421875,2638151.0
2018-10-16,1602.9083721831232,1614.2875680497475,1584.0795200073255,1606.4285888671875,2815425.0
2018-10-17,1612.7324882976936,1628.2867610274684,1571.8001916403919,1579.4954833984375,2779207.0
2018-10-19,1579.1679213987632,1579.1679213987632,1530.9087861687742,1566.2332763671875,3428776.0
2018-10-22,1566.888038238349,1568.5253298143555,1544.7436296999203,1557.8829345703125,1778496.0
2018-10-23,1548.8587353882604,1557.0624363172235,1507.0198606505478,1512.475341796875,2752811.0
2018-10-24,1519.366944639303,1537.3740337393497,1485.7727187682979,1516.45458984375,2735913.0
2018-10-25,1512.7622997862418,1539.7524931678258,1497.2163281400365,1520.1456298828125,2507233.0
2018-10-26,1520.8845562485667,1520.8845562485667,1469.365260096371,1475.92822265625,2285970.0
2018-10-29,1483.8037317002095,1540.6143753637227,1463.8277347871704,1534.912841796875,2609483.0
2018-10-30,1531.6312885890804,1566.4150079407243,1513.5831427139012,1554.4376220703125,2404883.0
2018-10-31,1558.7033458091964,1594.7176168277779,1538.56321778384,1590.00048828125,2769190.0
2018-11-01,1594.5125608258772,1595.0867799093028,1559.7699028502966,1588.0316162109375,2769759.0
2018-11-02,1586.7601095749283,1603.4956828309287,1562.8053381496707,1569.7374267578125,1818635.0
2018-11-05,1566.9072546442208,1581.1406591539096,1546.1929048118823,1551.1971435546875,1713366.0
2018-11-06,1553.781013167829,1589.4671135230565,1551.319902798503,1585.529296875,1398710.0
2018-11-07,1591.518044551971,1598.9013756864904,1589.0569341737978,1593.2818603515625,144530.0
2018-11-09,1608.745823094205,1609.5251346596806,1562.8050958666295,1566.2506103515625,2570479.0
2018-11-12,1565.6761684972591,1596.5220609316218,1565.6761684972591,1570.885498046875,2552008.0
2018-11-13,1571.009019873056,1590.6979057618046,1561.164576928682,1587.3753662109375,1418432.0
2018-11-14,1579.21249671806,1583.2323303746373,1534.0921396689728,1542.8291015625,2422318.0
2018-11-15,1529.1699201695276,1557.8828746791487,1523.9195313163436,1536.43017578125,1829123.0
2018-11-16,1549.6792355652306,1558.5392733693786,1534.2972950322246,1547.7103271484375,1829729.0
2018-11-19,1557.8831415340649,1564.7332132547351,1529.4163332440598,1560.71337890625,1740628.0
2018-11-20,1560.3442677224064,1560.3442677224064,1537.537933951971,1540.8604736328125,1190182.0
2018-11-21,1534.9123299369223,1534.9533884956545,1475.4765611731389,1486.510498046875,3840461.0
2018-11-22,1493.073876596888,1515.7160757958304,1484.8291154079889,1486.962158203125,3194219.0
2018-11-26,1492.2534602513706,1525.888639949175,1463.950687091023,1514.4854736328125,4333177.0
2018-11-27,1520.9662932885449,1556.9805637353265,1505.666369608503,1550.7047119140625,3344839.0
2018-11-28,1549.6796668666202,1631.7167058749114,1544.3472593310812,1627.5328369140625,5313249.0
2018-11-29,1638.2790360221823,1638.2790360221823,1593.6099255978886,1608.3765869140625,4035441.0
2018-11-30,1612.8476486835943,1633.356901591575,1607.8023524396638,1614.6934814453125,5268901.0
2018-12-03,1627.6142078166995,1632.5364282032417,1614.7344378623786,1626.3016357421875,1610576.0
2018-12-04,1626.7940679236294,1656.6555625222538,1616.949625757677,1649.641357421875,3270615.0
2018-12-05,1645.6627984556028,1655.5072419159555,1628.4350223999859,1646.278076171875,2501539.0
2018-12-06,1639.0994664485202,1654.6864984117442,1624.0046365187254,1634.75146484375,2321216.0
2018-12-07,1628.4759347398,1643.9398932582535,1618.5904335955718,1636.8026123046875,1680420.0
2018-12-10,1620.231359008669,1649.7646901095866,1607.9258043832867,1620.8876953125,2010786.0
2018-12-11,1616.1294915771484,1648.9443035888671,1608.7461588745118,1640.7406005859375,2942014.0
2018-12-12,1641.642711376924,1658.7884677936663,1628.3937132302212,1654.5225830078125,2219993.0
2018-12-13,1660.4295380113326,1665.105608807283,1619.821206918664,1626.4661865234375,3748429.0
2018-12-14,1626.7940443307104,1639.8789084627185,1620.4361755240727,1632.33154296875,2473761.0
2018-12-17,1639.9201532982242,1644.7603578712972,1628.4349696333043,1636.064453125,1227921.0
2018-12-18,1634.0954887227558,1642.3812080555047,1621.3797500989494,1630.77294921875,1768742.0
2018-12-19,1628.2704295299295,1628.2704295299295,1607.9662718619268,1614.8572998046875,2498833.0
2018-12-20,1602.8392189885144,1620.14900890746,1596.4402918417763,1603.0443115234375,1940277.0
2018-12-21,1598.08109543132,1599.7218357757054,1547.6693884072176,1555.2578125,3729956.0
2018-12-24,1563.4615874060405,1590.6158213481124,1562.8052511804265,1573.8802490234375,1864116.0
2018-12-26,1576.5872847946764,1576.5872847946764,1534.297166443121,1549.8431396484375,2446614.0
2018-12-27,1566.0865907905288,1592.9126542005752,1535.8149127210124,1566.0455322265625,4968201.0
2018-12-28,1571.0086186061408,1575.110468785269,1552.9604778179762,1555.462646484375,2239130.0
2018-12-31,1565.2663253603043,1566.086695551793,1547.341256704847,1553.0018310546875,1879740.0
2019-01-01,1555.421930750953,1566.9071137839242,1546.3978583679043,1561.00048828125,1094883.0
2019-01-02,1562.805178946962,1586.9650404751203,1558.7033280835842,1577.8179931640625,2100463.0
2019-01-03,1574.2905694987082,1595.5791382370276,1553.0429591887316,1558.6624755859375,2611668.0
2019-01-04,1558.7036293292651,1559.6880336695913,1510.3017797869354,1539.7120361328125,4280862.0
2019-01-07,1551.976231053081,1565.9225230749284,1543.1161937114784,1556.98046875,1856423.0
2019-01-08,1563.1332310305024,1563.9536011422908,1545.003071588542,1553.411865234375,1691756.0
2019-01-09,1564.7744365952801,1574.2907126934626,1531.3853030303403,1547.997802734375,2414376.0
2019-01-10,1550.4995552324278,1562.805107258082,1535.8149097865794,1549.31005859375,3053461.0
2019-01-11,1534.0924893518493,1538.1943409276562,1505.3795283211996,1511.5733642578125,9209862.0
2019-01-14,1517.6848595247225,1518.5052297190603,1484.870051751215,1487.5362548828125,3615370.0
2019-01-15,1484.8700387124568,1533.558989290288,1483.229298338189,1532.2874755859375,7711653.0
2019-01-16,1534.0925005951267,1538.194352200996,1515.2239832081277,1534.215576171875,2359280.0
2019-01-17,1543.9572977527025,1560.3998674838283,1538.449077035768,1557.3580322265625,2625816.0
2019-01-18,1546.4235259511404,1565.496864756619,1542.3128839363847,1562.578369140625,1683728.0
2019-01-21,1563.688799295475,1588.3526604831009,1558.303816126507,1569.197021484375,2409803.0
2019-01-22,1567.8817188094542,1577.04847444203,1553.823337258145,1563.606689453125,2457093.0
2019-01-23,1562.866585138935,1567.059421240085,1537.3805966385105,1541.9844970703125,2578169.0
2019-01-24,1549.5479501347033,1566.3604390448324,1541.4910501031682,1563.318603515625,1962927.0
2019-01-25,1563.6885955139796,1590.818839284727,1562.8664669148661,1579.1446533203125,2327080.0
2019-01-28,1589.174765412704,1613.016497537364,1583.0088002080504,1607.2615966796875,2769033.0
2019-01-29,1613.0162714447263,1635.2548896420453,1592.1753320457235,1630.075439453125,2557626.0
2019-01-30,1627.4858265554776,1635.6249201173832,1606.9737572453841,1628.9656982421875,2429575.0
2019-01-31,1633.569457075293,1660.4941675530063,1631.9251999468831,1655.84912109375,4094319.0
2019-02-01,1652.067272533202,1672.8260178088742,1642.6949872679359,1668.8797607421875,3064163.0
2019-02-04,1668.8800834937877,1689.844364955271,1663.1663292776796,1685.5693359375,1590764.0
2019-02-05,1685.363739729657,1689.4743829972904,1667.2769093520706,1680.8831787109375,1111404.0
2019-02-06,1685.2814396587978,1715.6592538538841,1678.0057215339618,1705.7525634765625,1789812.0
2019-02-07,1705.711353131515,1724.7846969589466,1699.3398563310477,1712.41162109375,1339945.0
2019-02-08,1705.9167463730064,1717.8376103838057,1686.1856611137523,1694.7357177734375,1684474.0
2019-02-11,1693.5847028206108,1723.1813286951458,1684.45899622331,1698.4351806640625,1778730.0
2019-02-12,1701.805916423371,1701.805916423371,1659.0552363972765,1686.6788330078125,2422903.0
2019-02-14,1693.6260190235073,1705.916801134467,1671.4285473942878,1680.924072265625,1724085.0
2019-02-15,1684.5414379314216,1687.0078236384952,1653.2594057370386,1668.67431640625,1930065.0
2019-02-18,1675.1691585104936,1678.745397727782,1613.5506621719824,1619.8399658203125,2942184.0
2019-02-19,1619.5932190225121,1620.415347560087,1555.4671930916716,1565.990478515625,4408554.0
2019-02-20,1574.3761864360965,1589.8322434485435,1546.6704942120448,1574.170654296875,4645778.0
2019-02-21,1574.1705946212026,1594.9293398956172,1559.6189598589638,1573.7183837890625,4683919.0
2019-02-22,1576.1847895915364,1586.7080749987717,1566.2370543741813,1583.1318359375,2271955.0
2019-02-25,1588.7636126552197,1636.0360099269792,1587.1193553588107,1632.0487060546875,2934880.0
2019-02-26,1631.1028558118871,1681.3760309402862,1621.4428464591706,1676.0732421875,6453309.0
2019-02-27,1677.1423412967388,1705.8756956774275,1662.3440265205911,1692.02294921875,4732082.0
2019-02-28,1693.5852416930086,1702.9164833834939,1625.8418119537855,1630.6512451171875,8454295.0
2019-03-01,1640.1877389224856,1648.3678785257866,1628.1023880275236,1640.4754638671875,4148548.0
2019-03-05,1648.3675012732926,1650.0117581324182,1625.019033802216,1634.4735107421875,2449622.0
2019-03-06,1635.4603588358884,1656.5890223526765,1631.9663125108268,1643.92822265625,2635047.0
2019-03-07,1648.3674561876544,1664.0290424854434,1644.4211996907004,1655.191162109375,2539884.0
2019-03-08,1664.810491674149,1671.3875207770593,1652.5197086810856,1662.9195556640625,2031071.0
2019-03-11,1668.0169212293274,1671.3876287909018,1647.2581717817277,1656.4249267578125,3111689.0
2019-03-12,1655.8081618390568,1664.6460443684045,1646.7236005844964,1654.49267578125,2658550.0
2019-03-13,1654.944942902458,1657.3291360163907,1626.6636977758938,1644.6683349609375,1833163.0
2019-03-14,1648.326857697464,1650.670004722711,1628.63691594402,1633.8985595703125,1905495.0
2019-03-15,1643.3527578825674,1700.942801867217,1636.8579223482116,1677.10107421875,5184318.0
2019-03-18,1679.6086659298678,1697.366723300582,1653.3005517302809,1663.001708984375,2349915.0
2019-03-19,1668.9209945362857,1668.9209945362857,1640.228687415863,1663.001708984375,2373993.0
2019-03-20,1667.2767740798158,1681.0885744814625,1644.2571736487334,1656.6302490234375,3091165.0
2019-03-22,1656.5891039017276,1657.411232489272,1630.5276678195714,1648.9022216796875,3148149.0
2019-03-25,1650.6698849831268,1650.6698849831268,1625.5126689006809,1631.3087158203125,2429205.0
2019-03-26,1631.1031396694555,1640.105407681387,1609.7689426781678,1629.9932861328125,2316539.0
2019-03-27,1639.324109360955,1642.6126231209569,1612.193870840939,1617.8665771484375,2266166.0
2019-03-28,1627.8146552476442,1656.2602852122905,1621.8953693715605,1644.50390625,4054489.0
2019-04-01,1652.4784836543909,1677.101195046442,1651.039758606433,1670.277587890625,2095740.0
2019-04-02,1674.7580198784226,1714.9601253426604,1674.6758270963562,1709.451904296875,3719663.0
2019-04-03,1714.1379968070214,1717.91986835695,1692.022819484326,1709.451904296875,2939886.0
2019-04-04,1708.5063808965576,1709.7807203032417,1650.3408858308753,1656.177978515625,4397518.0
2019-04-05,1667.811217267583,1688.980928522637,1659.713270566903,1683.966064453125,3152103.0
2019-04-08,1692.7630829664297,1705.9171428632062,1671.1410568680983,1702.423095703125,2194294.0
2019-04-09,1701.8067731134577,1724.8263816386639,1691.653401210067,1719.4825439453125,2690970.0
2019-04-10,1712.493524664276,1714.5488457452461,1673.8534883420384,1677.3475341796875,3313062.0
2019-04-11,1681.2532226683393,1689.4745098207516,1655.479507517028,1660.2889404296875,3422442.0
2019-04-12,1675.4979996102477,1676.3201281674656,1650.0120143364902,1656.177978515625,3198471.0
2019-04-15,1701.8059711113938,1742.7480099796749,1677.964244946065,1737.4041748046875,9189201.0
2019-04-16,1742.9127334140874,1772.4682181608212,1739.254301074214,1752.6138916015625,5771952.0
2019-04-18,1767.4943581213056,1771.687294649868,1738.1444045663955,1767.6177978515625,3413728.0
2019-04-22,1765.9322783518323,1788.951879745618,1763.9592499469347,1776.9898681640625,2007135.0
2019-04-23,1778.2643987227948,1780.3197204966307,1754.4638127247788,1771.728515625,2163524.0
2019-04-24,1774.153286033707,1804.5720402428112,1772.5913221846304,1795.076416015625,3003071.0
2019-04-25,1788.129330854481,1812.793183693853,1782.415578423016,1804.5718994140625,4211526.0
2019-04-26,1811.1492653423709,1844.8153906173357,1803.0512185272698,1840.3759765625,2716958.0
2019-04-30,1840.3761391781034,1863.724512673611,1833.429192192451,1858.298583984375,3488395.0
2019-05-02,1853.899752410054,1857.5170374946244,1817.8083918398083,1821.3433837890625,2457699.0
2019-05-03,1796.3507644052129,1797.214039469316,1747.0230546274954,1752.7779541015625,3780886.0
2019-05-06,1734.6912204190867,1779.9082901456504,1733.4580276083623,1774.0301513671875,2891422.0
2019-05-07,1775.8387647134043,1795.8165280605194,1758.3685335163852,1769.179443359375,2201698.0
2019-05-08,1768.398537537789,1782.3747230971298,1751.4626088681246,1769.9195556640625,1824895.0
2019-05-09,1763.466157663451,1795.6114718723709,1756.1492921204615,1786.1158447265625,2264162.0
2019-05-10,1788.1298697669026,1802.106057254736,1747.722325639553,1755.9024658203125,2039633.0
2019-05-13,1753.6001252958933,1781.5524948505395,1744.2688863497515,1750.1060791015625,1701744.0
2019-05-14,1755.2442400854302,1775.6330657807014,1703.737972998413,1720.1805419921875,2456110.0
2019-05-15,1724.0037185016752,1746.201191272083,1713.7271107375975,1722.688232421875,2346876.0
2019-05-16,1723.1815565723177,1746.2011575188944,1707.602259646115,1733.6636962890625,1946529.0
2019-05-17,1736.8289963258317,1755.2445970581489,1718.248809298141,1722.7293701171875,1947908.0
2019-05-20,1747.0228795510259,1768.7269893921762,1685.3632485080486,1762.6021728515625,2625116.0
2019-05-21,1765.9734058386343,1766.5077091506455,1728.566553978039,1734.48583984375,1863157.0
2019-05-22,1734.691195386619,1744.5155911606244,1705.9166968849452,1711.466064453125,2595795.0
2019-05-23,1724.8253739367096,1739.0893818860804,1685.3632109486439,1688.69287109375,2541294.0
2019-05-24,1701.806559562683,1701.806559562683,1670.7711983919144,1683.7197265625,2274208.0
2019-05-27,1689.3097875453745,1700.9428262615945,1677.2244376254037,1689.597412109375,2329820.0
2019-05-28,1693.5851345878543,1724.414961067002,1681.253203996195,1704.889404296875,5872979.0
2019-05-29,1710.0274415654746,1745.9544202669063,1707.6433489762092,1732.6771240234375,3281320.0
2019-05-30,1745.378669062232,1772.961118224081,1738.3082842289436,1764.5343017578125,4971725.0
2019-05-31,1775.7975980844428,1812.752234808993,1769.4261020727972,1805.846435546875,4265370.0
2019-06-03,1809.5049135164275,1847.857129557353,1796.885160162524,1843.4588623046875,3682419.0
2019-06-04,1843.2099466136017,1843.2099466136017,1802.5996555236438,1809.3128662109375,2408658.0
2019-06-06,1822.4910820092002,1822.4910820092002,1783.5383394651199,1795.2242431640625,3735467.0
2019-06-07,1801.771156616141,1814.8659460603187,1775.3331051249543,1808.1942138671875,2659446.0
2019-06-10,1820.5846273696077,1853.0315506786822,1811.3023132693465,1849.42626953125,2080593.0
2019-06-11,1853.984433922238,1876.3200575108033,1849.0117443363938,1867.0792236328125,3048937.0
2019-06-12,1860.6140837799005,1878.76431395103,1839.065769223875,1873.7916259765625,2404448.0
2019-06-13,1876.3617180238182,1893.7661332528378,1858.9987823465326,1868.1568603515625,3320916.0
2019-06-14,1870.767186411682,1875.6156394995614,1851.498015037633,1868.488037109375,2131408.0
2019-06-17,1869.731581422778,1874.7042717989023,1857.6727667928185,1864.0958251953125,1489497.0
2019-06-18,1859.786143299591,1873.0466505601942,1849.177697023252,1865.46337890625,1877447.0
2019-06-19,1868.9026737823488,1886.3070889262199,1859.081530015454,1872.963623046875,1652817.0
2019-06-20,1848.1831760477994,1892.937387485728,1833.2651055684898,1887.9232177734375,2199377.0
2019-06-21,1893.765992276395,1899.981854395464,1858.128382793732,1864.6343994140625,3871804.0
2019-06-24,1868.1982514352178,1889.6223400420238,1865.4219540496942,1885.892822265625,1382424.0
2019-06-25,1881.3340210351937,1885.0220582737813,1865.1727816474465,1879.5107421875,1386077.0
2019-06-26,1877.1905066421696,1878.6823541351712,1864.7587814326187,1868.2396240234375,1762224.0
2019-06-27,1868.9027892107956,1876.3618247331449,1857.5485200501887,1866.872314453125,2813464.0
2019-06-28,1873.0467527334006,1874.662836676086,1841.96743714601,1845.8626708984375,2372928.0
2019-07-01,1852.327025408917,1868.9026587459095,1828.7897070060972,1856.0980224609375,2769940.0
2019-07-02,1860.5317560421947,1870.560094462612,1836.9529596968162,1866.4991455078125,1771746.0
2019-07-03,1866.582129797447,1872.052170027962,1849.8407796963672,1854.5233154296875,1656881.0
2019-07-04,1851.4979906147403,1866.4160585785116,1848.2658234916216,1858.6668701171875,984140.0
2019-07-05,1862.272116898106,1864.7584615134572,1773.5924922839106,1792.7374267578125,4088470.0
2019-07-08,1781.0518845426006,1814.037436878673,1767.0455546599007,1802.931640625,2788062.0
2019-07-09,1801.770940978476,1802.1023726354208,1744.2121075498383,1768.0810546875,3977224.0
2019-07-10,1723.8657043559103,1763.5229843076845,1716.6553450026572,1747.2373046875,6343581.0
2019-07-11,1763.6473845642934,1764.476166229972,1728.8800341569263,1742.554931640625,2400346.0
2019-07-12,1742.1819354359623,1756.8098501864417,1734.7229008084457,1746.740234375,1560725.0
2019-07-15,1761.160790732555,1784.8640239576418,1738.7836889208943,1778.3165283203125,2900415.0
2019-07-16,1766.1056856479624,1771.5053502560113,1744.5070272157673,1749.4913330078125,2735399.0
2019-07-17,1751.152411321806,1765.2746081873045,1737.944084790004,1758.8365478515625,1802969.0
2019-07-18,1757.96450574398,1757.96450574398,1711.278218217137,1716.220947265625,3072096.0
2019-07-19,1725.3997307218003,1742.014075745602,1713.354330579544,1725.358154296875,1953177.0
2019-07-22,1725.3995883547495,1759.0020578303986,1718.5877480194188,1752.7301025390625,1920167.0
2019-07-23,1767.6834198249715,1769.4280074359194,1746.5001267782034,1754.848876953125,3538588.0
2019-07-24,1752.8135727653269,1761.7853605247894,1724.9845421076784,1741.84814453125,2413196.0
2019-07-25,1751.8999620837467,1773.5817688131935,1738.3178533633352,1767.68359375,2544464.0
2019-07-26,1769.2617985484665,1769.2617985484665,1740.352795089151,1752.0244140625,1720592.0
2019-07-29,1753.4781247805684,1779.396464087258,1747.2477450043523,1769.4278564453125,1647090.0
2019-07-30,1769.4286090722644,1815.1180801985436,1761.4952148870432,1810.25830078125,2851672.0
2019-07-31,1804.110779309134,1837.2979037673144,1783.6750471329176,1832.3135986328125,3000677.0
2019-08-01,1827.578510966758,1842.1160673039935,1799.5417951735178,1811.0057373046875,2375236.0
2019-08-02,1805.148867158963,1835.8854102260966,1798.918486807517,1831.9810791015625,2500816.0
2019-08-05,1827.4949540077976,1870.9830869027019,1823.923031775675,1867.9510498046875,3039682.0
2019-08-06,1854.8254038964058,1870.7335571445954,1837.089510559577,1839.9554443359375,2885467.0
2019-08-07,1852.4993870150429,1859.5604833332616,1833.6005703986336,1838.7509765625,2165362.0
2019-08-08,1851.5862690406268,1894.8667345898198,1843.2790935273001,1875.8433837890625,2073298.0
2019-08-09,1877.4215108948943,1883.9840978834452,1861.9287109673521,1865.9991455078125,1744550.0
2019-08-13,1864.9604312801484,1865.9988279568079,1822.8431026372164,1827.1212158203125,1647281.0
2019-08-14,1811.8774824722675,1842.4063415339895,1800.4964938514954,1831.2330322265625,1945002.0
2019-08-16,1861.9697519990448,1861.9697519990448,1780.4349267611988,1798.586181640625,3755507.0
2019-08-19,1810.9636240627167,1815.9479276151828,1792.4385886303512,1796.8414306640625,974884.0
2019-08-20,1804.3182073139362,1831.731881734452,1799.7492615771837,1816.5712890625,1843611.0
2019-08-21,1815.075861109102,1829.2396327058214,1812.8329647921337,1816.1142578125,1214408.0
2019-08-22,1816.7788260008883,1857.193143543246,1802.656631194297,1840.86962890625,2131601.0
2019-08-23,1839.9972553143084,1877.3379576353716,1839.1249615811369,1867.2032470703125,2826425.0
2019-08-26,1866.6222170323556,1895.69732944719,1848.3464320858884,1890.9622802734375,2345475.0
2019-08-27,1885.7278267041484,1889.7568857845993,1851.6684254288753,1857.8988037109375,3432106.0
2019-08-28,1860.8068759071118,1870.9000106494555,1840.8696593795357,1860.183837890625,1294621.0
2019-08-29,1846.0200305203803,1867.6186813385566,1846.0200305203803,1855.3656005859375,1670652.0
2019-08-30,1861.638291947055,1882.4062336242869,1842.5317856040017,1877.0897216796875,2583625.0
2019-09-03,1885.7283551823061,1907.493108851556,1858.2731066292863,1870.4432373046875,2545060.0
2019-09-04,1881.5748663880734,1885.7284532895924,1854.9919102183524,1865.292724609375,2228092.0
2019-09-05,1862.6344238650966,1872.1460970738851,1833.6424691283996,1840.2882080078125,2055943.0
2019-09-06,1840.8697365614335,1855.4072908889718,1821.4310307567844,1825.50146484375,1890550.0
2019-09-09,1827.578142108773,1829.945767644881,1810.797692457235,1813.3314208984375,1703945.0
2019-09-11,1815.9486860383297,1823.4251444895397,1783.1769170562425,1789.36572265625,2627440.0
2019-09-12,1790.1960954551353,1798.5032699120036,1761.411817086837,1772.4188232421875,2118859.0
2019-09-13,1773.581413796456,1792.6463350357878,1757.4240030715446,1779.3548583984375,2291174.0
2019-09-16,1794.3079557272586,1805.481063872077,1766.437347200111,1786.0423583984375,2597948.0
2019-09-17,1790.1547269401453,1791.4839561323797,1749.1589379211205,1763.322509765625,2796530.0
2019-09-18,1766.4379089844842,1780.1863264920855,1755.4309002519092,1776.53125,1454663.0
2019-09-19,1773.581468541987,1774.246082956737,1737.029906661028,1746.126220703125,1652691.0
2019-09-20,1748.5770603347366,1768.9296376380564,1708.7857760378947,1715.8052978515625,6941979.0
2019-09-23,1743.675827995558,1743.675827995558,1640.6668700768114,1674.5601806640625,6323401.0
2019-09-24,1673.8953636444069,1712.1083595390187,1672.2339290402933,1698.567626953125,4620978.0
2019-09-25,1715.4312189636757,1737.860585991288,1711.3192089043148,1734.9114990234375,4002232.0
2019-09-26,1742.7619152650714,1750.3215245690174,1713.7699597465034,1734.2056884765625,4234281.0
2019-09-27,1732.0458692066838,1732.2119721329618,1704.133681988243,1708.07958984375,2046795.0
2019-09-30,1712.8150829657307,1747.8297470104026,1711.2781743542917,1743.9254150390625,2620039.0
2019-10-01,1741.14215558331,1741.14215558331,1694.4143001797006,1711.236328125,3342877.0
2019-10-03,1719.5849680475292,1728.8473856637177,1699.7723789142544,1711.4854736328125,2317618.0
2019-10-04,1711.776343779116,1734.496342825569,1707.0826688143127,1727.352294921875,2163251.0
2019-10-07,1727.8920244333779,1739.9374255652451,1695.494048975252,1701.059814453125,2177916.0
2019-10-09,1711.2775977799772,1711.2775977799772,1674.3106787988079,1678.1319580078125,2066920.0
2019-10-10,1684.6951522777629,1693.8746215544763,1659.0259602976664,1665.1317138671875,2881452.0
2019-10-11,1604.1153172332122,1657.2812314242663,1599.1310127778008,1650.5108642578125,12593069.0
2019-10-14,1657.2809891887139,1688.6405668036882,1634.8516224177388,1678.879638671875,3510704.0
2019-10-15,1688.0176896194162,1700.4784501234965,1680.2919775445148,1692.4205322265625,2261310.0
2019-10-16,1693.0019345495787,1707.9548466309782,1674.726153116757,1699.97998046875,3034082.0
2019-10-17,1710.6824999750563,1731.0679915338455,1698.1964278696869,1725.0797119140625,3818774.0
2019-10-18,1730.6434436019579,1753.0674033089238,1720.025999162682,1747.5040283203125,3087901.0
2019-10-22,1766.7423755738446,1793.498329819314,1732.8090719019901,1742.4495849609375,5552505.0
2019-10-23,1749.7548840506042,1770.0130514579378,1743.3844172397403,1758.3338623046875,2348134.0
2019-10-24,1770.140197226225,1782.8811295479106,1750.8589611204627,1768.44140625,2798671.0
2019-10-25,1778.6338628150133,1809.2120954135523,1762.5378624076648,1804.922607421875,3954245.0
2019-10-27,1808.3625504520185,1808.3625504520185,1791.2048072767352,1797.0655517578125,224405.0
2019-10-29,1801.9925341536573,1870.1140110573606,1801.9925341536573,1864.2957763671875,5064173.0
2019-10-30,1889.904470283238,1919.633304647244,1849.0061710997977,1913.5177001953125,5195136.0
2019-10-31,1911.1400264573085,1940.8263600605526,1900.097884082222,1927.83056640625,4879261.0
2019-11-01,1923.0317632413767,1932.375115447938,1864.423463036582,1869.434814453125,4172620.0
2019-11-04,1874.615534563879,1893.4720698304654,1852.4462330142458,1863.5308837890625,2646411.0
2019-11-05,1866.1211951885277,1878.012727611213,1842.3381303431572,1870.2408447265625,2693475.0
2019-11-06,1868.670270822624,1877.8437845356011,1850.8329636920441,1858.9022216796875,2540719.0
2019-11-07,1872.4921573032605,1872.4921573032605,1847.6048306354144,1856.226318359375,1915598.0
2019-11-08,1859.8362374028638,1859.8362374028638,1804.1158166151342,1809.169677734375,2788759.0
2019-11-11,1813.4590623591378,1816.8566437406068,1776.0856671629776,1784.537109375,2983768.0
2019-11-13,1799.0195938923832,1854.9098569333994,1799.0195938923832,1850.4930419921875,3823365.0
2019-11-14,1858.0527285059177,1868.6701726688086,1823.3973492838504,1865.9521484375,2995915.0
2019-11-15,1865.2721623767325,1878.437790116641,1842.126139414635,1846.9676513671875,2724180.0
2019-11-18,1850.322680605942,1858.2646097901224,1825.1381923375732,1828.408447265625,1611089.0
2019-11-19,1828.7484383185463,1830.149857888686,1787.9774559500881,1791.2052001953125,2975313.0
2019-11-20,1802.3746138074648,1813.4592657823007,1779.0587504360792,1790.9927978515625,2894129.0
2019-11-21,1793.9232189814861,1806.3244756978422,1790.0159169004592,1799.1046142578125,2052574.0
2019-11-22,1781.1823747127958,1789.6763297662665,1750.1794387676277,1759.692626953125,3742049.0
2019-11-25,1762.1134664143133,1770.947096617483,1743.1293941437984,1768.0167236328125,2737010.0
2019-11-26,1775.1092302208685,1781.9466979503873,1728.56231635348,1738.415283203125,6561580.0
2019-11-27,1742.9593130263515,1759.6923604733222,1738.3301496976192,1744.9129638671875,2907521.0
2019-11-28,1755.7430061824468,1778.9738486370823,1749.7547264452228,1764.4918212890625,2924429.0
2019-11-29,1770.9899181485337,1770.9899181485337,1737.6936503704494,1744.0216064453125,2064271.0
2019-12-02,1749.7544399938104,1756.294742785424,1712.3810441881174,1716.6705322265625,3809860.0
2019-12-03,1722.3192721976268,1751.4535803085766,1707.285012812919,1742.1102294921875,4664774.0
2019-12-04,1743.8090416837376,1768.4415123163865,1737.438575140811,1765.4686279296875,3334301.0
2019-12-05,1769.2907442243472,1806.4943068686948,1756.8471836767778,1801.8226318359375,3902721.0
2019-12-06,1804.1162866254033,1807.5138690860913,1784.5801874764466,1803.776611328125,1829461.0
2019-12-09,1807.4711606603541,1807.4711606603541,1744.23370548354,1750.136962890625,2244747.0
2019-12-10,1749.7542067819024,1750.4762756897658,1701.551026570799,1709.7052001953125,4520045.0
2019-12-11,1720.3655901062084,1739.5619068172912,1704.5243439968744,1734.380615234375,4943024.0
2019-12-12,1742.1948927105,1769.8425455725353,1685.2003815354112,1716.5430908203125,7137306.0
2019-12-13,1718.3272112628242,1764.5342466000986,1704.7368823551599,1759.310546875,5711133.0
2019-12-16,1780.333112620489,1814.308935380422,1766.9976436616084,1806.4520263671875,5574177.0
2019-12-17,1806.239707092139,1842.339019366494,1799.8692402201941,1838.89892578125,6059673.0
2019-12-18,1846.5855766527793,1871.6002293975416,1828.7482734744406,1841.27685546875,8251081.0
2019-12-19,1851.5123641327707,1899.6730478142347,1841.1072691916913,1893.3450927734375,6251505.0
2019-12-20,1885.6575641202778,1908.3363771332904,1875.6771693552269,1888.1207275390625,5548338.0
2019-12-23,1877.1638641236018,1904.3020061147135,1877.1638641236018,1895.595703125,2247329.0
2019-12-24,1901.7961782892041,1905.6609685850315,1878.1404349718136,1881.92041015625,1805896.0
2019-12-26,1882.5996482686996,1893.3021119309312,1864.5925094950148,1870.325927734375,1880367.0
2019-12-27,1875.464762906527,1891.093552981991,1848.2841141687513,1867.3955078125,2720261.0
2019-12-30,1874.6160469234892,1889.9051673786876,1849.2192020050302,1854.400390625,2288830.0
2019-12-31,1859.326969097468,1866.122133900017,1832.5284964330208,1836.138427734375,1909289.0
2020-01-01,1841.489333433951,1854.994638124291,1829.5977971479383,1841.149658203125,1354908.0
2020-01-02,1851.639927931224,1851.639927931224,1825.521012791325,1832.6983642578125,2380752.0
2020-01-03,1838.0914249630182,1888.2057475474996,1838.0914249630182,1869.2216796875,4655761.0
2020-01-06,1872.9174039777688,1890.7122013302808,1858.3926554471066,1869.0526123046875,3023209.0
2020-01-07,1869.095298346615,1881.1141649418284,1854.9104311718959,1873.6396484375,2429317.0
2020-01-08,1872.917237708368,1919.6339942044951,1870.4115622434235,1915.599365234375,5197454.0
2020-01-09,1910.078255013408,1912.7962793160218,1877.1641772449723,1880.859130859375,3734173.0
2020-01-10,1892.453535414921,1897.5499093882106,1875.4656221706218,1880.1798095703125,1915807.0
2020-01-13,1883.831516112741,1884.7657265528564,1855.6739364922723,1860.47314453125,2843893.0
2020-01-14,1864.4226744357131,1893.9816722063856,1864.4226744357131,1874.5303955078125,2948452.0
2020-01-15,1879.7120414428427,1895.0011588156267,1863.7433662679941,1891.5185546875,2620681.0
2020-01-16,1891.5614106677538,1910.290624337182,1881.411175147558,1901.6268310546875,3117214.0
2020-01-17,1903.2828835106784,1914.1551869102864,1879.7121594149867,1884.8935546875,3281059.0
2020-01-20,1864.3382126609704,1904.5146637131754,1831.46664629897,1843.4857177734375,5817599.0
2020-01-21,1843.1451721246278,1857.2452161534734,1833.0374516484978,1844.07958984375,1902980.0
2020-01-22,1852.5311402935263,1877.1636038737704,1846.3305131592922,1874.5303955078125,1773686.0
2020-01-23,1881.2564078841476,1888.0243942421835,1859.036761365332,1865.2088623046875,2069866.0
2020-01-24,1865.208667044992,1865.208667044992,1847.3734670765718,1858.7811279296875,1319430.0
2020-01-27,1864.1445233383472,1867.3369890269807,1843.116857571111,1846.7349853515625,1549101.0
2020-01-28,1850.779055724993,1862.5273728082846,1832.0499208464512,1859.0794677734375,1743024.0
2020-01-29,1860.1433558422534,1861.8033964448073,1830.3470091811648,1834.26318359375,2306761.0
2020-01-30,1838.860041426877,1843.116661893143,1809.0636981630155,1820.0032958984375,2098567.0
2020-01-31,1821.3227199642718,1825.536940588027,1763.603111511825,1769.9454345703125,3287223.0
2020-02-03,1832.0498536898037,1868.401358939337,1781.9919443717183,1789.9093017578125,4728073.0
2020-02-04,1812.469672064498,1819.0248284644044,1776.373600154426,1794.3790283203125,3509339.0
2020-02-05,1800.5504730917582,1836.0506465245821,1791.4413467822649,1827.4097900390625,2439322.0
2020-02-06,1826.0902349260505,1850.948857627812,1800.9761734200745,1811.915771484375,2640065.0
2020-02-07,1820.9823089894323,1831.1981985209297,1803.9558264369364,1818.8966064453125,2083442.0
2020-02-10,1822.5997272881507,1844.8193699806454,1803.9558121776593,1840.5201416015625,2383032.0
2020-02-11,1841.413882718167,1851.4595478725184,1828.3035757517846,1833.2410888671875,1335820.0
2020-02-12,1831.2834049330786,1860.1432095784326,1830.3468652602426,1848.0118408203125,1620407.0
2020-02-13,1849.8850196328256,1870.35940976988,1848.2249788850293,1866.0601806640625,1645948.0
2020-02-14,1862.6979652227585,1883.1297527754762,1848.2254490395835,1859.462890625,1500115.0
2020-02-17,1870.3164262110836,1887.3855158594727,1864.5699885782233,1875.6798095703125,1774724.0
2020-02-18,1872.8706909232762,1890.7911074635247,1861.0373673095105,1886.3216552734375,2486223.0
2020-02-19,1886.321636973739,1898.4530070862859,1864.8257004585244,1869.8060302734375,1760463.0
2020-02-20,1876.7441071135274,1885.1721331442066,1831.4110956806421,1836.135986328125,2317278.0
2020-02-24,1835.455374209675,1854.9932272784447,1793.485040457179,1800.84912109375,3092877.0
2020-02-25,1800.9763950489096,1853.0347881855864,1797.1454360426605,1835.5826416015625,2674567.0
2020-02-26,1833.7527369248078,1842.180765252635,1798.805829130253,1807.87255859375,2686842.0
2020-02-27,1804.7652197366824,1804.7652197366824,1776.0330196522216,1792.463623046875,2349001.0
2020-02-28,1760.5388279895265,1761.815814566888,1694.1355259667105,1702.7764892578125,4298076.0
2020-03-02,1732.4444620653687,1748.5770114334887,1690.4741443396501,1703.7548828125,2667076.0
2020-03-03,1719.6751402082064,1753.7281132816363,1712.8645455935205,1733.466552734375,2757585.0
2020-03-04,1750.322539165691,1783.0559127872634,1723.9314892074535,1773.478515625,3237002.0
2020-03-05,1775.6069961448131,1828.4317088981707,1774.202394230299,1809.106689453125,3937056.0
2020-03-06,1786.0780234904248,1807.9144042725256,1763.6031496112707,1801.784912109375,2595027.0
2020-03-09,1766.4977022113148,1770.6691076239867,1647.312315074166,1679.1092529296875,4940975.0
2020-03-11,1645.6099277650142,1691.8368803928918,1634.5427114893055,1663.2322998046875,6796449.0
2020-03-12,1620.9209602216379,1624.6668067543274,1496.9255939246068,1506.7158203125,8728786.0
2020-03-13,1436.950370039314,1549.4102942379002,1282.1370600504335,1537.7471923828125,8029720.0
2020-03-16,1494.0739789689922,1568.3520158151714,1426.6916473953106,1444.1864013671875,7844271.0
2020-03-17,1472.790951423967,1473.642275673345,1381.8269761622096,1411.49560546875,5713248.0
2020-03-18,1427.5004691171716,1458.7866336641725,1385.742975275671,1408.4307861328125,7258778.0
2020-03-19,1337.5118804365848,1445.348082417953,1326.4067229795735,1403.24267578125,5135111.0
2020-03-20,1397.797416044187,1602.7505341021995,1395.224782763124,1541.3931884765625,8547498.0
2020-03-23,1389.221764997717,1500.7025239172867,1387.292290324109,1431.8416748046875,7003490.0
2020-03-24,1417.563780847593,1517.8535543306596,1400.2413215434158,1460.5267333984375,6350865.0
2020-03-25,1457.825674141529,1552.155570703628,1440.6747838575109,1500.960205078125,2765520.0
2020-03-26,1570.6780426951473,1571.0640004198312,1477.1629041282688,1535.81884765625,4556067.0
2020-03-27,1560.730650199541,1586.4569795984346,1501.0455869302484,1564.589599609375,4331250.0
2020-03-30,1514.4232740898228,1633.6219349609923,1512.3223323712095,1525.142578125,8513547.0
2020-03-31,1575.6522083117031,1590.744969838719,1526.429135478663,1565.9619140625,3927593.0
2020-04-01,1565.7901954886506,1573.3794417877307,1459.5404332594183,1465.328857421875,4941878.0
2020-04-03,1492.127407700835,1492.127407700835,1414.94840385424,1418.550048828125,5735369.0
2020-04-07,1466.4010099269462,1531.4457355422403,1462.1132876756978,1522.3128662109375,5427577.0
2020-04-08,1509.2783632664298,1548.725411397257,1458.683236316021,1462.499267578125,6285615.0
2020-04-09,1501.088492607335,1525.3999591120478,1484.580763572668,1514.552001953125,5307397.0
2020-04-13,1510.1355902978232,1532.4317432494095,1497.2724251334464,1508.6348876953125,2990438.0
2020-04-15,1530.716580126181,1553.8702762961568,1481.6650878902162,1487.968017578125,4761399.0
2020-04-16,1466.3580067370287,1513.4801343842425,1436.429790884263,1471.589111328125,6245533.0
2020-04-17,1543.579994850095,1588.1293867180648,1503.2754060956759,1548.896728515625,9895823.0
2020-04-20,1569.3059823077422,1569.3059823077422,1545.7235153604947,1559.5728759765625,3244282.0
2020-04-21,1513.5657551629176,1538.9490466079792,1481.5793095129716,1490.1119384765625,5122541.0
2020-04-22,1490.1121565567787,1535.0045882432803,1474.2475839967224,1517.4249267578125,3829836.0
2020-04-23,1526.4291192141955,1629.334453093804,1510.007122079764,1610.682861328125,5934366.0
2020-04-24,1578.4818281142298,1588.1292019596951,1550.2687030129441,1559.4873046875,2987102.0
2020-04-27,1571.2786862470853,1607.8957911928987,1565.0185700944214,1574.966064453125,3374741.0
2020-04-28,1599.3204875353085,1601.8931210273224,1571.5360248854133,1594.2181396484375,2678505.0
2020-04-29,1607.038383302634,1640.0967654504395,1586.5002345238574,1634.1796875,4241510.0
2020-04-30,1697.9379827411499,1742.530293398998,1665.52276119835,1727.4803466796875,5915544.0
2020-05-04,1685.932402594471,1685.932402594471,1641.0399712031374,1655.4466552734375,3729348.0
2020-05-05,1676.5849183062858,1695.3651602896416,1652.4879432868686,1657.4188232421875,2905528.0
2020-05-06,1663.4644302821146,1675.384211987034,1623.8458218790292,1632.4212646484375,3517431.0
2020-05-07,1637.909869629695,1658.8767891775371,1615.0562895178284,1622.1739501953125,3166754.0
2020-05-08,1662.8641720778194,1663.2072107423937,1617.5429756446713,1623.6744384765625,2686530.0
2020-05-11,1637.051892149718,1673.4117874845715,1637.051892149718,1659.6053466796875,2449841.0
2020-05-12,1657.9761506453801,1677.7854028013492,1638.1239794026462,1671.7825927734375,3256595.0
2020-05-13,1709.943448258849,1709.943448258849,1651.3303123803003,1671.911376953125,2656665.0
2020-05-14,1637.909600013501,1649.1434093182913,1621.701991935866,1631.349365234375,2263146.0
2020-05-15,1643.0552282870876,1644.2558114985986,1599.4919267086482,1623.2459716796875,3173682.0
2020-05-18,1635.3371617710861,1674.7412848612455,1605.4088414401817,1668.4383544921875,3727694.0
2020-05-19,1631.906792945161,1686.3179365759659,1631.906792945161,1671.0537109375,3198693.0
2020-05-20,1672.2116890198765,1683.2740334372288,1656.5185836044789,1675.298828125,2778505.0
2020-05-21,1668.781512894566,1713.3738246471444,1664.6224432153253,1707.54248046875,3400908.0
2020-05-22,1695.4511193504916,1742.5303308191005,1681.859060688465,1732.5399169921875,3663418.0
2020-05-26,1727.9515561797357,1735.669453949273,1650.772578484363,1666.2083740234375,4575317.0
2020-05-27,1679.9296808542888,1723.6644504936808,1664.708265930775,1719.634033203125,3482160.0
2020-05-28,1705.227123129921,1727.0945064036514,1690.4774005979664,1718.7763671875,3475681.0
2020-05-29,1699.652887320191,1717.3611989340122,1682.845039138534,1691.3775634765625,7237735.0
2020-06-01,1706.5134904332447,1766.5416031620523,1698.8813237358663,1753.892822265625,3747773.0
2020-06-02,1766.7128638423767,1784.5498285565518,1749.4334285838615,1755.52197265625,2443886.0
2020-06-03,1764.7246998002104,1774.9593907336337,1737.3315417477602,1759.822265625,3699799.0
2020-06-04,1760.3386612846123,1806.1371387310055,1760.3386612846123,1798.86962890625,4048593.0
2020-06-05,1798.9125749796256,1804.4169086319878,1754.7911853136982,1761.628662109375,3573289.0
2020-06-08,1787.4303892680414,1801.8364804602654,1773.5404211540367,1781.8399658203125,2957841.0
2020-06-09,1774.4004814225148,1802.2665080792453,1771.949211772973,1782.0980224609375,2909439.0
2020-06-10,1786.3983307302244,1833.6588679053052,1783.3450575054644,1813.662353515625,5168397.0
2020-06-11,1806.1369138186446,1810.437239803927,1773.2824652864574,1778.313720703125,2269513.0
2020-06-12,1729.763019091141,1762.4454953845413,1729.591048053387,1754.1029052734375,2842642.0
2020-06-15,1753.7589936864117,1770.8743128019998,1720.9474840858131,1745.846435546875,2399022.0
2020-06-16,1776.0344483153544,1783.731989037868,1746.7922346384917,1759.521240234375,2146528.0
2020-06-17,1759.693295813712,1770.7452169751268,1742.9650706519071,1761.241455078125,2703527.0
2020-06-18,1758.8333968710685,1771.046281152258,1741.8040633069688,1752.89892578125,1944389.0
2020-06-19,1756.2529874121185,1797.536113462942,1747.65233615153,1758.4891357421875,5681758.0
2020-06-22,1763.1334224123493,1765.0685688515825,1736.6004355654366,1744.1689453125,3196138.0
2020-06-23,1743.3522611586104,1757.9733704036505,1728.7311519135703,1750.4908447265625,4205944.0
2020-06-24,1749.3724348467176,1775.3894044406768,1747.3082575837284,1756.4249267578125,2560937.0
2020-06-25,1750.2326701599084,1771.7343000144529,1728.0859914097277,1733.9774169921875,3043931.0
2020-06-26,1741.6319230401405,1833.6588937884342,1737.2885520515113,1822.34912109375,6300722.0
2020-06-29,1813.0170387895114,1829.874396954938,1798.6539951360187,1807.5555419921875,3076341.0
2020-06-30,1806.1370388601213,1816.3717314229143,1784.6784527033237,1790.7847900390625,3071725.0
2020-07-01,1788.6774279467036,1818.1346589634443,1788.5054569142367,1799.29931640625,2503466.0
2020-07-02,1807.8569203341992,1862.0410240359379,1804.416659781708,1855.2894287109375,3758699.0
2020-07-03,1860.879698597409,1896.443473115728,1857.955561359751,1891.842041015625,4185208.0
2020-07-06,1896.4438781834046,1952.2620289745637,1896.4438781834046,1946.4996337890625,5190366.0
2020-07-07,1956.6481348231946,1980.471896491389,1919.794260688648,1952.26171875,5630055.0
2020-07-08,1952.347849738145,1956.1320523283996,1898.6798694893826,1908.3984375,2793358.0
2020-07-09,1917.0851649094066,1930.4161743558382,1884.4457353891564,1895.8846435546875,3443998.0
2020-07-10,1896.6586468660116,1935.017636037668,1871.5017415623813,1911.3658447265625,9610320.0
2020-07-13,1909.3448486328123,1930.80343455338,1900.7441961614934,1909.3448486328125,2963503.0
2020-07-14,1900.7435804542267,1925.6854645416352,1862.0406568703172,1868.01806640625,2976738.0
2020-07-15,1879.2422175869126,1943.7470991974474,1875.8880477338962,1921.29931640625,5569321.0
2020-07-16,1934.3153668702457,2011.0328658236556,1913.7137856000968,1926.3419189453125,8582118.0
2020-07-17,1928.2814767515335,1934.2291539445812,1887.8108816781694,1897.0341796875,4509135.0
2020-07-20,1897.2498320904228,1919.575404726878,1888.4575305692188,1903.197509765625,2952646.0
2020-07-21,1922.2479101758267,1929.7040791011623,1897.3792824053805,1917.9810791015625,2665286.0
2020-07-22,1923.109713519894,1923.109713519894,1882.768329165536,1888.5867919921875,2861534.0
2020-07-23,1888.5866457748555,1888.5866457748555,1864.4939436549241,1871.562255859375,2265766.0
2020-07-24,1857.166926407,1864.4938787738874,1831.8243753406698,1859.6666259765625,3665100.0
2020-07-27,1866.2180993960317,1909.3178245552936,1864.9251076412538,1902.24951171875,4248480.0
2020-07-28,1909.317958454818,1999.827387636649,1909.317958454818,1990.991943359375,8092319.0
2020-07-29,1975.6911513090465,2018.7908710147412,1936.082550989083,1961.9423828125,6090431.0
2020-07-30,1970.4331846426496,2032.5830735735633,1958.6670436503518,1964.91650390625,7098496.0
2020-07-31,1985.3025798902256,2012.584832515376,1945.9094727068618,1966.55419921875,4723290.0
2020-08-03,1974.35451758055,1985.9053658032456,1922.8503655840912,1943.0640869140625,4012337.0
2020-08-04,1948.064324992908,1956.4256291104193,1917.9808027156373,1939.2288818359375,2927928.0
2020-08-05,1948.1075109088017,1982.5872898629398,1942.0735495918275,1947.676513671875,3800641.0
2020-08-06,1961.037357766223,1999.3961104785733,1952.7191955706671,1989.5694580078125,4748047.0
2020-08-07,1989.483370230704,2006.7232607872957,1971.3814851462823,1978.5792236328125,3165491.0
2020-08-10,1998.1031490910125,2004.1371102832632,1961.9425237498833,1967.760986328125,2929353.0
2020-08-11,1967.9328864899712,1992.9307199145042,1961.5542131745617,1965.2606201171875,2774423.0
2020-08-12,1972.5453174427585,1979.4842052287313,1936.5139030760297,1945.823486328125,3415751.0
2020-08-13,1959.3130343232845,1982.5868803095268,1939.9181626680827,1943.322998046875,2695682.0
2020-08-14,1962.7609209148325,1966.467538305201,1924.9194572555043,1932.7203369140625,2270405.0
2020-08-17,1950.6938115755208,1956.72777387381,1929.359444877998,1942.4185791015625,2625630.0
2020-08-18,1950.5210216724342,1973.1052334564138,1938.0221025439423,1956.5118408203125,3493374.0
2020-08-19,1962.2009019030554,1969.3123552148145,1941.6422526953813,1945.176513671875,2843005.0
2020-08-20,1945.521528827308,1962.3735628923243,1930.9107645750018,1941.9443359375,2895164.0
2020-08-21,1948.1074140529709,1957.5893527939368,1931.7726616751515,1938.28076171875,1975294.0
2020-08-24,1940.0048396921034,1948.0643617234116,1922.2476694187735,1937.849853515625,2167966.0
2020-08-25,1935.1776266958882,1939.487599138418,1925.3078318920695,1933.15185546875,1663419.0
2020-08-26,1932.5914588591356,1948.0210745522418,1910.5674596893462,1942.50439453125,2618149.0
2020-08-27,1953.279340147062,1971.6830050464773,1932.3759756287186,1938.108154296875,3579393.0
2020-08-28,1955.3483306763478,1965.3044097045517,1926.644080847966,1929.617919921875,2941136.0
2020-08-31,1930.86741333481,1962.0715678357406,1920.5234807633735,1945.73681640625,6018154.0
2020-09-01,1955.865891827563,1963.6238438004357,1931.9886817339716,1936.341796875,3610908.0
2020-09-02,1936.9016369704252,1955.6500173015809,1932.2898822270597,1952.5467529296875,2084137.0
2020-09-03,1955.0033042594177,2003.2749907843415,1955.0033042594177,1982.1561279296875,4654146.0
2020-09-04,1961.0375389669784,2003.4907692061538,1950.6504628797968,1972.93310546875,5231303.0
2020-09-07,1973.1050045968163,2020.0836951824547,1968.234820852851,2005.9039306640625,4620401.0
2020-09-08,2013.575822266718,2060.5545181323905,2005.9041561118333,2024.13525390625,7453998.0
2020-09-09,2004.136941640985,2033.444750680036,1999.8269697234775,2006.421142578125,3866535.0
2020-09-10,2012.7563837987345,2024.3933050755152,2003.533088283734,2009.4376220703125,2308813.0
2020-09-11,2009.2657538113035,2054.1326032869774,2008.576116219162,2046.4609375,4145424.0
2020-09-14,2055.0811572043826,2159.942703214201,2053.141669592996,2147.572998046875,7512131.0
2020-09-15,2147.572998046875,2187.742025644076,2124.4717139673253,2147.572998046875,7318770.0
2020-09-16,2145.4607150897095,2161.537035384561,2135.4185654669823,2157.57177734375,3074003.0
2020-09-17,2137.745985610589,2151.322396607914,2112.4034359280504,2121.324951171875,4828176.0
2020-09-18,2142.0563848371517,2155.331016282342,2100.1633669344233,2111.80029296875,4183256.0
2020-09-21,2124.816066637426,2159.209556924349,2113.7393550926554,2125.07470703125,4598809.0
2020-09-22,2142.056392861508,2202.3960095618318,2118.7825407056685,2174.76904296875,7499613.0
2020-09-23,2163.6066263137977,2172.0973580105706,2076.5451644581426,2126.9287109375,7502280.0
2020-09-24,2111.8863169870165,2111.8863169870165,1984.8284243808987,2010.386474609375,8424708.0
2020-09-25,2041.202457512245,2103.266045747415,2027.4968326227743,2088.0087890625,8228267.0
2020-09-28,2103.266312307402,2106.7142898685615,2039.4787274259481,2091.45703125,4347166.0
2020-09-29,2098.8276616514286,2164.511608884963,2091.4575656417346,2144.9873046875,6995811.0
2020-09-30,2145.5042530896676,2159.2961647206175,2120.5064132585703,2148.348876953125,3917166.0
2020-10-01,2163.606167384429,2189.466002054363,2148.3489070187434,2175.199951171875,2610337.0
2020-10-05,2258.4258316620735,2351.6075312620997,2243.8150654132287,2332.385009765625,17412105.0
2020-10-06,2358.41715422684,2358.41715422684,2284.3719045068437,2339.7119140625,9846367.0
2020-10-07,2363.5888880431457,2387.724733727029,2329.971102983451,2358.373779296875,9656101.0
2020-10-08,2413.5848185430414,2486.8543576773836,2413.5848185430414,2435.738037109375,19839329.0
2020-10-09,2422.2042289588567,2439.3149017304636,2396.3443973329613,2424.7470703125,7739245.0
2020-10-12,2426.9444446361526,2460.131218253092,2414.2300313673254,2439.443359375,4623203.0
2020-10-13,2452.3742145250258,2460.9078754157563,2424.1007544261665,2436.470458984375,4209878.0
2020-10-14,2460.23291219888,2460.23291219888,2413.097246491396,2432.185302734375,4395936.0
2020-10-15,2433.397154585035,2447.897119842701,2360.680910904799,2372.4541015625,6629355.0
2020-10-16,2380.6781833847426,2399.333195222114,2364.4035517341244,2392.10498046875,5273773.0
2020-10-19,2401.367169828071,2401.367169828071,2343.0211306291167,2347.30615234375,3331194.0
2020-10-20,2358.949717103499,2389.161502336794,2352.846704006739,2371.069091796875,3406273.0
2020-10-21,2371.0693743031625,2379.726071544138,2305.321801026984,2316.0126953125,4570143.0
2020-10-22,2303.5467901102547,2325.751130662899,2283.7230409416024,2312.333251953125,5262294.0
2020-10-23,2326.747261571152,2339.0397300968557,2311.4249488354785,2325.881591796875,3499091.0
2020-10-26,2328.6076951053396,2345.921085594935,2311.770465123228,2327.0927734375,2672752.0
2020-10-27,2337.091759781359,2353.019997636108,2271.603931872907,2276.841064453125,3537502.0
2020-10-28,2294.0243969315857,2299.175088685862,2255.934935246684,2269.958740234375,3569445.0
2020-10-29,2257.6664545492144,2298.352928231658,2250.9575147398755,2279.005126953125,3105968.0
2020-10-30,2281.9918800354617,2315.1037445996953,2269.4396699392164,2306.8798828125,3427003.0
2020-11-02,2302.681654922059,2306.8802379662798,2250.7847929758373,2254.7236328125,2571196.0
2020-11-03,2254.203730968462,2307.0095787369246,2251.650047812619,2279.82763671875,2879269.0
2020-11-04,2259.397661903571,2356.222891454612,2259.397661903571,2296.751220703125,4893928.0
2020-11-05,2324.322784510374,2345.964523658515,2308.740732323712,2324.9287109375,2816502.0
2020-11-06,2336.442701097368,2348.77849527693,2321.120388490733,2343.757568359375,3884421.0
2020-11-09,2364.230474376874,2375.397528365028,2333.066366861881,2360.3349609375,3646592.0
2020-11-10,2334.8842167242133,2348.6916058399343,2283.9396829048114,2293.678466796875,4760020.0
2020-11-11,2309.563442167529,2331.0754188280953,2288.3112086869273,2326.7470703125,3242441.0
2020-11-12,2325.1887899233507,2348.561871579319,2304.1962999175275,2312.2470703125,2437505.0
2020-11-13,2299.0022686510715,2306.923061740111,2281.905292352151,2299.95458984375,2548093.0
2020-11-14,2318.219831203173,2327.7855224207824,2302.724430114096,2311.640869140625,298819.0
2020-11-17,2332.980043023254,2332.980043023254,2294.0682289160723,2307.9189453125,2827273.0
2020-11-18,2303.546871302431,2306.316971832417,2256.8440373193826,2273.81103515625,2893762.0
2020-11-19,2282.7704893793407,2316.661366031747,2277.4467064506803,2282.683837890625,4167501.0
2020-11-20,2298.352452061161,2316.5315110040174,2274.589867283444,2302.897216796875,2711471.0
2020-11-23,2328.6518338261103,2363.278626894157,2307.0100881585818,2358.301025390625,3706418.0
2020-11-24,2367.087134181822,2374.5319781116973,2341.6365296362164,2356.396240234375,3120516.0
2020-11-25,2362.4123554332427,2365.831708108873,2327.092993229563,2338.433349609375,3302249.0
2020-11-26,2325.188856577304,2364.100668032456,2319.9948382826415,2355.14111328125,2341099.0
2020-11-27,2341.636214648055,2352.630176048545,2310.515435506136,2319.69140625,6086808.0
2020-12-01,2319.1294845998823,2368.3860136018397,2271.907152900118,2360.508544921875,3605017.0
2020-12-02,2353.755414171548,2384.6597736259287,2339.428541411709,2380.20166015625,2509032.0
2020-12-03,2401.280640557241,2401.280640557241,2338.0003243041824,2345.48828125,2852548.0
2020-12-04,2346.6567750695017,2370.938845284162,2336.4418333438507,2361.15673828125,2686527.0
2020-12-07,2350.29343024763,2375.3978536278073,2342.632168229754,2369.944091796875,1996400.0
2020-12-08,2371.9346876491622,2428.6793718070185,2365.3988399451932,2421.53759765625,4277818.0
2020-12-09,2436.860135601058,2458.501877480286,2417.9451686605585,2433.224365234375,3659996.0
2020-12-10,2439.4567120169218,2447.50748083731,2406.7776875745376,2410.28369140625,2127801.0
2020-12-11,2417.555689992318,2430.5407352832267,2393.1871728677684,2409.67822265625,1795408.0
2020-12-14,2425.6059660824553,2427.337305101786,2386.001586015263,2421.883544921875,2483658.0
2020-12-15,2411.755668773614,2419.2869525341393,2384.919909357971,2390.590087890625,2365509.0
2020-12-16,2405.696192223398,2441.0155596607315,2389.6379763790737,2436.167724609375,2565149.0
2020-12-17,2433.396947270114,2470.3609923893687,2428.202930306891,2456.943115234375,2863460.0
2020-12-18,2482.7410853258257,2508.711180360615,2463.869440664844,2476.681396484375,6076692.0
2020-12-21,2476.680308698545,2498.7548797827158,2410.889430173173,2441.317626953125,2705195.0
2020-12-22,2453.307465051131,2496.287872975966,2440.019353135344,2486.6357421875,2881737.0
2020-12-23,2489.7087634043987,2526.8892254982275,2480.5325823297817,2518.01611328125,2790988.0
2020-12-24,2518.2325756681926,2528.923678531944,2495.8982602976826,2518.53564453125,1807144.0
2020-12-28,2519.099156567203,2553.4662058843264,2512.1737980611765,2535.89306640625,2108994.0
2020-12-29,2527.7549526264715,2555.456376764844,2527.7549526264715,2536.844482421875,1994151.0
2020-12-30,2540.2208565055953,2551.7343047574036,2512.1732452660362,2518.49267578125,2637968.0
2020-12-31,2510.441995377041,2514.770343644933,2462.830164430235,2478.19580078125,4040956.0
2021-01-01,2493.128415008964,2545.068590321651,2492.2627454204194,2534.89697265625,2681440.0
2021-01-04,2553.7257942773526,2640.94202267513,2545.8914406733347,2631.159912109375,5113293.0
2021-01-05,2631.289920331589,2695.912084195285,2631.289920331589,2677.5166015625,5801309.0
2021-01-06,2683.5762925251925,2695.2628344442537,2629.212188588231,2641.59130859375,3726716.0
2021-01-07,2661.934294794004,2666.9985470148386,2597.2254855140523,2625.403076171875,3717827.0
2021-01-08,2674.9191063650233,2707.814551686017,2648.949017953712,2701.668212890625,5879039.0
2021-01-11,2796.112751935151,2796.112751935151,2723.8726675326607,2749.756103515625,9508039.0
2021-01-12,2749.7557939786334,2778.7990474759436,2726.8588783642435,2748.370849609375,3611458.0
2021-01-13,2748.499991382681,2750.23132995993,2706.298613562238,2734.60595703125,3572801.0
2021-01-14,2736.384779134482,2833.0906120579352,2706.3755301382444,2819.386962890625,6931542.0
2021-01-15,2805.7700994774764,2839.5954577091984,2784.0871775340647,2804.339111328125,4131692.0
2021-01-18,2818.7802698758924,2824.6346596671733,2764.4861405941256,2794.278564453125,4160906.0
2021-01-19,2804.0356658558094,2843.932245079245,2803.1683489161696,2828.060302734375,2975735.0
2021-01-20,2836.1261395670062,2886.3871093851058,2833.611005365385,2869.778076171875,3453446.0
2021-01-21,2866.482167000132,2870.081447200783,2829.274359122853,2839.46533203125,2778546.0
2021-01-22,2811.7547497893943,2883.828873399442,2811.7547497893943,2864.834716796875,3052459.0
2021-01-25,2869.9084013829615,2896.6652141947725,2843.628655246773,2854.600341796875,2272887.0
2021-01-27,2862.1452257315327,2867.7393763232853,2798.831104071411,2828.36328125,2786662.0
2021-01-28,2801.433829608627,2840.4630934886236,2761.3638277079594,2772.422119140625,3083938.0
2021-01-29,2784.1304979724146,2790.0282949045827,2688.682236236561,2698.5263671875,5445659.0
2021-02-01,2688.6827581905527,2745.0583644106773,2640.1998215401736,2722.811767578125,3985846.0
2021-02-02,2752.8640518252305,2796.22990015266,2732.0484446280643,2778.406494140625,2881837.0
2021-02-03,2786.6892311636057,2806.637520088835,2743.0197400566317,2775.45751953125,2505866.0
2021-02-04,2789.334515140999,2808.242065615907,2754.5984314876746,2765.396484375,2057261.0
2021-02-05,2774.503104930519,2780.4877180496956,2713.8343355910642,2738.943115234375,2366135.0
2021-02-08,2766.3074725517463,2797.964541919402,2736.515049968468,2787.6435546875,2526592.0
2021-02-09,2771.0779175109137,2815.1376650902857,2744.191089516285,2755.37939453125,2658751.0
2021-02-10,2762.4045940346355,2792.2402135852535,2738.3799559273443,2786.94970703125,2127983.0
2021-02-11,2788.424261501262,2792.1537670931702,2762.4481587085925,2780.618408203125,1165882.0
2021-02-12,2761.7106818341476,2814.8772549896066,2759.8026268300505,2767.43505859375,2777404.0
2021-02-15,2783.2204965684164,2783.2204965684164,2716.0468313892998,2723.24560546875,2630853.0
2021-02-16,2732.0486043077217,2747.3566649630898,2688.6827534456943,2696.315185546875,3435770.0
2021-02-17,2693.105949070788,2717.173994459445,2641.457182292696,2665.351806640625,3678426.0
2021-02-18,2658.326540580916,2686.8611844905117,2628.837763295516,2651.691650390625,4189909.0
2021-02-19,2652.254667946984,2677.5368669533314,2615.957376624935,2664.26708984375,3725028.0
2021-02-22,2685.2130530835975,2685.2130530835975,2552.643583641845,2565.91357421875,5366696.0
2021-02-23,2575.9312418329996,2626.235622986641,2574.1966080001152,2584.77783203125,3832829.0
2021-02-24,2577.6660468399523,2604.856518674956,2533.5628940112133,2556.937255859375,3774549.0
2021-02-25,2579.40013346104,2627.8830573231544,2574.5864829270854,2597.8740234375,4224073.0
2021-02-26,2567.258568983201,2577.970019670967,2497.8732022539252,2510.27587890625,5553153.0
2021-03-01,2537.7692205642184,2571.5945792798725,2516.7801941721673,2536.2080078125,3265871.0
2021-03-02,2567.258269239671,2623.6338731250016,2556.850465445456,2607.45849609375,3306469.0
2021-03-03,2632.3072908428153,2657.4594857141306,2599.2624259853624,2653.209716796875,3509857.0
2021-03-04,2621.8988348222974,2672.5934623026014,2615.871025070524,2645.05615234375,3916760.0
2021-03-05,2615.91480530581,2656.7653076598276,2599.0021243430324,2608.932861328125,3203686.0
2021-03-08,2615.8287554377403,2630.5731482900087,2598.48241090566,2607.9794921875,2003125.0
2021-03-09,2607.9794007887153,2659.975024351923,2595.099867473441,2646.141357421875,1942397.0
2021-03-10,2666.999492233284,2682.7846176102144,2653.989738612634,2663.48681640625,3053778.0
2021-03-12,2666.999710906582,2703.42702403116,2637.8145792568857,2652.2119140625,2938317.0
2021-03-15,2637.5115207083395,2687.8159166968576,2637.5115207083395,2659.324462890625,3097083.0
2021-03-16,2653.989913464924,2724.242587644878,2653.989913464924,2697.399169921875,4894756.0
2021-03-17,2693.0191791112024,2736.3850274060687,2675.933077232486,2699.914306640625,3838390.0
2021-03-18,2711.1893687333422,2728.9693661508304,2590.7191294669396,2633.60791015625,3656306.0
2021-03-19,2627.969745995936,2687.8146015978236,2606.2868272996,2645.489501953125,5776626.0
2021-03-22,2644.1894098063353,2722.8984309573634,2618.12649048069,2714.398681640625,2821646.0
2021-03-23,2723.375506230923,2748.52770039675,2708.5011036904066,2725.630615234375,3305973.0
2021-03-24,2698.396832375288,2734.0436487376264,2698.3534241722164,2706.9833984375,2207104.0
2021-03-25,2699.2633693691996,2715.4389551376166,2645.3163054244246,2658.196044921875,3179786.0
2021-03-26,2680.5735698388994,2704.2947777486856,2639.289402012117,2659.88818359375,3697370.0
2021-03-30,2673.938508919204,2765.397050989307,2654.7707171015195,2739.46435546875,4694008.0
2021-03-31,2736.385091308138,2779.750940615715,2716.436800626652,2756.203369140625,3530069.0
2021-04-01,2767.695162222246,2788.4239523165975,2727.711766729611,2745.05810546875,4285076.0
2021-04-05,2750.261855809513,2830.055009620448,2732.915518024527,2809.152587890625,5317862.0
2021-04-06,2840.463437572141,2840.463437572141,2801.4341689642797,2831.530029296875,2291562.0
2021-04-07,2826.5861739415063,2842.6749470447644,2805.5971443641874,2837.3408203125,2491268.0
2021-04-08,2836.1267884154877,2892.5023973595266,2832.7009283752777,2877.1943359375,2578118.0
2021-04-09,2908.9811618749527,2909.28480751802,2869.084580644706,2881.44384765625,2911129.0
2021-04-12,2881.443941356318,2895.191000687045,2786.8629789060474,2815.7880859375,3791828.0
2021-04-13,2787.5570248326494,2787.5570248326494,2665.3087278385674,2692.195556640625,8654596.0
2021-04-15,2740.9815594108586,2807.7215505195786,2677.7974404373754,2791.849609375,6062760.0
2021-04-16,2800.56628141377,2816.1779856768385,2760.32286179011,2771.20751953125,3224657.0
2021-04-19,2748.527109701049,2765.873446777105,2719.125153056046,2742.282470703125,2679106.0
2021-04-20,2797.097389246974,2797.4010349028745,2711.536649930642,2727.32177734375,3141893.0
2021-04-22,2730.313402253925,2730.313402253925,2693.2356074806225,2704.98779296875,1988980.0
2021-04-23,2693.0196803489057,2705.162120131477,2680.9206487721694,2696.922607421875,1615309.0
2021-04-26,2690.460855279942,2734.6506159377814,2678.318416769593,2689.376708984375,2490260.0
2021-04-27,2693.8867683264484,2719.9930963372362,2691.2848171657984,2716.43701171875,1471417.0
2021-04-28,2732.0054693080297,2732.9161946166687,2699.0908275617494,2709.58544921875,1639037.0
2021-04-29,2728.2325808368805,2738.423556113337,2693.4530826412783,2701.909423828125,1621395.0
2021-04-30,2687.8154679957943,2716.4803381017155,2619.297422829073,2632.870849609375,3072305.0
2021-05-03,2623.547127572062,2649.653454159764,2605.420286839912,2634.041748046875,1545831.0
2021-05-04,2656.4181368141667,2680.009113195754,2632.3066856145997,2645.099609375,1990777.0
2021-05-05,2662.6628789130464,2688.1619110349916,2647.3980167975606,2684.952880859375,1939289.0
2021-05-06,2693.452787747875,2718.171320818496,2666.132303827714,2698.61328125,1791671.0
2021-05-07,2717.3041015532767,2740.5916471927385,2698.9170239049954,2717.21728515625,1912540.0
2021-05-10,2728.535269745392,2744.3638014912017,2710.3650249674633,2728.14501953125,2137153.0
2021-05-11,2710.365167155714,2713.053934100444,2681.006406966172,2708.28369140625,2415625.0
2021-05-12,2706.0292105281887,2706.0292105281887,2663.18383272709,2677.92822265625,1978558.0
2021-05-14,2687.381572475243,2687.381572475243,2636.643530845486,2646.61767578125,2043935.0
2021-05-17,2649.653363656955,2667.173124235765,2633.1743411006596,2662.4462890625,2890462.0
2021-05-18,2688.6826578984287,2709.498265572481,2669.601684197214,2678.96875,2098538.0
2021-05-19,2674.8054346558647,2704.2942105243146,2660.1478631142904,2673.07080078125,1986041.0
2021-05-20,2660.1485149784417,2678.969254780536,2647.138757730816,2653.990478515625,2329027.0
2021-05-21,2654.857338024722,2678.448318084365,2649.7402524216727,2671.77001953125,1685566.0
2021-05-24,2672.63720703125,2693.019155551527,2664.397695927308,2672.63720703125,1652260.0
2021-05-25,2694.8618248735547,2726.4558550002257,2686.233471414257,2714.0361328125,1841613.0
2021-05-26,2719.2655174034353,2758.4856931352156,2705.1462966966087,2752.820556640625,1923753.0
2021-05-27,2755.827633980854,2804.4606986759595,2755.69698516361,2771.559326171875,5959785.0
2021-05-28,2779.8392154711028,2787.247471728041,2732.905648071262,2739.834716796875,1763701.0
2021-05-31,2745.4122790029396,2763.14859899798,2726.76099180802,2753.386962890625,1652799.0
2021-06-01,2761.624003600477,2762.8004814630044,2729.7248351644266,2748.027587890625,1377441.0
2021-06-02,2746.1529632842817,2753.6482462980025,2714.907474333229,2727.50146484375,2240078.0
2021-06-03,2749.378406447203,2749.378406447203,2721.575527257118,2737.78662109375,1281706.0
2021-06-04,2726.238026217694,2751.382602077848,2723.623347803802,2739.965087890625,1836060.0
2021-06-07,2741.054614347618,2780.6669508759305,2731.118921208525,2774.34814453125,2559821.0
2021-06-08,2787.2478138612587,2816.009282859827,2777.8349269051027,2789.12158203125,2574057.0
2021-06-09,2790.7337253315172,2806.4217974914072,2776.9630416567725,2789.20849609375,1710925.0
2021-06-10,2797.705677734228,2809.907509350515,2782.889167914452,2803.63232421875,1874324.0
2021-06-11,2799.0569447568123,2883.9903751710076,2798.577544476913,2853.3115234375,3452954.0
2021-06-14,2857.843727351782,2883.7290030941417,2850.304822455383,2855.5341796875,1847360.0
2021-06-15,2874.4033821941325,2874.4033821941325,2833.9194838462886,2843.680908203125,1304985.0
2021-06-16,2843.1139249899015,2871.5266329719457,2835.1826495566793,2853.79052734375,1635552.0
2021-06-17,2846.077472400759,2907.566036065282,2841.283895276825,2891.616455078125,2273413.0
2021-06-18,2920.5086749244424,2926.696832554393,2854.3573932744603,2873.793212890625,3380431.0
2021-06-21,2845.641699122031,2863.9444481822334,2834.0499154939534,2852.701416015625,1130569.0
2021-06-22,2879.6325477944183,2899.7220365455437,2863.0729175256247,2877.192138671875,1708688.0
2021-06-23,2901.4214102067162,2901.4214102067162,2838.1461089982627,2842.50390625,1467104.0
2021-06-24,2862.200921302282,2948.485297431675,2857.407344850649,2940.292724609375,4155204.0
2021-06-25,2941.7311616603324,2962.997128052771,2919.724284589916,2946.568359375,2722861.0
2021-06-28,2955.893905780267,2955.893905780267,2904.9076774187315,2908.176025390625,1355238.0
2021-06-29,2912.7517199861272,2933.9306574546695,2899.242548334486,2911.74951171875,1497322.0
2021-06-30,2916.23790939298,2947.6140494820856,2909.7012135410832,2916.02001953125,1693146.0
2021-07-01,2926.6964036255704,2930.182641152224,2904.340990599126,2912.315673828125,990310.0
2021-07-02,2903.1648347340215,2910.7473601936704,2871.962960570235,2898.32763671875,1682274.0
2021-07-05,2912.751477635219,2940.6413780793623,2877.8891020800397,2894.44873046875,1972858.0
2021-07-06,2887.47684585554,2900.550239362281,2837.885191599875,2843.288818359375,2159420.0
2021-07-07,2854.357585378772,2861.068551496173,2825.2475809189878,2854.31396484375,2640710.0
2021-07-08,2874.403161922664,2874.403161922664,2816.7929952439126,2839.9765625,2485811.0
2021-07-09,2832.5681084749517,2860.4580098507054,2789.8616969933296,2796.09326171875,6365067.0
2021-07-12,2819.4950656544133,2820.366625180118,2778.836898893528,2782.976806640625,1892226.0
2021-07-13,2801.1918633324153,2801.1918633324153,2767.201047318114,2778.13916015625,1809339.0
2021-07-14,2777.660850243229,2808.1654406914604,2775.9177307890445,2801.67236328125,2044279.0
2021-07-15,2819.184519112929,2822.896730614884,2789.836126410262,2797.653564453125,2232968.0
2021-07-16,2806.4318691544436,2812.415165876921,2788.0891771991855,2790.534912109375,1256526.0
2021-07-19,2777.607724000128,2794.9023053084866,2774.1138778064173,2781.625732421875,1597058.0
2021-07-20,2781.625724283251,2808.1788699787835,2756.7755727052318,2800.14306640625,1811945.0
2021-07-22,2786.342357051715,2816.8697957122436,2786.342357051715,2809.358154296875,2859334.0
2021-07-23,2821.280805669737,2831.3693292187577,2800.8853931842596,2806.301025390625,1776193.0
2021-07-26,2795.0767055313113,2816.258146190416,2787.0846183754047,2792.936767578125,1259611.0
2021-07-27,2795.077624209742,2803.812241785398,2761.143549629321,2780.18505859375,1121367.0
2021-07-28,2784.596038124049,2798.9644411543304,2736.0314798891354,2793.156005859375,1660654.0
2021-07-29,2795.2953084901396,2817.3064967675937,2786.604408769665,2791.408447265625,1731997.0
2021-07-30,2811.6727376362114,2815.603314622655,2762.191225983625,2766.645751953125,2999943.0
2021-08-02,2777.6076735719776,2816.826011085384,2766.25267364857,2812.02197265625,2608669.0
2021-08-03,2820.407709207392,2873.688870638687,2811.6293768466753,2869.234130859375,3804735.0
2021-08-04,2882.423149896209,2886.9651073617065,2848.532798696424,2859.66943359375,2929598.0
2021-08-05,2860.5868578823424,2895.5253233221265,2849.66858743241,2868.404296875,2534521.0
2021-08-06,2858.446469339697,2903.3860207844823,2851.851792377056,2890.98291015625,2292362.0
2021-08-09,2903.2988436623186,2914.7412755930864,2891.1578130695584,2902.250732421875,1510489.0
2021-08-10,2896.0490283082218,2926.0085870941607,2896.0490283082218,2912.033203125,2040777.0
2021-08-11,2926.0963934248625,2934.8310095246384,2906.0942078553617,2921.0302734375,1929707.0
2021-08-12,2905.132878638491,2941.8182607499816,2905.132878638491,2927.62451171875,1310205.0
2021-08-13,2935.4864570995833,3039.646766557033,2932.6477065273675,3025.147216796875,4363584.0
2021-08-16,3022.1777263916724,3052.181223511932,3001.6513747817867,3033.489013671875,2083489.0
2021-08-17,3041.480103189076,3110.2214744587654,3024.7969047280226,3103.4521484375,4336019.0
2021-08-18,3121.6204986858806,3140.0941242989843,3089.084057481392,3110.00341796875,2631309.0
2021-08-20,3062.3557513344567,3122.6245895666525,3057.114982792527,3109.0859375,2836148.0
2021-08-23,3126.992539662617,3208.2244687655843,3111.1827993446677,3177.129150390625,3744176.0
2021-08-24,3194.249116348361,3203.2895293351253,3139.5703341165326,3155.991455078125,2511141.0
2021-08-25,3153.1962331483587,3229.8424850759952,3150.6195641945837,3195.995849609375,2123263.0
2021-08-26,3196.869122383676,3220.976745326856,3186.3001528276395,3207.2197265625,1902533.0
2021-08-27,3202.109859904366,3257.574665170031,3189.095368849665,3249.40771484375,3944728.0
2021-08-30,3244.909985307237,3267.0523231304614,3220.977221724013,3232.943603515625,2033114.0
2021-08-31,3240.0183451794023,3322.7353285681993,3234.8212913547077,3307.318603515625,3207480.0
2021-09-01,3315.6605675376654,3333.7411818291675,3237.9224773082524,3244.866455078125,2643336.0
2021-09-02,3261.5052486336904,3370.818870315569,3251.023710609158,3351.25341796875,3403717.0
2021-09-03,3340.990494271571,3368.853832964031,3323.128247873257,3355.883056640625,1746812.0
2021-09-06,3362.5642383601808,3386.93393885718,3331.381709684093,3364.5732421875,1723693.0
2021-09-07,3375.0553326995914,3380.2523861240065,3326.359852679405,3333.041748046875,1585039.0
2021-09-08,3327.8878948707797,3332.2552018194287,3280.720979825367,3296.57421875,4147175.0
2021-09-09,3310.1567597714966,3326.752527047534,3288.582304962132,3311.6416015625,1441148.0
2021-09-13,3290.329823827149,3364.9233586382898,3290.329823827149,3358.765625,1691473.0
2021-09-14,3362.783182604123,3403.4428595697864,3340.990360029368,3394.18408203125,1991188.0
2021-09-15,3390.8656927872025,3476.3775064534852,3376.802874359089,3454.14794921875,2461369.0
2021-09-16,3432.7037036782212,3477.9053364174956,3399.5995980435055,3409.38232421875,2946666.0
2021-09-17,3423.9693794337527,3445.8059188434067,3323.521298149344,3343.47998046875,6477148.0
2021-09-20,3327.01474032147,3381.1693514792364,3326.010344929612,3339.679931640625,2002008.0
2021-09-21,3369.814591658296,3381.6500380706075,3338.06417965979,3374.13818359375,1568129.0
2021-09-22,3373.7450058049103,3403.748493291431,3364.9666751791547,3373.439208984375,1744067.0
2021-09-23,3380.296209445871,3388.157363421327,3349.725055096878,3379.64111328125,2003869.0
2021-09-24,3397.7645925150937,3445.2808038312564,3367.1934457958064,3381.430908203125,2320754.0
2021-09-27,3406.5000155572484,3409.9938617270504,3321.686814486319,3351.42822265625,1673362.0
2021-09-28,3362.8272236426765,3362.8272236426765,3276.5728890102832,3300.9423828125,2253075.0
2021-09-29,3284.0401426210105,3324.394015769892,3251.154193681043,3312.078125,2489161.0
2021-09-30,3323.5212519802417,3323.5212519802417,3275.5682974017677,3297.7978515625,2252412.0
2021-10-01,3303.2130179995297,3327.8883053026266,3253.6440780189723,3258.18603515625,1578374.0
2021-10-04,3253.4696342242864,3304.8727186534416,3238.3149909855993,3295.83251953125,1356860.0
2021-10-05,3278.974451056184,3354.092139599293,3268.143613821035,3348.239990234375,1877966.0
2021-10-06,3350.5985309151906,3369.3342386536387,3314.786607096754,3328.674560546875,1678154.0
2021-10-07,3345.3579345360185,3405.6267850537693,3336.667034248531,3400.298583984375,1647233.0
2021-10-08,3428.3361487062807,3485.0237108088504,3406.49961272726,3437.638427734375,2934339.0
2021-10-11,3279.8478781241765,3282.0315318379744,3196.869036999863,3219.229736328125,11845402.0
2021-10-12,3237.0486659803983,3237.9221275740247,3171.189747119932,3190.624267578125,5752877.0
2021-10-13,3188.1343126120823,3210.3638640053305,3183.7670053345314,3192.67626953125,3545655.0
2021-10-14,3172.3732920313196,3211.754477725501,3157.6709399741703,3160.51513671875,6442299.0
2021-10-18,3153.513862075557,3196.614379582873,3151.763587252925,3191.75732421875,3590107.0
2021-10-19,3210.8797331869355,3229.345221312506,3172.5486650226335,3180.381103515625,3135441.0
2021-10-20,3160.9968321962406,3176.7493081041953,3131.5047394776734,3158.240234375,2933693.0
2021-10-21,3154.0837709390435,3157.015353947941,3072.827152584262,3091.423828125,4871211.0
2021-10-22,3115.489921702792,3116.8902273549793,3049.854600318604,3061.975341796875,2691670.0
2021-10-25,3065.6066981460913,3075.7145791199464,3019.22441010677,3056.8115234375,2595594.0
2021-10-26,3058.1677119370643,3088.359952904822,3041.102532259636,3047.753662109375,3878763.0
2021-10-27,3048.104052073259,3072.8266875803133,3048.104052073259,3054.01123046875,2510813.0
2021-10-28,3078.7336438655566,3078.7336438655566,2988.5944837410107,2994.4140625,2424942.0
2021-10-29,2975.5113942015646,3028.8509837909737,2963.171869596629,2973.49853515625,3960501.0
2021-11-01,3008.6786457031258,3051.6041788190378,2986.800210236973,3042.32763671875,2020718.0
2021-11-02,3057.7306878435525,3074.883469780658,3036.508601644295,3049.154296875,3087414.0
2021-11-03,3066.6570701167648,3080.3966874138937,3033.270656847853,3056.19921875,1537639.0
2021-11-04,3074.314403715549,3074.576987711035,3067.35710294661,3070.55126953125,328991.0
2021-11-08,3104.9876648258514,3104.9876648258514,3046.5284405808984,3065.3876953125,2526082.0
2021-11-09,3069.982341397558,3093.6110538313474,3059.480691426985,3067.969482421875,1782692.0
2021-11-10,3061.2312855944983,3080.2217285399574,3045.653793782673,3049.241943359375,1516489.0
2021-11-11,3045.4786999165085,3071.776626249125,3006.972647388828,3052.65478515625,1284514.0
2021-11-12,3068.232500693603,3092.8675392738783,3050.4671642474764,3085.779052734375,1747259.0
2021-11-15,3087.4856833199387,3123.8914956607505,3087.4856833199387,3109.626708984375,1809157.0
2021-11-16,3123.365684964674,3129.0978782245816,3099.7369728621115,3112.3388671875,2013204.0
2021-11-17,3107.263099990461,3117.983533699684,3068.5818539674124,3082.146484375,1632914.0
2021-11-18,3076.2397102008363,3081.2281652207835,3020.6248891586815,3041.715576171875,2136598.0
2021-11-22,3044.0786805287134,3076.9401416314145,3010.7360646494885,3026.575927734375,3167936.0
2021-11-23,3014.8489143573643,3046.3100671183884,2982.2938396390264,3031.6953125,2153461.0
2021-11-24,3038.651980626714,3056.898680537542,2996.4704014682047,3013.360595703125,2161746.0
2021-11-25,3013.8857114671073,3030.6009218524678,3005.2657359705536,3015.635986328125,1849619.0
2021-11-26,2997.3461762175584,3054.2301182479646,2985.881788591854,3016.468017578125,1941251.0
2021-11-29,3016.7295885894177,3088.666048683145,2981.111541671626,3064.73095703125,2981745.0
2021-11-30,3055.1055275683175,3118.771791426981,3055.1055275683175,3088.491943359375,5588446.0
2021-12-01,3093.611450384857,3141.7440189198405,3093.611450384857,3131.0673828125,2102118.0
2021-12-02,3141.0434888119357,3192.501616814279,3127.8290406863075,3188.038330078125,3152938.0
2021-12-03,3191.14535668199,3208.2105393359575,3177.4933387527963,3185.89453125,2486263.0
2021-12-06,3185.894281603058,3201.252987519446,3082.2342870539883,3094.836181640625,1849642.0
2021-12-07,3117.6771519656027,3148.744531304488,3084.2469442533907,3136.93017578125,1484458.0
2021-12-08,3151.3701568857164,3191.1451137740696,3151.3701568857164,3174.0361328125,1428660.0
2021-12-09,3159.2462512797597,3180.905903556539,3120.7402027877074,3152.0263671875,1567957.0
2021-12-10,3137.367788099259,3187.2506232238497,3128.7040127244727,3182.699951171875,1510718.0
2021-12-13,3194.2515775651827,3204.753226587315,3151.982397519782,3158.939697265625,1883864.0
2021-12-14,3154.870857709162,3181.1249841256044,3130.104422391659,3171.323486328125,1747007.0
2021-12-15,3167.997856149491,3170.62326873746,3113.87051449821,3124.54736328125,1603233.0
2021-12-16,3134.7425476648837,3157.889891975921,3124.2408975889543,3134.392578125,2072320.0
2021-12-17,3152.6829772411506,3195.433531388944,3127.478973442637,3136.79931640625,4333992.0
2021-12-20,3140.8683653072517,3155.7457022284616,3071.863690654172,3112.7763671875,2312310.0
2021-12-21,3135.31114084143,3186.5504819413068,3121.0901570926853,3157.758544921875,2340989.0
2021-12-22,3171.4985830665155,3182.700386797636,3155.964891055083,3177.40576171875,1224328.0
2021-12-23,3192.5019750481574,3212.192571111366,3176.749498197591,3205.366455078125,1792861.0
2021-12-24,3224.8817608213244,3242.3845112192694,3189.70127525278,3212.542236328125,2209923.0
2021-12-27,3212.6299095475556,3238.008898209195,3196.9650330431937,3234.595947265625,1534135.0
2021-12-28,3246.7599040945056,3259.8869657013565,3232.62651989377,3243.74072265625,1456218.0
2021-12-29,3231.2272931771,3255.468565638671,3224.88254461578,3233.371337890625,1456923.0
2021-12-30,3221.687557676224,3273.0142871714934,3220.506036575159,3267.544677734375,1966475.0
2021-12-31,3275.4648760200544,3290.5171991999623,3265.4007941607993,3271.570556640625,1207141.0
2022-01-03,3281.765587398091,3351.776586595917,3277.3898999482267,3341.05615234375,2346158.0
2022-01-04,3352.739869446205,3403.5414380892203,3335.7620711811446,3399.69091796875,2488606.0
2022-01-05,3382.406898917958,3386.7825870148768,3336.374574675718,3378.862548828125,1733031.0
2022-01-06,3336.024399122429,3356.1525631255286,3301.0188965083426,3332.04248046875,1810293.0
2022-01-07,3343.025179524296,3382.3187669832855,3322.3718494970512,3372.34228515625,2460591.0
2022-01-10,3481.2970046437595,3481.2970046437595,3378.905916271884,3395.40234375,3937092.0
2022-01-11,3374.529554551674,3434.9140305018987,3374.529554551674,3426.9501953125,1906106.0
2022-01-12,3434.9148996056333,3438.4154498217918,3357.509025682152,3377.943359375,3203744.0
2022-01-13,3428.7888361107916,3433.164523752587,3375.405446880889,3411.198486328125,6684507.0
2022-01-14,3393.6522516950954,3480.422054774276,3378.074760491307,3472.677001953125,3348123.0
2022-01-17,3494.161493482207,3538.180952966991,3467.557398640576,3517.308837890625,3442604.0
2022-01-18,3530.261305806355,3537.0436222582607,3483.047674656349,3492.32421875,2389041.0
2022-01-19,3517.2213810726757,3517.2213810726757,3428.2388361626868,3431.876953125,3102539.0
2022-01-20,3427.800105770557,3436.5668579592284,3341.0092591027087,3354.6416015625,6176776.0
2022-01-21,3337.5029671349207,3376.5588957269547,3306.030408534417,3360.73486328125,3112358.0
2022-01-24,3366.4329374751173,3374.8927679681947,3278.8531661989327,3306.249267578125,3258414.0
2022-01-25,3304.6276869619614,3339.606947339262,3263.160900663494,3304.978271484375,3330501.0
2022-01-27,3270.8754797512975,3272.9794148169553,3178.0356529262563,3199.207275390625,5718297.0
2022-01-28,3196.357997928472,3269.823427522156,3196.357997928472,3234.9755859375,3143862.0
2022-01-31,3286.6551472586984,3294.545223632486,3262.458827432943,3275.4775390625,2739393.0
2022-02-01,3305.065779508567,3338.3794398855766,3275.609404720287,3331.935791015625,2105169.0
2022-02-02,3355.8250577253107,3387.473119428021,3331.9356574912495,3380.635009765625,1984212.0
2022-02-03,3376.076023254065,3403.6912906476005,3345.436269380976,3352.931884765625,1960538.0
2022-02-04,3344.779509497143,3353.0201721837657,3304.189397939181,3344.4287109375,2307366.0
2022-02-07,3323.475913676423,3359.244307123296,3292.9236952248752,3312.955810546875,1919149.0
2022-02-08,3323.95795842934,3331.1027758277814,3262.108479126725,3281.789794921875,2946443.0
2022-02-09,3287.532283037312,3312.0353141804735,3284.1133350757727,3296.78125,1638721.0
2022-02-10,3322.423849111696,3322.423849111696,3294.5455338263955,3305.37255859375,2112459.0
2022-02-11,3289.723944738236,3289.723944738236,3234.9317404621156,3239.271240234375,3851488.0
2022-02-14,3264.738792841898,3325.4485569139447,3252.4653387334697,3273.286376953125,5951745.0
2022-02-15,3319.092630384668,3362.0497193674596,3285.7789695408705,3346.970947265625,3931683.0
2022-02-16,3369.939274158819,3378.7937787802125,3336.6256184829513,3342.85009765625,3256906.0
2022-02-17,3353.2832904830248,3362.0500441836343,3312.9562234602226,3317.514892578125,3134372.0
2022-02-18,3304.188696273971,3345.348552456705,3294.1946850076283,3326.017822265625,3688883.0
2022-02-21,3340.1331732860235,3355.738037741911,3248.5644733234813,3260.706298828125,7465922.0
2022-02-22,3199.865036466567,3215.5574396627126,3129.731008270039,3144.1083984375,5408531.0
2022-02-23,3165.6746879993425,3176.107039048712,3117.1506217770543,3124.295654296875,2426203.0
2022-02-24,3045.5698751137397,3054.205212099578,2972.8935811505858,2982.142333984375,5039136.0
2022-02-25,3040.309823069037,3094.6636895714246,3035.049771472032,3086.554443359375,2549723.0
2022-02-28,3059.59688152283,3124.2516866839496,3029.7021673541517,3115.87939453125,3288942.0
2022-03-02,3114.3889952378754,3131.440286972598,3073.6235938927493,3108.822021484375,2761341.0
2022-03-03,3123.4629176882404,3137.270554721848,3094.7517994120094,3107.2880859375,1928039.0
2022-03-04,3069.678334491801,3122.015803200218,3057.0104201560107,3089.71044921875,2370257.0
2022-03-07,3024.529607717447,3110.4437820815947,3008.354992186932,3055.12548828125,3054130.0
2022-03-08,3033.296400672888,3163.9210144590907,3033.296400672888,3155.987060546875,3300992.0
2022-03-09,3160.414515499226,3203.3716060011575,3153.4449895405287,3184.61083984375,2719654.0
2022-03-10,3229.671634344163,3229.671634344163,3169.181041844232,3174.397216796875,2005441.0
2022-03-11,3158.880587511238,3190.966992281194,3149.763249101279,3155.2861328125,1623423.0
2022-03-14,3138.497245091185,3198.4180811794126,3138.497245091185,3193.727783203125,1765688.0
2022-03-15,3207.7547500396386,3207.7547500396386,3143.231365819847,3150.68310546875,3651133.0
2022-03-16,3191.5361524000095,3215.6447210556885,3170.2767782218198,3205.036865234375,3090475.0
2022-03-17,3240.7181184565948,3252.465482294645,3208.8947610929595,3219.809326171875,3600452.0
2022-03-21,3240.1923704555843,3255.9286515262443,3169.1816610381325,3179.438720703125,2413831.0
2022-03-22,3191.0979358854693,3253.3418791403783,3177.9478070287987,3244.53125,2907611.0
2022-03-23,3250.711806334214,3269.823369469125,3234.9316519345334,3254.569091796875,1596195.0
2022-03-24,3243.6982897623643,3294.720744378706,3239.314913695118,3287.400634765625,1879046.0
2022-03-25,3296.21155972623,3313.3944821827617,3219.1518821471363,3250.22998046875,1690133.0
2022-03-28,3239.3147544709896,3255.0949075374247,3209.683090906501,3250.448486328125,1760990.0
2022-03-29,3239.0955853168134,3262.9849837063884,3235.8080534283395,3248.388427734375,2689063.0
2022-03-30,3277.012667859558,3277.012667859558,3249.134347140372,3271.358154296875,1583455.0
2022-03-31,3278.765312114139,3291.608518432467,3261.407100008304,3278.721435546875,2168110.0
2022-04-01,3285.77935286415,3298.929483678708,3268.289721687204,3295.20361328125,1387014.0
2022-04-04,3298.0522347671367,3313.832389000472,3276.223107023838,3305.37255859375,1472994.0
2022-04-05,3306.8190764268047,3362.575708503235,3306.8190764268047,3344.3408203125,2314947.0
2022-04-06,3339.51974092721,3339.51974092721,3271.0074280099825,3292.22314453125,2051729.0
2022-04-07,3283.587337953615,3283.587337953615,3225.2884304715926,3229.80322265625,2494829.0
2022-04-08,3234.9317871479743,3248.081916364023,3193.2897112971536,3231.1181640625,2296773.0
2022-04-11,3234.9316004658776,3254.525377479889,3205.2123957654703,3240.542236328125,2291660.0
2022-04-12,3228.7950847907623,3277.8889009048767,3198.4183716829752,3235.896240234375,4483476.0
2022-04-13,3249.8348351431564,3252.333444975053,3204.729940731294,3210.340576171875,1621672.0
2022-04-18,3164.7973443578885,3164.7973443578885,3088.088267451707,3092.953857421875,3820792.0
2022-04-19,3112.1974330460894,3124.076426618072,3015.0178867422333,3043.72900390625,3170014.0
2022-04-20,3068.363252251255,3128.9852577507763,3050.8297479526764,3118.158447265625,2640370.0
2022-04-21,3138.4975378373742,3194.6047563908915,3127.4513435718295,3181.147705078125,2280996.0
2022-04-22,3139.4620514565872,3170.9346096051195,3131.0458828323704,3167.033447265625,1581465.0
2022-04-25,3119.211090680815,3142.0046512085555,3097.3819587113107,3110.61962890625,1960694.0
2022-04-26,3134.2453207667304,3145.4229297988936,3084.274833328823,3108.953369140625,1943469.0
2022-04-27,3108.690691195903,3128.3720093644906,3073.886723725813,3122.01611328125,1727648.0
2022-04-28,3145.511234194427,3159.888624679922,3101.7213421769807,3142.267578125,1703660.0
2022-04-29,3153.4010089842677,3176.4137352800244,3100.669076056526,3109.30419921875,2051115.0
2022-05-02,3085.809472633501,3110.400258957858,3062.007822541794,3105.53466796875,1324161.0
2022-05-04,3102.1155131222386,3108.208363580262,3037.9429247118774,3050.61083984375,2305825.0
2022-05-05,3078.9715772569134,3097.294006428791,3055.5205116831885,3080.111083984375,1612262.0
2022-05-06,3032.420022432544,3046.008490298316,3002.174722989375,3009.27587890625,2010812.0
2022-05-09,2978.943120643067,3029.7902957452734,2934.1012578683526,3020.234619140625,2481830.0
2022-05-10,3010.5030285861963,3037.50467106659,2999.9829248171122,3014.667236328125,1622685.0
2022-05-11,3011.379595954421,3023.1708356998556,2965.047221652753,2991.216064453125,1841769.0
2022-05-12,2961.409041508169,3024.2666151245353,2936.949887257732,2988.279052734375,2807195.0
2022-05-13,3011.3795593615127,3015.6751825815522,2965.047185622854,2993.75830078125,2187823.0
2022-05-16,2993.846131183072,3006.996260602617,2951.415132535495,2960.357177734375,1195813.0
2022-05-17,2954.3955871632793,3039.4330862596703,2937.2126666815007,3025.932373046875,1754076.0
2022-05-18,3037.6798800958636,3063.9801387979924,3018.436900285217,3023.477783203125,1866781.0
2022-05-19,2978.0656840417078,2985.0790857115144,2831.660924184491,2859.670654296875,4642963.0
2022-05-20,2901.794835428608,2905.2137830055776,2866.7717049191906,2886.891357421875,3065125.0
2022-05-23,2897.2363449132604,2927.130841857703,2864.097978389944,2912.095947265625,2293690.0
2022-05-24,2906.3099488564503,2914.813870239504,2871.6376129969626,2882.50830078125,1711510.0
2022-05-25,2906.2058140394383,2906.2058140394383,2783.7035752705465,2795.70654296875,3548046.0
2022-05-26,2816.3144857680904,2860.884802763167,2807.0915622767334,2848.043212890625,2813186.0
2022-05-27,2871.2111184877385,2893.893396446921,2850.0291844295866,2878.360107421875,3103153.0
2022-05-30,2909.867766739501,2988.947061876484,2900.4683710619147,2978.9296875,2094624.0
2022-05-31,2960.30732090412,2986.122800729855,2934.580185318574,2969.309814453125,4840965.0
2022-06-01,2990.18330819429,2990.18330819429,2947.8636081875393,2961.234619140625,1493835.0
2022-06-02,2961.058242980618,3029.0169567539438,2953.3798339996915,3021.07373046875,2657939.0
2022-06-03,3053.19914869008,3068.997470234373,3028.31041962099,3036.20947265625,1913622.0
2022-06-06,3016.6602249414027,3047.5505432190357,2980.60672441929,3028.089599609375,1084210.0
2022-06-07,3001.7008121845647,3017.4107900611675,2961.9405128020458,2967.853759765625,2308256.0
2022-06-08,2983.254832442945,3013.086100853081,2953.556080411676,3004.436767578125,2185707.0
2022-06-09,2987.5358905444186,3033.4300903400786,2959.3816503208395,3024.692626953125,1279197.0
2022-06-10,2984.8871949513705,2994.5955802690714,2958.409780448549,2965.382080078125,1527582.0
2022-06-13,2903.6902298710247,2906.337971721971,2817.5944475896667,2841.556640625,3030921.0
2022-06-14,2815.432260568546,2858.5903679658018,2801.9287335908107,2833.5693359375,2611493.0
2022-06-15,2840.586045196815,2854.2660463465904,2825.14088260836,2829.818603515625,1404536.0
2022-06-16,2859.5607582252546,2863.841359747283,2765.168818884143,2773.06787109375,2032028.0
2022-06-17,2728.939455430997,2752.5484885593214,2668.7916684356446,2726.203369140625,5240434.0
2022-06-20,2730.704207668576,2770.199687078133,2708.6396940319523,2746.943603515625,1502769.0
2022-06-21,2762.4770132167114,2857.575063751568,2758.4170566563466,2834.804443359375,2964461.0
2022-06-22,2824.169414688557,2868.8722488134295,2809.2538895886987,2844.512939453125,3336315.0
2022-06-23,2844.5130845990975,2928.40241322025,2844.5130845990975,2920.28271484375,3692578.0
2022-06-24,2946.9366330138964,2952.232116631172,2892.6579259368214,2906.42626953125,2132118.0
2022-06-27,2956.6448830305876,2968.0300860921525,2918.2526285792947,2925.48974609375,2037686.0
2022-06-28,2918.694224002663,2938.9935790531804,2888.3335356818407,2928.534912109375,1400046.0
2022-06-29,2886.92151203512,2941.641516237559,2886.92151203512,2904.1318359375,2133994.0
2022-06-30,2887.80380692274,2922.136107068585,2872.7999362877504,2883.479248046875,2719603.0
2022-07-01,2877.2125005063094,2941.6408785851318,2870.1960284541215,2925.8427734375,1502879.0
2022-07-04,2923.106916166727,2928.3582275862204,2846.3665769061995,2855.1923828125,2622535.0
2022-07-05,2872.7998692876445,2887.80373957271,2830.3918281224514,2838.64404296875,2170627.0
2022-07-06,2840.585242720293,2884.714266220686,2826.2433100826656,2877.874267578125,2182144.0
2022-07-07,2886.9209123553114,2929.6377237989454,2881.6696012988828,2901.79248046875,1989921.0
2022-07-08,2912.51615386381,2916.9290571272395,2868.3871212295094,2882.02294921875,2136916.0
2022-07-11,2829.6856303492573,2846.3223604128075,2741.2952717650173,2748.179443359375,6974600.0
2022-07-12,2749.149982425829,2767.9489906435406,2718.568653520941,2722.49609375,3734815.0
2022-07-13,2739.530031365693,2744.825514673745,2678.631973323092,2681.941650390625,3863530.0
2022-07-14,2704.285621613172,2705.1705318296686,2625.5286123449873,2653.62451171875,4764908.0
2022-07-15,2671.1464426154253,2680.305136012139,2613.140520265889,2649.952880859375,4574806.0
2022-07-18,2675.083982462359,2722.824852536626,2667.385305641953,2710.9228515625,3202795.0
2022-07-19,2681.3223133720576,2724.594337649914,2681.3223133720576,2720.435302734375,1865074.0
2022-07-20,2750.1238415268126,2806.890741937181,2741.4959674571805,2800.563720703125,3402251.0
2022-07-21,2802.511355846808,2817.554833285834,2782.20270451264,2811.6259765625,2420640.0
2022-07-22,2818.439281202573,2829.058204711029,2781.7155040691646,2806.050537109375,2075886.0
2022-07-25,2800.74095783458,2819.7222396009693,2786.6709711932813,2802.28955078125,1797504.0
2022-07-26,2800.4756592080407,2804.1922393604004,2740.1248183185944,2757.2919921875,2639367.0
2022-07-27,2756.4954817697467,2826.491970308109,2752.070930434643,2821.84619140625,1389808.0
2022-07-28,2845.8719737195215,2888.347674819813,2833.173422494379,2885.25048828125,2106333.0
2022-07-29,2911.3551509392305,2935.5132475278792,2898.08149523586,2921.885498046875,2430257.0
2022-08-01,2944.0965166592227,2944.0965166592227,2894.5415407250725,2919.14208984375,1306913.0
2022-08-02,2911.3546281587332,2931.6189858100583,2895.1164391804086,2912.947509765625,1269114.0
2022-08-03,2902.5057959181763,2963.5646068688943,2899.895353730968,2955.157958984375,2895824.0
2022-08-04,2964.4495711102013,2997.9875858111113,2926.7082323905533,2968.829833984375,2150567.0
2022-08-05,2974.3603430430594,2988.341968455179,2968.8739426020506,2977.767333984375,1106933.0
2022-08-08,2977.723090286633,2990.02325675371,2952.0606921831227,2986.08544921875,1068836.0
2022-08-10,2995.420948877823,2995.420948877823,2951.1754400317695,2968.2099609375,1878359.0
2022-08-11,3008.694502145727,3034.091380175924,2986.6160371693663,3028.60498046875,1449248.0
2022-08-12,3025.508291795108,3025.508291795108,2992.102928234048,3010.066650390625,1472354.0
2022-08-16,3018.4290089899623,3021.836000034544,2997.633617107446,3002.235107421875,839942.0
2022-08-17,2995.509649477736,3024.5788203593047,2983.120906491458,3009.668212890625,1622326.0
2022-08-18,2999.845992664048,3001.6158133086874,2975.068503639094,2992.10302734375,1430659.0
2022-08-19,2997.191098780274,3027.7205032408347,2983.253761961322,2996.0849609375,1398410.0
2022-08-22,2977.723099317719,2994.6249721231397,2962.1485919354714,2968.475830078125,1536532.0
2022-08-23,2937.857618277289,2957.2813542430513,2893.6563963489066,2906.576171875,1849256.0
2022-08-24,2913.124500727993,2927.28306452254,2876.1352096062324,2880.692626953125,1691923.0
2022-08-25,2898.9657222217966,2900.868192673767,2844.764974210171,2847.81787109375,1946930.0
2022-08-26,2862.065656203263,2882.1530784169363,2846.5797247103874,2851.358154296875,1457962.0
2022-08-29,2765.3442756465333,2781.007142415291,2726.40822824543,2772.025390625,2539173.0
2022-08-30,2791.8917236314205,2855.1628038975523,2780.4764682941245,2841.579345703125,3431525.0
2022-09-01,2822.8637492288995,2822.8637492288995,2761.8049408599986,2771.2734375,3546935.0
2022-09-02,2798.970961661716,2798.970961661716,2761.1853393428887,2770.122802734375,2052900.0
2022-09-05,2764.150200035652,2785.653565306753,2754.0623082010966,2772.778076171875,2147912.0
2022-09-06,2774.636384748224,2779.3707415075887,2748.841334627087,2767.158935546875,1936453.0
2022-09-07,2744.991709326938,2797.9977490829297,2744.991709326938,2787.113525390625,1291534.0
2022-09-08,2805.165762065538,2817.1120515885295,2796.405236165702,2804.85595703125,1346113.0
2022-09-09,2827.288653494588,2861.357702996792,2803.8385285125514,2847.331787109375,1561185.0
2022-09-12,2867.020950932398,2893.4798999711134,2853.8358731602502,2869.719970703125,1785928.0
2022-09-13,2887.8606158067237,2887.8606158067237,2853.835856325097,2857.685302734375,1972678.0
2022-09-14,2774.1937021668928,2779.857041489545,2755.4336476127423,2761.27392578125,5090269.0
2022-09-15,2769.7686588046104,2776.626712193024,2743.2213553655884,2747.07080078125,2138023.0
2022-09-16,2721.9839467819356,2738.222136392532,2654.73076734259,2662.429443359375,5322221.0
2022-09-19,2686.587374702411,2691.896835917238,2643.9347461518078,2680.216064453125,2072220.0
2022-09-20,2698.9764089478667,2725.479429164926,2681.278202987553,2690.392822265625,1544295.0
2022-09-21,2679.508609959477,2691.366322542929,2653.0939489033167,2655.79296875,2253818.0
2022-09-22,2645.881700493006,2681.2338224800474,2636.413203836875,2661.279052734375,2017983.0
2022-09-23,2658.270416653943,2674.641256436931,2636.1476601904446,2638.8466796875,2652374.0
2022-09-26,2619.20191173189,2677.6059931788486,2589.336188264695,2649.775390625,2925489.0
2022-09-27,2663.0487926332676,2676.853478808768,2633.4928770032707,2670.17236328125,2227447.0
2022-09-28,2637.0326608719206,2698.9320923707896,2637.0326608719206,2686.27783203125,2739767.0
2022-09-29,2702.5159210262555,2704.1530914163895,2645.881664658973,2652.341552734375,2493902.0
2022-09-30,2646.634339166177,2672.1638744157713,2610.574240599038,2658.757568359375,2817353.0
2022-10-03,2650.30623313326,2673.048383644793,2631.723117642175,2641.412841796875,1763331.0
2022-10-04,2681.233674530913,2741.4518581351913,2675.083591718103,2735.39013671875,2145875.0
2022-10-06,2752.955991328854,2764.459825429553,2736.54086176896,2744.947509765625,1790816.0
2022-10-07,2740.92120721209,2747.6466122290967,2706.1444036015023,2712.16162109375,1939879.0
2022-10-10,2663.579674329383,2767.1141666538147,2659.155123375348,2759.63671875,3064063.0
2022-10-11,2743.22184174712,2783.0428039660296,2701.940863997202,2716.2763671875,4730645.0
2022-10-12,2729.8598268537053,2751.9825853975053,2709.6397551702103,2743.8857421875,1665247.0
2022-10-13,2743.8857693820296,2752.0711901243612,2701.0561948337768,2746.142333984375,2054781.0
2022-10-14,2783.043198826417,2787.4677508118325,2717.559829442266,2742.469970703125,2245977.0
2022-10-17,2726.056468339946,2775.5178951019166,2724.9918710842394,2760.74609375,1517005.0
2022-10-18,2794.6809647091136,2799.427572988243,2775.6505614602315,2789.978759765625,1793722.0
2022-10-19,2802.666443942167,2802.666443942167,2760.9680194833886,2769.70703125,1194289.0
2022-10-20,2754.7568530147882,2803.552868124551,2754.7568530147882,2801.157470703125,1587601.0
2022-10-21,2801.6014594822955,2803.9080505555708,2774.27564390983,2783.50244140625,1021913.0
2022-10-24,2812.514136923427,2819.5229335978725,2799.117323946283,2805.0615234375,260949.0
2022-10-25,2821.74139593677,2825.068398054287,2795.70197272299,2805.4169921875,2069643.0
2022-10-27,2804.1748755945646,2815.974686821246,2780.797269891525,2801.2470703125,2438421.0
2022-10-28,2794.6816049676954,2819.966819488832,2790.245602420128,2806.43701171875,1355739.0
2022-10-31,2838.1545653376957,2838.1545653376957,2819.3459569590173,2832.96435546875,1919414.0
2022-11-01,2851.9059063577597,2894.580335538735,2842.1022978592464,2892.00732421875,2991060.0
2022-11-02,2901.145905751038,2901.145905751038,2858.6046811261917,2876.0380859375,1405955.0
2022-11-03,2863.9271963486717,2863.9271963486717,2834.6051808136644,2845.02978515625,1422652.0
2022-11-04,2854.1237221012757,2856.8297266750774,2809.0094945626156,2854.478515625,1464013.0
2022-11-07,2864.7701427720986,2877.013551831129,2834.6941353155285,2868.93994140625,1474498.0
2022-11-09,2883.2245139833467,2883.2245139833467,2840.5056757133734,2853.281494140625,1162267.0
2022-11-10,2812.425588000678,2861.2216155527403,2812.425588000678,2844.05419921875,1573092.0
2022-11-11,2900.790741715342,2964.6691755192865,2887.881931563793,2941.912353515625,3265394.0
2022-11-14,2949.054274975172,2971.2342860685476,2935.746268319147,2959.257080078125,1342074.0
2022-11-15,2946.3924709512517,2963.2048748831116,2920.663659852912,2956.68408203125,1400708.0
2022-11-16,2962.273543145715,2988.002356606377,2946.7919383664444,2976.8681640625,1748235.0
2022-11-17,2963.249327282864,2980.993335230666,2943.5091184409353,2971.234130859375,1417986.0
2022-11-18,2972.1217536240656,2983.4335602983065,2946.3929384434396,2966.310546875,1164540.0
2022-11-21,2947.723621770964,2957.660223917546,2903.8071976091396,2913.122802734375,1304194.0
2022-11-22,2910.017533464894,2944.5739483544544,2888.0593218937793,2941.025146484375,1149739.0
2022-11-23,2954.3776960130094,2954.3776960130094,2919.776876149794,2935.12548828125,1150011.0
2022-11-24,2942.178581633321,3010.2268148938447,2935.125381162029,2998.87060546875,1296591.0
2022-11-25,3001.3992756125285,3019.4538923326327,2970.3472582768977,3007.299072265625,1588981.0
2022-11-28,2986.316478731776,3031.5636981065,2985.9172818811535,3012.26708984375,2195437.0
2022-11-29,3001.398715580402,3042.2099307493936,3001.398715580402,3014.130126953125,1576028.0
2022-11-30,3001.3991290916215,3029.7007368695226,2994.3015254756792,3008.3193359375,3410702.0
2022-12-01,3038.661769149795,3087.4577975595,3034.2257665670945,3083.598388671875,2180856.0
2022-12-02,3068.0279537907963,3077.6095453413673,3028.0151269724374,3051.21533203125,2411749.0
2022-12-05,3045.7594154734948,3051.2156120851228,3022.692201723914,3039.460205078125,1475065.0
2022-12-06,3016.5261793583018,3023.534976844241,2988.0913592964403,3003.484375,1166999.0
2022-12-07,2988.3576535948996,3010.892460906949,2975.6706424192844,2999.270263671875,1167505.0
2022-12-08,2980.9933755483976,2999.2697906224844,2962.761363815113,2972.609375,1285619.0
2022-12-09,2993.5031905316173,2993.5031905316173,2906.779344645206,2921.329345703125,1797896.0
2022-12-12,2888.281420388924,2924.2130430354455,2871.06981618164,2915.740234375,1527610.0
2022-12-13,2907.5335278353573,2960.1001591337144,2899.1939295105562,2956.240966796875,1378016.0
2022-12-14,2971.056780109854,2996.0757883833653,2964.0477669009356,2985.739990234375,1213311.0
2022-12-15,2979.92924725395,2985.208047200076,2926.8302077564695,2932.28662109375,1415694.0
2022-12-16,2905.5811891805224,2920.663595353368,2861.398567777386,2874.7509765625,2703680.0
2022-12-19,2862.9957142629496,2879.4089217974597,2834.1617010266477,2840.860107421875,2120965.0
2022-12-20,2838.06551085569,2882.514341262833,2806.7916941337708,2878.033935546875,1529971.0
2022-12-21,2882.5143184024537,2912.723537635871,2874.5295141963525,2899.859130859375,1432566.0
2022-12-22,2922.438343612525,2922.438343612525,2879.0543273380003,2892.00732421875,1384101.0
2022-12-23,2854.1240352462114,2898.3510672263396,2854.1240352462114,2864.19384765625,1360281.0
2022-12-26,2864.1935243545195,2902.9197355304514,2861.265719687228,2885.97412109375,870157.0
2022-12-27,2900.435634931459,2904.516843595851,2866.9882216660553,2891.829833984375,835883.0
2022-12-28,2883.224076963183,2897.6854876748585,2862.1086628505846,2889.70068359375,910795.0
2022-12-29,2866.6338503909797,2902.4766668035973,2863.8834419813575,2900.036865234375,1037927.0
2022-12-30,2915.3853696829165,2926.8745733236387,2880.0303416215215,2889.345947265625,1163131.0
2023-01-02,2893.160861684784,2898.351071306402,2870.2710452177225,2893.56005859375,709547.0
2023-01-03,2885.176105207512,2945.505740863758,2879.2319050146616,2937.83154296875,1245178.0
2023-01-04,2933.7060761454604,2952.026897843551,2915.518464493648,2940.75927734375,1231668.0
2023-01-05,2954.555018481283,2960.8542285796434,2911.7475949836166,2937.609619140625,1826057.0
2023-01-06,2927.7616595191807,2929.136863618989,2839.041609230721,2849.288818359375,2488376.0
2023-01-09,2864.770578993368,2951.716232985734,2857.8059680277906,2945.46142578125,2885060.0
2023-01-10,2914.4538066519704,2925.9874138015825,2865.7465830992874,2915.69580078125,3864655.0
2023-01-11,2918.978313377468,2971.6779339396694,2902.1656914177715,2953.22412109375,2720512.0
2023-01-12,2953.4902075036,2972.1214163824147,2941.5574051372632,2958.23681640625,2250391.0
2023-01-13,2965.8223193412623,2997.8503424610212,2932.1975086811703,2993.90234375,1742837.0
2023-01-16,3009.736136495261,3042.4013462974403,2992.5415773071954,3025.206787109375,1843607.0
2023-01-17,3021.5317728971813,3068.5334225583842,3013.36547080827,3065.4482421875,1688475.0
2023-01-18,3066.900207699576,3093.168435883575,3059.8681140280755,3075.973876953125,2421189.0
2023-01-19,3066.9006366286344,3073.2522059944336,3049.6606626357516,3060.639892578125,1585044.0
2023-01-20,3053.2888494720028,3080.1921826708453,3044.7596913702796,3051.56494140625,1529349.0
2023-01-23,3074.1590576682065,3102.2874315724907,3044.760458713778,3098.567138671875,1067916.0
2023-01-24,3107.732059877436,3132.1855568902733,3100.745378091647,3117.9853515625,1387863.0
2023-01-25,3108.003765663745,3116.805179945468,3089.5841740070796,3112.04150390625,874110.0
2023-01-27,3108.638820538231,3126.7861574940875,3068.986933594706,3095.07373046875,1785879.0
2023-01-30,3103.194366133091,3138.082574277727,3071.9356250833475,3115.579833984375,1953798.0
2023-01-31,3129.5087704033554,3129.5087704033554,3040.5868047612767,3047.573486328125,2820375.0
2023-02-01,3051.4746055363516,3102.2871472877746,3044.2156710004338,3092.623779296875,2205161.0
2023-02-02,3109.5465712154214,3147.6559835267867,3103.285827802895,3139.8525390625,1813847.0
2023-02-03,3179.4136948565433,3179.4136948565433,3133.0471565298344,3159.723876953125,1804469.0
2023-02-06,3151.421045615969,3151.421045615969,3118.4838066080183,3139.44384765625,1138714.0
2023-02-07,3147.5646871617146,3169.4323162301434,3140.7594359817185,3150.876708984375,1455647.0
2023-02-08,3155.8671542754532,3211.9876581401045,3155.8671542754532,3194.02197265625,1986946.0
2023-02-09,3189.394817614889,3218.9750686870316,3180.5934025370234,3212.850341796875,1655427.0
2023-02-10,3193.9316229583487,3214.21136264031,3183.179236128962,3209.85595703125,1187821.0
2023-02-13,3220.2446805959935,3220.2446805959935,3151.6476638785866,3159.81396484375,1087939.0
2023-02-14,3180.32100923453,3198.332330949659,3171.2473401639604,3175.875,1579818.0
2023-02-15,3163.988673966141,3199.37598635062,3139.6257818298463,3194.521484375,1429449.0
2023-02-16,3200.464188093824,3243.8363661901417,3200.282759035701,3228.45654296875,1618931.0
2023-02-17,3199.5113181892066,3211.0802447625774,3166.7100973382767,3176.8271484375,1061369.0
2023-02-20,3177.5987465959242,3195.746083812349,3153.145254001815,3164.260498046875,1296082.0
2023-02-21,3170.339278215327,3183.858953556473,3125.651467839796,3131.322509765625,1139541.0
2023-02-22,3098.6127301158713,3127.6938852483454,3080.510803718634,3086.4541015625,1218430.0
2023-02-23,3104.1020890121345,3132.593320365543,3092.306319600513,3097.569091796875,1441570.0
2023-02-24,3105.4630497902713,3115.8523559367027,3068.98694665875,3085.45556640625,977592.0
2023-02-27,3075.973496654053,3075.973496654053,3008.8283524793037,3023.210205078125,1128022.0
2023-02-28,3020.170907349562,3077.7887089468877,2994.2201238468547,3005.970703125,4116217.0
2023-03-01,3015.1801620398064,3075.0663765130616,3007.921226952139,3072.072021484375,1669307.0
2023-03-02,3049.659591982423,3057.7350673023648,3010.6428224331094,3013.773193359375,1556538.0
2023-03-03,3043.3087835694737,3046.9382514091512,3022.5301687973756,3032.556396484375,1043190.0
2023-03-06,3050.476405785988,3089.5385914645617,3047.84513063335,3059.5048828125,1334132.0
2023-03-08,3052.3817877310116,3081.417524118465,3022.30266817717,3076.336181640625,1844590.0
2023-03-09,3071.436694206459,3071.436694206459,3022.302869377422,3027.7470703125,1648500.0
2023-03-10,3006.0155363166627,3028.1100076327843,2985.2369241476845,3022.43896484375,1024404.0
2023-03-13,3024.2542354990196,3057.6453856745457,2968.9048480506426,2977.93310546875,1901233.0
2023-03-14,2976.1634210899015,2998.3030847586924,2912.1032295746863,2917.13916015625,2670334.0
2023-03-15,2948.942465572347,2958.333801726604,2896.3151846482865,2902.575927734375,1780522.0
2023-03-16,2910.833062083006,2921.540035980481,2878.1678531568878,2889.963623046875,1901060.0
2023-03-17,2858.6595359477537,2922.991763191914,2852.761650855337,2884.791748046875,6739966.0
2023-03-20,2876.0352039233617,2876.0352039233617,2808.3457708538554,2852.126220703125,2289468.0
2023-03-21,2852.1263176035486,2864.3303576607777,2810.523458137798,2818.372314453125,1815297.0
2023-03-22,2840.103654549664,2852.307694383167,2818.372262786457,2840.7841796875,1123939.0
2023-03-23,2826.356786886793,2854.8936502715574,2813.744476842171,2835.20361328125,1372218.0
2023-03-24,2857.207362142478,2876.35289113198,2818.2814132037633,2831.438232421875,1329577.0
2023-03-27,2844.595047783863,2860.700809218684,2818.2814093833103,2833.071533203125,1524217.0
2023-03-28,2837.336265387191,2857.7974330642905,2822.0470446787185,2827.264404296875,1303530.0
2023-03-29,2839.150945629806,2858.2056499628916,2816.55759910205,2848.1337890625,1740616.0
2023-03-31,2894.4547893885947,2915.369639228699,2860.0202623245746,2908.92724609375,2382581.0
2023-04-03,2926.2124875934796,2926.2124875934796,2879.755352210999,2903.57373046875,1521830.0
2023-04-05,2890.4174301241856,2961.963403011525,2890.4174301241856,2939.6875,2655065.0
2023-04-06,2926.258167173755,2955.611574142893,2917.1844984383324,2922.3564453125,1703464.0
2023-04-10,2921.7216799784183,2968.904763009126,2917.1848450716197,2961.101318359375,2203187.0
2023-04-11,2961.6454758816367,2969.766365096571,2896.4510773934976,2916.095703125,2348779.0
2023-04-12,2928.9350839632298,2958.8781931293734,2902.666855227049,2941.365966796875,2417727.0
2023-04-13,2912.6477525986616,2930.7950906210835,2885.4267455650293,2893.45703125,4174070.0
2023-04-17,2843.7792614434325,2870.3649397365302,2785.8437846244988,2848.678955078125,5505048.0
2023-04-18,2862.6970030263255,2864.4211329587547,2822.4554160887333,2840.73876953125,2617302.0
2023-04-19,2840.738938445051,2849.1320823181222,2786.9774493121377,2803.40087890625,3298034.0
2023-04-20,2803.7637963080256,2824.633235568571,2792.8753932155673,2817.19287109375,2419999.0
2023-04-21,2821.91108534421,2871.3171692054207,2813.563354091303,2868.05078125,1929184.0
2023-04-24,2859.203702418767,2886.2884693393776,2836.564722823472,2880.708251953125,1640676.0
2023-04-25,2888.1486870984286,2895.5890509725477,2855.937163883853,2881.797119140625,2024090.0
2023-04-26,2886.3340104775543,2911.1957740797325,2886.3340104775543,2901.895263671875,2000029.0
2023-04-27,2889.963204872351,2902.847768890468,2876.9424029216802,2892.639892578125,2434446.0
2023-04-28,2903.936817519828,2928.2997063828375,2900.1713336512958,2921.040771484375,2931312.0
2023-05-02,2935.3317693287354,2935.3317693287354,2912.647598004711,2921.1767578125,2321159.0
2023-05-03,2918.0917245239298,2918.0917245239298,2879.210967258462,2885.335693359375,2468285.0
2023-05-04,2885.5626742853387,2925.7590710882832,2883.611924117269,2922.3564453125,1953253.0
2023-05-05,2921.7213943349125,2943.498199758527,2912.693138058063,2931.43017578125,1710027.0
2023-05-08,2944.40547335836,2953.3431255778287,2931.9745916279403,2949.48681640625,928235.0
2023-05-09,2951.3015984635645,2992.4959661492044,2945.3128884537045,2979.1123046875,1107375.0
2023-05-10,2985.237270173894,3000.2088248723344,2963.505875992397,2982.333740234375,1559987.0
2023-05-11,3002.477394443756,3003.112507036917,2968.904815539429,2978.114501953125,1719623.0
2023-05-12,2975.3922960860123,2985.2373162710037,2958.016307308046,2970.99169921875,1027479.0
2023-05-15,2979.792885529059,2987.0518206947813,2947.4453443068564,2953.524658203125,1150390.0
2023-05-16,2954.568325172893,2980.700538583309,2949.3509650216433,2956.337646484375,986306.0
2023-05-17,2954.3413497168876,2976.1635689712307,2901.9863214823895,2911.46826171875,1588815.0
2023-05-18,2927.1198847100572,2929.8419851105737,2899.0369265497516,2903.437744140625,1369364.0
2023-05-19,2912.6476202870826,2934.878108354694,2906.3414649157826,2924.307373046875,1152449.0
2023-05-22,2930.7948036761345,3001.9776857947654,2919.0444477620817,2993.130859375,1333243.0
2023-05-23,2999.7549225207754,3019.671581346221,2985.3278776559046,2991.634033203125,1687418.0
2023-05-24,2972.534254332538,3009.9177299537914,2972.534254332538,2997.350830078125,1016555.0
2023-05-25,2988.866769417982,2999.75517294956,2964.4586867780845,2988.4130859375,1374917.0
2023-05-26,2988.4129906226353,3029.3805189934887,2986.144573292574,3020.53369140625,1791115.0
2023-05-29,3049.4788269717515,3059.6412922971313,3005.199276419958,3012.77587890625,1210372.0
2023-05-30,3007.9212138122552,3018.7642037470678,2995.535744483075,3009.010009765625,1344224.0
2023-05-31,3002.477347579657,3019.445065861434,2962.689216754016,2984.78369140625,5815424.0
2023-06-01,3007.0134904588317,3030.6050265939944,2992.0419386807475,3016.087158203125,1177314.0
2023-06-02,3018.1288819067254,3026.884883100638,2991.996673212704,2999.391845703125,2030661.0
2023-06-05,3007.920640969929,3018.8090414802277,2980.745052334658,2984.23828125,1861468.0
2023-06-06,2976.1631892319806,2984.193474251993,2922.265688378492,2932.8818359375,2022849.0
2023-06-07,2951.6643988850446,2975.119920852353,2940.7759965528526,2971.53564453125,1567196.0
2023-06-08,2958.9228699070545,2967.0891703759794,2933.5166017815113,2936.64697265625,1759366.0
2023-06-09,2944.405403135556,2948.9422373468583,2908.4283964499673,2912.012451171875,1775689.0
2023-06-12,2917.1847217996856,2952.934890744503,2913.5552540276176,2946.129638671875,2324605.0
2023-06-13,2958.016199521383,2962.5530341832255,2938.961493941644,2943.22607421875,1371928.0
2023-06-14,2943.2260282131615,2954.250669184191,2927.0296616386267,2949.895263671875,1658544.0
2023-06-15,2966.577942883082,2968.5432011878183,2934.3096334323036,2940.068603515625,2273810.0
2023-06-16,2922.425909481337,2924.619696403326,2884.947191217735,2902.223876953125,4156189.0
2023-06-19,2916.026704744818,2938.7880778419694,2902.314980427836,2934.674560546875,1468186.0
2023-06-20,2937.965925601742,2954.877054918367,2926.1281797146307,2950.4892578125,1528452.0
2023-06-21,2970.8741736125958,2981.294996829443,2947.06142983265,2978.369873046875,1645987.0
2023-06-22,2980.015045726706,2987.007936549625,2952.68309515918,2960.361572265625,1529603.0
2023-06-23,2959.2649249571587,2970.3255840143474,2933.5324504051714,2940.1142578125,1119505.0
2023-06-26,2929.7390320989075,2937.8745675991736,2900.487347535049,2915.707275390625,1978803.0
2023-06-27,2926.996150834744,2933.9890411265674,2908.9881304563214,2922.74560546875,863542.0
2023-06-28,2932.4809035477288,2953.4597980455083,2919.1347353535625,2939.291015625,1575872.0
2023-06-30,2943.4505104829095,3025.720866365972,2938.0573208662913,3018.636474609375,2672406.0
2023-07-03,3029.6516220136277,3033.76513982982,2988.0136359285348,2991.2587890625,1687264.0
2023-07-04,3007.4387624925753,3030.2916406270174,2995.8295450348064,3024.669921875,1656681.0
2023-07-05,3034.8621566398974,3043.0891926066924,3021.150430028573,3034.81640625,1453008.0
2023-07-06,3022.567048714725,3042.58607828234,3018.4077807602575,3037.5126953125,1848238.0
2023-07-07,3018.4075067641456,3068.5923272835257,3018.4075067641456,3043.317138671875,1789326.0
2023-07-10,3039.2040404212626,3039.2040404212626,2984.7684440589132,2990.938720703125,1407431.0
2023-07-11,3012.009187727315,3012.009187727315,2980.7464966348984,2991.35009765625,1110172.0
2023-07-12,2999.1659962790054,3006.661695723324,2970.9656783737587,2979.923828125,1515240.0
2023-07-13,3001.9539636829727,3078.23682351536,2991.6701688926455,3053.647216796875,4585146.0
2023-07-14,3075.9969692288264,3222.1183409737173,3064.113474251122,3212.794189453125,6306101.0
2023-07-17,3208.5442703375184,3245.0173766201583,3178.424219898652,3191.81591796875,2743228.0
2023-07-18,3177.4638059447752,3221.341326855405,3167.408540736089,3196.523193359375,2600090.0
2023-07-19,3199.402356591438,3214.8052829200674,3149.7201192993293,3172.024658203125,2405370.0
2023-07-20,3164.7389834644387,3188.384300817306,3149.1127482930447,3174.087158203125,1715404.0
2023-07-21,3119.785348420925,3148.058998813378,3078.543199020897,3087.020751953125,3770223.0
2023-07-24,3098.659951717726,3128.4000771632996,3090.5032611034767,3111.26171875,1680132.0
2023-07-25,3113.782310935107,3122.3057333138704,3097.926950811684,3115.29443359375,1272980.0
2023-07-26,3116.3943617689633,3135.182451989526,3102.3261169074967,3105.3505859375,1066803.0
2023-07-27,3111.444818744401,3126.750192106114,3102.3716364305046,3113.23193359375,1701769.0
2023-07-28,3102.3260117822556,3110.2994489526377,3052.8354343417113,3075.19775390625,2599831.0
2023-07-31,3083.446013157544,3140.4976478889985,3080.2382907228434,3135.73193359375,2743678.0
2023-08-01,3129.8210171760907,3171.0631682076937,3129.8210171760907,3163.777099609375,1956167.0
2023-08-02,3148.104409062401,3158.5981985732005,3128.5374375079987,3153.328369140625,1914899.0
2023-08-03,3134.4030555367062,3146.546576146607,3086.7454652186043,3116.02734375,2026351.0
2023-08-04,3117.2184274785973,3181.143744734498,3117.2184274785973,3155.986083984375,2248493.0
2023-08-07,3165.5179892112346,3196.7245913979227,3153.8785837580563,3193.1044921875,1853889.0
2023-08-08,3193.104361947542,3198.5115758637803,3167.946698425561,3180.777587890625,1634225.0
2023-08-09,3175.5534955196863,3177.478218496164,3139.0314183474447,3173.35400390625,1794589.0
2023-08-10,3161.8979133179873,3175.5535568337395,3143.613939700264,3154.65771484375,1096701.0
2023-08-11,3150.991187918058,3177.1568551272294,3128.903641544822,3160.797607421875,1679974.0
2023-08-14,3153.3744607157764,3166.480343065744,3126.1546889138212,3161.760498046875,1190425.0
2023-08-16,3161.8977472619245,3176.5616208724146,3148.3336194216304,3169.59619140625,1328445.0
2023-08-17,3166.4803644355306,3171.796063632933,3128.1709479820706,3148.837890625,1843241.0
2023-08-18,3125.238323326548,3125.238323326548,3076.205991860868,3085.9208984375,2526749.0
2023-08-21,3093.1610227918177,3125.009125174637,3090.4115463271137,3117.58544921875,1375579.0
2023-08-22,3116.0728508745146,3126.1542630391086,3084.041499702141,3099.71337890625,1222012.0
2023-08-23,3105.0751943785403,3117.9060836115095,3094.0772893217095,3114.46923828125,1330046.0
2023-08-24,3123.404911307284,3128.0332409176435,3096.0018884704064,3104.845947265625,1152881.0
2023-08-25,3093.1608694129627,3103.0590289456754,3070.4776897039346,3098.934814453125,1158046.0
2023-08-28,3110.5740285527827,3110.5740285527827,3079.50503745056,3093.664794921875,1037485.0
2023-08-29,3098.706033975188,3106.4962177667344,3083.9962892417298,3094.215087890625,944517.0
2023-08-30,3114.240122580418,3123.496782192859,3100.5386105821626,3107.77880859375,1188200.0
2023-08-31,3116.9896187870163,3132.0199996616384,3064.4287075753277,3076.480712890625,3417652.0
2023-09-01,3084.912602177715,3105.991921800439,3076.4809190792193,3097.01025390625,1277950.0
2023-09-04,3095.909906860191,3146.1795814387087,3088.6238403734937,3133.02783203125,1828332.0
2023-09-05,3134.4028776179434,3159.1481634938746,3120.7928808850024,3142.97216796875,1501842.0
2023-09-06,3147.2340256547322,3156.307208388253,3114.332047153296,3143.476318359375,1314818.0
2023-09-07,3144.3010421288996,3171.0625658531403,3136.5108595249253,3166.709228515625,1885092.0
2023-09-08,3166.709380330092,3175.645178451275,3148.1962843578217,3154.47412109375,1518917.0
2023-09-11,3172.8955494880947,3194.6163668180566,3157.3151842826364,3189.988037109375,1783604.0
2023-09-12,3200.3903604544553,3290.114846064527,3192.1419316903975,3281.77490234375,4476016.0
2023-09-13,3272.8853378884464,3289.153074204672,3248.964802311003,3269.90673828125,1754929.0
2023-09-14,3271.922733688605,3297.2636512739155,3249.514546133057,3262.7578125,2604721.0
2023-09-15,3269.9063376433924,3306.1077745876632,3264.9571461891155,3297.8134765625,2952897.0
2023-09-18,3281.0875035527256,3317.05981755895,3276.6882968344953,3305.0078125,1395753.0
2023-09-20,3281.0415966927326,3322.2837396679206,3281.0415966927326,3304.916259765625,1649396.0
2023-09-21,3288.8780136079395,3303.9542650181074,3233.3843680953905,3285.8994140625,2004073.0
2023-09-22,3284.7080587105493,3330.3035458536438,3267.340576197595,3302.717041015625,1989083.0
2023-09-25,3301.6628521719144,3317.701464222715,3261.474583332011,3278.4296875,1238778.0
2023-09-26,3269.677252510413,3294.7431767877106,3240.716013118244,3286.265625,1726062.0
2023-09-27,3290.2069294635417,3312.202741805359,3258.7712029077657,3289.5654296875,1541134.0
2023-09-28,3299.371940605782,3301.938163532405,3232.7888713611383,3241.40380859375,1755753.0
2023-09-29,3241.8157797626336,3270.456157608398,3212.808894581624,3233.93408203125,2243791.0
2023-10-03,3239.0664965379606,3239.0664965379606,3189.484405708049,3220.416015625,1948148.0
2023-10-04,3195.166833095943,3251.7143576425697,3186.9184032146622,3242.3203125,1788138.0
2023-10-05,3257.2129980061186,3321.3674464755695,3254.646775316749,3289.611083984375,2990768.0
2023-10-06,3291.1235890654875,3331.4033777148984,3276.505582786958,3318.98486328125,2075691.0
2023-10-09,3340.659739733684,3371.7746033230796,3327.782980338707,3334.519287109375,4233074.0
2023-10-10,3336.0771756544805,3343.363243234952,3300.6089754727277,3325.858154296875,1848148.0
2023-10-11,3345.1964946926682,3345.1964946926682,3303.954346127964,3308.445068359375,2426417.0
2023-10-12,3276.459363134494,3288.969391201641,3242.6408930553534,3246.71923828125,4241281.0
2023-10-13,3235.217212916928,3278.2923429472667,3230.6347522754027,3272.656005859375,2890357.0
2023-10-16,3268.2112075997875,3276.1387756829304,3225.2278126263777,3229.764404296875,1671104.0
2023-10-17,3235.2172879726013,3239.0206408921194,3210.792861687819,3214.183837890625,1672065.0
2023-10-18,3217.8037969791744,3228.5267099114812,3193.0585100186395,3196.037109375,1408245.0
2023-10-19,3187.9971019140276,3194.750838771474,3171.8250136242077,3175.270751953125,1514545.0
2023-10-20,3170.446688296385,3215.5629781222533,3164.612039380442,3211.0146484375,1481211.0
2023-10-23,3191.2130654023267,3196.680258583494,3125.33059463688,3133.46240234375,1106272.0
2023-10-25,3115.4067623155947,3147.1075537327565,3103.185832642016,3115.039306640625,1518537.0
2023-10-26,3094.778295044471,3099.969784152135,3059.815493562458,3066.017822265625,1984471.0
2023-10-27,3078.1927983487076,3089.219160611449,3066.2475725640707,3079.065673828125,1108851.0
2023-10-30,3078.1929142674794,3108.3776718312,3063.261381474391,3104.426513671875,910972.0
2023-10-31,3123.2170073341836,3123.2170073341836,3078.2386842955907,3095.42138671875,999811.0
2023-11-01,3082.787259328347,3098.0404842339485,3042.3572624846965,3060.412841796875,1563475.0
2023-11-02,3071.944946483588,3102.0377313803074,3071.944946483588,3087.473876953125,1245384.0
2023-11-03,3107.596275079441,3113.017479853767,3072.9551669090106,3079.01953125,1402598.0
2023-11-06,3101.164491736812,3117.060876071951,3086.462674887097,3105.988525390625,1099852.0
2023-11-07,3103.9208626386717,3127.9490531184615,3092.894500782051,3096.9833984375,1191144.0
2023-11-08,3097.902980634826,3125.928323522244,3096.1572293352783,3107.18359375,992899.0
2023-11-09,3115.0395198974807,3116.32583917985,3070.88807990428,3075.849853515625,2112352.0
2023-11-10,3067.166714113737,3075.8499303163658,3052.7865884253365,3062.98583984375,1338557.0
2023-11-13,3083.705913859629,3083.705913859629,3057.058872291712,3061.23974609375,1030990.0
2023-11-15,3108.607053624718,3136.0809812784887,3083.7517522263774,3128.0869140625,2059802.0
2023-11-16,3151.748122462739,3242.991322415879,3137.1840447327354,3214.047119140625,3951984.0
2023-11-17,3214.047043797082,3238.534668324732,3209.1770219858477,3218.273681640625,2021292.0
2023-11-20,3207.9823552979888,3247.1717958060967,3207.9823552979888,3234.0322265625,1475621.0
2023-11-21,3234.032472119512,3251.9043245816342,3216.9415191317103,3225.39501953125,1807236.0
2023-11-22,3216.022427894088,3246.023233095817,3198.6559965162287,3243.72607421875,1798051.0
2023-11-23,3243.588555074423,3256.45264566112,3216.022646674357,3223.603271484375,2729804.0
2023-11-24,3210.7392094309985,3220.20354959885,3172.836085044069,3176.603515625,1989733.0
2023-11-28,3176.6032484945686,3198.793713354985,3154.458547345828,3188.59423828125,1689195.0
2023-11-29,3198.5639575829327,3232.5619082955354,3193.7859120788967,3228.65673828125,1441634.0
2023-11-30,3215.5168157957996,3231.321223058578,3198.5638291631694,3204.62841796875,3266235.0
2023-12-01,3216.0221369745987,3231.5968278858527,3206.879490337294,3226.726806640625,1172141.0
2023-12-04,3257.0495189763487,3259.9440736924166,3214.184625072852,3227.462158203125,1625213.0
2023-12-05,3250.938986137575,3250.938986137575,3218.595036568669,3245.058349609375,1377656.0
2023-12-06,3245.97728523371,3319.7160810042337,3239.1315727028823,3311.676025390625,1896572.0
2023-12-07,3312.503193839517,3335.980203089425,3300.282263403626,3321.599853515625,1967653.0
2023-12-08,3338.231023463337,3349.257385225396,3309.7922436184076,3332.442138671875,1641155.0
2023-12-11,3328.950852965452,3356.6087371102208,3321.6919202445793,3347.328125,1102503.0
2023-12-12,3343.698716167012,3398.3251133631525,3336.3937952739866,3374.1591796875,2236866.0
2023-12-13,3347.925108013577,3353.851732647353,3273.9106091568547,3301.98193359375,3850968.0
2023-12-14,3335.4747249461025,3379.580175854481,3333.269542133453,3369.702392578125,3290396.0
2023-12-15,3369.1967126856007,3579.8461676911347,3369.1967126856007,3547.73193359375,8531230.0
2023-12-18,3545.0675097062062,3610.214844891434,3519.38509432448,3546.078125,2521612.0
2023-12-19,3533.030700546441,3542.3113130556862,3482.4932002785463,3506.5673828125,2004435.0
2023-12-20,3516.7204109839868,3582.4651407823453,3460.945440121915,3473.35009765625,2586083.0
2023-12-21,3451.4808297235973,3497.837445851442,3439.627580966257,3480.1953125,1517562.0
2023-12-22,3491.681163580348,3533.902894889367,3456.7643519445446,3513.73388671875,2413058.0
2023-12-26,3509.921203730051,3522.9230339059286,3482.6307754103036,3487.5927734375,1285231.0
2023-12-27,3490.762566000509,3508.4047009886162,3462.2777964437796,3501.97265625,1293976.0
2023-12-28,3513.7343014406606,3526.598391456395,3484.422643209007,3491.589599609375,1682889.0
2023-12-29,3484.330380055923,3512.447692792302,3459.8885213069443,3485.61669921875,1574996.0
