Date,Open,High,Low,Close,Volume
2013-01-01,165.2013291115712,165.2013291115712,163.54693558204062,164.3213348388672,543928.0
2013-01-02,164.20697464835936,165.8261666861349,162.86057875873527,165.38616943359375,1199844.0
2013-01-03,163.5293965329508,168.4397598271036,163.5293965329508,165.67657470703125,1138816.0
2013-01-04,166.31016674906962,168.52774864616617,163.23898372093626,165.87896728515625,1099620.0
2013-01-07,167.09334093393394,167.09334093393394,162.1389681661215,163.15975952148438,989776.0
2013-01-08,162.95736494115062,163.64375411799043,160.59897568627983,163.0453643798828,996520.0
2013-01-09,163.9605588521867,166.2925441052188,163.0717666211531,165.33335876464844,1256708.0
2013-01-10,166.73253006827358,173.31489229540617,166.36293672732438,171.70449829101562,4860944.0
2013-01-11,172.91012572402883,178.10209340226217,172.30292735560792,174.12451171875,3472872.0
2013-01-14,174.41490328668834,177.58288336656764,172.47891546009544,176.35089111328125,3108168.0
2013-01-15,177.4684570196952,179.82684618453655,174.77567644570794,175.9636688232422,2345300.0
2013-01-16,175.16288638803508,178.58606677333137,173.49089701784033,175.62928771972656,2558020.0
2013-01-17,176.0076880877972,180.91805068166394,175.47089362083145,179.23727416992188,4187708.0
2013-01-18,179.51887684560396,180.7332735446429,174.71410905492507,175.81410217285156,1831904.0
2013-01-21,176.3596700690482,178.99085539161618,174.9692854055744,176.76446533203125,1627760.0
2013-01-22,175.67329231685625,177.19567623513018,172.03891102495442,172.6197052001953,1920612.0
2013-01-23,172.66370009898276,172.83090118439762,169.70692104588127,170.19091796875,1365436.0
2013-01-24,170.63973171028627,178.72688333094771,170.01493776237862,174.33570861816406,3062560.0
2013-01-25,174.59966710500578,177.75884879387496,173.18287842888412,177.14285278320312,1737524.0
2013-01-28,177.69729814933655,181.56046550776415,176.26290278142625,178.8236846923828,2316044.0
2013-01-29,179.14927098065914,180.1084563190067,175.08369025461715,176.2716827392578,1100908.0
2013-01-30,177.75887660055793,179.67726877359001,176.39488522070215,177.93487548828125,1836600.0
2013-01-31,178.0052906121852,180.04687354220866,174.6349074020103,175.81410217285156,1546092.0
2013-02-01,175.81406937778652,178.63884902928407,174.76687397643258,176.84365844726562,1615692.0
2013-02-04,176.5268815234464,178.44527366536454,173.35890159580728,174.3004913330078,412560.0
2013-02-05,174.59968088379628,175.20687914780007,168.60692136975635,170.11170959472656,700316.0
2013-02-06,170.37570174199354,174.52047292823164,170.37570174199354,172.39968872070312,1471792.0
2013-02-07,172.50529400357894,176.85245743024467,171.59889554054308,174.22128295898438,2912724.0
2013-02-08,175.11886207431564,179.43083405504,169.24049597517495,176.34205627441406,2837520.0
2013-02-11,176.87005396951952,177.93484490882932,169.93569468809488,175.8756561279297,1468188.0
2013-02-12,175.26850266718893,176.8613013276871,171.0621353448853,174.24771118164062,1352164.0
2013-02-13,175.11890266033012,176.87889163179074,173.70211368672838,176.1044921875,1910584.0
2013-02-14,175.99009553038564,178.81487561985404,175.99009553038564,176.35089111328125,1641432.0
2013-02-15,177.75890542420487,177.75890542420487,170.4373548045713,175.76132202148438,2042084.0
2013-02-18,175.87569101139448,175.88448880758972,173.0069112139513,173.6405029296875,1051144.0
2013-02-19,174.19491105151096,183.20604612625354,173.16532178468006,182.07086181640625,2535504.0
2013-02-20,182.84524343285094,188.22199640582198,182.84524343285094,185.19482421875,5371924.0
2013-02-21,183.91002531488874,187.06921817448227,182.06203703215738,182.70443725585938,3075060.0
2013-02-22,181.98283135494356,184.95721655111257,181.46364328278045,182.9420166015625,1661144.0
2013-02-25,182.95085748220453,186.38283604969178,181.40205856061652,182.68685913085938,1683880.0
2013-02-26,182.45803264584796,183.83083252117592,179.89726179949966,180.6980438232422,824396.0
2013-02-27,181.27887125598218,184.41166034322868,180.24928196365812,181.05006408691406,1789236.0
2013-02-28,181.27006375115087,188.31882849554515,181.27006375115087,184.98365783691406,3691908.0
2013-03-01,185.15082689079497,195.71075998342587,185.15082689079497,194.12677001953125,5004444.0
2013-03-04,195.18279074273565,196.94277983870262,189.77963281181385,191.09962463378906,2211628.0
2013-03-05,194.47875269619112,194.90115428396243,187.447606384716,187.9139862060547,1615136.0
2013-03-06,188.98764204308904,193.03561705643978,188.98764204308904,190.0084228515625,2326956.0
2013-03-07,190.07881482949685,195.82518329688494,189.21641590981113,192.9387969970703,3608420.0
2013-03-08,193.58116527052752,197.6643305422652,193.58116527052752,195.4291534423828,2703008.0
2013-03-11,196.93393433416284,197.61154719631273,193.27317059223813,195.0419464111328,2375440.0
2013-03-12,195.53477022438847,196.22995725840298,192.71878793492832,193.1411895751953,1785908.0
2013-03-13,191.85637378993897,193.46676783038268,189.761982832021,190.97637939453125,1452048.0
2013-03-14,189.91158884511123,195.00674752659228,189.91158884511123,194.35556030273438,1384524.0
2013-03-15,193.598777369449,196.69635351051232,192.78037824099394,193.95077514648438,1438240.0
2013-03-18,193.3347529322243,194.39074612074805,191.27557480829753,191.8211669921875,1194200.0
2013-03-19,193.24679091157552,195.3587776974944,191.13480412565667,191.9619903564453,1587016.0
2013-03-20,191.96198956405414,192.7716016827069,187.45642206954037,188.07241821289062,1077604.0
2013-03-21,189.18998364729967,190.55397493979484,186.55880903805246,187.4123992919922,1099500.0
2013-03-22,187.0867905842724,188.0283802005257,183.23241120389218,184.37640380859375,1137068.0
2013-03-25,185.6788298168111,187.09562948162096,182.59884922743268,184.0684356689453,1542324.0
2013-03-26,183.40843984325446,184.4116464115629,178.68287392115818,182.88925170898438,1237004.0
2013-03-28,183.80442265662884,189.55079027997712,182.4932396183966,186.47080993652344,4002396.0
2013-04-01,185.89881640387873,189.01398797619402,185.1596297039444,186.76121520996094,747780.0
2013-04-02,188.09879161224532,188.09879161224532,179.43084729701437,180.6100311279297,2020564.0
2013-04-03,179.04365637497455,182.15883866284997,171.15890879190493,171.95970153808594,2612396.0
2013-04-04,171.7748983455412,174.7492835666096,169.42531771112533,171.95089721679688,3446784.0
2013-04-05,172.9893159245262,172.9893159245262,168.448535899358,169.28453063964844,1188644.0
2013-04-08,169.97968881066308,174.48526585911495,169.57489360020696,173.174072265625,1787424.0
2013-04-09,174.6172875338545,174.91647702664127,169.5309157668165,170.21731567382812,1417476.0
2013-04-10,171.79252069651537,176.87889316497316,170.37573171063292,175.7436981201172,1055748.0
2013-04-11,176.87887941732524,177.75887384228704,172.87490478374895,175.4180908203125,892204.0
2013-04-12,170.71893855503626,173.97491831098284,167.75336129038726,172.4789276123047,1530756.0
2013-04-15,171.42293747645382,172.9629279311961,169.8389472944332,170.71014404296875,766528.0
2013-04-16,170.54291777281708,172.47890548747236,169.1349267076132,171.18531799316406,776852.0
2013-04-17,172.09172183401503,172.989322667005,167.55095237398447,168.11415100097656,830496.0
2013-04-18,168.08773421187556,168.08773421187556,164.8229570194445,167.25173950195312,726348.0
2013-04-22,165.43895743642122,169.48693192688683,162.84297379579652,163.83737182617188,1118852.0
2013-04-23,163.45016527431164,167.11093990312312,159.59578542835555,162.64056396484375,1360908.0
2013-04-25,162.7989771848734,164.36537164058126,161.11818989317248,163.24777221679688,2447340.0
2013-04-26,163.5029548481504,166.58293516014464,162.0949638483816,163.0277557373047,1232772.0
2013-04-29,163.80216838346274,167.90294035481574,162.63177147303045,166.45974731445312,854772.0
2013-04-30,166.3189745286991,169.6189541820463,163.36219490772427,167.77096557617188,1217432.0
2013-05-02,168.7741135627845,172.30288865390193,168.7741135627845,169.95330810546875,1134208.0
2013-05-03,170.102940305868,174.9077082250592,168.62454521898428,173.64932250976562,1447848.0
2013-05-06,174.22134967642717,178.2517188339341,173.64935313891465,176.28933715820312,2079144.0
2013-05-07,177.20448917189535,179.1668812148591,175.8844974144185,176.97569274902344,844288.0
2013-05-08,177.406880345966,178.5948728482827,172.1269136690027,173.147705078125,1211580.0
2013-05-09,173.1477093963563,174.45890330226007,172.1533220926671,173.0773162841797,758536.0
2013-05-10,173.35889880770551,174.2212976265408,170.36691781305476,171.78370666503906,566044.0
2013-05-13,175.63811057118005,176.64130648483263,167.26055619171933,168.05255126953125,989880.0
2013-05-14,168.43092618754915,171.42290711251084,167.47173015435823,168.68612670898438,1013372.0
2013-05-15,169.3549142753553,170.35810999236259,165.7029376879678,167.90292358398438,2196868.0
2013-05-16,167.5509567777427,168.95894801116913,165.00777046394214,165.84376525878906,1301320.0
2013-05-17,167.19894738116184,168.0789418410627,162.12138364438186,163.30056762695312,1635352.0
2013-05-20,163.97818544697833,164.7349786062538,161.56699824844122,162.28858947753906,1694632.0
2013-05-21,162.81656665460295,164.54136434712495,157.52780222958498,160.13258361816406,5450172.0
2013-05-22,169.31091058592133,172.3820929731437,164.2597409387285,166.0197296142578,10670120.0
2013-05-23,166.66213965005784,169.0997198132109,165.03415002875775,167.63893127441406,2547880.0
2013-05-24,168.73015467633294,169.81254151159308,166.38056281722132,167.45416259765625,893304.0
2013-05-27,167.37493777441497,168.80933296806765,166.3189444761537,167.84133911132812,872084.0
2013-05-28,168.4309517438767,173.71091888318318,167.57736135320377,173.11251831054688,2392500.0
2013-05-29,173.71089692168295,175.55888518680723,171.1237112020851,173.06849670410156,1390380.0
2013-05-30,171.95091959303994,174.94290079373766,171.44051850313173,172.26771545410156,1574152.0
2013-05-31,172.30293339376917,173.71092467788577,169.15254859870987,170.27894592285156,478088.0
2013-06-03,169.39893122589103,171.59891734570778,162.84297258883706,165.4829559326172,1137708.0
2013-06-04,165.61496892873424,167.19895906726623,165.4389700244529,165.87896728515625,2076636.0
2013-06-05,165.17493202721465,167.110919509686,160.5285577724362,161.49655151367188,2322816.0
2013-06-06,160.33498111209354,165.9493497310881,160.00057894025903,162.79896545410156,2205108.0
2013-06-07,163.7669505121136,167.4541290315516,163.5029522039264,164.9021453857422,1684840.0
2013-06-10,167.00534839597773,167.19894287509052,164.22455738393847,165.50054931640625,1997832.0
2013-06-11,165.2629750149309,172.0741349195615,162.53499193427976,170.366943359375,3673796.0
2013-06-12,172.09171655994288,174.59090300542027,169.4869350748183,172.26771545410156,3230292.0
2013-06-13,170.88610650280287,171.9508975273994,167.4189265843794,171.00930786132812,1603524.0
2013-06-14,172.6636974380855,174.0628906692398,169.34612287839605,169.97091674804688,1402700.0
2013-06-17,169.92693424703015,171.53732844378533,167.3749502526418,170.96533203125,701076.0
2013-06-18,170.1908807226273,173.3060623837606,170.1908807226273,172.1004638671875,914452.0
2013-06-19,172.12689153667327,179.81804415560063,171.766096008563,178.1636505126953,2670276.0
2013-06-20,178.2868794407596,180.8300548627783,172.58451098410845,173.2445068359375,3189196.0
2013-06-21,173.2004721222463,177.74125125919085,172.67247554744975,175.2068634033203,2749988.0
2013-06-24,173.18291103340195,178.36608059029513,173.18291103340195,176.35089111328125,3723316.0
2013-06-25,178.45406951673849,180.29325999200182,176.57087932073736,177.7324676513672,3499744.0
2013-06-26,178.63889970152235,184.6052672494858,178.63889970152235,182.8276824951172,4262064.0
2013-06-27,185.14203429758885,193.24679223787356,183.08285576088159,190.21961975097656,4884608.0
2013-06-28,192.71880408533542,192.71880408533542,184.81644882644912,186.52365112304688,2368636.0
2013-07-01,185.85481131347402,188.21320052660994,180.48684564580267,182.06202697753906,2511240.0
2013-07-02,182.8628344502101,183.43483080436138,171.82770263862153,176.38607788085938,6041132.0
2013-07-03,177.50369166147706,180.75087357371325,169.83894157607915,175.8404998779297,7461580.0
2013-07-04,180.5748266671306,182.51081408753842,178.09324708872765,181.5340118408203,4093568.0
2013-07-05,186.118798032901,186.118798032901,181.59563583752168,182.8012237548828,2688100.0
2013-07-08,181.63081649248562,184.9307949898055,178.81483484143934,184.0419921875,1445516.0
2013-07-09,184.44682548100528,186.20681427376297,182.27324361879718,183.51402282714844,1433184.0
2013-07-10,184.0948593779408,192.10280976197166,183.51405438276487,189.9468231201172,3622536.0
2013-07-11,191.13478700163157,191.5307844885134,185.7052257561217,187.69400024414062,3318772.0
2013-07-12,189.1988326666199,198.50037098040477,188.67083592429444,197.45318603515625,13563240.0
2013-07-15,197.48835641054276,199.2747494973204,193.94197436816944,195.69317626953125,4288428.0
2013-07-16,192.19078084211304,195.34116515459615,190.43079200656257,192.2611846923828,2340128.0
2013-07-17,191.83875988879376,198.86111879074454,190.49236429547932,192.6131591796875,3903792.0
2013-07-18,194.24996547489314,196.4675686668731,190.4572023020336,192.06759643554688,3634500.0
2013-07-19,195.9747963235416,200.89395751632216,194.09161648377506,199.28358459472656,7496204.0
2013-07-22,199.23071852607984,208.4970632208054,198.87872079016805,206.21786499023438,6764312.0
2013-07-23,207.678647463243,210.14263141619676,204.24666981448604,207.529052734375,5640780.0
2013-07-24,206.61386901597294,214.9826240471991,205.92749059649918,212.5450439453125,6371408.0
2013-07-25,211.75307193184398,214.54265008274956,205.7955137140889,207.62588500976562,9851600.0
2013-07-26,208.17146487573203,215.7042033623218,207.8546583269245,214.32261657714844,4271748.0
2013-07-29,212.6506467546513,220.17459887446205,212.6506467546513,219.752197265625,3542040.0
2013-07-30,220.35059638864055,222.1105851776872,214.16423149829396,216.87461853027344,4929400.0
2013-07-31,217.35858593649758,220.8257547864869,215.42259853139518,219.34738159179688,3372392.0
2013-08-01,219.75221571802163,221.899415124809,216.61944828158772,220.28021240234375,2827760.0
2013-08-02,221.14259155818226,224.3985708210763,211.28665432996243,217.04180908203125,4426048.0
2013-08-05,216.65459695452066,224.75054452552632,216.26740805568866,222.4273681640625,3169924.0
2013-08-06,222.46260352198675,222.67379360252042,216.48744962393323,217.07704162597656,3710664.0
2013-08-07,217.1826221832554,221.74978461521266,213.0114572390715,216.37303161621094,4400120.0
2013-08-08,216.30258997665103,220.8785601470277,214.68340912544252,219.05697631835938,4629664.0
2013-08-12,219.9986062876283,227.3905594588926,218.44980750566782,222.902587890625,7414256.0
2013-08-13,225.40180405476957,235.5745500351157,224.9618067629595,234.26336669921875,6483108.0
2013-08-14,235.8384943223423,237.04408232856045,229.06253758248397,232.5209197998047,4027120.0
2013-08-16,231.4384736155026,234.95845040052927,228.35849392860428,233.10165405273438,5017596.0
2013-08-19,232.3185246510336,234.73850928281522,225.63056712320082,227.7425537109375,5220728.0
2013-08-20,226.84494561778328,228.26172361686295,218.46740378469306,219.96339416503906,5285768.0
2013-08-21,219.99859910839191,225.27856548699333,216.68102453068502,218.19461059570312,5495908.0
2013-08-22,218.06261797976853,225.2345725259151,215.8802275142774,223.67698669433594,4350392.0
2013-08-23,226.22896464186474,241.61127105023758,224.63616618421858,240.4496612548828,7482564.0
2013-08-26,241.11851594655963,248.15847261653215,239.48171742709388,242.81690979003906,6304768.0
2013-08-27,243.0016484431443,248.14082870203373,237.3696842038607,239.86888122558594,4399208.0
2013-08-28,237.24645530618557,247.27838998901387,236.92964877513904,241.1624298095703,4111024.0
2013-08-29,240.90724714708315,244.63841436967454,237.5984599993242,240.3352508544922,4311672.0
2013-08-30,241.47049267578123,251.32643115234373,240.23850036621093,241.9984893798828,5942356.0
2013-09-02,242.8785102814972,245.49208995398206,238.27613421373468,242.00732421875,2625912.0
2013-09-03,245.2016215165283,252.5583830090227,243.94324676070255,246.4688262939453,6256104.0
2013-09-04,248.15844130809967,250.64002142433264,244.75286699550674,246.2576446533203,3642560.0
2013-09-05,246.6711940035631,247.11997817541425,242.06881983160076,243.30081176757812,3071968.0
2013-09-06,242.52639515782096,247.11996046447157,238.1264242732451,239.41122436523438,2991140.0
2013-09-10,239.0153325036562,241.11851092127992,234.5009560862743,238.7953338623047,4428808.0
2013-09-11,238.12651735278914,245.87046913661968,233.21614362937564,234.6593475341797,5393056.0
2013-09-12,235.82096630815911,236.13775148584196,227.91861019825873,230.7961883544922,6873240.0
2013-09-13,231.96651864627978,232.40651583642827,225.27856135602286,226.9153594970703,7408376.0
2013-09-16,228.34096633533568,228.79855915680133,221.30979772301168,224.95298767089844,8412544.0
2013-09-17,226.25536124605554,233.1985082372352,225.45455777501758,231.05133056640625,5773968.0
2013-09-18,232.14250876041916,233.90249745458456,229.8545234580041,231.2449188232422,2652176.0
2013-09-19,231.08587220693107,233.50625841927442,225.35290181730946,228.771484375,3136720.0
2013-09-20,227.0754836922683,237.3842430684851,227.0754836922683,229.03652954101562,5641860.0
2013-09-23,229.3280758812001,238.2676349153335,229.3280758812001,234.33670043945312,4832724.0
2013-09-24,236.73943214434297,239.38950041461547,234.1246894911498,236.22708129882812,4449612.0
2013-09-25,236.0327316205962,236.69524864423187,233.0028161192406,235.99740600585938,2423328.0
2013-09-26,234.91970435281397,237.52560475624725,231.0859476400498,232.07530212402344,3244452.0
2013-09-27,233.33851030601625,235.32606150112713,229.84925376348826,230.81210327148438,2909736.0
2013-09-30,233.9833269680127,237.60508634163276,231.97811328661135,235.98854064941406,3513176.0
2013-10-01,236.73945045245299,236.73945045245299,232.49934089211055,234.21304321289062,1703012.0
2013-10-03,236.7394150458195,245.55531250145924,235.91788962810762,242.56956481933594,7402820.0
2013-10-04,242.56953471923129,249.58337207111617,242.0395211692257,247.46331787109375,5269548.0
2013-10-07,248.20542115113355,255.92594545635802,247.75490087756128,254.9807586669922,5358412.0
2013-10-08,255.64322644320526,257.27743504348143,252.11864462913303,254.8217010498047,5413788.0
2013-10-09,252.28642405821728,262.1800093154023,252.28642405821728,260.7754821777344,4200324.0
2013-10-10,261.4734446038685,268.805301327558,261.2967733575145,267.3212585449219,4846024.0
2013-10-11,272.0736358444472,276.20774605300744,269.4235679628454,273.8138427734375,6437288.0
2013-10-14,275.6071068830398,280.1122230532434,274.5470795488743,275.4039306640625,4217272.0
2013-10-15,276.6582686509613,281.70224024965677,276.6582686509613,279.7765197753906,4488788.0
2013-10-17,280.9072356221875,281.6139204916773,266.17285178006347,270.2716369628906,5559084.0
2013-10-18,269.77695453541367,272.95703651422014,267.8688967216054,271.4111633300781,3580628.0
2013-10-21,270.6779506452808,275.43041040426084,263.7701107976661,273.04534912109375,4034012.0
2013-10-22,273.84029652728753,277.1970485492349,272.0824271212628,273.20428466796875,3032356.0
2013-10-23,272.912819136745,277.3561038522004,269.9094089245264,274.2908630371094,2294056.0
2013-10-24,273.48699956313266,278.7253046109205,270.3069181728637,271.561279296875,4819892.0
2013-10-25,268.5402460998916,274.19372496515246,259.1766717293032,272.3210144042969,8259256.0
2013-10-28,272.42702066816156,275.9604450607447,265.27183627318067,267.674560546875,3311492.0
2013-10-29,266.95019988628104,270.97831212459005,266.4113440660753,268.9554138183594,1615648.0
2013-10-30,270.3069422679265,275.83675958267634,269.4854168556151,274.7855529785156,2726588.0
2013-10-31,274.9004233523125,276.90563742275765,270.6603139946933,274.0259094238281,1907192.0
2013-11-01,274.1053507974511,275.9780610948587,269.070221891407,269.57373046875,2539252.0
2013-11-05,273.8403701821862,275.18306703884986,267.85121196623004,268.3812255859375,2709328.0
2013-11-06,269.42357439530883,279.04331240867054,269.42357439530883,277.9391174316406,5852168.0
2013-11-07,278.25712135416836,283.8222637812517,272.95698570932706,279.219970703125,8744772.0
2013-11-08,284.26395635348644,298.0973197236257,284.26395635348644,295.92425537109375,16198272.0
2013-11-11,295.9242375837889,303.2560918284022,295.9242375837889,299.864013671875,7020720.0
2013-11-12,300.34103716200997,302.2137475510526,296.4895964118797,297.78814697265625,2817096.0
2013-11-13,295.4207340714748,299.81100882079244,292.39081885587,293.3536682128906,2317452.0
2013-11-14,295.21755488637535,299.40465341174183,293.8041853836279,295.39422607421875,2710692.0
2013-11-18,295.9242544846944,307.40788227066764,295.9242544846944,306.32135009765625,4208356.0
2013-11-19,306.5245388100016,310.057962888503,303.55645395753675,308.8919372558594,3150080.0
2013-11-20,309.1746164036964,311.42717432320904,296.80763174754856,297.9029846191406,5962104.0
2013-11-21,299.466506690583,300.8092034099087,289.9174203257265,292.9031677246094,5210432.0
2013-11-22,295.9242623928622,298.12381022412444,291.1718027611718,294.5727233886719,3717380.0
2013-11-25,292.94737341597516,300.09371528862476,292.5940309932719,295.60626220703125,4176196.0
2013-11-26,294.7406131508817,306.00340373916185,293.68940642285526,303.7950134277344,41095392.0
2013-11-27,302.01062799840656,302.60249387685855,296.8694994760871,298.4772033691406,2498768.0
2013-11-28,299.7756563126325,301.32152908329107,295.27054138099896,298.96295166015625,3307500.0
2013-11-29,298.0973233314096,303.9274729107738,298.0973233314096,299.908203125,1954816.0
2013-12-02,298.4948021128936,301.9310479525366,298.1149547609559,298.54779052734375,1892848.0
2013-12-03,298.6538529317451,301.16259717628924,297.3729865965696,298.7333679199219,1664504.0
2013-12-04,298.39769199852043,302.098945448591,297.69984930272744,299.6785583496094,2981268.0
2013-12-05,301.2243862235497,302.09007938871474,295.43840461133783,297.2139587402344,2762988.0
2013-12-06,295.3942201611248,299.64317077022827,295.27055895863265,295.88006591796875,1901340.0
2013-12-09,297.3729564853032,298.5390036633371,293.62753565580795,295.694580078125,2617148.0
2013-12-10,296.9842704513543,303.85678405703555,295.9242433111353,302.1165771484375,3877504.0
2013-12-11,303.3267696683978,305.20832215047056,295.13806434556477,297.7616271972656,3833632.0
2013-12-12,297.86767838516795,299.113219118819,294.37842177300485,295.06744384765625,2993436.0
2013-12-13,295.48262479036697,299.9877410427762,295.29711137697836,298.8305358886719,2080024.0
2013-12-16,296.2245858405974,309.5014305392614,296.2245858405974,308.3000793457031,3518708.0
2013-12-17,308.2912244750584,310.12860915195347,304.4309633128012,304.91680908203125,3001040.0
2013-12-18,305.46451395708056,307.937910831227,303.55645631335824,305.2348327636719,2068648.0
2013-12-19,307.4079024346247,317.83150372407465,306.2683817676409,317.06298828125,5167240.0
2013-12-20,317.9551549691864,331.3468407644352,317.47815134827516,326.1350402832031,13409204.0
2013-12-23,325.9760410228088,328.9176209443551,321.97443385503385,324.46551513671875,1956612.0
2013-12-24,323.66163483613116,326.0908638093827,322.8312888317976,323.69696044921875,1306388.0
2013-12-26,324.54498206407237,325.7551754248113,321.4002261970808,322.6722717285156,2012532.0
2013-12-27,324.49199790116364,330.02181531753695,323.6616518531733,328.82928466796875,2549024.0
2013-12-30,330.3751511009228,331.24966493319573,324.84533379554415,326.3293762207031,1293328.0
2013-12-31,328.25508889775523,328.25508889775523,323.6174699076766,324.6951599121094,992016.0
2014-01-01,325.9583426121952,325.9583426121952,322.44258164962065,322.97259521484375,698232.0
2014-01-02,322.9726240301195,325.3841902803033,316.8332996852081,320.8525695800781,1395500.0
2014-01-03,321.18825267271137,326.117383635901,319.8190508255092,324.2799987792969,1327296.0
2014-01-06,325.07496280951096,325.6933119235508,319.77482754631245,320.808349609375,1485056.0
2014-01-07,320.93205316616604,322.48674667098777,315.5347397802443,318.7236633300781,1914320.0
2014-01-08,319.5982242569485,328.57313050218625,318.8915394050813,325.1810302734375,3080984.0
2014-01-09,326.8151896294004,327.5307165603628,320.00452833803627,323.14044189453125,2114704.0
2014-01-10,325.9053120463177,334.2265417478314,323.9972762718026,331.9474792480469,4740028.0
2014-01-13,332.3008776163906,336.55864939255684,330.93167576190643,332.9368896484375,2825948.0
2014-01-14,333.70536950946047,336.75294750582964,332.14183380719334,334.48272705078125,2811512.0
2014-01-15,335.6752884417646,336.69114786731205,328.15792006618983,332.8573913574219,2997644.0
2014-01-16,332.8485912775243,334.1736254784699,326.8417695665711,329.7126770019531,2719424.0
2014-01-17,329.9334778682965,330.3044830883805,312.7080352486666,313.63555908203125,3568576.0
2014-01-20,312.5843613040667,324.13864047622275,309.6692865178917,323.07861328125,3220348.0
2014-01-21,323.423166651589,327.7251064581413,319.951572935684,323.06982421875,2171752.0
2014-01-22,322.9373301130012,327.9017871241947,322.4249792573574,325.45489501953125,1580516.0
2014-01-23,325.4282785495595,326.7444700724376,320.75533496780963,323.4230651855469,2466672.0
2014-01-24,321.5592599557707,326.13504853614313,315.7114473099067,316.86865234375,1847484.0
2014-01-27,316.2414417285808,316.77145531807,310.49962784244735,310.9854736328125,3250360.0
2014-01-28,311.1179763497764,314.2892156934284,303.9186251082924,307.1870422363281,1896884.0
2014-01-29,309.1745861833616,312.9288490155881,308.1057168446046,309.0950927734375,2850888.0
2014-01-30,308.86545198373665,308.86545198373665,300.97707791153056,303.57415771484375,3146452.0
2014-01-31,308.29128746047974,318.0082048302943,304.6076967344578,315.70263671875,3665588.0
2014-02-03,317.4781721509224,319.9515691515417,311.0473356360501,311.489013671875,3975364.0
2014-02-04,308.8123799679873,315.19022680898485,299.7049935931184,312.858154296875,3782528.0
2014-02-05,322.56627509218197,326.8328671803262,320.6670597539709,325.0484924316406,10358796.0
2014-02-06,324.89832912167054,327.08905626315874,321.8065831947378,326.04669189453125,3016132.0
2014-02-07,326.8417315886013,330.3751557138835,320.67590217672205,322.0981140136719,3547404.0
2014-02-10,322.11573251880725,325.20747820320554,318.18479872007237,323.6881103515625,2472804.0
2014-02-11,322.1598915821905,331.61179956115797,322.1598915821905,328.9087219238281,4193188.0
2014-02-12,331.0818707381718,332.83092015298575,329.5359975423559,331.3733825683594,2903348.0
2014-02-13,330.366298556498,331.4175051259196,319.1123518539706,320.44622802734375,3491476.0
2014-02-14,323.13159276154386,327.03602158115854,321.3648809367131,323.6351013183594,2972888.0
2014-02-17,324.19165256596983,325.7286833821297,320.27838116587634,322.2041015625,1461116.0
2014-02-18,323.13166495982847,324.03268387854826,320.72894065447196,321.90380859375,1553416.0
2014-02-19,323.3082404764985,327.00949285433865,321.40018321765626,325.5784606933594,2200696.0
2014-02-20,324.02382733766893,328.5995942260676,321.56809331143046,323.705810546875,1749768.0
2014-02-21,323.30833507370386,326.8417595007389,323.30833507370386,326.52374267578125,1601648.0
2014-02-24,325.95835645611965,326.5060328501827,322.38960692523716,323.564453125,2017476.0
2014-02-25,324.2357876479852,326.3116740421352,324.191619852365,325.0043029785156,1487976.0
2014-02-26,325.07494491936905,326.09080412224205,320.3666540397488,321.7093505859375,3393952.0
2014-02-28,325.6050660765016,334.07644264713826,324.56270154085655,329.88934326171875,17263412.0
2014-03-03,330.37516236450097,339.385394065351,330.37516236450097,336.8148193359375,4467620.0
2014-03-04,336.2936116188451,339.3500318455813,332.69835720006375,335.6752624511719,2343364.0
2014-03-05,336.5586144126516,340.97539412935305,334.35906674025716,336.3554382324219,2369100.0
2014-03-06,339.54432723431125,342.19439479444225,335.6928870870655,339.77398681640625,3514700.0
2014-03-07,341.8587329340916,341.8587329340916,322.46907094984533,324.3682861328125,5247672.0
2014-03-10,324.80110973013035,325.993640149183,316.4357339927033,317.93743896484375,3840996.0
2014-03-11,319.5275533295487,323.08748260493763,311.338846873849,314.783935546875,3200908.0
2014-03-12,315.57891339968745,319.42151178537995,313.76803370068296,318.4939880371094,3084372.0
2014-03-13,318.00814547054057,322.4249252687425,310.3759586057706,314.5718994140625,2931680.0
2014-03-14,316.06473859961403,319.74832836114433,313.591342098555,315.4022216796875,2415784.0
2014-03-18,315.0400303004618,319.456809670793,311.8687913390862,317.0099182128906,2845732.0
2014-03-19,317.12479646363505,317.8049762542091,305.81783993234114,314.0330505371094,3824476.0
2014-03-20,311.065018510781,323.1316718544511,311.065018510781,321.9214782714844,3855660.0
2014-03-21,322.77824840180637,326.8240227689272,318.2731332763296,319.5893249511719,4484292.0
2014-03-24,321.71829916538405,326.66509344140314,320.137100335824,325.8347473144531,3069820.0
2014-03-25,324.5715137485466,325.39303917814306,319.98688296599045,323.0963134765625,1699352.0
2014-03-26,324.0149844866104,326.7180625038892,317.1689754087172,320.7200622558594,2969424.0
2014-03-27,319.5982438839007,331.38220588593117,316.41816185520514,323.9178466796875,9480328.0
2014-03-28,326.6297512616984,326.841748093397,321.89495406819964,324.5008544921875,4413904.0
2014-03-31,321.0557492340476,322.8842919036293,315.7026030635472,317.1866455078125,3370412.0
2014-04-01,319.06816344211774,323.4849431132434,317.31911437909054,321.4620666503906,5192828.0
2014-04-02,323.48493616531835,325.78166154497376,321.3207141729507,323.62628173828125,2538864.0
2014-04-03,323.3082888193,323.5202856280681,318.891508917397,320.01336669921875,1980852.0
2014-04-04,320.65821986795186,323.1316166052253,319.13000971344627,320.3225402832031,2009040.0
2014-04-07,319.06817940128497,319.9426931933865,315.71142668333124,316.7714538574219,1867688.0
2014-04-09,317.30147331544026,319.24485650389784,306.0828521820714,307.0103759765625,6646300.0
2014-04-10,307.0103454047908,307.0545132001303,300.34100830852793,301.7897033691406,6020084.0
2014-04-11,300.3410151326342,309.15691159596525,296.1627372853218,307.328369140625,9009652.0
2014-04-15,308.29124071447046,312.884691865517,306.20651195016444,311.6833190917969,5604608.0
2014-04-16,312.70803484296505,313.94473328584684,307.24006963989007,309.2806091308594,3022520.0
2014-04-17,309.1745908219498,314.6072300606783,308.29123484817273,313.0260314941406,2343092.0
2014-04-21,316.2326003337886,316.82446609657956,312.2751827754097,313.4147033691406,2115596.0
2014-04-22,312.8847516715244,315.8881626136,312.0279005101359,313.36175537109375,2232556.0
2014-04-23,311.8246765136719,315.53477181496766,310.14630006784756,311.8246765136719,3186596.0
2014-04-24,311.8246765136719,311.8246765136719,311.8246765136719,311.8246765136719,0.0
2014-04-25,309.5279748158072,320.1282479259376,308.9979611603007,318.8473815917969,2664884.0
2014-04-28,320.4815954885782,324.8630504040314,317.56652033666995,322.4691467285156,2686628.0
2014-04-29,322.77831668527836,328.43179568578677,319.36855353657234,326.1880798339844,3228552.0
2014-04-30,324.6598018523734,328.2550560921124,321.541551177419,323.6881103515625,2315740.0
2014-05-02,323.3082737446723,326.8416975014447,321.5592246718085,324.6509704589844,1522832.0
2014-05-05,324.19166355342657,326.42655862633467,319.88088180653875,321.5415954589844,1680004.0
2014-05-06,319.8101867313762,321.89491544696307,314.89874047828187,318.2554931640625,1698704.0
2014-05-07,317.6548218143862,318.8915202307937,305.04933584040856,306.78070068359375,2861884.0
2014-05-08,306.1711437029052,310.9412653878322,305.0492860643409,308.3442077636719,2097408.0
2014-05-09,306.5245516151735,315.1637781612781,306.5245516151735,313.8475646972656,1520704.0
2014-05-12,314.2980580929235,318.0081532137506,312.01899534829664,317.018798828125,2550420.0
2014-05-13,318.0081217226947,324.1032773890463,317.31909981236765,321.9920654296875,2272692.0
2014-05-14,323.3082737446723,327.1950398771219,318.0081381095137,324.6509704589844,2603540.0
2014-05-15,325.4725632382911,330.9228661992322,320.58759956905715,323.3525085449219,4349324.0
2014-05-16,325.95832476576203,328.6083924467845,311.83347265243475,321.9920654296875,9898872.0
2014-05-19,324.3683160580293,324.3683160580293,305.75600986109845,307.1870422363281,21047348.0
2014-05-20,307.4078750151119,318.8120091199255,305.6411630897377,312.8935241699219,3493332.0
2014-05-21,312.88468819964146,315.128403762918,306.52452514194124,308.5562438964844,4090308.0
2014-05-22,308.29123018535535,311.7716440428733,307.4167164110661,308.79473876953125,2339980.0
2014-05-23,309.35129555393723,319.06821231890956,307.0545697731256,315.59661865234375,3266264.0
2014-05-26,318.0080990750608,323.04322731041594,314.4746757520046,318.9621276855469,2282744.0
2014-05-27,316.2767745367845,328.9617753603393,316.2767745367845,327.6278991699219,4400452.0
2014-05-28,326.32937055229337,335.1276049750946,326.32937055229337,333.35205078125,4078172.0
2014-05-29,333.9085457864923,336.38194242194777,328.3257405511542,331.74432373046875,6109444.0
2014-05-30,330.2161860824003,342.5655091633353,330.2161860824003,339.73876953125,5580708.0
2014-06-02,341.1962813408393,342.38881203290435,332.1860494452365,334.9509582519531,2151900.0
2014-06-03,334.26190169525694,338.1928357928888,333.35204072568956,335.88726806640625,2552716.0
2014-06-04,335.498636959158,343.3074960280497,332.30089228402574,333.2195739746094,6500784.0
2014-06-05,330.03952342065196,339.3854358850434,330.03952342065196,336.45269775390625,2567424.0
2014-06-06,338.14865510489585,339.73869580288124,331.9651635016193,337.4684753417969,1984008.0
2014-06-09,334.79194322205956,351.4255419703384,334.79194322205956,345.52471923828125,3511524.0
2014-06-10,347.6888938400951,357.75915143607347,346.4875211494907,354.0755615234375,5324376.0
2014-06-11,355.6390775352783,361.85789430828004,355.2327252036735,356.70794677734375,4282500.0
2014-06-12,357.58244540028596,358.64247241234216,351.5756256653009,353.1303405761719,2975516.0
2014-06-13,351.57571119311734,358.50121406346284,350.15349931277194,357.1143493652344,2117324.0
2014-06-16,357.03485004291935,361.2926218601363,353.5190886758595,357.3440246582031,2919528.0
2014-06-17,358.64250926525125,361.03641247332286,355.6390990891383,358.121337890625,1480304.0
2014-06-18,357.22916056749943,359.8792285242316,354.00491122014193,355.4359436035156,1263288.0
2014-06-19,356.1161309900367,362.1141096334354,353.72224915787945,358.7397155761719,2268420.0
2014-06-20,355.46242503252796,361.2925741508547,351.3724827771677,354.9412536621094,1446776.0
2014-06-23,355.1090994819228,356.637309621313,352.03501639702665,353.79290771484375,1071016.0
2014-06-24,354.4024237127122,354.5790949109738,351.07217593874327,352.3795471191406,951432.0
2014-06-25,352.3795135871488,357.22912889142225,352.3618292159588,356.5577697753906,2773580.0
2014-06-26,357.22913862911315,363.589301334676,356.86695407074586,361.6812438964844,3502040.0
2014-06-27,362.1759562021563,377.2813436437584,362.1759562021563,375.5499572753906,4967764.0
2014-06-30,375.86799703122955,381.9101437506366,374.7196341730848,380.1964416503906,6308064.0
2014-07-01,379.8431133910485,382.7405040727039,371.0095526145125,372.5819091796875,5962584.0
2014-07-02,375.9562801507636,375.9562801507636,368.9600840001758,371.1331481933594,2511296.0
2014-07-03,374.1896047808568,380.708754863227,371.89287916133316,373.3857421875,2628796.0
2014-07-04,376.13301366629105,376.8308563333235,371.36289090020847,373.818603515625,1164380.0
2014-07-07,377.53742152345154,379.8341465717445,374.189511714192,377.5992736816406,2532544.0
2014-07-08,381.34478859696185,381.34478859696185,367.69693827538885,372.01654052734375,2877452.0
2014-07-09,372.01655644577414,372.7232412823079,362.8826635600988,365.2412414550781,1698812.0
2014-07-10,362.7236578835818,363.94267191023425,353.34239991284875,357.1319885253906,3417100.0
2014-07-11,362.1759485326432,368.5361115312652,358.192004472261,362.15826416015625,1783152.0
2014-07-14,362.17604376375846,364.2077630336527,356.87590653794734,360.1619873046875,1020688.0
2014-07-15,360.23252638411253,367.28168902450903,360.23252638411253,364.428466796875,1056720.0
2014-07-16,365.69166714484703,369.5696341464852,363.43031049180297,367.0255432128906,1701596.0
2014-07-17,367.47610229997457,374.0040946253664,366.0627326757439,371.0890197753906,1460288.0
2014-07-18,372.06954831914277,377.8996979366792,372.06954831914277,374.8609619140625,1426672.0
2014-07-21,375.6029645177414,377.6258410952294,371.71619818688987,372.62603759765625,1003220.0
2014-07-22,374.5429625054623,378.81839713018,371.38056512226103,377.2548828125,1130700.0
2014-07-23,378.9597521080872,381.5921359302887,376.3273682858857,379.8961181640625,1892776.0
2014-07-24,381.07980958117383,387.35163769435496,380.8059605722432,384.90472412109375,1842172.0
2014-07-25,386.48271301205517,389.0681798349732,380.0636229689484,388.1231384277344,1562068.0
2014-07-28,389.0503702824171,392.01030173158716,386.41144560599434,390.6819152832031,1591140.0
2014-07-30,388.3549814618483,390.20936800083456,382.64912314835925,385.3950500488281,1987956.0
2014-07-31,387.28513571225693,387.8022117126029,380.8838932853435,383.4693603515625,9444104.0
2014-08-01,363.74846784470856,380.83931400413337,361.9921376840749,379.30584716796875,7392920.0
2014-08-04,379.7962211379289,388.71162538999295,376.0784801519193,386.4114685058594,3036296.0
2014-08-05,386.9285200102803,390.49468148502945,384.25389890421843,390.0845642089844,1626824.0
2014-08-06,392.2777665449461,394.6403485480009,386.96417718257004,393.142578125,1820816.0
2014-08-07,392.2778289943317,397.8945342731142,387.2495491654911,394.19464111328125,1936348.0
2014-08-08,393.5259380113802,396.7265593852681,388.1499667378072,390.25396728515625,2032508.0
2014-08-11,393.16933909644695,393.3476471867401,384.521396717228,385.35943603515625,1317556.0
2014-08-12,388.35492325060557,388.35492325060557,383.36229797465654,386.1439208984375,1044036.0
2014-08-13,386.92847943314905,387.81109559914074,381.75754583703787,382.98785400390625,2036336.0
2014-08-14,385.1275469661836,388.25686200850487,382.025004251205,383.48712158203125,1217764.0
2014-08-18,383.36234184230506,393.7398625754947,380.45591166049394,392.7413635253906,1574388.0
2014-08-19,393.34759999867504,394.9523726187966,390.4946708962368,394.265869140625,1916104.0
2014-08-20,394.07865582339207,396.7354284708172,391.02957062314704,396.1470031738281,3033864.0
2014-08-21,397.26148926618714,400.65826699186,396.73548912189074,398.741455078125,1916544.0
2014-08-22,397.6269933247022,414.922875993983,396.7533012006977,411.2586364746094,2949260.0
2014-08-25,412.60484466655623,413.61226777758657,411.3566882652313,412.54241943359375,2411252.0
2014-08-26,412.06994331395924,421.6094249095009,412.06994331395924,419.6213073730469,2520348.0
2014-08-27,418.90796647073057,421.1011203028342,414.2273809203578,415.3863830566406,2040288.0
2014-08-28,417.25865182243336,423.9273549458055,415.45772324867585,421.3418884277344,4039112.0
2014-09-01,418.1413786159449,424.64069953283024,418.1413786159449,422.9200439453125,1056464.0
2014-09-02,424.63173697580817,431.64817681730835,420.52172732960605,429.1250915527344,1714096.0
2014-09-03,429.0092041014307,436.8547589561535,428.04635796397537,435.6333312988281,1904628.0
2014-09-04,435.63337609555185,440.86673575083154,432.8874490269287,440.15350341796875,1344788.0
2014-09-05,441.8295115168655,449.906875104672,438.63781474926884,440.1088562011719,1715668.0
2014-09-08,444.3436987192553,445.6275080829427,438.6378406297625,443.57696533203125,1170068.0
2014-09-09,443.4520964862969,443.4520964862969,434.18007838525654,434.893310546875,1687300.0
2014-09-10,436.6764661920656,441.3035519313841,433.4669209117646,435.84735107421875,1050500.0
2014-09-11,435.9632461403922,437.74632690170256,428.12661490088203,435.76708984375,1847676.0
2014-09-12,435.9632538038322,438.7448772532703,431.9423979099489,436.09698486328125,1156840.0
2014-09-15,433.48490071605823,441.4106881771134,432.94105222758446,440.064453125,1436064.0
2014-09-16,437.05101164052274,441.91878805963734,429.90083924882566,432.0851135253906,1373812.0
2014-09-17,433.28864352438853,435.5174945713247,430.9706384355749,432.3614501953125,1593768.0
2014-09-18,431.5055345482971,434.6794269386136,427.4133729994222,432.5932312011719,1757388.0
2014-09-19,435.07162410628723,444.9409916807734,434.3673160442019,441.89190673828125,3422044.0
2014-09-22,441.89207846735405,443.799966558886,437.74641486426077,440.27838134765625,615060.0
2014-09-23,442.20401206590356,448.27541053478933,436.24853996146174,441.0985107421875,2117928.0
2014-09-24,441.3123657437813,446.5991813184853,437.7462052125184,443.1043701171875,1275440.0
2014-09-25,443.71956338840005,450.2278069341813,443.71956338840005,446.1177978515625,3073644.0
2014-09-26,446.30509224581937,451.11941006069634,440.064309893201,441.00042724609375,1414720.0
2014-09-29,442.1950542054316,446.6616797089693,439.1727413665435,443.38970947265625,885952.0
2014-09-30,443.98718644128627,445.4849571272233,437.8712096645803,443.9336853027344,1766360.0
2014-10-01,440.4299289116046,452.99172578741116,440.4299289116046,449.47906494140625,2554252.0
2014-10-07,448.8014388137452,453.52660294905087,445.96635774546036,448.28436279296875,1830552.0
2014-10-08,448.2664466850436,448.44475473861763,418.1323856310371,427.2617492675781,5465380.0
2014-10-09,427.24391949400183,432.2186964837041,411.30315432117646,416.6078186035156,7460188.0
2014-10-10,414.5662352442382,425.1399118001416,412.12342355376336,417.07147216796875,4513560.0
2014-10-13,417.59748038730106,425.2290741324242,414.92285946253185,422.2334899902344,4106676.0
2014-10-14,422.59016573176007,424.97947668207007,418.68523604359353,422.9646301269531,2960960.0
2014-10-15,422.9646301269531,422.9646301269531,422.9646301269531,422.9646301269531,0.0
2014-10-16,424.5337020267664,426.31678287619167,407.2645901194309,411.06256103515625,3497976.0
2014-10-17,409.21705891264725,416.6257686203258,386.21531573193636,405.2942810058594,7714064.0
2014-10-20,411.83821557845175,413.65694951723935,401.37153866966037,409.4043273925781,2540512.0
2014-10-21,408.343299557215,418.66731866506285,406.7563317274281,415.58258056640625,1495492.0
2014-10-22,418.9793694701717,422.0997605610231,414.2096288027275,416.30474853515625,2513140.0
2014-10-27,420.0937620619473,422.5900747397348,413.7370975489053,414.8158264160156,1630816.0
2014-10-28,413.85297837405693,424.373153179774,413.85297837405693,422.8129577636719,4710340.0
2014-10-29,425.26461367988105,429.16954177625087,419.61225833867417,427.3953857421875,3175384.0
2014-10-30,438.6378175794834,447.90983648766763,437.2559301460521,442.1237487792969,9863780.0
2014-10-31,445.4135785855591,449.9782827926088,442.76568621589723,448.9262390136719,1993268.0
2014-11-03,448.9797038332636,463.42265697484197,448.14166464137355,460.09722900390625,3487236.0
2014-11-05,458.27843214994016,471.96357543105125,451.60972827666615,465.49102783203125,3268284.0
2014-11-07,460.92633216458137,475.17312865495387,460.92633216458137,472.810546875,3481492.0
2014-11-10,473.58626502580245,474.2994973526486,464.49255285851484,469.68133544921875,1840376.0
2014-11-11,470.19838232468294,474.99485201248086,466.3291058978569,468.9502258300781,1817552.0
2014-11-12,466.4538828138021,473.76451324016523,465.5712666273114,467.2473449707031,2148172.0
2014-11-13,470.37666047930946,474.2994377842923,463.2443381066133,471.62481689453125,1560076.0
2014-11-14,473.8358067949334,477.50897013192105,468.0229903353749,470.37664794921875,1339388.0
2014-11-17,468.9501427284431,470.3766070409251,459.6870488057106,462.9143981933594,1741444.0
2014-11-18,465.107683934819,466.2666864083831,458.66186451397186,462.9679870605469,1547480.0
2014-11-19,463.6009745552919,471.52675943306747,460.1239672461272,468.4598693847656,1765724.0
2014-11-20,471.9635673918878,484.64128735479306,467.46128906013337,482.4480895996094,3592256.0
2014-11-21,486.7811481455129,487.4943805970081,474.665120582188,477.2149353027344,3280004.0
2014-11-24,476.98295515602865,480.13899891669655,472.0438309054649,474.5312194824219,1475164.0
2014-11-25,474.2993886328702,479.4703218172135,464.8490624683807,467.2383728027344,2313100.0
2014-11-26,466.27553147920753,473.20281634830394,463.8059476758779,471.9992370605469,1119612.0
2014-11-27,474.29945318035544,474.29945318035544,468.0586709016666,471.84771728515625,1402944.0
2014-11-28,472.8730213540392,475.9042586704113,469.1285517279326,470.74224853515625,1236440.0
2014-12-01,471.6338379665706,474.1925330244697,470.7333733754441,473.060302734375,1340856.0
2014-12-02,471.0899494336551,477.6695002017187,470.9116413528702,473.83587646484375,1221536.0
2014-12-03,474.2995047552383,481.0039061451285,472.95327001085576,480.11236572265625,1829004.0
2014-12-04,480.3709019408405,482.3233667522978,472.97111646201597,477.73193359375,1318264.0
2014-12-05,479.996362472872,479.996362472872,465.40187421378147,466.83721923828125,1689756.0
2014-12-08,466.8105551293124,467.52378745189344,460.92638846801856,465.88336181640625,1163392.0
2014-12-09,463.77921673115964,468.7807660101979,462.1655202463897,465.767333984375,1537048.0
2014-12-10,464.49248490249187,468.37068511233036,455.577082121254,458.5191650390625,1716748.0
2014-12-11,455.77329133285264,468.7452038862256,455.77329133285264,466.94427490234375,1667116.0
2014-12-12,463.77940608011113,467.1494120331893,459.8655516710455,461.5594787597656,1372812.0
2014-12-15,456.4686216568166,458.07339415482886,443.72851980960075,445.0123291015625,2821872.0
2014-12-16,441.66908701782216,460.5608182264071,441.66908701782216,451.93072509765625,2944652.0
2014-12-17,452.9203087685522,456.81631365827127,438.88742998791975,445.0123291015625,1571076.0
2014-12-18,445.5919929767671,456.103247970188,440.92032892771954,454.5787048339844,1215440.0
2014-12-19,457.41370821863137,464.7689162273935,456.8342069815774,459.9278259277344,1863828.0
2014-12-22,460.03475506939157,465.2681135913124,453.8652793133179,462.6112976074219,1311992.0
2014-12-23,462.70938901833597,466.4449339534813,454.85491072180815,458.7420349121094,997612.0
2014-12-24,458.777773542348,458.777773542348,446.4210146814682,448.908447265625,3103100.0
2014-12-26,450.9410641790138,458.25169432189216,445.96628693370684,457.66326904296875,882336.0
2014-12-29,456.82520620090315,462.5310635773391,456.82520620090315,461.77325439453125,721036.0
2014-12-30,461.8892066898169,469.02152948324976,461.81790087478,465.6782531738281,1233104.0
2014-12-31,467.1671060673823,467.67530143916844,460.9263241161005,462.45086669921875,1329576.0
2015-01-01,461.6396538360673,465.99927801346905,460.1686120654425,462.6292724609375,489388.0
2015-01-02,461.28305976349003,466.9889190261231,461.28305976349003,464.893798828125,1025204.0
2015-01-05,463.60084210065213,467.11350131319944,455.576981371987,457.1371765136719,770804.0
2015-01-06,455.5860567249031,458.0734456701076,448.5072348384742,452.2338562011719,1959932.0
2015-01-07,453.79401306119513,459.10760195987274,448.12380804223375,450.120849609375,1331532.0
2015-01-08,450.76276890759425,460.0169396696601,450.76276890759425,457.65435791015625,1760940.0
2015-01-09,457.89511103030827,479.6308467461475,457.89511103030827,477.92803955078125,3004040.0
2015-01-12,480.89692458607794,491.9520263007004,478.757227480022,491.06048583984375,3457052.0
2015-01-13,492.8435530908356,494.3056706996338,487.6726185613008,492.32647705078125,3020512.0
2015-01-14,492.8434335395366,498.5403668380053,490.6145829898824,497.7558288574219,1642216.0
2015-01-15,498.7365010169785,499.26250101696,493.39618404290485,496.0173034667969,2348088.0
2015-01-16,496.5878874306252,502.81974467236483,494.02026908804345,502.2848205566406,3840948.0
2015-01-19,501.9371420280729,502.82868224481905,496.24913285812744,499.3070983886719,1066204.0
2015-01-20,498.3799167733615,502.81976974234357,498.3799167733615,499.58349609375,1248036.0
2015-01-21,499.44093617126043,502.0977091721254,497.0872782024292,498.6385498046875,2102312.0
2015-01-22,498.6741383250052,500.15410391648254,490.1688526439966,491.7914733886719,2468964.0
2015-01-23,494.0649371833014,499.9758323388896,492.13027719519806,495.8301696777344,1997508.0
2015-01-27,495.6696221987322,502.81082437194414,492.21934421328666,502.2313232421875,1976488.0
2015-01-28,500.385927334428,514.4187632262128,500.385927334428,512.3414916992188,2378628.0
2015-01-29,513.1705536757187,522.4425720187129,512.6356295405459,517.8778686523438,3780160.0
2015-01-30,522.6210321829005,533.408672048839,505.8867998705241,511.4767761230469,4703872.0
2015-02-02,529.9315508143151,534.0504843859634,512.1274737281989,516.2107543945312,7806000.0
2015-02-03,520.4813278393501,521.5511764063375,511.7442312089534,520.508056640625,2436904.0
2015-02-04,521.5511678113394,521.5511678113394,506.4128282508431,508.5792541503906,1751448.0
2015-02-05,508.37414465538967,517.262775630863,507.2864480393152,511.34295654296875,1602784.0
2015-02-06,511.7441233539382,520.8289101474494,508.1690381062893,510.0234680175781,1711276.0
2015-02-09,506.3949895793687,512.4574648067273,501.24190304901373,502.9090576171875,1355964.0
2015-02-10,500.15411189152644,500.4394222024717,490.0797064291838,492.5760192871094,2848392.0
2015-02-11,493.9133658819802,509.6044764226352,493.8866370837292,506.70697021484375,2885288.0
2015-02-12,509.9611118808193,519.7680563400659,507.393492926206,518.751708984375,1398956.0
2015-02-13,520.6595869227473,521.0875088963609,513.9373810994061,514.6951904296875,1367488.0
2015-02-16,516.2017512735382,525.6431528364986,515.6222501710723,517.0130615234375,1739352.0
2015-02-18,513.3488442645755,519.7679336683702,509.42606740670107,515.71142578125,4645928.0
2015-02-19,517.0932604021258,517.0932604021258,503.7380070549773,504.638427734375,2996608.0
2015-02-20,501.0455848919503,503.96093871515893,498.23723330403277,501.08123779296875,1555608.0
2015-02-23,501.04566835445485,506.7515264994166,492.5403822635698,495.4735412597656,2152512.0
2015-02-24,497.48841863274606,500.69796375870203,495.8747219601921,497.7113037109375,1746308.0
2015-02-25,500.15412970194177,500.68905390483155,490.73945502463306,492.5849609375,2624308.0
2015-02-26,494.769270411402,494.769270411402,488.5641405043861,490.0084533691406,4260476.0
2015-02-27,490.8731687750691,508.1779748351131,488.8672030849305,505.6370849609375,2109468.0
2015-03-02,513.3132775129505,516.2018595230037,507.9729595552493,509.9700012207031,1640164.0
2015-03-03,513.8837845716891,519.5183361943223,505.5122305836048,518.6089477539062,2013832.0
2015-03-04,518.8764450462727,524.0473786910637,510.9595847409371,513.4380493164062,2200520.0
2015-03-05,513.527275059204,519.3757888427165,508.3741889133488,513.1973876953125,1725044.0
2015-03-09,510.317631622825,510.317631622825,495.8746797844431,501.2863464355469,2569948.0
2015-03-10,490.962363656077,507.4647848131432,490.962363656077,506.3592834472656,2513260.0
2015-03-11,506.4128069572638,524.8944224573868,501.93725663440983,520.9537963867188,5020084.0
2015-03-12,523.9316516716162,524.234766751726,508.57930600997827,509.42626953125,4443664.0
2015-03-13,513.170635626688,513.170635626688,500.6890704794092,502.54345703125,2839984.0
2015-03-16,506.0384040949358,506.4752502475525,501.93731766287675,504.24639892578125,4702048.0
2015-03-17,507.1081746648045,513.8482287307226,504.77232142627014,510.4781799316406,5144028.0
2015-03-18,512.4575139083005,513.5273625803428,497.4796324997071,499.35186767578125,15227544.0
2015-03-19,495.69648225579317,499.90457052525227,488.5641587700983,490.0976257324219,5621879.0
2015-03-20,491.38134085657083,492.1302259722546,480.0052783758367,483.785400390625,3616042.0
2015-03-23,487.8508852002846,488.885080724775,463.74364256204103,468.4509582519531,3672301.0
2015-03-24,471.4464886443062,476.08249798800966,465.0273987837937,470.483642578125,3793847.0
2015-03-25,472.8730479396833,472.8730479396833,464.31425974168,468.1300354003906,3053431.0
2015-03-26,467.8803934070223,474.2994841702284,462.28153720979066,464.4212341308594,3774322.0
2015-03-27,466.453891102097,471.73182716049143,455.7554073612232,460.6767272949219,3223159.0
2015-03-30,462.10323651961323,465.56239585106977,441.24119120572004,447.1610107421875,3887546.0
2015-03-31,451.5474004859962,456.1834109367036,446.8400842104855,449.1224365234375,3125329.0
2015-04-01,449.69296519433385,455.5414787613594,448.62311674422835,451.2620849609375,4892589.0
2015-04-06,452.97383499140363,461.8179332889084,452.97383499140363,458.8580017089844,5050758.0
2015-04-07,460.997717695167,467.88042737045186,459.99921851220114,465.63372802734375,1922672.0
2015-04-08,468.55782535548997,482.14488782213795,467.8802461705954,479.50592041015625,3505745.0
2015-04-09,484.92658472991775,485.42581243850265,472.7302881279728,478.15087890625,1882337.0
2015-04-10,478.4361285614501,480.3262112154896,467.1670690376757,470.8758850097656,1675314.0
2015-04-13,474.08557355721973,481.0039363768824,464.06466728525345,473.8716125488281,1357726.0
2015-04-15,473.87161547864474,479.0425502859546,467.88044601313743,470.6263732910156,3785304.0
2015-04-16,472.6589659146664,473.7644670673902,459.6781317650478,467.91595458984375,1850395.0
2015-04-17,465.0274001726941,465.7406323815479,452.29622265754904,457.2174987792969,2224178.0
2015-04-20,457.18196773563625,457.18196773563625,443.98716835481054,450.9768371582031,2301636.0
2015-04-21,445.0925347960609,459.4998335894416,443.6304175283394,454.6855163574219,1504719.0
2015-04-22,452.9024194363542,453.5443457901821,444.0583232817105,449.193603515625,3464944.0
2015-04-23,450.97686653469617,454.5430287618126,435.8920264333458,438.7806091308594,3887545.0
2015-04-24,436.2840587448852,438.4237549196691,412.3194354679673,419.0238342285156,3375425.0
2015-04-27,421.5915688609331,425.40738754763584,403.04753021583144,418.84564208984375,4643882.0
2015-04-28,419.3092477019799,436.49812712522396,413.6746956415521,434.0731201171875,1776573.0
2015-04-29,433.6451666074685,447.0895758237688,429.43707932124437,439.9929504394531,1729917.0
2015-04-30,439.3509737236938,446.34063959921514,426.72675684369307,443.166748046875,2983762.0
2015-05-04,444.272287911726,445.66305566656746,430.07895185550865,436.3197326660156,2859253.0
2015-05-05,440.06435103654695,442.20404804320765,431.3985607466724,435.03607177734375,2826920.0
2015-05-06,436.4981424824517,439.6006853960232,427.9393553749527,434.2871398925781,3148933.0
2015-05-07,429.36581029647436,440.7775261847528,427.9393458104396,438.1029052734375,1954517.0
2015-05-08,443.63043656341637,445.69882739437315,439.3510432846696,443.2025146484375,1400231.0
2015-05-11,445.7701345200174,456.3973119398705,440.7775090133932,450.26348876953125,2019842.0
2015-05-12,451.4760062604121,455.61274453075754,436.5337821808902,439.49371337890625,2539734.0
2015-05-13,442.8816026871256,443.6304878911038,435.8205855473437,439.6007080078125,2839628.0
2015-05-14,438.6378990379662,440.3853270170061,432.7180791882937,438.9588623046875,1443799.0
2015-05-15,436.8904523797012,443.5948536538516,436.5694891267026,441.0271911621094,1245727.0
2015-05-18,439.63637326520785,442.9172241795673,431.5055082586767,436.9260559082031,2241358.0
2015-05-19,436.49807328989203,445.02120613982635,434.57233778951894,441.66900634765625,1760702.0
2015-05-20,442.881661117134,458.60842660450885,442.881661117134,457.039306640625,2353164.0
2015-05-21,458.7153851925537,470.37671624144076,457.1819182877385,467.5950927734375,2427489.0
2015-05-22,467.0957904365914,477.1523471565925,462.17447078844833,475.76153564453125,1589768.0
2015-05-25,474.19252931883204,477.0811552768624,449.80001680579556,462.49554443359375,1795055.0
2015-05-26,449.3363116710087,466.27557738876493,448.62307943026104,456.6469421386719,2608856.0
2015-05-27,411.0000758354347,412.6761541764876,388.78287427976386,391.63580322265625,22929044.0
2015-05-28,392.2777535299283,399.3387705063644,385.85866301762036,388.78289794921875,11498735.0
2015-05-29,392.2420928218957,397.19906576982504,390.0667431202124,395.4159851074219,4961544.0
2015-06-01,398.6968262493307,398.6968262493307,390.8512715288609,392.7056579589844,1842699.0
2015-06-02,392.99103841970725,397.91235921753616,388.17671989097215,391.8498840332031,2276829.0
2015-06-03,394.3461387113409,395.7012539022991,385.1810779407291,390.3876647949219,3675701.0
2015-06-04,393.5972281107525,399.2674336132747,390.8513011632879,397.4486999511719,2352012.0
2015-06-05,397.9835621903582,398.69679438066356,392.9909368582211,394.7740173339844,1385964.0
2015-06-08,395.7725691303666,396.16483813782145,389.7100953700521,392.66998291015625,1412942.0
2015-06-09,391.8854512231878,392.91964664662413,370.2031743644662,385.50201416015625,3680213.0
2015-06-10,385.5019972748674,398.5541375973376,385.5019972748674,396.77105712890625,2135795.0
2015-06-11,396.0578556279029,402.47694581160385,393.9895082436107,397.6626281738281,2140594.0
2015-06-12,393.70421973231305,398.3402295661175,387.5704395189463,393.31195068359375,1974142.0
2015-06-15,392.9910318362158,400.1233554630074,389.42487002282,395.1663818359375,1749558.0
2015-06-16,395.84391657868434,395.84391657868434,389.6744399254163,393.31195068359375,1591051.0
2015-06-17,394.774020914557,396.8424116980978,389.5674345845526,391.6714782714844,1913683.0
2015-06-18,390.28067500914415,392.0281026345277,385.216700185946,386.00128173828125,3012586.0
2015-06-19,388.67592377387024,392.7056598714825,386.60753283368564,388.1053466796875,2307788.0
2015-06-22,388.7115937574468,394.06083587337497,387.3207821008567,393.31195068359375,1939726.0
2015-06-23,393.7042436414175,398.41155957640547,391.314932764101,394.84539794921875,760738.0
2015-06-24,394.4174341392817,394.4174341392817,385.9656493920509,388.925537109375,3296386.0
2015-06-25,387.9983912892761,389.0325868842723,376.58667389841503,377.8704833984375,5294305.0
2015-06-26,377.19289091119543,382.14986418765955,370.9164552699996,372.16461181640625,3503690.0
2015-06-29,367.31461068732074,369.1689971342046,333.1507900853553,344.7408142089844,11484481.0
2015-06-30,338.7853374466278,350.6963253854107,336.6456405785438,340.7823791503906,12372399.0
2015-07-01,339.96220747097294,348.30703497180684,339.35595559849787,346.7379150390625,4380793.0
2015-07-02,348.77059592751726,349.412500646552,340.46144395649725,341.85223388671875,2751848.0
2015-07-03,342.3514673706848,343.77793181806265,334.50591291010664,336.3603210449219,2800735.0
2015-07-06,331.65299446722304,334.9695200586711,327.0169848671436,331.33203125,2655385.0
2015-07-07,331.652969686023,339.9977950490868,331.33200649278245,336.2176513671875,2972045.0
2015-07-08,335.0765503278374,337.1805944730932,328.30084298252933,335.43316650390625,3449261.0
2015-07-09,338.07208029514095,341.56691390277376,336.00371116132726,338.2860412597656,2410385.0
2015-07-10,340.92504226105126,340.92504226105126,334.5059515071821,338.0721130371094,1847909.0
2015-07-13,338.1077699633667,340.2118139974732,334.93389922369295,339.3559265136719,2244361.0
2015-07-14,341.60258100748047,343.06469835430966,338.78530502764465,340.14044189453125,2094711.0
2015-07-15,340.9249844312349,345.917609726253,340.60402124153615,342.3157958984375,1691337.0
2015-07-16,344.77646215047525,353.5848847108171,342.4941320309755,350.7676086425781,2547683.0
2015-07-17,352.30104529527085,360.75282924603107,351.6234660153657,358.1495361328125,5006283.0
2015-07-20,358.3992100895211,359.6117136360734,350.44667475618184,357.18670654296875,3004605.0
2015-07-21,358.68454634133167,371.23744012033535,356.43786878028357,363.320556640625,3506058.0
2015-07-22,364.1051044186929,366.2091484983747,354.97573930230334,363.85546875,2086049.0
2015-07-23,365.8401526154018,369.7374392893005,360.13856451607194,360.8963623046875,2670981.0
2015-07-24,359.77774185561924,371.65005528659833,357.2517195958506,368.8353271484375,2285622.0
2015-07-27,368.7992676955848,378.9033572214912,366.70628212739473,374.969970703125,4208795.0
2015-07-28,376.7381229756711,382.2953799598985,373.63473345471067,377.8567810058594,6316959.0
2015-07-29,378.1455270810692,381.79020739643215,377.17117781536,379.3002624511719,2061983.0
2015-07-30,381.79016115796276,384.5326903675579,374.8616616757934,378.43414306640625,6558111.0
2015-07-31,380.9963115487378,383.95534830463845,379.22808731884817,383.0171203613281,1229591.0
2015-08-03,381.79025377150884,385.03799695103964,376.37734847229086,377.8929443359375,811778.0
2015-08-04,378.9032619494295,396.2245539242606,378.2898171454503,391.2085876464844,2145670.0
2015-08-05,392.54381070695047,403.29742008663527,391.17252409092976,397.3793029785156,2640419.0
2015-08-06,401.27663660293814,402.0344343907738,383.30577680400637,385.3266296386719,1547635.0
2015-08-07,385.9762226424429,393.6264885142985,383.5584759107337,386.2288513183594,1367440.0
2015-08-10,387.16700336466516,391.2808193682458,380.23845955591696,383.1975402832031,600681.0
2015-08-11,384.17187906881406,393.33773979708764,383.2336510683551,390.1982727050781,1434009.0
2015-08-12,393.3376502028101,403.6221667448102,386.95044176001215,402.3952331542969,3674098.0
2015-08-13,401.9983681703148,409.57643435664926,392.2551402164562,397.8845520019531,2714434.0
2015-08-14,394.0594709289341,405.75135415117774,388.2857057871182,400.5910339355469,2257748.0
2015-08-17,404.09145382076025,407.5557045101802,396.22468025387263,398.31768798828125,2144457.0
2015-08-18,398.3898634221075,407.0505126269359,398.3898634221075,405.9318542480469,2130201.0
2015-08-19,407.9886383292721,407.9886383292721,402.0344434966177,404.3800354003906,1599058.0
2015-08-20,414.98937481612467,415.53066530501525,400.6271162240944,403.36968994140625,2873282.0
2015-08-21,400.2662888265461,410.7673604151729,393.3738648443923,406.3648376464844,1329500.0
2015-08-24,396.2246160082858,402.6118258046807,374.9699351737316,377.92901611328125,3422600.0
2015-08-25,382.51189202973336,392.2551194682266,355.5917242875175,381.0684509277344,3057676.0
2015-08-26,382.5119751268197,384.641060024857,364.4689574321584,366.12890625,2169411.0
2015-08-27,370.6035693966395,381.06851926275687,370.6035693966395,374.969970703125,2967588.0
2015-08-28,379.6250581772748,382.1150032054241,369.52096917635873,372.6243591308594,1642669.0
2015-08-31,372.69652261671797,378.9033019426957,369.5209344660194,371.68609619140625,2104443.0
2015-09-01,368.0774479321734,377.8206744950839,365.26274244125375,369.7373962402344,1340532.0
2015-09-02,374.57297447546205,389.6569519540462,371.1087245620551,386.84222412109375,2308033.0
2015-09-03,391.1725575830079,398.8949766627013,381.1045465989884,390.017822265625,2220020.0
2015-09-04,389.72910214665484,395.17808356104723,379.69716874904526,382.0066833496094,1438221.0
2015-09-07,381.79018977849455,390.55911251357634,375.294704508161,388.2856750488281,1222028.0
2015-09-08,388.2856806550258,392.50772852157047,383.2336364829344,387.70831298828125,1074692.0
2015-09-09,395.2864483471614,395.2864483471614,383.0893505222121,384.9658508300781,1271196.0
2015-09-10,383.95536726917067,387.9248306525925,379.3363377119657,385.25445556640625,929833.0
2015-09-11,384.67704868828173,389.40430942588677,376.73812273036225,378.9393615722656,873940.0
2015-09-14,379.62506583218675,382.1510881333515,372.4439364802375,379.480712890625,1784462.0
2015-09-15,381.71807521276423,392.1830247969827,380.74372589024046,390.37872314453125,1366805.0
2015-09-16,392.43556782770486,395.28637294658796,390.2343288550129,392.7242736816406,722804.0
2015-09-18,393.5181643043579,407.3030103948415,393.5181643043579,405.2461242675781,1907266.0
2015-09-21,399.11155715471847,417.80414137577037,396.2246742819899,409.5765075683594,995389.0
2015-09-22,414.1232743080449,416.7936493564117,399.36407912682984,402.57574462890625,1172885.0
2015-09-23,397.6680584058508,404.88526454751775,390.1260691777427,401.34881591796875,943910.0
2015-09-24,404.1635111842747,411.3807167411367,396.9102284096937,409.4681396484375,1226153.0
2015-09-28,413.79853448743114,420.0414359930283,411.5251407743706,413.83465576171875,1603999.0
2015-09-29,413.14901321692486,415.78326727599836,406.04003806909367,411.66949462890625,1765081.0
2015-09-30,415.49454506550853,415.49454506550853,399.255832080017,402.2509460449219,2795413.0
2015-10-01,403.22525444133527,408.8546655631193,387.599987907805,406.3286437988281,2014882.0
2015-10-05,407.41125460280455,414.98932045458395,404.95738708781187,411.3085632324219,2111594.0
2015-10-06,414.9893103367779,417.76791679455465,402.7200611616036,407.5916748046875,1834106.0
2015-10-07,408.60212600867715,411.12814805117455,404.59654152959695,408.7103576660156,1150506.0
2015-10-08,411.3806873274104,413.40149592877856,404.4521881083414,406.3286437988281,1534024.0
2015-10-09,405.4625556822448,409.9372314553785,401.420938626053,405.029541015625,1124964.0
2015-10-12,406.0399481784908,411.3806976630178,402.72005139642795,406.1482238769531,758836.0
2015-10-13,405.6069439294717,407.66382985062063,400.7353302790732,404.8852233886719,639491.0
2015-10-14,403.4418204257794,407.30300806374737,393.48208483177433,395.5389709472656,950851.0
2015-10-15,396.5133413387221,400.55495934440654,389.5487194705287,393.55426025390625,1833925.0
2015-10-16,396.9463662219048,398.02894722069175,392.0747517273632,393.9151306152344,1934451.0
2015-10-19,393.91514686452354,404.1635895525298,385.4710059155911,390.8839111328125,1446786.0
2015-10-20,393.2655720478813,397.1628368526071,390.4508440914158,395.5750427246094,1060182.0
2015-10-21,395.50291711721275,396.3689907092878,386.48140897129093,389.33221435546875,1566054.0
2015-10-23,391.5334165517949,394.78115917757015,389.0073945095253,389.80126953125,1229160.0
2015-10-26,389.80130075717904,393.3377495197833,389.44044043651866,391.6417236328125,814364.0
2015-10-27,392.11077969778904,392.7964230542976,386.91438274626097,388.863037109375,839550.0
2015-10-28,387.3474295123956,399.8331862662399,387.20307659176484,396.62152099609375,1731286.0
2015-10-29,396.9462994017888,401.6735601573267,393.44597238173986,396.2245788574219,3049427.0
2015-10-30,396.22459159144677,397.126742300899,387.6360992173299,389.11566162109375,879393.0
2015-11-02,390.4508575601546,402.35924785542727,384.2801550353976,401.312744140625,1862983.0
2015-11-03,402.9365290105744,406.328624024753,395.86367722482595,401.81787109375,1884815.0
2015-11-04,409.93734548685006,410.2982058261871,389.8013209317108,391.8221740722656,3424936.0
2015-11-05,393.69855450680643,394.7450580997036,384.64097054132543,386.08441162109375,1057337.0
2015-11-06,387.56399160416225,387.8165762131938,379.733340120189,385.00189208984375,1218451.0
2015-11-09,378.1816087004671,386.0122598864416,374.60908278531053,384.24407958984375,2136740.0
2015-11-10,384.2440140664987,384.6409515337546,377.85676117396343,378.8671875,860680.0
2015-11-13,375.2947943541804,379.30033575308505,373.8513528374336,375.33087158203125,860928.0
2015-11-16,373.85125296850646,374.2481904695079,366.6340473127438,372.3717346191406,1347660.0
2015-11-17,372.4438221358446,380.887960045932,372.4438221358446,377.8206481933594,2175347.0
2015-11-18,377.8207468555437,382.80063678380077,371.6861215484336,372.9130554199219,892774.0
2015-11-19,376.37734635279554,386.6979435884522,375.29476529904827,385.68756103515625,1214934.0
2015-11-20,386.08441706118737,389.7290970288923,383.2336120784107,386.04833984375,1126241.0
2015-11-23,386.84228425034786,393.15734019659885,386.1927180185997,389.0074462890625,839938.0
2015-11-24,386.1926219122815,392.43552185712656,384.28008901756266,387.9608459472656,985303.0
2015-11-26,388.28567612227596,392.61599964780316,380.38282687812296,382.22320556640625,3051131.0
2015-11-27,382.4397815684025,387.4557047343279,381.4293550606919,385.6153259277344,772320.0
2015-11-30,386.0483958493071,390.59522716420554,382.51194702086775,385.00189208984375,2080681.0
2015-12-01,384.67709195272636,391.9664526228802,384.67709195272636,391.2808532714844,1079295.0
2015-12-02,391.89428778754336,393.77074373692824,387.67223987626255,389.7291259765625,715680.0
2015-12-03,389.44042896015526,392.97687761854445,386.84225234809884,391.6055908203125,852540.0
2015-12-04,389.69303865123436,393.0490129410324,385.3987923607446,387.0948181152344,938866.0
2015-12-07,386.84224320690447,394.42030953838304,386.22879831448813,393.08514404296875,788606.0
2015-12-08,393.30163861948813,394.05943641791845,381.5014807141391,383.0171203613281,1061492.0
2015-12-09,383.23366321369815,387.9248474149958,378.97549378007966,380.599365234375,1223560.0
2015-12-10,382.8007061986594,390.09006820643305,378.03732278388156,388.8270568847656,702931.0
2015-12-11,389.7291321322724,392.54386015113766,386.1926834983474,387.52789306640625,926348.0
2015-12-14,380.34682702526345,393.3378002443427,380.34682702526345,392.3634948730469,773988.0
2015-12-15,395.5029227498841,395.5029227498841,372.84087634444717,375.2586669921875,2697637.0
2015-12-16,377.13509570134596,383.23364366196495,375.36687139792434,377.71246337890625,1399927.0
2015-12-17,379.2641290340784,384.06358805873066,375.7276809053531,382.5118713378906,2067366.0
2015-12-18,379.4085441786125,381.06849281832297,376.37730872112775,377.64031982421875,1534964.0
2015-12-21,374.8617025577753,378.47030560877306,371.00047086300964,376.6298828125,874232.0
2015-12-22,378.1816365410693,380.2024456361837,374.50087869105147,374.969970703125,666767.0
2015-12-23,378.9033267548182,378.9394039758715,372.84085590660874,373.8873596191406,697224.0
2015-12-24,375.2947143756651,376.5577254336601,372.4078319573907,373.0934753417969,453150.0
2015-12-28,372.4438878359303,375.65555315229295,369.80963421039974,374.4286193847656,1083432.0
2015-12-29,375.9803062457415,376.7381039666441,373.8512219439112,374.536865234375,570433.0
2015-12-30,374.93385760532993,381.0684828019523,374.75342745248815,379.0115966796875,1227498.0
2015-12-31,377.67643896272585,379.62509369097876,375.5473540568632,376.4856262207031,421683.0
2016-01-01,378.8312436903459,378.8312436903459,374.2122132166203,375.33087158203125,312042.0
2016-01-04,375.3307869469745,376.2329376915112,364.4689007928188,372.696533203125,2684305.0
2016-01-05,373.09342922871525,377.676336881162,372.8408006181424,376.66595458984375,1707124.0
2016-01-06,376.7381476602182,380.3467506071551,375.8720741428875,378.9754638671875,1456740.0
2016-01-07,376.0885901401992,377.0629393884291,363.74718539859316,368.6548767089844,2014798.0
2016-01-08,372.4078663167076,379.80550319606084,370.0622741354493,376.8464660644531,1426135.0
2016-01-11,373.1296059255958,373.1296059255958,365.0824244388105,366.12890625,1791903.0
2016-01-12,366.5979788227257,367.5722839893195,359.41685021420346,366.2010192871094,1836753.0
2016-01-13,366.63409046608984,369.70140323081597,358.5147331476971,364.0719909667969,1431164.0
2016-01-14,358.6951358661577,372.4078271769364,356.56605129994466,370.9643859863281,2022474.0
2016-01-15,374.57299226809835,382.47584166647965,369.412694371172,375.691650390625,1612782.0
2016-01-18,372.407816982306,380.3106660946124,371.10872875638677,373.4182434082031,1035936.0
2016-01-19,373.8512995426829,376.4494762823058,368.14971076936257,369.8818359375,978429.0
2016-01-20,366.09281420284475,370.0983551588218,363.4585381311106,365.9123840332031,2002842.0
2016-01-21,366.63406149049814,372.6243336063597,365.5875578198787,366.1649475097656,1873696.0
2016-01-22,370.2427160757285,372.9491686786212,363.5307224306215,371.1448669433594,894565.0
2016-01-25,373.1295524155653,378.0011664944919,370.60353030056626,371.361328125,689789.0
2016-01-27,370.9644348421027,372.11917032653554,361.582065867497,363.06158447265625,2171390.0
2016-01-28,364.46888793710684,367.53620036033993,357.90122634350445,360.8963623046875,2091098.0
2016-01-29,360.86032303958496,364.938040284899,355.77220129479326,361.8707275390625,1583928.0
2016-02-01,364.4327626896636,374.1399118892331,358.08160929407296,359.12811279296875,2717866.0
2016-02-02,357.97341931556497,360.3911877421849,340.7243012979326,342.42034912109375,5733789.0
2016-02-03,339.9304047359764,344.1163754322133,335.960941411034,340.7964782714844,2019903.0
2016-02-04,345.6319522341999,345.6319522341999,335.6722178794676,338.81170654296875,1465102.0
2016-02-05,340.5799505759193,343.75551684669944,337.8374210750559,342.88946533203125,1196754.0
2016-02-08,340.29129289684477,347.8693598648551,337.9096235169653,339.6778259277344,598666.0
2016-02-09,335.6000811124207,337.6569892404008,322.212172708217,323.5112609863281,2352111.0
2016-02-10,323.25863790088215,323.25863790088215,315.21145797523627,317.8457336425781,2686031.0
2016-02-11,317.8457798878709,319.79443451444735,309.61816862319694,311.74725341796875,1731120.0
2016-02-12,316.11360828488375,316.9435825317405,306.91167105741283,310.33984375,1443312.0
2016-02-15,311.89152283561236,316.90748933241235,308.96856349729234,310.55633544921875,1888109.0
2016-02-16,313.91238924680124,314.95887091992665,302.8700506594017,305.1795654296875,979478.0
2016-02-17,304.8187305719445,311.42247032324406,299.62233291755007,310.0151062011719,1169666.0
2016-02-18,313.9123306661871,314.5979519050813,305.215585692575,309.9067687988281,1262032.0
2016-02-19,309.3294374279204,319.39742605759426,307.84989706000624,317.91790771484375,1644603.0
2016-02-22,317.9539817537329,318.928308908195,307.8498939818723,311.5667724609375,1155619.0
2016-02-23,311.56683687954563,312.0720281574924,306.0095786459552,309.3294982910156,1074713.0
2016-02-24,306.73125744862483,308.89641926590923,301.931819825344,304.6021728515625,822293.0
2016-02-25,304.49391018591797,305.86517489139186,296.6271602201488,300.4522705078125,2406282.0
2016-02-26,302.5814214463294,306.69523849072993,296.8437327304816,301.49884033203125,1912583.0
2016-02-29,301.31834417513386,306.00952797666287,294.0289618631097,299.9109802246094,1555018.0
2016-03-01,300.9574465291082,313.94841544403374,300.23572603383457,311.96368408203125,1570024.0
2016-03-02,316.4384108404983,332.5327716627247,313.2628225305865,328.7798156738281,2339747.0
2016-03-03,331.7749980504312,334.87838809556035,326.3620930704383,333.2545166015625,2371409.0
2016-03-04,331.99147739568906,333.43491860175726,324.73819414526224,325.6764221191406,2756908.0
2016-03-08,328.3828519021422,331.6666716110983,321.1656463658314,323.94427490234375,2050957.0
2016-03-09,320.3717318528687,337.4043403932615,319.0726437373553,334.986572265625,4030260.0
2016-03-10,339.1004287443845,341.5181971624787,335.02271175425443,336.4300537109375,3266594.0
2016-03-11,337.72918906212493,339.2087075936904,328.81593457457654,330.5841369628906,1025718.0
2016-03-14,331.99143872269076,340.868592295863,330.547997684766,339.3529968261719,5115313.0
2016-03-15,341.08515372768585,342.9977088776784,331.26974934214496,332.2079772949219,996244.0
2016-03-16,329.826297059345,338.5951974886034,329.4654367780984,336.17742919921875,1223337.0
2016-03-17,339.93041597198817,353.6431079114102,339.93041597198817,351.2975158691406,2474194.0
2016-03-18,352.19968070105466,357.973445958449,348.699331108726,355.4113464355469,3064899.0
2016-03-21,355.41134947758155,359.7055742094238,350.7562423888968,353.7153015136719,1653354.0
2016-03-22,353.7152699312759,355.6278251133569,346.5702404070907,349.4571228027344,2064995.0
2016-03-23,349.3127882644108,349.7819022733691,342.5646959042697,346.3537292480469,1458923.0
2016-03-28,347.8693204808495,350.21491237205856,334.87835000646095,342.60076904296875,3609846.0
2016-03-29,342.889436081717,346.3176086779373,334.8783336097276,337.4765319824219,2044000.0
2016-03-30,339.93043734848106,345.55984979386676,336.1414038111572,341.265625,3203825.0
2016-03-31,342.8172661827976,348.59103066587625,341.5181779841703,342.78118896484375,4630177.0
2016-04-01,343.53904368547427,343.575120909408,331.99151280529026,334.2288513183594,2394963.0
2016-04-04,337.76530331250143,342.09562771394377,336.4662148021363,339.6056823730469,1708093.0
2016-04-05,341.0129927969933,341.3738531068314,332.0636615180418,333.6153564453125,1430387.0
2016-04-06,334.51748869434886,335.85267617184024,323.6195035357353,326.9394226074219,2671558.0
2016-04-07,328.2385598046664,331.2697955016768,319.6500880300268,320.7687683105469,1891494.0
2016-04-08,320.732628261408,330.40367983686633,320.4439444282174,328.996337890625,2043759.0
2016-04-11,328.99641397887115,340.21916302527615,325.49606387583765,338.9200744628906,1008816.0
2016-04-12,339.0282351818748,341.1573196572655,332.06363613931813,335.203125,1901106.0
2016-04-13,338.8478209613814,341.0851592215374,336.249622402012,340.2190856933594,1062026.0
2016-04-18,342.81731654531546,347.8693612101938,340.8325847126847,344.04425048828125,1780726.0
2016-04-20,346.4259071303782,352.5605325691453,343.5390245709584,348.9880065917969,1450742.0
2016-04-21,349.3127843825343,351.1170859547581,342.1677545615611,343.7916259765625,1179377.0
2016-04-22,344.2968210278204,352.0192406528231,342.52861868249056,346.3537292480469,2058353.0
2016-04-25,347.72495218950434,349.81795940469254,338.55911441935,340.652099609375,784214.0
2016-04-26,340.79652264367564,344.2607731864279,336.1053381033994,343.1781921386719,1123091.0
2016-04-27,344.26074161439993,349.38496250887175,341.66254293303166,345.8846130371094,955123.0
2016-04-28,346.4258649745718,349.16839426222185,337.90957127067895,346.53411865234375,4152895.0
2016-04-29,344.26076217801415,352.9214102831214,343.53904150258853,350.864501953125,2295767.0
2016-05-02,350.0345023850651,350.0345023850651,343.2503329294392,344.40509033203125,1076011.0
2016-05-03,344.40500972128035,348.87966332439356,335.6000113657073,337.18780517578125,1721645.0
2016-05-04,334.8783920128713,340.00261319223955,331.7750019314395,337.0074768066406,1379336.0
2016-05-05,336.8991800214489,347.8693423667316,335.6000917023448,345.956787109375,1484568.0
2016-05-06,342.9616596352894,345.7041892787916,339.497387320945,341.4099426269531,948747.0
2016-05-09,342.88944433479,346.8949846546133,342.095547309419,345.41546630859375,827632.0
2016-05-10,346.02898059973705,350.46755827105466,343.2864288659161,348.37457275390625,2296911.0
2016-05-11,344.91025876802905,349.0240748601337,340.2912514879654,342.02337646484375,1749723.0
2016-05-12,340.291203232225,349.6013929347128,340.291203232225,347.2919006347656,1123199.0
2016-05-13,347.8693493980379,348.95193036089483,343.6833784850574,346.28155517578125,1078921.0
2016-05-16,345.7042063054661,357.1795607318667,344.87423192709394,351.44189453125,1732776.0
2016-05-17,352.9213825409423,356.45780916750556,347.72498527628557,349.1684265136719,868879.0
2016-05-18,347.1836293108258,350.9365846300445,346.42583161423414,349.85400390625,1371699.0
2016-05-19,349.4571581202182,351.838827527259,347.2558968559731,349.31280517578125,1292336.0
2016-05-20,348.08584032029046,353.2461602860207,342.7090350074584,343.4307556152344,741237.0
2016-05-23,345.05466529642985,347.1476508863452,341.22953243538836,343.86383056640625,1069529.0
2016-05-24,343.5390106471239,350.539709380041,335.3114000912804,346.6063232421875,2610091.0
2016-05-25,360.21079857346786,383.95540472371687,356.89087901480826,381.42938232421875,10804773.0
2016-05-26,382.5119737743532,394.78122576334187,375.4751968983155,391.3891296386719,3270866.0
2016-05-27,389.00742746224284,390.4508687515276,385.1101183610411,386.7701110839844,1572528.0
2016-05-30,386.69783434861336,407.0503612196611,386.1204667597849,392.2911682128906,2901801.0
2016-05-31,392.68814157031704,395.5028693923277,387.31135860442413,389.981689453125,2896981.0
2016-06-01,390.4508465802228,392.0386407183414,387.78047153661373,389.7291259765625,1093756.0
2016-06-02,387.5639934837723,398.750663686749,387.5639934837723,394.1677551269531,1862166.0
2016-06-03,397.9928486518063,402.3953268572874,394.1677381379788,398.17327880859375,1706048.0
2016-06-06,397.5237094572502,398.31762857098914,385.5792419831405,389.4404296875,1614098.0
2016-06-07,393.2655698858813,393.2655698858813,385.00186026200953,387.0587463378906,1763517.0
2016-06-08,389.72912766391414,389.72912766391414,384.67708341641895,386.58966064453125,739380.0
2016-06-09,388.2135472964425,388.2135472964425,381.2850027682837,385.7236022949219,1085142.0
2016-06-10,386.62568064245585,390.05385301729973,383.05315535755386,387.9608459472656,565211.0
2016-06-13,385.5432068009922,387.1310011512691,381.46546722531934,385.47100830078125,852440.0
2016-06-14,383.2697442521919,387.85269683236874,381.42936539573225,384.89361572265625,736886.0
2016-06-15,386.12055362461246,391.1725982514766,382.51195031970957,390.37872314453125,648970.0
2016-06-16,387.60007300521124,392.1469043691251,382.8728114756632,384.749267578125,1181394.0
2016-06-17,384.74921699729913,391.17254766956887,384.17184935323985,386.3009338378906,946013.0
2016-06-20,385.39880605229246,396.11633949934486,384.0275192720492,392.83251953125,1592795.0
2016-06-21,392.5439068088117,392.83256865894754,384.6771335494853,386.1205749511719,1344360.0
2016-06-22,390.3065469442735,391.17262059699084,382.9089097466367,384.4967041015625,1211966.0
2016-06-23,384.74924766634047,386.12053447432567,380.0941848741579,383.4862365722656,1027592.0
2016-06-24,370.24267171848305,373.09347692872063,356.2051970898508,365.94842529296875,3567473.0
2016-06-27,360.1385612961877,367.35576693338584,360.1385612961877,364.2162780761719,1135682.0
2016-06-28,364.4689444962614,369.9540040606257,360.9325175586579,361.5820617675781,1518673.0
2016-06-29,364.1079867452362,366.09271809023,360.3550313919105,364.4327697753906,1209538.0
2016-06-30,367.42796128229213,367.8609980466383,362.5563472400185,365.01019287109375,2334281.0
2016-07-01,366.7783980440557,372.80474711047304,365.4071113575246,369.087890625,715389.0
2016-07-04,368.799192386443,378.1815593160394,368.4744093365072,374.6451110839844,1250195.0
2016-07-05,372.9852047732976,374.57299893530524,370.27875246885174,371.8665466308594,456205.0
2016-07-07,370.09829869366,371.6860927543265,363.386306217094,364.14410400390625,1036078.0
2016-07-08,361.58204632021545,366.2371533314105,360.13860501753993,362.9894104003906,733349.0
2016-07-11,365.1545880705631,369.8096952821127,364.0720070469624,366.92279052734375,729356.0
2016-07-12,367.46407426737983,369.44880610740563,364.468937895647,366.0567321777344,931824.0
2016-07-13,367.35577918177586,369.16008065123447,364.4328196113186,365.5875549316406,1194115.0
2016-07-14,365.8763141542799,374.9339000420526,365.55153103233806,373.9595947265625,753846.0
2016-07-15,375.7998668689637,378.0371827613804,362.2315084810086,363.783203125,2417368.0
2016-07-18,364.5411371902915,368.0053878087913,363.02551928525975,365.62371826171875,1132642.0
2016-07-19,365.7680386968314,369.4488186391285,363.7833067894834,366.3454284667969,1013525.0
2016-07-20,363.9276299965174,367.7888397966549,363.8193763063607,364.7215270996094,1424321.0
2016-07-21,365.1906380547504,366.9949396261672,363.16982910482994,364.6854248046875,528981.0
2016-07-22,365.9122848998792,366.994865624435,364.0358072389501,364.39666748046875,1008674.0
2016-07-25,364.46894461221575,369.087952574545,362.8811503008679,366.92279052734375,1028518.0
2016-07-26,366.6340443777207,370.0622170367644,360.86027989933143,362.6645812988281,3069751.0
2016-07-27,362.37585664584856,365.51534513223424,361.6541361673765,363.92755126953125,744952.0
2016-07-28,368.17859499342006,368.91790944119805,356.42349978616795,358.97412109375,1867921.0
2016-07-29,361.48794142910765,362.92959159609114,356.75630917064296,360.7486267089844,1134853.0
2016-08-01,358.71543694803125,364.48208154603304,351.98766987563573,362.3750305175781,2125956.0
2016-08-02,359.3068357783871,376.82859790599525,358.64145726158534,369.0657958984375,4792350.0
2016-08-03,370.54445299228297,372.5775679581858,364.5560007621151,367.3653869628906,1196987.0
2016-08-04,368.84406742299603,372.54064060334696,365.3693021707215,369.620361328125,793067.0
2016-08-05,371.1358951701901,375.20212509735353,364.7038497151142,365.9976501464844,1681614.0
2016-08-08,366.7000821578173,372.98425695286056,366.7000821578173,372.3558349609375,913042.0
2016-08-09,373.3538712079252,373.9453138602499,366.36733924662366,371.5055847167969,1299439.0
2016-08-10,372.6145803065875,372.6145803065875,363.37314726326935,367.5872497558594,1326514.0
2016-08-11,370.3966103093272,371.0619889292012,366.18250811330694,369.7312316894531,1681953.0
2016-08-12,372.61457149850617,372.61457149850617,361.08125882065787,364.7408752441406,3618973.0
2016-08-16,362.6707749713781,363.55796153325565,353.5772142415445,357.052001953125,2087382.0
2016-08-17,357.1629285574352,360.0462513142683,349.1044030096372,350.91571044921875,913427.0
2016-08-18,353.1335939468441,353.90988776962547,346.18404161739653,347.1081848144531,1005420.0
2016-08-19,347.4778731441321,352.80094745968745,347.4778731441321,349.84368896484375,3664586.0
2016-08-22,348.95651165011066,350.6569263049247,343.78130914682515,344.7793884277344,1107412.0
2016-08-23,345.0381123317543,350.80475684408134,341.1936676154764,344.3727111816406,1617568.0
2016-08-24,345.2599488091381,348.7347367620331,342.67234747973345,345.2969055175781,894108.0
2016-08-25,347.6257343768961,348.1802203275853,337.0535220465014,338.6800231933594,1769817.0
2016-08-26,340.08477775679654,342.82025129837405,337.8668335540348,340.0478210449219,857182.0
2016-08-29,342.08082944434386,342.08082944434386,331.61951118085005,332.35882568359375,797904.0
2016-08-30,333.8005550250476,343.55951715360663,333.5787696611634,342.2657165527344,981748.0
2016-08-31,341.5633977314138,350.2873023282874,341.230697085409,346.5907287597656,1779070.0
2016-09-01,347.477848166932,352.20945690614883,344.7423752309946,346.84942626953125,1046734.0
2016-09-02,347.44085750274957,350.58294412054113,344.483599509534,348.8455505371094,1070131.0
2016-09-06,347.47788627766147,355.7951761087757,345.555663670941,354.9079895019531,1553926.0
2016-09-07,355.75814560866837,357.4585599299321,347.5887068651576,348.8455505371094,1254946.0
2016-09-08,343.7812546743651,345.22292702525436,336.38810941255076,339.38232421875,3145694.0
2016-09-09,338.6060650009116,344.1139674411553,333.6526484749707,338.8278503417969,1469794.0
2016-09-12,335.6488079130825,344.81630388111006,334.9094933582079,342.9310607910156,1746181.0
2016-09-14,345.03814697265625,349.40009877884114,342.78322381307225,345.03814697265625,1321007.0
2016-09-15,346.73851365182674,348.88252127073156,340.67612549704455,342.1177978515625,956858.0
2016-09-16,345.55561682824367,346.73852462295736,339.3453791086086,344.0030517578125,1477056.0
2016-09-19,346.14711077388097,350.9526557575819,343.30074500188596,344.9642028808594,1134564.0
2016-09-20,346.73857330656165,346.73857330656165,340.2695700732303,341.71124267578125,913111.0
2016-09-21,343.0419877277179,344.3357883279841,336.4620920444969,340.9349365234375,2142358.0
2016-09-22,343.78122020383796,345.11197719269563,335.46393261826125,336.2032470703125,2766927.0
2016-09-23,338.60604150028064,338.60604150028064,334.7985763320728,336.0923767089844,2221151.0
2016-09-26,334.2071710347831,335.79671554641493,329.734326527133,331.9153137207031,1027167.0
2016-09-27,329.7343446393628,335.20526871513084,329.7343446393628,331.1020812988281,1306463.0
2016-09-28,331.95226510401886,331.95226510401886,324.8548402241204,325.6680908203125,1785763.0
2016-09-29,328.2556412152991,328.2556412152991,313.691136397803,315.7981872558594,4331711.0
2016-09-30,321.6017937663023,321.6017937663023,309.55097695575614,310.40118408203125,2210429.0
2016-10-03,310.51213383803764,314.208706859919,309.1813765749968,311.0296630859375,1754766.0
2016-10-04,313.94991540296724,319.30994582657854,312.17556501653445,316.94415283203125,2145572.0
2016-10-05,318.7185190461191,320.12321223171546,312.91489509716763,314.43048095703125,1476240.0
2016-10-06,314.20870694247157,316.9072007367357,309.8837119933158,311.0666198730469,1559084.0
2016-10-07,311.9168535649572,313.76514023287245,308.4420881665324,310.32733154296875,1562901.0
2016-10-10,311.6210876859675,314.06081671418895,308.294172159071,311.8798522949219,997527.0
2016-10-13,311.7690145291329,313.98695860433537,308.6638837990119,312.138671875,2473032.0
2016-10-14,313.09972031743234,317.6465004093879,309.0334901834397,309.84674072265625,6379695.0
2016-10-17,311.2514736655441,311.2514736655441,299.7920963690692,302.0469970703125,3248168.0
2016-10-18,301.6403691198296,318.4967336634538,299.9769112018893,314.28265380859375,7264158.0
2016-10-19,316.31578342566957,322.67389404689726,309.8467801172883,314.1347961425781,4525016.0
2016-10-20,313.65416283102593,317.3137784699175,311.39926273002783,314.2086486816406,2133653.0
2016-10-21,317.0550005759238,322.4150302400498,312.1385640860738,320.9364013671875,4853235.0
2016-10-24,322.341102972063,324.1893891129579,316.1308660510736,317.27679443359375,2292196.0
2016-10-25,318.6446050221649,323.6349787667115,317.3877611283312,320.8995056152344,1684650.0
2016-10-26,320.86250130027037,321.60181581939537,311.95377036964896,312.7669982910156,2685974.0
2016-10-27,312.73010353056907,315.3546615684588,305.0781922296365,306.15020751953125,3706854.0
2016-10-28,317.1659298852941,328.25564771345125,317.1659298852941,322.0823669433594,12710319.0
2016-11-01,322.3411760449359,322.3411760449359,317.57258769558115,320.52984619140625,4643934.0
2016-11-02,312.17559939564114,320.4559321936719,312.17559939564114,317.7574157714844,3387397.0
2016-11-03,318.6445794506608,319.3838940201519,313.46937746422316,316.4266357421875,2159069.0
2016-11-04,316.4266139686988,321.52787963474844,306.66765329809976,317.94219970703125,7835863.0
2016-11-07,321.60184113914914,332.28494580642365,318.3118822451883,328.88409423828125,7039296.0
2016-11-08,329.88222731244366,336.97963036442917,329.25380530664864,335.759765625,5501834.0
2016-11-09,310.43823958269314,328.25572845494105,302.379713824484,321.23223876953125,4852450.0
2016-11-10,330.84322345533093,332.0630878115198,321.60179263255634,326.9618225097656,3301285.0
2016-11-11,325.2984400997287,325.2984400997287,316.42666446064516,317.4617004394531,1161656.0
2016-11-15,321.6018505994815,323.22835174229226,315.9091191617347,318.6076354980469,6787283.0
2016-11-16,320.86247655371517,331.2128790231898,320.1231620916098,327.95989990234375,9156138.0
2016-11-17,330.4736339801089,336.3881509193502,324.9287743495702,326.6661682128906,2616362.0
2016-11-18,325.2984383470204,331.9522700404822,323.6719371304485,329.216796875,2041621.0
2016-11-21,329.66039039999447,334.1702141745024,325.96381723434735,330.58453369140625,2718966.0
2016-11-22,331.2129665920016,336.38816919500164,329.8822092332101,335.20526123046875,2409601.0
2016-11-23,337.8667819837314,339.3084545203149,331.24990709728775,334.98345947265625,1950811.0
2016-11-24,333.20910182602154,343.41163436021844,332.76550855016706,339.0866394042969,2574455.0
2016-11-25,341.48938952528965,361.8944758204328,340.93490360728083,360.23101806640625,4561987.0
2016-11-28,359.2699650604419,366.58917562108127,356.7193204798422,361.78363037109375,2279428.0
2016-11-29,361.8205637484053,365.5171367792678,355.83211092598975,357.7173767089844,2029150.0
2016-11-30,360.2310093650973,362.11625241595374,355.8690580945411,358.7154235839844,2604888.0
2016-12-01,354.9079374623439,358.7154254097531,348.51287117564897,351.21136474609375,2059534.0
2016-12-02,352.65299160263766,356.31260714410337,348.217104915812,349.991455078125,2450542.0
2016-12-05,345.2598907082619,352.3573148155391,339.6041389810262,341.8590393066406,1727408.0
2016-12-06,342.3026533933618,347.1081982034198,341.8590601292461,344.1139831542969,1073627.0
2016-12-07,346.62761282252285,347.4778199973327,335.46395919955256,336.8316955566406,1540255.0
2016-12-08,340.0107814822015,344.2248837450665,337.9407096181818,342.8571472167969,1158682.0
2016-12-09,345.2598927867109,351.13745244892215,343.7812636955473,348.73468017578125,2017058.0
2016-12-12,350.39816623184487,350.4720796427072,345.0381353430363,347.0342712402344,709914.0
2016-12-13,347.47790459268305,360.4159116785808,345.48174590316415,358.23492431640625,1863492.0
2016-12-14,357.82825373953176,360.04619746105783,349.95455804053245,352.394287109375,1702307.0
2016-12-15,351.35924722222614,356.34962053890166,346.03617332626965,352.9857482910156,3292408.0
2016-12-16,355.90600270166544,356.4235318865545,351.17439432216344,352.763916015625,2185723.0
2016-12-19,350.4351704074849,351.61807844870543,347.810612227794,349.9546203613281,1389090.0
2016-12-20,352.57903229584696,355.4253972438098,350.176260499607,352.4681396484375,1919780.0
2016-12-21,353.39234933437655,354.5752571081647,349.3261193734162,350.7677917480469,667563.0
2016-12-22,349.1782757050938,352.80093528594733,343.4485875690427,350.3981628417969,932766.0
2016-12-23,350.4351596207824,352.9858043010875,343.96615614677006,345.3338928222656,942216.0
2016-12-26,342.48748172055684,346.0361827059929,340.3804306395395,342.7462463378906,572307.0
2016-12-27,340.4543634464865,350.43511025762126,340.12166286127916,346.1470947265625,1061513.0
2016-12-28,346.7385245634165,352.65304097387985,346.7385245634165,350.5459899902344,1658315.0
2016-12-29,348.25412407112555,358.16095749811643,347.1081954963465,356.8671569824219,2079991.0
2016-12-30,356.3496009899955,364.48206076362607,356.3496009899955,361.45086669921875,1817123.0
2017-01-02,365.5910982538442,367.36544892000853,359.67658099190135,360.7855529785156,1203138.0
2017-01-03,361.3030362407673,365.96070896641294,360.19406439541456,363.4100646972656,1006546.0
2017-01-04,362.26412201520134,372.9841827687124,361.1921069150146,370.1008605957031,1989140.0
2017-01-05,373.3538158320141,374.83244480560626,359.26988388338407,360.8594055175781,2295824.0
2017-01-06,360.4158321297378,360.71155342829826,344.66844171998173,347.2929992675781,3307502.0
2017-01-09,343.81824278111196,353.3184398227344,341.5633422951255,350.02850341796875,1812454.0
2017-01-10,350.69391269466144,351.17446271016206,345.7404954589652,350.06549072265625,1634891.0
2017-01-11,349.91755999781,353.7250478984566,346.7385165257148,350.4720458984375,2058634.0
2017-01-12,351.1744796188626,359.8983839824515,349.10440750068375,355.75823974609375,1970093.0
2017-01-13,357.9761381314966,364.40816161040874,356.2757010152554,361.1551818847656,2754723.0
2017-01-16,360.9703550682516,362.67076963103824,354.13169498759345,360.1571044921875,1258527.0
2017-01-17,360.7855324296995,365.96073473914197,358.34580322294187,359.86138916015625,1233813.0
2017-01-18,360.7855730127308,365.8868399220084,355.980027470553,357.5695495605469,1336551.0
2017-01-19,354.8710309001576,358.7524328006281,352.9857875733376,355.90606689453125,1586512.0
2017-01-20,351.9137024220597,357.82821842915314,344.5205574131929,346.479736328125,1442119.0
2017-01-23,343.7812551774951,348.80858493805084,340.6761251381531,347.25604248046875,1400660.0
2017-01-24,348.51290257886296,350.0654677720018,344.0770149196612,347.4039306640625,1255925.0
2017-01-25,347.66269251093445,350.2502936247851,341.7112189739144,344.2618408203125,3368794.0
2017-01-27,344.07704883676297,347.9214942118706,342.4505700719817,345.3338928222656,1795089.0
2017-01-30,345.25988474113996,353.3923445530298,340.9718695015245,348.6607360839844,3024028.0
2017-01-31,358.34584290312773,358.34584290312773,314.5784037862852,334.318115234375,7804620.0
2017-02-01,334.35506151018916,337.86680621372346,322.6738986790597,332.4698181152344,4061099.0
2017-02-02,332.46976772021117,343.78127149955407,325.29840744043827,340.89794921875,3771089.0
2017-02-03,343.1158772605039,356.34960281098364,343.1158772605039,355.20367431640625,2677019.0
2017-02-06,355.64726276119967,361.2291012687989,348.36503233962657,353.022705078125,2105323.0
2017-02-07,354.8710480838675,354.8710480838675,346.8125225460484,348.1063232421875,1794349.0
2017-02-08,347.4778109367257,357.6433851928533,346.5906245222649,350.878662109375,1754215.0
2017-02-09,353.31842796633924,359.8613664135491,350.804762944487,358.56756591796875,3013021.0
2017-02-10,362.2641338846887,372.2448804304914,359.30687564889536,369.5833435058594,7225481.0
2017-02-13,369.657293670722,373.1320812560631,366.3303780276855,369.3985290527344,1903851.0
2017-02-14,370.3966293256746,375.97844575275167,369.91607932898785,373.05816650390625,2664728.0
2017-02-15,372.0600487770218,378.23332980665407,361.5987523650585,366.4412536621094,2584154.0
2017-02-16,365.258375678241,373.72353702541386,365.258375678241,372.9842224121094,2591411.0
2017-02-17,371.35774745858737,373.3539060802895,366.7000740907398,372.24493408203125,1688519.0
2017-02-20,372.28187596830395,375.1282418295926,367.4393741268811,369.620361328125,2610984.0
2017-02-21,369.6572832072743,380.93183034509616,369.6572832072743,375.49786376953125,3268863.0
2017-02-22,375.94143451899384,378.0854421208437,372.31879787282145,375.5348205566406,3036464.0
2017-02-23,375.5718583390548,380.7470611114434,369.5094689237051,372.3558349609375,5868525.0
2017-02-27,369.84216107322226,377.0874357635626,365.9607590829486,369.50946044921875,2250245.0
2017-02-28,374.0931646551688,376.3111083191322,361.11820324581845,369.21368408203125,31171453.0
2017-03-01,361.4878247344476,371.2837416137857,360.7485102529881,369.472412109375,1979476.0
2017-03-02,371.87522315101717,373.39080897202535,367.6611211401757,369.5833435058594,2392413.0
2017-03-03,370.47059953913816,373.6126870044416,369.65734885922905,372.392822265625,2136886.0
2017-03-06,369.50944608304076,373.9083771924952,365.6650235127311,369.620361328125,1234125.0
2017-03-07,374.0932058515128,375.0173491466005,368.62228205701183,369.620361328125,3221133.0
2017-03-08,369.2877423003603,371.9492800906202,360.85955809961837,363.6689453125,1430424.0
2017-03-09,364.48213041213427,366.3304170775102,360.4528564567775,361.4879150390625,1752351.0
2017-03-10,364.8517462687161,367.6611326558781,350.804769208725,351.765869140625,3875776.0
2017-03-14,356.349653787509,359.23297634930486,352.0616379327451,354.7601318359375,4483127.0
2017-03-15,357.38467340449193,358.38275262768343,348.6607701425688,354.61224365234375,3941570.0
2017-03-16,356.34967435124776,357.7174110162594,353.7620729814773,355.6842956542969,4191349.0
2017-03-17,358.93726587960197,360.63768056542006,346.997338684594,358.01312255859375,5857451.0
2017-03-20,357.08894636081203,363.0034630707219,354.9449385658878,356.27569580078125,3734239.0
2017-03-21,356.3496492158208,358.1979357781435,351.21140354772695,352.6161193847656,4422809.0
2017-03-22,352.6530922928221,354.50137894005917,349.58494097082723,351.4701843261719,2797599.0
2017-03-23,352.57910881758306,357.4585894213787,351.6180089153295,356.46051025390625,3259747.0
2017-03-24,356.3496137304195,356.3496137304195,348.9564682173402,350.5459899902344,2203312.0
2017-03-27,350.4351742958661,353.1336684884681,342.45058441269686,346.5907287597656,2457180.0
2017-03-28,348.73467210395125,348.73467210395125,336.1293458562911,336.9056396484375,5722292.0
2017-03-29,339.34544060390243,340.0108193083541,333.5787950825298,338.79095458984375,3227158.0
2017-03-30,339.7150494997486,342.67230781965935,336.75779117983785,340.9718933105469,4028816.0
2017-03-31,341.5632885660208,343.04191752085205,336.09236594556256,339.45623779296875,2581903.0
2017-04-03,337.8667819837314,339.34541122654866,333.24606559992765,334.98345947265625,1914496.0
2017-04-05,335.6488040346156,337.571026367496,329.32767368831486,330.4366455078125,2902998.0
2017-04-06,330.43669850878285,331.50869123565434,326.25955260233627,330.39971923828125,1926091.0
2017-04-07,331.1759900182801,336.0554484158817,326.8140157505886,327.66424560546875,3125291.0
2017-04-10,328.9950173104001,331.73049052411005,326.4074160506554,327.5533447265625,2111378.0
2017-04-11,327.59028768701927,330.25182462875017,325.2984080271373,329.1428527832031,1861086.0
2017-04-12,330.2518147778159,330.73236471746753,322.00843958879875,323.5610046386719,1728894.0
2017-04-13,323.81979006859586,327.3684910719086,316.31575150065726,317.8683166503906,1543616.0
2017-04-17,317.86831303299215,317.86831303299215,310.5490806335564,311.95379638671875,2595117.0
2017-04-18,311.9907628411145,314.87408528386294,308.257233116312,309.6988830566406,2338492.0
2017-04-19,310.1424487738533,314.5783360030383,304.9302903043966,306.2980041503906,2638642.0
2017-04-20,306.81554479066034,312.5821893787572,306.44588750778,310.88177490234375,2818261.0
2017-04-21,314.2087587198816,319.2360898345617,312.13868651080037,316.1679382324219,2668714.0
2017-04-24,318.274912225971,318.86635483825665,313.69115301344414,317.35076904296875,1709076.0
2017-04-25,319.7535112628079,325.3723057997278,317.3507392128561,323.9306335449219,2575089.0
2017-04-26,325.2984376971887,326.740110252729,313.5433395746405,315.72430419921875,3721058.0
2017-04-27,315.09592680066726,316.9442135074706,312.36045344976094,314.1717834472656,1450414.0
2017-04-28,314.57833235182306,317.01806127472196,307.55484432046626,308.2572021484375,1945081.0
2017-05-02,311.1774322649617,314.208625874046,308.0353460062212,309.1443176269531,1568455.0
2017-05-03,309.77276227144984,311.54711248326026,309.14434046086836,310.40118408203125,1746287.0
2017-05-04,310.51211932307336,312.5821910937245,308.0354110017689,309.84674072265625,1009112.0
2017-05-05,309.6988654652606,310.0685227462079,303.41469168915586,305.3369140625,1541496.0
2017-05-08,305.6325872180327,312.73001040633847,304.5975515068829,311.3622741699219,1938018.0
2017-05-09,312.4343794627434,319.383932746191,311.17753551737724,315.0959167480469,4402442.0
2017-05-10,316.7962955885578,321.0843111014431,315.83519566528395,318.20098876953125,2018816.0
2017-05-11,319.38384690375216,322.2671687869937,315.0958320581198,321.4169616699219,2060011.0
2017-05-12,321.41696401610085,328.6992160168646,321.34302805710126,326.9618225097656,2696277.0
2017-05-15,328.99499259366104,329.6603712123312,323.9306831390708,327.22064208984375,1080719.0
2017-05-16,327.8120666941182,330.3996676170385,326.03771628796216,328.0708312988281,1820495.0
2017-05-17,327.5162962873244,327.8859535066103,317.1658941473186,318.53363037109375,1754010.0
2017-05-18,317.1659409076187,326.70309405885644,310.5860459466617,312.2125244140625,3934861.0
2017-05-19,314.20874148409956,314.94805616994455,306.2241519018117,307.6658020019531,2194511.0
2017-05-22,310.51210545382827,310.51210545382827,303.96916729077617,304.8563537597656,2734184.0
2017-05-23,306.07628594431185,309.51409478851394,302.0100550923947,307.3700866699219,4828731.0
2017-05-24,307.92450986969146,310.51211079296615,306.3349881006692,308.4050598144531,2039655.0
2017-05-25,310.512080662687,316.3526605246392,307.6657154108616,314.9479675292969,3098044.0
2017-05-26,316.42658732119946,320.8624740593471,310.62296432637226,317.27679443359375,2257516.0
2017-05-29,285.560196493949,288.33262558612324,263.6764850139697,280.5328674316406,17135931.0
2017-05-30,282.15939884336825,287.85213001110884,281.6418921858127,287.0758361816406,2800579.0
2017-05-31,290.6245517176337,290.6984876844411,285.3754139435597,288.3326721191406,3844462.0
2017-06-01,288.33271970775564,298.6091890515878,287.77823370831766,294.02545166015625,4032660.0
2017-06-02,295.7258055216196,297.13049858542956,291.8444043241483,295.4300842285156,4221248.0
2017-06-05,295.7258265925667,299.42239942497383,293.5078828931225,297.7589416503906,1922945.0
2017-06-06,298.72005892858436,306.7046702480368,295.393143186002,302.12091064453125,2846306.0
2017-06-07,300.7531829467583,302.93417013363097,290.5506500610542,295.65191650390625,4041108.0
2017-06-08,295.79971639237925,297.8328311328689,292.9903079409963,293.8035583496094,1811760.0
2017-06-09,293.2121227211712,293.2121227211712,284.63607037410543,285.9668273925781,2790651.0
2017-06-12,284.63608535888994,295.6518670071151,280.9395128217615,293.7296447753906,2889773.0
2017-06-13,292.02928244670613,292.6946611094827,286.85407997296704,290.84637451171875,1753491.0
2017-06-14,292.0292584867251,295.72583137896214,289.8113147513829,293.2861022949219,1895223.0
2017-06-15,292.76858279434964,293.13824009585767,289.81132438228553,291.03118896484375,1244822.0
2017-06-16,289.81128704742616,292.7685450785224,286.85402901633,288.554443359375,1473093.0
2017-06-19,288.33266987935116,290.77239883041767,285.81900496205157,287.9260559082031,992872.0
2017-06-20,287.889120032033,292.1771585368228,285.1166900961273,291.5487365722656,1458439.0
2017-06-21,292.02927993505403,293.43397322485487,288.3327067713192,289.0350646972656,1121823.0
2017-06-22,289.88531677596603,291.8444963428594,285.3754923073938,286.0778503417969,918944.0
2017-06-23,287.2606941556125,288.1109240407194,280.82867032915686,281.45709228515625,1741413.0
2017-06-27,281.4571431810251,284.34046628407503,279.97851363463064,281.0135498046875,4315500.0
2017-06-28,281.49406642196584,291.28998600198173,280.9395804080027,289.9961853027344,1883908.0
2017-06-29,289.99617878881986,292.76860879636115,286.8540914469397,287.4825134277344,1631484.0
2017-06-30,286.114724523734,286.114724523734,279.01730048824686,282.41815185546875,2365394.0
2017-07-03,282.45515118744527,284.82096707703636,279.7566572447536,281.86370849609375,1280684.0
2017-07-04,282.4181795235056,283.9337654411382,278.2410565115579,279.2391357421875,1328251.0
2017-07-05,280.38502345480026,281.67882382670774,278.13012326002536,278.83245849609375,1461628.0
2017-07-06,278.3519429876799,280.5329300518619,275.8382778954284,278.2040710449219,1964709.0
2017-07-07,277.2429717214484,281.4570739164507,277.2429717214484,280.9395446777344,1642197.0
2017-07-10,283.15751352534113,286.11477215223766,282.418198868617,283.97076416015625,268891.0
2017-07-11,284.5621886619437,290.7724268688412,283.2683880954196,284.78399658203125,2362955.0
2017-07-12,286.11470149899384,288.0369236442211,284.377307972306,286.33648681640625,687924.0
2017-07-13,286.8540246041065,289.0719680933135,286.3364954317897,287.7781677246094,940852.0
2017-07-14,288.33269831874395,290.55064215196506,285.0427392746294,287.5564270019531,1034584.0
2017-07-17,287.96304557714745,294.39509182026706,287.81517362775253,289.700439453125,1534113.0
2017-07-18,289.6634194664637,293.02731406455257,288.44355502275425,289.29376220703125,1584011.0
2017-07-19,289.8113148334121,294.24720230535206,288.8502149059946,293.32305908203125,1590684.0
2017-07-20,294.76475532905295,296.428213265307,288.33270895070046,289.4416809082031,1411026.0
2017-07-21,290.9203085313909,294.24722438499003,290.4397585316228,291.8074951171875,964314.0
2017-07-24,292.0292832632434,295.6888997618856,291.99232655602174,295.02349853515625,906007.0
2017-07-25,294.9865468280173,296.0955188085738,288.36967165252673,289.1459655761719,1358932.0
2017-07-26,289.88519600580804,291.1420170146894,285.8559232889588,287.8520812988281,1409292.0
2017-07-27,291.37127794754906,292.92272616317035,284.37079919166644,285.5060119628906,2627365.0
2017-07-28,287.0196272333337,290.1982322116793,283.23558468576175,288.5710754394531,1712222.0
2017-07-31,288.49543221865554,292.5443395365967,287.0574774783413,292.01458740234375,1535812.0
2017-08-01,306.50742802909605,313.2430187419012,302.7612168925781,304.57757568359375,12617014.0
2017-08-02,304.6910998317619,307.56696282836907,300.07456346692453,304.27484130859375,4071990.0
2017-08-03,305.75064031448954,309.1562786348242,303.51804595499607,308.13458251953125,4650231.0
2017-08-04,308.47517113026214,311.38888868141674,307.49130615280046,309.5346984863281,1957230.0
2017-08-07,309.00490703185085,313.9998478435087,305.90201060118073,307.5291442871094,1312508.0
2017-08-08,308.0211236047356,309.8753140540109,300.18814938036024,301.3990478515625,2108254.0
2017-08-09,302.72339839281585,302.98828598560203,297.2743679833602,298.06903076171875,1135609.0
2017-08-10,297.42577686876353,313.0917239727563,297.42577686876353,305.75067138671875,4990849.0
2017-08-11,306.88586054193706,312.3727224135253,303.48022213888225,304.84246826171875,2782291.0
2017-08-14,305.75064331993605,308.7778774122126,302.72340922765943,304.3883972167969,1213339.0
2017-08-16,304.38836638480234,322.3247127071614,302.72337856431426,317.82171630859375,5407314.0
2017-08-17,321.79500537658885,325.46550837505345,319.0326356864958,321.1895446777344,3175256.0
2017-08-18,318.38932769480493,330.27120663438956,318.38932769480493,324.55731201171875,3610728.0
2017-08-21,324.6708598191244,330.7253280674997,324.6708598191244,326.2601623535156,2657468.0
2017-08-22,328.4549449485404,335.07702045153513,327.0926986548823,332.5038757324219,4623000.0
2017-08-23,332.9957549212963,336.21219119042246,323.53564824739584,325.57904052734375,1576891.0
2017-08-24,326.9413407498348,331.4821927046936,322.0977699505122,323.68707275390625,2607190.0
2017-08-28,323.27076377168794,329.9685239808592,322.74101165039787,323.724853515625,1888194.0
2017-08-29,325.38982911151686,328.4170631608075,320.1300007124891,326.7520751953125,3282938.0
2017-08-30,328.45491326198254,329.9685303737889,321.68146744826333,322.21124267578125,2380800.0
2017-08-31,324.10324284287407,327.3196789948465,322.5517946432489,324.0275573730469,3782413.0
2017-09-01,324.67090272856996,325.6169135174061,319.8273321089221,320.4327697753906,1242275.0
2017-09-04,321.6436421896527,324.4438431365132,310.70774911681866,314.9080505371094,3250373.0
2017-09-05,316.87568388655427,325.88169915824665,316.38373995356204,323.80047607421875,3651996.0
2017-09-06,321.71928558308775,323.30858799109257,318.6163662333568,321.34088134765625,1553072.0
2017-09-07,322.77886656400784,325.3520111741644,320.24355314530845,322.43829345703125,983408.0
2017-09-08,322.4382709876542,326.71425773875256,322.4382709876542,326.0331115722656,1434311.0
2017-09-11,329.21169570456277,334.88775942360695,328.3035162711307,334.1309509277344,2373479.0
2017-09-12,335.2661961815692,335.98517356075075,328.4549190582416,334.0552978515625,1357481.0
2017-09-13,333.8661144399349,343.36407637456773,330.95239666562975,333.6012268066406,2339372.0
2017-09-14,333.752579043052,335.2661961815692,330.04422167287765,334.0552978515625,1048243.0
2017-09-15,330.99022493715535,338.97454592480034,330.99022493715535,336.2500305175781,1959478.0
2017-09-18,336.02300522103576,341.5855528320634,335.49322998342757,336.8554992675781,1034355.0
2017-09-19,337.4608921429932,339.8070030191103,334.887747964268,338.8609924316406,1001757.0
2017-09-20,340.5638477846543,340.5638477846543,336.77980503149143,339.7313537597656,755469.0
2017-09-21,339.80704025442606,349.4185181147075,339.5800069269402,348.3211364746094,2189490.0
2017-09-22,346.2398670022091,351.34832405634006,342.8342289661218,346.9209899902344,2254484.0
2017-09-25,344.5371321161595,349.98616354287424,339.92059480963263,342.0396728515625,2490162.0
2017-09-26,342.07750516499857,343.70463912125814,334.13101444767005,338.558349609375,886702.0
2017-09-27,339.80702364805336,346.61830029133284,335.7959477520629,340.5260009765625,1908788.0
2017-09-28,340.5638334777789,346.88318922928147,338.5582955220469,343.931640625,3555144.0
2017-09-29,343.5910435291904,347.63997344107247,340.223236617447,346.5047607421875,1412345.0
2017-10-03,345.710138920409,353.278224475549,345.10470131438353,350.62939453125,1901932.0
2017-10-04,351.953857421875,354.5648565322712,350.66729655991463,351.953857421875,1673214.0
2017-10-05,351.5375210212273,351.68889194788767,339.4664171428245,341.28277587890625,1237068.0
2017-10-06,343.893795679951,346.69399651408213,338.2934171076524,345.74798583984375,1130586.0
2017-10-09,343.59108420335554,351.1591697584955,343.59108420335554,350.62939453125,997113.0
2017-10-10,350.40238216438286,354.0350542097743,349.19148378393055,352.89984130859375,1559112.0
2017-10-11,351.1592073802836,355.6243737170033,349.3428712716479,353.61883544921875,1624889.0
2017-10-12,352.2944177803566,359.4840997758741,352.2944177803566,358.878662109375,1762764.0
2017-10-13,359.03000546038896,363.1924528791025,357.9326468166715,360.31658935546875,2187256.0
2017-10-16,359.37052950093863,360.7706298788576,356.267609957001,358.57586669921875,1101381.0
2017-10-17,356.4946730123325,359.6354471017581,354.90539346824363,357.970458984375,787447.0
2017-10-18,357.4785271643901,357.5163583539228,346.3534321179925,346.9588928222656,1414945.0
2017-10-19,345.18042033072226,348.13196936483956,345.18042033072226,346.88323974609375,128310.0
2017-10-23,345.8615209061882,351.91598954349564,343.36406183168486,350.4780578613281,1319264.0
2017-10-24,350.70518489913127,351.0079037926849,342.9100636842639,344.1966247558594,850860.0
2017-10-25,344.3479477173458,358.8029980539049,343.59113904104396,354.26214599609375,1583314.0
2017-10-26,354.94318896254174,363.192397050581,349.6455294257874,361.1868591308594,2859405.0
2017-10-27,363.2680636807826,363.2680636807826,357.21359595276954,360.5435485839844,1292782.0
2017-10-30,358.76505563197554,369.7009475565259,358.76505563197554,367.4683532714844,3746798.0
2017-10-31,367.8089833167192,368.26307310050095,360.3922682001594,364.819580078125,1509095.0
2017-11-01,367.01432756752445,376.89067022973705,357.5542203830431,369.70098876953125,3983511.0
2017-11-02,364.4033058763178,364.74387895197077,348.8130455955423,354.1485595703125,5545465.0
2017-11-03,354.9431671114746,358.53800729010896,348.964384907254,350.7428894042969,1278344.0
2017-11-06,349.64554766806475,353.05118611937706,346.69399896278685,348.4725036621094,1701924.0
2017-11-07,349.6455274008286,362.0950364784855,348.92655008661933,356.0783996582031,4208801.0
2017-11-08,359.37050921137467,372.4632865991766,358.802902854748,370.7604675292969,3566147.0
2017-11-09,372.3497749573719,375.37700890011473,368.4522158752829,371.0253601074219,1803442.0
2017-11-10,375.3770913553335,376.7015064962041,366.1818708536251,371.5930480957031,1871915.0
2017-11-13,368.56575417178897,379.91788212369215,368.4143832273782,370.911865234375,2140262.0
2017-11-14,371.5929983330109,374.6202325353165,364.3276316282847,369.24688720703125,1426995.0
2017-11-15,367.8089828805325,377.9880678797072,367.05217427378244,375.7933044433594,1718584.0
2017-11-16,377.6474901626748,379.9179159552359,369.47396654784075,378.32861328125,1376234.0
2017-11-17,378.40431134568695,379.16111996837833,365.16016044858793,366.71160888671875,2140643.0
2017-11-20,367.7710991991896,368.94414313384556,359.86244114901245,360.8462829589844,1527038.0
2017-11-21,361.75454734154727,376.7015187013706,361.75454734154727,373.7499694824219,2242785.0
2017-11-22,373.8633909025368,375.52837880486004,363.0410388253219,365.23577880859375,1932859.0
2017-11-23,365.2358178319203,373.10662228320473,365.2358178319203,370.5334777832031,1200242.0
2017-11-24,370.8361976889281,377.64747478933697,370.8361976889281,373.9391174316406,1701291.0
2017-11-27,373.106602933114,378.4042626096491,371.66867135439,377.458251953125,1469508.0
2017-11-28,377.79881132728474,380.523303442502,373.4093081826167,378.1772155761719,2334856.0
2017-11-29,376.2095630346514,378.4799888549016,372.95527216804663,375.7933044433594,1438175.0
2017-11-30,372.61466563174355,374.9986077621998,368.7171065173834,370.2685546875,2729850.0
2017-12-01,370.83617519813356,372.1984212972108,355.0188817323446,357.8947448730469,1962459.0
2017-12-04,357.592119454892,368.5658458720263,352.6350315876087,357.81915283203125,2507080.0
2017-12-05,359.3326846028275,359.6732576833118,350.1374654853506,352.21868896484375,2977968.0
2017-12-06,353.1646995997227,359.25702218753185,351.2348470664201,357.40283203125,1952199.0
2017-12-07,357.4406862138503,378.0258890078172,356.5703609584508,376.36090087890625,7475829.0
2017-12-08,376.13385135091494,378.06370392529556,372.8795838069889,375.4527282714844,2534022.0
2017-12-11,375.37708468464973,382.11267694790274,373.6364340545391,378.896240234375,3215999.0
2017-12-12,379.917907107953,383.399231194669,376.92850397897655,379.3124694824219,4481699.0
2017-12-13,377.7231457602629,384.30736618023894,377.07985388406775,381.1287841796875,2052503.0
2017-12-14,380.67474558101907,392.14041494358264,380.67474558101907,389.1888427734375,4105304.0
2017-12-15,389.7564782586862,392.02690434563,374.62030434572745,378.9719543457031,7010768.0
2017-12-18,376.1338288465492,377.26904160966757,370.0793607765846,373.8634033203125,2175527.0
2017-12-19,375.7176258867211,378.4042870866504,373.86343564161064,374.8851318359375,2168308.0
2017-12-20,375.3770127702704,375.3770127702704,370.34424090776474,373.0687561035156,1690391.0
2017-12-21,376.4365519754126,377.2312147763446,367.2791642947107,371.3280944824219,1483945.0
2017-12-22,370.8361754354066,376.32303721480804,369.73879384114105,373.4471740722656,1210792.0
2017-12-26,373.8634525772355,376.81500153102047,370.53349931922247,373.40936279296875,1095301.0
2017-12-27,374.24181024691694,382.49101843195365,371.78218257593113,380.6746826171875,2160870.0
2017-12-28,380.86388338631724,384.45872381569626,374.35532556866997,376.1716613769531,1943344.0
2017-12-29,378.25286332521915,382.18827659987977,375.1121128000758,381.46929931640625,1412805.0
2018-01-01,379.2367187938397,384.98846763120656,378.44205606401533,380.7503356933594,1115837.0
2018-01-02,381.05310293012684,389.7564012095637,381.05310293012684,388.9617614746094,2204383.0
2018-01-03,390.58883989029886,397.3244538707827,390.2861442120279,393.1241760253906,2288877.0
2018-01-04,393.16207985110947,397.32452727975453,388.99963242246446,395.4703369140625,1460097.0
2018-01-05,394.29729248773344,398.83814422463627,389.6429009806349,397.66510009765625,1756809.0
2018-01-08,394.0702388935516,410.83352131256277,394.0702388935516,405.8764343261719,2795379.0
2018-01-09,408.6766386199526,408.6766386199526,400.35174412954615,404.0222473144531,1855191.0
2018-01-10,404.8925773883257,411.70385439112,403.9843978829008,410.2658996582031,2748547.0
2018-01-11,411.70387561617355,420.67203898876085,410.7200336812122,417.53131103515625,3485380.0
2018-01-12,416.24464951912165,419.65028756064174,414.73103261177937,416.812255859375,2790912.0
2018-01-15,416.96364830593615,419.9530510905899,410.45506755333525,411.5146179199219,1959669.0
2018-01-16,414.7311408325561,426.08327059987056,414.2013655383612,422.03436279296875,4791310.0
2018-01-17,423.77506091313137,427.2563626215575,418.6287707473077,419.95318603515625,1636201.0
2018-01-18,423.8127991705448,423.8127991705448,416.43391561355764,418.2502746582031,2158972.0
2018-01-19,418.51511550094193,422.67756240013756,414.01209552615404,418.439453125,1951962.0
2018-01-22,416.2447345790579,433.19726588232305,416.0177012349465,431.00250244140625,4127554.0
2018-01-23,430.7375726821103,447.0467864835656,426.99136139977134,445.1925964355469,4103152.0
2018-01-24,442.08978266189354,463.50745779642295,442.08978266189354,456.4691467285156,6672393.0
2018-01-25,457.49076127447154,464.2642069287487,445.07908277304995,452.9120788574219,5104213.0
2018-01-29,453.36615477210455,460.6693757907359,450.64166245605765,457.7178039550781,3352495.0
2018-01-30,454.08509370584267,462.59918921282724,448.93880521556133,456.31768798828125,6290644.0
2018-01-31,456.2042209515643,473.91356090551824,451.81474025116216,463.6588134765625,7244068.0
2018-02-01,463.5830276674838,468.8428558700279,459.42058100519944,462.44781494140625,2479739.0
2018-02-02,457.3394455332777,471.1133718275046,453.36620022870835,468.80511474609375,3994302.0
2018-02-05,461.57757777877566,477.6975915165048,461.1991734835617,476.0704345703125,3500770.0
2018-02-06,454.84200415827775,470.1295483118015,454.84200415827775,459.15582275390625,3104038.0
2018-02-07,463.0154569352231,467.17790391782336,451.77686855897343,456.43121337890625,3653165.0
2018-02-08,461.6532113372765,470.7349138553868,450.2632520008653,460.32879638671875,2894969.0
2018-02-09,454.842006255578,456.35562358088777,446.0630442455555,450.4903564453125,3481551.0
2018-02-12,452.57146360522125,457.7934605082046,443.60330174131843,446.7818603515625,2343988.0
2018-02-14,445.3818839721181,465.13457096972405,445.3818839721181,462.7884826660156,5004415.0
2018-02-15,465.4372249437416,468.1617170520082,457.1123314894633,458.361083984375,1676641.0
2018-02-16,461.65318430455847,464.45338498872525,439.8571087757775,442.24102783203125,2887255.0
2018-02-19,445.5710787938314,445.5710787938314,426.5752007479291,433.235107421875,3170119.0
2018-02-20,435.1649163615352,440.6139471613174,430.6240650603713,434.5594787597656,2273116.0
2018-02-21,439.7435644709477,452.57147763218467,428.76984135110376,450.4524230957031,5590807.0
2018-02-22,448.0306735603512,458.9665666381747,448.0306735603512,456.0528259277344,4421727.0
2018-02-23,459.38283180137336,472.9675557528317,457.86921456314803,470.3187255859375,3490526.0
2018-02-26,470.7349903297473,474.85960679851553,462.44792619729157,463.5074768066406,2923731.0
2018-02-27,467.7077219196039,467.93475526467364,455.9393572488481,462.0694885253906,1905663.0
2018-02-28,461.80462314334306,465.4372952336093,456.99886075382074,463.6588134765625,2113430.0
2018-03-01,463.2046800947758,466.11842083000175,458.2854243466089,463.0911865234375,2226114.0
2018-03-05,460.51799535809647,480.4977592374208,459.04220947065875,477.4326477050781,4765322.0
2018-03-06,478.22737061694335,479.74098780998077,465.4372868590048,467.1401062011719,2424505.0
2018-03-07,469.06995752573835,474.10275315478793,459.0422436509003,460.93426513671875,1787149.0
2018-03-08,465.43721556255724,466.7616304035889,456.355513795483,459.53411865234375,1858046.0
2018-03-09,461.4261637880326,471.56737023880316,459.00436728614255,468.6158447265625,2095483.0
2018-03-12,470.0916281277041,481.6329579951705,466.7238209935664,468.8807067871094,4336200.0
2018-03-13,469.2213939181129,472.96760622084656,464.37779976218326,468.578125,2306960.0
2018-03-14,467.3293136891995,484.9251137592787,467.3293136891995,483.6763610839844,3825750.0
2018-03-15,485.6440138972844,493.40130086588925,474.55675111904543,478.1894226074219,5855371.0
2018-03-16,480.3464050292969,483.6006726176023,474.5189698454407,480.3464050292969,3741772.0
2018-03-19,480.459881209517,482.3897799322957,460.139590469029,461.5775451660156,1731324.0
2018-03-20,457.8691386160958,480.8004267331947,456.4311840015233,479.3625183105469,3320421.0
2018-03-21,480.5734993601475,481.97357690513144,470.16738027951436,473.648681640625,2428150.0
2018-03-22,474.5189564915606,477.5461906637555,466.57246678954874,468.5023193359375,1785067.0
2018-03-23,459.7612244817029,473.00537498117586,457.6800008317858,471.7566223144531,3153066.0
2018-03-26,471.4917316255558,475.7298410735085,466.95088027763717,469.5240478515625,1552991.0
2018-03-27,473.00535246831794,476.4866533857132,468.4645010846221,470.4700622558594,1135697.0
2018-03-28,470.1295365403663,485.11433837825,466.68606646577166,483.3736877441406,5534298.0
2018-04-02,483.37362797597876,489.27672540136837,479.89228094628794,484.5845031738281,2095519.0
2018-04-03,481.70859387270264,482.84380658410726,464.3019989644981,466.15618896484375,3851192.0
2018-04-04,467.7077590755192,470.73499376209213,456.5448311687815,458.85308837890625,2670676.0
2018-04-05,466.34542666311,469.7888962453713,457.52858878841965,467.2157287597656,2809480.0
2018-04-06,466.1941425404861,470.7349945782181,464.52915422159725,467.859130859375,1160620.0
2018-04-09,469.97812164783113,471.11333450205296,464.11285523435174,465.32373046875,1427650.0
2018-04-10,469.90244398236325,476.4109789914161,462.78842518387756,474.10272216796875,2085181.0
2018-04-11,473.7999531729774,481.93564456491436,469.7132149796246,479.32464599609375,2139871.0
2018-04-12,481.63298408138456,495.70960476276184,479.85445625753664,494.04461669921875,3614281.0
2018-04-13,493.85540930074234,509.97542215243936,485.1899421782513,508.2347717285156,5653116.0
2018-04-16,498.05571263940993,516.748893977127,497.60164596397163,506.0779113769531,3931095.0
2018-04-17,507.8186613783534,508.95387448128565,500.7425181801849,505.7752685546875,1576573.0
2018-04-18,506.2670495076496,510.08892315043636,495.104124260663,497.0718078613281,1676060.0
2018-04-19,501.726349084829,506.4942347722013,496.4286880562068,503.4291687011719,2662071.0
2018-04-20,504.791263686513,534.3067948465939,504.791263686513,530.1443481445312,5490181.0
2018-04-23,525.6413087280005,552.0917737477185,522.6519060608243,531.279541015625,6998046.0
2018-04-24,525.9818917715367,529.5767320390399,514.6297646109999,516.6731567382812,2728320.0
2018-04-25,519.0949844103693,529.7281349202958,512.3593700787962,519.473388671875,4560558.0
2018-04-26,515.3867074062292,527.4956461999144,515.1218428468916,523.0304565429688,2852323.0
2018-04-27,526.0197648732776,526.6252024650329,505.88867624786855,507.44012451171875,3756249.0
2018-04-30,510.84575356940996,517.7705700390104,505.6237562783743,507.5157775878906,2639069.0
2018-05-02,510.08905264831594,510.08905264831594,496.08809200440817,501.423583984375,1745715.0
2018-05-03,501.42354748046745,504.7913551150489,488.82271153345994,494.158203125,2284475.0
2018-05-04,494.1580641217582,503.7316628623451,481.6707252664466,501.4991149902344,3162498.0
2018-05-07,508.3860925520029,511.2241243302984,495.1041130679646,497.5259094238281,2770174.0
2018-05-08,501.76406690615505,504.33723444398345,492.72019552670076,494.4608459472656,1771130.0
2018-05-09,494.19597147425145,503.8452802587793,490.63896213490284,495.0284423828125,2193797.0
2018-05-10,496.9583269360078,508.4996567220481,496.9583269360078,502.2181091308594,3927593.0
2018-05-11,501.76421413013526,508.38629086262193,495.1043061975655,504.3752136230469,2880596.0
2018-05-14,500.70451253174105,507.0617227565041,498.16922239472956,504.9804992675781,1436196.0
2018-05-15,502.9749819100154,514.6298529386336,501.9911399589602,507.5537109375,2427422.0
2018-05-16,507.8185188118841,513.6459536759795,506.3049017662451,509.1051025390625,1690858.0
2018-05-17,513.8729376362126,515.3865545364665,504.26146108121566,511.4511413574219,2022339.0
2018-05-18,514.4784901714323,527.8740119716808,508.0077857146821,524.4305419921875,4304706.0
2018-05-21,523.7115677989423,526.6631399092643,513.3054492191222,518.6787719726562,2342450.0
2018-05-22,517.3542878539016,522.5762851394517,510.8457530327732,519.473388671875,1797801.0
2018-05-23,519.9274020761842,535.2906042819724,517.0893704054627,527.8360595703125,3516538.0
2018-05-24,530.485052419893,541.7993514015765,526.6253004444765,538.3558349609375,5914361.0
2018-05-25,541.0802408132804,543.9182726594318,526.7387106456777,531.84716796875,3547180.0
2018-05-28,540.3234732539918,540.3234732539918,501.27212437740167,511.03497314453125,8983562.0
2018-05-29,511.6403784467486,519.5490365296121,509.5213238799146,513.0026245117188,2684315.0
2018-05-30,513.116099391256,523.1438107731647,513.116099391256,520.1165771484375,3744400.0
2018-05-31,519.1706033565524,543.237103136737,516.4839425629898,539.1124877929688,7789699.0
2018-06-01,538.8477691070109,546.0374514195341,528.4038187756271,530.6364135742188,4585884.0
2018-06-04,528.2523978128734,542.6317610771207,526.2847139482224,528.4794311523438,2864750.0
2018-06-05,532.0363900087734,540.9667213139209,527.760403390396,530.7119750976562,3710175.0
2018-06-06,533.5499282136565,534.685140826877,517.8839849128291,523.522216796875,2793493.0
2018-06-07,525.6035521444703,532.7175711830246,516.9002535848426,531.1660766601562,3166739.0
2018-06-08,533.5500319485949,545.8860021722832,532.4148191146618,535.0258178710938,4572713.0
2018-06-11,536.5772814709421,546.3401305978905,533.9284514495764,540.5126953125,4023019.0
2018-06-12,541.1938056534875,543.8805131085877,534.5338992823837,536.6529541015625,2200939.0
2018-06-13,541.1182016193557,541.1938640099407,534.6096655032258,540.2100219726562,2429450.0
2018-06-14,538.0909234310109,543.3129213334854,522.1979425701793,528.8578491210938,4483300.0
2018-06-15,531.6580885195741,538.847770855426,526.1333944893591,535.2529296875,3273882.0
2018-06-18,538.0908171873559,540.47478232255,530.7875970427134,537.750244140625,1693522.0
2018-06-19,536.5395672570083,538.8478246833454,525.6036716890216,526.5496826171875,2008178.0
2018-06-20,529.6904471335222,530.1445138934862,520.9114381747265,522.6142578125,2117024.0
2018-06-21,525.754949572579,531.8472496327248,516.2948419661627,518.6409301757812,2599578.0
2018-06-22,519.1707760344096,524.3170660336809,514.2515194101769,523.068359375,1604665.0
2018-06-25,524.4304983034357,529.6903270078753,522.9547123803299,526.852294921875,1850829.0
2018-06-26,525.981939325276,529.6903196764268,516.2569679886229,520.5707397460938,1687463.0
2018-06-27,523.711545928859,542.5560983559616,522.1979287440935,540.550537109375,5570107.0
2018-06-28,541.9127898430679,546.2266081098242,498.92607051804856,502.7101135253906,8192199.0
2018-06-29,510.01332919231817,511.4512378035576,479.93018762688865,496.0502014160156,10890801.0
2018-07-02,497.9421791486668,506.6833083895941,484.35745686234543,497.37457275390625,4422723.0
2018-07-03,499.45580188915574,504.18585523269286,495.1798151898273,500.13690185546875,3506534.0
2018-07-04,503.54256175345165,503.58043913535823,493.4391858572264,495.3312072753906,2070241.0
2018-07-05,501.0072825939426,501.80192236873427,488.1415366663036,489.3902893066406,2864186.0
2018-07-06,491.6984359561116,492.7201088385386,479.0597262002795,480.4976806640625,5193752.0
2018-07-09,484.35748468219913,490.6768177633905,482.0870589727513,487.27117919921875,1990065.0
2018-07-10,491.16871866408655,500.25042070410046,488.36851796336384,492.4931335449219,3496172.0
2018-07-11,495.7096514168942,506.91040987464504,492.7202480974439,495.2555847167969,5529491.0
2018-07-12,498.96392881823397,502.5209386767726,488.14157446764807,490.1849670410156,3416881.0
2018-07-13,489.6551812093407,495.7096502196571,480.9518820070108,485.15216064453125,3194276.0
2018-07-16,487.3469104645031,500.6667234367244,482.99526098542833,497.4502868652344,2856991.0
2018-07-17,494.9527843799067,503.2020159296761,487.8009344497932,489.5037536621094,2658597.0
2018-07-18,491.92550575461524,495.6338857363039,484.35742105069806,489.12530517578125,2568607.0
2018-07-19,489.12526538417376,495.67167659726385,484.3573816469703,486.0223693847656,1610766.0
2018-07-20,487.46035396864033,500.81804295257064,487.0062873290203,499.077392578125,2868824.0
2018-07-23,497.9800981437426,500.21269292851866,483.97913793757357,490.8282470703125,3696991.0
2018-07-24,494.68801125597764,495.6340221042512,483.6764080285248,485.4927673339844,3855335.0
2018-07-25,487.3847435595267,489.0119005435245,474.6703681833167,477.81109619140625,2269581.0
2018-07-26,482.957957732055,491.1620323490326,473.97991202896833,489.18841552734375,3542338.0
2018-07-27,489.8463772653557,502.8103944919166,482.6871438715833,499.2887878417969,3040306.0
2018-07-30,501.5333435206031,509.85353401882304,500.21758301717995,507.2994384765625,3393232.0
2018-07-31,511.5949291911495,530.09285853726,511.5949291911495,526.880859375,9680690.0
2018-08-01,529.7057533330649,532.1050444559268,520.5728580512153,527.151611328125,2887901.0
2018-08-02,525.3715896987494,528.8931488662357,515.8517543182602,517.7866821289062,1958340.0
2018-08-03,520.1086353027159,522.3918597418906,506.75763238757924,512.9494018554688,2862463.0
2018-08-06,512.9494063276378,520.8439219159159,512.9494063276378,516.316162109375,2226904.0
2018-08-07,518.5606914136622,522.2370545244307,504.6292101518026,509.853515625,2689721.0
2018-08-08,510.82093635524086,516.1613559492794,503.4682107561881,506.0997314453125,2074919.0
2018-08-09,506.95116578374115,509.6600651428909,498.3601038547914,500.1402282714844,2146227.0
2018-08-10,502.19114318163645,502.92642519479324,490.7750691419634,499.9466552734375,3135726.0
2018-08-13,502.3072637522392,516.7805333421426,500.75932149106126,510.7822570800781,5306724.0
2018-08-14,513.1429354844416,524.3655185380229,511.20800737175523,520.7278442382812,5529769.0
2018-08-16,522.4304442052066,526.8420885152725,514.110255649346,517.5157470703125,3624795.0
2018-08-17,515.4647659767306,534.040072858775,510.35657547994776,532.2599487304688,3955484.0
2018-08-20,530.1701451988147,539.8447828849245,524.9458408483155,532.453369140625,3577624.0
2018-08-21,537.9099718570637,555.0147160951551,537.4456080433278,549.05517578125,7918861.0
2018-08-23,549.5196689175716,571.1908671284054,548.745697552899,562.4063110351562,11534012.0
2018-08-24,564.6120184344777,570.4168027227006,551.5318856092333,556.1370239257812,3625878.0
2018-08-27,557.2591869715355,574.2865510178881,557.2591869715355,571.1519775390625,2968641.0
2018-08-28,573.435253180077,579.6270224799479,568.288326053779,569.7201538085938,3782709.0
2018-08-29,571.1908260035606,573.7062327576414,559.1555815973124,568.4432373046875,3627848.0
2018-08-30,568.4431605805727,570.4167777041141,557.4527600290206,566.4695434570312,4304298.0
2018-08-31,568.0948778687141,594.9903778768038,565.9664570047646,592.7071533203125,7276056.0
2018-09-03,594.409807534422,600.9885619146859,573.8995732900703,577.111572265625,3610990.0
2018-09-04,581.4071893680841,593.5585469586094,578.4661081827259,591.2366333007812,4488658.0
2018-09-05,592.0105633868748,603.1944089367917,586.0896650750179,592.97802734375,6093648.0
2018-09-06,593.6359350719172,603.6975610900853,585.3157443261243,599.8663940429688,3982477.0
2018-09-07,599.8276322003521,599.8276322003521,591.4687533543532,597.6605224609375,2059329.0
2018-09-10,599.0536349472369,601.0659409233738,587.1731973876668,593.0553588867188,2820247.0
2018-09-11,597.5056921898772,598.898830728959,571.5389711028309,578.3112182617188,3817364.0
2018-09-12,580.4783158124701,581.9488797749735,563.9153156388425,572.5838012695312,3934021.0
2018-09-14,572.6611888268154,589.6111261832303,558.4587919627623,588.5662841796875,3591403.0
2018-09-17,587.8310653722277,598.0861827075563,584.3481953338143,594.0615234375,2233000.0
2018-09-18,595.8417245001974,595.8417245001974,580.4784146872564,584.1160888671875,2206998.0
2018-09-19,585.8962520474859,597.505821110514,581.4072281243398,595.919189453125,2025718.0
2018-09-21,592.0878377825196,595.4545928662902,536.3619236382825,571.2293090820312,4434535.0
2018-09-24,572.7385473901086,591.3138516297877,570.842308967753,581.6005249023438,2811682.0
2018-09-25,581.6006304016714,598.0475173472671,576.6858852530822,587.2506103515625,2812964.0
2018-09-26,587.0957861804656,594.5259373084365,572.0033492748523,579.5882568359375,3224771.0
2018-09-27,579.5882522585416,587.4053888864578,570.5715170862221,577.421142578125,3479414.0
2018-09-28,571.1906394421214,585.1221184529049,561.1290157121111,576.9954223632812,2971384.0
2018-10-01,579.7043049734472,590.9268849762709,574.0543258681901,587.8696899414062,2233369.0
2018-10-03,591.3139640524381,604.3166700444445,576.144148268339,580.594482421875,5236214.0
2018-10-04,574.712345395944,574.9832636786056,551.8415042807279,557.1431884765625,6561009.0
2018-10-05,555.7113406993527,560.2777898320792,538.2969881008354,553.00244140625,4769105.0
2018-10-08,553.0024592362639,556.7949372646674,529.1254650215653,537.8326416015625,2643927.0
2018-10-09,537.9099421459299,545.649653543713,534.581875692773,538.7612915039062,2729413.0
2018-10-10,535.665374754802,552.6153605931435,534.8527145547602,541.2379760742188,3409416.0
2018-10-11,526.3004358425252,543.3664919980573,524.4816223497337,538.25830078125,3611423.0
2018-10-12,535.626751591903,543.7534490717352,532.492177726144,536.981201171875,2727205.0
2018-10-15,536.7489852592032,549.0551452733987,527.4226424758409,537.5616455078125,4146878.0
2018-10-16,537.9099858422559,563.1414281528882,537.5616893531724,556.2531127929688,2889306.0
2018-10-17,558.0331647503632,568.8687601824091,555.4016441068018,557.6461791992188,3320857.0
2018-10-19,549.5196211508555,550.7192672139269,532.8018600228947,534.6593627929688,2049802.0
2018-10-22,532.4921673728269,534.0401097198409,514.4199593672187,523.6301879882812,3293136.0
2018-10-23,523.2045144003694,529.318905579823,515.4648026488846,517.2062377929688,1656193.0
2018-10-24,517.0128257959399,522.4306248686519,499.9854572817024,516.5484619140625,3180852.0
2018-10-25,511.4014367880442,515.5808998891295,502.3459648953262,504.1648254394531,2142283.0
2018-10-26,507.6865104783336,508.4217927000333,495.6512655760112,505.6354675292969,1397821.0
2018-10-29,513.1428266761443,517.8253422680601,498.437376137914,514.1102905273438,1942428.0
2018-10-30,509.27302021492284,535.9363359643389,509.19564199516884,530.2476196289062,3825436.0
2018-10-31,537.9098770288097,579.5495098602734,520.4568393874903,575.757080078125,13010741.0
2018-11-01,578.1564574846996,578.1564574846996,552.6927873824311,557.801025390625,3999401.0
2018-11-02,558.4975074534044,563.3348266602814,532.1051127564621,534.7366333007812,4445407.0
2018-11-05,535.5879568039192,548.5132825503995,534.1173929400386,538.9547119140625,2782174.0
2018-11-06,538.954784111064,545.2626677939562,535.2784211983297,537.5616455078125,1752227.0
2018-11-07,541.005816656956,541.005816656956,536.3619899045357,539.6513671875,111376.0
2018-11-09,544.8758213358086,550.2936206956816,538.838854354128,547.3525390625,2573761.0
2018-11-12,547.3524413478433,566.0438174588998,536.4394190989264,560.7808227539062,4696550.0
2018-11-13,557.2204772971871,572.2354876038103,555.7112242736247,563.4896240234375,4401141.0
2018-11-14,561.1290514618105,563.3735865634367,535.6653831962474,541.9732666015625,3367710.0
2018-11-15,543.3277047349927,558.7297483091564,539.7287202736619,553.3119506835938,4485617.0
2018-11-16,553.1572419965312,566.7791166125111,550.2935390262813,563.4510498046875,2874046.0
2018-11-19,564.998856450026,568.6752188721323,560.5485229916867,566.9724731445312,2212804.0
2018-11-20,566.933823899344,566.933823899344,544.9143369225314,549.2872924804688,2667937.0
2018-11-21,549.2872916624583,549.3646698756293,529.5897179869224,534.5431518554688,3108345.0
2018-11-22,543.8696401277597,549.5196211508555,530.518635247686,534.6593627929688,4031353.0
2018-11-26,532.4921368790497,540.8123265177849,519.3346276829104,537.52294921875,2993915.0
2018-11-27,538.4517209909066,548.2037382679632,530.2089096157063,537.2520751953125,2560757.0
2018-11-28,542.5538701976927,546.3463483858707,535.588128640233,539.844970703125,2767316.0
2018-11-29,546.4236924715909,546.4236924715909,530.3637893288352,532.105224609375,2351937.0
2018-11-30,533.1112053630906,549.442021500761,531.6793779356955,546.3848266601562,3292579.0
2018-12-03,547.0427436786533,555.440358144877,544.643452253701,551.6091918945312,2410009.0
2018-12-04,551.6092675588262,560.9356107982333,545.3013835674876,560.0068359375,2896702.0
2018-12-05,550.3322380373529,572.661336544797,550.3322380373529,562.5609741210938,4864922.0
2018-12-06,560.3551152174381,560.3551152174381,534.5044597909088,538.9935302734375,3467903.0
2018-12-07,540.2318595691169,544.8369973328181,530.2863492450356,537.3294677734375,2423892.0
2018-12-10,531.718201962388,545.6496832365117,526.3390928003221,532.414794921875,2334813.0
2018-12-11,534.040173651299,548.6682494775305,530.1703173204925,538.1422119140625,3495336.0
2018-12-12,541.7798054662788,550.4482918016294,534.465768644594,545.9205322265625,2355119.0
2018-12-13,546.4237483468748,551.8415475514473,539.5353847481344,548.9778442382812,2593714.0
2018-12-14,548.8616873614221,554.7825386112953,545.7270662556307,551.2222900390625,1982037.0
2018-12-17,551.4544440292989,559.194155524447,550.6804728797841,557.0657348632812,1435014.0
2018-12-18,553.3894328775124,554.5890788435515,545.0305529896311,548.74560546875,1905592.0
2018-12-19,548.7455145892906,552.6540592298015,535.510627561971,549.0938110351562,2702676.0
2018-12-20,543.3278631805237,554.9374329066032,543.3278631805237,547.7781982421875,1817880.0
2018-12-21,549.5196307309445,552.2285303190549,536.3621184458375,538.4905395507812,2063928.0
2018-12-24,541.0058293425957,545.5722779853302,534.504452840982,540.1544799804688,1472565.0
2018-12-26,538.606580401804,540.1545228116503,530.9442465772834,536.7877197265625,1881689.0
2018-12-27,543.327792614445,552.2284615817756,538.8000799051063,548.668212890625,3018106.0
2018-12-28,549.5195327887013,556.0209095371933,549.5195327887013,552.6154174804688,1863654.0
2018-12-31,557.2591767955847,562.2512997022677,553.466699613281,559.6972045898438,1814655.0
2019-01-01,553.3893593252063,558.3814825740018,553.3893593252063,556.5626220703125,815535.0
2019-01-02,556.6013019241295,564.7666870892548,548.9389696000258,551.1060791015625,2576769.0
2019-01-03,553.4281357941479,554.1634179334313,530.3638018699495,535.0076293945312,3558015.0
2019-01-04,537.4841521714054,539.4964578073904,520.4954798496157,527.151611328125,3926171.0
2019-01-07,530.1702965198864,534.6980093535077,528.2740575442965,532.105224609375,1885000.0
2019-01-08,532.4921225406551,535.8976143131476,530.3250128851815,533.9239501953125,1300906.0
2019-01-09,537.2908552568297,542.8634577468189,529.3963389992997,536.9038696289062,2183998.0
2019-01-10,537.9099419684877,539.4191951384474,533.3822296980579,537.5616455078125,1454656.0
2019-01-11,537.1361062137402,542.7473983896042,531.7183068715267,541.1607666015625,1849817.0
2019-01-14,544.1017160768502,544.1790942957326,523.9010880457371,526.1842651367188,1558602.0
2019-01-15,528.5836080590972,550.1386857609042,527.8870151260521,546.6171264648438,2491520.0
2019-01-16,545.6497492579246,545.6497492579246,539.4579790535793,541.7025146484375,1922647.0
2019-01-17,541.392801527994,548.8229054265945,538.683902592543,546.0753173828125,1434040.0
2019-01-18,545.6496342882698,552.7701779708432,543.5985919444568,548.8616333007812,1888004.0
2019-01-21,549.790389518231,558.3428085485816,548.7455473576882,552.5380249023438,2586962.0
2019-01-22,552.615520995555,557.2593489030806,543.1730614690274,552.7703247070312,2839669.0
2019-01-23,552.6154091620823,561.8256848772306,550.2934956782079,557.801025390625,1965283.0
2019-01-24,560.355054776065,564.998881196861,554.5502717500698,563.2574462890625,1849102.0
2019-01-25,566.5468349915925,569.0235519148548,560.3550663031598,564.2636108398438,2528541.0
2019-01-28,566.7016391276039,571.1906619825586,558.1492680674887,568.98486328125,1804582.0
2019-01-29,569.02361489261,574.5962167768469,558.342822170836,566.159912109375,3100457.0
2019-01-30,566.5468900511326,567.6304685726938,550.8739740353737,553.0797729492188,2139900.0
2019-01-31,555.7113248189335,570.1845957906598,555.7113248189335,566.4695434570312,3253640.0
2019-02-01,567.2823043919152,580.9428702303269,563.4511368023038,577.8469848632812,2260029.0
2019-02-04,579.7045030851207,582.2199098074527,570.1072400795166,579.8206176757812,1518373.0
2019-02-05,582.0264126997337,588.2181830476032,572.8935608845179,581.25244140625,2446263.0
2019-02-06,606.7932763606661,630.3993923415339,599.0535662030046,627.9613647460938,14860848.0
2019-02-07,626.1426987547312,631.7153008244192,617.7063938065068,623.0468139648438,4966655.0
2019-02-08,619.1768213241709,633.1082998039647,619.1768213241709,623.4723510742188,5242725.0
2019-02-11,626.1427851606301,629.9352634473745,622.2729286392417,626.452392578125,2541742.0
2019-02-12,626.8393272635908,630.7091834703313,616.4294046195681,623.1629638671875,2416559.0
2019-02-14,623.6657996568092,628.2709363871157,619.4863847525634,623.7432250976562,2464657.0
2019-02-15,622.8919900886501,622.8919900886501,601.5690937372963,618.9060668945312,4312334.0
2019-02-18,630.7865258503957,636.2043242319328,619.5639434886401,621.84716796875,3851335.0
2019-02-19,624.5947200808904,626.1426623859236,610.5471247669342,612.211181640625,2372030.0
2019-02-20,614.5716519163934,631.7538172515518,607.7607166882464,628.7740478515625,3340240.0
2019-02-21,630.0125574819289,650.1358087037104,626.2200797020427,635.1594848632812,14193982.0
2019-02-22,638.4488824817643,642.2026240277232,633.1858403595123,639.3002319335938,4789937.0
2019-02-25,642.5509344502976,644.640666251244,636.5913464399895,642.8992309570312,2881535.0
2019-02-26,638.5263041897599,648.8975382081404,635.1208116716314,644.9502563476562,3319590.0
2019-02-27,647.3494654615537,648.5491112529955,635.1206839400342,638.9905395507812,3703224.0
2019-02-28,644.7180060433001,648.8974693960246,638.526236477458,642.51220703125,6409662.0
2019-03-01,643.170139059338,647.4269811349413,641.6995747192553,643.789306640625,3820707.0
2019-03-05,636.5912652663243,638.2940112292123,625.4073727994697,626.9166259765625,4927644.0
2019-03-06,628.4645131568913,642.16381063788,628.4645131568913,637.4038696289062,3999053.0
2019-03-07,637.4039442143248,638.8745083252813,624.0142524924545,625.5621948242188,2306250.0
2019-03-08,627.0713264216278,629.6254213257678,621.1891183581399,627.9613647460938,1437045.0
2019-03-11,628.4645565081253,630.3221061127957,621.498816349784,624.7108154296875,2699806.0
2019-03-12,627.6907068723522,629.8191278882572,620.0671086748029,622.814697265625,2793702.0
2019-03-13,626.0653232745736,631.5604999049259,609.8893062807373,611.3985595703125,4815576.0
2019-03-14,613.0625151178982,615.307050297783,599.8276276487821,610.237548828125,3112666.0
2019-03-15,614.5331548120529,624.9817663863132,609.115356217992,618.6351928710938,3854238.0
2019-03-18,623.0080322005516,623.5885105123281,605.4388791828935,610.3535766601562,3379301.0
2019-03-19,614.1461690753272,617.2033648721123,606.2129639927537,615.0362548828125,2413153.0
2019-03-20,616.855018684169,623.9755628521274,609.3474889335981,611.3211059570312,3331375.0
2019-03-22,614.9200605437796,617.6289594889065,606.1741962545458,610.4697265625,2815749.0
2019-03-25,612.9850517971747,615.6552612813009,608.6508329529717,611.1275024414062,1861646.0
2019-03-26,611.592080064478,612.9078406134172,594.5260237605395,596.538330078125,3169827.0
2019-03-27,596.7317099793257,598.2796521582604,589.4563628425541,592.0491943359375,3893738.0
2019-03-28,595.9577382366147,605.2453913000425,594.4484851659184,597.2734985351562,3908706.0
2019-04-01,605.9033032349536,615.1522680375889,602.9235331670711,607.954345703125,3433947.0
2019-04-02,612.1724783566996,614.5330808693279,607.6060297668027,613.3334350585938,2596840.0
2019-04-03,613.3334947805001,614.0300405257917,600.7951517312614,601.9174194335938,1467406.0
2019-04-04,602.0720721074002,605.0518416225564,593.8292618930686,599.4405517578125,1751584.0
2019-04-05,602.9236025167608,609.1927507331552,599.4407318988848,601.5691528320312,1367411.0
2019-04-08,603.4653504592806,611.4372443234554,598.5893413764904,609.2314453125,1368825.0
2019-04-09,611.7080885250124,617.39680490505,609.3474859306004,611.0502319335938,2128462.0
2019-04-10,608.3799881246065,618.3642344469937,608.341299016579,611.6306762695312,2497013.0
2019-04-11,611.746837365529,615.8875642678419,602.6139396828454,604.4328002929688,1854222.0
2019-04-12,602.9235586617543,608.6122280280579,599.4793774089283,607.8382568359375,3162714.0
2019-04-15,607.8381798168328,618.7125114798006,607.5673088296937,617.009765625,3317405.0
2019-04-16,618.4030139024951,622.8146593694653,615.4232435573202,617.7064208984375,1868910.0
2019-04-18,622.2727060168228,626.1425611537434,617.7062580594795,619.4476928710938,6307643.0
2019-04-22,619.718628880889,627.535717586302,618.248064990828,623.3175659179688,1833972.0
2019-04-23,624.2078247228359,625.330092504079,619.2157006196906,623.0081787109375,1214892.0
2019-04-24,624.5946822817272,634.6563066555344,623.8207111760496,633.6888427734375,2710117.0
2019-04-25,634.6562864790646,640.0740840465688,629.5867853459321,631.9473876953125,5447101.0
2019-04-26,631.9473871021983,639.9579688879971,631.9473871021983,637.1716918945312,1996703.0
2019-04-30,639.2614698408829,648.5878125907478,637.0556237574955,647.1172485351562,2783771.0
2019-05-02,646.1885222787463,655.166568587473,641.6994518849335,647.8138427734375,3241791.0
2019-05-03,642.3960606564287,645.8402417548263,629.2385509803332,632.64404296875,2329144.0
2019-05-06,626.9166348275231,638.913187716198,626.9166348275231,634.7724609375,1247845.0
2019-05-07,636.2043557215559,637.9844801157082,626.6845189706937,630.5156860351562,1810222.0
2019-05-08,629.2385318302187,630.0898811816878,618.8672997406815,620.95703125,1270071.0
2019-05-09,619.9508827010851,630.5929858685506,618.5577440979613,626.645751953125,2024710.0
2019-05-10,627.2262871457381,629.5482007745015,619.48657504986,625.6783447265625,1429055.0
2019-05-13,628.1550657256201,639.0680890091195,626.2975630157075,632.5667114257812,3719275.0
2019-05-14,633.7275614393792,633.7275614393792,608.8056812262596,611.4758911132812,2701861.0
2019-05-15,612.2110396172463,617.9384437129811,607.992888366686,611.6692504882812,1662095.0
2019-05-16,610.3923400411541,615.1135449569348,604.7423130980566,610.93408203125,1233818.0
2019-05-17,613.7591166236955,613.7591166236955,601.0272818687944,607.4512329101562,1608854.0
2019-05-20,611.4372704867384,611.4372704867384,590.5400473182043,603.1944580078125,3754370.0
2019-05-21,603.6974680575046,607.4125199515073,594.487192918284,598.318359375,1669926.0
2019-05-22,586.670094141203,593.9067050346329,575.9893024028805,580.4396362304688,5888740.0
2019-05-23,588.2181765867889,589.263018925732,573.1644256459853,575.2928466796875,3764857.0
2019-05-24,580.4008808032853,580.4008808032853,566.585469895213,569.5265502929688,3591853.0
2019-05-27,570.4166425190888,571.1906135401459,556.8721496505893,561.941650390625,3672605.0
2019-05-28,562.6770110551336,577.9629408602765,562.6770110551336,570.5328369140625,5583587.0
2019-05-29,570.3780549193102,579.1239195657644,567.8239595431883,571.8485717773438,2058402.0
2019-05-30,573.8996482797221,577.3825187008397,567.2822039274891,568.8688354492188,3367426.0
2019-05-31,572.7387178274037,591.1592238988263,571.3068899286174,588.489013671875,5503111.0
2019-06-03,591.2365907903791,591.2365907903791,579.7044015565576,586.3605346679688,2826290.0
2019-06-04,585.3543668087732,590.3078010265716,578.0016409401519,579.16259765625,2332547.0
2019-06-06,579.1625667385414,579.9365378412895,568.0174112026365,571.190673828125,3225967.0
2019-06-07,571.2680839974206,582.5680910732958,564.5345728184199,581.058837890625,1569343.0
2019-06-10,584.6965642668277,595.4547358198834,583.6129856692173,594.564697265625,2539412.0
2019-06-11,595.9577746586124,596.5382530105526,587.6375849474693,589.8433837890625,2069998.0
2019-06-12,589.7660708840154,591.5461952458794,575.2927995915956,578.8917846679688,3056823.0
2019-06-13,575.8344870216828,582.568044906519,571.5776460557967,575.911865234375,2385606.0
2019-06-14,575.8345206433637,577.8855630333703,569.10096236537,572.93212890625,1348083.0
2019-06-17,572.7386302287068,575.1766581585678,568.1334926053296,570.0684204101562,1333739.0
2019-06-18,571.113327119826,576.14413956522,569.6814521570824,573.9382934570312,1645116.0
2019-06-19,574.2867485834383,576.0668732618826,564.6507957125488,569.3333129882812,1945921.0
2019-06-20,558.8070997124605,565.7728391825605,555.5951009499146,561.5546875,4139025.0
2019-06-21,564.2250556463061,575.8346246925265,562.2901274719361,573.0870361328125,7280809.0
2019-06-24,571.190750514933,571.190750514933,562.6770672416752,563.64453125,1242655.0
2019-06-25,562.6770189800088,563.567104687105,557.259220998083,560.6259765625,1451025.0
2019-06-26,558.265474868342,565.656891145142,554.473043939662,555.7887573242188,2781711.0
2019-06-27,553.7764244311393,556.4853237819555,535.317229179217,543.2891235351562,8567309.0
2019-06-28,547.1202296268771,553.3893771010529,544.9530725963195,546.8880004882812,3421172.0
2019-07-01,549.2874519445741,550.4484089175838,543.5987344331502,545.37890625,2073961.0
2019-07-02,543.3664788947507,551.8414730977898,541.9733401637129,550.796630859375,2432132.0
2019-07-03,551.8415644466329,552.1898609969109,540.6189800364278,542.6312866210938,2040614.0
2019-07-04,542.8633553043923,547.0040818460043,539.4578635255253,542.244140625,2838357.0
2019-07-05,542.1666671147298,544.1015945491149,524.9845020495014,527.151611328125,2813644.0
2019-07-08,526.3004180372327,530.7507524544593,515.0778355937917,526.5712890625,2293102.0
2019-07-09,527.0743088326419,529.3962220874113,517.4770484838169,523.1270751953125,2180104.0
2019-07-10,519.3733719695285,530.0154761264312,517.0127692226155,522.314453125,2468773.0
2019-07-11,523.7462876466222,523.7462876466222,509.58262502263875,515.2326049804688,3449721.0
2019-07-12,514.6908300680562,520.8052212308107,513.142887721987,515.3099975585938,1792810.0
2019-07-15,522.4306351995739,526.8422811224845,515.3487788044179,524.6751708984375,1883164.0
2019-07-16,526.3004063743114,527.5387413758817,518.9476801087878,523.1658325195312,2015642.0
2019-07-17,523.1659079224281,538.2970373386197,520.9213722641973,534.6593627929688,3271680.0
2019-07-18,531.9891142176101,537.3295346824364,526.3778227139045,531.873046875,2984256.0
2019-07-19,531.8730691957998,535.2011362277045,514.2265335880272,522.4692993164062,2005513.0
2019-07-22,519.3346032678583,525.5263720102471,518.5606321750597,520.0698852539062,1286218.0
2019-07-23,521.0760723141099,522.8561964961085,515.2712887383864,519.4894409179688,1462269.0
2019-07-24,518.8315984050621,526.1456360225555,504.2035704095304,511.1693115234375,3060459.0
2019-07-25,512.2366713819833,520.0254180118956,507.2550646551724,515.953125,2751865.0
2019-07-26,513.7391007778458,514.7670437472684,506.8992428731321,508.8365478515625,1637706.0
2019-07-29,506.8596936966255,517.6532150592826,506.8596936966255,511.0505676269531,2524484.0
2019-07-30,510.0227047921344,514.2135793805611,500.6525395207226,506.2667236328125,2882913.0
2019-07-31,497.3709467859774,505.9108516410901,480.0934538695574,503.103759765625,9651731.0
2019-08-01,499.78279986445466,500.88984540682077,489.46374351870367,494.7221374511719,3982949.0
2019-08-02,494.207998718564,505.3573118646549,488.98918155709595,503.0246887207031,2172845.0
2019-08-05,499.07109113623903,514.806646951676,494.44527469523257,512.4344482421875,3140140.0
2019-08-06,514.0554181030155,537.5797209224103,514.0554181030155,530.2654418945312,7226321.0
2019-08-07,531.2143529615681,536.5122730479994,530.0282536106882,533.309814453125,3239880.0
2019-08-08,532.9540133934569,540.7822889782756,525.8374167754433,537.8565673828125,2708834.0
2019-08-09,536.9075806154508,538.2913630397175,521.6859739485179,524.5325927734375,3743407.0
2019-08-13,522.7534587677035,523.8605040435133,502.90608388177276,505.39691162109375,2716622.0
2019-08-14,505.3178724126814,523.8605693892243,505.1992914299473,521.1720581054688,2627043.0
2019-08-16,519.4324976768859,522.6744834888325,510.932118406833,521.093017578125,3067796.0
2019-08-19,523.4650887270107,533.2701942861108,523.0697223457969,530.0676879882812,2871173.0
2019-08-20,532.9538601974696,537.6982565790494,525.5605284745059,528.921142578125,3913608.0
2019-08-21,529.7909627506825,533.744626651807,529.2374401520253,532.0050048828125,2106655.0
2019-08-22,531.8864210029524,540.8612187042293,528.2885482626841,539.872802734375,3353812.0
2019-08-23,541.0589271762245,549.0848845314092,537.2238923390184,540.7426147460938,7015461.0
2019-08-26,545.4474354547182,547.9777898801127,529.9490930257339,546.5149536132812,1767289.0
2019-08-27,545.4870270643931,545.4870270643931,532.3213543156534,534.8121337890625,3160545.0
2019-08-28,534.5354979737336,548.3337982174218,534.5354979737336,545.763916015625,2749273.0
2019-08-29,540.9798244225731,548.7685226216424,538.4889969817558,546.5149536132812,2789979.0
2019-08-30,547.9778866464603,554.066539483922,534.4167984295005,548.4918823242188,3067856.0
2019-09-03,551.9315255722144,566.8763956412769,551.9315255722144,557.0712890625,5044667.0
2019-09-04,557.466607064994,561.2225877508929,547.3452371849662,556.0828247070312,2027768.0
2019-09-05,561.4203765705395,561.4203765705395,546.4359779940778,549.9152221679688,2019839.0
2019-09-06,566.441509729888,580.7538045846935,566.441509729888,570.7114868164062,10663234.0
2019-09-09,571.6998220228945,571.6998220228945,561.42029548583,563.7134399414062,1754023.0
2019-09-11,567.7461908971839,571.8975383932983,554.5014155524376,556.438720703125,2702792.0
2019-09-12,554.382779472929,560.7877444881988,548.7685955668,557.9015502929688,3282740.0
2019-09-13,557.6644093981924,562.4483340623998,554.3037943823225,561.0250244140625,1073430.0
2019-09-16,561.4993198491483,571.8974750644095,561.4993198491483,568.8927001953125,2500556.0
2019-09-17,569.2485667772439,569.2485667772439,552.8408610402678,558.2178344726562,2948429.0
2019-09-18,561.4203653644926,567.8252826220988,555.0154481068862,566.7578125,1666369.0
2019-09-19,565.9275679528579,565.9275679528579,553.5130512927894,556.1619873046875,1570183.0
2019-09-20,554.5409590773982,566.3228982941006,550.3896114575037,554.1851196289062,3394351.0
2019-09-23,555.8851659449209,557.4271045783494,533.823701220485,539.912353515625,2256769.0
2019-09-24,542.482276558817,558.1783530074568,540.6240736167572,556.5573120117188,3128057.0
2019-09-25,556.7153991040519,561.3807417691303,551.9314754805383,558.1782836914062,3512690.0
2019-09-26,557.8225833682517,566.164806549687,554.9363887225962,564.3461303710938,3300104.0
2019-09-27,561.4203339540842,568.2601925389489,555.1339980270271,556.9131469726562,2434719.0
2019-09-30,557.0712487852766,566.6390962088813,550.5081763016262,564.9785766601562,2136186.0
2019-10-01,565.3740413013064,565.3740413013064,553.5130474278524,557.4271850585938,1709480.0
2019-10-03,557.6643836622137,567.548545017446,547.6220660727962,555.4898681640625,2111319.0
2019-10-04,557.4667523678434,564.4251929576632,555.5294469092402,559.9575805664062,2273166.0
2019-10-07,559.9574555356878,566.7972653459564,554.0664864820458,557.3084716796875,2578403.0
2019-10-09,555.727003698667,564.5041667600344,554.9757978841243,562.2505493164062,1115851.0
2019-10-10,559.8782997800455,568.4182036108759,556.2804755113272,562.4481811523438,1507268.0
2019-10-11,554.540956404271,572.4115483631756,551.5361811273327,570.4742431640625,3785425.0
2019-10-14,570.1183374929543,576.1674625979832,567.3112457611269,569.920654296875,1871571.0
2019-10-15,572.4906487871921,576.444313488761,568.536984085623,569.7230834960938,1482881.0
2019-10-16,569.4066616163435,577.0372523293295,567.5089318817014,575.416259765625,2114943.0
2019-10-17,573.281329653894,578.0257268648228,566.1252068465773,572.767333984375,2177984.0
2019-10-18,572.846505937812,583.3632447159741,571.4627232495668,580.55615234375,2907649.0
2019-10-22,575.1791281619844,578.8164801805209,564.8204982613596,567.469482421875,2825230.0
2019-10-23,567.4694276243295,580.7142023604108,566.4414363482446,574.5464477539062,2143330.0
2019-10-24,577.234948932475,589.0959410338272,572.8068645196371,574.3487548828125,2888332.0
2019-10-25,577.946658925829,577.946658925829,554.4618836463771,570.078857421875,2785014.0
2019-10-27,571.6997911829205,583.0863623455049,568.1414937274252,574.6650390625,194159.0
2019-10-29,575.6535587114939,603.3292105726234,573.360413966569,596.8056640625,3292048.0
2019-10-30,602.5384815159113,604.7525240264605,589.5309154054876,596.5289306640625,2232609.0
2019-10-31,596.9637608153894,600.4429563166162,582.4537843993294,584.3515625,4178139.0
2019-11-01,585.853987617446,604.1198971395705,585.1423087477516,601.3128051757812,4136257.0
2019-11-04,601.3127500889768,614.8737882607901,595.7776206484413,608.4688720703125,4936914.0
2019-11-05,610.4457270575695,613.2528188701657,604.7524411941698,611.4341430664062,3303839.0
2019-11-06,619.9345472890001,619.9345472890001,606.9665093927496,610.36669921875,9486591.0
2019-11-07,612.8180110405674,612.8180110405674,604.9502088592225,608.6271362304688,2060900.0
2019-11-08,610.445758351257,615.0715262047466,609.1015028578275,609.9317626953125,2368591.0
2019-11-11,608.8247635946316,612.4225883864932,607.3223518842924,609.1806030273438,1345883.0
2019-11-13,607.282863467566,611.8691046068773,589.8867397744847,598.6243286132812,2434874.0
2019-11-14,597.7940188361895,603.7245150548025,591.7053663992465,599.6522216796875,2564424.0
2019-11-15,599.6522138170685,603.5268239340926,592.4960914596066,594.591552734375,1787358.0
2019-11-18,594.63117870352,599.612786638561,591.0728804267038,594.4730224609375,2216434.0
2019-11-19,596.2125898052138,605.7013843379227,594.6311240497623,603.4478149414062,2725437.0
2019-11-20,604.831550173328,611.2364666769737,597.7544818186817,609.9713134765625,2343750.0
2019-11-21,612.8179966238622,616.7716611182096,603.171045605153,605.029296875,2102137.0
2019-11-22,604.9106327011666,604.9106327011666,587.356353707534,596.3707275390625,1819912.0
2019-11-25,596.3708260623785,605.4642553765041,593.7218416090177,603.76416015625,1837243.0
2019-11-26,605.701367024485,607.1642035014618,598.0312486772877,603.8035888671875,2968850.0
2019-11-27,603.2105478285423,608.5084676859258,598.8615170633401,606.927001953125,1369944.0
2019-11-28,605.029200071816,610.524754229679,602.5383725339009,605.8989868164062,1096867.0
2019-11-29,605.7013403045962,610.722474408126,599.6917901757652,602.103515625,1236902.0
2019-12-02,599.4545171821493,600.8778748340658,579.05362056718,591.823974609375,4333335.0
2019-12-03,591.5077823347782,598.3476417583437,587.7518007667819,590.08447265625,1838085.0
2019-12-04,590.5983650012779,602.1430449159395,587.9493810858409,600.008056640625,1870954.0
2019-12-05,597.0033893701323,606.2945017212568,594.710244463574,604.8316650390625,2475102.0
2019-12-06,603.4873506951991,609.931794784732,597.4382247877643,598.9801635742188,1092422.0
2019-12-09,600.5220526339085,600.5220526339085,590.2820529141105,593.3263549804688,1435556.0
2019-12-10,593.0101832899193,593.0101832899193,583.0073922047793,589.0565185546875,1582428.0
2019-12-11,585.9330665110463,600.9569912933808,585.9330665110463,599.3359985351562,1644499.0
2019-12-12,601.7476659267464,605.7013299604307,595.0264370694831,598.1498413085938,1184008.0
2019-12-13,600.1267035073253,604.0803677398493,591.6658523972233,602.4197998046875,2019424.0
2019-12-16,603.0920052700935,619.9346067447124,600.166283825557,611.4737548828125,5810893.0
2019-12-17,613.2528989101028,618.3531358338681,610.9202271722946,614.6762084960938,2421510.0
2019-12-18,616.8508114605297,627.84201977674,616.8508114605297,622.0301513671875,5676894.0
2019-12-19,624.6789188196163,624.6789188196163,615.2691790918904,618.9461059570312,2099931.0
2019-12-20,619.9741159400662,622.8603103084099,615.1901915834671,619.4205932617188,2092547.0
2019-12-23,615.6646271304049,622.6231153790332,612.7784809537077,613.5692138671875,1887292.0
2019-12-24,613.6085722595625,615.1505106696723,606.9663983063946,610.4851684570312,1413973.0
2019-12-26,609.6550234292915,616.0204131783549,607.3223518842924,609.1806030273438,1276520.0
2019-12-27,609.6549367090786,617.8785764314238,608.1525252124496,616.9296875,1363474.0
2019-12-30,618.9065551757812,620.6066016914839,616.0598882166419,618.9065551757812,1055528.0
2019-12-31,616.8111426869443,617.5228215485192,600.9569588846588,602.775634765625,3004887.0
2020-01-01,605.7014928265869,606.3340695895689,601.233831962221,602.6176147460938,746371.0
2020-01-02,602.6175012709094,608.1922066176405,601.7477144184076,605.7409057617188,1133488.0
2020-01-03,605.7013234967326,616.6925286980832,603.764018488401,612.89697265625,2121704.0
2020-01-06,612.6993255772123,615.8227299671263,607.4014541262856,609.1806030273438,1734439.0
2020-01-07,608.8643313551689,615.5855609870117,601.4314228102463,614.478515625,1937143.0
2020-01-08,608.9434480342488,620.6463347375195,606.5712490964255,608.7062377929688,2596664.0
2020-01-09,609.2596605004843,613.9645306072067,602.6965875025579,611.75048828125,1678891.0
2020-01-10,615.9809118986514,618.2740565496174,610.8016212007849,613.806396484375,1105725.0
2020-01-13,616.6925779864401,623.6510175151122,612.857494650678,621.3973999023438,1393509.0
2020-01-14,621.3973917580568,630.8466589815996,619.6973450856221,629.6210327148438,1628535.0
2020-01-15,629.5418924106751,635.4723879809729,623.4927676239728,628.7511596679688,1759644.0
2020-01-16,627.0512272756404,629.1862158860794,617.6414858967653,619.0252685546875,1110008.0
2020-01-17,619.5392119020316,622.1090937637823,613.2133488577225,615.5460205078125,989312.0
2020-01-20,615.585537844659,621.0811409307121,612.4621333630171,615.3483276367188,1620105.0
2020-01-21,614.5971878262254,619.4602147930257,612.8180386816658,615.9019165039062,976954.0
2020-01-22,616.7715580482544,625.0347251130672,613.7667831871856,615.7831420898438,1192201.0
2020-01-23,614.597130867485,617.1274857355228,606.4130648659852,608.0340576171875,2018777.0
2020-01-24,604.9896668930455,623.6905175646438,603.5663574563333,622.5439453125,2364265.0
2020-01-27,621.5160812021281,629.6210937114433,616.4949464159944,625.8651123046875,1175606.0
2020-01-28,626.6557074268546,629.2255888768701,620.4088993664335,628.0394897460938,1506685.0
2020-01-29,630.1350455596437,638.2795844959529,627.486061478596,635.8678588867188,2565136.0
2020-01-30,637.0144037652461,638.8726550343375,619.9345924616123,625.7464599609375,2493688.0
2020-01-31,630.0953882705626,634.5630477246514,619.1437587145197,629.897705078125,3081521.0
2020-02-03,638.9121015285144,647.3729521294737,625.0742775473894,627.1697387695312,3383074.0
2020-02-04,628.0791606982725,642.865876237164,628.0791606982725,641.3634643554688,1779834.0
2020-02-05,640.4935866411695,645.2379835792522,638.121388172128,643.696044921875,1613898.0
2020-02-06,642.6286717151705,653.1058831982889,640.5332101135433,646.5823364257812,1553656.0
2020-02-07,646.5822917787617,652.7104716570526,643.8542536643117,651.9197387695312,1397438.0
2020-02-10,653.9360242961397,654.0150782709821,641.6796659205772,643.3797607421875,1098971.0
2020-02-11,642.8658468946954,649.8638137459268,641.3239080891258,648.3614501953125,1143705.0
2020-02-12,648.4009368580722,653.5011733919564,645.8705820861254,649.5870361328125,1394424.0
2020-02-13,650.6149861251639,656.3082723571483,643.9332838203525,654.726806640625,1737974.0
2020-02-14,653.935963392517,662.6340233650898,652.3940249266982,659.5897216796875,2143044.0
2020-02-17,661.0131010287764,661.8433608253404,654.2918721554008,658.8781127929688,793328.0
2020-02-18,652.6313568478754,664.2156127320735,652.6313568478754,663.2667236328125,1507814.0
2020-02-19,663.4249562287431,668.0507247591839,661.0922843344357,664.9273681640625,881874.0
2020-02-20,664.3341516022357,668.880864999497,653.8964694551536,655.9918823242188,1066232.0
2020-02-24,655.4779950353206,667.2994606037064,645.040311932005,648.47998046875,2917544.0
2020-02-25,649.9824084216491,653.7779164825595,639.7424082715081,650.0614624023438,2479975.0
2020-02-26,648.4010775042296,652.750109121636,639.0704375048422,641.6403198242188,2212784.0
2020-02-27,638.1213773223946,648.1636936564244,632.7444038698237,639.8214721679688,1907768.0
2020-02-28,624.5207614861696,638.9121082299887,578.8559418694841,588.6215209960938,5959364.0
2020-03-02,594.7128381721111,604.6915202407379,588.6214593975133,596.7566528320312,3784522.0
2020-03-03,601.1249437455109,607.2564377395844,594.7930747701889,602.9683837890625,2168900.0
2020-03-04,604.3309004470135,621.0421531262547,599.5219012392123,618.1968383789062,2685540.0
2020-03-05,617.1149028993533,628.3759675335904,603.0084742763859,606.0140991210938,2126955.0
2020-03-06,597.9990522592309,600.9245464446693,586.2170429351658,593.4305419921875,2004893.0
2020-03-09,573.0724650470238,585.0949643137446,558.2847811650223,564.8971557617188,3429034.0
2020-03-11,545.821516161374,572.1908865100228,533.7990158053966,567.90283203125,4626185.0
2020-03-12,541.8139801272491,553.0349797156833,510.6356117029439,520.854736328125,3796919.0
2020-03-13,483.50472751448416,537.004836195117,421.50874099325625,525.7437744140625,4553639.0
2020-03-16,508.7921928487289,508.7921928487289,473.6865024510156,483.6251220703125,6499354.0
2020-03-17,480.8999274589316,495.2868600726787,467.51486969405727,477.25311279296875,3333465.0
2020-03-18,480.89988760644695,489.91676049906783,457.37588767223144,464.5893859863281,3548257.0
2020-03-19,440.5444135463463,462.9864094189878,419.18442290683964,424.794921875,4931298.0
2020-03-20,420.86761502876595,477.25316731691385,420.86761502876595,461.9444885253906,6315992.0
2020-03-23,432.80997107970967,434.41297097259746,377.8270698616902,390.49078369140625,2912669.0
2020-03-24,390.3304282134434,427.9608560766814,390.3304282134434,403.55517578125,4082147.0
2020-03-25,407.9634658187489,435.09421897772546,406.40053116576394,422.1500244140625,3664272.0
2020-03-26,432.2889635481863,452.7673256998053,411.16946016229997,412.9327697753906,5979874.0
2020-03-27,420.7874770051172,431.84816661674523,399.14697818771117,404.0361328125,4672139.0
2020-03-30,395.94094639947605,426.6784476705143,389.2484174135097,422.2301330566406,4138337.0
2020-03-31,430.4055099689676,461.06288567904767,423.0717652312337,453.2482604980469,3652911.0
2020-04-01,448.839929694952,449.0803698733545,408.7649359721884,409.72674560546875,4114437.0
2020-04-03,411.77053837598453,427.3196546727938,408.8450688833822,417.50128173828125,5826085.0
2020-04-07,430.00473731515456,446.95648138296076,429.4036123328873,440.7047424316406,3531972.0
2020-04-08,432.769880122728,456.69463253302956,430.40544563743344,447.95831298828125,4113059.0
2020-04-09,456.8549129690724,467.03397081389596,430.84623313979415,437.0177917480469,5917001.0
2020-04-13,441.62641286806746,441.62641286806746,418.1825424934922,422.2701721191406,3822640.0
2020-04-15,423.19188255687493,439.70275840694796,423.19188255687493,431.7278747558594,6316254.0
2020-04-16,422.39045855422444,424.79495831829024,407.4424899129161,414.8964538574219,7001494.0
2020-04-17,424.0735624212245,426.3979316163243,400.7499357296281,408.64471435546875,10839705.0
2020-04-20,415.1368556983284,426.31778835224145,410.36792182289815,420.66717529296875,4549088.0
2020-04-21,409.56645990033763,416.77995919408136,405.4788054085822,411.12939453125,2950307.0
2020-04-22,410.3679191768744,418.30278718195075,406.40048517433627,415.4173583984375,2268496.0
2020-04-23,415.9784847874218,423.07173996014615,408.20392528780644,419.74554443359375,6094748.0
2020-04-24,418.38295016381716,426.8788295839493,402.4331069556695,403.51513671875,4817852.0
2020-04-27,410.1275634765625,415.97850374530657,405.9597536551017,410.1275634765625,4032316.0
2020-04-28,415.1769665247283,423.5927158461755,413.21328189912253,417.1005859375,4972775.0
2020-04-29,421.54889644071704,430.32533042636624,418.46309236958876,423.7530212402344,6361689.0
2020-04-30,433.6114310886549,443.14929914072803,426.6784376226042,437.8193054199219,8931956.0
2020-05-04,412.77240544106326,416.57952956891774,399.14690856242623,402.7135925292969,14814506.0
2020-05-05,405.55893380942257,411.9709327629312,399.3072446136856,400.7098693847656,5717678.0
2020-05-06,403.7555494304981,408.0435785198906,392.7349264931892,406.2402038574219,3781531.0
2020-05-07,407.16192692140476,421.46867978571646,405.83945705073324,413.85443115234375,6799899.0
2020-05-08,422.31031250018646,431.68782209724156,416.1387535502267,429.7642517089844,6016020.0
2020-05-11,434.01220041172826,435.8556404171696,422.55076150519596,424.95526123046875,4272574.0
2020-05-12,420.78746682983916,432.4092159137109,420.78746682983916,427.39984130859375,5691969.0
2020-05-13,434.4129407304096,440.6245648829201,425.917061457425,436.6170654296875,3296409.0
2020-05-14,426.7185853210288,428.80246558591324,411.9309017238976,413.3335266113281,6148398.0
2020-05-15,416.77996416194384,416.77996416194384,406.6810601383601,409.2057800292969,3628530.0
2020-05-18,409.96721701840136,412.7724667927208,401.9522176632029,403.99603271484375,3283979.0
2020-05-19,408.76493581306426,416.5394943761879,403.3948768723704,410.84881591796875,3041594.0
2020-05-20,412.7724842895018,420.62717420660954,409.326044204612,416.1387939453125,2772920.0
2020-05-21,416.73993792664186,417.9822531520748,408.80506829893255,416.820068359375,2540109.0
2020-05-22,414.455512505638,425.596378903559,412.8525129617451,424.5143737792969,4254552.0
2020-05-26,427.19943877445115,433.411062884211,415.85819583198906,417.140625,2719781.0
2020-05-27,418.10239243993897,421.5888970204355,410.4079649676144,419.7855224609375,2265885.0
2020-05-28,423.1919447883617,426.2776998179083,414.4956904907876,424.55450439453125,3387672.0
2020-05-29,424.7147939932345,429.3234181731663,420.34660998658273,425.1556091308594,4081245.0
2020-06-01,431.6077388436367,444.67217872200644,430.44555408974173,435.6553039550781,4913055.0
2020-06-02,435.6953283157999,439.5024528604052,431.2069484205551,438.8211975097656,3878973.0
2020-06-03,444.0309650405628,453.24821431487055,440.82496529297754,443.4298400878906,4942023.0
2020-06-04,446.4355006424367,468.87750067473155,445.35349520875076,466.5531311035156,10915145.0
2020-06-05,471.2819694867363,475.7302844147935,460.8624701613492,464.7497253417969,6207096.0
2020-06-08,469.51863931150376,480.4591326932217,464.9500800228851,472.88494873046875,4791151.0
2020-06-09,476.0909535217607,485.1879580657972,468.87745422597646,469.8392639160156,5665593.0
2020-06-10,474.08720549115884,478.4153246526921,466.8737061683855,473.28570556640625,3438670.0
2020-06-11,473.6864504829126,473.6864504829126,452.6470776822756,458.33770751953125,3378322.0
2020-06-12,440.8249511317141,450.36281964225105,440.8249511317141,444.5920104980469,3603893.0
2020-06-15,446.43543752632337,449.2406871337598,435.53505861958126,439.8631286621094,3944724.0
2020-06-16,446.39534041411775,446.39534041411775,425.71665456961284,427.4398498535156,4262594.0
2020-06-17,425.59644090553354,436.8174393474874,423.51256076275337,429.2432556152344,6139224.0
2020-06-18,428.84252993276374,432.809964390276,425.5964649837714,429.5238342285156,2658663.0
2020-06-19,431.60773920379387,435.1744238985126,426.31785890398567,431.88824462890625,5570067.0
2020-06-22,434.3328312166042,443.4298358454743,431.4474021195788,439.6227111816406,4352621.0
2020-06-23,439.22192407326884,448.92005282891677,436.4567397673409,447.87811279296875,4438315.0
2020-06-24,447.8782262407867,453.64903648889276,444.35165530893653,449.6014709472656,3500477.0
2020-06-25,447.23690836433275,453.32828754838135,442.4679745575179,444.1511535644531,2386979.0
2020-06-26,445.23317449427935,460.8223566344936,442.90880532059083,449.52117919921875,5288935.0
2020-06-29,447.95829823103406,447.95829823103406,432.1687409615671,434.05224609375,3304988.0
2020-06-30,438.4204754856361,439.94334496835563,434.0522909459484,435.53509521484375,2356985.0
2020-07-01,436.01600979245814,438.7010152848894,429.6440748654157,437.53887939453125,3662491.0
2020-07-02,440.7447948233209,450.8436735428121,434.8136762612899,449.52117919921875,5966748.0
2020-07-03,453.5688082158892,458.6583129595863,449.6815043898987,454.6107482910156,4007490.0
2020-07-06,460.82239420362316,471.28195849861174,459.29952476985693,466.1122741699219,4909636.0
2020-07-07,467.95563854008026,474.8886313761382,462.54551489149134,470.3601379394531,5126702.0
2020-07-08,472.84481953093723,476.01075354319596,461.7440178848823,467.63507080078125,3391014.0
2020-07-09,467.63517710410713,471.0415520481653,458.49805768629216,462.7059326171875,2498146.0
2020-07-10,458.4579666218146,458.4579666218146,449.9219726754094,456.053466796875,3959401.0
2020-07-13,458.41787494897636,482.3426272583287,457.25569031673484,480.94000244140625,11008252.0
2020-07-14,476.85240926235633,483.9456643148477,474.9287897974391,479.53741455078125,5525588.0
2020-07-15,484.10596330252474,504.9449617228321,482.5029634240396,493.16290283203125,11907668.0
2020-07-16,502.540445412028,512.1183791555698,471.36207923087693,480.4190673828125,13009798.0
2020-07-17,484.38652219317106,484.38652219317106,473.0453261525426,480.6595764160156,3307397.0
2020-07-20,483.9855861373675,501.69875929323047,479.69758220515223,499.2140808105469,5461610.0
2020-07-21,504.94481269523357,506.38750237614516,493.2028224829488,497.4908752441406,4218944.0
2020-07-22,495.3270525250005,502.0997380271187,490.1573671928661,495.2869873046875,2879564.0
2020-07-23,495.2868400705917,512.7808309932327,490.4790047076542,511.0435791015625,5038587.0
2020-07-24,511.0839588361533,529.5880460060879,505.2256842091776,527.3255004882812,12276883.0
2020-07-27,530.8808912060604,542.7994500268966,519.4067433588676,536.9815673828125,11521949.0
2020-07-28,541.3853888421648,567.8486298639274,538.961275160782,552.980712890625,23296517.0
2020-07-29,555.0816752066593,561.7883802746366,542.1934601427992,546.556884765625,5436716.0
2020-07-30,549.4658322526861,555.4048917414569,541.0218254079992,545.2236328125,5126995.0
2020-07-31,548.2134625346175,553.8697292730596,544.213664048687,550.7991943359375,3114793.0
2020-08-03,554.2736092128714,555.0816471155598,541.0217678812933,544.2943115234375,3092967.0
2020-08-04,545.4255945328064,546.7588768247081,525.3862640344563,527.365966796875,5559046.0
2020-08-05,529.2648329172565,534.5170793507865,519.2047510385204,524.052978515625,5139353.0
2020-08-06,530.072944940159,538.8401377928521,524.5379041907595,533.587890625,8644001.0
2020-08-07,531.4870015251188,539.7693911345942,528.7800939168295,535.2847900390625,3823897.0
2020-08-10,539.7694465256462,555.4049639093382,535.4868544933057,550.9607543945312,5362182.0
2020-08-11,557.6270721670511,560.7380484381829,543.0823863909292,545.2640991210938,4331864.0
2020-08-12,545.4256594782383,560.7783817450331,543.5267898727305,559.2026977539062,4355435.0
2020-08-13,562.3137057440092,570.313252947661,552.9404346557295,563.242919921875,7108877.0
2020-08-14,559.1621703781549,574.5148889290001,559.1621703781549,562.3135375976562,6476545.0
2020-08-17,569.5050661062146,585.3426375376987,564.5356629261402,582.6356811523438,7657241.0
2020-08-18,585.827511076077,588.2516249150126,573.8685593344064,576.1714477539062,4752247.0
2020-08-19,577.7471783104222,589.0597104731438,572.8989502406845,587.2012329101562,6506907.0
2020-08-20,581.7873990302603,591.4838556807647,578.7168642880131,586.9588623046875,6610632.0
2020-08-21,590.6757259359766,595.241159961055,589.8676880071996,591.9685668945312,4207706.0
2020-08-24,593.867516685321,593.867516685321,581.1813106761259,583.8074340820312,2385907.0
2020-08-25,587.443552560229,598.2308387841568,577.2218534106136,596.8167724609375,4585917.0
2020-08-26,598.7157302626714,598.7561222965177,587.4435909710774,592.1705932617188,3157074.0
2020-08-27,593.9079581349926,603.0791701419669,591.8474710011269,594.3927612304688,3207076.0
2020-08-28,598.7561566128006,612.7755961528302,597.9481186146727,607.9273681640625,4223327.0
2020-08-31,613.8664226043924,625.9869915014698,591.5645462425373,598.756103515625,7224350.0
2020-09-01,597.1401993980089,608.1294986310195,583.9691872723276,588.1305541992188,3563888.0
2020-09-02,589.9889372019323,602.5943096713906,588.3728612792468,594.0695190429688,3467486.0
2020-09-03,597.9076550806906,615.7248809450818,592.3725658641652,613.7451782226562,4606227.0
2020-09-04,603.6043801901194,612.8160330289446,600.8166392532072,604.5740356445312,2954845.0
2020-09-07,605.7860478445891,607.5637411597912,593.1402344737763,603.6851196289062,3367905.0
2020-09-08,604.8164152561845,621.3811934963339,601.9882823859152,607.8465576171875,5237241.0
2020-09-09,607.6041280578197,614.0684314630363,601.7458530968422,608.7353515625,3038259.0
2020-09-10,611.4019758757651,612.8160423837404,597.3824869054606,606.0285034179688,3737568.0
2020-09-11,605.5436658255389,622.6740310907081,604.0083739769044,618.270263671875,4917946.0
2020-09-14,622.3104320086806,643.6829958190901,622.1892065915962,638.9559936523438,9021887.0
2020-09-15,638.9561229450057,648.9353736802016,626.229522962225,639.2793579101562,6339704.0
2020-09-16,639.9660034179688,641.7840886549516,633.5017003531408,639.9660034179688,4279003.0
2020-09-17,636.7338669453004,655.6823656159826,631.320003136717,635.8854370117188,7591219.0
2020-09-18,640.7742027730964,653.5411946796087,636.7340123394704,650.1878662109375,6281494.0
2020-09-21,652.0866179770611,670.6714906083777,633.7441468641479,636.1278686523438,10789179.0
2020-09-22,640.7741135757908,655.3187971121896,623.8053161166589,646.7940063476562,9053623.0
2020-09-23,656.4904082688951,656.4904082688951,632.7744660760369,640.814453125,6091530.0
2020-09-24,636.6935151335422,636.6935151335422,604.0487620944218,607.5233154296875,5929066.0
2020-09-25,610.1090871130488,628.128324799244,604.9376734612521,624.088134765625,6986586.0
2020-09-28,629.7444097183298,633.8250411649727,623.8053500124122,629.7848510742188,3604366.0
2020-09-29,634.3098796459699,638.3500699621862,617.3410803178612,620.6944580078125,7041805.0
2020-09-30,624.6133863222045,642.2286052059677,618.6743266325306,639.7640991210938,5433474.0
2020-10-01,644.9758939644757,666.914094457601,644.6930510940704,664.6112060546875,10104719.0
2020-10-05,664.6515828509255,687.5998795623012,664.0859464418038,679.7619018554688,8551125.0
2020-10-06,690.8319994081062,690.8319994081062,672.6915390323197,684.7313232421875,4902535.0
2020-10-07,684.408240074458,685.3375035753685,676.5298689519952,683.8829956054688,3943817.0
2020-10-08,696.5286425016255,717.1740001737481,693.0136975018712,695.1549682617188,11398839.0
2020-10-09,695.3166904547635,696.8923743991439,682.9941111062044,690.1856689453125,5306496.0
2020-10-12,695.7206505952869,698.7911848340539,685.5393925091856,692.40771484375,3343240.0
2020-10-13,692.4076947963422,710.9925664576605,687.6402514687771,701.5385131835938,7327471.0
2020-10-14,702.1850000553655,706.0635724704076,683.2768917187901,685.9030151367188,5346616.0
2020-10-15,689.2563313454585,693.5793143995629,651.8441862956096,656.4500122070312,8893099.0
2020-10-16,657.0964797579637,669.2978332417418,645.4607133919147,664.813232421875,7978964.0
2020-10-19,669.0555068498751,676.0046143674426,660.6518913841726,665.944580078125,4558879.0
2020-10-20,663.0759485866557,689.1756148714512,662.2679106043084,686.7110595703125,7382532.0
2020-10-21,687.7211676028832,692.6502293204456,673.8633445766656,683.5194091796875,4818496.0
2020-10-22,682.6709191971954,689.9837029230762,669.7019185031601,676.6914672851562,3962610.0
2020-10-23,678.7518995910698,692.8521721308434,673.5400447840365,685.418212890625,7356677.0
2020-10-26,670.6713919338381,690.6299359912748,657.7427867881256,661.9849853515625,9770648.0
2020-10-27,667.7625421613045,673.7016010154823,659.3589282502352,669.5806274414062,5479538.0
2020-10-28,670.6716181814195,675.8834737527201,647.2385134497795,649.905029296875,6829067.0
2020-10-29,663.0827265612858,679.3660443889213,656.2420424979723,675.0433959960938,6477299.0
2020-10-30,677.0997467658519,687.1299316137395,673.742366145944,682.639404296875,6189261.0
2020-11-02,689.4381630691676,692.291905991963,679.3660207378697,683.7725830078125,4433983.0
2020-11-03,689.1023529616137,692.4597334876144,675.0852790196492,678.2747802734375,4599741.0
2020-11-04,684.9055776471882,701.6924790601095,682.0517839151686,694.012451171875,5017595.0
2020-11-05,701.6924581761807,713.1914955477063,699.8039318234338,705.6373901367188,4269675.0
2020-11-06,700.8531859827173,716.8007435080725,691.7043035421362,714.4086303710938,4123331.0
2020-11-09,720.9975769165353,736.1057915667072,717.8500321977496,732.53857421875,4297119.0
2020-11-10,731.9089979406486,731.9089979406486,687.5076173673318,689.3541870117188,6889383.0
2020-11-11,688.2630582439366,705.595556970808,681.9260122828474,702.9515991210938,5387431.0
2020-11-12,702.5319245895715,711.7647216869256,700.4755186265206,707.77783203125,3150886.0
2020-11-13,703.3712328789051,709.8342007538957,699.4682574552343,704.0846557617188,2839192.0
2020-11-14,708.4072392785828,709.2046273412178,703.3292118495708,705.17578125,214282.0
2020-11-17,712.2263106588507,718.8991147898528,697.411899626546,709.4564819335938,3635434.0
2020-11-18,708.4072134928214,709.1626445203588,696.782305185028,701.7763671875,2772377.0
2020-11-19,699.1745090671583,712.604031450201,688.2630221309361,690.6971435546875,5593368.0
2020-11-20,695.8171393833696,709.2047049648247,693.6348624537271,702.9935302734375,6063818.0
2020-11-23,703.3711391518373,729.7265937359837,702.321957858353,726.6629638671875,6251814.0
2020-11-24,730.2302951343371,747.0171984707587,725.4460174375444,736.6513061523438,7068121.0
2020-11-25,734.4269303177778,738.6236556338794,717.8498653191765,723.7252807617188,4445185.0
2020-11-26,727.2925393253211,728.5095999832604,710.6735163587214,719.3607177734375,5169423.0
2020-11-27,725.1941721987065,743.6178075369352,717.8918595244048,735.979736328125,16482729.0
2020-12-01,755.4106324683221,767.2873867928434,731.6152180373948,761.537841796875,5821698.0
2020-12-02,752.9345601245589,765.9024529993369,744.667030849761,762.7129516601562,5516684.0
2020-12-03,766.3221573717915,772.7011603148238,757.8867484702931,768.1267700195312,5705020.0
2020-12-04,768.0007636833207,780.0033883233885,761.3279599168816,774.7994384765625,4302626.0
2020-12-07,768.4204974581827,798.0913285066598,767.1614797124839,792.5936279296875,3973325.0
2020-12-08,793.1811781795157,795.0277477820366,774.4637913107159,782.521484375,4399638.0
2020-12-09,787.3056979453839,788.732594850685,777.1496428027308,780.1712646484375,4157078.0
2020-12-10,776.3941626483927,782.7731644658977,769.7633163350328,778.3246459960938,2608358.0
2020-12-11,774.044187177493,781.4304150111694,769.21795206867,771.6940307617188,2398423.0
2020-12-14,775.5548943898532,775.7647306708028,760.4886391717572,763.3004760742188,3239051.0
2020-12-15,755.7044622032032,779.4579733487603,754.1097369936782,778.114990234375,3490143.0
2020-12-16,784.7877379968771,784.7877379968771,769.6795248589693,773.49853515625,2799394.0
2020-12-17,773.4985357576394,782.8992119633372,765.8185581443036,780.6749267578125,2706570.0
2020-12-18,784.7877420384186,794.8598841822272,779.164119095546,783.780517578125,5563979.0
2020-12-21,779.0382495737307,792.88744504844,747.0172104540165,761.16015625,4187948.0
2020-12-22,763.8041199585505,796.4546682156375,758.0965829344435,792.887451171875,5537682.0
2020-12-23,794.4821512830465,805.5615176455744,789.8237958890186,795.8251342773438,5456681.0
2020-12-24,798.2171852190345,802.4139106933723,784.6197844362684,795.0696411132812,2510775.0
2020-12-28,795.069647843057,802.7916330271122,792.5516125371408,794.9437255859375,1870669.0
2020-12-29,795.6991494329448,812.6958875933004,792.2158467996162,810.5136108398438,4392641.0
2020-12-30,814.1648093853292,826.7549868500508,812.3182397779242,825.2861328125,6389605.0
2020-12-31,824.1949780503696,827.9300742036397,813.0736548430688,816.8507080078125,2859399.0
2021-01-01,819.2007912757455,823.5653959014048,815.1719451711206,820.8375244140625,1268291.0
2021-01-04,823.0618230969925,843.5418649875191,818.3615108087872,840.9818725585938,3515825.0
2021-01-05,841.4435646258867,846.0180062206388,832.042888121809,842.57666015625,4040321.0
2021-01-06,842.7026193914712,861.1682146371011,825.3701197259052,836.953125,4677359.0
2021-01-07,843.9614974158767,847.7385503630387,829.776544744711,834.9385375976562,3354950.0
2021-01-08,845.8500068694311,889.7057874290222,843.9195234256383,882.235595703125,9279370.0
2021-01-11,891.4684222586594,907.7937461496261,873.3385883456153,904.478271484375,6488791.0
2021-01-12,904.4783247476274,904.520332989316,883.8304542846544,893.2310791015625,4257926.0
2021-01-13,901.4566115454901,905.4435006561429,881.3543379606872,897.8054809570312,4671772.0
2021-01-14,893.0632452032663,893.0632452032663,864.5255099242146,883.4946899414062,4765344.0
2021-01-15,880.8927898956367,892.0561220709156,841.5694876560569,845.472412109375,6063896.0
2021-01-18,837.6663844344791,850.9280263669891,832.5883569791596,837.876220703125,4659705.0
2021-01-19,844.8848566753062,846.4376760309266,828.6015905552645,833.0501098632812,4416027.0
2021-01-20,836.8271015847827,858.9858336932956,836.8271015847827,855.67041015625,4687853.0
2021-01-21,861.1680795917382,867.3372456350013,834.7287087270796,843.2900390625,3911527.0
2021-01-22,843.2900174679543,843.5418107476388,818.3614581880079,823.2716064453125,3922421.0
2021-01-25,827.4683278518073,837.5824770644347,807.61784741814,815.8853759765625,2751784.0
2021-01-27,820.8795392105744,843.4579437563503,817.2284083776893,836.9110107421875,6975618.0
2021-01-28,830.951765436964,830.951765436964,809.9681349966366,823.9012451171875,4274190.0
2021-01-29,831.0356377196882,835.9038807209404,802.4139877287215,806.9464721679688,4425911.0
2021-02-01,807.3661959910222,807.3661959910222,773.1628779209607,790.453369140625,6321189.0
2021-02-02,801.5746948959575,816.5989950093945,786.8861533664503,803.4212646484375,4971530.0
2021-02-03,809.9680312476115,839.3451101011518,805.8552197162919,823.7752685546875,5640121.0
2021-02-04,829.2310068539015,829.2729638632458,809.3804746258775,813.4932861328125,4232910.0
2021-02-05,816.1372399909977,823.2716737999184,797.4198533029185,805.2677612304688,3077720.0
2021-02-08,813.9969571972615,833.4697759033535,806.2330141689573,824.6986083984375,3713579.0
2021-02-09,821.3831425927897,839.177270003421,811.8565956402958,818.4454345703125,3086774.0
2021-02-10,818.7812355496188,822.7681252152884,803.7569361071642,818.2776489257812,2776301.0
2021-02-11,818.3615069788526,829.8185885683812,816.5568944459977,827.258544921875,2070435.0
2021-02-12,830.9516379521671,846.8991946401379,827.8040938690149,831.9588623046875,5863879.0
2021-02-15,835.9876438715861,835.9876438715861,820.4597609281882,821.8866577148438,2487825.0
2021-02-16,830.9517229102835,839.345174656852,817.1025275284454,828.2658081054688,3912433.0
2021-02-17,830.1124265758814,836.4914297867612,815.3399711245984,822.93603515625,2227724.0
2021-02-18,824.2368181030303,852.3548765617385,823.8171455887211,848.2420654296875,6742595.0
2021-02-19,850.8021989055758,855.4605540621164,816.3890490856538,834.26708984375,4357699.0
2021-02-22,838.4638580839282,848.5779570191038,790.5792269372198,797.9654541015625,5946290.0
2021-02-23,799.0565760887523,808.0795363754688,781.4303280867946,793.8106689453125,4120032.0
2021-02-24,797.3778850245262,809.044802991973,786.1726478689011,805.8132934570312,1686531.0
2021-02-25,809.1286936290652,813.3254192184276,799.2663884940636,803.9247436523438,3682791.0
2021-02-26,793.1811340283841,796.4125922307497,768.0007805671656,771.2322387695312,5254937.0
2021-03-01,785.1652626021543,803.2531364636544,777.5271926357722,785.6268920898438,3429569.0
2021-03-02,792.7614724764951,815.0041183426963,790.6631096589289,811.7306518554688,3703190.0
2021-03-03,816.0113653739663,822.7261265764189,806.9884050081706,819.2008666992188,3203532.0
2021-03-04,805.7712973165904,834.8965825800916,802.0781583787323,812.5280151367188,5134954.0
2021-03-05,810.1358680785816,823.3135958627989,803.2532282903701,805.5194702148438,2618145.0
2021-03-08,808.2893634849316,822.5582307530976,807.4500183515102,812.90576171875,2880739.0
2021-03-09,816.6828864381079,838.0861892173183,807.0723735717257,829.3989868164062,2814747.0
2021-03-10,841.0238731412638,853.4461716004315,833.4697664962824,846.689453125,5268496.0
2021-03-12,839.3451263861201,859.9929960033943,836.113668141358,842.072998046875,4674919.0
2021-03-15,843.5418418235603,864.4834614901586,841.0238064748332,861.7136840820312,5203101.0
2021-03-16,866.2042119517716,877.1156991178308,857.055329143789,861.6298217773438,4797715.0
2021-03-17,859.4893735520942,875.604758322549,852.4388542928511,856.1739501953125,3477295.0
2021-03-18,867.8828757299849,868.722220870923,821.38313443019,836.1556396484375,3738712.0
2021-03-19,832.6303711106474,839.9746410171173,818.4874261254413,830.4900512695312,6208000.0
2021-03-22,830.8677201604312,853.9497099986842,821.1312864363784,850.7182006835938,3873143.0
2021-03-23,850.718299464604,857.391103911295,839.8068120922625,850.9700927734375,3782337.0
2021-03-24,842.4926078347202,850.5502999558122,828.6434142812727,832.7562255859375,2749823.0
2021-03-25,833.2178907930495,836.7431504580185,809.2125902017347,813.0736083984375,3654840.0
2021-03-26,820.7956752506218,837.4986136607511,820.040244093817,831.7910766601562,2761824.0
2021-03-30,832.2107033597845,855.9641604916653,832.2107033597845,853.5300903320312,4300037.0
2021-03-31,858.6500285614609,858.6500285614609,830.2801747160947,832.168701171875,3780505.0
2021-04-01,839.3450638453003,845.8919450973822,827.5942329514661,832.7562255859375,3555291.0
2021-04-05,832.6303345273433,845.388390221658,821.0473824582579,837.4146118164062,5118272.0
2021-04-06,844.3811425958846,846.0598327402105,829.7345608407304,832.084716796875,2395572.0
2021-04-07,832.6303484763922,844.0874297108601,824.3208114019914,841.3595581054688,2974419.0
2021-04-08,846.059909119898,881.1864830692117,843.5418736760887,863.6861572265625,6737118.0
2021-04-09,863.6441524631334,887.0199968945889,853.2363033245502,883.8304443359375,6029994.0
2021-04-12,882.1516869675015,888.9084559055616,853.446074728927,872.79296875,7896295.0
2021-04-13,877.1157142761407,881.5222764770496,825.0763130463602,840.89794921875,6448995.0
2021-04-15,840.897903787464,845.8920175912559,814.4165749995773,833.5956420898438,4373215.0
2021-04-16,837.6664821052448,850.676332278222,835.9877917603445,847.9904174804688,2660763.0
2021-04-19,838.5897929594407,847.2350897518702,825.3281486637366,839.4291381835938,2777425.0
2021-04-20,835.9877768320383,845.6402461428501,816.9765885237015,825.4120483398438,4028636.0
2021-04-22,817.186490397916,827.1747190651619,806.3170107200842,812.3182983398438,5085190.0
2021-04-23,811.2270921450349,814.9621883299495,793.5169298699069,797.5457763671875,3916517.0
2021-04-26,798.2172439220956,814.1648018974055,786.4664117297618,807.617919921875,5053998.0
2021-04-27,808.0375778899307,828.9372411735253,792.4677357625217,813.5352783203125,10497935.0
2021-04-28,818.3615276948107,822.5582534778611,812.4861115985402,820.3759765625,2968625.0
2021-04-29,826.7550356033196,826.7550356033196,814.626487017845,819.9563598632812,2747579.0
2021-04-30,817.3543111688726,819.9563119172758,801.9103908755651,806.1071166992188,3129105.0
2021-05-03,805.7713649970489,809.9680908564085,801.5746391376892,803.8408813476562,3506839.0
2021-05-04,809.1287388004241,814.0808957641607,802.0782189248606,806.1071166992188,4064221.0
2021-05-05,816.347086725283,816.347086725283,800.5254508619341,806.1071166992188,3041045.0
2021-05-06,809.9679954724328,826.5031036570043,803.9666577084564,820.8375244140625,4620827.0
2021-05-07,822.5582637008665,826.1254806607936,815.9274163894116,823.3556518554688,2002597.0
2021-05-10,826.755061142376,833.1760727182022,816.7668322976613,831.3714599609375,2036101.0
2021-05-11,825.9155507809945,828.3916289891051,814.5843923099138,820.0820922851562,2029457.0
2021-05-12,820.0402011981627,820.0402011981627,797.7136409818286,807.7437744140625,3070622.0
2021-05-14,808.2893432374977,811.1850941211765,790.1595093015649,799.2244262695312,2090820.0
2021-05-17,800.7353531946801,804.0507771147225,791.5025556211565,800.1897583007812,2281200.0
2021-05-18,806.0650410136319,821.7188475179266,803.2952124476855,814.7942504882812,2000985.0
2021-05-19,813.3253988152444,827.846058744259,807.9535697037948,820.5857543945312,2152740.0
2021-05-20,826.5871336461493,826.5871336461493,810.1359883984501,816.7667846679688,1769194.0
2021-05-21,819.998118660284,827.594180763163,815.7174283668802,822.977783203125,1534262.0
2021-05-24,822.3903518457527,834.3090629915441,818.4454194710071,825.663818359375,1830838.0
2021-05-25,830.9935754029536,840.7719659496317,825.7476687211645,833.1759033203125,2719646.0
2021-05-26,835.6940160113913,849.4172886715223,833.4697308802586,845.8920288085938,2013788.0
2021-05-27,845.2205044371985,866.2041316575858,845.1365904201405,855.964111328125,6393813.0
2021-05-28,856.1320226857491,867.043509249391,849.9208483038518,861.3779296875,1839013.0
2021-05-31,860.32875345143,866.2041693286593,850.2566119476083,857.5169677734375,1801746.0
2021-06-01,860.0769475008724,866.2042081741266,850.5504003931081,864.9451904296875,1262702.0
2021-06-02,856.2999543272792,860.0769563699819,834.30910058506,853.5720825195312,5252186.0
2021-06-03,853.5720375415978,856.7615387797541,845.22054327819,851.3897094726562,2024676.0
2021-06-04,855.7542605381848,861.9653833523136,848.5778703964704,855.4605102539062,2315912.0
2021-06-07,860.286754930347,872.0375868175571,855.6704079185046,868.2186279296875,1745475.0
2021-06-08,872.0796004033658,890.4612794599968,870.4429183641215,887.8173217773438,4517995.0
2021-06-09,887.8172646719873,893.4408357642586,878.1227879455266,883.2008666992188,2163655.0
2021-06-10,889.4540083254649,901.4566848711796,886.7681448476734,893.8186645507812,3934077.0
2021-06-11,893.8186346217642,908.5071741534329,885.4251834608107,900.6173095703125,4988857.0
2021-06-14,900.6172706117021,905.9470913765279,888.0270944148937,897.4697265625,2757666.0
2021-06-15,897.4697098763278,917.4041551506442,891.0907078803695,895.4552612304688,3484298.0
2021-06-16,898.0993482085984,904.7721014476181,885.5091704299731,897.3859252929688,1881596.0
2021-06-17,889.6638884679004,910.4376818109126,887.2298693970325,906.70263671875,3161931.0
2021-06-18,914.4664966172145,916.2291008549878,885.5090903452605,898.686767578125,4396398.0
2021-06-21,888.8666087572498,898.1414146387017,885.509227798771,892.1400756835938,1074790.0
2021-06-22,890.5872126512122,899.7780010627462,884.417943829611,887.3556518554688,2437289.0
2021-06-23,889.7057902546647,891.6363249341471,871.6178626861237,886.72607421875,4130539.0
2021-06-24,886.8101345793655,908.4232715914234,883.4107458326552,906.4927368164062,3617010.0
2021-06-25,912.7038874709248,925.9654786515777,903.9746778889936,914.4664916992188,3200049.0
2021-06-28,915.7254361243962,929.994301765198,907.4158997594012,927.5601806640625,2143755.0
2021-06-29,930.8338229495323,931.1695815199696,909.0108478398048,913.33349609375,2956332.0
2021-06-30,913.3753191652986,927.4763581736689,909.2626100420517,919.4605712890625,1917370.0
2021-07-01,919.9222426244571,922.7340282574432,907.3320659462026,910.8153686523438,1459518.0
2021-07-02,912.3681196365231,921.1812431472715,902.2959784813821,914.382568359375,1669409.0
2021-07-05,917.4041587621698,919.0408406601215,899.1063953073296,902.002197265625,2597359.0
2021-07-06,902.0022964363159,902.0022964363159,879.4238911467363,880.9347534179688,3865594.0
2021-07-07,880.9346627244162,889.2861052206621,864.6093395721731,877.8710327148438,3713891.0
2021-07-08,880.4730077403505,892.5595976425278,877.1156273485855,889.8317260742188,2171947.0
2021-07-09,885.6769497460867,897.0921256045193,880.4730508676016,882.78125,1889035.0
2021-07-12,887.1878093276925,888.6146550761691,878.0389268475312,886.85205078125,3224820.0
2021-07-13,891.3845125830119,891.3845125830119,879.6336809670399,881.4382934570312,1908081.0
2021-07-14,884.6698080106195,906.4927824017733,879.6337369972763,905.2337646484375,3173326.0
2021-07-15,904.8140921016679,939.8147446622097,903.4711603232126,933.7294921875,5922995.0
2021-07-16,933.6874032032397,938.6395592200497,909.0526478207531,925.9234619140625,2323939.0
2021-07-19,913.2075389521676,932.0507969110503,911.612762647834,918.4114379882812,1409001.0
2021-07-20,919.8802808420782,925.1261880562857,910.6055783628343,912.5360107421875,1230858.0
2021-07-22,906.4927804112748,967.3453050222168,906.4927804112748,964.0718383789062,7309727.0
2021-07-23,968.6828463063974,983.8084586469816,961.0554430297749,974.7589721679688,2840803.0
2021-07-26,974.7588285760926,981.2658814066809,962.3050553866332,965.4507446289062,984581.0
2021-07-27,965.4508200547942,971.9147385211681,951.5319331228076,966.0110473632812,1397105.0
2021-07-28,968.7258409172736,974.5002322278423,953.6433656360882,964.890625,2533035.0
2021-07-29,972.7764404198468,983.6789355497168,961.0552244965633,972.0008544921875,3821405.0
2021-07-30,1021.2990413209328,1066.3741381388247,1012.6804840102076,1042.4576416015625,20425030.0
2021-08-02,1042.8454735172847,1046.2928965702345,1030.3916998213049,1043.44873046875,2385223.0
2021-08-03,1043.7075271964195,1060.0827898031346,1042.8456712697503,1056.850830078125,2603616.0
2021-08-04,1055.9454896922127,1060.4272021513955,1046.0341498167536,1048.4473876953125,1938175.0
2021-08-05,1048.9215879632256,1080.767116005138,1048.8784530927055,1075.768310546875,5790873.0
2021-08-06,1079.0434699090304,1097.142441848399,1071.3299025224358,1089.90283203125,3894726.0
2021-08-09,1112.1384844032345,1126.2729372480517,1091.109186776261,1109.595947265625,6585101.0
2021-08-10,1110.070233445336,1146.009577026099,1105.2438621674091,1140.2783203125,6314469.0
2021-08-11,1140.2784837882834,1143.4673085164889,1118.990580060826,1140.75244140625,3430349.0
2021-08-12,1140.2352463125355,1202.1165360788161,1135.7105032716127,1195.0062255859375,8613315.0
2021-08-13,1189.4472253360486,1197.9796192048816,1177.2089144744582,1192.075927734375,4760344.0
2021-08-16,1191.0414263904702,1206.5548287802228,1172.339200036732,1178.8892822265625,2912430.0
2021-08-17,1182.4660538829448,1231.4195011119182,1181.173270296338,1218.4053955078125,8042970.0
2021-08-18,1222.1114223243915,1228.1444124204922,1210.2609060641937,1217.3712158203125,2939739.0
2021-08-20,1181.3027694381833,1223.835335587807,1181.3027694381833,1205.90869140625,4051399.0
2021-08-23,1219.9136325853356,1243.614664803622,1214.3547052932997,1220.3876953125,3987240.0
2021-08-24,1225.4726560776442,1264.3423275885584,1223.8351091859256,1261.196533203125,5366923.0
2021-08-25,1260.8950366331921,1273.822873645836,1249.6909112222343,1260.981201171875,3105863.0
2021-08-26,1258.137043847282,1264.1268991218349,1244.5196811535227,1249.2598876953125,1993944.0
2021-08-27,1249.5615343525849,1255.8099885213653,1233.4879036218392,1245.726318359375,3097939.0
2021-08-30,1249.6908288825664,1254.0001076028511,1220.3015690516247,1223.1456298828125,2742699.0
2021-08-31,1227.972144027047,1253.1382904456298,1212.5879343563174,1247.66552734375,6392991.0
2021-09-01,1249.6906809947502,1265.4195464624427,1230.29892904828,1237.88330078125,1829925.0
2021-09-02,1237.624887060768,1251.8886421525217,1224.8693795681481,1239.17626953125,3860958.0
2021-09-03,1244.519776161668,1249.4323121426614,1228.2306804876798,1242.7529296875,1919590.0
2021-09-06,1247.9671130728727,1265.1180633616138,1237.711008712711,1259.300537109375,1801171.0
2021-09-07,1266.0230585891445,1269.427452185901,1234.4361271043708,1236.9354248046875,1940043.0
2021-09-08,1241.2447285740175,1243.097739656325,1223.7059834142904,1230.600830078125,2256454.0
2021-09-09,1228.6615431756327,1239.2624110439758,1218.6640374599358,1235.2547607421875,2303457.0
2021-09-13,1237.624889671323,1240.8999836905807,1224.1368257863596,1232.0228271484375,1937241.0
2021-09-14,1236.7628388406276,1255.7236628507278,1232.0226328381025,1251.45751953125,1554999.0
2021-09-15,1242.8821614843241,1275.5465155939755,1239.305439064738,1262.4893798828125,2410087.0
2021-09-16,1262.4894192084523,1266.0661417394508,1241.0723241012997,1248.268798828125,1800078.0
2021-09-17,1250.5526706617,1268.6516410847846,1238.1419270444708,1251.0267333984375,2861623.0
2021-09-20,1241.0723219456197,1286.8799776477217,1229.3079695191093,1233.57421875,2526342.0
2021-09-21,1240.2104522489349,1263.8683510377343,1224.1799559784313,1259.7745361328125,1713705.0
2021-09-22,1261.7568573216904,1316.8294625043864,1255.2929389952474,1304.5048828125,5145820.0
2021-09-23,1314.4161361097467,1319.5011058936493,1296.2310014788038,1311.3134765625,2015302.0
2021-09-24,1318.6393949084006,1334.0235001409303,1302.3072693222405,1305.49609375,3592146.0
2021-09-27,1312.606160699512,1314.3298720070622,1257.6197279058636,1262.1014404296875,2728552.0
2021-09-28,1262.1014424454881,1262.6185347971814,1213.8375257569953,1218.70703125,3995669.0
2021-09-29,1206.5981045616863,1214.3116717901894,1183.112534312182,1202.5904541015625,7948104.0
2021-09-30,1196.2558054797246,1208.8820135170026,1186.7753920357209,1189.8780517578125,3856630.0
2021-10-01,1185.0514164162205,1192.8081165963993,1176.2605316281429,1181.8194580078125,2661824.0
2021-10-04,1193.411703845874,1211.3814817376403,1182.5093119617966,1205.7794189453125,2538936.0
2021-10-05,1205.8226275383017,1224.6972937115024,1190.223056027857,1217.8455810546875,2481825.0
2021-10-06,1226.3345961827176,1229.782019262741,1189.3178277367647,1194.23046875,2769341.0
2021-10-07,1204.8311525163394,1226.6792790175623,1185.6118332308938,1221.421875,1956325.0
2021-10-08,1222.5425308598542,1247.105422738251,1222.5425308598542,1241.029296875,2665924.0
2021-10-11,1223.8352955658713,1236.289070399212,1194.1874335614646,1206.7705078125,3073366.0
2021-10-12,1205.7363624866268,1209.0544865457052,1172.98583941694,1184.5777587890625,2965629.0
2021-10-13,1195.3077497379043,1215.216596338648,1186.7753568498713,1208.4510498046875,1738985.0
2021-10-14,1234.1773732428505,1257.9645697304336,1215.6474755300562,1233.1431884765625,4328124.0
2021-10-18,1223.835156859916,1281.5363568558282,1223.835156859916,1275.244873046875,3579606.0
2021-10-19,1291.0600458887939,1352.9413371670694,1273.0042081575996,1326.4822998046875,8645334.0
2021-10-20,1330.705343226688,1358.715656474659,1306.4010519681738,1326.6546630859375,5159270.0
2021-10-21,1332.5582552395708,1332.5582552395708,1272.142189732258,1313.68359375,4261416.0
2021-10-22,1319.5009395098525,1346.1753285686852,1278.7782619188397,1307.82275390625,5223521.0
2021-10-25,1319.5011469771919,1322.948569960803,1278.8215978533797,1313.5543212890625,3890467.0
2021-10-26,1354.7511723425246,1404.8249739937849,1329.8435183266317,1347.3392333984375,16978043.0
2021-10-27,1346.089363617861,1367.8512210066283,1316.4846400531553,1351.260498046875,3624131.0
2021-10-28,1360.0081808522614,1364.1881596062594,1315.1916882006026,1321.4832763671875,3054565.0
2021-10-29,1316.3553404791064,1329.6279398865754,1265.0318944020448,1273.6934814453125,3795495.0
2021-11-01,1284.164975801264,1318.553038812106,1281.6225436031127,1311.8736572265625,2271900.0
2021-11-02,1325.01738087273,1325.6266418144257,1295.248598000184,1297.4681396484375,2041689.0
2021-11-03,1303.9094026598952,1338.4655706292856,1300.079473951331,1304.38818359375,2697346.0
2021-11-04,1313.4839517886096,1318.7065519945286,1306.5204848473843,1310.7420654296875,166444.0
2021-11-08,1312.6135137064366,1360.3133045841353,1309.3929527593166,1354.568359375,3050392.0
2021-11-09,1358.7465100901388,1368.3212772976926,1351.7830430300996,1357.1796875,2061369.0
2021-11-10,1354.3509557656455,1369.4965198487205,1346.1689659055132,1363.62109375,1299996.0
2021-11-11,1357.8761377094654,1357.8761377094654,1318.706633737077,1324.756103515625,3027565.0
2021-11-12,1339.161809089733,1383.5103490860681,1332.8947310028393,1379.636962890625,3713868.0
2021-11-15,1379.6368134806005,1393.9989632739318,1369.4962440423744,1374.5447998046875,2448280.0
2021-11-16,1379.723988237387,1397.0456344890326,1371.803065392346,1392.6064453125,2864344.0
2021-11-17,1391.3877048502745,1414.4541885403166,1388.3411881364955,1408.7528076171875,2304359.0
2021-11-18,1410.276263236087,1414.2367780196041,1357.440994196998,1364.6220703125,2938804.0
2021-11-22,1376.8515505962223,1376.8515505962223,1323.0587256946396,1341.5989990234375,1951782.0
2021-11-23,1324.799728035597,1361.749585964391,1311.1339651954706,1358.35498046875,1823592.0
2021-11-24,1365.5358434050315,1366.493298812169,1331.7629878774915,1338.8134765625,1644163.0
2021-11-25,1332.6336569153673,1362.0543510197058,1331.8067876116006,1357.3104248046875,1557493.0
2021-11-26,1343.9492966251803,1349.1718975188014,1314.4851445011516,1329.5001220703125,1522173.0
2021-11-29,1318.7066091939641,1345.254828058925,1287.719201212235,1337.551513671875,1995524.0
2021-11-30,1330.8926390993413,1387.8624613649135,1328.7165556475766,1341.7294921875,5662900.0
2021-12-01,1349.1717503026962,1387.8190139492788,1349.1717503026962,1381.9000244140625,2761193.0
2021-12-02,1383.9891250195785,1420.9825450279634,1375.2847908999586,1418.5018310546875,2664202.0
2021-12-03,1414.45414391655,1425.9873853977156,1383.727805242459,1386.8614501953125,2400296.0
2021-12-06,1397.916081704628,1409.7104971247516,1346.429923322536,1350.695068359375,2911781.0
2021-12-07,1361.3578922812835,1376.459891127066,1336.9857561023348,1372.368896484375,1758254.0
2021-12-08,1377.5913403198422,1405.5757933199811,1377.0691015691134,1396.8714599609375,1604565.0
2021-12-09,1386.6005359517235,1410.1022399509052,1379.637068100114,1402.4423828125,1947954.0
2021-12-10,1402.268219773631,1402.4422639535358,1374.022698196023,1395.0001220703125,1776362.0
2021-12-13,1397.0457434858017,1441.0026344802147,1390.4739281721306,1425.900634765625,3163063.0
2021-12-14,1427.5107122702998,1449.2715462988103,1415.0200147887492,1429.86083984375,2725454.0
2021-12-15,1426.640336802824,1432.9945430986345,1406.5333465953445,1428.9034423828125,1622068.0
2021-12-16,1435.344625467989,1451.5782290505067,1429.4256360572135,1438.521728515625,2225836.0
2021-12-17,1452.9274773863874,1457.9760339159088,1416.108206073379,1429.9915771484375,3405084.0
2021-12-20,1423.1585643697542,1426.0744949174953,1372.325234153072,1390.99609375,2233189.0
2021-12-21,1397.480911744421,1440.8285402970494,1397.480911744421,1421.374267578125,2237445.0
2021-12-22,1431.8630110368185,1446.3992070058937,1420.3297679388015,1444.701904296875,1656110.0
2021-12-23,1453.6237192513388,1471.9898419982508,1448.5317053179497,1465.6357421875,1715034.0
2021-12-24,1465.2437920973266,1510.3757349194057,1462.6324923438324,1500.452880859375,3343946.0
2021-12-27,1501.0625295772606,1559.8167892156862,1482.9140128508752,1553.7237548828125,4512000.0
2021-12-28,1553.723719077824,1586.8001904083324,1545.9768400680198,1572.08984375,3605483.0
2021-12-29,1567.2155451867159,1585.0594322604886,1551.7653502813762,1555.3341064453125,1902921.0
2021-12-30,1555.464502118996,1599.8566059847312,1554.594068709864,1566.736572265625,4650594.0
2021-12-31,1566.9541627286546,1578.0957527399776,1552.3744032921436,1558.5545654296875,2378048.0
2022-01-03,1562.471502814896,1582.4479066597123,1551.9827379396409,1553.549560546875,1779147.0
2022-01-04,1560.687077761747,1570.0878009325504,1538.0558094841087,1557.9017333984375,2701533.0
2022-01-05,1549.3279228503668,1551.939223109394,1508.4611162982183,1512.421630859375,3138050.0
2022-01-06,1501.4975075537366,1504.848654653115,1471.0323407338055,1472.8602294921875,4290750.0
2022-01-07,1481.4777320634514,1501.1060488647504,1475.4717200069722,1483.0880126953125,2103362.0
2022-01-10,1496.2749964574,1501.497596794075,1468.856344689856,1493.6636962890625,2330348.0
2022-01-11,1484.089029707746,1518.9063676481037,1484.089029707746,1512.073486328125,2704832.0
2022-01-12,1526.7400806978292,1527.6105140391621,1498.015780433845,1506.2413330078125,3013194.0
2022-01-13,1505.849763607736,1522.3009759176182,1481.3035845291708,1496.1009521484375,2768371.0
2022-01-14,1492.3582461788883,1520.4732909269974,1476.6904430693987,1512.5958251953125,1889385.0
2022-01-17,1508.417505612279,1524.1288708545865,1497.1454356766926,1499.2344970703125,2522806.0
2022-01-18,1514.554112411561,1520.2554936696836,1436.2586707686976,1445.572265625,4878369.0
2022-01-19,1447.6177815653898,1459.3686325893925,1416.6739376212965,1453.7108154296875,2610709.0
2022-01-20,1453.710637034703,1456.408959021232,1430.6006966092602,1450.92529296875,2440011.0
2022-01-21,1436.2152742508595,1438.8265747494975,1382.9882445028054,1387.079345703125,4079190.0
2022-01-24,1382.2482318702616,1382.2482318702616,1307.3473956958123,1317.0963134765625,3250275.0
2022-01-25,1304.7796910659513,1329.7176296943787,1275.18495491102,1306.17236328125,3910618.0
2022-01-27,1292.1585920621364,1292.1585920621364,1244.7199640612025,1258.2987060546875,4434890.0
2022-01-28,1258.6466288423073,1290.7656408291389,1224.046903049443,1227.8768310546875,7080683.0
2022-01-31,1250.8130068517844,1294.8569230725732,1246.025622344001,1287.3712158203125,4406035.0
2022-02-01,1309.1320147766894,1318.6632193241248,1283.8894426832558,1310.6552734375,2542754.0
2022-02-02,1288.1545677290735,1296.9459248953312,1256.0355500831968,1290.809326171875,9031146.0
2022-02-03,1287.2839783097327,1288.0673896216429,1261.3450204518533,1265.871337890625,2433692.0
2022-02-04,1274.314412743325,1275.1412819166328,1249.071845824229,1260.5615234375,2406272.0
2022-02-07,1262.1285425787287,1275.8378698515667,1248.2016069364806,1257.1671142578125,2741520.0
2022-02-08,1259.081861161229,1267.4815643755458,1236.1894211839412,1248.37548828125,1981111.0
2022-02-09,1253.4677470847748,1280.3640560064537,1253.4677470847748,1266.306640625,2282701.0
2022-02-10,1275.1850501980389,1281.278084567586,1262.3897205236253,1278.2315673828125,1850405.0
2022-02-11,1261.997663229861,1262.0846853065984,1236.8856844825582,1240.2803955078125,2426039.0
2022-02-14,1209.902494786448,1234.9710206332968,1193.3642592462015,1210.0330810546875,2149302.0
2022-02-15,1222.1320980260928,1255.6872429488824,1214.2981971680606,1253.1195068359375,1955525.0
2022-02-16,1262.5635785131904,1274.2708646092885,1243.7186751701247,1256.90576171875,2164650.0
2022-02-17,1272.0947882797714,1272.0947882797714,1253.6416435956835,1259.995849609375,1669669.0
2022-02-18,1252.074865131731,1257.7762463277884,1233.4911335388795,1251.6396484375,2374188.0
2022-02-21,1242.239051099943,1253.4240990664916,1227.398119092004,1234.4486083984375,2109461.0
2022-02-22,1201.6332089916614,1236.624586266539,1196.845825688906,1229.5306396484375,2111878.0
2022-02-23,1237.756444816499,1240.3241811560786,1226.6148534445035,1230.1837158203125,1319711.0
2022-02-24,1192.9289721569796,1218.606757402241,1157.676419532129,1160.2877197265625,4108603.0
2022-02-25,1179.4372393258084,1218.6067417388426,1175.1720944789074,1209.6412353515625,1885454.0
2022-02-28,1201.1981538813166,1235.884905407435,1186.6183936802208,1227.3111572265625,4983140.0
2022-03-02,1218.6068129479368,1236.624742609177,1203.5918361455424,1213.6888427734375,2160190.0
2022-03-03,1227.1370514491755,1256.5576366557495,1223.0895148829918,1241.8038330078125,2730530.0
2022-03-04,1231.6633738921525,1270.8328804823625,1217.3012214757423,1265.2620849609375,3567738.0
2022-03-07,1242.9789401492014,1274.3145436823747,1228.2251359872982,1239.584228515625,3341715.0
2022-03-08,1236.0153917397151,1276.838738252919,1236.0153917397151,1272.530029296875,2365949.0
2022-03-09,1272.5303128785242,1315.225121912122,1272.5303128785242,1309.784912109375,3667977.0
2022-03-10,1327.4108979570738,1328.2377671623683,1283.4540124837413,1292.898193359375,2835942.0
2022-03-11,1284.759556139616,1298.5559027511424,1281.7130395769543,1294.1602783203125,1116432.0
2022-03-14,1294.3345394172593,1313.3970532122844,1294.3345394172593,1308.261474609375,1372791.0
2022-03-15,1317.8360406368781,1318.7064739530188,1260.387441771598,1269.614013671875,2188506.0
2022-03-16,1284.0634505772916,1300.8628595488453,1278.1445665579604,1296.85888671875,1453944.0
2022-03-17,1310.0022938756747,1314.3108967924381,1294.3344923542381,1299.9923095703125,2346185.0
2022-03-21,1301.2978046152443,1323.058637468342,1284.9336158080882,1288.0672607421875,2110200.0
2022-03-22,1294.247464384793,1343.9056268955735,1283.9328496808455,1338.900634765625,3030660.0
2022-03-23,1349.1717480153434,1359.3557761277646,1331.066691088733,1342.3388671875,3741783.0
2022-03-24,1331.8936953853893,1368.2777479475687,1331.8936953853893,1365.318359375,2085571.0
2022-03-25,1367.4508081899044,1370.888977459345,1325.147768156168,1332.2418212890625,1755511.0
2022-03-28,1335.244687384842,1339.5532897349467,1320.0556687424883,1326.9320068359375,1928306.0
2022-03-29,1337.8559951972125,1340.075642635568,1322.2752177238683,1325.1041259765625,2311150.0
2022-03-30,1335.5061604732928,1335.5061604732928,1292.5937464563062,1302.4296875,3792481.0
2022-03-31,1302.429728183903,1314.0064303337226,1294.5086980895987,1305.1715087890625,2036984.0
2022-04-01,1304.7796876671223,1307.9567908792355,1284.2809382645162,1294.4215087890625,2537230.0
2022-04-04,1294.4216700401962,1309.3931903794346,1291.4187168892515,1304.4752197265625,1675276.0
2022-04-05,1312.6136905328924,1325.2349760187856,1288.2415530428916,1296.1190185546875,3207223.0
2022-04-06,1289.9823056387727,1289.9823056387727,1265.6101703095653,1270.2669677734375,2627895.0
2022-04-07,1265.6101758201457,1283.5846469545143,1262.7377030707796,1278.2750244140625,3336784.0
2022-04-08,1283.8891580497736,1291.2008192515148,1253.4239915875755,1261.040283203125,5402943.0
2022-04-11,1267.3073094889578,1272.8781038107825,1249.6375774067803,1261.431884765625,3268704.0
2022-04-12,1250.2470629595825,1254.8168385658794,1224.2210815890937,1231.663330078125,2021088.0
2022-04-13,1234.3613501515783,1243.587921198112,1221.5660240899015,1227.7025146484375,1430399.0
2022-04-18,1209.9024654107648,1209.9024654107648,1157.850503893619,1170.34130859375,3968044.0
2022-04-19,1185.399717703331,1185.399717703331,1119.072734388385,1132.60791015625,2677360.0
2022-04-20,1136.263827830716,1149.7990039988413,1127.8641239282251,1139.5714111328125,3025261.0
2022-04-21,1143.662381607374,1148.1015703708829,1129.3436894754018,1142.6177978515625,3728173.0
2022-04-22,1135.9156632888742,1152.4538989995933,1125.3398755177816,1137.2213134765625,1954666.0
2022-04-25,1127.2112238192383,1129.778959781135,1099.0091611385058,1105.798583984375,2686619.0
2022-04-26,1115.3733562392524,1119.1161560270373,1101.098227532678,1110.1942138671875,2568317.0
2022-04-27,1103.4919234458237,1109.367348792508,1084.7776056749026,1097.8341064453125,2382463.0
2022-04-28,1108.7581147644112,1117.984687614699,1088.2158013851074,1106.58203125,2576887.0
2022-04-29,1117.6365690466143,1118.33295832024,1086.605594768919,1095.875732421875,3811317.0
2022-05-02,1079.337346160367,1087.1712462534665,1065.584456828631,1071.677490234375,2149957.0
2022-05-04,1072.765799703969,1082.7757856550131,1044.5202731524435,1055.661865234375,2797667.0
2022-05-05,1073.1137692646014,1102.055679095187,1063.800174617742,1099.6619873046875,3563713.0
2022-05-06,1079.0764105110095,1130.6931616225122,1069.5016416289097,1123.5120849609375,5745203.0
2022-05-09,1114.1547181532387,1114.1547181532387,1053.2243820042336,1097.7470703125,5712061.0
2022-05-10,1092.3938161263297,1106.712401732494,1074.9851497338784,1081.33935546875,2852416.0
2022-05-11,1081.9487059419816,1101.664043515875,1050.874276358231,1065.8021240234375,3244609.0
2022-05-12,1052.354175201087,1073.1139943791723,1041.9525366492492,1055.661865234375,3110220.0
2022-05-13,1068.8922770190873,1074.593658620456,1040.1679731578251,1047.0008544921875,1892084.0
2022-05-16,1035.8158830096158,1062.799321978774,1007.0480128327964,1034.989013671875,3474480.0
2022-05-17,1040.8644137600356,1053.224526862907,1029.8534088192876,1042.953369140625,4434968.0
2022-05-18,1052.353937599321,1071.0682549346275,1017.1013863397905,1020.1914672851562,5294021.0
2022-05-19,1003.609874022025,1004.3932854607189,957.476896291611,964.7449951171875,4393100.0
2022-05-20,981.8489516730453,987.7679417556873,970.3157082247583,984.3732299804688,2461651.0
2022-05-23,987.0714202633296,999.083443011549,971.098989519583,994.8182983398438,2783695.0
2022-05-24,999.2575041819099,1002.6086513902419,949.6428023192192,956.0404663085938,3666196.0
2022-05-25,949.686390981592,953.0375382763503,909.6028909413501,922.7899780273438,4711542.0
2022-05-26,931.3637204216303,948.3371714012769,919.134088880819,938.8494262695312,2946857.0
2022-05-27,953.1244919397187,980.2819692084287,950.5131919618017,977.7142333984375,3367600.0
2022-05-30,994.8182653564115,1018.8422038022595,988.333473352517,1013.1843872070312,2469771.0
2022-05-31,1002.7392369201441,1037.5565715354269,999.8233063969287,1027.3289794921875,9674664.0
2022-06-01,1032.4646247719472,1041.9088061499763,994.9924234526408,998.0389404296875,2419021.0
2022-06-02,992.2940015543194,1005.6986961594636,985.0693623747086,997.5166015625,3206663.0
2022-06-03,1009.7027552329178,1028.8522902459558,995.8628427681336,999.1705322265625,3229236.0
2022-06-06,997.5167128155484,1000.1280131108771,967.1385647957421,995.9498901367188,3938875.0
2022-06-07,983.6767406849784,992.1200082165376,975.4946456688361,983.8508911132812,1656444.0
2022-06-08,987.8548383701069,991.6847663927292,974.7983380116705,978.5411376953125,1303551.0
2022-06-09,976.62626638839,993.9913700671948,967.617302026799,991.075439453125,1323539.0
2022-06-10,974.0149628388638,978.280107698178,957.6943367859337,966.0504760742188,3119792.0
2022-06-13,941.112582629292,944.0720775440419,913.9551020971795,915.6524047851562,2012004.0
2022-06-14,900.0282106067444,919.6565279141643,888.1903366310127,896.6770629882812,5775453.0
2022-06-15,902.6394775550922,902.6394775550922,885.9271448765907,887.8856201171875,3238141.0
2022-06-16,891.3673987681558,899.6799742934234,845.1908626871677,848.9337158203125,5600443.0
2022-06-17,845.2778914663477,848.1068001434465,821.4280471110303,840.0117797851562,7043370.0
2022-06-20,839.9682855250046,860.1188412938565,825.2144278118772,852.458984375,2985094.0
2022-06-21,862.9477184842102,874.4809613612957,853.0247561919773,870.5204467773438,3433536.0
2022-06-22,867.7785757729631,867.7785757729631,842.5795185945472,853.0247192382812,2719988.0
2022-06-23,853.9821894178419,869.171262907553,845.4084416592941,862.6865234375,2915172.0
2022-06-24,871.3038458430624,871.3038458430624,847.8021437074353,854.0692749023438,4056588.0
2022-06-27,866.9517568362313,891.4109166768776,866.9517568362313,876.7006225585938,3796002.0
2022-06-28,872.1741803532337,895.6758798238299,856.5498917464492,888.4512939453125,2755698.0
2022-06-29,877.3968435301477,894.2832722854118,872.6529710027172,888.7994995117188,3770663.0
2022-06-30,884.3604072265625,893.0647419433594,867.8221712646484,870.4334716796875,3264301.0
2022-07-01,867.8221820125466,882.6195512143653,861.1198335721964,879.7471313476562,1842102.0
2022-07-04,879.7470516670711,882.4453739674866,866.0812366047838,870.389892578125,1814322.0
2022-07-05,874.7856416986926,889.4959886656371,869.5630408527303,873.2188720703125,3045188.0
2022-07-06,877.3968754884052,883.4028872559569,871.8260804249647,879.0507202148438,2188175.0
2022-07-07,888.6690313954791,893.8481209900649,884.3603752410911,888.4949340820312,1901699.0
2022-07-08,897.4167668955301,900.6373277280572,883.0981279331384,893.4998168945312,2841036.0
2022-07-11,883.489866152757,885.5353633112616,859.988165279728,877.005126953125,2892507.0
2022-07-12,870.4333786887149,885.0566488252779,865.645995105927,868.126708984375,2013304.0
2022-07-13,871.6520340423987,874.0892369538557,859.161282789743,861.7725830078125,2067142.0
2022-07-14,868.6925284848976,869.2147672712475,843.2758627174469,849.368896484375,2212219.0
2022-07-15,853.0247495744055,860.7716282448257,840.0117593508982,847.6280517578125,2544737.0
2022-07-18,857.3769424075172,889.5829798380533,856.6806062776707,877.3969116210938,3946821.0
2022-07-19,870.389883380706,879.9646507193813,862.5994938751945,877.1357421875,2985845.0
2022-07-20,888.9301363900768,915.4347917127559,885.4484026857338,910.0381469726562,5574762.0
2022-07-21,918.551497596772,928.2299376213501,906.0502248121264,925.4966430664062,4935223.0
2022-07-22,931.9937012807475,935.3094043453954,908.021747906459,921.8671875,2985409.0
2022-07-25,922.0465901578254,922.0465901578254,903.5411142652525,911.6064453125,2888919.0
2022-07-26,909.5900429661615,929.5293320853705,890.905382681377,895.5653076171875,5939871.0
2022-07-27,896.1478043516948,905.0644859442984,888.9786219168813,903.0033569335938,2546052.0
2022-07-28,915.146203968455,935.0854391220074,909.9485573288634,930.2014770507812,3428026.0
2022-07-29,945.4358776705681,957.0857984380727,935.6678453022839,939.745361328125,6185909.0
2022-08-01,948.9757010566251,948.9757010566251,930.0222619618612,940.5967407226562,2540084.0
2022-08-02,937.3706466641266,940.5071641242838,923.0322811319794,925.3622436523438,2802273.0
2022-08-03,920.7470265698462,947.2282381971933,918.2826200844703,943.3300170898438,3509019.0
2022-08-04,952.6050138698131,961.2976028826264,928.5882115314993,946.3768310546875,5360632.0
2022-08-05,949.916637577586,957.0409686022025,941.3583826044593,948.3035278320312,2641829.0
2022-08-08,946.3321451714813,954.263031895871,940.1039612687185,946.8698120117188,2579239.0
2022-08-10,946.3320132185773,949.1549004775238,934.7269437455066,945.6150512695312,2823021.0
2022-08-11,960.6705895364354,980.296251257256,959.0574794908111,965.3753662109375,3201408.0
2022-08-12,961.8355566718332,964.6135932019021,951.7090419410405,955.2040405273438,1771561.0
2022-08-16,964.2550958156284,967.7948360997393,946.8250637237644,965.7785034179688,2222701.0
2022-08-17,961.1185572405324,991.9460647779522,960.8496691316379,989.7952880859375,4280823.0
2022-08-18,985.7625636101575,994.0070794758627,975.0983830888578,990.3777465820312,3041422.0
2022-08-19,994.7240712391339,1017.1277665373126,985.7625931198625,989.4816284179688,4577717.0
2022-08-22,982.1779608021537,985.7625518999719,963.5828944822225,966.674560546875,2157609.0
2022-08-23,951.7090419410405,958.9678178399467,938.2668238345286,955.2040405273438,2875768.0
2022-08-24,955.2936041057665,961.9251200466487,945.5255707029985,959.7294921875,2180800.0
2022-08-25,967.8397670333756,976.4876164600169,954.8904731668653,959.4159545898438,2734931.0
2022-08-26,970.5280727971063,983.567067116833,968.7357771871393,972.8132934570312,2624896.0
2022-08-29,937.3705597375339,938.804374279175,911.6511080100205,928.005859375,6118233.0
2022-08-30,939.1630520687011,968.2878604582362,934.055052508376,964.3447875976562,4453769.0
2022-09-01,946.332052342877,954.3973823344355,934.771724143035,943.5540161132812,6112823.0
2022-09-02,948.3036132908446,955.7416842201476,938.3116522548336,946.6906127929688,1645341.0
2022-09-05,946.3321398894428,959.5951719708706,945.25680621497,954.4423217773438,1677079.0
2022-09-06,954.4423089838762,959.7743449206606,941.2241282298334,953.232421875,3051076.0
2022-09-07,942.747545500486,950.8128762129427,935.578362644969,946.1976928710938,2615897.0
2022-09-08,958.878211781914,979.4000196883798,956.2793611050166,976.4426879882812,2634786.0
2022-09-09,988.1374109180352,1014.7529572886651,973.4405648610865,1009.6449584960938,3394349.0
2022-09-12,1021.6085961446754,1044.0122934285498,1021.5637449928864,1030.65966796875,5230075.0
2022-09-13,1035.946774809546,1043.519179363008,1024.3864472258847,1028.28466796875,2483685.0
2022-09-14,996.5162359983801,1005.3432689080693,981.2817251962466,998.935791015625,5179539.0
2022-09-15,1003.9544331712076,1007.539024403606,966.0473371313769,970.528076171875,3392174.0
2022-09-16,954.3974473456558,962.4179267374923,921.2399773439757,925.89990234375,6635089.0
2022-09-19,928.4091369423401,942.6130579406966,916.8488082427311,931.545654296875,2485826.0
2022-09-20,944.5398739317619,955.0247604639162,940.9552823798388,946.4666137695312,2321528.0
2022-09-21,938.4459673825393,956.1448870922511,938.2667815730771,950.0511474609375,2760138.0
2022-09-22,940.9552991427017,960.6705530295012,934.0101528871246,939.521484375,3867282.0
2022-09-23,930.2014506920718,940.8656317838175,915.8630853634851,927.6026000976562,3230711.0
2022-09-26,922.1361659499117,942.9716041018413,908.2906703031954,925.6311645507812,3314114.0
2022-09-27,927.4681539656481,936.474483424702,913.2194362702098,916.3111572265625,4448875.0
2022-09-28,910.4861250966475,928.7675612980615,903.8098133384756,922.7633056640625,1965519.0
2022-09-29,934.5476579975359,936.0263236617265,897.6264145026074,902.5103759765625,3176310.0
2022-09-30,897.0439131197269,912.9953324037309,882.3022714403436,903.8546142578125,3848885.0
2022-10-03,905.10932546774,912.5025452054714,895.3861432064238,901.07666015625,2431236.0
2022-10-04,915.8631357170618,928.4092060693503,912.1889512782163,921.5089111328125,2715420.0
2022-10-06,926.123834709267,936.4743848250736,920.6573553941581,924.1972045898438,2397633.0
2022-10-07,922.942734590174,928.8124376389336,915.0117929388788,917.52099609375,1539126.0
2022-10-10,903.4066262426032,925.7207295994573,899.2843680087661,922.4497680664062,1660433.0
2022-10-11,927.0648832851803,927.5129571775366,896.6406550548836,900.4940795898438,2310765.0
2022-10-12,903.137715623443,912.9953411366304,894.5347188723599,910.3965454101562,2192421.0
2022-10-13,913.0401689171852,914.9669085758505,898.881044542583,907.7529296875,1344162.0
2022-10-14,927.5130018022383,940.8656263154883,910.5309895255884,913.9363403320312,3492929.0
2022-10-17,913.1746480509788,921.1951274537761,902.8241514485869,916.9832763671875,1426207.0
2022-10-18,921.5984111827871,926.5719657926239,908.6938610992196,913.5330810546875,2395805.0
2022-10-19,918.1033930564007,923.0322058058495,910.7549703815552,913.3538208007812,1304927.0
2022-10-20,905.1093113167316,935.0406708171021,902.420867817771,933.472412109375,1852905.0
2022-10-21,933.4724269509612,935.8919823812766,924.0180234054128,933.0243530273438,1202009.0
2022-10-24,941.8513627001629,941.9858067523256,936.4744757580116,939.29736328125,231316.0
2022-10-25,944.0021967487028,973.2165956986144,941.8514199624711,970.080078125,3097049.0
2022-10-27,979.7583884605931,983.9702391697698,956.3241026891901,964.1205444335938,2342818.0
2022-10-28,968.735802859491,968.735802859491,936.5193321737871,940.0142211914062,1542568.0
2022-10-31,943.8677007057325,966.3162475749172,943.6436637485274,952.963623046875,2629847.0
2022-11-01,957.9820506261789,967.8396769656438,938.401242003215,959.6847534179688,4709472.0
2022-11-02,959.7743318173449,984.5975831033948,955.6072225036743,969.6319580078125,4104485.0
2022-11-03,958.8781113669453,959.9087031783305,941.0896000580445,943.5091552734375,3460133.0
2022-11-04,943.6436173152271,948.841318223847,930.8735113828985,944.2261352539062,2531080.0
2022-11-07,948.9757590911713,956.9963482979863,935.9816147582928,944.091796875,2588984.0
2022-11-09,954.5765266502989,956.3543467236381,934.5641979494469,937.8919067382812,2697639.0
2022-11-10,925.4013873050459,942.7241718949925,916.512063633889,930.962890625,3285774.0
2022-11-11,956.4000812879705,971.8994153031234,953.8472052852735,965.2437744140625,5299457.0
2022-11-14,968.2523827687842,979.6033195743613,962.2805368317936,971.306640625,2229790.0
2022-11-15,970.9876826764375,976.0021730564567,957.3117998218398,972.7655029296875,1577944.0
2022-11-16,971.8991890393592,980.1047169017928,965.517111813022,972.6741333007812,2335937.0
2022-11-17,966.429013098096,968.1156829846744,954.8501439684459,965.1070556640625,2089630.0
2022-11-18,966.4290350720438,970.9876625959685,953.6648780050546,967.2039794921875,1617331.0
2022-11-21,961.9615714120125,964.5144473792759,946.1887867334647,950.5650024414062,1475958.0
2022-11-22,950.5649235841056,959.955740154686,944.5931887156845,957.9043579101562,1696991.0
2022-11-23,962.736468011066,965.1981935631813,949.4252983736659,951.8870239257812,1704144.0
2022-11-24,956.673571814309,976.4579698222749,953.6648332718016,974.9080810546875,2208145.0
2022-11-25,975.5462571490212,987.3075380221704,966.4290024093108,984.80029296875,1943246.0
2022-11-28,980.1048442606212,994.6924512449655,976.8226549480656,982.110595703125,1749691.0
2022-11-29,981.1078710510244,989.6324829361826,978.099243424006,979.6947631835938,1233868.0
2022-11-30,979.8769014831372,986.4869108208927,969.3464282961802,981.9282836914062,3909954.0
2022-12-01,995.0572198304164,1010.1462098795665,992.0941119945109,1004.265625,4264917.0
2022-12-02,1004.2655850308015,1017.7591662335808,1002.9436276437028,1016.345947265625,3418928.0
2022-12-05,1021.1325461042283,1021.1325461042283,999.479065773893,1002.6701049804688,2760688.0
2022-12-06,992.8691292063972,999.3879891823336,984.7092300085467,992.6868286132812,1838107.0
2022-12-07,990.1339155598,991.319203254653,979.3755098968275,982.8857421875,1478573.0
2022-12-08,982.931227217606,986.8516913372971,975.8198351817261,979.3299560546875,1110431.0
2022-12-09,979.1475242161208,980.7430437889915,939.2595348943544,943.909423828125,3138360.0
2022-12-12,942.724183062658,952.2061506831403,931.6011206436754,940.9918823242188,1689393.0
2022-12-13,948.0577479235627,954.9868395304726,939.2140550073856,953.4369506835938,1983827.0
2022-12-14,958.2234290194525,973.7683921526923,958.2234290194525,971.0787353515625,1983937.0
2022-12-15,966.4289978668877,966.4289978668877,930.1879104468794,932.4672241210938,5184673.0
2022-12-16,925.4013952464686,942.2683172287934,921.7544931962362,930.6893920898438,2994364.0
2022-12-19,929.914390262725,937.3449193430274,920.6147794792031,936.0684814453125,1529622.0
2022-12-20,934.5186571989975,934.5186571989975,915.3724212954083,928.0910034179688,2149130.0
2022-12-21,934.0627331685029,939.5787167157955,930.187899965998,935.4759521484375,2037666.0
2022-12-22,939.0773305865058,943.635958404887,923.2132835196147,926.1763916015625,1925482.0
2022-12-23,916.329744414853,925.8572874536114,905.343462768524,907.8507080078125,1504806.0
2022-12-26,912.0445632093199,917.6516971797734,905.3434031788524,912.63720703125,966423.0
2022-12-27,920.5692762052305,923.2132468464767,905.5258050021502,920.4324951171875,1615647.0
2022-12-28,916.55767090395,929.4130343596507,913.7313439991384,926.5410766601562,1077963.0
2022-12-29,920.842721283613,926.0395675727937,918.1075448837606,923.76025390625,1977329.0
2022-12-30,932.4672299197402,936.9347070079045,925.4013574857358,926.6777954101562,1317151.0
2023-01-02,928.0453568512906,931.6466278572109,916.4664325188401,920.3868408203125,1348611.0
2023-01-03,923.5778758346504,934.3362806040727,919.0648237521967,933.4244995117188,1439615.0
2023-01-04,933.4244985269613,938.484563612184,922.7572997016807,930.2334594726562,1702044.0
2023-01-05,930.8716563395897,934.4729272404944,915.8281868688715,922.3470458984375,1376035.0
2023-01-06,920.3869131814768,922.3471453099797,898.0496379234814,899.09814453125,2346808.0
2023-01-09,909.8565531363191,930.8718166130571,907.5316640381977,925.62939453125,2190779.0
2023-01-10,923.5779382980332,924.5352389506178,910.8593563499559,914.1416015625,1411099.0
2023-01-11,919.4295494286814,927.1792158231913,914.6885659166967,917.514892578125,1294200.0
2023-01-12,920.8427020008965,924.0337410672362,909.2637776878597,913.1386108398438,1948321.0
2023-01-13,915.7826440709827,919.930983760262,899.2348048098318,914.597412109375,2837817.0
2023-01-16,919.2015417020891,944.3195648587586,914.6884899295675,943.13427734375,4286551.0
2023-01-17,942.7241130545735,957.3117202198281,939.8977864252275,953.71044921875,2466876.0
2023-01-18,953.7104712452068,958.6793305327859,951.3855267817044,955.807373046875,1138627.0
2023-01-19,951.7502538077406,960.9586589256191,948.2856524550585,960.3204956054688,1768051.0
2023-01-20,959.591080491986,964.1497079527554,949.8811817416237,954.1207275390625,1160517.0
2023-01-23,960.5028249312645,975.1815833855762,954.8045404928968,971.26123046875,1344952.0
2023-01-24,975.5463706999318,982.2020119524642,971.2613049913434,976.0933837890625,1578750.0
2023-01-25,970.9876665612592,973.4492809163843,956.4000584251276,958.3602905273438,1049973.0
2023-01-27,958.223480813535,964.2864775228957,931.3275791161047,939.1683959960938,1651820.0
2023-01-30,939.1684407967501,955.4427191547991,928.5012966749016,944.6387939453125,2654212.0
2023-01-31,934.5185604001501,938.028681026634,908.1240982232899,925.4013061523438,5797831.0
2023-02-01,928.182181575294,943.1800779461424,914.7342297631087,933.3790283203125,1939670.0
2023-02-02,936.6155989816864,952.0693008360432,921.8455799199845,926.9057006835938,3860090.0
2023-02-03,934.0171724389293,936.2509667588163,914.460704385424,922.0280151367188,2980262.0
2023-02-06,917.1958542839717,926.6778217561687,908.9903247724849,916.6032104492188,2003960.0
2023-02-07,916.2841173854998,919.4295814552399,908.9903134660133,913.959228515625,1697633.0
2023-02-08,918.563434456524,931.0085096984064,915.6914768938409,921.800048828125,2611176.0
2023-02-09,921.8000579856439,927.8630548349588,914.0959663616244,926.3131103515625,1782899.0
2023-02-10,922.2560090572849,931.4188401035691,915.4636422851042,927.5440063476562,1116554.0
2023-02-13,925.4014524236285,927.9542728870587,912.1814316747195,914.0048828125,1682312.0
2023-02-14,917.2414389278825,935.156811825096,916.9679324041291,922.7117919921875,2440189.0
2023-02-15,925.3102037077675,980.1048823110733,919.2927822047295,976.8226928710938,6712218.0
2023-02-16,980.1049475278561,1040.324463472881,979.2388527897496,1030.477783203125,14422445.0
2023-02-17,1010.2830000322065,1038.4553401223686,1010.2830000322065,1029.5203857421875,5333732.0
2023-02-20,1029.7939685186177,1054.7296390786264,1021.1325761317856,1043.1962890625,4590531.0
2023-02-21,1044.837481468059,1050.2622039787743,1031.2072289981704,1034.3070068359375,3494288.0
2023-02-22,1022.9560058878297,1034.124643207015,1019.3091039060549,1026.329345703125,2674708.0
2023-02-23,1027.5146113442765,1048.0284345521259,1024.825065708204,1029.15576171875,2576193.0
2023-02-24,1036.6318840456393,1040.2787860123785,1017.4856487202582,1020.2208251953125,1913493.0
2023-02-27,1011.1034589092209,1019.5369187783916,1000.0259731464706,1015.616455078125,2247105.0
2023-02-28,1019.3091041098614,1035.2643002833163,999.934937327809,1003.1259765625,3894204.0
2023-03-01,1003.1260748854609,1029.3381854539289,1000.1629667342428,1027.423583984375,2084324.0
2023-03-02,1021.1326250219712,1024.7795272541925,1007.4567416511412,1011.8330688476562,1838692.0
2023-03-03,1019.3092339105167,1020.7679726303535,986.8973438957782,989.3590698242188,2388401.0
2023-03-06,995.6041139166085,999.2510154327866,989.222036263297,993.8262939453125,2076844.0
2023-03-08,984.663475155868,992.3219911104466,975.1815083213711,983.1135864257812,2230530.0
2023-03-09,986.4869145231427,987.7177215938017,964.012860431508,966.428955078125,2550755.0
2023-03-10,952.7531255176126,969.1185533471748,949.1518543935496,967.5686645507812,1400844.0
2023-03-13,1025.6912481468203,1061.88670811913,1025.6912481468203,1033.7144775390625,13080169.0
2023-03-14,1028.426403961763,1037.7715906998908,1001.4393503720454,1016.8475341796875,4325522.0
2023-03-15,1025.6000342260638,1032.2555635799367,1012.5167955980385,1016.0269165039062,2583351.0
2023-03-16,1008.3683417483854,1023.5029618701354,1003.8553453153664,1019.0811157226562,2396839.0
2023-03-17,1024.1867659463014,1032.529076104879,1015.844455787724,1027.6513671875,2507004.0
2023-03-20,1036.4495900068146,1036.4495900068146,999.2511451934456,1011.1035766601562,4007438.0
2023-03-21,1007.4110482573712,1011.8785254731692,990.5441264814162,998.9320678710938,3354949.0
2023-03-22,1000.1628002925869,1008.6418913398023,997.0173920656633,1002.5332641601562,1750203.0
2023-03-23,991.1367578681691,1013.8387448269033,991.1367578681691,1002.3965454101562,1720354.0
2023-03-24,1007.4565882966252,1019.3090187471738,999.8437033046174,1004.67578125,1943460.0
2023-03-27,993.871958382252,1015.3431387079148,993.871958382252,1005.6332397460938,1455300.0
2023-03-28,1001.9863636073321,1007.092004347681,972.0817215223132,975.8198852539062,2431154.0
2023-03-29,980.7431027769076,991.4103581967478,971.0788344703166,985.6664428710938,1642278.0
2023-03-31,998.3394194001897,1008.3683998690501,995.1027493673929,1004.584716796875,2281085.0
2023-04-03,1007.0919897480508,1007.4567022159216,989.3133420618874,1005.8155517578125,1508662.0
2023-04-05,1004.721401143733,1016.5738314657553,1001.6215124928984,1006.0889892578125,1947605.0
2023-04-06,1006.5449366206245,1007.4110313145445,987.398701413167,996.2880249023438,1355815.0
2023-04-10,999.5702868978537,1013.6108826606908,994.5557963607422,1009.5081176757812,940829.0
2023-04-11,1010.1916903489928,1018.3972185196976,995.9687971120242,1001.3023681640625,1384483.0
2023-04-12,1005.633326536374,1015.2064452386695,994.5103188477485,1011.9242553710938,1376719.0
2023-04-13,1003.1260189280028,1003.1260189280028,981.016674725318,990.9088745117188,2725180.0
2023-04-17,943.6358744155451,946.3710508631264,913.5489334921509,939.0316162109375,4349422.0
2023-04-18,943.4535198664736,946.1430653682268,921.7544101057839,934.7008666992188,2735592.0
2023-04-19,934.7009298172895,938.1655312045013,920.8427468576738,924.3984985351562,1953837.0
2023-04-20,925.492563074563,933.4245863135723,920.8883602783684,931.6011352539062,1250758.0
2023-04-21,924.763197379465,929.5953315769253,906.1183990923499,910.5858764648438,4269272.0
2023-04-24,913.5489350787573,918.5178500966211,903.5199547535414,917.2869873046875,1625433.0
2023-04-25,917.1958862427125,917.2870365370928,906.619892318321,908.9903564453125,1984203.0
2023-04-26,908.9902697229538,914.0047596762901,905.069861434352,908.35205078125,1589700.0
2023-04-27,910.8137292135796,919.6119021100504,905.34337648557,914.597412109375,3543950.0
2023-04-28,895.268777135389,936.0684335699287,894.4482020077827,933.3333129882812,5146250.0
2023-05-02,930.3246932675669,971.7170519276973,930.3246932675669,960.4571533203125,4762884.0
2023-05-03,948.1033961598538,957.9955958519108,946.5990267839603,947.829833984375,2217136.0
2023-05-04,941.8123927090118,954.622179838242,938.0287098211037,953.163330078125,1744298.0
2023-05-05,953.6648962702715,957.9499617069843,940.4905069916514,944.912353515625,1222282.0
2023-05-08,949.0605549405938,954.5765383860744,943.9093952256785,951.2487182617188,1487285.0
2023-05-09,955.8530433184397,958.6337393366249,948.0577457196515,955.3060302734375,1747630.0
2023-05-10,955.4883056258293,958.2234820732315,946.5078318824484,953.8016357421875,1186977.0
2023-05-11,961.870373330178,965.3349746429567,950.8840368705046,951.8870239257812,1451786.0
2023-05-12,951.8870458958695,960.5028072905967,942.7697909619294,953.9839477539062,1140016.0
2023-05-15,953.6647344361347,975.4549929790162,950.0178329660157,970.4860229492188,2122222.0
2023-05-16,975.4551403618408,977.1874410808031,960.0469570636245,963.8761596679688,1343911.0
2023-05-17,964.6056411618096,972.2641581142686,947.2828555454822,961.0955200195312,2803566.0
2023-05-18,965.5172817907217,966.3833764775042,952.7987558827122,956.12646484375,909923.0
2023-05-19,963.2836951687115,983.523958297872,956.4001225997383,977.506591796875,2624323.0
2023-05-22,977.3696925191878,1012.4254919167935,975.6373918873303,1006.9551391601562,2996190.0
2023-05-23,1006.5448036666094,1020.4029847064979,990.4984594902646,994.2365112304688,1414119.0
2023-05-24,989.4501282363215,1005.952338017091,989.2221968545578,1001.7584228515625,1782245.0
2023-05-25,1000.1628956710671,1002.898072231699,986.0767809016604,1001.165771484375,1200289.0
2023-05-26,1001.9862714015895,1021.4972183265662,1001.9862714015895,1016.345947265625,2104054.0
2023-05-29,1028.471981542585,1028.471981542585,1012.1064422516595,1015.7078247070312,1432241.0
2023-05-30,1016.5738904343398,1021.8619426333678,998.3393811888808,1001.4392700195312,2822485.0
2023-05-31,1001.4393847598633,1027.9249456967193,999.251221140776,1017.0755004882812,7599886.0
2023-06-01,1022.9559034084931,1036.3582223310298,1018.9442893714995,1021.8618774414062,1412280.0
2023-06-02,1028.4262781053287,1038.6375583346307,1018.9443114383439,1023.9588012695312,1907589.0
2023-06-05,1024.8706815256567,1034.3982804210584,1009.7360594621688,1011.4227294921875,1754521.0
2023-06-06,1002.8981037381328,1004.7215548358386,976.9595563911184,990.3618774414062,3284841.0
2023-06-07,998.3394367563899,1001.9863388084681,988.4927566979317,998.9776000976562,2086377.0
2023-06-08,1003.8097700684473,1004.2656328159807,974.6345542263126,976.7315673828125,4054486.0
2023-06-09,983.7518160979622,983.7518160979622,966.5201818610485,969.2098388671875,2782697.0
2023-06-12,971.8992946897171,983.7517251127624,968.3891740925827,979.8768920898438,1767945.0
2023-06-13,984.2532361520578,991.8661212620821,980.4695533444982,984.116455078125,1846534.0
2023-06-14,984.6635051784162,989.1765017259722,976.5036067598292,982.475341796875,1321534.0
2023-06-15,983.7061833875961,987.854578929095,974.9536408493626,986.0311279296875,1389325.0
2023-06-16,987.8545104710541,990.9999187092097,976.8681744431263,982.110595703125,4392418.0
2023-06-19,983.7518181902407,999.0688511655444,979.2388214661582,997.06298828125,2188899.0
2023-06-20,997.0630774066062,1012.8814940459955,992.1397369891275,1009.5993041992188,3318866.0
2023-06-21,1009.5991826054467,1021.8163262308593,1006.6360748113353,1021.0413818359375,1985965.0
2023-06-22,1018.3061255452035,1026.830735809988,1012.3799104217718,1020.266357421875,2360795.0
2023-06-23,1015.66213596674,1019.3090377116835,997.4732580316783,1017.0297241210938,3492348.0
2023-06-26,1014.0212536607511,1026.6031125239263,1010.4656125553931,1013.747802734375,1432154.0
2023-06-27,1011.103529900305,1022.0442353636085,1009.0065168353274,1020.8589477539062,1227245.0
2023-06-28,1021.1325758973645,1027.469023703166,1007.1831310123478,1010.2830200195312,1876800.0
2023-06-30,1016.2548713924929,1032.5291496377938,1012.5623385249472,1031.0247802734375,2478834.0
2023-07-03,1035.7201794987177,1036.540754716751,1016.6650940782419,1022.4545288085938,1899656.0
2023-07-04,1024.369124931767,1053.9545698531413,1021.2236055027603,1046.6607666015625,2773593.0
2023-07-05,1049.2137531697751,1080.3490900555823,1045.2932889897772,1071.2774658203125,3732838.0
2023-07-06,1071.2773885720862,1079.4829175058298,1059.4249578900121,1075.1522216796875,2520085.0
2023-07-07,1066.7189928734592,1079.756713970877,1049.6241372184359,1053.954833984375,2261102.0
2023-07-10,1057.5558831521323,1057.5558831521323,1035.3553908727,1045.8858642578125,2088505.0
2023-07-11,1052.7237957331138,1063.2541577301126,1044.0167733114217,1058.9234619140625,1212566.0
2023-07-12,1063.071931462059,1065.8071079581018,1051.6297319357657,1057.0545654296875,1274203.0
2023-07-13,1057.054544484912,1086.6856226049263,1051.6753418903556,1071.50537109375,3215610.0
2023-07-14,1079.4373327672906,1123.2457864059188,1078.5712380829561,1120.1915283203125,6033106.0
2023-07-17,1126.8016888861273,1158.5753037191653,1112.8978735158992,1132.7279052734375,4880073.0
2023-07-18,1133.2748221367465,1147.3154174132937,1116.8637627654984,1137.4232177734375,2666872.0
2023-07-19,1144.2154012981996,1150.3239170900765,1122.4251415165477,1134.8245849609375,2293881.0
2023-07-20,1135.0982622455638,1144.671380119924,1126.5280201753083,1142.346435546875,2000345.0
2023-07-21,1122.277399811384,1139.539561735368,1104.9684111523504,1118.16064453125,5032086.0
2023-07-24,1119.4705610233377,1126.4408920036765,1080.8761935831265,1087.05126953125,2669308.0
2023-07-25,1089.0629344499837,1089.7178235197553,1071.2861339735666,1082.0457763671875,2557865.0
2023-07-26,1083.4491658065579,1091.8697551781113,1066.0933498061236,1069.6019287109375,3170213.0
2023-07-27,1039.4749702593042,1052.573664754021,1012.6226922297559,1029.089599609375,17594818.0
2023-07-28,1029.1830883424059,1029.1830883424059,1015.1956002354618,1020.809326171875,4244321.0
2023-07-31,1024.504950988031,1046.959854023385,1017.1603492958591,1043.6851806640625,4766331.0
2023-08-01,1047.8954757870574,1080.1743989251408,1047.8019365333134,1069.882568359375,3805214.0
2023-08-02,1069.414746677336,1078.3966849619765,1053.134919292433,1071.8941650390625,2357217.0
2023-08-03,1066.6079985746358,1073.110519197114,1049.111930598428,1069.227783203125,2348236.0
2023-08-04,1079.6596820327231,1105.7635277471768,1069.2276004620069,1099.5416259765625,3580506.0
2023-08-07,1104.0327146161883,1116.0554209118616,1096.6412863116193,1107.44775390625,1694290.0
2023-08-08,1109.6464165720724,1131.0721585876522,1099.4481256516572,1127.7974853515625,5137402.0
2023-08-09,1129.2478785285975,1156.8955286380133,1122.932435893493,1148.9427490234375,3396984.0
2023-08-10,1141.4576210178243,1159.4214985492233,1137.3408657718437,1156.240478515625,3715680.0
2023-08-11,1156.2405365624295,1169.8537542810648,1137.0603050824207,1141.878662109375,2933959.0
2023-08-14,1134.066231138798,1142.5803596959004,1125.5521025816956,1141.2237548828125,1842625.0
2023-08-16,1142.3931435623851,1159.2343201259584,1141.4575226421869,1148.8021240234375,2341456.0
2023-08-17,1146.135730096915,1154.4627798762554,1136.3585362880544,1152.451171875,2636308.0
2023-08-18,1147.024666253444,1147.024666253444,1127.563815486518,1132.85009765625,1794430.0
2023-08-21,1127.4232642574693,1145.200062615056,1126.8150877871378,1140.381591796875,1175945.0
2023-08-22,1140.381618338372,1144.2644682807343,1131.3996796962208,1135.0953369140625,1003208.0
2023-08-23,1135.0953162940068,1140.381597622286,1121.996622700452,1123.6807861328125,1569035.0
2023-08-24,1128.5460849734732,1138.1830276451444,1119.6576848397872,1121.9031982421875,1218843.0
2023-08-25,1113.3890751842293,1120.125501215007,1102.5826061228186,1112.9212646484375,1213340.0
2023-08-28,1112.9679549887705,1119.2833964479803,1106.1847030511005,1108.4769287109375,950013.0
2023-08-29,1115.6345683739262,1130.1366947205715,1111.7517181549326,1120.8740234375,1419344.0
2023-08-30,1130.1832915182188,1142.9545404483777,1117.646062039307,1120.1253662109375,2016339.0
2023-08-31,1121.8095438991045,1136.3116689453398,1120.8739229283794,1124.569580078125,2817747.0
2023-09-01,1127.423270802349,1150.720255838001,1126.5344765639275,1148.9893798828125,1686038.0
2023-09-04,1155.4920383056494,1184.496291898747,1146.6504647497964,1175.841796875,3466873.0
2023-09-05,1177.7130100355405,1185.0576125189725,1168.2632601657492,1173.783447265625,2199985.0
2023-09-06,1173.7833923054825,1178.5082099133701,1156.2872107644757,1168.5438232421875,1753376.0
2023-09-07,1168.5438347914003,1192.7764422082164,1158.9070067500913,1187.5369873046875,2554884.0
2023-09-08,1190.1098715011647,1195.7235973101324,1177.9936256480935,1181.6424560546875,1731105.0
2023-09-11,1183.560479907535,1192.9166892348674,1182.157048508435,1187.16259765625,1293853.0
2023-09-12,1189.9227408119852,1201.1501919375776,1170.9764170375481,1184.49609375,2335224.0
2023-09-13,1179.1631746108753,1187.0691262597702,1173.1751774567927,1179.2567138671875,1204376.0
2023-09-14,1180.7537767783795,1206.3429899066618,1180.7537767783795,1197.45458984375,3288631.0
2023-09-15,1195.9107157700648,1219.769051255196,1191.981153257133,1216.3541259765625,4316210.0
2023-09-18,1217.2429478323104,1218.1785688529346,1200.4017694610716,1206.7640380859375,1967717.0
2023-09-20,1199.4661172137487,1206.1558301793643,1187.3498709967155,1192.30859375,2843560.0
2023-09-21,1193.8055549955313,1212.5648015059166,1184.4026325848554,1208.494873046875,2960250.0
2023-09-22,1206.9979332420885,1235.0197368907086,1201.337380430053,1221.3128662109375,3252940.0
2023-09-25,1221.3129116324812,1229.7803277978142,1212.6117044168036,1215.792724609375,2100302.0
2023-09-26,1216.3073955586324,1219.1610855174504,1196.7997190183303,1199.7469482421875,1141475.0
2023-09-27,1188.1918075797932,1210.599998383725,1182.6249084816059,1205.68798828125,1568115.0
2023-09-28,1192.0280323763259,1192.0280323763259,1143.3289115319362,1150.3460693359375,6570797.0
2023-09-29,1145.2000920818218,1152.3576154996426,1132.101398218141,1144.077392578125,2861162.0
2023-10-03,1142.0188544359723,1151.4686027394216,1134.4871746734543,1137.902099609375,1622290.0
2023-10-04,1132.1015675651581,1137.2474837813634,1109.6934871810352,1127.4234619140625,2340603.0
2023-10-05,1135.8439810556106,1145.1533650344998,1122.2774755158196,1127.9847412109375,2497613.0
2023-10-06,1129.2945799638776,1144.2645164008468,1127.4233379092564,1138.5572509765625,1446719.0
2023-10-09,1125.7858293196043,1148.7085409907702,1124.7566691889201,1134.5806884765625,1451064.0
2023-10-10,1136.966771234662,1152.170614861175,1134.908450397545,1148.7088623046875,1503359.0
2023-10-11,1150.9074814491298,1159.1409927363586,1143.32897345268,1152.3109130859375,1622663.0
2023-10-12,1152.6850821167884,1152.6850821167884,1112.734110750769,1121.57568359375,2452842.0
2023-10-13,1110.5820895522388,1125.5051983144267,1104.0327427730765,1117.2249755859375,3266079.0
2023-10-16,1118.347883656115,1121.1079200613588,1104.7813784686418,1108.336669921875,2638043.0
2023-10-17,1113.3890586631649,1125.5521324132667,1111.9388003391077,1120.499755859375,1163897.0
2023-10-18,1122.7453162419126,1124.616558435649,1102.2084788502782,1110.67578125,2337078.0
2023-10-19,1095.1912615898887,1109.1319238125373,1092.6183037121907,1096.688232421875,3107691.0
2023-10-20,1094.6765319058466,1100.290257710492,1074.467141851432,1095.3314208984375,2962470.0
2023-10-23,1089.1564624766197,1095.5654439504624,1077.4144865995052,1081.5311279296875,1203959.0
2023-10-25,1087.1916843201827,1090.8406293387839,1063.3333470136727,1068.61962890625,1555285.0
2023-10-26,1029.2299553036673,1047.895549087162,1027.4522525120128,1043.638427734375,7099401.0
2023-10-27,1047.848692281289,1053.462418276017,1042.3286197557115,1048.41015625,1382498.0
2023-10-30,1048.4102692870144,1065.5788936296597,1043.685337047402,1054.3514404296875,2255915.0
2023-10-31,1054.3513432732375,1063.941458664503,1043.732067609122,1060.198974609375,1194765.0
2023-11-01,1058.1405967105468,1064.7367708967704,1047.8487650059208,1052.667236328125,1288497.0
2023-11-02,1063.921112375161,1068.649650652384,1053.3292328113134,1054.9368896484375,2493118.0
2023-11-03,1062.975382432583,1074.3238740599772,1055.4097213476537,1071.581298828125,1108121.0
2023-11-06,1075.7424509909856,1082.6461630074436,1072.763448807368,1080.1400146484375,572330.0
2023-11-07,1079.9982100603786,1087.8476302686,1074.8441491930043,1086.6181640625,902481.0
2023-11-08,1089.2188727675139,1090.2591281769228,1075.317015380783,1077.302978515625,806162.0
2023-11-09,1078.106755024601,1079.052462704447,1056.544573746976,1062.9281005859375,6042108.0
2023-11-10,1061.0839762004991,1077.8702868756855,1060.611122378663,1076.357177734375,706806.0
2023-11-13,1078.6740648260159,1080.1399577822676,1066.75817216171,1069.92626953125,435537.0
2023-11-15,1082.8353176584133,1114.847500249093,1081.4167561068957,1110.0244140625,2816201.0
2023-11-16,1111.206463659711,1148.9874372470108,1104.0191087705623,1141.658203125,2294942.0
2023-11-17,1146.3867198481576,1148.0417081673659,1132.9577179494258,1137.4498291015625,1176628.0
2023-11-20,1139.4832606030557,1156.1276934695509,1137.4499659063413,1146.0086669921875,1077366.0
2023-11-21,1153.7159953365042,1154.8509137761969,1135.227480142517,1139.1048583984375,1129326.0
2023-11-22,1139.5777034169541,1151.8719027069296,1138.631995779264,1149.4130859375,750622.0
2023-11-23,1149.0347266795454,1154.6144245725618,1141.4217343709186,1145.1573486328125,651637.0
2023-11-24,1146.2450362497798,1148.9874961592088,1130.2152218566262,1132.81591796875,884921.0
2023-11-28,1130.2153058215779,1143.3606665989175,1121.6093884088637,1137.1190185546875,910795.0
2023-11-29,1141.4692362217013,1167.5707466208876,1141.1382616029969,1155.37109375,1898448.0
2023-11-30,1155.654782402998,1161.6127869509482,1143.0768241096953,1154.6617431640625,2978406.0
2023-12-01,1160.1942424093409,1160.1942424093409,1145.7722001102366,1154.2835693359375,1017856.0
2023-12-04,1170.7861154422683,1181.3779953499118,1151.8719617194529,1157.45166015625,1581599.0
2023-12-05,1157.5461174469242,1159.673959574584,1143.2186240321168,1154.3306884765625,1499843.0
2023-12-06,1156.600397655118,1179.2973801111466,1152.4865926735274,1158.680908203125,2637916.0
2023-12-07,1159.4376101701412,1164.1661485476702,1153.8579117960903,1156.8369140625,1076885.0
2023-12-08,1163.2204145628393,1170.7387442359309,1151.1626419728586,1158.775634765625,2642571.0
2023-12-11,1164.1661347886618,1173.1503575997847,1158.7756472791202,1166.34130859375,1558876.0
2023-12-12,1170.7387488704865,1177.4060340355302,1152.4866603394885,1159.5794677734375,1114846.0
2023-12-13,1159.4376022543408,1166.9559320461499,1132.0594114124983,1150.0750732421875,3025706.0
2023-12-14,1167.9489069074598,1200.8595781537229,1163.3622480539186,1196.036376953125,5287733.0
2023-12-15,1201.0486981207005,1252.8735227679213,1193.955890848334,1235.188720703125,5900381.0
2023-12-18,1234.1486702533807,1260.675820032517,1216.6057445105719,1221.6180419921875,2671348.0
2023-12-19,1229.4198752138338,1230.3182512532076,1200.2920350701004,1211.876953125,1717860.0
2023-12-20,1220.9085742615437,1242.6598501778994,1170.9751642416475,1180.810546875,2860865.0
2023-12-21,1165.111840371361,1190.2204249915608,1159.4375943955265,1182.2291259765625,3337533.0
2023-12-22,1191.5915741761773,1211.3568860744895,1175.0416912015082,1205.9190673828125,2297352.0
2023-12-26,1205.77726319502,1218.780743484378,1192.111833722608,1212.397216796875,1720830.0
2023-12-27,1217.976939570504,1221.3814641171075,1198.448052963534,1210.647705078125,1584695.0
2023-12-28,1215.2344363312095,1219.0172672614235,1201.5690057729473,1216.1328125,2284964.0
2023-12-29,1216.1327748282633,1221.807021047815,1199.2519154136644,1203.554931640625,1187193.0
