Date,Open,High,Low,Close,Volume
2013-01-01,63.17360729632746,63.644157947238135,62.392015129760125,63.3091926574707,4247486.0
2013-01-02,63.53249229120778,63.68402464642494,62.47973606777102,62.806724548339844,4566377.0
2013-01-03,63.0858674559387,63.644149353948016,62.82268001448271,63.45273971557617,9293000.0
2013-01-04,63.628180963377645,64.58523532419339,63.428794638207705,64.38584899902344,9062813.0
2013-01-07,64.40179986640767,65.15946794741386,64.29014481571593,64.59321594238281,6664707.0
2013-01-08,64.26623606810409,64.56132402170914,63.10181828922994,63.508567810058594,5838542.0
2013-01-09,63.52451280409775,63.94721581834163,62.774821323356,63.33310317993164,7672520.0
2013-01-10,63.612249772790484,64.72881358537002,62.76685015946318,63.10182189941406,9906248.0
2013-01-11,64.76070566056173,67.44045975918849,64.52941877050836,66.9858627319336,24040265.0
2013-01-14,67.48033634806652,67.7754307674977,66.57113581234361,66.8582534790039,8431784.0
2013-01-15,67.23309529168799,67.56806698122806,66.51530437733776,67.14537048339844,5210345.0
2013-01-16,67.15334208961389,67.79137847069445,66.40365063993255,66.9858627319336,8225720.0
2013-01-17,67.63188331940461,69.62575391180869,67.37667260861942,68.70059967041016,20826538.0
2013-01-18,69.86501178567684,70.12022247520805,63.04599063441599,63.38096237182617,42738767.0
2013-01-21,63.971142754576796,64.09077458690868,62.72697040023672,63.41286087036133,15348870.0
2013-01-22,63.50855412697981,64.32204650292594,63.149658713651604,63.60425567626953,11873794.0
2013-01-23,63.684421103857304,64.59821140968015,63.63633237042218,64.40583038330078,8255341.0
2013-01-24,64.44591698986885,65.40779615320538,64.41385565572308,64.9188461303711,7883939.0
2013-01-25,64.76653755135862,65.47191945491343,64.22147535043169,65.3516845703125,6788739.0
2013-01-28,65.39177177912394,66.89069629758038,65.00701618205662,66.29753875732422,7647518.0
2013-01-29,65.76849056445737,66.20935177877762,64.99899257253512,65.51199340820312,6541902.0
2013-01-30,65.37571899162145,66.8345713120918,64.95089173992923,66.50592803955078,5489075.0
2013-01-31,66.06507937938325,66.61014160064796,65.18335685941021,65.9769058227539,7239480.0
2013-02-01,65.72839974047602,66.28148528606327,65.2554772871863,65.3436508178711,5916670.0
2013-02-04,65.4558894581868,65.78453280046234,65.06312344953764,65.423828125,5443982.0
2013-02-05,65.08716910753569,65.39978505098863,64.54210686308528,65.24748229980469,4271070.0
2013-02-06,65.52001577506888,65.72040725265092,64.46194616417174,65.03105926513672,4441545.0
2013-02-07,64.60621935988279,65.34366253748998,64.28559302582043,65.03907012939453,2552730.0
2013-02-08,65.4078076067367,66.61015677145018,64.64631980241816,66.11318969726562,5678441.0
2013-02-11,66.369663640116,67.46781143432544,65.42381857183531,65.64825439453125,7882200.0
2013-02-12,65.72842711666723,66.32159119387964,64.96693939268152,66.02500915527344,4508100.0
2013-02-13,66.08911517276242,66.67426213762595,65.15128707346291,65.64024353027344,5857619.0
2013-02-14,64.95892471931853,65.08717005647509,63.16341172119961,63.45197677612305,15573505.0
2013-02-15,63.323734735239896,64.51005647318239,61.73663647179498,64.00506591796875,8234408.0
2013-02-18,63.76458547482629,64.76654292970538,63.10730529832192,64.59020233154297,6106590.0
2013-02-19,64.7745586345689,66.06508111599373,64.22147943486124,65.8486557006836,5049097.0
2013-02-20,65.88872901573639,66.59411091081343,65.54405829328685,66.09713745117188,5471689.0
2013-02-21,65.75244897175477,66.77845042167445,64.74247492136494,65.05508422851562,7125859.0
2013-02-22,64.84669047449403,67.08306442014913,64.6302716083452,66.68228149414062,11582722.0
2013-02-25,66.72235791689218,68.26136039573954,66.72235791689218,67.18726348876953,9877752.0
2013-02-26,66.84260077883596,67.41972433118364,66.18531411079421,66.67427062988281,7714451.0
2013-02-27,67.01092312091575,67.75638333109616,66.23340810212808,67.09107971191406,8253384.0
2013-02-28,67.33154088702986,68.21326327542012,65.96887901406308,66.7544174194336,15345996.0
2013-03-01,67.33155779741553,68.21328040725128,67.07506058845075,67.60409545898438,7007246.0
2013-03-04,67.33956973823673,68.1010573899201,67.03497728682754,67.25139617919922,7096424.0
2013-03-05,67.33957343728554,69.68014874661041,67.17124327408739,69.42364501953125,13619329.0
2013-03-06,69.49578668376785,71.49970153712098,69.48776971972237,70.84241485595703,10632306.0
2013-03-07,71.03478578801267,72.58982885417001,71.03478578801267,72.0367431640625,14614545.0
2013-03-08,71.96461335497172,73.10283969870422,71.22717001633363,71.39550018310547,13742364.0
2013-03-11,70.97868276843647,72.05277981147918,70.15306594550674,70.4656753540039,8375491.0
2013-03-12,70.55385634329197,71.13098648374412,69.62403846063503,70.32140350341797,5993385.0
2013-03-13,70.20117749978441,71.37948230125234,69.80039444121188,70.42561340332031,6780771.0
2013-03-14,70.4255857028375,71.13898448502499,69.64005382627316,70.2973403930664,5521177.0
2013-03-15,70.36147354987537,70.97066495485076,69.92061229304792,70.69011688232422,4308702.0
2013-03-18,70.28130870298249,70.67407465375614,69.25530705322774,69.51982116699219,2711092.0
2013-03-19,69.73624654964267,70.36146528571831,68.88658546801108,69.51982116699219,3878665.0
2013-03-20,69.47172843287815,69.85648395786315,68.35755319706425,68.92666625976562,8053789.0
2013-03-21,69.01483605130996,70.09694989858606,68.5098456753522,69.6961669921875,5378206.0
2013-03-22,69.78433578527239,70.44963934068525,68.79841241975767,69.84846496582031,6314115.0
2013-03-25,70.42560407020788,70.6019512018742,68.86255034891782,69.15111541748047,8500989.0
2013-03-26,69.17516392547476,70.71416669945212,68.3735914190465,70.20918273925781,6408339.0
2013-03-28,69.5679089591529,70.84239718331423,69.15910912641772,70.0809097290039,17910528.0
2013-04-01,70.10496131091922,70.81836011273477,68.63008149953987,69.0949935913086,4669486.0
2013-04-02,69.09500064788482,72.33332560261192,68.56596584543672,72.0848388671875,10150754.0
2013-04-03,71.6760569622707,72.89444005449398,71.49971633258161,71.9165267944336,10462632.0
2013-04-04,71.66000665213333,72.42149421061792,70.7782842159933,71.35540771484375,8704264.0
2013-04-05,70.77828129269636,74.22501430979533,70.33742009283486,72.87837982177734,9640178.0
2013-04-08,72.3814298484862,73.10283925326033,68.86254986667042,71.9485855102539,32723490.0
2013-04-09,65.24746657917801,67.01091126925532,62.56222125565121,63.11530685424805,37791035.0
2013-04-10,63.33974826159099,64.89478468482109,63.33974826159099,64.4859848022461,13002327.0
2013-04-11,65.3116132453269,65.40779724937616,63.96497848019113,64.59822082519531,6829688.0
2013-04-12,62.50612651882618,62.52215392310367,60.766725887733685,61.52821350097656,20673728.0
2013-04-15,61.54424283124963,62.94698306665352,60.32586013180642,60.77473831176758,8408424.0
2013-04-16,60.678541912970466,61.415985031577776,60.38997693076939,61.13543701171875,3664047.0
2013-04-17,61.72060186813868,61.792748034641455,59.508278158984155,60.04533004760742,6061310.0
2013-04-18,59.83690348392645,60.58236363502211,58.08147558482949,59.16358947753906,13580647.0
2013-04-22,55.51647436201138,55.78900549173905,52.502584959753236,54.41031265258789,47731097.0
2013-04-23,54.867196776141824,55.77296359879464,54.52252280017613,54.94735336303711,9254973.0
2013-04-25,54.987428694722404,55.30003806214413,53.33620178898686,53.78507995605469,12929346.0
2013-04-26,53.89730778736227,54.346186037050565,52.54266259709273,52.935428619384766,7893091.0
2013-04-29,53.06368041033118,54.971404815060055,52.45448896677689,54.827125549316406,9223384.0
2013-04-30,55.17178750443554,56.10962215160194,54.386255586225396,55.84510803222656,8185005.0
2013-05-02,55.78899451808846,56.991343256704184,55.059568312029704,56.4703254699707,8254989.0
2013-05-03,56.213820278697256,57.36808025513088,55.98136750013965,56.951263427734375,6784664.0
2013-05-06,57.215775766849134,57.94520193068678,56.7027749726988,57.28792190551758,6123710.0
2013-05-07,57.39213824885856,57.71276464663809,55.95733642342728,56.237884521484375,12478951.0
2013-05-08,56.430261787340164,56.81501087403722,55.66877405574972,56.2779655456543,5604766.0
2013-05-09,56.49437576649278,57.23181901286069,56.43025310296517,56.87913131713867,6729496.0
2013-05-10,57.15967292688376,57.255856911306935,56.526437234250345,56.91118621826172,8036909.0
2013-05-13,56.91118830786952,57.00737881898386,55.50043110943016,55.78097915649414,7147128.0
2013-05-14,55.789003308671006,56.18978628469364,55.243941070544395,55.73289108276367,2786095.0
2013-05-15,55.66876348492988,56.350094483818566,54.746962721727556,55.49241638183594,8203171.0
2013-05-16,55.548529048467685,55.684797858602714,54.915293301992925,55.54051208496094,10250744.0
2013-05-17,55.468384910849295,56.013447227421146,54.28206647877161,55.14775848388672,5854782.0
2013-05-20,54.706891297871714,54.8030818249409,53.568668256162844,54.1778564453125,24495289.0
2013-05-21,54.19388124792375,55.10766500855657,53.87325490923437,54.33014678955078,8092355.0
2013-05-22,54.41030962836038,55.08362697394972,54.3622143673968,54.835140228271484,7688840.0
2013-05-23,54.67482687633491,54.915296657270474,53.191929893898944,54.041587829589844,11497879.0
2013-05-24,54.274039287538045,54.8912410921649,53.352238539095055,53.897300720214844,3572532.0
2013-05-27,54.025552015171954,54.82711787524395,53.384299327114356,54.54656982421875,6575123.0
2013-05-28,54.29807908144566,55.05956659211544,53.86523485369677,54.522518157958984,7072712.0
2013-05-29,54.34618138322709,55.195842546813694,53.873258804101354,54.40229034423828,9132840.0
2013-05-30,54.11373125782791,54.87521890501397,53.62477472710794,53.88127517700195,6241134.0
2013-05-31,54.145796900566516,54.482453971696515,50.47462393067173,52.526634216308594,14529015.0
2013-06-03,52.919394061710825,53.54461612724724,51.79720178157164,52.093780517578125,7860963.0
2013-06-04,52.318219286852504,53.5205681506379,52.318219286852504,53.047645568847656,5117950.0
2013-06-05,53.223983530600925,53.33620144084556,51.949495180563986,52.10179138183594,5368905.0
2013-06-06,51.941483197299924,53.10375374851784,51.797200683453426,52.90336227416992,7252190.0
2013-06-07,52.58273835191998,54.34618340790045,52.58273835191998,53.688899993896484,4358180.0
2013-06-10,54.02555423050416,55.29202573208605,53.993492899418534,55.02751159667969,5570099.0
2013-06-11,55.163781966704484,55.62868758848446,51.28419771670557,55.316078186035156,12429842.0
2013-06-12,55.428304748047,55.46838305007283,54.666817009556205,55.2038688659668,5936179.0
2013-06-13,54.50648880004883,54.66680196403039,53.22398348819635,54.50648880004883,3621769.0
2013-06-14,52.943436333679436,54.955367879814354,52.943436333679436,54.11372375488281,6451801.0
2013-06-17,54.12174672362481,54.506499041791244,53.22399348895665,54.19388961791992,2874084.0
2013-06-18,54.20189382084964,54.8271158205915,54.05761131912772,54.6988639831543,2349263.0
2013-06-19,54.82712284104817,55.25996714005871,54.10571350164386,55.06759262084961,5025870.0
2013-06-20,55.147747099842654,56.013435664674645,54.730930221569466,55.70884323120117,21359919.0
2013-06-21,55.45233597125885,56.26993574798275,55.29202280116864,55.853118896484375,19434245.0
2013-06-24,55.78900954912293,56.09360203570709,53.05566804227015,55.556556701660156,6936616.0
2013-06-25,55.46837449290846,55.46837449290846,53.865242659192035,55.107669830322266,7327880.0
2013-06-26,55.03553005470091,56.013436556746775,54.50649524636259,55.80503463745117,6610163.0
2013-06-27,56.60201309119768,57.20381463957221,55.78876596684777,56.455631256103516,10136573.0
2013-06-28,57.23635593011554,57.25262352350923,55.463479452038534,56.76467514038086,10161992.0
2013-07-01,56.76466924383276,57.25261757627449,56.19539618931742,57.13063049316406,4449449.0
2013-07-02,57.25261174780588,57.69176387865201,56.7890582318881,57.407127380371094,9998157.0
2013-07-03,57.25261036293062,57.561641620585924,55.544791414555306,55.84569549560547,5189076.0
2013-07-04,56.27672398938481,57.07370366200709,56.11407453634164,56.870391845703125,5692889.0
2013-07-05,57.11435381635827,57.23634088006438,56.60201079608129,57.081825256347656,8578813.0
2013-07-08,56.3173806808424,58.179715406983746,56.3173806808424,57.8218879699707,8464083.0
2013-07-09,57.77308795983959,58.716455953171035,57.74055939832238,58.57820129394531,6110414.0
2013-07-10,58.55379910472903,59.42397606978234,58.55379910472903,59.3426513671875,8635667.0
2013-07-11,59.66796026875765,59.98512533887302,58.9767001797939,59.20440673828125,6650921.0
2013-07-12,60.18030130735684,61.80679557954367,59.814340096114805,61.09114074707031,11080599.0
2013-07-15,60.977298529562574,62.359818911633916,60.977298529562574,62.1158447265625,6401038.0
2013-07-16,61.09113756889612,62.611912281563654,60.34294759532479,61.05860900878906,6085438.0
2013-07-17,61.156193899829645,63.49021567615979,61.01794586660342,62.961605072021484,7067315.0
2013-07-18,62.81522691299665,64.08388714244643,62.229686331541295,62.758296966552734,5903017.0
2013-07-19,63.43328994342436,63.92123822578575,62.9534754560801,63.66100311279297,6813294.0
2013-07-22,63.595944750137555,64.16521779437777,62.75016897948235,63.913116455078125,5353091.0
2013-07-23,63.88057652362349,64.6531613119471,62.107700393496074,62.48992919921875,7519112.0
2013-07-24,62.13208209671247,64.15707235807021,61.80678330686812,63.81550598144531,8424109.0
2013-07-25,63.75857389177398,64.07574549573285,60.06643407542816,61.19684600830078,13929740.0
2013-07-26,61.823068720602365,63.05107333000948,59.855007827256706,62.123966217041016,13517468.0
2013-07-29,65.22243787525761,67.98747832129204,63.69353580532759,66.3691177368164,34070892.0
2013-07-30,66.68627563402501,68.80071810028979,66.36911058772966,68.11759185791016,17077126.0
2013-07-31,68.31276718373059,71.72841149931656,68.31276718373059,71.24046325683594,19267024.0
2013-08-01,71.24047398791518,72.18383543756731,69.53265488198117,70.98023223876953,10489213.0
2013-08-02,70.95582696932587,73.46875910108903,70.65492290504669,71.35431671142578,10865618.0
2013-08-05,71.24047575217763,73.35491850712654,70.67932988032452,73.07028198242188,13347063.0
2013-08-06,72.7449854531478,75.42056754838521,72.73685165710539,73.40371704101562,17975488.0
2013-08-07,73.19226151791088,75.25790790342914,72.50100145775801,73.36304473876953,17483051.0
2013-08-08,72.86696865994975,73.19226753854475,70.41095947926839,72.72871398925781,10745789.0
2013-08-12,72.05372133215585,74.01364839576365,72.05372133215585,73.95671844482422,8818557.0
2013-08-13,73.8428576886231,76.35578994324884,73.8428576886231,76.05488586425781,10606802.0
2013-08-14,75.83531998281359,76.91693609338445,73.85912534902327,74.83502197265625,7544360.0
2013-08-16,74.28200976201664,76.10368196976518,73.73713154953445,74.24948120117188,14038679.0
2013-08-19,74.05431929625645,75.46936825512022,73.48504619409789,74.24136352539062,7117651.0
2013-08-20,73.712744320191,74.81876182955119,71.85853674379294,72.90763092041016,10978274.0
2013-08-21,72.80189348135627,73.65580290358042,71.20792790289354,71.88292694091797,8338141.0
2013-08-22,71.565764505341,73.00520789840444,70.83384211686817,72.33021545410156,7859187.0
2013-08-23,72.24075886570371,73.35491006721864,71.16727002018243,72.89949035644531,13972924.0
2013-08-26,73.11094778759997,75.7946637183972,73.11094778759997,74.67237854003906,14138503.0
2013-08-27,74.74557320775774,75.72959704989614,73.45250483270057,73.99738311767578,12558247.0
2013-08-28,74.56664132703817,77.10397479692003,74.49345041541535,76.68108367919922,25402484.0
2013-08-29,76.77056068184405,78.05548869670456,75.18472853552,77.00640106201172,24565935.0
2013-08-30,77.29916120324425,80.51148743498419,76.20941134953894,78.65727996826172,57848236.0
2013-09-02,78.56783328690817,79.63318182591104,78.19373825070848,78.79553985595703,12144546.0
2013-09-03,78.92565426650582,81.42232561698218,77.01452350022223,77.96601867675781,14590503.0
2013-09-04,78.27506932868273,80.1048756800233,77.50248442478338,78.283203125,18598630.0
2013-09-05,78.3401069184486,78.72233568599263,75.46934742849974,76.26632690429688,16353921.0
2013-09-06,76.14434873807943,78.70607729005754,75.61573808449666,76.20127868652344,23097146.0
2013-09-10,77.0389139917365,78.72233811420332,75.84344474116622,76.77867889404297,22058021.0
2013-09-11,76.82746659801646,78.54341923961505,76.49404059384433,77.25849151611328,23817796.0
2013-09-12,77.09584652667402,78.00667932654937,76.14434475273703,76.75428009033203,23976378.0
2013-09-13,77.09584438781691,77.09584438781691,73.34677395976507,74.08683013916016,18149504.0
2013-09-16,74.216955275898,74.49345798023056,72.6880466796802,73.46876525878906,13683767.0
2013-09-17,73.81846055060255,78.07174716566644,73.7208748623972,77.2503662109375,14682204.0
2013-09-18,77.25848476667274,78.88497876482032,76.89252361708954,78.18558502197266,13467575.0
2013-09-19,77.74645793051077,78.66542468725605,76.2175491103867,76.77056121826172,8463027.0
2013-09-20,76.60791069892652,78.28320135525871,76.60791069892652,77.24224090576172,8775544.0
2013-09-23,77.42113594312269,79.68196000514006,77.09583713602832,78.64100646972656,13790561.0
2013-09-24,79.04765048149966,79.76330539544108,76.97387004838836,77.72205352783203,9078483.0
2013-09-25,78.0717578020853,78.97446359574694,77.11212205221437,77.34796905517578,10174274.0
2013-09-26,77.13650409257095,79.6819647627799,77.09584173925629,77.78710174560547,27649262.0
2013-09-27,78.39704942422931,78.86873014986917,76.85187975428981,77.3967514038086,11529287.0
2013-09-30,77.42927054237742,78.86871380781064,76.46150128662784,76.94132232666016,8114451.0
2013-10-01,77.40487095651285,77.99041147624708,76.45337588472147,76.74613952636719,6187171.0
2013-10-03,77.09585553663628,79.53559717214159,77.07958794511048,78.90126037597656,16783713.0
2013-10-04,78.73048411233917,79.86089641826075,77.96602643517666,78.55156707763672,6945736.0
2013-10-07,78.80366487612307,79.12896372038088,78.23439189867187,78.39704132080078,5585155.0
2013-10-08,78.88500439861978,80.1862000199633,78.10428570216904,78.63289642333984,10509016.0
2013-10-09,78.07987035468906,79.03136543110924,77.40487133306986,77.62445068359375,14322401.0
2013-10-10,78.07175086123232,78.81180713504324,77.7464519820383,78.09614562988281,12540220.0
2013-10-11,79.86089067268156,81.16208612389158,78.7223446528728,79.41360473632812,18845216.0
2013-10-14,79.82835650121636,82.62592520111312,79.77956035157999,81.50364685058594,19727968.0
2013-10-15,82.13797350517409,84.53705234942164,81.99159168061033,83.04881286621094,28878302.0
2013-10-17,83.2927899502364,84.00844474636193,79.94220927241729,80.51148223876953,19074107.0
2013-10-18,81.48739537383176,83.26027175480371,80.4301739349604,82.3656997680664,16425889.0
2013-10-21,82.95121867048599,83.73193715945565,81.53617013197803,82.30062103271484,21759754.0
2013-10-22,83.76447741532591,84.20362955850432,82.78858082238621,83.73194885253906,22418207.0
2013-10-23,83.08136079753497,83.09762177171059,78.42958384893461,80.09674072265625,36558038.0
2013-10-24,80.09671827048753,80.38135473011606,76.3069857986463,76.58348846435547,25279913.0
2013-10-25,76.44525143806364,78.66541349527128,76.07115642794726,78.25065612792969,19774731.0
2013-10-28,78.6572822825531,78.98258115103457,77.53500383358099,78.69794464111328,10396685.0
2013-10-29,78.99886079103476,79.38108966708884,78.23440965715001,79.13711547851562,12220855.0
2013-10-30,79.356675117033,79.356675117033,76.94946219867057,77.54313659667969,13194322.0
2013-10-31,77.27475595201048,79.02323723118114,77.25849498081179,77.69764709472656,20131578.0
2013-11-01,77.62446784428884,78.85247248343187,77.62446784428884,78.48651123046875,6951635.0
2013-11-05,78.4377129652357,78.714215691955,77.25850451515458,78.0880126953125,7261886.0
2013-11-06,78.55968182806568,79.34852746494042,77.9741413275593,78.46208953857422,9420525.0
2013-11-07,78.88498277513472,79.53558040746849,77.7464369185506,78.38890075683594,13290967.0
2013-11-08,78.83618790614177,79.19401528607757,77.74643817797399,78.32384490966797,5562675.0
2013-11-11,78.07989174334949,79.21843792386245,77.9172422889905,78.33199310302734,12039452.0
2013-11-12,78.85246293818685,79.6413086837045,77.68138177588824,78.49462890625,23802026.0
2013-11-13,78.55969220218334,79.2102899027839,78.06361013183101,78.44583892822266,8408899.0
2013-11-14,78.88499758242689,79.82836565003224,78.16933608159201,79.09644317626953,12361095.0
2013-11-18,79.53559156517196,80.95064029036472,79.53559156517196,80.05606842041016,12432066.0
2013-11-19,80.22685639453648,80.34884347493163,79.25095975137539,79.3810806274414,8811144.0
2013-11-20,78.92564506183142,80.26750267740923,78.11239802208729,78.56781768798828,7871187.0
2013-11-21,78.40518259706371,79.20216219425531,77.3886236117568,77.81150817871094,11852498.0
2013-11-22,78.1530691279486,78.54342510346075,77.60005710804727,77.73831176757812,4989849.0
2013-11-25,77.90909834635917,78.65728176803907,77.68951896428152,77.88469696044922,8448189.0
2013-11-26,77.6000683716232,78.00669199606193,76.65670685750378,77.24224090576172,11722813.0
2013-11-27,76.97387428034097,77.31543416422774,76.18502177787046,76.41273498535156,8338461.0
2013-11-28,76.60790604143085,77.25850380097873,76.52658132148737,76.8681411743164,10678834.0
2013-11-29,77.54311809609703,77.54311809609703,76.42896710490977,76.57535552978516,9333373.0
2013-12-02,77.09583158208403,78.72232550038407,75.90035590484523,78.27503967285156,11770327.0
2013-12-03,78.7223303697192,79.09642531771182,78.20185360731347,78.47022247314453,8176627.0
2013-12-04,78.17746951188839,80.47896302845558,77.92536155957023,79.9178237915039,11581639.0
2013-12-05,80.6741377591922,81.12142369515479,79.05577724180839,80.169921875,10593906.0
2013-12-06,79.63318175428815,80.99944102202045,79.04764774087943,80.31631469726562,7008184.0
2013-12-09,80.99943050212087,82.7885741107996,79.79582083080392,82.49580383300781,8338381.0
2013-12-10,82.4795394618164,85.0087391461901,81.7476171066214,84.04096984863281,18993717.0
2013-12-11,83.43918185882987,84.82170208696901,82.95123354301606,84.35002136230469,9574333.0
2013-12-12,83.76447344441063,84.00844758107978,82.67472362426612,83.05694580078125,4802777.0
2013-12-13,82.93496241899906,84.62652047936344,82.53647263503719,84.3744125366211,5603230.0
2013-12-16,84.57771029396683,85.56987430987022,83.80512562168472,85.24457550048828,12102967.0
2013-12-17,85.43163730809532,86.19608834433869,83.80514292535516,84.23616790771484,6769656.0
2013-12-18,84.23616262657728,85.21205919503812,83.43104266301937,84.8542251586914,5437811.0
2013-12-19,84.94367878496615,87.53793569002127,84.30121490463792,86.06596374511719,12461634.0
2013-12-20,86.9198583668801,89.89633692729147,86.26112700975506,89.27827453613281,14152076.0
2013-12-23,89.38401905410664,90.5794950603022,88.57077187117702,89.78250885009766,8871725.0
2013-12-24,89.56292999693473,90.1078016015467,87.66806021850842,87.84697723388672,3912036.0
2013-12-26,88.03403138605637,89.7825129083888,87.28584791487573,89.22950744628906,11375442.0
2013-12-27,89.45721310241433,90.66082294613582,88.96926477560844,90.28672790527344,6188483.0
2013-12-30,90.31925547011384,90.75028045828726,88.83101573712202,89.70932006835938,4672638.0
2013-12-31,90.27044231835336,91.32766348234252,89.33520821174757,90.95357513427734,3756287.0
2014-01-01,91.73430226528227,91.73430226528227,89.63612717658381,89.8963623046875,2362703.0
2014-01-02,89.89636461726846,90.5632299729954,88.83101607275688,89.93702697753906,4882590.0
2014-01-03,88.96926341441517,90.82347099884257,88.85541013021358,90.53070068359375,5907534.0
2014-01-06,91.06743784507661,91.86441738870657,90.27045168322454,90.7583999633789,9896413.0
2014-01-07,90.75841312984328,90.8722730396415,88.64397027576216,89.48974609375,6572222.0
2014-01-08,89.29456510467003,89.6036030209134,88.39185936183145,88.99366760253906,5747161.0
2014-01-09,88.96926178051636,90.06714547887007,87.43222592646568,87.97710418701172,8731480.0
2014-01-10,88.33492619995198,90.57948961351052,86.46445779169022,90.00208282470703,14175420.0
2014-01-13,90.27046296195407,92.38490577347606,90.27046296195407,91.3195571899414,10086509.0
2014-01-14,91.49846633400529,91.57165726050748,89.39215734787078,90.04275512695312,7789176.0
2014-01-15,90.63642490963109,91.73430868553238,89.73371914802321,91.19757080078125,6949390.0
2014-01-16,90.27046117222588,93.33640583543566,90.27046117222588,92.96231079101562,9157779.0
2014-01-17,93.52344607116305,93.66983453530499,89.34335686652246,89.8963623046875,13427479.0
2014-01-20,89.88008910220576,93.96259206014646,89.79876439482224,93.20626831054688,25131145.0
2014-01-21,93.48278768758041,94.01140499820333,92.44996769028619,92.96231079101562,11808637.0
2014-01-22,93.19939154232164,95.30046775593038,92.88055291753531,94.49928283691406,11182482.0
2014-01-23,94.1804413490712,94.89169569764277,92.38185038672339,94.5892105102539,10879074.0
2014-01-24,94.11504376661296,95.97903532115346,93.2729818710579,93.66539764404297,11475341.0
2014-01-27,93.19939897281587,94.67097476827706,92.49632126066922,93.2893295288086,10395826.0
2014-01-28,93.00317654664114,93.67356060127409,92.23469188974185,92.80696868896484,6148830.0
2014-01-29,92.38184139762065,94.14772533273153,92.38184139762065,93.44464111328125,6084537.0
2014-01-30,92.87237712470359,93.98423061857864,91.83410740532342,93.3956069946289,10363080.0
2014-01-31,93.51006183041531,94.77724629196977,93.16669305699449,94.02510833740234,5582318.0
2014-02-03,92.08754719524757,93.85342475033092,91.91586280707438,92.53719329833984,6035459.0
2014-02-04,91.84227285113913,91.84227285113913,88.94818210584585,90.8530502319336,11247314.0
2014-02-05,91.23729259699837,92.45542996458472,90.06003879681977,91.62971496582031,8453357.0
2014-02-06,91.41716457827275,93.47736396402618,90.74678044317116,92.96231079101562,14235009.0
2014-02-07,93.19122143159903,93.82889868083114,91.00021467033748,91.8341064453125,7360232.0
2014-02-10,92.05481756486795,93.13397060657954,91.74415572266082,92.0875244140625,5573545.0
2014-02-11,92.54536146033655,93.42830687290304,91.61336906913648,92.0793685913086,7277715.0
2014-02-12,92.30827452272389,93.39560449813204,91.24547468920638,91.96491241455078,7565582.0
2014-02-13,92.3818497589002,92.5453574222621,89.89653460642822,90.77947998046875,5810537.0
2014-02-14,91.00020791292745,92.58623085728178,90.37070077139323,92.18563842773438,6368686.0
2014-02-17,92.38183665196371,93.11762103270071,91.07377553065348,91.7278060913086,4568244.0
2014-02-18,91.4416704445001,92.36549263082611,90.65683241770995,91.08195495605469,4919684.0
2014-02-19,90.91029437924725,92.87238663291228,90.91029437924725,92.47179412841797,3981935.0
2014-02-20,92.3736891200293,93.30568156562316,91.74418189062101,92.41456604003906,5843662.0
2014-02-21,92.46359719863483,94.01691989319265,92.46359719863483,93.45281982421875,7218552.0
2014-02-24,93.70627219936729,95.15331780037603,93.19939574000466,94.45023345947266,5553262.0
2014-02-25,94.83446340094866,97.77760109438101,94.83446340094866,97.49146270751953,8808392.0
2014-02-26,97.4506011016655,99.90321623142442,97.07453211780692,98.60332489013672,14611623.0
2014-02-28,98.59514492979324,98.92216024759495,96.38779153463162,97.65497589111328,9710274.0
2014-03-03,98.10463234369287,98.10463234369287,95.34134862371316,95.7991714477539,4983902.0
2014-03-04,95.81551640833399,97.25437850937301,95.6765322345741,96.17523193359375,7483320.0
2014-03-05,96.97641597385002,97.4505921807492,95.88909269378478,96.55130004882812,8959256.0
2014-03-06,96.79657106100082,97.26256394694866,95.40675581131907,95.62748718261719,6639689.0
2014-03-07,96.14253181894237,96.14253181894237,91.5561405715813,92.43907928466797,10568786.0
2014-03-10,92.23470773275032,93.48553886179067,90.76313856769355,91.11467742919922,11057661.0
2014-03-11,91.07379538456408,92.63529501916064,90.48517174354141,91.539794921875,9583357.0
2014-03-12,91.54797563130296,93.19939923714402,91.40081472476716,92.66799926757812,6463502.0
2014-03-13,91.89133914369461,93.98423884720351,90.0273541916063,92.1529541015625,10502872.0
2014-03-14,92.21833462939027,92.21833462939027,89.04628887824116,89.53681182861328,11916583.0
2014-03-18,89.92924412327456,90.09275180357245,87.84452119947643,88.36774444580078,9710850.0
2014-03-19,88.38409054354051,89.92105994958975,86.4465220314759,89.1280517578125,11407527.0
2014-03-20,89.43870794018764,91.53160727109731,89.2752002839157,90.3134765625,9020099.0
2014-03-21,91.34359063598825,94.42571310751369,90.58327592167473,92.90509033203125,18198139.0
2014-03-24,93.36290210326301,94.01693280129334,91.7523555012499,92.02214050292969,5577475.0
2014-03-25,91.13102073249483,91.55614332752958,89.29973619454515,89.68397521972656,12271442.0
2014-03-26,90.07639832442783,91.18825179834424,88.94819142244074,89.20162963867188,7171944.0
2014-03-27,89.27520018073655,91.55613730560894,88.29415424423868,90.48516082763672,11772455.0
2014-03-28,90.5914425129999,91.47438789032775,90.002812261448,90.2644271850586,6043870.0
2014-03-31,90.25624385113818,90.59961258154878,88.04889054943881,88.81737518310547,14219916.0
2014-04-01,89.43870851561094,92.05483103279353,89.43053180211602,91.73599243164062,10062365.0
2014-04-02,92.30008463602377,93.60814578290199,91.40079259754498,92.52899932861328,9579730.0
2014-04-03,92.38184330701307,92.88054297606676,91.18006605712083,91.71964263916016,4926777.0
2014-04-04,92.38184564631312,93.02770621035575,90.16631557576007,90.48516082763672,5485662.0
2014-04-07,90.41976540815605,91.66242641554454,90.16632717798734,91.05744934082031,6074761.0
2014-04-09,91.40079092831317,91.9648976101167,89.84746834476326,90.65682983398438,7705870.0
2014-04-10,90.74676815522145,92.36549792573517,90.01098371039072,91.7605209350586,7707032.0
2014-04-11,90.84488696997262,93.33020230260705,90.09274900272732,92.88873291015625,9419266.0
2014-04-15,92.39002979480432,96.69028282647685,92.39002979480432,96.23246002197266,12562215.0
2014-04-16,97.23803091291185,97.23803091291185,92.88872448541308,93.54275512695312,10558973.0
2014-04-17,94.32759288294903,96.39596211800831,93.77983956140213,95.79098510742188,10124914.0
2014-04-21,92.54534445735455,92.92141336103124,88.95635307998053,89.30789184570312,30447885.0
2014-04-22,89.76572310120751,90.73042226346975,86.00504701330065,86.74900817871094,22678964.0
2014-04-23,87.14961076108293,88.08160317823906,85.18751866048292,85.79249572753906,24026852.0
2014-04-24,85.79249572753906,85.79249572753906,85.79249572753906,85.79249572753906,0.0
2014-04-25,86.2503208006782,86.43835862378279,84.53349016781931,84.90138244628906,16380214.0
2014-04-28,85.03219679977363,86.92071197933475,84.69700469942075,86.59369659423828,17001873.0
2014-04-29,86.82259945126984,87.72189170589338,85.51453798999924,85.80885314941406,12142039.0
2014-04-30,86.49557218012407,86.6427330661476,84.63158751564262,85.40824890136719,12933250.0
2014-05-02,84.72969560969759,86.78989497099248,84.72969560969759,86.41382598876953,11406002.0
2014-05-05,85.67804455398802,86.49558295660782,84.86868286602333,85.14664459228516,9324157.0
2014-05-06,84.86049227333298,85.84153819603706,83.98573031747459,84.18193817138672,6864216.0
2014-05-07,83.40528187551453,84.1492430759913,81.75385181085817,82.75125122070312,19753024.0
2014-05-08,82.67765108218822,84.32090410772304,82.0154504977997,83.54424285888672,8245048.0
2014-05-09,83.06189805888583,84.68062762790653,83.06189805888583,84.0347671508789,7870920.0
2014-05-12,83.93668603393435,84.3699787034356,82.03999437765646,83.70777130126953,15789041.0
2014-05-13,84.20645961010558,86.72448140902148,83.79769048558775,86.52826690673828,10280002.0
2014-05-14,86.82259805912592,86.97792902453224,85.36738236805367,85.76797485351562,7430344.0
2014-05-15,85.89059760153614,86.16038258717356,83.87945199405385,84.45172882080078,7792808.0
2014-05-16,85.18750790130805,86.82258444529802,81.34507802293162,82.211669921875,25742985.0
2014-05-19,82.28523876817819,82.54685365018842,77.61709437348642,78.81887817382812,19265787.0
2014-05-20,79.46474312118123,81.54128908305088,79.03962054177445,80.87908172607422,16365750.0
2014-05-21,81.0998180438195,81.44318678567616,79.49744167039438,80.62564849853516,12196572.0
2014-05-22,80.91996160818444,81.26333036976739,78.81889208141327,79.05597686767578,12029212.0
2014-05-23,79.0886823431764,80.69105891548577,78.5572823905783,80.11878204345703,14296044.0
2014-05-26,80.60930170669248,83.37257868342405,80.13512546923386,82.73490142822266,14282455.0
2014-05-27,83.66689661820915,84.80328029137223,82.2852580836622,83.09461975097656,11082119.0
2014-05-28,83.7159395622921,84.32091655691846,82.28524757689165,84.08383178710938,10316232.0
2014-05-29,84.04295295396703,84.09200658011781,80.94448428411619,81.72114562988281,13870204.0
2014-05-30,81.75384725594103,83.29081654785803,79.30123243704571,82.76759338378906,12537148.0
2014-06-02,82.84935907284905,82.8984127068788,81.42684360485315,81.60670471191406,6344137.0
2014-06-03,82.39153458874844,82.39153458874844,80.46214934958745,80.80551147460938,9857490.0
2014-06-04,81.09981815046037,81.27150252161445,79.33393411728504,80.45396423339844,9311779.0
2014-06-05,80.69103393738244,82.1626025813573,80.17598092010581,81.90916442871094,11030386.0
2014-06-06,82.40787721171765,83.50337715805388,80.9363083322125,83.24993896484375,11962813.0
2014-06-09,83.38893328821962,84.38633275595889,82.58774835082819,83.6750717163086,8521507.0
2014-06-10,83.68324523194977,86.05410640263635,83.68324523194977,85.84154510498047,16908369.0
2014-06-11,86.0704653613609,87.88539658917685,85.62898930972851,86.28302001953125,15362652.0
2014-06-12,86.99427431884973,87.304936220612,85.47365170607127,87.01062774658203,10738871.0
2014-06-13,87.02696482950314,87.58289481961967,85.8415343920996,86.72447967529297,8781208.0
2014-06-16,86.88800177529426,87.96714843007354,86.503756080754,87.65648651123047,10475762.0
2014-06-17,88.1306561038108,88.62117912502254,87.2640641023745,87.65648651123047,8907992.0
2014-06-18,87.94262110802474,88.17152918002412,86.35659807251585,86.74083709716797,7503672.0
2014-06-19,86.33208007352155,88.28599563373221,86.30755658133802,87.83634948730469,9614216.0
2014-06-20,88.37591208292693,88.83373487136474,86.85528948171812,87.77093505859375,6430521.0
2014-06-23,87.32946987020378,87.80363945576055,86.49557808523797,86.88800048828125,5227870.0
2014-06-24,87.31311242803446,87.31311242803446,86.20125898357328,86.87164306640625,5683054.0
2014-06-25,86.83893440792596,87.31310392551067,86.00504274249823,86.52009582519531,6327177.0
2014-06-26,86.82259360778352,88.27781587739193,86.51193169289832,87.55020141601562,15367004.0
2014-06-27,88.29415952731713,89.76572852011523,87.68918249424004,89.26702880859375,9975757.0
2014-06-30,89.7575535524034,90.4197609426744,88.89096822896715,89.34061431884766,7637256.0
2014-07-01,89.58586938095057,89.58586938095057,87.64012426730379,87.99983978271484,7511603.0
2014-07-02,88.6211747700226,89.70850473882858,88.03255116538107,88.43314361572266,8601720.0
2014-07-03,89.43870666994276,91.24546757671618,88.97271384807206,90.82852172851562,11954487.0
2014-07-04,91.48256529009691,91.49074200458018,88.93184951941278,89.39784240722656,6069662.0
2014-07-07,89.76572177671449,91.40079831254843,89.76572177671449,91.17189025878906,10440258.0
2014-07-08,91.23728182245081,91.37626597579319,89.60220544497729,89.88834381103516,6899800.0
2014-07-09,89.80658992195295,90.73041206638895,88.50670553350628,89.16073608398438,5230830.0
2014-07-10,89.27521590493045,91.23730812351279,88.29416979563928,89.07083129882812,8830440.0
2014-07-11,89.98647919090817,91.02475567649768,89.44690248700452,90.39524841308594,8164419.0
2014-07-14,90.25625370756097,90.74677671706168,87.80363866005747,88.09795379638672,7536115.0
2014-07-15,87.991684851786,88.68659251475539,87.34582417192217,87.61561584472656,5002286.0
2014-07-16,88.24510396540545,88.24510396540545,87.10872704313559,87.52567291259766,4709188.0
2014-07-17,87.61560124469648,89.05446996711632,87.31310941584657,87.8608627319336,8838776.0
2014-07-18,89.12805316014739,90.74677642503289,88.98089226588428,89.44689178466797,18881307.0
2014-07-21,90.76702174443218,91.31982772241915,89.52115029527023,89.9254379272461,10758551.0
2014-07-22,89.79343135615152,92.57394540343047,89.53765535343965,92.2026596069336,9952509.0
2014-07-23,92.32641812649668,94.50463342371133,91.48484104758585,94.20760345458984,11906023.0
2014-07-24,94.71915508278845,95.709257284473,92.67296042844342,95.189453125,16010123.0
2014-07-25,87.45844381828738,91.58384116143576,87.45844381828738,90.9320297241211,37826694.0
2014-07-28,91.11355156175905,92.21090458932885,89.93368387130114,91.92212677001953,8974499.0
2014-07-30,91.89738206121717,91.93038389945596,90.59375237741278,90.88253021240234,10444200.0
2014-07-31,90.7670234922875,90.92378726511141,89.2818802906648,89.83468627929688,19032640.0
2014-08-01,89.76867463521764,90.12346286825925,88.2835314542892,88.44854736328125,9160120.0
2014-08-04,88.48154220725102,90.75876291421807,88.4485403709645,90.53599548339844,13701191.0
2014-08-05,90.7257785180497,91.03106067004072,89.72743081275816,90.68452453613281,5606233.0
2014-08-06,90.06570013986456,91.17955747022472,90.06570013986456,90.98979187011719,10141154.0
2014-08-07,90.26372387986858,91.501343218118,88.2835329386695,91.1960678100586,11688173.0
2014-08-08,90.90728684878846,91.02279664016326,89.290129625998,90.4369888305664,5295833.0
2014-08-11,90.79177863659866,90.84128475585716,89.14161942474922,89.59541320800781,7036227.0
2014-08-12,89.93368687000047,90.01619482112567,89.29012753702969,89.7274169921875,6273417.0
2014-08-13,89.62014979159397,91.0145326741212,89.55413940901934,90.80001068115234,7116979.0
2014-08-14,91.03930328576848,91.10531368350789,89.68617406354909,90.09046173095703,5863006.0
2014-08-18,89.93369834241523,90.54425591572472,89.29839106641668,90.3709945678711,6409262.0
2014-08-19,90.23070732673689,91.15479896774647,89.76866150623209,90.32971954345703,6288387.0
2014-08-20,90.32973036125797,91.58384720766162,90.32973036125797,91.11355590820312,5953427.0
2014-08-21,90.9897937099194,91.40233347024615,90.37922949302434,90.94853973388672,6576259.0
2014-08-22,90.96503600720864,92.08714548230728,90.47824043982067,91.90563201904297,7688910.0
2014-08-25,91.93863917520905,92.60695495903808,91.4270871642499,91.64160919189453,8394749.0
2014-08-26,92.1944130188277,92.45018230379515,90.12346203717219,90.90728759765625,6642617.0
2014-08-27,90.42874319796735,92.54094829104662,90.42874319796735,92.16966247558594,7728291.0
2014-08-28,92.16965569900042,93.73730680457604,92.16965569900042,93.27526092529297,16372438.0
2014-09-01,93.39901727671865,94.56238068638628,92.99472967443367,93.374267578125,5776318.0
2014-09-02,93.56403182410139,93.67129618366046,92.26040895033654,92.57393646240234,7273342.0
2014-09-03,93.06073940568248,95.70924586063953,92.45842736083716,95.24720001220703,15111425.0
2014-09-04,95.70101384107069,96.09704938611581,94.40563610852188,95.23896789550781,6938174.0
2014-09-05,95.87426212256389,96.33630125825155,94.96666798299864,96.02277374267578,6107427.0
2014-09-08,96.18778227535758,98.18447714343715,95.3874525578142,97.80493927001953,6592137.0
2014-09-09,97.86270576243986,98.01947624671006,96.02278107335765,97.02938079833984,4390430.0
2014-09-10,97.02938296119487,97.35941478467493,95.79176362314466,95.98152923583984,5302196.0
2014-09-11,96.53433611834477,96.83135939061081,94.33137099044518,94.71915435791016,7183838.0
2014-09-12,94.96665558099993,95.52771358101512,93.93530636903793,94.88414764404297,6343166.0
2014-09-15,94.88416682229712,95.04918944407898,92.82146798145465,93.77030944824219,6813182.0
2014-09-16,94.05908874662578,94.87592287189577,91.74886600900622,92.31817626953125,8629875.0
2014-09-17,92.73894277010797,94.32309787088667,92.1531417799315,93.62178039550781,7400472.0
2014-09-18,93.27525689556984,96.51782333414533,93.1514949715291,96.00627136230469,8558883.0
2014-09-19,96.02277176263763,97.83794657531037,95.18944016482601,97.09537506103516,9152573.0
2014-09-22,96.60033116902942,96.60033116902942,95.23069786836565,95.95677185058594,4569012.0
2014-09-23,95.58548167546684,97.93695812112608,95.04918002996561,96.15478515625,10665090.0
2014-09-24,97.02937637672262,98.34950358105822,96.7158421369844,97.81320190429688,11015709.0
2014-09-25,97.68944104920875,98.6217782116801,95.11519028674432,96.13003540039062,9049005.0
2014-09-26,96.36933343345319,97.52444498487056,95.21422188203584,97.12840270996094,5670969.0
2014-09-29,97.06238299515586,98.82805187502753,96.4188169226321,97.82970428466797,5676633.0
2014-09-30,98.84456199860684,98.84456199860684,97.06238873664223,98.48152160644531,13164455.0
2014-10-01,98.69603164910326,101.92209380529185,98.69603164910326,101.60856628417969,14933617.0
2014-10-07,101.31979868268577,102.62342172556805,100.83299636175367,102.06237030029297,11137186.0
2014-10-08,101.81484171778173,102.12011711774484,97.21914601116022,97.9452133178711,12409324.0
2014-10-09,98.47327560557027,99.3231048947114,96.20430674042025,96.90562438964844,14277697.0
2014-10-10,95.74224599136512,98.89404549780964,95.74224599136512,96.48481750488281,21075376.0
2014-10-13,96.33630582156312,96.6993461803915,93.4155256764023,96.46006774902344,12509735.0
2014-10-14,97.35942019333042,97.85446795605215,95.42048312267038,95.7175064086914,10770471.0
2014-10-15,95.7175064086914,95.7175064086914,95.7175064086914,95.7175064086914,0.0
2014-10-16,95.70099746759153,96.46831872277875,93.3412687362589,94.6036376953125,11741991.0
2014-10-17,94.93366936718112,95.95677332537439,92.42542901394772,93.38252258300781,17418992.0
2014-10-20,93.56404506220458,94.8841723979176,91.31983262020137,91.81488037109375,8591699.0
2014-10-21,92.24390896397988,94.88416338460061,92.04589122533616,94.6036376953125,8013187.0
2014-10-22,96.17127251807324,96.82309058970935,95.04916995039906,96.31153869628906,6701528.0
2014-10-27,90.7587721901502,92.16140744905229,90.28848086734477,91.55084991455078,15869937.0
2014-10-28,91.64984848263774,93.15148903661685,90.7670107949227,91.36931610107422,12304604.0
2014-10-29,91.69110903453826,92.45017814605566,91.51784099658386,91.88087463378906,8714024.0
2014-10-30,92.07888667218478,92.93697467094442,92.0623891119094,92.4501724243164,16102619.0
2014-10-31,93.23400076539937,93.56403255521126,92.35116975636096,93.01948547363281,15541249.0
2014-11-03,94.059098869477,94.059098869477,92.63996592091773,93.21752166748047,17221563.0
2014-11-05,93.89405527401426,93.89405527401426,91.88086289355702,92.243896484375,20365973.0
2014-11-07,92.8544676759587,92.90396707180498,90.49473908425635,91.32806396484375,16182107.0
2014-11-10,91.41882459343675,92.40891994848977,91.0970449459473,92.21915435791016,9631533.0
2014-11-11,92.49143609559009,92.57394404916015,91.55909890605409,91.96338653564453,6780963.0
2014-11-12,91.41884946929085,92.58221317094217,91.22083168730067,91.75713348388672,9857442.0
2014-11-13,92.24391645185024,93.1350064198522,91.42708901706783,92.2109146118164,10238813.0
2014-11-14,92.72245843419013,93.72905139604549,92.52444069698204,93.052490234375,11654013.0
2014-11-17,93.08549786157926,93.3990254054512,92.24391403295411,93.09375,8023832.0
2014-11-18,93.22575418112011,93.72904728270346,92.7884580363576,93.44026947021484,10522589.0
2014-11-19,93.89408294188765,94.22411479706635,92.45844571476333,93.21752166748047,8782771.0
2014-11-20,93.89406188809834,94.88415723162618,92.92872295686695,94.37261199951172,7056403.0
2014-11-21,94.5541436633728,95.15645580874391,93.58880454619877,94.40563201904297,9837416.0
2014-11-24,94.51288960293934,96.14655126176274,94.42213621732282,95.60199737548828,7734355.0
2014-11-25,96.36932121883382,96.93037264403242,95.26370921671311,95.96502685546875,21391759.0
2014-11-26,96.3693034712571,96.3693034712571,94.63662996832124,95.67623138427734,7530686.0
2014-11-27,95.66798276567967,96.53431613094925,95.54422085635544,96.03926849365234,10689266.0
2014-11-28,96.61683666100082,97.35940821371345,95.73399890697011,96.66633605957031,10470797.0
2014-12-01,97.02936784262694,99.15807008658508,96.87259737928929,97.78843688964844,16086603.0
2014-12-02,98.18449007278753,98.18449007278753,96.28680717031796,97.51617431640625,4880788.0
2014-12-03,97.62344226395723,98.34951634931309,96.58384061267353,97.9947280883789,6027475.0
2014-12-04,97.97820728989643,98.3412408892254,97.3098916215218,97.80493927001953,5007316.0
2014-12-05,97.52441729569638,97.52441729569638,95.16468873915866,95.51947021484375,5534057.0
2014-12-08,95.37922708919152,95.75051290324004,93.30827598348455,93.78681945800781,5169513.0
2014-12-09,93.89406533486296,95.00792263722046,91.67460286788305,91.89737701416016,8176680.0
2014-12-10,91.74886311228165,92.28516480229676,90.98979397973811,91.11355590820312,6930787.0
2014-12-11,91.07230035382813,91.41882971881647,89.8841804895417,90.14820861816406,7026376.0
2014-12-12,90.14820773902596,91.40233126598048,88.94359032501964,89.62841033935547,5749913.0
2014-12-15,88.67957417177907,90.08220940623382,86.60862315918122,89.36438751220703,7921518.0
2014-12-16,88.94358188267655,90.70925050379752,88.28351834472379,88.57229614257812,9925832.0
2014-12-17,88.28353215896362,89.60365944143719,87.07066924689978,88.30828857421875,11679591.0
2014-12-18,88.76207165472437,89.116853133424,87.62345798179027,88.77031707763672,7240270.0
2014-12-19,89.83467280583639,91.50958136843452,89.76866242251133,90.84951782226562,9080637.0
2014-12-22,91.74886392260954,91.90563440499466,90.56900287996149,91.60860443115234,8270136.0
2014-12-23,91.831369211011,91.831369211011,90.57725238992121,91.1548080444336,7233075.0
2014-12-24,91.15479553717714,91.55083096012604,89.12509888690911,90.01618194580078,10663885.0
2014-12-26,90.19770549266802,90.51123298809259,89.29011812594963,90.32971954345703,3878548.0
2014-12-29,90.42874293761494,91.15481700335656,90.32973741581941,90.78353118896484,5040377.0
2014-12-30,90.75877350302694,91.5673555162112,90.44524594995464,91.1795654296875,4333129.0
2014-12-31,91.0887879776117,91.83135945451988,90.79175804394572,91.6168441772461,3576239.0
2015-01-01,91.17955774382129,91.4848398470121,90.84127380327548,91.1548080444336,1082549.0
2015-01-02,91.31982718360378,92.45018211880505,91.25381679203906,91.96338653564453,4198953.0
2015-01-05,91.9221252131248,93.23400022715067,91.66634923459442,92.1283950805664,3838601.0
2015-01-06,91.58385019081138,91.81487649351322,89.45514763768071,89.97494506835938,12396695.0
2015-01-07,89.63665233419421,89.9336822860079,88.83632927778153,89.29012298583984,8305581.0
2015-01-08,91.77361660947037,92.2274103327507,89.63665534095716,89.93368530273438,7792131.0
2015-01-09,90.62676441123975,92.40893773628854,89.64492100471988,91.33633422851562,13587116.0
2015-01-12,90.75878571964648,92.2439291563463,90.37924772069785,91.75713348388672,4421790.0
2015-01-13,91.93038162825475,93.5145369697228,91.58384554902291,92.98648071289062,6312675.0
2015-01-14,93.39902604679618,93.97658173701065,90.75877146295866,91.08055114746094,9723858.0
2015-01-15,92.40893160167857,93.06899525495096,90.96504236014523,92.32642364501953,6993422.0
2015-01-16,92.54093582193786,92.96997983668832,91.23731293133406,91.59209442138672,8304680.0
2015-01-19,97.54091252455905,98.76203410316495,96.09702352974747,96.40230560302734,32334205.0
2015-01-20,96.71586044827492,98.01949033808211,96.18781080946746,97.42543029785156,13390593.0
2015-01-21,97.29337853865732,98.18446825398358,95.15642439235431,97.14486694335938,17701408.0
2015-01-22,98.19339691068599,99.47490224718435,97.31131952228047,98.95064544677734,19458651.0
2015-01-23,99.72455220256649,100.5234149172039,98.23500997904195,100.15726470947266,19277835.0
2015-01-27,100.25713493863235,100.81467635988503,99.02555959608581,99.61637878417969,15764550.0
2015-01-28,99.19198438715011,101.85485572403661,99.15037702251126,101.06431579589844,16769969.0
2015-01-29,101.18912233204128,102.27091364632658,99.82439556408737,100.30704498291016,13488321.0
2015-01-30,101.00606032990784,101.53031040284559,99.3833731482992,100.94780731201172,9393192.0
2015-02-02,101.8548356536253,104.46777628366098,101.35554737634342,104.0350570678711,15948657.0
2015-02-03,103.85198748907771,104.52602800954772,102.81180359083096,103.4442367553711,8465539.0
2015-02-04,103.71885651714265,104.8339324513258,102.562173221445,103.05313873291016,8923261.0
2015-02-05,103.34437945425628,107.03079536208374,103.3360566284176,106.2236099243164,12263607.0
2015-02-06,106.18200112667265,108.96137119302479,105.84914227388722,107.05575561523438,11074311.0
2015-02-09,106.49821463393583,108.17915455414321,105.78256674398524,107.8130111694336,6794574.0
2015-02-10,106.68129625144225,108.51202005923709,106.07382474290982,106.94758605957031,11140578.0
2015-02-11,107.51345513014228,108.01274349566248,105.37483392235137,106.24858856201172,14166503.0
2015-02-12,107.09735749432214,108.67843696418835,106.72289130409067,107.64657592773438,9639757.0
2015-02-13,107.84631580599701,110.49254147776156,107.64660181092587,109.95996856689453,9239165.0
2015-02-16,109.99324112878537,111.05007078019003,109.8434573417974,110.09310150146484,5117465.0
2015-02-18,110.17630265871352,111.67416743233184,109.09451143332252,111.34130859375,6045571.0
2015-02-19,111.34131052880859,111.34131052880859,109.01129861824116,109.7602310180664,7382040.0
2015-02-20,109.76022524050558,110.00986936063988,107.7630722794311,108.17914581298828,4849774.0
2015-02-23,108.17916534426618,109.51060089203406,107.1056967882846,108.13755798339844,5689865.0
2015-02-24,108.5952291944337,109.8101653770024,108.11258656055129,108.6784439086914,8433603.0
2015-02-25,108.76998183553795,110.77545781068584,108.52866051773869,110.47588348388672,9829069.0
2015-02-26,110.47588762186707,111.3246736788874,108.4121585604204,109.49394989013672,10478408.0
2015-02-27,109.3441716815204,109.61046150045385,107.96280594336194,108.89481353759766,12264620.0
2015-03-02,109.86010512734528,112.24004074475249,108.8448828161763,110.59239196777344,9859640.0
2015-03-03,110.67561400696826,112.6727674551278,110.34275509894167,111.91551208496094,9609805.0
2015-03-04,111.88220615090461,112.13185028417969,109.22765822148567,109.7602310180664,8693384.0
2015-03-05,109.82682008332881,111.49111460831767,109.0529258380217,111.14161682128906,7213278.0
2015-03-09,111.00846789381086,111.00846789381086,109.1860668092033,109.860107421875,7593752.0
2015-03-10,108.34559501856701,110.14303436628937,107.34701835561363,108.89481353759766,9328397.0
2015-03-11,109.43569980189243,112.77261121751862,108.26237096960092,108.96969604492188,12190748.0
2015-03-12,109.14447114084932,109.33586231599962,107.59667576830576,109.0612564086914,6275689.0
2015-03-13,109.57716619000193,109.57716619000193,105.17510891607776,106.39004516601562,10007634.0
2015-03-16,106.71458367653867,108.33727073196988,105.94900553644577,107.5550537109375,8820568.0
2015-03-17,108.17916364197134,108.41216215035173,106.39004715281158,107.08072662353516,7882840.0
2015-03-18,107.6798743504368,107.84630378979122,104.64253708221858,105.08357238769531,8925624.0
2015-03-19,106.13207532840902,106.96422249474656,105.26664362982415,105.6910400390625,7848403.0
2015-03-20,106.29851918552434,109.29424939083584,105.95733744662415,108.62020874023438,12037719.0
2015-03-23,108.62851469511818,109.92666560352916,106.71457625011112,107.36365509033203,6133273.0
2015-03-24,107.34701359988073,109.59381099198724,107.03080037943373,108.55362701416016,7011000.0
2015-03-25,108.34559494388756,110.50085488553677,107.60498527378057,110.02653503417969,5859475.0
2015-03-26,109.49395157947501,109.49395157947501,104.0517103142653,105.16678619384766,12227282.0
2015-03-27,106.4649389649092,106.7811589655037,101.28065782313551,101.87980651855469,13652951.0
2015-03-30,103.18627884897977,104.01010321427714,102.55384562894248,103.75213623046875,6814467.0
2015-03-31,103.69389432251717,105.61614899784414,102.88670880410997,104.6591796875,9010840.0
2015-04-01,103.75213831067693,105.92404387875708,103.21956545176852,105.38314819335938,6354889.0
2015-04-06,104.675821265109,104.675821265109,102.75355989259708,103.37767028808594,7872158.0
2015-04-07,103.75214592404697,104.50107846647767,101.38052620634977,102.36245727539062,9890882.0
2015-04-08,102.18770567261737,103.68557066815552,102.0379151098447,102.57048797607422,9541026.0
2015-04-09,103.43593065794326,103.90193447412834,101.86316693181467,102.71195983886719,7049918.0
2015-04-10,103.22788610677244,103.50249197092373,102.27923289163635,102.8034896850586,5738526.0
2015-04-13,103.00319188915586,104.1432361191224,102.32915138720595,103.88526916503906,4619465.0
2015-04-15,103.68557115154397,103.68557115154397,99.98251600642189,100.96444702148438,7315918.0
2015-04-16,101.02269042932642,101.22240438959808,98.2017061918774,100.18222045898438,13076860.0
2015-04-17,99.20029322973333,99.3084764331477,97.36125326403581,97.66914367675781,8342621.0
2015-04-20,97.66912714261663,98.36812934498724,94.94800344492383,95.76351165771484,7922147.0
2015-04-21,94.53194375861327,97.9271084525141,91.62775133824496,96.22120666503906,21048960.0
2015-04-22,93.53336565420673,93.741402454336,90.20477685213866,90.6291732788086,33440956.0
2015-04-23,91.36145889236825,91.36145889236825,88.63201881975586,88.91494750976562,16233670.0
2015-04-24,89.1313033974185,89.64723734206962,85.29510366040472,87.07589721679688,19017589.0
2015-04-27,87.97461807823757,89.16458577167904,86.23543192165747,88.84004974365234,9816226.0
2015-04-28,88.70690672857478,89.4641619913802,87.37547128523546,88.58208465576172,16379558.0
2015-04-29,88.70690393104444,90.98698570145041,88.24090018616576,90.14652252197266,15025078.0
2015-04-30,89.3809566464224,90.21310388574761,88.83173811406144,89.63892364501953,16950219.0
2015-05-04,89.72213463687696,90.63749656205938,88.96487932618344,90.06331634521484,5264457.0
2015-05-05,90.71240067553505,91.26161925903351,90.07996736035598,90.68743896484375,8626659.0
2015-05-06,90.49602482870155,90.49602482870155,88.11608257400974,88.5987319946289,14824806.0
2015-05-07,88.37406639748549,90.32128978724523,87.39213526094964,89.56404113769531,12131047.0
2015-05-08,90.0549995402112,90.62085696843793,89.22285227985911,89.95513916015625,8303757.0
2015-05-11,90.3628881186303,90.58757058315133,89.3892799071129,90.12156677246094,11205821.0
2015-05-12,90.28800076655807,90.60422079817518,88.31581576371646,88.848388671875,7637918.0
2015-05-13,89.03977776091948,90.43778923074888,88.1493842496903,90.24639129638672,8023000.0
2015-05-14,90.3379279808185,90.3379279808185,88.71524082804476,89.28942108154297,5469907.0
2015-05-15,89.20620185535788,90.13820944592392,89.0397724121876,89.61395263671875,5391273.0
2015-05-18,89.70547681578148,90.70405332598212,89.10633497287932,90.57923126220703,5679331.0
2015-05-19,90.70406663152362,92.3267536986345,90.4710681204433,91.96893310546875,12356226.0
2015-05-20,92.32676135234372,94.0160243998223,91.97726355675059,93.8662338256836,7847779.0
2015-05-21,94.19908079675481,94.21572644911507,92.95086003066831,93.90782928466797,7785822.0
2015-05-22,93.29204475027788,93.68315664513531,92.30179093150659,93.28372192382812,10580120.0
2015-05-25,93.36694137051968,94.11587389234661,92.78443829798762,93.71644592285156,8279640.0
2015-05-26,93.29203739025935,93.83293303041496,92.55142779122168,92.90924835205078,6425326.0
2015-05-27,92.57639448202377,92.81772258286772,90.87881558206148,91.92732238769531,8946008.0
2015-05-28,92.11871239984637,92.81772144303898,90.0799518252737,92.29346466064453,12361740.0
2015-05-29,92.3017849224106,94.03264828596404,92.3017849224106,93.48343658447266,17654976.0
2015-06-01,93.20049500859236,94.523614308012,92.99245823472516,93.79132080078125,4461161.0
2015-06-02,93.52504555164913,93.53336160566934,90.87881350532687,91.33649444580078,5428366.0
2015-06-03,91.57781104540472,92.90924643992449,90.54594996905801,90.80391693115234,9938402.0
2015-06-04,91.03692633695482,93.35029967565806,91.03692633695482,91.9855728149414,12418162.0
2015-06-05,92.25185122578252,94.02432865137465,91.63606371250948,92.50149536132812,9048973.0
2015-06-08,92.50151497775163,93.48345284901828,91.61943749069243,92.36837005615234,6071763.0
2015-06-09,92.06879485198323,92.75948116383711,89.97178775067293,90.46275329589844,6360473.0
2015-06-10,90.28799169936975,94.35719693325485,90.15484679269323,93.65818786621094,9516498.0
2015-06-11,94.03264324350846,94.19907266461892,90.37951880453967,90.8788070678711,10654536.0
2015-06-12,90.87880462651016,92.26849296426232,88.04118171840018,89.43087005615234,11815543.0
2015-06-15,89.20621245458098,91.20336600992019,88.51553289217239,90.02172088623047,5508510.0
2015-06-16,90.37120259792535,90.94538278840372,89.04808995759753,89.92184448242188,6020206.0
2015-06-17,90.20478079285405,92.19361133456817,90.05499699902998,90.9620361328125,7280782.0
2015-06-18,91.12012641948073,93.26706996897057,90.65412269596143,92.55142211914062,9528344.0
2015-06-19,92.94254600752842,96.15463553685548,92.66793336976983,93.4584732055664,27555342.0
2015-06-22,93.18386498113871,93.79132970971989,92.04382064324518,93.23379516601562,8081059.0
2015-06-23,93.86623739884023,93.86623739884023,92.36837223262623,92.76780700683594,5694782.0
2015-06-24,92.867630951188,94.53192504859119,92.70120154144769,94.09921264648438,7592163.0
2015-06-25,93.78301311723102,93.84958895883581,91.49460823521571,91.89404296875,11733234.0
2015-06-26,92.21856721225889,93.42518054082471,92.21856721225889,92.97582244873047,4171246.0
2015-06-29,92.05214530948312,92.36004247901964,90.2463831958837,91.9356460571289,4477214.0
2015-06-30,91.86906154668753,92.29345792851758,90.70405558905316,90.98698425292969,8373885.0
2015-07-01,90.54595415097268,92.53478450898568,90.079950386962,91.99388885498047,6424723.0
2015-07-02,92.5264629939547,93.28371144724328,91.37809591770346,92.49317169189453,5362553.0
2015-07-03,92.10209037804975,92.26851984317216,91.20336720316946,91.46133422851562,4578990.0
2015-07-06,90.62915577332788,91.82744615621029,90.48768806775269,91.54451751708984,3867641.0
2015-07-07,92.11871757850244,93.58329804024241,91.985572668884,92.16864776611328,4165118.0
2015-07-08,91.71928300099019,92.9924654469901,91.36977848497445,91.99388885498047,5195982.0
2015-07-09,91.98558336143549,92.60970062107226,90.41282628707842,90.68743896484375,3664431.0
2015-07-10,91.53621438214142,92.26850799788865,90.7956047118315,91.31153869628906,5939475.0
2015-07-13,91.38644076766593,93.53337812237804,91.38644076766593,93.14227294921875,4831150.0
2015-07-14,92.78441624631785,94.43207146596502,92.51813325395135,94.09921264648438,3293913.0
2015-07-15,94.53194631569403,96.49581514685258,94.29062497168586,96.1546401977539,8716285.0
2015-07-16,96.34602827717704,96.86196225578293,95.23095237106216,95.74687957763672,4637732.0
2015-07-17,96.02982115855615,96.51246386188252,94.06595226510116,94.59020233154297,5034174.0
2015-07-20,95.03671912002423,96.5027162317843,94.69970955069589,95.81184387207031,3991263.0
2015-07-21,95.63491192804227,98.59217225322261,95.60121234259827,97.15988159179688,8343864.0
2015-07-22,97.73280142472943,99.1819384425498,97.05878229370309,98.50791931152344,5474926.0
2015-07-23,99.0134513750053,100.05817984372064,96.83131541918121,99.25778198242188,11890199.0
2015-07-24,98.24674400825269,98.74383864547879,95.23893749028049,95.50011444091797,12045388.0
2015-07-27,95.20524172007593,96.0056395970061,94.32059143504786,94.64075469970703,5267502.0
2015-07-28,94.61546960204966,94.74184820716891,93.26743114744427,93.79822540283203,8265859.0
2015-07-29,93.8571891765836,95.71074187798156,93.84876942221379,95.1799545288086,6008291.0
2015-07-30,95.71075113403128,95.99721479167827,93.63814748902976,94.69972229003906,5578062.0
2015-07-31,94.8682232002837,96.38476640397401,94.8598034454455,96.0224838256836,7047102.0
2015-08-03,96.21627211725026,97.04194984336911,95.87926247960466,96.11517333984375,3455284.0
2015-08-04,96.19941999870598,96.19941999870598,93.94145144756882,94.33744049072266,7786595.0
2015-08-05,94.57334399265362,97.3958063811388,94.33744000421147,96.94926452636719,5696430.0
2015-08-06,97.5643149230352,97.69069353378276,95.87925992325586,96.31737518310547,5022969.0
2015-08-07,96.31738022192594,97.04195233274683,95.38217708217333,95.8961181640625,4219929.0
2015-08-10,95.71918698333678,96.62911714463199,94.37957500705978,94.9440689086914,3854564.0
2015-08-11,95.37374512743585,95.61808259249332,93.528618788643,95.3990249633789,6672931.0
2015-08-12,94.74184458000236,97.95186239843237,94.74184458000236,97.35367584228516,7323971.0
2015-08-13,97.319970867076,97.64856071795205,95.34003943276802,96.24996948242188,5510921.0
2015-08-14,96.24997220788049,97.36209982475607,95.48327396158949,96.93241119384766,4568222.0
2015-08-17,97.02508168984097,97.56430251228798,95.85397475051415,97.03350830078125,2212863.0
2015-08-18,97.34525450439853,98.99660300882184,95.79500477178995,96.24154663085938,7479918.0
2015-08-19,96.67123879943732,98.87022801511142,96.38477512763052,98.53321838378906,5814979.0
2015-08-20,98.57532992773508,98.8028072811605,96.67964417699173,97.18516540527344,6423955.0
2015-08-21,96.85658848280768,97.22730455670398,94.98618917182162,97.05879974365234,7385267.0
2015-08-24,95.87082954133615,96.72177327420118,90.33544426154711,91.7256088256836,11884861.0
2015-08-25,92.56814267217695,92.93042527886077,89.02111497425678,91.21167755126953,15297276.0
2015-08-26,91.8182819445929,93.7897865559675,91.51497196057898,92.83773040771484,11044007.0
2015-08-27,93.93301803491586,93.93301803491586,92.10473838320975,92.90513610839844,12857543.0
2015-08-28,93.40223380219513,95.28106646065224,93.07365080919367,94.96932983398438,5714915.0
2015-08-31,94.96934364049528,96.89029592229072,94.48068238565507,96.35108184814453,8954392.0
2015-09-01,96.2668183483174,96.38477034212822,94.36271265458919,95.06201171875,7103043.0
2015-09-02,95.3990177018857,95.91295871586718,92.5428558417768,93.39380645751953,6572206.0
2015-09-03,94.1941944147089,95.71073746409618,94.11836863353497,95.56751251220703,3285449.0
2015-09-04,95.71074406943924,96.31736407365007,92.20584296434066,93.35167694091797,7928355.0
2015-09-07,93.33483467362682,93.82349585768644,91.69191285126631,93.03152465820312,5709214.0
2015-09-08,92.72821459338066,95.37373861668188,92.67766178142398,94.96932983398438,4094153.0
2015-09-09,95.50854886686196,96.64595634172325,94.0594116053701,94.5480728149414,4099134.0
2015-09-10,93.52018584226276,94.32058365315633,92.7366412541897,93.03152465820312,8775869.0
2015-09-11,93.52018712881414,94.84295258760561,93.48648753918746,94.2110595703125,4084660.0
2015-09-14,94.53122520548031,96.67124191860938,94.22792201268668,96.3258056640625,10684962.0
2015-09-15,95.8792457202425,96.72176966708616,95.38215796290021,96.23310852050781,4937700.0
2015-09-16,96.70492349119469,98.06981503034221,96.29208812772926,97.82547760009766,9941709.0
2015-09-18,97.8507619705165,100.26038194625046,97.73280998355284,99.75486755371094,9898909.0
2015-09-21,99.38415856215127,100.59739867546922,98.49108855717868,99.78857421875,11840733.0
2015-09-22,99.75486711622648,101.81905087671021,99.41785752267812,100.41203308105469,18028038.0
2015-09-23,99.26619820341615,100.49628458015586,98.09509124761072,99.54423522949219,7529166.0
2015-09-24,100.09188118346248,101.92858080780275,98.91234755332299,101.6168441772461,11094738.0
2015-09-28,101.4399018338869,101.4399018338869,99.42626429027462,99.91493225097656,5322644.0
2015-09-29,98.67644704344852,100.74905772467677,98.57534826416834,99.13140869140625,8118296.0
2015-09-30,100.1087152766561,100.92596621993452,99.75485934488388,100.74060821533203,9590429.0
2015-10-01,100.7743197349246,103.34401798985559,100.65636774369878,101.06078338623047,18667659.0
2015-10-05,101.17031086490262,102.7711065323327,100.61424363018389,101.15345764160156,9100269.0
2015-10-06,101.50732637775107,102.78796572870513,100.79960751810954,100.9933853149414,8106115.0
2015-10-07,101.06919374458926,101.06919374458926,98.57532836832208,99.22406768798828,4985700.0
2015-10-08,99.68746529173018,100.58896873511824,98.68486307989656,99.3841552734375,5878542.0
2015-10-09,100.37833660271009,100.53841479330923,98.60903618176836,99.8138427734375,7196840.0
2015-10-12,101.10290263619805,101.10290263619805,98.06981637988942,98.39839935302734,5656995.0
2015-10-13,98.57532004562701,100.04131020559929,98.34783585852925,98.63429260253906,5195476.0
2015-10-14,98.0866608621319,100.16769774618282,97.90972946261512,98.22146606445312,5600910.0
2015-10-15,99.07241262273432,99.07241262273432,97.0756282136204,97.24413299560547,4486078.0
2015-10-16,97.56431594399422,98.09510337209703,95.3063472944555,97.21887969970703,4888068.0
2015-10-19,98.052967799811,98.44895682238797,96.23311458858056,97.3199691772461,5330665.0
2015-10-20,97.56432208557213,97.7159736870111,96.04777178878764,96.35108184814453,7156819.0
2015-10-21,96.85657294734683,97.64855092684168,96.24995983154666,97.37051391601562,5404803.0
2015-10-23,96.68809575439425,96.68809575439425,95.14627926485804,95.66864013671875,9916189.0
2015-10-26,96.14887151973933,96.77233796892827,95.32320066222947,95.88768768310547,5681966.0
2015-10-27,96.08988397690486,97.29469742593133,95.37373856790573,96.90713500976562,15674230.0
2015-10-28,96.87344530582243,97.94345365104542,96.00564137247817,97.39581298828125,7496963.0
2015-10-29,97.57274398876804,97.7159758372069,96.21627873268389,96.8228988647461,8150157.0
2015-10-30,96.46902807891914,97.5727359990133,95.90454105716125,96.52800750732422,6049662.0
2015-11-02,96.63753604974778,97.2862823574643,95.7950119391958,96.91557312011719,9695048.0
2015-11-03,96.91555918882214,97.67383077931986,96.27523958555074,96.76390075683594,5637257.0
2015-11-04,97.24414473428962,97.55588136118368,96.29209534373959,96.56169891357422,4350852.0
2015-11-05,96.5954030647858,96.87344011564151,95.93823704726918,96.19099426269531,3277977.0
2015-11-06,95.75286590535822,96.49429108299839,95.4916889703541,96.0393295288086,3659753.0
2015-11-09,94.95247918401239,95.54224600770542,93.72239957977801,94.40483856201172,7082536.0
2015-11-10,94.52281373493516,94.6660387315356,92.92201093770713,93.69713592529297,7630478.0
2015-11-13,93.35169725959075,93.56232829905409,92.74508397982382,92.93043518066406,3326617.0
2015-11-16,92.66081238291356,94.01727736756014,91.37174657435173,93.26742553710938,5924403.0
2015-11-17,93.85719177392794,93.85719177392794,92.8461629997323,93.66341400146484,7816195.0
2015-11-18,93.26742796653095,93.83192179273598,92.87144579788259,93.41065979003906,6561801.0
2015-11-19,93.5960203438158,94.69972133553358,93.12420551674602,93.81507110595703,5367129.0
2015-11-20,94.64918432786794,96.89029296950392,94.02571100289322,95.99722290039062,9887773.0
2015-11-23,96.71336726976959,97.08407650161583,95.63493231037849,96.06462097167969,5929566.0
2015-11-24,96.58698204876919,97.2947008714293,94.7839751170803,95.01145935058594,5441907.0
2015-11-26,94.19420812415986,96.5448556780158,94.19420812415986,95.96350860595703,10273112.0
2015-11-27,95.96349688937917,96.11515531176067,95.18837898206847,96.0393295288086,7137918.0
2015-11-30,95.87924449577079,97.01665180948395,95.57594136396249,96.0393295288086,22234597.0
2015-12-01,97.59801313433319,98.98817783289613,97.59801313433319,98.0614013671875,9200387.0
2015-12-02,98.54162919974316,98.64273482255902,97.06721219646619,97.35367584228516,3787604.0
2015-12-03,98.57534560088732,98.57534560088732,95.92981448263254,96.47745513916016,6974419.0
2015-12-04,96.44373526780205,96.44373526780205,94.73341447348163,95.92979431152344,5513331.0
2015-12-07,96.35948858158305,97.29469154813266,95.69389602472475,97.06720733642578,6213411.0
2015-12-08,96.7554775281424,97.54744867848672,95.09570258594455,95.49169158935547,3736804.0
2015-12-09,95.03674069874639,96.69651594714234,94.7924100768019,95.25579833984375,4223545.0
2015-12-10,95.55067468380882,96.04776250322313,94.303741829365,95.22209167480469,6014387.0
2015-12-11,95.54223897730338,95.668617573081,94.46381103592553,95.35688781738281,3691311.0
2015-12-14,94.90194261154502,96.04776992569985,94.36272169137943,95.5506820678711,3973023.0
2015-12-15,95.77814842881712,96.04775198205375,93.75609092539352,94.17735290527344,6393961.0
2015-12-16,93.05680367486211,94.16893818476142,93.05680367486211,93.51177215576172,10970066.0
2015-12-17,93.94143984920503,94.09309827224264,93.20002152483454,93.70553588867188,10163672.0
2015-12-18,93.35168401571971,93.91617786398797,92.75349057721412,93.38538360595703,14961660.0
2015-12-21,93.3179777989858,94.2363275642513,92.42490101048412,93.66341400146484,6207683.0
2015-12-22,93.48647607732609,93.94143762270119,93.18316609491696,93.59600830078125,6653875.0
2015-12-23,94.36270126475792,94.36270126475792,93.35167254302227,93.7392349243164,4221929.0
2015-12-24,93.77292557460358,94.32899268986489,93.435916032806,93.89088439941406,2154842.0
2015-12-28,93.61287312877413,95.0367374627056,93.61287312877413,94.6070556640625,5220702.0
2015-12-29,94.68286819324024,95.7444497640597,94.18578042348884,95.04515075683594,4268569.0
2015-12-30,95.35688016582466,95.71073609172153,93.6886787215323,94.04254150390625,2678249.0
2015-12-31,94.02570010453336,94.93563014940496,93.85719530249912,94.34586334228516,7054776.0
2016-01-01,94.32899800885343,94.32899800885343,93.36852213186674,93.76451110839844,3165524.0
2016-01-04,93.85719983909839,94.36271426963516,93.68869502891945,93.97515869140625,3431636.0
2016-01-05,94.69971765145182,95.2052320486868,93.39380545859481,93.84034729003906,4687529.0
2016-01-06,93.85720475335543,94.32901961785578,93.18318547734883,93.53704833984375,6123539.0
2016-01-07,93.18319226106118,93.93304424539048,92.18901649916717,92.65240478515625,11168290.0
2016-01-08,93.03151717347802,94.00041970871324,92.6018285909043,93.65498352050781,4648302.0
2016-01-11,93.01467354640184,93.34325654703571,90.04899307261728,90.56292724609375,9954184.0
2016-01-12,90.40283101857058,92.8461502198987,89.50975435299668,92.49229431152344,6982168.0
2016-01-13,92.17213538574836,92.99781292303487,91.06842770358114,92.08788299560547,3587567.0
2016-01-14,91.83513210283014,92.66080969655822,90.31858897659055,91.87725830078125,5838665.0
2016-01-15,92.1047432776811,92.48387906239154,90.4870945203255,91.51497650146484,3334175.0
2016-01-18,90.48710549924958,92.81247329890921,89.43395041393983,92.19743347167969,9031923.0
2016-01-19,92.34064914131221,93.01466832796825,90.65560117467207,91.32962036132812,5106281.0
2016-01-20,90.83252785904388,92.99781712616941,89.84677210722903,91.42229461669922,6238110.0
2016-01-21,91.25380752152495,93.52019598692327,91.25380752152495,92.8124771118164,9300264.0
2016-01-22,93.63814101195275,93.63814101195275,92.18899702654522,92.69451141357422,4445262.0
2016-01-25,93.1706534180935,93.49374646010273,92.47344390297518,93.02610778808594,4242825.0
2016-01-27,93.52775765207682,94.36951281961832,92.4309337578306,93.96138763427734,11160519.0
2016-01-28,94.07191831498432,94.15694353094666,92.5754800495427,93.06011962890625,6459529.0
2016-01-29,93.289691950749,96.19755715026079,93.289691950749,95.70440673828125,7734574.0
2016-02-01,96.18054392146588,97.59196383306885,94.76912400986292,96.61417388916016,8037187.0
2016-02-02,96.94576706570649,97.19233878853811,95.94247236479058,96.46112060546875,6855160.0
2016-02-03,96.33358617303435,96.33358617303435,94.21645977329689,94.8541488647461,3213476.0
2016-02-04,95.27927820843668,95.50884905701575,94.15694260106967,95.21976470947266,5609982.0
2016-02-05,95.22826417574498,96.21455808073019,94.44603632786492,94.87116241455078,5742094.0
2016-02-08,94.89665718567802,95.26226973322095,92.38841353924037,92.67749786376953,4384750.0
2016-02-09,91.8102481310378,91.8102481310378,90.80694648542519,91.18955993652344,4267924.0
2016-02-10,91.18955892653015,91.25758324648251,89.78664295470827,90.33080291748047,5157374.0
2016-02-11,90.33081766953318,90.51787593073924,87.25290870153034,87.95011138916016,5269476.0
2016-02-12,89.24248016660572,90.03321183066925,86.4281444071459,87.96710205078125,9598621.0
2016-02-15,88.91939788465955,89.71863354990042,88.1116583137456,89.40403747558594,5214324.0
2016-02-16,89.61659375649144,90.21177023750536,88.6218029327041,89.54857635498047,3685887.0
2016-02-17,88.93638787639453,90.1182368777446,87.95859798933878,89.60808563232422,5763710.0
2016-02-18,89.80365273526645,92.47344301696297,89.80365273526645,92.0483169555664,4740372.0
2016-02-19,92.06532688378944,93.44273120278065,91.51266299125953,93.0771255493164,5768537.0
2016-02-22,93.0516220766738,93.2046716274776,91.2320837147217,92.2948989868164,4520996.0
2016-02-23,92.19287261373988,92.4564452649839,91.07904082783458,91.81875610351562,5036873.0
2016-02-24,91.84426095349774,92.20986661098485,90.21177405446795,90.79844665527344,5189321.0
2016-02-25,90.87497748749888,91.61469272905299,88.78335575050637,90.78144836425781,5119049.0
2016-02-26,91.8612490350336,92.15034026179733,89.56556854554671,90.21176147460938,5250574.0
2016-02-29,89.95669890305862,90.44134539994283,86.3686320353893,88.46875762939453,11091282.0
2016-03-01,89.27650211088341,91.6572082802907,89.01292254396787,91.05352783203125,9201448.0
2016-03-02,91.82726136790363,92.14185745996309,90.15226863062499,91.75074005126953,9548461.0
2016-03-03,91.85275394278231,93.26416681138672,91.01950278151187,92.286376953125,6511139.0
2016-03-04,92.66050014458358,92.7880379614787,90.99400461994706,91.30859375,8533469.0
2016-03-08,91.43613292751968,92.42242677672564,90.8409564398193,92.07382202148438,8277325.0
2016-03-09,92.16736248979193,92.16736248979193,90.67942108729707,91.5126724243164,10597186.0
2016-03-10,91.6657115360888,91.81025717738288,90.58588847773217,91.12155151367188,6464851.0
2016-03-11,91.11303609128588,91.79323776317318,91.096028281741,91.65719604492188,5963203.0
2016-03-14,92.33740742715189,92.33740742715189,91.23207959409706,91.9718017578125,5552606.0
2016-03-15,92.08233372771191,92.3374093869075,89.8546771223593,90.67091369628906,10384866.0
2016-03-16,90.99401771035716,91.91228735635649,90.13526156918216,91.56368255615234,10071645.0
2016-03-17,92.099340717831,92.4989550953839,91.07903809015036,91.69121551513672,9839474.0
2016-03-18,91.9207801199816,94.17394826947468,91.91227621478885,93.74031829833984,13512583.0
2016-03-21,94.2759756462346,95.63637897576571,92.13333763447545,94.62458038330078,5891875.0
2016-03-22,94.63309438787954,94.6501022003051,93.71482474304773,94.01241302490234,7905422.0
2016-03-23,93.54474931112796,95.09221073120405,92.81353120142862,94.50553131103516,7693379.0
2016-03-28,94.98167318545896,95.84042909044908,93.40870698341405,94.57355499267578,7775976.0
2016-03-29,94.71812086324438,95.05822176128795,93.18766682204834,94.06343078613281,8018333.0
2016-03-30,93.9868944220707,95.84895221335418,93.74032267618286,95.55986785888672,7883464.0
2016-03-31,95.54285525659134,96.92876345904106,94.7521235444105,95.95097351074219,20671520.0
2016-04-01,96.4186201816016,97.35389760105345,94.75213140607438,95.59387969970703,7355416.0
2016-04-04,96.40161359117998,97.11582401267222,95.7639244792459,96.29107666015625,3719124.0
2016-04-05,96.29106245602729,96.35058286544236,94.76060881314643,95.05819702148438,4395422.0
2016-04-06,95.22827308071629,95.56837398186845,93.99540731403971,94.92218780517578,5808793.0
2016-04-07,94.88815830139437,95.228259152804,93.58727531250037,93.83384704589844,3246500.0
2016-04-08,93.18766097622772,93.76583661825413,92.93258531869637,93.45124053955078,5016142.0
2016-04-11,93.35769508450832,96.69068586099444,92.2013509220926,96.20603942871094,5949523.0
2016-04-12,96.12952721124091,97.22635106652625,95.41531681147623,96.85224151611328,4493886.0
2016-04-13,99.1394237504626,100.6528697392321,98.72279468086964,99.46251678466797,10674994.0
2016-04-18,100.1597449141621,101.095022409581,98.66329953761772,100.09172058105469,13105324.0
2016-04-20,101.69018734608181,103.22064125413769,100.26175954694105,102.24285125732422,25034223.0
2016-04-21,96.9287589771113,97.88954799002647,94.69259874910479,95.03269958496094,30976914.0
2016-04-22,95.22824408330452,95.67888179173234,94.3949998969564,94.87964630126953,11492685.0
2016-04-25,94.90517081836977,95.52585213522613,93.71481777940258,93.94438171386719,9151325.0
2016-04-26,93.93587939917347,94.88815762470762,93.56176292979524,94.28447723388672,9657501.0
2016-04-27,93.91037299069342,95.44082689760741,93.91037299069342,95.22826385498047,4790110.0
2016-04-28,95.14323636635395,95.90846330154089,93.6978077110008,94.05491638183594,14505825.0
2016-04-29,94.3780165924316,94.68410877360616,93.24718391459729,94.26748657226562,6830286.0
2016-05-02,93.69780060340211,94.02939753295536,92.728514609566,93.27267456054688,5296409.0
2016-05-03,93.35769038626678,93.48522818630525,91.66569028963009,92.48193359375,9210403.0
2016-05-04,92.25238899934531,92.40543855450143,91.31711153330515,91.82726287841797,6997112.0
2016-05-05,91.65720633385759,92.72852547121434,91.31710545973607,92.35441589355469,5824718.0
2016-05-06,92.96658164866248,92.96658164866248,90.39882452290354,90.65390014648438,6870419.0
2016-05-09,90.62838963231847,91.84425427243856,90.38181791013318,91.65719604492188,5356158.0
2016-05-10,91.61469528934711,92.18436703097848,90.88347701362284,91.59769439697266,5211513.0
2016-05-11,90.87497916553168,91.73372834371789,90.65391221179888,91.4531478881836,3859455.0
2016-05-12,91.4871578805772,92.37992269450461,91.09604048298259,92.21837615966797,5328180.0
2016-05-13,92.28637893946274,92.28637893946274,91.31709296471888,91.76773071289062,4528516.0
2016-05-16,91.94627954412381,92.42242209403369,91.1810526701373,91.96328735351562,6225662.0
2016-05-17,92.16734944388932,92.23537376428274,91.49565166114174,91.8527603149414,6809208.0
2016-05-18,91.64021002939478,91.9718070143894,90.97700914003518,91.75074005126953,7621128.0
2016-05-19,91.8272482101594,92.49894599005515,91.35960955183876,92.32889556884766,6685262.0
2016-05-20,92.40543365478516,93.17915761835053,92.25238410774435,92.40543365478516,4706510.0
2016-05-23,92.50746440344324,92.583985721114,91.53817823441587,91.8017578125,4875689.0
2016-05-24,91.80175240167176,91.8952815263658,91.07053413502292,91.42764282226562,5286206.0
2016-05-25,91.82726014573416,93.00910934286748,91.65720970242374,92.86457061767578,6641075.0
2016-05-26,92.86456085914048,93.32369562395705,92.33740177252584,92.66899871826172,6586563.0
2016-05-27,92.36291570836461,93.69780742854483,92.33740399231345,92.74552917480469,6460681.0
2016-05-30,93.05162172000962,93.95289045116547,92.5839830020804,93.55327606201172,5706643.0
2016-05-31,93.69780190302099,93.86785232252173,92.39691896158796,92.75402069091797,11040471.0
2016-06-01,92.77954545943459,94.51405859851228,92.77954545943459,94.2929916381836,5452990.0
2016-06-02,94.5480458353713,95.04970006507116,90.88345822772946,91.895263671875,13762753.0
2016-06-03,92.0823212611508,92.42242209403369,91.65719522004719,91.96328735351562,7088563.0
2016-06-06,91.99731343349151,92.15036298882515,90.7049341759957,90.9940185546875,10304205.0
2016-06-07,91.82726261193343,92.02282477861478,91.3511199740025,91.8017578125,10313858.0
2016-06-08,91.99731269264873,92.68601838767786,91.82726224544996,92.6094970703125,8129181.0
2016-06-09,93.03461867519643,93.03461867519643,92.20136737272122,92.64350128173828,9430088.0
2016-06-10,92.59248438903043,93.04312220203343,92.33740873164498,92.73703002929688,6359182.0
2016-06-13,91.92930017182088,92.62650289080226,91.6317118733924,92.03132629394531,3480377.0
2016-06-14,92.03131591151725,92.50745851916136,91.82725677091834,92.35441589355469,5602446.0
2016-06-15,92.81354475535103,93.14514170254357,92.21836826369329,93.02610778808594,2263231.0
2016-06-16,92.79654009654784,93.69780876982671,92.09083357164852,93.51075744628906,3681988.0
2016-06-17,93.74884307223732,94.20797794178532,93.35772562063305,93.87638092041016,8613805.0
2016-06-20,93.52775896846411,95.03270806923321,92.69451461397435,94.72661590576172,7409230.0
2016-06-21,94.8371469414227,95.71290384973064,94.10592874064794,95.39830780029297,5277033.0
2016-06-22,95.57688063505083,95.90847763932982,95.14325058974563,95.7639389038086,7391587.0
2016-06-23,95.73841155768686,96.05300761669442,95.11773026430068,95.85745239257812,3580004.0
2016-06-24,94.08041111322996,94.84563796654771,93.0686125466058,94.40351104736328,7210062.0
2016-06-27,94.36952401587239,94.36952401587239,93.05162610209234,93.18766784667969,5685011.0
2016-06-28,92.66900515959757,92.97509733054132,92.03981992560603,92.23538208007812,5295833.0
2016-06-29,92.57548163779167,94.71811296518067,92.1673564425486,94.3014907836914,4993854.0
2016-06-30,94.83713370157078,95.59385659233483,94.38649599314297,94.87964630126953,7785230.0
2016-07-01,95.18576034984015,96.07852521425565,94.72662551772915,95.04122161865234,2872943.0
2016-07-04,95.56836646822458,96.0785177798444,95.22826559381136,95.5173568725586,5305017.0
2016-07-05,95.50884716106953,96.7587136469397,94.55656200285165,96.07001495361328,4831470.0
2016-07-07,96.4186105349548,96.58016397219285,94.81163542254791,95.16024017333984,7614019.0
2016-07-08,95.16024532798109,95.81494225930687,94.38651447806055,95.50885009765625,4648377.0
2016-07-11,96.249889380294,97.27201187854347,95.84956222750671,96.90575408935547,5509102.0
2016-07-12,96.50541545171878,97.42532981576872,96.24988483921238,97.2379379272461,3498900.0
2016-07-13,97.76602468987991,98.43040142402494,97.06757166642645,97.77454376220703,5638382.0
2016-07-14,97.02500747334923,97.77456818629504,96.33507334987733,97.2038803100586,2713977.0
2016-07-15,97.08462588807153,97.93639462762152,94.23971275260512,94.46117401123047,18280203.0
2016-07-18,94.2908059421192,94.36746373069332,92.80872994674718,94.0267562866211,8784787.0
2016-07-19,92.84280722747448,94.33340242248912,92.67245349090138,93.56681060791016,14877681.0
2016-07-20,88.24325727997817,92.20398169749289,88.24325727997817,91.79513549804688,50777299.0
2016-07-21,91.80364893545243,92.80873315755305,91.80364893545243,92.33174133300781,7703480.0
2016-07-22,91.99103055417177,92.16138427594778,91.13926194529178,91.60773468017578,7330024.0
2016-07-25,91.59922135994428,92.62134375478699,91.1392676686073,92.47654724121094,3908543.0
2016-07-26,92.33174406568708,93.82233922918772,92.15287125972478,93.03019714355469,8752205.0
2016-07-27,93.03020150306294,94.16305110772568,92.42544433633223,93.5497817993164,7535086.0
2016-07-28,93.23461968752098,94.84446106827565,92.6724509856846,94.3419189453125,6127465.0
2016-07-29,94.0863905747761,94.20563680363448,92.44247979505187,92.85132598876953,7435123.0
2016-08-01,92.85133048547544,95.69623662812455,92.84281141192058,95.00630950927734,12123703.0
2016-08-02,95.05740289695574,95.227756628321,93.353865583303,93.62643432617188,6216329.0
2016-08-03,93.353863616188,94.57189692881045,93.14944052919941,93.34534454345703,7703918.0
2016-08-04,93.31978548231699,94.0352696853571,92.90242027485279,93.38792419433594,6132105.0
2016-08-05,93.00464814699096,94.12046658294445,92.94502849420672,93.21759033203125,3108623.0
2016-08-08,93.05573536392467,94.18007262842394,93.05573536392467,93.52420806884766,5468510.0
2016-08-09,93.3027500629873,94.12044928964372,93.0642576322465,93.92454528808594,4676916.0
2016-08-10,93.6945700922696,93.8649238182644,91.99955190496357,92.44247436523438,3369775.0
2016-08-11,92.14435940218105,93.27720895724542,91.99103688300791,92.5020980834961,2665604.0
2016-08-12,92.07621789492404,93.60940156541082,92.07621789492404,92.62986755371094,4163470.0
2016-08-16,92.62987057189324,93.01316650200395,91.10520592512847,91.39480590820312,4939065.0
2016-08-17,91.42885737346012,91.67587580321216,89.7082890274683,89.91271209716797,5300457.0
2016-08-18,90.27897784279668,90.29601598833398,89.12909017522513,89.45276641845703,4851732.0
2016-08-19,89.75940466709288,90.2534277079737,88.42212512320613,88.60099792480469,5503785.0
2016-08-22,88.24325953998213,88.58396702548349,87.64702144035479,87.81737518310547,5422857.0
2016-08-23,87.7747894174604,88.66914659410708,87.73220098047722,88.51583099365234,6156019.0
2016-08-24,88.60100319413307,88.92467252544775,88.08142290400257,88.52434539794922,5587134.0
2016-08-25,88.75430472939794,88.79689315738943,85.56017263003612,85.85829162597656,25798062.0
2016-08-26,85.85828710814138,86.20751358563749,83.13262786010927,83.47333526611328,17698571.0
2016-08-29,83.6436901001232,83.73738602438321,81.27576943735095,81.56537628173828,27176665.0
2016-08-30,81.58243559310769,83.55002295343445,81.4546702701217,83.37966918945312,24165572.0
2016-08-31,83.77998989775664,84.49547420561603,82.8345252726479,83.75443267822266,14992145.0
2016-09-01,83.42224486952016,83.42224486952016,82.02534560489659,82.44271087646484,10604872.0
2016-09-02,82.45122517906155,82.71527484390599,81.65056404349369,82.3830795288086,8611208.0
2016-09-06,82.621585351205,82.68972407506149,81.76981664444138,82.26383972167969,8491053.0
2016-09-07,83.0985658804807,83.43075424447288,81.77832456504957,82.06792449951172,11453063.0
2016-09-08,81.2587618571806,81.71019653484048,80.10035493787824,80.73918151855469,11891858.0
2016-09-09,81.3609586738215,82.28087298151577,80.79879690611568,81.88053894042969,10113106.0
2016-09-12,80.88397491083333,82.34901286105784,80.43253335767689,81.83795166015625,10068429.0
2016-09-14,82.53641769718263,82.61307550300926,81.06285351090513,81.43763732910156,9826386.0
2016-09-15,81.73574049729024,81.73574049729024,80.79027592492727,81.5057601928711,9677981.0
2016-09-16,81.99127115064219,82.16162487798307,81.4291024640751,81.66759490966797,12324284.0
2016-09-19,81.7698182068735,82.10200662251636,81.12247259102158,81.76129913330078,11299922.0
2016-09-20,82.19568856424249,82.19568856424249,81.44612805664818,81.94867706298828,5829321.0
2016-09-21,82.27235884385283,82.53640852944835,81.81240512827016,82.42567443847656,8668616.0
2016-09-22,82.6215740834022,82.65564344068412,81.70165984652708,82.06792449951172,7633032.0
2016-09-23,82.3234743914816,82.40013219627906,81.60798999385166,81.80389404296875,12300882.0
2016-09-26,81.83795869454599,81.94017371619668,81.10543619061411,81.65057373046875,11939239.0
2016-09-27,81.82942593349794,82.62157488951165,81.5994525708183,82.48529052734375,9878285.0
2016-09-28,82.51936982806532,82.57047733650028,81.82943579347213,82.4001235961914,4245028.0
2016-09-29,82.40011548926637,82.44270392015353,80.06627086299218,80.44104766845703,26351076.0
2016-09-30,80.57734656069515,81.76982284052372,80.57734656069515,81.59095001220703,11216973.0
2016-10-03,81.76982284052372,81.78685405692264,80.79880782757714,81.59095001220703,5336686.0
2016-10-04,81.59946988902578,82.61307335050935,81.59946988902578,82.07646179199219,7095976.0
2016-10-05,82.07644927374619,82.3064226501587,81.19912340545184,81.69315338134766,7538366.0
2016-10-06,81.76980748114615,81.87201555547725,81.26726538681383,81.4291000366211,7396014.0
2016-10-07,81.42910168016405,81.71870162751343,81.02024857945538,81.25022888183594,5566297.0
2016-10-10,81.29282790816015,81.72723135165545,81.10543601278202,81.25875854492188,3538004.0
2016-10-13,81.2587527765265,81.5994602481466,80.81583029073587,81.47169494628906,7329358.0
2016-10-14,81.39503688901739,81.97423681621913,80.7987988156051,80.91804504394531,6884195.0
2016-10-17,80.92655557389512,81.028763645235,80.33882970392119,80.43252563476562,8298392.0
2016-10-18,80.5943711273835,82.46826226964525,80.5773399123898,82.23828887939453,5801342.0
2016-10-19,82.62158915597318,84.64879599873996,82.40864696947618,84.32512664794922,12378636.0
2016-10-20,84.81913380466017,85.37278338548401,83.84811900309583,84.39324951171875,6252382.0
2016-10-21,85.15134536343243,85.34724940292126,84.03552691644936,85.04061126708984,10617160.0
2016-10-24,83.47335237723922,83.47335237723922,81.3609618679714,82.44271087646484,18579446.0
2016-10-25,82.45122323647043,82.55343131187537,81.63352397467698,82.00830078125,18599248.0
2016-10-26,81.89758294821617,81.89758294821617,80.15997615159138,80.33032989501953,7329390.0
2016-10-27,80.28775805645786,80.68808527724376,78.36275897143665,78.65235900878906,10042829.0
2016-10-28,78.65232790194581,79.4529889585707,77.35763692361303,78.72046661376953,12320247.0
2016-11-01,79.22303152518559,79.46152399619771,78.36274372407985,78.49050903320312,3786724.0
2016-11-02,77.97091263889968,78.50752405383815,77.06803658766887,78.0049819946289,7523630.0
2016-11-03,78.02202620729676,78.35421458198894,75.98629366482037,76.2503433227539,8053976.0
2016-11-04,76.27590279674017,77.29802516862101,75.67114567370182,77.0850830078125,6547449.0
2016-11-07,77.51097126213415,77.58762905757244,76.39515289654166,76.6592025756836,7134574.0
2016-11-08,77.17027098786777,77.66429409941901,76.05445251816468,76.95732879638672,6916238.0
2016-11-09,72.4003597508519,76.73586836171575,69.52138406354253,76.13111114501953,11558738.0
2016-11-10,76.85509605892747,76.89768448740828,74.97268613373333,75.79890441894531,8316376.0
2016-11-11,75.27933737988327,75.66263330329178,73.94205771886224,75.35599517822266,10485629.0
2016-11-15,75.21118695123793,76.8976859791097,74.87899165727518,76.30996704101562,37705734.0
2016-11-16,76.48884245797095,77.42578793490996,75.31339760969375,75.85852813720703,8829107.0
2016-11-17,75.48375903316705,75.79891622569943,73.89946786056284,74.68309783935547,11076418.0
2016-11-18,74.94714565633645,75.29637220191832,73.69504292247578,74.47015380859375,5763107.0
2016-11-21,74.52978303759907,75.59449392677715,74.47867552857623,75.26229858398438,8909576.0
2016-11-22,75.29637957597967,77.17027085785588,74.80234953354878,76.72734832763672,5891539.0
2016-11-23,76.72734764367046,76.974359196828,75.3134101208802,76.47181701660156,6756803.0
2016-11-24,76.39515704252503,77.49393732133504,76.07999983875014,76.78697204589844,7374200.0
2016-11-25,77.17026434865447,79.55521668805686,76.82955687159698,79.17192077636719,6822590.0
2016-11-28,79.72555691320005,79.72555691320005,77.6131667544644,78.46493530273438,6135518.0
2016-11-29,78.60121724850748,79.47002391380724,78.44790168720046,79.24004364013672,3333673.0
2016-11-30,79.21451452881738,80.2281179547662,78.70345327892265,79.2571029663086,11587709.0
2016-12-01,80.01517246008443,80.22811463873914,79.08674594749223,79.77667999267578,3302127.0
2016-12-02,80.151445386483,80.23662224577242,78.10720076353674,78.43087005615234,4041268.0
2016-12-05,78.36274102308786,78.36274102308786,77.17878391902954,77.79205322265625,3176116.0
2016-12-06,77.68133031039531,78.8482493315865,77.66429216281689,77.98796844482422,3357785.0
2016-12-07,78.09016902232936,78.32014933395325,76.99990790670833,77.2298812866211,3144911.0
2016-12-08,77.51097536228329,78.26904814698229,77.35765283158499,78.1242446899414,5596430.0
2016-12-09,78.03905487060547,78.56715416921622,77.76649308076647,78.03905487060547,5430270.0
2016-12-12,77.51096567752906,77.66428125735936,76.91472763997217,77.26395416259766,3831332.0
2016-12-13,77.76649946863274,79.05267153183132,77.51948794352575,79.0015640258789,6269049.0
2016-12-14,79.06970940733765,79.78519375581493,78.91639380827526,79.43597412109375,5507907.0
2016-12-15,78.46495559965582,80.38995440303704,78.46495559965582,79.40190124511719,5511310.0
2016-12-16,79.43596091312267,80.09181856862959,78.35421203075377,78.95896911621094,8818851.0
2016-12-19,78.83120678400083,79.47003325068533,78.78009928032391,78.96749114990234,4144553.0
2016-12-20,79.53817864464834,80.04923986089722,78.64382151621282,79.49559020996094,4334313.0
2016-12-21,79.81073936343113,80.15144680662557,78.56715580942925,78.78009796142578,5486622.0
2016-12-22,78.80567463688358,79.41895101268763,78.24351271272836,78.65235900878906,4312617.0
2016-12-23,79.15488750820018,79.2145140930446,77.57911532969337,78.1498031616211,3585124.0
2016-12-26,78.09017161261666,78.44791723551793,77.2213717068314,77.69835662841797,3316809.0
2016-12-27,77.51096667210308,79.38485767132654,77.35764415859462,79.24857330322266,2952121.0
2016-12-28,79.38487780501805,80.99471954902609,79.2230431094735,79.95555877685547,6353966.0
2016-12-29,79.89593284250589,81.25876289875099,79.05268313154664,80.46661376953125,10907890.0
2016-12-30,80.68805645972819,81.17356732815028,80.2451409524673,80.8243408203125,2779631.0
2017-01-02,80.92656799701804,81.49724887847539,80.15145707807767,80.33032989501953,2460948.0
2017-01-03,80.57733632393686,80.76472127079113,79.33375268947569,79.55521392822266,3686937.0
2017-01-04,79.55521053409304,81.36095586378812,79.40188802225056,81.02024841308594,6050638.0
2017-01-05,81.27578295282228,82.7748971951425,81.27578295282228,81.83795166015625,5216996.0
2017-01-06,81.51428805708167,81.78684989098909,79.89592747403363,80.0577621459961,8381720.0
2017-01-09,79.89592122509487,80.8243476795699,78.66937573916475,80.406982421875,3922249.0
2017-01-10,80.50918505569119,81.57389581028792,80.27921169172468,81.17356872558594,3528383.0
2017-01-11,81.4120823139551,82.02535864062503,80.9180591681522,81.12248229980469,4507028.0
2017-01-12,81.08840345734833,82.49382185432998,80.79028440344314,82.31494903564453,3741476.0
2017-01-13,82.63861610983126,82.86859643207166,81.82943584287561,82.56195831298828,4322788.0
2017-01-16,82.26382996477413,83.08152921262624,81.735737588242,82.57898712158203,3227332.0
2017-01-17,82.68121500195814,83.08154911524211,81.8550034154939,82.17867279052734,2948943.0
2017-01-18,82.1786505665019,82.96228043226786,81.76980442105646,82.27234649658203,2863620.0
2017-01-19,82.34901811967318,82.52789093775336,80.96063787458296,81.5994644165039,4785278.0
2017-01-20,81.18209783562605,81.73574749647169,80.91804814949585,81.41207122802734,4077220.0
2017-01-23,80.50068073521881,82.5023371483105,80.36439635904902,81.72722625732422,6108473.0
2017-01-24,82.22124887275314,82.28087545316085,81.08839929869669,82.02534484863281,3921167.0
2017-01-25,82.11053181015195,82.45123932473707,80.27070984504984,80.69659423828125,10906509.0
2017-01-27,79.98108513920707,80.6965693124926,79.09524726124832,79.30818939208984,10272157.0
2017-01-30,79.0441584731131,79.72557345309566,77.93685913064142,79.34227752685547,9853933.0
2017-01-31,79.35079424934443,79.35079424934443,75.86705472203477,78.02203369140625,14628407.0
2017-02-01,78.5330965372002,78.5330965372002,76.65920535897304,77.68132781982422,8750755.0
2017-02-02,78.02352755401361,78.35717931507558,76.32959198191543,77.96363830566406,8171731.0
2017-02-03,78.02353518276608,78.63950611828083,77.69843302918407,78.32296752929688,4682452.0
2017-02-06,78.47696003963257,79.18704665248069,77.76688038903224,78.89616394042969,6599518.0
2017-02-07,79.05014685698353,79.05014685698353,77.9465263608872,78.4598388671875,4459769.0
2017-02-08,78.42562461044265,79.58913453071398,78.21174436635776,78.79350280761719,7007704.0
2017-02-09,78.41707249473974,79.88000774829545,78.25451794456927,79.73457336425781,5274137.0
2017-02-10,79.96555492535715,80.79541298006959,79.46079898874459,80.29065704345703,4093449.0
2017-02-13,80.07677647413503,81.44560990297937,79.94844834018086,81.1803970336914,4523470.0
2017-02-14,81.64237176479635,81.7364804495324,80.79540752666483,81.56537628173828,4619060.0
2017-02-15,81.53972057182656,82.0102570744071,80.17943674911434,81.22317504882812,5640489.0
2017-02-16,80.93230033319186,82.45512479369135,80.93230033319186,82.26691436767578,5667011.0
2017-02-17,82.4722434442327,82.75456258302633,81.11196647707216,81.33439636230469,4210692.0
2017-02-20,81.27451198894371,81.68515926435063,80.94086020739469,81.38572692871094,3054543.0
2017-02-21,81.27449985706761,82.25834881302421,81.12905853085374,81.41138458251953,6829411.0
2017-02-22,81.29160790965504,81.71081869612378,80.45320026121058,81.18894958496094,5558777.0
2017-02-23,81.18896257677221,83.71274948915985,80.68420658674421,83.17376708984375,8693864.0
2017-02-27,82.13003576947192,84.2859514450426,82.07014651538753,83.79830169677734,7528200.0
2017-02-28,83.84106580300889,84.21749359181628,83.33630988422762,83.6357421875,5401139.0
2017-03-01,83.4988707284304,84.72226297707242,83.12244287979038,83.59297943115234,5426302.0
2017-03-02,84.52549489272845,84.77359458794831,83.51597594486302,83.87529754638672,5423075.0
2017-03-03,83.97796295512182,84.80781414101337,83.3619850552404,84.49983215332031,3947295.0
2017-03-06,84.0635022573088,84.29448871291517,83.60151542160287,84.1661605834961,3143300.0
2017-03-07,84.43993278311014,85.48367105446856,84.16616331323837,84.72225189208984,8801080.0
2017-03-08,84.63670451598088,84.9019173992661,83.72130128947671,84.71370697021484,3064671.0
2017-03-09,84.3543793878834,84.3543793878834,82.70321991735882,82.89999389648438,3759439.0
2017-03-10,83.00265262677273,83.66140649038081,82.7459963623405,83.33631134033203,2914404.0
2017-03-14,83.84107618006217,86.33920020431314,83.73841087847748,85.78311157226562,6553246.0
2017-03-15,86.52742490493966,86.56164435702648,84.25173735080998,84.66239166259766,9607608.0
2017-03-16,85.09012119582547,86.0483003161516,84.69658023468881,85.64620971679688,8848888.0
2017-03-17,86.23653608458378,86.74984867504712,85.37245849818764,86.27931213378906,8875816.0
2017-03-20,86.23653641445084,86.27931246381975,84.73081808421594,85.12435913085938,3751881.0
2017-03-21,84.37150608928222,85.89433070960919,84.37150608928222,85.32112884521484,5951390.0
2017-03-22,84.43992399424047,86.13385239630104,84.18326775379214,85.64620971679688,10620082.0
2017-03-23,86.06543133550413,87.60536909701278,85.70610973958642,87.2631607055664,14922870.0
2017-03-24,87.16906223108383,87.94758780540099,87.16906223108383,87.81925964355469,8062056.0
2017-03-27,86.98082475226789,87.68234764176503,86.0311952571384,86.23651885986328,5232713.0
2017-03-28,86.40763890625284,87.4342640708411,86.01409786737786,86.84395599365234,3323252.0
2017-03-29,86.99795022873141,87.9304736911497,85.92854897572671,87.64814758300781,5380707.0
2017-03-30,87.39149426083571,88.75177130857021,86.6471881784773,88.28123474121094,14290321.0
2017-03-31,87.6395768620777,88.57210017426945,87.22892963197697,88.23844146728516,8061645.0
2017-04-03,88.36678017497088,88.37533677709031,86.51885349381712,86.76696014404297,4160286.0
2017-04-05,86.57874267589219,87.60536783544732,85.91143910708033,87.37437438964844,6502814.0
2017-04-06,86.76696453660945,88.21279365157257,86.65574262792133,88.06735229492188,7980291.0
2017-04-07,87.84492009453429,87.86202633694234,87.07494424323916,87.5882568359375,12196978.0
2017-04-10,88.11012813690965,88.59777789652757,85.97988221874542,86.30497741699219,13798807.0
2017-04-11,86.20231095849074,87.50269859131053,85.58633310561753,87.288818359375,6303993.0
2017-04-12,87.21182389631846,87.23749370180158,85.43234313053837,85.6804428100586,7258323.0
2017-04-13,85.68044777807255,86.2279798175796,84.23461870176173,84.7650375366211,9674765.0
2017-04-17,84.82493491543977,84.82493491543977,83.85819192969518,84.23462677001953,7798259.0
2017-04-18,84.01217724283507,85.16713051249621,83.94373139024754,84.5254898071289,6285310.0
2017-04-19,85.1243497834653,85.47511474222279,83.89240108936912,85.25267791748047,6543459.0
2017-04-20,85.20990605151998,86.42474856467172,84.87625427916757,85.50933837890625,5025646.0
2017-04-21,85.55212396202046,86.13387547803316,82.64335245746106,84.05496215820312,8445800.0
2017-04-24,83.39619854438165,84.69659314578297,82.91710543006289,84.10628509521484,6887352.0
2017-04-25,84.43994325102437,85.55212054660255,83.69563719908452,84.57682800292969,11770706.0
2017-04-26,86.0654320707611,87.69092194401792,83.60152745394959,83.98651885986328,60514032.0
2017-04-27,84.50837305439366,85.23556582327065,83.56730005937638,84.87625122070312,19864101.0
2017-04-28,85.03880435048553,85.15857589249202,83.84963160797925,84.56826782226562,12086663.0
2017-05-02,84.89336174327558,85.20135067690126,84.45705162974045,84.67948150634766,5568494.0
2017-05-03,85.22701295480456,85.50077545654322,84.56825909835362,84.94468688964844,4065380.0
2017-05-04,85.06446310613113,85.77454964648409,84.5083745085973,85.5435562133789,4048926.0
2017-05-05,85.5007737834361,85.72321059829063,84.92757898766288,85.43233489990234,2722905.0
2017-05-08,85.55212239277114,86.28787185817255,84.88481878592326,85.94566345214844,5002041.0
2017-05-09,86.23652821011855,87.22037725200232,85.64622017743768,87.07493591308594,7581832.0
2017-05-10,86.81828310414218,87.28881962120234,85.32112145895077,85.49222564697266,4459065.0
2017-05-11,86.03975822757455,86.53595755108238,85.62054742826133,86.34774017333984,3393796.0
2017-05-12,86.51884231682436,86.88672046245513,86.27074266089689,86.75839233398438,6031102.0
2017-05-15,87.26314997182295,87.26314997182295,85.83442732837439,86.63006591796875,3549668.0
2017-05-16,86.49319444457812,88.32400800181964,86.49319444457812,88.17857360839844,7146846.0
2017-05-17,88.46088222979682,88.54643432007056,86.92094460486935,87.35726165771484,7362627.0
2017-05-18,86.7412924560926,90.3173743628062,86.54452541377778,89.8981704711914,17123643.0
2017-05-19,90.17191695472555,90.31735828166924,88.64053605152306,88.93141174316406,5097614.0
2017-05-22,89.26506410808699,89.54739016316681,86.67283874290118,89.17951202392578,5733070.0
2017-05-23,89.31640468808013,90.51413397277241,89.00841576528127,90.06926727294922,8735341.0
2017-05-24,90.29170712701627,91.06167603804006,88.94854331513459,89.82972717285156,6636990.0
2017-05-25,89.94095189076496,92.17385623267216,89.94095189076496,91.78887176513672,20100101.0
2017-05-26,91.36966060841316,93.23470050292683,90.95901332714733,92.22518157958984,7765843.0
2017-05-29,92.22519156669324,92.2337481697811,90.68525365181469,91.47233581542969,3166943.0
2017-05-30,90.6852386574782,92.39628050220907,90.58258032414258,91.73753356933594,6637379.0
2017-05-31,91.97707722871345,92.39628109089398,91.19855179195126,91.62631225585938,15642998.0
2017-06-01,91.61776383984453,93.25181035041903,91.47232944647001,92.59306335449219,4250820.0
2017-06-02,92.91814215553975,94.77462519208814,92.53315777155709,94.38964080810547,6428073.0
2017-06-05,94.37255183064592,95.45906637812654,93.51703075774725,95.05696868896484,9633970.0
2017-06-06,95.1339425647502,97.18719267290868,94.3725303754241,95.91246795654297,11049943.0
2017-06-07,95.852588096586,96.07501796079788,91.5835332356082,94.0046615600586,13762215.0
2017-06-08,94.09022429256012,94.62064313322979,92.67861464783407,93.40580749511719,8001795.0
2017-06-09,93.08926277728446,93.08926277728446,90.95901686856456,91.87442016601562,9384610.0
2017-06-12,91.64343625396154,91.64343625396154,89.08542977093379,90.06072235107422,12396076.0
2017-06-13,88.97419689465183,91.26699714605007,87.86201969455294,88.63198852539062,8946043.0
2017-06-14,89.41907519203843,89.41907519203843,86.33919970913153,87.63958740234375,8080517.0
2017-06-15,88.97420755670913,89.62440492867,87.28027871077627,89.26508331298828,8317803.0
2017-06-16,89.00843389098516,90.03505920121225,86.51031648011497,87.34872436523438,8030288.0
2017-06-19,87.60535303930548,88.25555025632457,86.69849957574567,87.1091537475586,3891671.0
2017-06-20,87.26314887353077,87.72512874689387,86.7498363559614,87.0064926147461,2063458.0
2017-06-21,87.0065140618324,87.77648302798363,86.2365450956812,87.57115936279297,4895705.0
2017-06-22,87.6053762805269,88.58066888367212,86.64718992100816,87.28028106689453,3843239.0
2017-06-23,86.92094776227611,88.93997855852733,86.57873938875038,87.896240234375,6051953.0
2017-06-27,87.43424993774475,88.30688397148894,86.73272007044088,87.79357147216797,9540496.0
2017-06-28,88.28978151750105,88.76887463430346,87.00650011298421,88.42666625976562,4448070.0
2017-06-29,88.9742003705397,89.28218930735616,87.62248004405018,88.73465728759766,12944967.0
2017-06-30,87.87913472181677,89.26507446874106,87.67381108844805,88.40955352783203,7242552.0
2017-07-03,88.97419552906861,89.1110802671216,86.23652861699699,88.83731079101562,5572713.0
2017-07-04,88.28978064538029,89.29929951764323,87.26315553190774,88.97419738769531,5868339.0
2017-07-05,88.97420733938914,89.11109209561202,87.75937166324985,88.22135162353516,5030668.0
2017-07-06,88.2213368353147,88.99130562747246,87.55402637142993,88.2042236328125,4398852.0
2017-07-07,87.29737878603416,88.3753365946694,87.26315933987458,88.18712615966797,3889807.0
2017-07-10,89.05976451440303,92.03698202339707,89.05976451440303,91.79743194580078,1769468.0
2017-07-11,91.09589237411404,93.59400927626686,89.69283249939114,90.06926727294922,10827743.0
2017-07-12,90.24037772133701,90.95901394959367,89.4190761909376,90.27459716796875,3170908.0
2017-07-13,90.30882054493676,90.97612415116382,89.47041273585684,90.36015319824219,4331508.0
2017-07-14,90.39436563661356,90.66813512484747,88.63199109144509,88.92286682128906,6545345.0
2017-07-17,91.16431501640481,93.76509675009251,90.5312310426233,91.31830596923828,20717986.0
2017-07-18,91.47231809325432,93.30313142267416,91.19854862097326,92.05406951904297,7342675.0
2017-07-19,92.39629247474588,93.09782250688731,91.47233254376505,92.77272033691406,7928152.0
2017-07-20,92.65294740489689,93.85067683357109,91.79742638441533,92.10541534423828,7137662.0
2017-07-21,97.15297591257517,99.54843443823103,95.90391400317667,97.88872528076172,43712663.0
2017-07-24,99.30890171009169,100.43819220323266,98.98380651837566,99.77088165283203,17479614.0
2017-07-25,100.21575441074461,100.24997385761701,98.89825348930071,99.08646392822266,8993269.0
2017-07-26,99.24045746803012,99.75377003502516,98.48759485908903,99.01802062988281,7921576.0
2017-07-27,99.24045979533444,100.35263704990555,98.29937977152684,99.1377944946289,15748342.0
2017-07-28,99.24043868379661,99.53131435758739,98.52179565623051,98.91533660888672,6488043.0
2017-07-31,99.24046303197758,99.41156723056893,98.35071562950439,98.71003723144531,6801080.0
2017-08-01,98.89824468461113,101.27659002084583,98.89824468461113,100.88304901123047,10760455.0
2017-08-02,100.60929363307292,101.8754618801505,100.26708524605223,100.54084777832031,6469635.0
2017-08-03,100.84883782488299,101.08838091352504,98.76136803361743,98.9324722290039,9722197.0
2017-08-04,99.17201811443545,100.33552806832563,98.8982555714451,99.0351333618164,6796056.0
2017-08-07,99.10358829993875,99.20624665212364,98.24806722048956,98.47049713134766,3921329.0
2017-08-08,99.68532977877368,99.77088187807605,97.49519464418324,98.35071563720703,7279766.0
2017-08-09,98.24803992240162,98.74423922571448,97.8373857410167,98.04270935058594,2906265.0
2017-08-10,97.8716190486486,99.05224215487318,97.78606695235322,98.60736846923828,7222248.0
2017-08-11,98.5560430232907,100.79750377438553,98.45337772258516,99.1377944946289,9466389.0
2017-08-14,99.25756879912323,99.54844454288595,98.29938250670152,98.7271499633789,4292153.0
2017-08-16,99.03512550530706,99.27467554394866,98.5560393525182,99.22334289550781,5363422.0
2017-08-17,99.54843894983841,99.58266535726791,98.55604022831659,98.67581176757812,7032915.0
2017-08-18,98.57315779041363,99.5826767938356,98.52182513562131,98.59027099609375,7948899.0
2017-08-21,99.01801432079174,99.65109838729819,98.3164844056987,98.453369140625,7613358.0
2017-08-22,99.41155611805273,100.26707701537687,98.86401717396777,99.32600402832031,7238720.0
2017-08-23,99.6168911021403,99.85643419581189,99.10357850520317,99.24046325683594,6223409.0
2017-08-24,99.39445496716041,99.58267237229255,98.82980971401173,99.0351333618164,7413579.0
2017-08-28,99.2404602704704,99.85643119091041,99.13779496927332,99.4800033569336,5715785.0
2017-08-29,99.51421470011428,99.9248689092168,99.27467163315633,99.49710845947266,4691806.0
2017-08-30,99.73665224926026,99.92486963341052,99.44577653377554,99.6511001586914,4899684.0
2017-08-31,100.95150025288211,102.83364634854792,100.64351131750551,102.35455322265625,27585715.0
2017-09-01,101.97811861129983,102.08077694143054,101.22525604577356,101.44769287109375,8535629.0
2017-09-04,101.61879963100779,101.97812120120805,101.19103917231558,101.73857116699219,8020043.0
2017-09-05,101.77279175027299,102.11500012105672,101.43058337948925,101.72146606445312,7789014.0
2017-09-06,101.63591444294435,101.94389640827983,101.32792551536173,101.70435333251953,8243296.0
2017-09-07,101.97811226225012,102.62830253267177,101.80700809377149,102.30320739746094,8910077.0
2017-09-08,102.66254448724354,103.24429596329465,102.14923190405227,102.83364868164062,12046586.0
2017-09-11,103.14162814491561,103.82604490580296,102.74809407720323,103.05607604980469,14275591.0
2017-09-12,103.38118560978238,103.65494815644095,101.80702833919021,102.0123519897461,20911485.0
2017-09-13,102.01234596128023,102.55987798448854,101.05415969898016,101.25948333740234,17684075.0
2017-09-14,96.3316899609738,98.86403363104081,96.22903161355435,96.9990005493164,15503769.0
2017-09-15,98.2138322799273,98.29938438044401,96.38301872131925,97.78607177734375,15001278.0
2017-09-18,97.01609651120934,99.24045794103704,97.01609651120934,99.00090789794922,4860657.0
2017-09-19,99.00090903724,99.73665845435606,98.38493116192254,98.98380279541016,4557233.0
2017-09-20,98.84691651189227,99.97619998274423,97.95716915866389,99.8906478881836,5712945.0
2017-09-21,99.44578117381668,100.23285626642613,99.13779224094895,99.8906478881836,4954436.0
2017-09-22,99.4628881441306,100.93438696625383,99.39444925287957,100.7632827758789,8097163.0
2017-09-25,100.33552156479779,100.79750148297573,99.27467698469542,99.8906478881836,3578780.0
2017-09-26,99.58266029751755,100.02752698677797,98.9153498202566,99.32600402832031,4138670.0
2017-09-27,99.46288733138589,99.51421998052837,98.31649065769099,98.65869903564453,6102854.0
2017-09-28,99.12068382413507,99.32601443079477,97.49519394898066,97.83740234375,10644440.0
2017-09-29,98.29936614599123,98.52180295852239,95.54459319770994,95.9039077758789,4236150.0
2017-10-03,96.29744752704998,97.75183294746012,95.90390655025443,96.82787322998047,3430145.0
2017-10-04,96.8107702090147,97.95716685673817,96.36590350510185,96.75943756103516,2334927.0
2017-10-05,97.05032348632812,97.52940965080988,96.48567826419195,97.05032348632812,1547076.0
2017-10-06,97.52939591118546,98.21381257802368,97.10163549441157,98.07693481445312,3982263.0
2017-10-09,97.85450240874655,98.31648228720223,97.37540932795129,98.14537811279297,1350306.0
2017-10-10,98.14538252319231,98.65869506948705,97.52940468273984,98.21382141113281,2435394.0
2017-10-11,98.19671483727103,99.87353720859686,97.94005856499403,99.46288299560547,5113769.0
2017-10-12,99.58265860395922,100.95149201639869,99.20622384574094,100.42106628417969,4607998.0
2017-10-13,100.79750148297573,101.20815571421512,99.51422006456627,99.8906478881836,4222649.0
2017-10-16,99.89065063722694,100.07886803533908,98.29938024215716,99.4800033569336,6938446.0
2017-10-17,99.92488215396037,100.1473120475122,97.92295741401118,99.18913269042969,9840952.0
2017-10-18,99.1035769242663,102.3545566530073,99.1035769242663,100.86595153808594,14532324.0
2017-10-19,100.8830668776137,100.8830668776137,99.61689849608798,99.9419937133789,739517.0
2017-10-23,100.16441224028128,101.7727887506613,100.02752750355285,101.6016845703125,7465974.0
2017-10-24,101.44770282054522,102.28611059561689,100.98572288403128,101.56747436523438,3978687.0
2017-10-25,101.73857030488492,103.29562114622928,101.29370360896296,102.28610229492188,4602841.0
2017-10-26,101.90967027453073,104.01425301892024,101.68723345464055,103.4496078491211,10070656.0
2017-10-27,102.45721268951148,102.64543008605266,100.95150136617178,101.61880493164062,3277807.0
2017-10-30,101.39635423958286,101.39635423958286,99.94196880281686,100.35262298583984,3809919.0
2017-10-31,100.35264887426233,101.44771305366264,100.16443145487403,100.62641143798828,2886132.0
2017-11-01,101.29370644076631,101.51613631382213,100.28418756123644,100.45529174804688,2277490.0
2017-11-02,100.4381750703555,101.1910306291946,100.24995769952248,100.35262298583984,2564335.0
2017-11-03,100.52374569614929,101.24238194618155,100.47241304352247,100.7975082397461,2107524.0
2017-11-06,100.57506207874333,103.00474707207563,100.4210710973618,102.6112060546875,3876529.0
2017-11-07,102.61120887413168,105.65686483892253,102.06367686031751,103.43251037597656,15161185.0
2017-11-08,103.94582018204399,104.92111264358373,103.02185340617967,103.48383331298828,5255548.0
2017-11-09,103.68916296020731,104.18536230702885,102.52565312096534,103.51805877685547,2553036.0
2017-11-10,103.53516227055424,104.03136856645607,102.06367051012236,103.56938171386719,4214004.0
2017-11-13,102.76521559864672,104.16826877463097,101.99524662816468,102.18346405029297,2073570.0
2017-11-14,102.59409768099086,102.71386922350892,101.10549259598646,102.14923095703125,3545721.0
2017-11-15,102.1492376780918,102.5769981882639,100.64351928983638,101.4648208618164,3918684.0
2017-11-16,101.97813117107438,102.37166526174732,100.84884066482337,101.85835266113281,4846150.0
2017-11-17,102.04656119135211,102.26899802472279,100.780393004853,101.00282287597656,4640212.0
2017-11-20,100.98570593340557,101.60167675794986,100.06173925321956,100.72904968261719,5142518.0
2017-11-21,101.68723418744977,101.97811685676602,100.31840077794939,100.60928344726562,5494382.0
2017-11-22,101.19105301056963,101.19105301056963,100.26709307833835,100.71195983886719,3391791.0
2017-11-23,101.01993695697074,101.01993695697074,100.30130076481635,100.45529174804688,1803850.0
2017-11-24,100.74617256117989,100.74617256117989,99.58266960190605,100.16442108154297,4289313.0
2017-11-27,99.66821350080542,101.07126639564342,99.58266141011717,100.88304901123047,2796903.0
2017-11-28,100.95148675651077,101.25946868846542,100.36972840918736,100.90015411376953,4009460.0
2017-11-29,100.95149135379312,102.38876364252218,100.4381788274975,102.20054626464844,6735475.0
2017-11-30,102.44010448343876,102.81653230705608,99.01802070101353,99.8906478881836,18265488.0
2017-12-01,99.92488077271626,100.55796492105058,98.57315341369394,99.0351333618164,3808745.0
2017-12-04,98.19671777567937,99.61688391722481,96.75943843057127,99.22334289550781,8790643.0
2017-12-05,98.76137528362138,98.76137528362138,96.74234423739573,96.9990005493164,4956230.0
2017-12-06,96.94765100067006,97.34119200282076,96.02369122366134,96.67388153076172,5759926.0
2017-12-07,97.03321513906195,97.44386243267073,95.81837253857711,96.2290267944336,6731998.0
2017-12-08,96.74232923977162,97.87161265980495,96.36590143309384,96.8107681274414,4843796.0
2017-12-11,97.25565246451218,99.24046397186882,97.25565246451218,99.0351333618164,4125876.0
2017-12-12,99.41156140004311,99.70243712813891,97.59785421645029,98.48759460449219,3314548.0
2017-12-13,98.6929119509474,99.05223350892291,97.61495423926768,98.28226470947266,2911417.0
2017-12-14,98.69292194251184,99.41156513121753,96.62256536062637,98.76136779785156,3375145.0
2017-12-15,98.76136666245434,99.49711608485086,98.11116933656328,99.1377944946289,4930972.0
2017-12-18,98.21381407912702,101.8925606818549,97.27274114784107,101.22525024414062,6890507.0
2017-12-19,100.95149967471646,101.61880322900456,99.42866821050542,100.06175231933594,10183834.0
2017-12-20,100.90017559593964,102.1492376780918,100.06176081865358,101.4648208618164,7081611.0
2017-12-21,101.22525999361939,102.32033096011688,100.74616688091719,101.89257049560547,3711281.0
2017-12-22,101.9781341231249,103.82605396903233,101.31082354566018,103.2100830078125,4689556.0
2017-12-26,103.09029950239271,105.05799763353652,102.02944798363052,103.65493774414062,4948094.0
2017-12-27,103.99715285202475,105.40021283231513,102.67965193218271,104.9211196899414,4841953.0
2017-12-28,104.68156436107068,106.05040482553274,103.51806145398585,105.40020751953125,13459388.0
2017-12-29,104.51047425161161,108.27477385202805,103.68917960944616,107.53902435302734,10069992.0
2018-01-01,106.59793227694544,109.50670334480304,105.89640235215161,108.32608032226562,8934389.0
2018-01-02,108.0865513090673,110.87555120570582,107.60745814902698,109.06184387207031,7665379.0
2018-01-03,109.64358637619758,109.64358637619758,105.65685764098927,106.0675048828125,5860470.0
2018-01-04,106.11885093032983,107.11125667935463,105.21199728100979,106.64927673339844,3905556.0
2018-01-05,107.11125669840622,107.4192456498477,105.29754939944355,105.93063354492188,4301878.0
2018-01-08,106.0846236508147,107.07702932657155,105.77663472216642,106.47816467285156,4760660.0
2018-01-09,106.97436579730633,109.50670919590317,104.8526696688615,108.54852294921875,12201522.0
2018-01-10,108.27475747905605,112.19304052955775,107.82988381328204,111.79949951171875,10163032.0
2018-01-11,110.72153223458997,111.57705303199924,109.16448159840668,109.88311767578125,5643897.0
2018-01-12,109.84892436468452,110.78999746567567,108.54852965841584,109.09606170654297,8433768.0
2018-01-15,109.11316272809803,110.96108927615796,107.24812993927877,107.79566192626953,3187225.0
2018-01-16,108.44586777365419,114.29762983624057,108.13787883093964,113.59609985351562,16443849.0
2018-01-17,113.95541452357561,114.1265187077717,111.21774757643838,111.45729064941406,8113347.0
2018-01-18,111.90217730933034,112.32993781949983,110.24246792232229,111.33753204345703,4722081.0
2018-01-19,111.90216970100684,112.92879485561251,109.67781519936125,112.56947326660156,4288268.0
2018-01-22,108.48008139116517,112.56946863727266,108.48008139116517,110.0371322631836,12193514.0
2018-01-23,110.22534393042737,110.51621965642812,107.24813385589495,107.88121795654297,8613403.0
2018-01-24,108.30898213153961,110.6702213898646,106.83748328529794,107.43634796142578,17542056.0
2018-01-25,108.03521167421894,108.82229374072479,105.65686619513187,106.7519302368164,22129831.0
2018-01-29,107.4876765899378,108.17209333704636,105.94773890894356,106.47816467285156,9397269.0
2018-01-30,105.93063633720948,106.87170945893556,104.27092695134215,105.1606674194336,6079993.0
2018-01-31,105.09200832161399,106.07048503003908,103.52987381545978,104.6113510131836,7530432.0
2018-02-01,104.7315223673421,106.12199416446289,102.99773187541516,103.2552261352539,5872873.0
2018-02-02,102.75738634371706,103.83886349137619,101.34975263667441,103.2037124633789,6713662.0
2018-02-05,102.31106352218832,104.90316778303459,101.60724320154064,102.56855773925781,5851054.0
2018-02-06,100.14811137536451,101.67590763423944,99.59879176458801,101.16091918945312,6489310.0
2018-02-07,102.37973149626856,102.37973149626856,98.87781274507688,99.34130096435547,6662763.0
2018-02-08,99.59879669165703,101.16092419379927,98.55165067479896,99.49579620361328,14125508.0
2018-02-09,99.22113358189245,99.22113358189245,97.50449847162092,97.84782409667969,8405269.0
2018-02-12,98.8434695340886,99.89061548162462,98.15681828586241,99.20396423339844,6722288.0
2018-02-14,99.564453708324,101.88190154948538,99.40995299459351,100.7489242553711,8063123.0
2018-02-15,101.4870833304268,101.4870833304268,99.71895492918331,100.42277526855469,4415065.0
2018-02-16,100.57725799378498,101.59006570295581,99.58161237334251,99.90777587890625,8209045.0
2018-02-19,100.59442519500003,100.59442519500003,99.15245353482823,99.54727935791016,4420870.0
2018-02-20,99.56446697576517,100.6802753442704,99.25547249210652,100.06228637695312,9160624.0
2018-02-21,100.9377673963112,101.22959279706366,99.75328973211148,100.31977844238281,13748271.0
2018-02-22,100.56008982219457,101.02358496662855,99.92493886405175,100.47425842285156,12838500.0
2018-02-23,101.45273731474614,101.60723103249374,100.35409126250967,101.28107452392578,9779768.0
2018-02-26,101.21242406185985,101.52141853986511,99.70178982437267,100.11378479003906,13418935.0
2018-02-27,100.40560835663764,101.05792846828656,99.95928223156785,100.165283203125,10467034.0
2018-02-28,100.59444141436492,100.86909773798408,99.22113884133486,100.52577209472656,13724575.0
2018-03-01,100.52576876713582,100.9720948825876,99.9764491531029,100.42277526855469,10895423.0
2018-03-05,100.80043938758962,100.85193963310948,99.49579909765224,99.890625,9996650.0
2018-03-06,99.99361404556201,100.23393918384207,98.24264780817626,98.5173110961914,12604231.0
2018-03-07,99.03230274188847,99.85628564774285,97.60749998582455,97.9679946899414,4868340.0
2018-03-08,98.34564565789897,98.7919647577681,97.2126683563516,97.91648864746094,5387353.0
2018-03-09,97.84781353159028,98.84345913375168,97.5388260903824,97.86498260498047,2681455.0
2018-03-12,98.29415249958356,100.2511127991234,98.22549016695882,99.8047866821289,4658262.0
2018-03-13,100.4227725335369,102.79171374109671,100.4227725335369,101.83040618896484,8546243.0
2018-03-14,101.2810791910096,101.83039874995234,100.59442799608688,100.8862533569336,5547337.0
2018-03-15,101.43557842468583,103.68436400417666,100.25110784310823,100.73175811767578,13181140.0
2018-03-16,101.28108762859702,102.01923213665101,99.92494721466018,101.53858184814453,12891090.0
2018-03-19,100.78326442442294,101.79607924389795,98.39715404282322,99.10096740722656,3963271.0
2018-03-20,98.50014441354723,101.3497499022453,97.72766175534353,100.80043029785156,8064555.0
2018-03-21,101.10941863798175,101.72740053615166,99.97644134720427,101.36691284179688,8382829.0
2018-03-22,100.86909357507224,101.28108852096491,98.58597674463938,99.03230285644531,5036841.0
2018-03-23,97.52166715559926,98.74047591365897,97.17834153191795,97.7276611328125,8771707.0
2018-03-26,97.71050054094248,98.05382616988847,93.50475460137638,94.07124328613281,18744243.0
2018-03-27,95.77070635013229,96.40585734685533,93.8137461352561,94.08840942382812,14239615.0
2018-03-28,94.07124419701731,97.33283770358591,93.72791856474693,96.5260238647461,13853121.0
2018-04-02,97.3328286917743,99.83910836928882,95.71920116349654,99.44428253173828,6543819.0
2018-04-03,98.63746988990663,98.654638964117,97.17833607125301,97.47016143798828,4300609.0
2018-04-04,97.84781287799066,98.36280125653307,96.13118494951593,96.68051147460938,4358041.0
2018-04-05,97.16116929836933,98.43147825568343,97.16116929836933,98.2769775390625,2813628.0
2018-04-06,98.19114853696978,98.19114853696978,97.26417215448706,97.48733520507812,1802274.0
2018-04-09,97.74482004617997,98.20830819296876,97.24699375261079,97.86498260498047,2986425.0
2018-04-10,96.33719411746121,99.01512972362889,95.35871052667287,98.19114685058594,11673823.0
2018-04-11,98.87780170612125,99.28978963615621,97.45299905520294,98.08815002441406,3468465.0
2018-04-12,98.2941545540636,99.73612643412335,97.88216657974826,98.48298645019531,5989886.0
2018-04-13,99.39279919891288,101.26392111428807,98.4829848698401,100.9892578125,8491437.0
2018-04-16,99.22112576997148,100.93775376011097,98.68896829903737,99.53011322021484,6256147.0
2018-04-17,98.91213212942422,99.15245725598369,97.26416645165946,97.7619857788086,5854046.0
2018-04-18,98.9464623085369,100.86908425682483,98.36280460201814,100.47425842285156,7066675.0
2018-04-19,100.59443338417377,100.86908968586782,99.44428698309179,100.40560150146484,2552252.0
2018-04-20,101.21241592375644,102.99771332813894,100.90342147059623,102.3282241821289,8937349.0
2018-04-23,102.9290355256489,103.34103042421373,100.86908198775576,102.087890625,10660490.0
2018-04-24,101.07508415279987,101.50424117471255,98.24264780817626,98.5173110961914,9443424.0
2018-04-25,98.84346986592192,100.86909245198507,97.21267314590987,98.58597564697266,17195110.0
2018-04-26,94.41455771301013,97.1611624186997,94.07123212479893,96.59468078613281,25550129.0
2018-04-27,94.8952262437085,95.89087196518366,94.19140590999905,94.80939483642578,6519427.0
2018-04-30,94.8093888145343,96.93801177093141,94.79221974017715,95.70203399658203,5648769.0
2018-05-02,95.78786408978347,95.78786408978347,94.1913986405405,94.6033935546875,6354939.0
2018-05-03,94.4145720965127,94.67206632689883,92.54345014969809,93.19577026367188,8949440.0
2018-05-04,93.55624222480677,93.6077424591984,90.65514384547474,92.6635971069336,8256123.0
2018-05-07,92.69795364633619,94.63774511631864,91.73664594274597,94.32875061035156,5265878.0
2018-05-08,94.48323416000956,94.7407283706221,92.69793677544286,93.64208221435547,5221180.0
2018-05-09,93.72792084126534,94.20857813511392,92.5606122661982,92.78377532958984,5165820.0
2018-05-10,93.00691833254261,93.24724343514274,92.1486044161471,92.85242462158203,4808846.0
2018-05-11,93.21293168759743,93.933914130523,92.11429243980402,93.60775756835938,4066852.0
2018-05-14,93.17859656447777,94.05407969834357,92.69793929460984,93.50475311279297,4104721.0
2018-05-15,93.65924864765742,94.01973634136192,92.06278318988808,93.041259765625,4501617.0
2018-05-16,93.0069291156964,95.77070304091045,92.69793467297413,94.31156921386719,8413891.0
2018-05-17,94.41457365116293,96.40586519292918,94.19141058415802,95.5647201538086,6949715.0
2018-05-18,94.92955530908476,94.92955530908476,92.0284566011135,92.32028198242188,12844244.0
2018-05-21,92.38895119999971,92.50912076447693,90.67232296436127,90.92981719970703,8120387.0
2018-05-22,90.63799354245164,91.65080841197339,90.32899905708945,90.96415710449219,3966732.0
2018-05-23,91.1701477939554,91.22164803714477,90.15733296115783,90.44916534423828,9401189.0
2018-05-24,90.67230916524531,91.32462919250915,89.93416472423905,90.75814056396484,6267787.0
2018-05-25,90.98131816817063,91.20448123757609,90.51782993785356,90.84398651123047,6265014.0
2018-05-28,90.17449625223915,90.895478655703,90.17449625223915,90.39765930175781,3131052.0
2018-05-29,89.83118185805007,90.80965859823168,89.83118185805007,90.29467010498047,4768596.0
2018-05-30,90.26033895628224,90.44917086450867,88.76687372250986,89.5565185546875,7799451.0
2018-05-31,89.88266102632981,90.80963730280892,88.5780210220482,89.9169921875,13729428.0
2018-06-01,90.27748567244473,90.80963612612922,88.93851452434285,89.47066497802734,3800052.0
2018-06-04,89.76251111055537,90.10583674055971,88.59520257154504,89.3161849975586,4223321.0
2018-06-05,89.33336208596835,89.95134408442048,87.20473879802398,87.63389587402344,6572043.0
2018-06-06,88.28621206074591,89.4363515757648,87.03307205812253,89.00719451904297,5079518.0
2018-06-07,88.5952076956261,91.27314357355706,88.5952076956261,90.84398651123047,5339491.0
2018-06-08,90.84397155911398,90.98130319345056,90.1229892100683,90.63797760009766,5026132.0
2018-06-11,90.80963786304213,91.4104576346459,90.38048088332516,90.77530670166016,5541131.0
2018-06-12,91.5821347355895,92.40611766238294,91.17014676468177,91.47914123535156,6065963.0
2018-06-13,92.35460440145003,92.69792999047054,91.61645298806052,92.28594207763672,4100905.0
2018-06-14,91.71946168311626,92.38894384774702,90.86114763360112,91.46196746826172,6231142.0
2018-06-15,92.26877983492815,92.26877983492815,90.98130878078868,91.63362884521484,12894495.0
2018-06-18,92.35460825976007,92.35460825976007,90.60364907960079,91.23880004882812,8318768.0
2018-06-19,91.3074753780171,91.3074753780171,89.29901487799216,89.6080093383789,9780146.0
2018-06-20,89.71101703647108,90.14017410347999,88.69820216734304,89.16169738769531,5125212.0
2018-06-21,89.60801473941055,89.71101522740696,88.26904332034803,88.80120086669922,10174400.0
2018-06-22,88.83551166092606,89.12733699668475,87.54804078112902,88.66384887695312,6965470.0
2018-06-25,88.54369608022176,89.69383546255854,87.89137603226175,88.40636444091797,4371876.0
2018-06-26,88.40637317872833,89.24752518699007,87.94288496212346,88.44070434570312,5289660.0
2018-06-27,88.95569309061808,89.23035639725363,87.27339605367601,87.90855407714844,8530568.0
2018-06-28,88.02871020239746,88.90419331627419,87.78837808046192,88.26903533935547,10412698.0
2018-06-29,88.92136422054118,90.12300399440072,87.54806162184455,89.77967834472656,9652752.0
2018-07-02,89.50500312372942,90.03715357741392,88.61235103501033,89.47066497802734,10055613.0
2018-07-03,89.76249846974576,90.22598660798532,88.76685288594946,89.9169921875,10490968.0
2018-07-04,89.96848948524494,90.14015227046977,88.61234929098296,89.93415832519531,10224848.0
2018-07-05,90.12299789954928,90.91264963438844,89.31618407437398,90.67231750488281,12472818.0
2018-07-06,90.29465262055668,90.7753098515136,89.77966422702649,90.22599029541016,7580592.0
2018-07-09,90.39766837882455,91.06715060962739,90.00284248002721,90.96415710449219,5832667.0
2018-07-10,91.32463423737664,93.48758839858341,90.53498951652246,92.9039306640625,13242228.0
2018-07-11,93.71075479449787,94.34590580581839,92.49194602779218,93.4189224243164,10556522.0
2018-07-12,93.53909570462885,96.64618855367252,92.64644345321226,95.94237518310547,11900279.0
2018-07-13,96.06253994401023,99.49579641988886,95.53038239625776,96.42303466796875,20625128.0
2018-07-16,95.87370162160532,98.53447521217545,95.73637695975161,97.19551086425781,12543791.0
2018-07-17,97.16116699704264,99.20395853414406,96.73200999155628,97.47016143798828,14471569.0
2018-07-18,98.19115515416563,98.6374812854261,97.3843412876361,97.77916717529297,6125915.0
2018-07-19,98.19114462726293,98.9979653922727,96.68051754336281,98.12248229980469,7434390.0
2018-07-20,98.70614399294033,99.77045908150656,96.30286447549322,97.16117858886719,13966393.0
2018-07-23,96.98950744783072,96.98950744783072,90.41482050627239,94.91239166259766,23582642.0
2018-07-24,95.51322170009182,95.61621520488576,92.42329082666431,93.71076202392578,9224277.0
2018-07-25,94.41456270478972,94.99822042659343,93.59057985252277,94.31156921386719,6629507.0
2018-07-26,93.86525542865928,94.44890624194831,92.57778423612918,93.17860412597656,11554893.0
2018-07-27,93.38459060381314,94.58623028679506,93.38459060381314,94.24290466308594,4829553.0
2018-07-30,94.00258965116383,94.07125198931433,92.52628651612198,93.77942657470703,7272923.0
2018-07-31,93.89957981096893,95.18705091045754,93.10993506093591,94.89522552490234,7436176.0
2018-08-01,94.7578945832566,95.61620865597692,93.96824982734059,95.22138977050781,4219572.0
2018-08-02,95.10120764664605,96.4058476587903,94.27722484871161,95.82219696044922,8010016.0
2018-08-03,96.28569387894366,96.28569387894366,95.1355474806367,95.44454193115234,4362841.0
2018-08-06,95.78787515280294,96.02820729339017,94.50040399422943,95.11839294433594,4540062.0
2018-08-07,94.62057161522755,95.95954308850561,94.62057161522755,95.25572967529297,4592433.0
2018-08-08,95.94236682848336,95.94236682848336,94.2085697045695,95.61620330810547,3821153.0
2018-08-09,95.47888912614235,96.25137183312637,94.60340593090251,95.68488311767578,6388521.0
2018-08-10,96.09686160468362,96.09686160468362,94.92955312137384,95.73637390136719,3598180.0
2018-08-13,95.44454060502778,97.65899498214056,95.2728777999017,96.76634979248047,6481139.0
2018-08-14,97.84781353159028,98.53446470756683,96.47451117963716,97.86498260498047,5241916.0
2018-08-16,97.84782829291083,97.84782829291083,95.46171789041453,95.94237518310547,6015278.0
2018-08-17,95.92519816168503,96.47451774284133,95.25571601355351,96.14836120605469,7277246.0
2018-08-20,96.40584885603029,98.32847075176926,96.13118559164889,97.86498260498047,4291894.0
2018-08-21,97.79633057153029,101.1094242412172,97.504498203052,99.20396423339844,16189619.0
2018-08-23,99.56445383815986,100.62876182145604,99.01512727970487,99.47862243652344,7277960.0
2018-08-24,99.11813405146582,101.22958806283307,98.5001451264391,100.30260467529297,11267031.0
2018-08-27,100.25111937585557,102.07074115956203,99.92495581204615,101.57292175292969,6811390.0
2018-08-28,101.88190930913795,102.31106634944639,100.97209498668846,101.4870834350586,4051198.0
2018-08-29,101.81325053629183,102.15657620409613,100.62877977635844,101.88191986083984,4285462.0
2018-08-30,102.13938773548078,102.99770168334274,100.93774820847403,102.63720703125,9067763.0
2018-08-31,102.99772282080878,105.22933954322818,102.82605999600727,103.4268798828125,18087318.0
2018-09-03,112.2675031294764,112.2675031294764,105.16065876593937,105.8644790649414,68625769.0
2018-09-04,106.5854699707181,108.14760442505019,106.19064408814184,107.58111572265625,21828613.0
2018-09-05,107.99308051225574,109.8642090375611,107.97591842494515,109.4693832397461,30871477.0
2018-09-06,109.86421904755204,110.7225330405805,109.17756785312928,110.27620697021484,26924326.0
2018-09-07,110.51654434070441,112.69666058979193,109.55522982875556,111.47785186767578,22940730.0
2018-09-10,111.37486234476081,112.61083320062679,110.96286740282034,111.58085632324219,16966961.0
2018-09-11,112.25032896272903,112.61082363317699,110.9456958865372,111.22035217285156,12710847.0
2018-09-12,111.59802983720499,113.46915177821761,111.59802983720499,112.86833190917969,16704169.0
2018-09-14,112.86833052523615,114.32746447500841,111.30619609090057,113.36614990234375,11404741.0
2018-09-17,114.06996689829508,115.35743799263349,112.64516415689835,113.26315307617188,12352938.0
2018-09-18,113.09149645734277,114.51629927677253,111.580862226923,114.1729736328125,7248678.0
2018-09-19,114.4648041985025,114.51630444441614,112.28468765797236,114.22447204589844,7797531.0
2018-09-21,113.94979340839924,116.0097469619665,112.61082220158511,115.082763671875,17700584.0
2018-09-24,113.38332697423023,116.04410083499012,113.38332697423023,114.22447204589844,9975645.0
2018-09-25,114.32744888270096,114.97976889768827,112.01000116088758,112.71382141113281,9037680.0
2018-09-26,112.67948897825609,112.93698318262615,108.6282510204869,109.60672760009766,20972861.0
2018-09-27,110.51655323581625,111.11737310789792,108.73125571064388,109.50373840332031,47992758.0
2018-09-28,109.52091290769934,112.14735558997265,108.28494193515262,111.23754119873047,18433179.0
2018-10-01,111.23752978630922,114.13862850652205,110.8942041633265,113.34898376464844,10879266.0
2018-10-03,113.07432185066743,113.29748490532212,110.72254270156279,112.43917083740234,9550589.0
2018-10-04,111.61518423061526,113.43481278820151,110.41354457541085,111.80401611328125,12296495.0
2018-10-05,111.51219795980322,112.59366813155476,110.27622007498204,111.6838607788086,8937680.0
2018-10-08,110.3448841017866,111.03153534487858,107.35794700334992,109.00591278076172,9465389.0
2018-10-09,108.83426694092353,110.82555865039089,107.01463806899719,110.43073272705078,9932090.0
2018-10-10,110.00155808417786,110.12172065429077,106.48247047600202,108.4737548828125,9764277.0
2018-10-11,105.74432104195532,108.30209416877665,104.6628439200525,107.47811126708984,7138056.0
2018-10-12,108.5424322172054,109.84706547978527,106.25931527646796,108.59392547607422,8960733.0
2018-10-15,108.95442347798833,110.56805825222673,107.85578417274468,109.8470687866211,8342805.0
2018-10-16,109.86421892790378,110.10454405169915,108.52524770324216,109.53805541992188,8320912.0
2018-10-17,110.79120088169796,112.98848621023664,108.6625848670065,110.9457015991211,12641962.0
2018-10-19,111.01436392799081,111.95850936732577,109.00591048131012,110.9457015991211,7051648.0
2018-10-22,111.44351253324464,112.35332673946486,109.86421622366109,110.6195297241211,4842137.0
2018-10-23,109.48657272724472,109.95006093067862,104.74867623997461,106.12197875976562,10176672.0
2018-10-24,106.15629830875073,106.99745020105955,102.99770565287717,106.01896667480469,12479882.0
2018-10-25,101.62440592464498,110.94569739692955,101.62440592464498,109.36639404296875,37804166.0
2018-10-26,109.45222444716492,110.72253335139935,108.49091696326077,110.0702133178711,11805695.0
2018-10-29,109.5208974430731,114.0527926974889,108.71408365720829,113.12581634521484,6600369.0
2018-10-30,112.95415927815421,114.89395046864847,111.80401982413726,112.43917083740234,9880349.0
2018-10-31,112.67948821633973,114.58494810978476,110.5852034319532,113.70946502685547,8013245.0
2018-11-01,114.31028506114303,114.31028506114303,110.72253529134329,113.17731475830078,6681864.0
2018-11-02,112.95415331824024,113.84679850478172,108.85140809907432,109.31490325927734,9761930.0
2018-11-05,108.18194251953662,111.75253079738548,107.83861685791612,111.2718734741211,6810854.0
2018-11-06,111.51220050965559,112.21601389268437,110.24189142898187,111.5465316772461,6109153.0
2018-11-07,111.71819599301764,112.52500987457718,111.42637058713163,111.7010269165039,380109.0
2018-11-09,112.61083504612921,112.61083504612921,109.05741615791334,111.52935791015625,12329274.0
2018-11-12,111.49501575411568,112.09583554988124,110.48220803524462,111.01435852050781,6897542.0
2018-11-13,111.06586322306774,112.50782799689519,110.20754919460438,111.97567749023438,6101731.0
2018-11-14,111.58086245949168,111.95851927163925,109.40074601279707,111.4263687133789,4883777.0
2018-11-15,111.28902721342472,113.46914346725721,110.43071317766565,110.9457015991211,8942797.0
2018-11-16,111.0658672376736,113.43481543885635,111.0658672376736,111.99284362792969,7275846.0
2018-11-19,111.75251337762938,115.15143829485044,110.37921094521501,114.27595520019531,7513344.0
2018-11-20,113.6064869784333,113.6064869784333,109.89856716259713,110.31056213378906,6907315.0
2018-11-21,109.86421965416757,109.86421965416757,107.54677186019492,107.85576629638672,6943816.0
2018-11-22,108.14759944784845,109.45223262743377,105.05766883333594,105.4353256225586,8239488.0
2018-11-26,104.16501599541887,109.82989573951845,103.90752177909515,109.33206939697266,18657115.0
2018-11-27,108.78275436075094,110.65388326881897,106.77430078620058,107.1347885131836,11458234.0
2018-11-28,107.78709828388904,108.33641785208152,106.17347074264038,106.5339584350586,16926705.0
2018-11-29,107.80427153931268,108.7140858201885,106.2936374294593,108.11326599121094,7793384.0
2018-11-30,108.1647617753488,112.06151320240387,107.70127357915064,111.460693359375,16991251.0
2018-12-03,111.58085463587241,113.12581992858573,110.91137246968769,112.69666290283203,7115262.0
2018-12-04,112.69665429504528,117.15988702198139,111.8211712353862,114.99693298339844,15925097.0
2018-12-05,114.32746175365237,116.28441503395054,112.66233385936671,115.51193237304688,10264210.0
2018-12-06,114.41327980832108,115.51191889273667,112.95414606356262,113.86396026611328,6232265.0
2018-12-07,114.25880287951381,115.47760470149852,111.39202821876745,114.43046569824219,9264269.0
2018-12-10,112.71383046768379,115.52909772491732,111.61518430548769,112.13017272949219,8528293.0
2018-12-11,111.71818699210236,114.6021236205166,111.51219301542513,112.61083221435547,11795237.0
2018-12-12,113.22882008435299,113.98413365352445,112.59366210007516,113.31465148925781,7028448.0
2018-12-13,113.64081513913186,118.0868793971947,112.95416385696136,116.26725769042969,13728244.0
2018-12-14,116.38741612536936,117.76071864083198,114.08713720596056,114.3617935180664,12792082.0
2018-12-17,115.34026677173965,117.33155815459736,114.80811625363253,116.5934066772461,9162003.0
2018-12-18,115.09995048201472,116.18142766128514,114.17297403405615,115.03128814697266,9864405.0
2018-12-19,115.03127757756715,117.50321920164629,113.77813769085554,116.97106170654297,9978008.0
2018-12-20,115.44326880129105,116.73073988896444,114.1042974731152,114.41329193115234,6421739.0
2018-12-21,114.39612582908062,114.94545242874676,110.12172450090686,110.58521270751953,26209361.0
2018-12-24,110.79119499128784,113.46913743446954,110.34487590740898,112.16449737548828,11285031.0
2018-12-26,111.82117677412451,112.37050334032301,109.64106053882308,111.97567749023438,6281385.0
2018-12-27,112.54217426033811,113.76097607764557,111.23753404901791,112.42200469970703,13527065.0
2018-12-28,111.99284226574134,114.29312810817736,111.8555176058757,113.31465148925781,5945206.0
2018-12-31,113.64080993318196,114.60212447817352,112.97132775772629,113.58930969238281,5696321.0
2019-01-01,113.55497245893888,114.24162367296172,111.71818185842321,112.1473388671875,4036542.0
2019-01-02,112.88549207806254,113.74380610896401,110.89420073238014,111.76968383789062,8822139.0
2019-01-03,112.26750613227036,112.59366267859349,110.91137272179712,111.75251770019531,9446080.0
2019-01-04,111.40919025397822,112.21600405401834,109.7440624145385,111.39202117919922,6414073.0
2019-01-07,111.95851528082653,112.18167833890656,110.65388206855027,111.3233642578125,5076276.0
2019-01-08,111.58085195710132,112.43916598800278,110.75686909044042,111.76968383789062,5559089.0
2019-01-09,111.4263663058512,114.19013349478794,111.4263663058512,112.95416259765625,10474346.0
2019-01-10,113.5721455595355,113.65797696433117,110.89420293591947,111.83834838867188,8265043.0
2019-01-11,111.7868652159143,113.26316839778625,111.06588270254981,112.8511734008789,4263836.0
2019-01-14,113.3146554272541,113.67514314939577,106.89446192626686,107.30644989013672,18435523.0
2019-01-15,109.52090129144058,114.08713485526033,108.16476089437705,113.22882080078125,40188776.0
2019-01-16,113.91546800278589,116.66207287967282,112.97132257635602,115.5462646484375,26390100.0
2019-01-17,115.70077074794764,116.25009038505544,113.84681086085293,115.15145111083984,14104487.0
2019-01-18,115.35743651150301,119.30568115011407,114.46479129455169,118.8421859741211,26911902.0
2019-01-21,116.73073929380782,118.41302925180834,114.39612227273881,115.97542572021484,41658250.0
2019-01-22,115.63210822686791,120.02667928662503,115.35744491626629,118.96236419677734,17817926.0
2019-01-23,119.70049905929466,122.15528560979685,119.47734299559227,120.69615173339844,26499796.0
2019-01-24,120.23265117676281,121.19396565803632,118.9623492411303,120.76480865478516,11281453.0
2019-01-25,119.56317454418401,123.0307688779038,119.47734313958654,121.34846496582031,13964137.0
2019-01-28,121.65746561931941,124.52422613240327,121.62312746971992,121.93212890625,18399880.0
2019-01-29,122.56908096766625,124.22170021380117,121.5534132465156,123.73969268798828,12320260.0
2019-01-30,123.60193935130258,126.58009965952245,123.2576443336633,125.06519317626953,19757160.0
2019-01-31,126.01203563365229,127.87123759426758,125.08244165804645,127.11377716064453,20517517.0
2019-02-01,127.42363416134788,128.23271913929543,125.15128118240217,127.92285919189453,8977608.0
2019-02-04,127.38921121597241,129.00739533578553,126.73505614926171,127.819580078125,8383256.0
2019-02-05,127.38920520973375,128.14665156952904,125.94316870296043,126.85554504394531,6550401.0
2019-02-06,127.09656344971617,129.09346367859285,126.95883701397823,128.1466522216797,5811361.0
2019-02-07,128.07779962844745,128.93853734087784,127.26871458440462,128.62867736816406,5982481.0
2019-02-08,127.90565058464624,129.07626226545304,126.94162155615909,128.3188018798828,3735809.0
2019-02-11,127.69907177579746,129.93698962369123,127.28590650404965,128.43930053710938,7927406.0
2019-02-12,128.8180296096938,129.5410408103312,126.82111551428297,129.1106719970703,7939320.0
2019-02-14,129.5926974654431,130.2812875878714,128.74916335794697,129.14511108398438,8199603.0
2019-02-15,129.19675398498077,129.91977924105078,127.44085752072881,129.48941040039062,9393792.0
2019-02-18,130.41900215431878,130.41900215431878,127.64742406406518,129.3172607421875,9280197.0
2019-02-19,128.2671856257668,129.24843238157413,124.7037253119456,125.13409423828125,8171619.0
2019-02-20,125.04799654450936,128.76638615899427,124.35940639402706,128.1466522216797,11761287.0
2019-02-21,128.35321795068316,129.73039807010377,127.66462789097285,128.9557342529297,6861558.0
2019-02-22,129.11067272771558,130.83214799050106,128.59423014887992,130.4017791748047,8519101.0
2019-02-25,131.10759749927948,133.13894688024592,130.57393732252547,132.6913604736328,12475916.0
2019-02-26,132.3814959486846,133.9136203741216,131.26253685694962,133.46603393554688,10140096.0
2019-02-27,130.91821607520006,132.15768381440563,128.21550843549485,128.9040985107422,21357373.0
2019-02-28,129.0762531274241,129.6959730217042,126.21860135612596,127.01048278808594,25142033.0
2019-03-01,127.69906435813353,130.26405955599992,125.8398627714687,129.35166931152344,18763773.0
2019-03-05,128.76635412135852,128.99015427022428,124.63481424641004,125.1856918334961,36042630.0
2019-03-06,125.96609962234449,131.2452912326892,125.36932704406699,127.36624145507812,43014120.0
2019-03-07,128.53682149754184,128.67453391681423,122.79857053783016,123.41830444335938,16200268.0
2019-03-08,119.8605986448348,120.38851497439579,117.77186671914157,118.29979705810547,54689738.0
2019-03-11,118.89655730584359,119.76876863091735,118.18501980603637,119.24085235595703,14708454.0
2019-03-12,119.81468322264217,120.89347723361534,119.42447934513245,119.97535705566406,12580708.0
2019-03-13,120.50327314049554,121.92636221565418,117.61120018888448,118.39159393310547,14439446.0
2019-03-14,119.05723424244665,119.21790807191212,117.06032009772278,117.90958404541016,8978946.0
2019-03-15,118.43750140453831,121.3066269230591,118.07025894192843,120.93938446044922,17440194.0
2019-03-18,121.5361602416267,121.5361602416267,117.54233180839589,118.2538833618164,11497228.0
2019-03-19,118.34568790327936,118.85065681399516,117.10623404177959,118.18502807617188,10103694.0
2019-03-20,118.62111753341055,120.73279662608935,118.62111753341055,120.06715393066406,12229124.0
2019-03-22,120.4803262699659,121.07709878343142,118.66703331001715,119.60810089111328,6396058.0
2019-03-25,120.27373940391615,120.27373940391615,117.51937895955166,117.74890899658203,6747924.0
2019-03-26,118.02434694322336,118.7129370490655,116.32581907838546,117.06031799316406,7701032.0
2019-03-27,117.1521231074203,117.70299376529695,116.48648743729017,116.8537368774414,6715462.0
2019-03-28,117.47346527260015,118.3915853826,116.64716277736073,116.94554901123047,14209672.0
2019-04-01,117.51938096610502,121.14595281122553,117.49642656106988,120.11306762695312,14133132.0
2019-04-02,120.91642277027611,121.14595281122553,118.9883788319421,120.11306762695312,7413134.0
2019-04-03,120.45736268837726,120.77871034946722,118.52931875004325,120.11306762695312,7538708.0
2019-04-04,119.81468266076067,120.38850776928922,117.0373677345423,118.91950988769531,12838396.0
2019-04-05,119.81468745448126,121.1230115561521,119.12609729669688,120.31965637207031,7229104.0
2019-04-08,121.05413055419922,121.88043297057884,119.69989791743288,121.05413055419922,7274928.0
2019-04-09,120.96233012753851,126.24152100596999,120.89347391796106,125.69064331054688,27982768.0
2019-04-10,127.61871500795846,129.3631378827232,126.24153463017474,128.9958953857422,37061332.0
2019-04-11,130.14352844513962,130.64849731858834,128.60567442530092,129.1335906982422,18883256.0
2019-04-12,129.63858085079775,130.69442757939026,129.1795207103846,130.09764099121094,11578108.0
2019-04-15,130.83214150014945,132.89791215541499,130.4419375744963,132.0716094970703,14134384.0
2019-04-16,133.74714960110333,133.79305840840632,127.61869507528412,128.94996643066406,40734118.0
2019-04-18,132.6683532058353,132.92083062720718,128.62863040748022,130.74029541015625,54851156.0
2019-04-22,131.06165096021587,132.66836121717125,130.87802973272989,132.32406616210938,16824108.0
2019-04-23,132.98971916206764,133.97669559439615,131.61253883526433,133.6324005126953,12355568.0
2019-04-24,134.06846685731406,135.1013518531621,133.2192170682474,134.52752685546875,18298138.0
2019-04-25,134.52753609584147,135.85882138945232,134.43573249554439,135.5145263671875,20781632.0
2019-04-26,136.0654010084279,136.180166025137,134.73412961648262,135.33090209960938,12393102.0
2019-04-30,135.422725717135,137.46554870883227,135.422725717135,137.05238342285156,14679834.0
2019-05-02,137.05238543268632,137.1901118665003,134.34393368050536,134.80299377441406,9078250.0
2019-05-03,134.73411672276242,134.82593433110358,132.46176400562018,133.54055786132812,14816616.0
2019-05-06,133.08152644090467,134.87185811314225,132.76019276144842,133.51763916015625,8608690.0
2019-05-07,134.34394341064237,135.39979010874566,133.26514930994253,134.8948211669922,8707688.0
2019-05-08,135.07844077160942,135.07844077160942,133.15038265725937,133.51763916015625,7904232.0
2019-05-09,133.95373110895522,134.55051764251488,133.2651409613573,133.60943603515625,7497994.0
2019-05-10,133.81601750291065,134.22916878594484,133.12742736138622,133.28810119628906,6133344.0
2019-05-13,133.35694518732737,134.73412534416724,132.32406006969745,132.71426391601562,8563900.0
2019-05-14,132.66836003835823,132.66836003835823,129.95990843115092,130.64849853515625,16740848.0
2019-05-15,131.0616516544625,131.26823429235458,129.5926538079898,129.91400146484375,8631244.0
2019-05-16,130.30417736798418,131.75021349470484,130.30417736798418,130.99276733398438,7191096.0
2019-05-17,131.52074707863977,133.0815489541317,130.96986923580474,131.47483825683594,6713562.0
2019-05-20,132.8978772224998,133.81599727239617,131.93384836822858,133.24217224121094,8366922.0
2019-05-21,133.40287375187933,133.58649499810608,131.29119439676404,131.704345703125,5029334.0
2019-05-22,131.75026219137337,131.9797922648775,128.99590130932373,129.95993041992188,15300108.0
2019-05-23,131.107554312457,131.24526672498922,129.22540528791095,129.5467529296875,9712568.0
2019-05-24,130.32714782712816,130.46487425034093,128.53681640057187,129.8680877685547,9855298.0
2019-05-27,130.3730523148535,130.41896112106986,128.6286297538376,128.76634216308594,10900622.0
2019-05-28,128.99587950696454,131.1764148367086,128.3761456113675,129.89105224609375,88274856.0
2019-05-29,130.60256480098204,132.4388047278851,130.14350481925626,131.1534423828125,11011746.0
2019-05-30,131.29118463728162,133.12742498185898,131.06165459420944,132.2093048095703,23151914.0
2019-05-31,132.27819360548384,133.12745777593554,130.83215677979874,131.47483825683594,14648962.0
2019-06-03,132.43883475123616,134.06849245203995,131.8650096439951,133.7241973876953,11706676.0
2019-06-04,134.96368777011304,135.85886069071736,133.49468964640448,134.8489227294922,22163334.0
2019-06-06,134.9636442992536,135.23908310990754,133.58646425538365,133.8159942626953,17201760.0
2019-06-07,134.27506591714402,135.8358673002836,134.04553588993522,135.44566345214844,13569768.0
2019-06-10,135.76701537270324,136.79990052769423,135.652250355482,136.38674926757812,14963786.0
2019-06-11,136.3408684685261,137.48851887651034,135.92771712353266,136.66221618652344,14468168.0
2019-06-12,136.57038144617272,137.16715397982352,136.27199517934733,136.79991149902344,12445080.0
2019-06-13,136.79988404547325,137.21303525581115,136.40968023205417,136.98350524902344,10004562.0
2019-06-14,137.1442126316428,138.45253679251988,136.79991753717005,137.1671600341797,15931606.0
2019-06-17,137.71800839108448,138.0623034120622,137.1900921607987,137.3278045654297,12357208.0
2019-06-18,137.48850165757557,137.94756176327698,135.8817912876206,136.79991149902344,16803584.0
2019-06-19,137.2589866772941,137.35080431227806,134.11442180605053,134.98663330078125,23805922.0
2019-06-20,130.3959943842222,132.11746947647686,129.63854814551019,131.72727966308594,19120844.0
2019-06-21,131.75025214234248,133.12743247832515,130.46488943251978,131.2223358154297,12954516.0
2019-06-24,131.06166268132242,132.025691723591,129.98286861043619,130.32716369628906,6343478.0
2019-06-25,130.37306088219657,131.4288934475523,129.38608452598984,130.96983337402344,5619496.0
2019-06-26,130.90098628121953,132.20931038377282,130.6255474160395,131.36004638671875,4663538.0
2019-06-27,131.91091997029494,132.11748860563426,128.8581731665726,129.5008544921875,10178400.0
2019-06-28,130.2812347024208,130.2812347024208,128.53681214140485,128.76634216308594,6298778.0
2019-07-01,129.27133480542676,130.09763743180173,128.97294852420265,129.4549560546875,3471842.0
2019-07-02,129.66152097302486,130.8321185351047,129.31722592424828,130.48782348632812,5218738.0
2019-07-03,130.78623679168996,131.1075845074752,129.47791253371335,129.8451690673828,2516552.0
2019-07-04,129.91401058379907,130.78622198725145,129.4549504757291,130.30421447753906,3256662.0
2019-07-05,130.37306366055338,130.6255411026141,124.40528257749989,124.79548645019531,9170926.0
2019-07-08,122.91333619337969,124.52004647041734,122.13292845505782,122.52313232421875,7149570.0
2019-07-09,122.7985752055425,124.29052051177806,121.30662989930694,121.88045501708984,5240124.0
2019-07-10,121.51320403271407,123.71668672687186,120.87050873830019,122.54608917236328,5561126.0
2019-07-11,122.79856506404644,123.94621520483193,122.15588378708681,122.913330078125,5383786.0
2019-07-12,123.02809950509554,123.32648575052234,118.46044617717182,118.87361145019531,15190556.0
2019-07-15,119.35563171446913,120.27375195842659,117.47348241247572,119.30972290039062,9494898.0
2019-07-16,118.89656885587252,120.59509687186039,117.63415354948776,119.35562896728516,9723314.0
2019-07-17,120.2737384373237,120.64098088986024,118.4834069647553,119.1719970703125,11637538.0
2019-07-18,119.81469128198661,125.85132905619076,119.14904850443658,123.5330810546875,42054706.0
2019-07-19,123.53306799385743,123.78554542932231,120.96232879259,121.5132064819336,8459390.0
2019-07-22,121.9263613931207,122.24769504701966,120.45736351717629,121.5591049194336,8839780.0
2019-07-23,121.60500794215329,123.94621706639887,121.10003907074325,121.42138671875,9361236.0
2019-07-24,121.42138856475674,122.04112246139101,120.27373838928645,121.28367614746094,4498944.0
2019-07-25,121.85750958675588,121.85750958675588,120.04421658147734,120.38851165771484,9982362.0
2019-07-26,120.36555843673779,121.53615603558609,119.72286311797997,121.00823974609375,5438744.0
2019-07-29,120.73280580410855,122.63790240940317,119.47039053429373,120.45736694335938,5764526.0
2019-07-30,120.68687680295281,121.55908804157939,119.81466556432623,120.41143798828125,4830174.0
2019-07-31,120.5032726164252,122.24769534006407,119.60809984465665,121.78863525390625,5698432.0
2019-08-01,124.63482888373717,126.76945574782097,123.28059585748201,124.1298599243164,35302414.0
2019-08-02,123.90030669428975,124.35936675170424,120.13602262913166,121.03118133544922,9957332.0
2019-08-05,119.88353880033436,121.8345441681667,119.49333492488749,120.27374267578125,7665468.0
2019-08-06,120.27375140491074,120.59509909257822,118.34569329771202,118.85066223144531,7906452.0
2019-08-07,118.89655697075915,121.30662231476103,118.89655697075915,120.52621459960938,7992066.0
2019-08-08,120.73281624938448,122.56905680070592,119.97536982384511,121.99523162841797,7250870.0
2019-08-09,122.10998390385956,123.34945175025358,120.66394742266796,120.96233367919922,7060998.0
2019-08-13,121.60501985432224,121.60501985432224,118.43750790977847,118.66703796386719,4380900.0
2019-08-14,119.26380077998664,119.40152720685593,114.87978270797826,115.24703216552734,8706726.0
2019-08-16,114.76502321791334,115.22408331078499,112.49267715913888,114.39777374267578,9944870.0
2019-08-19,114.90274013258804,116.23401157090653,114.76502070679969,115.72904968261719,5540152.0
2019-08-20,116.2799301147461,118.94248021896345,115.77496117948535,116.2799301147461,15930242.0
2019-08-21,116.3717291388348,117.01441044265215,115.26998775951907,115.86676025390625,6826530.0
2019-08-22,115.68314605775674,116.37173621286244,114.07643569584346,115.70610046386719,6739804.0
2019-08-23,116.11923642283122,118.0243398032306,114.55843507922482,115.4076919555664,9793938.0
2019-08-26,115.86676032205618,116.11924476466896,113.77804258107079,114.35186767578125,6529420.0
2019-08-27,114.16824003250984,115.52246586208305,113.43374811030618,114.81092834472656,8045102.0
2019-08-28,114.81092682455872,116.23400884513009,113.89280668043494,114.42072296142578,5363314.0
2019-08-29,113.41078675816962,114.87977751729079,113.41078675816962,114.21414184570312,5438102.0
2019-08-30,114.81092885085317,117.1750854618165,114.3748161709368,116.78488159179688,8368026.0
2019-09-03,116.64716490767383,117.22098998690342,115.93562040848899,116.44058227539062,4411118.0
2019-09-04,115.4536176144299,117.9095920037347,115.36180699341038,117.5423355102539,6606662.0
2019-09-05,118.85065471998004,118.85065471998004,116.83079312210695,117.33576202392578,8811234.0
2019-09-06,117.22099773154228,118.11615650864162,114.21415271678069,115.68314361572266,22872104.0
2019-09-09,115.407704038582,117.56529206935231,114.92569654694715,117.33576202392578,11581912.0
2019-09-11,116.60126830885635,117.06032842030854,113.54852136957984,113.91576385498047,19598224.0
2019-09-12,112.79106174386528,114.07643138577194,112.01066099850443,112.26314544677734,9329514.0
2019-09-13,112.46973538828719,113.5714769330672,111.64342572735123,112.63040924072266,7620240.0
2019-09-16,112.5156261959561,113.77804139111608,112.05656612498885,113.43374633789062,7950382.0
2019-09-17,113.36488314974021,113.57145878078146,111.87293791876345,112.07951354980469,6329530.0
2019-09-18,112.65333833885624,112.90582277821288,111.68931639499559,112.14837646484375,5052560.0
2019-09-19,112.58448184943347,112.85992069253562,110.28918150591801,110.86300659179688,5137674.0
2019-09-20,111.04662807048133,114.1682379457169,110.40394677471258,112.90582275390625,12392500.0
2019-09-23,113.70918522497853,113.84690465574427,108.56771351243354,109.87603759765625,13553962.0
2019-09-24,110.58756867020614,111.52864321982948,109.94488737054672,110.49575805664062,11536662.0
2019-09-25,110.40395116369672,110.79415504037605,109.25630094369987,109.62355041503906,7209996.0
2019-09-26,109.80716154168546,110.38098659886892,108.59065522233671,108.8431396484375,10777480.0
2019-09-27,108.98085940093925,109.71535832550079,108.24636748107861,108.61361694335938,6383350.0
2019-09-30,108.79724142986433,110.47280795802189,108.22341631683761,110.08261108398438,6597906.0
2019-10-01,110.17441155313169,110.38098717385373,106.59374177671482,107.19052124023438,8754660.0
2019-10-03,107.51186432741295,109.99079284677092,106.75441803257337,108.26931762695312,9570460.0
2019-10-04,109.25629547024513,110.58756685686784,108.45294035649333,109.11857604980469,5951042.0
2019-10-07,109.27925815888436,111.27616539020374,108.42999417236956,108.82019805908203,4447336.0
2019-10-09,109.83012301087003,109.99079683909856,108.52179899444013,109.14153289794922,4556276.0
2019-10-10,109.14153893756598,109.99080292571145,108.24637314217287,109.80717468261719,4135724.0
2019-10-11,108.79724022699878,110.35804171529473,108.56771018432579,109.92193603515625,5316578.0
2019-10-14,110.08261216630594,112.40086704666692,109.25630259448306,111.7581787109375,7184274.0
2019-10-15,112.44677037716934,112.69925483374527,109.83012920152161,111.84999084472656,17103786.0
2019-10-16,112.88287524857468,115.54542521678877,112.01066386462406,114.26005554199219,32571658.0
2019-10-17,114.26004548139676,114.83387055312876,113.20421295317033,113.77803802490234,10324480.0
2019-10-18,113.77804804305701,115.08636511898293,113.77804804305701,114.26005554199219,5528778.0
2019-10-22,114.30596658063449,116.8078427614792,113.4337551796909,116.39469146728516,12546576.0
2019-10-23,116.05039544183585,117.312810725113,114.78798015855871,116.7619400024414,5348508.0
2019-10-24,116.55535849823673,116.69307793143392,114.39777739381839,114.58140563964844,7834196.0
2019-10-25,115.70609099367401,116.371726688189,114.19119137549117,116.14219665527344,6530578.0
2019-10-27,116.85374053525635,117.17508117868479,116.1421960360715,116.44058227539062,630698.0
2019-10-29,116.44057802435098,117.47346312925546,115.77494235768596,117.1521224975586,6382884.0
2019-10-30,118.43749418998021,119.76876554759977,116.32581513510034,116.94554901123047,8119090.0
2019-10-31,116.60125845883044,119.35561889486581,116.5094478452361,119.03427124023438,6992524.0
2019-11-01,119.44745066533638,119.81469316322479,117.8636876232106,118.71295166015625,5061842.0
2019-11-04,119.03426882894374,119.67696412518748,117.40461120772896,117.79481506347656,3841070.0
2019-11-05,118.11616023029318,119.08018925934634,116.92260815185266,118.66703796386719,3169448.0
2019-11-06,118.89656041298117,119.10314305220848,117.54232757671738,117.90958404541016,3255238.0
2019-11-07,117.97844743742252,119.5851578110839,117.79482619659889,119.19495391845703,4253934.0
2019-11-08,119.42447824752439,119.72286450073572,117.40461667647617,117.7030029296875,3079708.0
2019-11-11,118.07027013147251,118.20798256565176,116.32583324525005,117.7259750366211,3804758.0
2019-11-13,118.11615430352171,118.89656205202554,115.7519976669159,116.1881103515625,3722946.0
2019-11-14,116.60126807027,116.94556315315465,115.40770898105596,116.0274429321289,5796412.0
2019-11-15,116.60125120256234,116.69306181044317,115.52245729703642,115.93561553955078,2425834.0
2019-11-18,115.91268517988946,115.91268517988946,113.9846339956594,114.5125503540039,5756874.0
2019-11-19,113.93870816128737,115.2929339690844,113.70917812590818,114.94863891601562,4061312.0
2019-11-20,115.5683796226193,115.5683796226193,114.03052549308927,114.26005554199219,2988298.0
2019-11-21,114.03050901876557,114.53547785527813,113.38782777656793,113.64031219482422,3488196.0
2019-11-22,111.68932190906604,112.76810892364816,111.13845119899209,111.5975112915039,8183112.0
2019-11-25,111.57456726170435,111.91886236310559,110.77121202510143,111.5516128540039,3782394.0
2019-11-26,112.10246742035358,112.28609565072735,108.56770629089259,109.04972076416016,15380804.0
2019-11-27,109.71536555271682,110.58757695397503,109.2792598520877,110.19738006591797,3894494.0
2019-11-28,110.15146729566715,110.40395174633912,109.37106654289104,110.08261108398438,3198740.0
2019-11-29,110.19737000443739,110.72528627730829,108.72837919737422,109.11857604980469,5333922.0
2019-12-02,109.37105683259267,110.03669250366626,108.13159609943833,109.53173065185547,7259920.0
2019-12-03,109.48584518579734,109.48584518579734,108.06275592657495,108.7054443359375,5730370.0
2019-12-04,108.61362428902785,111.43684114964078,108.56771547637506,111.18435668945312,6671932.0
2019-12-05,111.4138875816942,112.4238184253431,110.67939560663199,111.8729476928711,5226290.0
2019-12-06,111.87293703852006,112.24018649342644,110.33509001535695,110.63347625732422,2735116.0
2019-12-09,110.54166808982221,110.93186495297157,109.53173732001679,110.35803985595703,2414590.0
2019-12-10,110.35805006509952,110.35805006509952,108.84315727260021,109.32516479492188,4411226.0
2019-12-11,109.09563160650085,110.54167514610432,108.49885907127225,110.19738006591797,4775320.0
2019-12-12,110.33509431478824,110.74824558971922,109.57764097114675,109.92193603515625,2811896.0
2019-12-13,111.0925390311492,112.40086305715674,110.17441887386698,111.94180297851562,8623666.0
2019-12-16,111.96475558524507,113.1124058352156,111.36798305902137,111.6204605102539,5685154.0
2019-12-17,112.12541992062812,112.90582062353678,111.80407927880698,112.35494995117188,4422758.0
2019-12-18,112.85992334679182,114.71911106500339,112.69924951708668,113.984619140625,10598214.0
2019-12-19,114.12234188977347,115.06340947639946,113.6862291977845,114.39777374267578,4968422.0
2019-12-20,113.8469092620182,116.50945934731214,113.5255685803641,115.59133911132812,10423252.0
2019-12-23,116.05038756220159,116.9225988968181,115.49951687693324,116.53240203857422,3701304.0
2019-12-24,116.14220767971072,116.57831338270613,115.26999627371993,115.79791259765625,3088960.0
2019-12-26,115.68314122073114,115.86676245253446,114.55844541535869,114.90274047851562,4052868.0
2019-12-27,114.76500787102017,115.10930289463323,113.08944155798335,113.64031219482422,5022240.0
2019-12-30,114.05347472225718,114.55844360880454,113.2042177826832,114.28300476074219,4333614.0
2019-12-31,113.70918649440779,114.12234479131743,112.60744504538465,112.83697509765625,4329828.0
2020-01-01,113.1582968480713,114.14527310592088,113.02057743879692,113.70916748046875,2827732.0
2020-01-02,113.20421840641632,114.71911106500339,113.08945338654148,113.984619140625,2887932.0
2020-01-03,114.5354900830027,116.0044809396401,113.54851371182313,115.26998901367188,6762808.0
2020-01-06,115.22407500510441,116.80783081040975,114.83387115241007,115.75199127197266,9133390.0
2020-01-07,116.25695680758147,117.6800457539967,114.85682226443754,117.1521224975586,8805574.0
2020-01-08,116.60126401220033,117.58824041357275,115.93562827606304,116.96851348876953,5588820.0
2020-01-09,116.7160211153011,117.74890625791438,115.98152221200695,116.44058227539062,4990046.0
2020-01-10,116.57831310049161,117.15213823585995,115.2240871819626,115.5683822631836,4113154.0
2020-01-13,116.60126401220033,118.39159557901114,116.07334770536413,116.96851348876953,13927198.0
2020-01-14,117.90957764410125,118.5981677249396,116.853738119209,118.07025146484375,14593554.0
2020-01-15,116.60125769301123,117.51937783232628,113.20421597942587,113.96166229248047,20280902.0
2020-01-16,113.84690752259833,115.9585868349787,113.38784741162011,114.97160339355469,17623672.0
2020-01-17,115.6831402842352,116.55535163529152,114.60434629319627,115.26998901367188,8281636.0
2020-01-20,115.13227057730029,115.13227057730029,113.47965147145301,113.8469009399414,3817166.0
2020-01-21,113.8009887909038,113.93870821313413,112.92877745794632,113.43374633789062,3015884.0
2020-01-22,114.1223395458752,115.66018662258955,112.65334167509599,112.85992431640625,6800848.0
2020-01-23,113.1353582018478,114.35187164770919,112.63039630378361,114.16824340820312,3393088.0
2020-01-24,114.60611531398995,114.97484744450216,113.49992595543372,114.12216186523438,3421554.0
2020-01-27,114.26042944369432,114.26042944369432,112.80855504184335,113.0851058959961,3306994.0
2020-01-28,113.33859401659383,113.43078231628374,111.44885343360775,112.48590850830078,4272362.0
2020-01-29,112.73941623751288,114.02996808287085,112.1171803575881,113.73037719726562,4009378.0
2020-01-30,114.12214743697264,114.12214743697264,110.71138445217693,110.94184112548828,4294930.0
2020-01-31,109.69738941324867,110.22743701108692,108.31464921056066,109.14429473876953,11107276.0
2020-02-03,109.55910518871048,110.68834152363114,108.42986885378981,109.42082977294922,8463660.0
2020-02-04,110.15830950781657,111.19536472284831,109.65130192283095,110.73445129394531,6329512.0
2020-02-05,111.35667437778822,112.00195029055001,109.37474545576273,111.65626525878906,7751206.0
2020-02-06,111.88673255459754,113.36165409001876,111.37972498008682,112.30155181884766,6112396.0
2020-02-07,113.84559884790043,113.84559884790043,111.97889835088345,112.43981170654297,5519024.0
2020-02-10,113.10814501933135,113.22337336879399,110.36571170871667,111.0340347290039,4517992.0
2020-02-11,110.87270508692093,111.95584721362576,110.52702008272121,111.19534301757812,5460620.0
2020-02-12,111.40277613623627,113.91475295722981,111.40277613623627,112.6702880859375,6838800.0
2020-02-13,113.2925225591903,113.2925225591903,111.77150683280749,112.34764862060547,4829910.0
2020-02-14,112.37068258182306,113.08509972189569,111.5410370976413,111.95585632324219,3619586.0
2020-02-17,111.95586310836828,112.9237840707382,111.51799678081252,112.37068939208984,2035556.0
2020-02-18,112.34763309174575,112.85464060812095,111.19534967542015,112.48590850830078,2505274.0
2020-02-19,112.6933274968672,114.46784691890574,112.6933274968672,114.12216186523438,3570768.0
2020-02-20,114.3065086468025,114.56001239112315,112.9698627701728,113.24640655517578,4241614.0
2020-02-24,112.92377819244082,114.2143370640933,111.72540059026781,112.55504608154297,7043950.0
2020-02-25,112.53198932043695,113.6842726722046,111.74843804783085,112.50894927978516,5059572.0
2020-02-26,112.02500152426491,112.20936406818892,109.88175002800213,110.5731201171875,7988388.0
2020-02-27,110.13525251256058,110.13525251256058,106.24053579562921,106.74754333496094,9733628.0
2020-02-28,105.31870803014715,105.77962141321125,101.26266885258704,102.06926727294922,11274618.0
2020-03-02,104.07425092193262,104.62734561550658,100.66348741776211,101.76968383789062,11532350.0
2020-03-03,103.2446063044788,104.07425186887878,101.6775034862638,103.10633087158203,10346226.0
2020-03-04,103.65941282954346,105.89484545984195,102.53017649347734,105.48002624511719,9036356.0
2020-03-05,105.57221239619263,107.80763809694392,105.38784282213325,105.8718032836914,5941556.0
2020-03-06,103.70550097255581,104.16641431021162,102.57626470189497,103.03717803955078,5868566.0
2020-03-09,101.4931153491919,101.86184742520025,98.17454073107537,98.81981658935547,17462228.0
2020-03-11,93.88805218633676,98.81982384525075,93.88805218633676,98.22064208984375,12270332.0
2020-03-12,94.02633325102325,95.3860263693807,91.03039616214261,91.76786041259766,10764010.0
2020-03-13,91.72177062097089,94.23374735449683,78.00959636984585,90.98430633544922,13043196.0
2020-03-16,89.39415088214592,89.39415088214592,82.29608746565702,82.84918212890625,11201148.0
2020-03-17,82.29608760447088,85.52248135067713,78.70096173781646,79.78411102294922,12175374.0
2020-03-18,81.44339501226172,82.27304052499214,77.66390660202339,78.33222961425781,12733198.0
2020-03-19,76.05069446989926,78.97749673693235,73.46957717772932,74.82927703857422,11980172.0
2020-03-20,75.1749786839543,85.63771150339316,74.89842782954535,82.5956802368164,20319490.0
2020-03-23,76.05070689044432,81.58166739156754,76.05070689044432,78.42440795898438,10720786.0
2020-03-24,77.66389399005337,83.77099544624451,77.4564844037974,81.28206634521484,12061562.0
2020-03-25,81.76603170653219,86.65171640196256,78.4474567402871,80.49851989746094,13456292.0
2020-03-26,81.5586161070505,86.0986154306092,79.50755310033347,84.16278076171875,10247690.0
2020-03-27,84.41627608828516,87.3430786340698,83.65577188434654,84.57759857177734,13535120.0
2020-03-30,83.47142456696459,86.37517353499612,82.66482606851565,84.87720489501953,7334804.0
2020-03-31,86.1908081735912,92.09050126265771,85.56857225326343,90.66166687011719,10615252.0
2020-04-01,90.2007478160512,90.2007478160512,86.19080278300987,87.34308624267578,9875668.0
2020-04-03,86.65171593560113,87.38918016101104,81.92735376358031,82.96440887451172,13147474.0
2020-04-07,86.76694118241545,88.81800425529757,84.3701930849022,88.44927215576172,9562862.0
2020-04-08,88.2649184331082,92.18268243666652,87.02045362680931,88.91019439697266,10275308.0
2020-04-09,91.44521826509919,93.54237569944844,89.90116255236596,90.66166687011719,6930346.0
2020-04-13,91.26085029361475,91.26085029361475,84.30105536207127,87.2048110961914,12384376.0
2020-04-15,87.59659537991847,89.232839399539,85.63771337841034,85.9833984375,22652006.0
2020-04-16,82.9644150591937,87.45832087490002,82.9644150591937,86.58258819580078,43380846.0
2020-04-17,88.72582716100356,89.30196889581526,85.52248052204648,86.19080352783203,13212894.0
2020-04-20,87.11263336695153,87.11263336695153,83.03354692784656,83.47142028808594,16203026.0
2020-04-21,82.50350202272149,82.91832128673846,80.10675364988661,82.06563568115234,18086618.0
2020-04-22,81.58166443090444,82.73394782682116,80.68288478868533,82.29608154296875,10621898.0
2020-04-23,82.68785662239982,84.16278504808085,81.62776148678901,83.37922668457031,11104460.0
2020-04-24,82.94136092985381,83.33314011418216,81.65080206539697,81.92735290527344,9282278.0
2020-04-27,82.96442015890094,84.30106633715748,80.89030965492842,83.90929412841797,18283250.0
2020-04-28,83.93233006981372,84.32410222656672,82.04258238154122,82.82613372802734,13329834.0
2020-04-29,83.01050320435425,84.09364543608886,82.68785820943151,83.26399993896484,10060582.0
2020-04-30,85.26898021183946,88.77192491481532,84.60065717893735,88.01141357421875,17667854.0
2020-05-04,85.03852490907954,88.17273753183684,84.37020186517069,87.59659576416016,17140740.0
2020-05-05,88.24186776900106,89.41719832888921,83.97841887960814,84.9002456665039,13864778.0
2020-05-06,85.59160845802953,86.65171057915771,83.42531710014651,86.2138442993164,10885580.0
2020-05-07,84.80806234271886,85.45333826474317,83.51750346569017,84.85415649414062,11402138.0
2020-05-08,85.36116200641023,85.7298941404923,84.13974428480508,84.80806732177734,8227344.0
2020-05-11,85.26897457713864,87.55049438220121,84.85415535184725,85.13069915771484,8787666.0
2020-05-12,84.90023842681285,86.65171057915771,84.16278127996951,86.2138442993164,7030818.0
2020-05-13,88.26491005719915,88.26491005719915,85.33810735438206,87.43526458740234,10560968.0
2020-05-14,85.1537471894295,86.35212479392067,84.39324292352784,85.72988891601562,10324394.0
2020-05-15,85.72988166468903,85.72988166468903,84.18581915484828,84.71587371826172,6849030.0
2020-05-18,83.90928987216574,85.26898306031518,82.78005339499015,83.97842407226562,14454486.0
2020-05-19,84.00146306264098,85.72988822853894,82.04258120795662,84.99242401123047,11486668.0
2020-05-20,85.26897297828879,85.68379219580204,83.97841414283224,85.24592590332031,15415706.0
2020-05-21,84.53151006301462,88.35709247763958,84.53151006301462,87.15872192382812,14258230.0
2020-05-22,87.13567219668798,87.96531765206555,85.93729464636706,87.11262512207031,9177652.0
2020-05-26,87.11262040845224,89.04845501093308,85.59160499472466,87.02043914794922,11822268.0
2020-05-27,87.38917422114021,94.71769369374151,86.51343463386773,92.7588119506836,36165936.0
2020-05-28,93.79588270274134,93.79588270274134,90.362079066903,91.88309478759766,24695246.0
2020-05-29,91.88308349812516,99.05028080452632,90.40815508171471,98.08236694335938,61260422.0
2020-06-01,99.32683252519581,101.86185609312425,98.35891162243114,99.11942291259766,26749248.0
2020-06-02,99.14246653035865,100.73261621546062,97.22967186693415,99.48815155029297,12812554.0
2020-06-03,99.6033780305222,100.22560683499817,97.0453075241753,97.4140396118164,16844202.0
2020-06-04,97.41405809128689,101.37790944467842,96.8609563384119,99.67253112792969,14794936.0
2020-06-05,101.40094029017857,101.5161686314174,99.09637346540178,100.82479858398438,14491168.0
2020-06-08,100.9400368326756,104.76561954388909,99.48816240375398,104.37384033203125,24427392.0
2020-06-09,103.29068606659622,104.30469404490654,100.0873326106223,100.64043426513672,15690504.0
2020-06-10,101.4009516140283,101.88491210787319,99.37293539493997,100.0182113647461,14787292.0
2020-06-11,100.01820379321036,100.31779467801643,97.87495938226216,98.12845611572266,12497490.0
2020-06-12,95.8699772050272,96.56134723294807,95.08642591331281,95.82388305664062,12418688.0
2020-06-15,97.69058899327062,100.4330221838872,95.93911675148003,98.54328155517578,28511450.0
2020-06-16,100.22561668393453,100.4330263058082,96.60745074041775,97.89800262451172,15921712.0
2020-06-17,97.71363344760144,100.82479866350384,97.27576715714447,100.38693237304688,27938908.0
2020-06-18,99.92601946477703,101.07830288334462,98.935051505021,100.54824829101562,12408426.0
2020-06-19,100.479116967945,103.29069140271713,99.0963768261843,102.34581756591797,22447354.0
2020-06-22,101.93099404652746,102.20754489551351,99.92602500680948,100.50216674804688,12961806.0
2020-06-23,99.09638003569422,102.46104922954873,98.17455324466451,101.67749786376953,14850298.0
2020-06-24,103.24459566481154,103.24459566481154,100.27170581230916,100.57129669189453,16492172.0
2020-06-25,99.99515497501501,102.3227689178043,99.234650721926,100.57129669189453,10193692.0
2020-06-26,101.07830367221315,106.0100753355766,100.6173903011889,103.91291809082031,38389012.0
2020-06-29,102.34582172591384,104.12033409351305,100.80175902499501,101.2626724243164,13374148.0
2020-06-30,101.21659160781533,102.29973394388918,100.4791273097806,101.23963165283203,11001386.0
2020-07-01,101.86184568582388,102.50712153308535,100.64042817744348,100.96306610107422,7905234.0
2020-07-02,101.86186286813104,103.91292612109687,101.1935398350946,103.33678436279297,14359882.0
2020-07-03,103.3367761910584,105.31870508949164,102.62235906066063,103.61332702636719,10838912.0
2020-07-06,104.12032095892627,104.74255678270839,102.13839921824427,102.62235260009766,15175628.0
2020-07-07,102.8758648604609,105.2726130263949,102.32277021185767,103.65941619873047,18235138.0
2020-07-08,104.46601749399174,104.94997796223589,102.5532297301937,102.82978057861328,14152368.0
2020-07-09,103.35982245442298,103.52114494591613,101.23961815498647,102.1384048461914,13417996.0
2020-07-10,101.86184324517953,102.99107946731986,101.17047326840229,102.36885070800781,9097518.0
2020-07-13,103.22155438948431,105.54916846306052,102.57627844351363,104.90389251708984,24694620.0
2020-07-14,105.27260797239839,106.79362345777038,103.29068616280125,103.70550537109375,27877134.0
2020-07-15,108.77556229000653,123.84743608115019,108.31464889047261,121.10499572753906,260735176.0
2020-07-16,120.98976189996225,123.73220212941207,117.55595863549264,120.71321105957031,104555854.0
2020-07-17,119.19221252867641,121.61200796953601,118.45474824779362,120.45972442626953,37713024.0
2020-07-20,120.45971511738874,126.08284993440803,119.37656585722956,124.81533813476562,42789980.0
2020-07-21,128.36439897973332,129.79323352304138,124.17008366845977,125.0688705444336,65998100.0
2020-07-22,125.57586341125793,125.76022596093581,121.51981698853993,122.60296630859375,25167708.0
2020-07-23,123.66305327254044,123.73220153177446,121.01280135800889,122.87950897216797,20736656.0
2020-07-24,123.0638744895595,125.27625312366183,122.39554445115341,124.70011138916016,44244246.0
2020-07-27,124.70010924729408,125.92154095622642,123.13300656955833,123.91656494140625,27980494.0
2020-07-28,124.1239742146207,127.5577847047833,124.1239742146207,126.95860290527344,28087614.0
2020-07-29,126.19807573237763,128.1339175227747,125.52975978199662,127.67300415039062,21567278.0
2020-07-30,129.10184206386683,132.1899533064739,129.10184206386683,130.94549560546875,51694590.0
2020-07-31,133.48051981429023,134.03360743963572,128.4104725525082,129.49362182617188,33401320.0
2020-08-03,130.43847155215303,131.26810991444057,128.8252749075151,129.7701416015625,17817526.0
2020-08-04,129.77014477951494,130.5997972280784,128.24913638942016,129.53968811035156,16239042.0
2020-08-05,129.63188488379515,131.10681328930136,127.85736560197171,128.22610473632812,14690906.0
2020-08-06,129.37839192906017,131.01462880846344,128.01869182603596,128.89442443847656,20305210.0
2020-08-07,129.53970721849097,129.90844638311964,127.39646269231766,127.85737609863281,14642400.0
2020-08-10,129.05575376824441,129.60885548220696,127.48865099996505,127.85737609863281,12621492.0
2020-08-11,128.59483355342584,131.19899134803617,128.27218855970344,128.89442443847656,20157816.0
2020-08-12,129.24011867372312,129.3784011377152,126.54377238443084,127.30429077148438,17807334.0
2020-08-13,128.08782337234433,129.9084368196454,126.65898910476172,127.67300415039062,19307912.0
2020-08-14,128.36436205789798,129.40141704759372,127.16598458994672,127.44253540039062,13163422.0
2020-08-17,128.4104813010877,132.00560034162922,127.97260792680838,129.9545440673828,29094008.0
2020-08-18,131.24508346670603,132.4665010966634,129.83930330003136,130.3002166748047,24108414.0
2020-08-19,131.5907732407039,131.79818989321177,128.71006454454138,128.94052124023438,18745042.0
2020-08-20,128.59481698135087,128.59481698135087,125.92152533715416,126.38243865966797,19783530.0
2020-08-21,128.57180244044315,128.57180244044315,125.69109360341906,125.99068450927734,15939272.0
2020-08-24,126.05980324556164,126.4976765614638,125.3223390605493,125.69107818603516,12309628.0
2020-08-25,126.45158472193832,126.61290721316219,124.14701789291068,124.42356872558594,15592276.0
2020-08-26,124.42354993475628,126.61288809169191,123.52476338078917,125.3914566040039,19265334.0
2020-08-27,125.82935315285737,126.84336821856847,125.13798308058892,125.5297622680664,12380336.0
2020-08-28,126.61288809169191,126.751156454168,125.04577163185618,125.3914566040039,15199568.0
2020-08-31,126.2902710563987,129.97757824052712,123.52479066830237,125.0457992553711,41141934.0
2020-09-01,124.9075387910882,128.77920876699235,123.98571193654142,125.18408966064453,24586106.0
2020-09-02,125.78324606160503,127.44253687754234,124.99970183321705,126.15198516845703,16863810.0
2020-09-03,126.98165290471556,132.67393671018831,126.52073946404509,130.36936950683594,49790330.0
2020-09-04,128.45658437036099,128.82530950463337,126.79729313421085,127.21211242675781,21415428.0
2020-09-07,127.44252880421453,128.82526871890764,125.13796227972603,128.47958374023438,16651534.0
2020-09-08,130.06977065992407,132.25910936973736,128.36438540694823,130.2310791015625,44589722.0
2020-09-09,128.96357507321383,133.41140102845344,128.36439322672697,130.36936950683594,45588720.0
2020-09-10,132.1208139511317,132.21300225099495,129.56275038846275,131.15289306640625,19035804.0
2020-09-11,130.20802391754157,137.5595976199777,130.20802391754157,135.18588256835938,83871852.0
2020-09-14,135.16282874443814,142.2147967916778,135.11673460004639,141.5925750732422,76179084.0
2020-09-15,141.59259371256397,143.4592872455193,139.5415235777702,141.66172790527344,56312624.0
2020-09-16,141.50041379353496,144.49635089339807,140.14071363721283,143.87411499023438,29986974.0
2020-09-17,141.61564719977488,145.97128461147386,141.59260715533762,143.66671752929688,53623304.0
2020-09-18,144.72682100751013,147.0313882210055,143.92022248278673,145.8791046142578,36975462.0
2020-09-21,145.60251868340444,149.56637614955824,142.8600927991279,143.7588653564453,45477692.0
2020-09-22,145.3720708027321,145.99430665137578,140.09462127495735,143.92019653320312,47020668.0
2020-09-23,145.18771024148964,148.3219155028586,143.41319096979063,145.1185760498047,44278872.0
2020-09-24,144.4502454438408,144.4502454438408,139.40325254833516,140.4403076171875,35838302.0
2020-09-25,141.17776527302888,145.30294572654248,140.20985840993438,144.6807098388672,44013790.0
2020-09-28,145.1877061320205,146.10953283762063,142.698776840092,143.59754943847656,24921524.0
2020-09-29,145.18772082382372,146.82395776545397,143.11361052634052,143.57452392578125,29660738.0
2020-09-30,143.80496857920545,145.57948783159588,142.69877932640347,144.51937866210938,24786634.0
2020-10-01,145.83297235492554,146.50130229860903,143.8279965898334,144.28890991210938,18514618.0
2020-10-05,145.2799017852907,154.8668943825909,145.2799017852907,153.92202758789062,77811262.0
2020-10-06,154.40600844487668,154.544276855905,148.87504694834377,152.12448120117188,55159848.0
2020-10-07,150.7186899466739,155.12040752821204,150.0273198093038,154.5442657470703,35479916.0
2020-10-08,161.78058481848814,169.50088338176354,159.6834347157432,165.67530822753906,214540492.0
2020-10-09,166.85064640147164,173.3495279833398,164.66130780918712,172.38160705566406,110861504.0
2020-10-12,173.76434006848874,175.05489187497423,170.1231272675134,173.9947967529297,105931918.0
2020-10-13,173.90261733481518,175.93064751424478,171.89765533054347,173.2803955078125,72176286.0
2020-10-14,168.23336776810925,168.23336776810925,160.53610942466432,161.52708435058594,148263902.0
2020-10-15,161.780596261293,163.27856474519385,156.2265956627523,157.44801330566406,77922358.0
2020-10-16,158.04717791601536,160.44393285646083,156.06525622500132,156.54920959472656,50488458.0
2020-10-19,157.83980078692971,159.70649444628114,156.0883214125888,158.18548583984375,25693748.0
2020-10-20,158.89987436746983,161.0892127380151,157.56322849127608,159.8217010498047,33993548.0
2020-10-21,161.135334943416,161.36579165412857,156.29574401845218,158.30072021484375,19934922.0
2020-10-22,157.1714552255005,160.49003703259865,157.10232103492748,158.76161193847656,19082496.0
2020-10-23,159.89085219862946,159.98304050302562,157.30973440110125,157.81674194335938,17346096.0
2020-10-26,158.415920445156,158.96900801309457,155.18952706799158,156.61834716796875,17390338.0
2020-10-27,155.92699099799987,156.5953210261142,152.58536898934844,153.96810913085938,19821156.0
2020-10-28,154.75167581875806,156.64142359354935,154.12943990845397,154.70558166503906,17969178.0
2020-10-29,153.78375318338286,156.7105560882227,152.63146968273418,155.5352325439453,14479922.0
2020-10-30,156.36485786575096,159.01510969398402,155.9961328029893,157.03318786621094,22991068.0
2020-11-02,157.51715067671913,157.51715067671913,153.80680352198377,154.3137969970703,9662266.0
2020-11-03,154.63644746744103,156.4570610446343,153.32284144923483,154.70558166503906,9515596.0
2020-11-04,155.7887245761754,162.03409533442792,155.5582678830154,158.07025146484375,30763800.0
2020-11-05,160.37481570437703,160.85876912550526,158.57724227513486,159.19947814941406,11204872.0
2020-11-06,159.54517187445612,160.8587778881677,158.2776600143058,159.36080932617188,10915586.0
2020-11-09,161.31967341900395,162.61022517997228,159.9369333611268,162.2184600830078,14214570.0
2020-11-10,161.6653688485859,161.6653688485859,157.2405975651261,157.77064514160156,18099240.0
2020-11-11,158.784646032178,160.28261439097213,157.40190600867572,159.8217010498047,15275758.0
2020-11-12,160.3978591505312,161.64233092549705,158.69247398720177,159.26861572265625,10228848.0
2020-11-13,158.7846592880603,159.59125770244088,157.9550208310815,158.6233367919922,9455776.0
2020-11-14,160.00607849315992,160.19044103362634,158.1393849137519,159.2225341796875,1498484.0
2020-11-17,159.9369311867583,161.55012789901667,158.41592277015548,160.72048950195312,13307668.0
2020-11-18,161.20445147457443,162.40282905212348,157.54018454948323,159.15338134765625,14815616.0
2020-11-19,160.25959672825684,161.0892352318218,157.44802214134762,157.908935546875,22113702.0
2020-11-20,158.46202009756448,160.6283186875978,157.65542165365258,159.6143035888672,12362786.0
2020-11-23,160.39786396681512,164.7304471343358,159.47603716240815,164.0160369873047,20666694.0
2020-11-24,165.46790263287295,166.57409192641882,163.62424912164315,163.85470581054688,20184882.0
2020-11-25,164.96091546945274,165.37573474749922,161.11228547643339,161.3197021484375,13624676.0
2020-11-26,161.78058033708228,164.26950952907643,160.02911529314977,163.5550994873047,14732740.0
2020-11-27,163.55513185378928,164.77654961818635,160.32873787525136,161.55015563964844,24804168.0
2020-12-01,162.56415133010836,163.11723893488877,159.5912544653093,162.63328552246094,21387134.0
2020-12-02,163.37074273559773,166.06707458365958,163.25551439795547,165.4217987060547,18868154.0
2020-12-03,167.77247810704614,167.77247810704614,165.00699769868825,166.0670928955078,21394090.0
2020-12-04,166.43581357256699,167.0349953014511,165.4678927239426,166.2975311279297,14854786.0
2020-12-07,166.85063806383448,167.1963230874474,164.776527922157,165.2144012451172,16784766.0
2020-12-08,166.06706919714404,168.23336750093685,165.19133667265967,167.63418579101562,23626602.0
2020-12-09,169.50089973799874,169.50089973799874,164.77653747473707,165.6983642578125,36275376.0
2020-12-10,164.17737549129205,165.00701406972706,162.5872184723358,164.03909301757812,13794794.0
2020-12-11,164.73045134707453,165.92882903664253,162.54111263061884,162.93289184570312,11727232.0
2020-12-14,162.93289902311432,163.41685250273886,159.9830558568217,161.02011108398438,23003678.0
2020-12-15,160.99701615833862,163.11722023179286,160.1673778133148,162.5641326904297,14463562.0
2020-12-16,163.11725016450694,165.44487128432465,162.7946192226638,165.1913604736328,13332544.0
2020-12-17,165.1913548205934,165.5831340121022,163.854708813646,164.49998474121094,8330742.0
2020-12-18,165.44487305728182,168.60211864223882,164.77654299079495,167.5650634765625,34796162.0
2020-12-21,167.0810929060407,169.36261966314146,160.55917167890024,163.14028930664062,19330126.0
2020-12-22,163.16334738437885,168.5560399158402,161.06619699212223,167.8646697998047,16372078.0
2020-12-23,172.3815955133341,178.6500199815563,171.32150041864654,177.70513916015625,89748866.0
2020-12-24,178.12001504834768,178.23524341516227,174.52488156415546,176.1611328125,24480344.0
2020-12-28,176.7372296541031,178.09691559679848,176.06889967033203,176.4837188720703,9451758.0
2020-12-29,176.99074675324675,179.98668387276786,176.57592750373598,177.45166015625,22918252.0
2020-12-30,177.45164543654627,178.18910963337058,176.43763040766785,177.1750946044922,14376870.0
2020-12-31,175.70017940078208,178.65002210741218,175.70017940078208,178.0277862548828,12789210.0
2021-01-01,177.474713994845,180.10192622255687,177.474713994845,178.88050842285156,10084672.0
2021-01-04,179.75621197091283,183.42047884131912,178.74219694366744,182.7060546875,19511442.0
2021-01-05,181.64596910730342,188.88230086264616,181.3694182611845,187.26910400390625,50313494.0
2021-01-06,186.66992486623215,192.3852481477099,185.8863664688045,187.31520080566406,44972600.0
2021-01-07,190.01154030563646,190.35722533954603,186.13987073904107,187.4765167236328,24689510.0
2021-01-08,187.8222032257831,199.41417197364248,187.7069748802458,198.28494262695312,81986460.0
2021-01-11,200.9582223359991,207.87192264572383,200.49730898201744,205.9360809326172,94668036.0
2021-01-12,206.46614718780364,212.36583262512374,203.908069576075,210.96005249023438,44268930.0
2021-01-13,212.48106134950723,215.45395818132346,208.70156612862021,211.55923461914062,58380386.0
2021-01-14,208.33286627255882,214.78565416595666,198.19277101150504,209.416015625,143103614.0
2021-01-15,209.6003626741652,211.74360710986787,201.23478751586504,202.13356018066406,50615558.0
2021-01-18,203.26280263884595,205.1064561775203,197.77793617448185,198.90716552734375,43021174.0
2021-01-19,199.57546449137038,202.59444106456795,197.13262955931418,198.30795288085938,31355580.0
2021-01-20,200.0363827545476,206.42003510956067,199.57546943022837,205.08338928222656,48839358.0
2021-01-21,208.14849538307212,209.00118799089287,203.86199230022754,205.47518920898438,31822754.0
2021-01-22,206.69937232981252,208.80123755555263,203.4657248455451,205.4521026611328,22797624.0
2021-01-25,205.6368717341484,208.33927984657527,201.01737550695162,201.9874725341797,14760338.0
2021-01-27,202.33393160863622,210.07158766901216,201.9874693969776,206.23741149902344,59180420.0
2021-01-28,204.75915230589314,207.23058539012823,197.39105083092332,199.51602172851562,29624870.0
2021-01-29,202.05675384467472,202.19534718433857,191.9631521840228,193.04873657226562,31264842.0
2021-02-01,192.21725145241626,195.77425528531793,188.5678520508327,194.71177673339844,30163704.0
2021-02-02,197.7144287121568,201.202142551574,195.704945133533,197.87611389160156,26620996.0
2021-02-03,198.730729385046,203.23473811708604,198.730729385046,200.25515747070312,19795332.0
2021-02-04,200.2551539675372,201.8257798065895,197.82991853886463,198.59213256835938,14386598.0
2021-02-05,199.5622375742788,200.2089642283824,194.2729087402789,196.58265686035156,17358052.0
2021-02-08,198.80001260820708,202.19534497796622,196.92910827503385,201.08665466308594,25032680.0
2021-02-09,203.37331713983443,208.68573768976762,201.04047723302756,202.9575653076172,58949660.0
2021-02-10,204.18173203870214,205.17492090217908,200.94808469872268,202.79588317871094,21215470.0
2021-02-11,202.79586264743412,203.4887870072773,200.20894221783652,201.87196350097656,18474052.0
2021-02-12,203.25781774736637,207.50775957566253,203.0730407325671,204.1817169189453,38561668.0
2021-02-15,205.38279768684464,205.5213769296382,201.77958230079776,203.11924743652344,15689754.0
2021-02-16,206.02953282821062,206.86103651449275,200.39374176203773,202.1260528564453,24907596.0
2021-02-17,201.36383247168501,202.79587908427973,197.94540817224114,198.73072814941406,14780384.0
2021-02-18,198.77690566565863,201.71028842192817,198.3380620076863,200.00108337402344,16771472.0
2021-02-19,200.0934492508168,201.29452092727158,196.83671048930503,198.61521911621094,16957332.0
2021-02-22,198.96169968016832,199.95488850724666,192.1710348760441,193.41830444335938,21332174.0
2021-02-23,193.88027289589795,196.79055003913302,191.38573351874274,191.94007873535156,17984706.0
2021-02-24,192.95635689440496,196.6981374410176,191.59359991181566,195.4508819580078,10120594.0
2021-02-25,195.45087195842822,198.17637168658266,194.22670837941453,194.61935424804688,18220784.0
2021-02-26,193.0718594053106,193.94956090965047,188.4754548071323,189.53793334960938,23463882.0
2021-03-01,189.8612894310276,193.4183070618344,189.0297857732827,191.43191528320312,12843392.0
2021-03-02,193.88025260097777,200.07037441641484,193.21042004249063,198.82310485839844,29750468.0
2021-03-03,200.024187825988,201.7103011394155,197.82992710503316,201.17906188964844,17564904.0
2021-03-04,198.13017779684117,205.24419871593946,197.48345118557455,202.70347595214844,25927594.0
2021-03-05,203.25783136444136,203.25783136444136,192.63299017948194,194.4114990234375,87862344.0
2021-03-08,196.37476892156525,196.39786076149042,191.96314198201236,192.58677673339844,24709676.0
2021-03-09,193.92645049420588,195.31229939463398,189.42244156781456,193.6492919921875,23811258.0
2021-03-10,196.83673427113064,198.96170532504638,195.40468764147548,197.11390686035156,34582736.0
2021-03-12,199.33125156015015,199.9317803985867,194.98892815796242,196.4209747314453,17920252.0
2021-03-15,196.2361639500849,197.99158070533497,193.0025170877407,196.9521942138672,15034204.0
2021-03-16,197.36796562873252,200.92498317026127,196.6288434528532,198.31495666503906,21347294.0
2021-03-17,198.17636320638124,201.17903537617488,192.95633876561888,193.8571319580078,24269624.0
2021-03-18,195.52017058295905,195.93592240850955,186.7662199172345,189.4686279296875,20165862.0
2021-03-19,188.9142786192523,191.0854330975097,184.52575778953695,189.6302947998047,33750804.0
2021-03-22,189.8843771739857,192.28652072964144,189.4917312926042,191.45501708984375,13245968.0
2021-03-23,192.95637359993955,195.58947813487023,190.64662536004363,191.94007873535156,23150388.0
2021-03-24,190.02296752538058,191.91696367246254,189.0297787219055,189.8612823486328,10280694.0
2021-03-25,189.72271585658453,190.18466547970982,183.74046259807872,184.6181640625,25474258.0
2021-03-26,186.99718796776466,188.33685305378464,185.08009999314035,186.58143615722656,18066738.0
2021-03-30,187.08958602442385,194.22671290809242,187.08958602442385,193.14112854003906,26339126.0
2021-03-31,193.92644936196228,193.92644936196228,190.94688270198856,191.31643676757812,14890268.0
2021-04-01,193.48758656604764,195.33538490670927,191.4088134328033,192.35580444335938,15193886.0
2021-04-05,192.3789219885214,197.66823659925132,192.26343458526202,196.53646850585938,42432790.0
2021-04-06,197.69134549826322,198.13018917866916,195.1044248070052,197.32177734375,16641040.0
2021-04-07,196.32857858318172,202.79587293651005,195.58945640899904,202.33392333984375,27735300.0
2021-04-08,204.1586309118949,206.00642930784795,203.2578235548346,204.22792053222656,25833228.0
2021-04-09,204.59748010748856,208.50095996357584,203.25782905369678,207.92352294921875,23398770.0
2021-04-12,207.8773215245498,207.92351930440523,198.3611568752427,199.8394012451172,30172534.0
2021-04-13,199.56225083139364,202.12606577595753,190.60043034968595,193.5338134765625,40840640.0
2021-04-15,193.51070148464484,200.69402684921045,191.70910070715468,198.9617156982422,53517782.0
2021-04-16,204.04315071603173,218.80243246624346,201.4100322698014,216.74676513671875,218723272.0
2021-04-19,213.8826793265179,220.78883195460426,213.0049778464226,218.38668823242188,87619710.0
2021-04-20,219.88800587786335,220.60402210670983,216.10001358295108,217.16250610351562,35461382.0
2021-04-22,217.85544872890395,228.43409245587773,217.85544872890395,224.8077850341797,85241858.0
2021-04-23,223.3757130797446,225.13112993686985,219.12578541542615,219.74942016601562,27192006.0
2021-04-26,221.45866828383674,223.51434994792277,220.34999189883135,221.87442016601562,18629288.0
2021-04-27,222.38255120455673,224.96947197699174,222.19777417029368,224.06866455078125,14418934.0
2021-04-28,224.43823411407465,227.83356676793335,222.31326296286085,226.03195190429688,19231068.0
2021-04-29,227.60256990054168,227.6487535817329,224.36892275251944,226.2860107421875,15282266.0
2021-04-30,227.04824959161255,236.42582170783768,226.03195473772317,227.6256866455078,58231142.0
2021-05-03,225.4083218824815,229.12701067066345,223.2371530374962,225.1311492919922,17199462.0
2021-05-04,225.1080464106117,225.5699960351749,220.71952497726136,222.63662719726562,16204858.0
2021-05-05,223.95317574380084,229.12701725636526,223.26025129645296,226.6324920654297,23713182.0
2021-05-06,228.06453242653373,237.81165810454598,225.084951746424,236.6567840576172,48827088.0
2021-05-07,237.44209425036388,238.62006009058834,234.43942185225617,238.01953125,29333162.0
2021-05-10,239.1051212104019,244.14038353971404,237.0956515643486,242.96241760253906,25088944.0
2021-05-11,239.26680270839222,241.73822180839517,237.4651879771536,239.4746856689453,15298998.0
2021-05-12,240.19070675693501,241.391764471861,233.21526478580702,234.48562622070312,15742214.0
2021-05-14,234.4394429355895,234.85519479319981,227.62568572711672,230.25880432128906,13599758.0
2021-05-17,230.2588102765213,232.68404595582075,228.6650783339478,230.88243103027344,11505300.0
2021-05-18,231.89869209003336,237.81164114971034,231.39054472609646,234.6934814453125,18761492.0
2021-05-19,234.80898755107015,239.1975089661911,233.3538490592573,236.3565216064453,14980792.0
2021-05-20,238.36598264860274,238.8279322273791,232.63781069129232,234.78587341308594,12584608.0
2021-05-21,235.5942984213121,238.3198123673899,235.20163843775995,236.84156799316406,10395006.0
2021-05-24,236.47201662851867,239.52088705568744,235.43262994409187,237.85787963867188,14873624.0
2021-05-25,239.0127557208962,242.45425799293895,238.2274356915401,239.08203125,15909128.0
2021-05-26,237.85786094902645,245.04117160904823,237.7885572307762,243.56292724609375,17646380.0
2021-05-27,243.56293719856205,251.76254295536523,242.5466423953051,249.86856079101562,58822252.0
2021-05-28,248.99082838312586,249.59135720958085,246.05745977207724,248.8522491455078,11757252.0
2021-05-31,248.85222969144777,249.7068250859219,245.318304335044,249.01390075683594,10772410.0
2021-06-01,250.33049336641756,252.68642499045623,249.29110679195955,250.74623107910156,11930088.0
2021-06-02,250.35359685405106,251.76253752594275,246.2191422042706,250.83863830566406,9427136.0
2021-06-03,252.08587656051574,254.02607032098913,248.66743859229294,249.01390075683594,11275982.0
2021-06-04,251.06960428141537,251.99350346920346,249.66066365907164,250.0071258544922,9543432.0
2021-06-07,251.62395478508657,254.6266272092638,250.70005557764742,253.2638702392578,8696866.0
2021-06-08,254.07229828522907,256.61302126808135,253.67965237503728,254.34945678710938,10859468.0
2021-06-09,255.45814114979598,255.5736285553791,250.46909086763995,251.3929901123047,12413798.0
2021-06-10,252.0165860207401,256.6129899495993,252.0165860207401,256.0355529785156,11441488.0
2021-06-11,256.3820251405829,258.20673167926526,254.76520155861527,256.05865478515625,11224718.0
2021-06-14,255.87388840937888,259.98522283091245,255.45812250156337,259.4308776855469,11904318.0
2021-06-15,259.3846868827698,260.5395608225863,257.30591379110024,257.7216796875,7674490.0
2021-06-16,258.6455743272446,259.86972376499585,255.68908581482512,256.49749755859375,10994538.0
2021-06-17,255.22715439512655,259.384700801563,253.8643974339836,258.09124755859375,8798696.0
2021-06-18,258.69178055807095,259.5925879329761,252.24757788549283,253.97988891601562,20014232.0
2021-06-21,251.64708755001075,251.64708755001075,247.23547375608925,250.44602966308594,10781642.0
2021-06-22,251.87802796014483,258.6686929499607,250.51527095479796,257.0980529785156,11505842.0
2021-06-23,258.69175162698264,259.0843974719225,248.71365248515005,249.52206420898438,22485404.0
2021-06-24,250.33053024087585,254.3263778541825,249.08326052876652,253.63345336914062,17337360.0
2021-06-25,254.00297444890418,254.53422776313676,249.6837569981405,252.9174041748047,10079644.0
2021-06-28,253.9567860743514,254.4418275028546,251.41606333963756,252.8712158203125,6519660.0
2021-06-29,253.05599805074772,255.8046039489163,249.9147462507697,250.6538543701172,15855760.0
2021-06-30,251.6932077110653,253.1483601102022,250.37666273673284,252.0627899169922,8586644.0
2021-07-01,251.76255359743615,252.178319551169,248.52890612003787,249.15252685546875,8658748.0
2021-07-02,249.49900054106317,250.51529543394284,246.49632774560982,248.8060760498047,8314614.0
2021-07-05,250.7924705511669,250.7924705511669,247.39712378389586,247.7666778564453,6878338.0
2021-07-06,247.85905410695003,248.66746591303607,245.68788533157138,246.0343475341797,8386882.0
2021-07-07,246.70417963743887,247.7897781206835,242.56972505500252,245.8264923095703,10755374.0
2021-07-08,246.63492279548177,248.04386355114397,243.90940865554379,245.29525756835938,9131020.0
2021-07-09,243.63223320970042,245.27214867013112,241.71513106888023,242.89309692382812,11449216.0
2021-07-12,245.17974776728664,245.82648847893597,241.6920339609255,242.9161834716797,7731112.0
2021-07-13,243.90939142533057,244.6023158327889,241.41485228041407,242.45423889160156,8344716.0
2021-07-14,243.1009918565825,260.2162199435088,242.80071332016524,259.47711181640625,58696166.0
2021-07-15,259.15371368016224,267.76908460196256,258.2298145226572,266.0367736816406,62132402.0
2021-07-16,267.9307745649205,272.2038084696197,262.52595847345685,266.8913879394531,73815654.0
2021-07-19,264.48924389498586,269.778572575089,263.31127802705606,265.0666809082031,21715702.0
2021-07-20,265.9444281256715,267.07621044542856,259.40782907934585,262.43359375,21047054.0
2021-07-22,266.59111248444856,270.2405257339655,263.7732311010159,269.8709716796875,24086770.0
2021-07-23,270.93345607088656,278.0012797206588,269.64000275510597,276.7771301269531,28114910.0
2021-07-26,277.2159759527721,277.4007670923501,271.74188383359694,272.7581787109375,12199806.0
2021-07-27,272.0420965627879,274.6983064292969,269.8478362382804,273.2200622558594,7966274.0
2021-07-28,272.98910024109995,274.0977622766118,269.3165955715461,273.4510498046875,9147860.0
2021-07-29,274.2133032032296,276.2458929579107,271.58021273284317,272.7581787109375,11668940.0
2021-07-30,272.0189953328371,273.93609734272803,270.24050075125785,271.23370361328125,6356412.0
2021-08-02,271.71877033487687,275.0448132160219,268.9701644749317,273.58966064453125,9247796.0
2021-08-03,279.01756557918736,279.01756557918736,274.46737318017625,276.8926086425781,10331214.0
2021-08-04,278.7865347013199,279.01750946080733,274.53659348771913,275.69146728515625,9018712.0
2021-08-05,276.0148704244711,283.868013181318,276.0148704244711,277.58551025390625,22588728.0
2021-08-06,278.9020597017728,280.1262373702482,275.46052968215486,276.245849609375,10540400.0
2021-08-09,277.16971138490794,279.941408498757,275.0909385495211,275.69146728515625,9293502.0
2021-08-10,276.4306395363993,281.3042019590733,273.9822842099313,278.9482421875,14055564.0
2021-08-11,278.0475319970298,280.17248931059964,276.4537999142666,277.74725341796875,8565026.0
2021-08-12,278.0936671325695,281.2811307415578,277.4700464328473,279.8721618652344,7905016.0
2021-08-13,279.9414652523038,286.6166427938054,279.9414652523038,284.3299865722656,16729368.0
2021-08-16,284.6071779438418,286.8245588967725,282.0202710923161,283.6601867675781,7144852.0
2021-08-17,283.52156387176484,294.2849837939735,282.3435980437951,293.29180908203125,23645544.0
2021-08-18,293.6844365812362,295.27816822295125,288.53368764232783,290.7510681152344,13847154.0
2021-08-20,287.56360581003906,291.9290348625737,285.48483275599057,286.43182373046875,12341386.0
2021-08-23,289.1804641292631,294.23881814244265,288.02559007123887,290.49700927734375,14072750.0
2021-08-24,293.79993396969945,293.79993396969945,288.3027226692445,292.66815185546875,8967436.0
2021-08-25,293.3379861385025,296.94118725833613,290.82035526410755,291.79046630859375,12815436.0
2021-08-26,292.0445184480696,294.95479504677326,289.18042552745504,290.5431823730469,8416702.0
2021-08-27,290.79731012751006,293.7999829088108,288.8571159220972,293.31494140625,8743108.0
2021-08-30,293.7768578019379,295.41677326547295,291.2823186495421,292.1600341796875,8743710.0
2021-08-31,293.15321193900354,296.8257169864449,290.52012171175005,296.08660888671875,15591816.0
2021-09-01,297.4031383393907,299.0430537334788,293.4534750113291,296.5947265625,9450444.0
2021-09-02,297.9574921929436,303.50088739653324,295.99420639167226,300.93707275390625,9077556.0
2021-09-03,301.65311649190295,303.3623358078433,300.0362927434777,302.6231994628906,7549940.0
2021-09-06,303.3392233910798,318.14470278703027,303.3392233910798,317.1053161621094,24676832.0
2021-09-07,318.7451877954672,318.7451877954672,310.77655810058053,311.469482421875,12812218.0
2021-09-08,312.00078631024587,312.00078631024587,304.88675084577744,305.9030456542969,13432462.0
2021-09-09,305.3025161615247,306.98861536308766,302.11505249475164,305.9723205566406,11611460.0
2021-09-13,305.9723037642538,310.3608249281431,303.8935305813589,309.8526916503906,11177578.0
2021-09-14,309.96819338387803,312.13936222545124,309.50624376631635,311.0999755859375,7322676.0
2021-09-15,311.35404438846444,314.37980876537233,309.50624590544686,311.37713623046875,8290832.0
2021-09-16,314.01021149685425,314.47216105403976,307.1964555283679,308.51300048828125,9315692.0
2021-09-17,310.15298260984696,311.5388314540462,306.1571071643392,307.3119812011719,10815562.0
2021-09-20,303.8473349632407,309.73719208339475,301.83786557678343,306.0415954589844,9092860.0
2021-09-21,305.1176913003323,309.0442626493903,303.5470514826434,308.39752197265625,7367102.0
2021-09-22,309.04425717801365,311.584979770658,306.2725598042198,308.651611328125,9583304.0
2021-09-23,310.84590221259424,312.7398843255687,310.15297780123774,311.49261474609375,6462586.0
2021-09-24,314.35667887460016,322.97204953695854,311.81595626797224,312.5088806152344,24253176.0
2021-09-27,313.22491331834203,313.3634925560691,300.72918256950254,302.06884765625,16798164.0
2021-09-28,302.06888466885687,302.06888466885687,293.4535124965575,295.4629821777344,16224924.0
2021-09-29,291.00518169890694,298.6504426108549,289.80409571639484,295.9942321777344,17679132.0
2021-09-30,295.0703182106159,298.7659151510228,292.2062249427671,292.9222412109375,12027918.0
2021-10-01,293.24563367365033,295.53229009182377,291.12067655090146,293.91546630859375,8417708.0
2021-10-04,295.6015568657257,297.31074780963115,293.77685032800326,296.1327819824219,10494244.0
2021-10-05,294.007814067801,300.0362504116347,292.8991238043804,298.81207275390625,10912148.0
2021-10-06,300.45198970997353,300.47508154775784,293.06079712862277,293.6844177246094,9673198.0
2021-10-07,295.1857611756418,299.5973737200637,294.215678402895,297.0104675292969,7448686.0
2021-10-08,298.4887550418462,308.37445988679025,297.9575017064733,305.4179992675781,22091966.0
2021-10-11,299.7822047442624,307.79701919156093,293.33800205226976,301.5606994628906,20422932.0
2021-10-12,301.1911770071455,305.99546472827205,296.8257471001399,304.47100830078125,18680432.0
2021-10-13,307.1965000429224,311.67741703596545,303.0389534258002,310.7073059082031,18925882.0
2021-10-14,321.97887864737305,341.7734081871542,321.05497942600323,327.1758117675781,118377606.0
2021-10-18,332.14177789583977,332.9732815755998,324.47342545614464,327.8687438964844,21198892.0
2021-10-19,331.26404042104093,337.20010958236486,327.06031042109583,328.7002258300781,21865148.0
2021-10-20,329.6472294712098,333.87407966863725,321.40144023445777,324.2655334472656,16108782.0
2021-10-21,327.4992226722696,327.5223145166288,314.9110942229351,321.6555480957031,15916912.0
2021-10-22,324.1731500194715,325.90546111683244,313.31733380934315,315.23443603515625,10758302.0
2021-10-25,315.3961232072809,316.0659558381134,305.2563227613634,308.44378662109375,17621916.0
2021-10-26,309.9912481416938,313.57135724951087,307.1964589288177,308.651611328125,12193966.0
2021-10-27,308.65167536151,311.60813625647745,306.48050632923776,310.014404296875,12631178.0
2021-10-28,309.9682213488314,310.24537986630645,302.57702680102017,303.4547424316406,10357542.0
2021-10-29,304.07835104477465,304.6096044097414,297.61105607382615,298.76593017578125,13522634.0
2021-11-01,300.77532321404743,303.4777448412945,299.11231620894256,302.7848205566406,8802466.0
2021-11-02,303.5008884078851,305.34868681523903,300.77537447897157,302.02264404296875,8079378.0
2021-11-03,304.60955187275835,305.74130574134233,300.3596102715309,301.4220886230469,6871182.0
2021-11-04,302.5769998116752,303.80117757752976,299.06619399269056,301.9764709472656,1565810.0
2021-11-08,301.630000764379,305.34868945226054,299.1123697735835,304.12451171875,9504460.0
2021-11-09,306.318794756761,307.77394739964467,303.36233398026695,304.1707458496094,8284130.0
2021-11-10,302.99274844492373,304.4247809009897,300.9832508041229,301.4682922363281,8091390.0
2021-11-11,300.15172211533513,300.15172211533513,294.1694697638845,296.4792175292969,12067796.0
2021-11-12,299.3433336486578,306.04160268863546,298.32703891390395,304.9098205566406,12126506.0
2021-11-15,305.6027812308216,307.6584627848593,303.57021971510994,304.3786315917969,9435996.0
2021-11-16,304.14766927487284,308.92883700693085,302.4153580393199,305.5566101074219,11327094.0
2021-11-17,305.55656012370144,308.58232428113763,303.96282840866553,305.7182312011719,8854994.0
2021-11-18,306.4573761165142,307.63534195824377,298.07297959301843,300.93707275390625,7842498.0
2021-11-22,303.96281788058604,305.0945999691743,294.7238264556442,297.51861572265625,11582434.0
2021-11-23,296.8950089457371,299.7821939008747,289.2035369471845,296.9411926269531,9134924.0
2021-11-24,297.6340536898249,299.1584813827583,292.46021371200175,294.0308532714844,7985552.0
2021-11-25,294.26190077679627,296.4792532597859,292.41410234177715,294.1233215332031,6661362.0
2021-11-26,291.9521764098168,293.06086683880767,286.2471095570912,287.07861328125,8277074.0
2021-11-29,284.8150632190974,292.34483719629486,278.9945086588516,291.3054504394531,10376060.0
2021-11-30,291.3054042762871,298.18846454223774,291.2592205947032,294.37738037109375,26850200.0
2021-12-01,296.848837664052,298.3963859287355,292.5296196585704,293.2456359863281,9453644.0
2021-12-02,294.21574730327677,299.3895608964305,290.5663337413353,298.7890319824219,10210456.0
2021-12-03,297.84203073990517,302.0919730719317,295.60158626134046,295.9942321777344,13405010.0
2021-12-06,294.3773755698895,297.5879308522505,287.86389764350616,288.4875183105469,9409906.0
2021-12-07,290.10437320159105,293.1301376970644,287.7946250073109,292.136962890625,8557090.0
2021-12-08,295.18580534588824,301.6530999857043,294.8393431330409,296.4330749511719,15360658.0
2021-12-09,296.45620492762083,299.1585992573852,294.6545899109975,297.12603759765625,6865604.0
2021-12-10,296.64093962494434,298.3732505823543,293.3841724688814,294.8393249511719,8525212.0
2021-12-13,297.264527033353,303.29296285164025,295.7400992004195,298.1422424316406,13123680.0
2021-12-14,298.41946963857265,301.14498381271994,295.3013095455999,298.8352355957031,8609412.0
2021-12-15,298.74281652462037,298.74281652462037,293.49967156739154,293.9847412109375,7123544.0
2021-12-16,297.49557601681136,300.22109024285913,295.37061889475893,297.6341552734375,12437240.0
2021-12-17,304.88674329666463,312.64749112336455,300.31343086914796,309.87579345703125,104600018.0
2021-12-20,308.3744841407053,312.97088881098534,306.2726188659532,307.6353759765625,26298202.0
2021-12-21,312.2779282009905,322.02505343925685,309.9681802113382,319.1147766113281,27362096.0
2021-12-22,321.47073159792546,321.47073159792546,314.6800669723973,316.7357482910156,12327754.0
2021-12-23,318.7914254599217,324.2886372845502,318.32947583416023,320.84710693359375,12944908.0
2021-12-24,322.3253113037597,324.4733880745698,318.81450586250094,322.648681640625,13182426.0
2021-12-27,323.2954190416108,323.826672364212,319.27648004343763,323.179931640625,10188656.0
2021-12-28,324.7506029757677,326.8293763945315,324.08077034624336,325.88238525390625,10158044.0
2021-12-29,325.7899603436287,327.98422097692503,323.3878167481447,325.0739440917969,7898416.0
2021-12-30,325.7206879997157,332.5575653981588,325.21255466112535,329.87823486328125,18087350.0
2021-12-31,330.6635409324091,332.0493898283497,327.568472759108,330.4556579589844,8549558.0
2022-01-03,331.6798034781801,335.7449542048963,330.75590430414616,332.003173828125,9280810.0
2022-01-04,333.8740678497758,334.0357389290219,328.70022677675104,333.296630859375,10228800.0
2022-01-05,332.6037161385336,332.9963620253529,324.7505728408183,329.6010437011719,14711264.0
2022-01-06,326.04408793938404,329.0236691006354,323.3416935112558,326.02099609375,12883220.0
2022-01-07,327.0603612389099,333.296681686262,326.8755700957352,328.67718505859375,13120326.0
2022-01-10,327.5222484365847,327.5222484365847,318.7452065179738,320.3620300292969,27537820.0
2022-01-11,321.0549383212137,322.6486699130638,318.2832410119658,320.66229248046875,15487458.0
2022-01-12,323.364741551175,324.1731534050529,315.6039933929803,319.3688659667969,23460682.0
2022-01-13,306.3649919092936,307.65844519902487,299.34335208553773,300.1517639160156,61505934.0
2022-01-14,299.9207574317077,299.9207574317077,294.0309004317012,295.5553283691406,26514548.0
2022-01-17,295.41677557317735,301.02947461232935,292.43719494986414,298.7197265625,20457876.0
2022-01-18,299.7591352197224,300.26726854997025,291.5595290400886,292.5527038574219,14329980.0
2022-01-19,291.4901946777228,291.79047319277885,285.946799533297,286.94000244140625,17382766.0
2022-01-20,286.709037268308,287.51744908734116,282.0202374398491,284.19140625,16827124.0
2022-01-21,282.2480205311355,282.71072220413737,277.9911594913046,279.9576416015625,19646694.0
2022-01-24,280.16587032349753,280.16587032349753,263.022778539035,265.01239013671875,26150716.0
2022-01-25,260.26972817391214,264.6653946941826,254.80985330221176,260.3622741699219,34712370.0
2022-01-27,256.79945533895994,257.6785999059185,248.56337034747435,252.0567626953125,31351744.0
2022-01-28,254.5321823732049,261.403319252393,252.93588417318588,255.48074340820312,29899780.0
2022-01-31,263.2772479453664,265.77584823811185,260.2928165515506,264.9429626464844,26252174.0
2022-02-01,268.32073614193285,269.4774904307995,262.0973924196161,266.81695556640625,20920202.0
2022-02-02,269.2923932756696,272.99400692894346,266.05348132905505,272.068603515625,16368826.0
2022-02-03,270.5416825111557,272.4387481347519,266.5855887285879,267.5572509765625,14082780.0
2022-02-04,266.97889720815,267.3490529425465,262.8377110919755,264.5497131347656,13633558.0
2022-02-07,264.61912031902443,265.4982366269485,257.07705982256834,257.724853515625,15091358.0
2022-02-08,259.76075596782255,261.7966265838389,256.5449733772032,259.2286376953125,13953814.0
2022-02-09,261.1488632036553,264.0870078420439,260.63987436479186,263.254150390625,10207476.0
2022-02-10,264.85045590132034,265.93779356509776,261.98169980490525,265.4288330078125,11603824.0
2022-02-11,261.8892231234149,261.8892231234149,257.77116573900105,259.783935546875,15442458.0
2022-02-14,254.48597261834732,257.79430155881573,249.85895493437735,250.6455535888672,16241546.0
2022-02-15,252.45003911567682,261.54213892126546,251.36270140464833,260.6629943847656,13676992.0
2022-02-16,261.4959187210713,263.87881591114603,257.979368296063,260.91754150390625,14607822.0
2022-02-17,264.66535859044126,264.85045055721184,259.64505670381595,261.38018798828125,14228840.0
2022-02-18,258.6502858164153,261.7503932803189,256.9614130830805,260.2466125488281,13411838.0
2022-02-21,257.1464826539002,264.98928250991236,256.9845483472181,264.1101379394531,17534002.0
2022-02-22,257.3778179194191,263.27726453240354,257.3084013687206,261.0331726074219,21490124.0
2022-02-23,263.36982287422825,264.1564214410726,260.33913227713265,262.39813232421875,14408512.0
2022-02-24,253.5605241694208,257.6785804751696,245.76401204932546,248.54022216796875,26953888.0
2022-02-25,253.56054313759287,258.5345866389234,253.32919227706586,256.9151306152344,15922624.0
2022-02-28,254.94868429043117,259.1592592499771,251.7560306680408,257.1696472167969,18316874.0
2022-03-02,256.7994522996303,258.3263623137381,254.67103570312503,256.8919982910156,16354110.0
2022-03-03,260.5010780680977,266.49307121361574,259.27490716797325,263.5317687988281,25911326.0
2022-03-04,259.5756623768064,268.3669949706733,256.3598798060987,266.1922912597656,26948372.0
2022-03-07,260.50107869517,268.20507393524855,260.15405239140205,264.5959777832031,21112334.0
2022-03-08,264.66537056791213,273.3410273828568,264.66537056791213,271.8141174316406,22039998.0
2022-03-09,272.0686195692784,275.95532543098284,269.36182572203353,270.911865234375,23527232.0
2022-03-10,275.3075632337707,276.001615914192,270.4954533530862,272.184326171875,16161966.0
2022-03-11,271.6059345703555,272.9940398577679,269.4775177594196,271.23577880859375,9927188.0
2022-03-14,271.3283298730961,277.9912184323802,271.14323786822365,276.76507568359375,15006442.0
2022-03-15,279.33303717411303,279.33303717411303,270.35661240807605,271.9298095703125,13853244.0
2022-03-16,275.42320462524566,277.3665575383506,274.1507748684722,276.8113098144531,11150296.0
2022-03-17,279.9345610651548,282.71077158811505,277.1583505421946,278.1763000488281,16881290.0
2022-03-21,279.98080019649115,285.0242602539062,276.6956292724609,277.62103271484375,15592952.0
2022-03-22,279.1942598846574,282.7107820474096,275.839672045306,282.2712097167969,15580500.0
2022-03-23,284.0757440168085,284.5615752043085,281.1838580899354,282.8033142089844,11393836.0
2022-03-24,280.8599474810739,284.00631356740854,280.30469976205666,282.5025329589844,7751490.0
2022-03-25,282.7107302206532,284.09883527901974,276.3485820364732,279.1710510253906,11986194.0
2022-03-28,281.3226295718275,281.7853312652022,276.279169817615,277.71356201171875,11476810.0
2022-03-29,279.00915238629733,280.09649019120764,277.22776196351066,278.7778015136719,9402006.0
2022-03-30,279.98079211540437,281.92414493653166,277.3896738479487,277.9911804199219,15488764.0
2022-03-31,277.62101077679324,279.1479206878517,273.08653991565285,273.8731384277344,14476178.0
2022-04-01,273.7806118891961,279.1942276320859,272.6701164707827,278.4538879394531,8567994.0
2022-04-04,279.93454845975924,280.6286010592462,277.1583380618112,280.212158203125,8855948.0
2022-04-05,282.4749269755239,284.36446365568736,279.02241840531246,279.53564453125,12862488.0
2022-04-06,278.99914352316256,278.99914352316256,275.73326726118574,276.9229736328125,8235902.0
2022-04-07,276.1997653374939,276.1997653374939,269.43473730135594,270.9976806640625,15721530.0
2022-04-08,273.4004975883977,273.86705133854855,270.83445196256804,272.3041076660156,8636632.0
2022-04-11,272.4673764885001,272.5840149202161,265.04916084089274,266.4488220214844,17164216.0
2022-04-12,265.0025182053982,265.0025182053982,259.49718989566287,260.66357421875,16338532.0
2022-04-13,261.27005731214143,263.8361025178857,258.7506560833038,260.8968200683594,11204576.0
2022-04-18,256.5345571002462,256.5345571002462,250.0727993289532,251.28582763671875,18930062.0
2022-04-19,253.80522622934143,254.5283788073693,245.43058117598665,247.48342895507812,13286008.0
2022-04-20,250.07278394032502,252.19559758637388,247.9032978384312,250.30606079101562,8660976.0
2022-04-21,252.40555636113206,253.10538692405572,250.70262393421308,251.56576538085938,13388782.0
2022-04-22,249.6062355634605,252.33556338429042,247.57673830963094,250.86593627929688,9782424.0
2022-04-25,247.25014890186753,247.81001905950163,244.1475552822722,246.97019958496094,9473768.0
2022-04-26,250.5393602373919,250.88927554498602,245.92046678667722,246.92356872558594,8718740.0
2022-04-27,245.87380897943035,245.87380897943035,240.04188751407384,242.11805725097656,16275078.0
2022-04-28,244.4741465210544,245.71052525557326,240.7417168031757,243.79763793945312,13241338.0
2022-04-29,246.57363638964566,246.57363638964566,236.54273159801392,237.3825225830078,24151260.0
2022-05-02,240.50845896402993,242.14139709472656,229.8243808993759,230.94410705566406,43822854.0
2022-05-04,233.27686366055542,235.07309835835966,228.2614110918535,229.42779541015625,17267854.0
2022-05-05,233.74340480205348,235.0031054932283,231.55059670647924,233.81338500976562,10869532.0
2022-05-06,228.61130552008314,229.0312009887268,224.41232235746935,226.3251953125,18441782.0
2022-05-09,224.87888661716858,228.3080592088449,221.4263920353942,225.41542053222656,16675250.0
2022-05-10,225.34544573138845,225.69536101979122,222.14954991635852,222.84938049316406,14969534.0
2022-05-11,223.96909679888287,224.8555602146406,215.80440709229592,220.16668701171875,21029342.0
2022-05-12,218.39379870691448,222.07957023931888,215.6177983836872,221.0531463623047,14573000.0
2022-05-13,223.71250116317134,223.71250116317134,217.88057986069032,218.650390625,16775318.0
2022-05-16,221.14644427177234,221.30974090735438,216.94746115268805,218.3471221923828,7314066.0
2022-05-17,219.7468073182238,228.14477447688205,218.4871065491891,227.04837036132812,11321450.0
2022-05-18,229.03121696455236,231.0607284823331,224.22571937181638,224.5289764404297,15390968.0
2022-05-19,217.4839923684653,221.05312512827666,209.94915337817721,210.48568725585938,22945978.0
2022-05-20,215.54781136976314,215.6411278058515,212.28193543991824,214.42808532714844,12731912.0
2022-05-23,216.38760811044503,218.25382297724693,213.44832539046783,217.41403198242188,14111568.0
2022-05-24,218.55707588705647,219.09360976848268,213.68158426268351,214.59136962890625,13779460.0
2022-05-25,214.6846831835501,215.0112764702707,206.7766064754456,207.54641723632812,15481506.0
2022-05-26,208.0829580650718,212.14198110372942,207.14985062980244,211.5121307373047,11583082.0
2022-05-27,214.61471517777443,218.32382301575672,212.86513869534693,217.85726928710938,11414472.0
2022-05-30,220.7498933653829,224.64561983844428,220.7498933653829,222.1962127685547,12291148.0
2022-05-31,222.0329230441713,224.29571154124338,219.46687746231618,223.0360107421875,31587004.0
2022-06-01,223.4559035616048,223.4559035616048,218.58041163042893,219.63015747070312,10514566.0
2022-06-02,220.12002663801505,222.28951270069805,218.39378651695768,221.2164306640625,10535040.0
2022-06-03,223.7824933461886,227.6782198323311,221.37974448860882,221.84629821777344,23269778.0
2022-06-06,220.2133537230993,221.84629172740193,216.57424043731777,220.77322387695312,13791156.0
2022-06-07,219.28024194798277,219.630157227687,217.01745362494424,218.183837890625,4701342.0
2022-06-08,219.77011496792227,220.21334667871886,216.62087748893634,219.46685791015625,5627652.0
2022-06-09,217.90390754907867,222.14954921593062,216.5975628383963,221.63633728027344,7402238.0
2022-06-10,217.9738983001107,217.9738983001107,212.88845148713685,215.0579376220703,17453098.0
2022-06-13,209.9724713302143,211.3488103378038,207.6163810161649,208.1295928955078,14130822.0
2022-06-14,205.2836365619891,211.67542821381414,204.35052912307097,208.0363006591797,13056384.0
2022-06-15,209.22601809559336,210.2524277203856,204.95704023514023,205.33029174804688,11391596.0
2022-06-16,208.08294776254766,208.4328630334488,195.83591328100758,197.02561950683594,17944686.0
2022-06-17,194.08635148807835,195.36937424430963,187.57792126577823,189.04757690429688,41550546.0
2022-06-20,190.82047152142843,194.972796782712,188.55768313131927,193.4564971923828,20750838.0
2022-06-21,195.95256729174525,199.1018049803626,194.38960944310978,198.35531616210938,12187804.0
2022-06-22,197.2122699733812,197.2122699733812,191.42699225442794,191.87022399902344,16202862.0
2022-06-23,192.4534170876595,196.32580742109633,191.89354690635022,195.50933837890625,19655010.0
2022-06-24,196.4191000320662,198.75186844099812,193.96969320268772,195.36935424804688,15362102.0
2022-06-27,199.21844366382456,200.96802015970124,197.8187824671232,198.23867797851562,12447870.0
2022-06-28,196.88566083110098,200.19819493914724,193.9463782248296,199.33506774902344,12091828.0
2022-06-29,195.95257492201426,198.1920272258868,194.73953232487892,196.302490234375,16684176.0
2022-06-30,196.8390069620179,197.35221888949022,193.61978921782136,194.1096649169922,12123284.0
2022-07-01,193.61978991901705,197.4455360415683,191.94019371306555,196.8856658935547,8907248.0
2022-07-04,196.39580061536245,196.76903790845307,194.0863539298553,196.092529296875,6372716.0
2022-07-05,196.46576653044602,197.37553770543045,192.7100006908774,192.96661376953125,11513210.0
2022-07-06,195.2993854176902,195.2993854176902,192.73334001841786,194.1096649169922,10522910.0
2022-07-07,195.95255314214302,197.79544594431064,194.64620848309764,196.32579040527344,10706024.0
2022-07-08,197.81877947310974,198.14537277596636,194.34294852533927,195.5326690673828,9535432.0
2022-07-11,193.50315330362423,193.61979173237867,189.21085343022486,191.84689331054688,16689574.0
2022-07-12,190.82047694093552,193.54981912866225,190.3539232075836,190.8904571533203,9777472.0
2022-07-13,192.22013505772526,192.22013505772526,189.11755562831925,189.74740600585938,11956780.0
2022-07-14,191.5669680131093,191.5669680131093,186.85477240326168,187.29800415039062,13161242.0
2022-07-15,187.06471620402965,188.53435754671656,182.42250108227563,183.75218200683594,22328354.0
2022-07-18,186.15494715011437,189.2808629854653,185.0585429846948,188.83763122558594,13632394.0
2022-07-19,188.02114285529433,190.2605949409654,187.18135188268994,189.25750732421875,12897178.0
2022-07-20,191.66027151930066,194.78618728595205,189.9340312167464,192.2667999267578,25237412.0
2022-07-21,190.75049515917857,194.78618207185164,187.83453434971972,193.1532440185547,45382342.0
2022-07-22,193.969719512004,194.73953034374804,190.84380372481252,191.68360900878906,15468542.0
2022-07-25,191.52029873310846,193.92304750175248,190.61051329967648,193.52647399902344,12535662.0
2022-07-26,193.52648131739602,193.80641640273717,188.62766715724018,189.04757690429688,15186298.0
2022-07-27,188.93092730809772,190.07397533507145,187.5312662021869,189.72406005859375,14084158.0
2022-07-28,192.12681814820658,194.55290321203378,191.70692264356833,194.0863494873047,15898464.0
2022-07-29,196.23249836289537,197.95873859181174,194.92613939816147,197.67881774902344,15919784.0
2022-08-01,198.8451903842038,201.0379842065268,197.16559423559988,200.1515350341797,10365748.0
2022-08-02,200.12820048461452,201.3878868384428,198.1220111803809,200.43145751953125,16912426.0
2022-08-03,200.1515653537438,202.01778041531716,199.4517347056538,201.7145233154297,12034938.0
2022-08-04,203.907295630075,205.42359520519744,199.26509470447692,203.18414306640625,17789134.0
2022-08-05,203.4874108830033,206.21675311001866,203.4874108830033,205.2836456298828,12967586.0
2022-08-08,206.5899669506242,206.5899669506242,203.04417031916972,203.34742736816406,9557496.0
2022-08-10,202.9508682238684,203.41742194392327,198.8918451641552,200.68807983398438,11329742.0
2022-08-11,204.35051572582694,206.21673048131396,203.5573687595095,204.5604705810547,9154644.0
2022-08-12,203.93063453208535,204.5838068946213,202.95086886923664,203.46408081054688,7092398.0
2022-08-16,204.583805904296,205.19032004412423,203.69735668528187,203.93063354492188,4774208.0
2022-08-17,204.0006133909387,207.56974648944012,203.7206783122526,206.7066192626953,10401476.0
2022-08-18,206.100097623985,206.100097623985,202.50762842743714,202.97418212890625,16888260.0
2022-08-19,204.79376872668965,206.45002879922137,201.08466081912863,201.76116943359375,17253908.0
2022-08-22,201.03799307392578,201.03799307392578,195.5093287000366,195.9525604248047,12900580.0
2022-08-23,193.6198070767529,195.2527452087255,191.287038316792,194.38961791992188,17028776.0
2022-08-24,194.92613707863205,195.71928409199992,193.31653529939422,194.1563262939453,7429170.0
2022-08-25,195.62597845987904,195.99922999658983,193.59648107125574,193.71311950683594,8753902.0
2022-08-26,195.25271725297475,197.11893199374393,194.2262934503163,194.66952514648438,7904194.0
2022-08-29,188.95427333258817,189.58412375798164,186.154950764698,188.65101623535156,23519514.0
2022-08-30,190.89044958333182,194.06302338716668,189.53744665788417,192.9432830810547,19750992.0
2022-09-01,191.2403656726666,192.05683467708354,188.88427509801357,191.49697875976562,11778706.0
2022-09-02,192.4767329084289,192.57004934835203,189.93402365855462,190.21395874023438,9815080.0
2022-09-05,189.8873764019271,190.3539301523004,188.48771515080725,189.1875457763672,18018508.0
2022-09-06,189.8873533183159,190.0506499587135,187.2046695797893,188.69764709472656,18226162.0
2022-09-07,187.60125528539152,190.75049292268318,187.08804334132606,190.09732055664062,12248532.0
2022-09-08,191.2870086636509,193.31652001782194,191.1003900394016,192.59335327148438,14064948.0
2022-09-09,194.55289881880913,195.69596111381966,191.91687318123212,194.6228790283203,14671342.0
2022-09-12,195.88257826327884,198.00539195149258,195.04277304125844,196.8856658935547,11678424.0
2022-09-13,198.23866489563017,198.75187681483558,196.65238515834085,197.1889190673828,9408334.0
2022-09-14,190.82046672469625,197.21225822464672,190.82046672469625,194.22630310058594,17583964.0
2022-09-15,195.81259833066488,196.37245424137936,192.80332119750082,193.6431121826172,10640314.0
2022-09-16,192.57004545990898,192.57004545990898,186.7148020442499,187.39129638671875,20192486.0
2022-09-19,188.9542637219767,189.5141339023149,185.2218338212957,187.53128051757812,13584188.0
2022-09-20,189.42081999806598,191.00709987949577,188.69766739035384,188.90760803222656,8989822.0
2022-09-21,189.37415386203048,189.37415386203048,186.38821287387174,186.97140502929688,19290112.0
2022-09-22,185.68837631151962,186.78478037605223,184.28871518354333,185.66505432128906,16500324.0
2022-09-23,185.73503478640845,186.34154891413286,183.6588650818092,183.98545837402344,13966710.0
2022-09-26,182.88905932422577,186.248251823376,179.4365646233762,184.19540405273438,18994144.0
2022-09-27,185.12851119717075,187.27466116602122,182.88905902677266,185.875,12454694.0
2022-09-28,184.75527101956237,186.85476273569378,184.45201395262796,185.71170043945312,8921590.0
2022-09-29,187.08802926983896,187.50792474227822,182.67909121400504,183.2622833251953,11883068.0
2022-09-30,183.09902121790446,185.08187461571652,180.78957450639317,183.93881225585938,13570530.0
2022-10-03,183.77550011223917,185.6883731353721,182.23587859303575,184.05543518066406,8140834.0
2022-10-04,186.59817815703167,189.42082265155383,186.15494639894084,189.1875457763672,12591696.0
2022-10-06,190.98377259819824,192.6866908684247,190.0973233570753,191.3570098876953,11203878.0
2022-10-07,191.19369117989484,192.103476545473,189.53743132142904,190.4005584716797,7580186.0
2022-10-10,186.761433655658,192.91994796801004,186.5048348251802,191.89352416992188,18714926.0
2022-10-11,193.57313033346466,194.972791455526,187.69455077318923,188.67431640625,22723292.0
2022-10-12,188.6043424541204,191.10040771888006,187.36797793623825,190.33059692382812,12610118.0
2022-10-13,180.5562853692164,183.0523505597937,176.40396020705126,176.87051391601562,84896212.0
2022-10-14,180.55630845192158,180.7895853362264,175.54085543936822,176.03073120117188,27864794.0
2022-10-17,176.03069726996512,176.80052223025444,173.7445870920607,175.00428771972656,16909538.0
2022-10-18,179.01665374668838,179.2732525769372,176.54391068553272,176.96380615234375,22328480.0
2022-10-19,177.85028612115332,177.85028612115332,175.91407676696807,176.38063049316406,10198278.0
2022-10-20,175.8907427506553,178.50344628634647,175.42418905635648,177.990234375,11868814.0
2022-10-21,178.45679580736086,178.83003308374833,177.38372795917982,178.48011779785156,8931540.0
2022-10-24,180.27633275847006,180.27633275847006,179.15660681350323,179.4832000732422,3472470.0
2022-10-25,180.2997052083593,180.2997052083593,178.993346145032,179.45989990234375,5783256.0
2022-10-27,180.08973699374135,180.53296872561987,177.8036265997289,178.5267791748047,11723118.0
2022-10-28,178.59676204533093,180.01975946386077,178.22352475678306,178.8067169189453,7609676.0
2022-10-31,180.34632873535156,181.20945593608434,179.50653776269158,180.34632873535156,6638382.0
2022-11-01,181.02283491039893,183.35560340151233,180.36966258050498,183.07566833496094,11540196.0
2022-11-02,183.2856162288413,184.218723589825,182.25919243652388,183.798828125,6716614.0
2022-11-03,181.8392956118786,183.7055103198902,179.87976447323115,181.256103515625,10312476.0
2022-11-04,181.25612547315725,183.07568218627367,179.92644448500258,182.21255493164062,9023630.0
2022-11-07,183.35559222341954,184.2187193601296,180.8362052542268,182.65576171875,8252598.0
2022-11-09,183.84549034321645,184.0087869952081,181.55937992960256,182.39918518066406,6862546.0
2022-11-10,181.3960755463409,182.46915761505767,180.55628456916187,181.44273376464844,5494908.0
2022-11-11,185.92165146514148,189.35082404492692,185.33845933382045,186.4815216064453,28417046.0
2022-11-14,187.85785186777326,187.85785186777326,184.54531761948658,185.01187133789062,17623428.0
2022-11-15,185.71168929364984,186.41151982369212,183.82215255777112,185.2917938232422,12462712.0
2022-11-16,186.1549232037503,187.41462386803371,184.84857856071386,185.8050079345703,11039528.0
2022-11-17,185.64171273563065,185.68837095283456,184.28870986525035,185.1051788330078,6057616.0
2022-11-18,185.6183968516674,186.10827255319992,183.26229206721408,183.75218200683594,9546202.0
2022-11-21,183.75216509246133,184.0321001410359,180.8362046658261,181.32608032226562,7904612.0
2022-11-22,181.4893888226855,181.6760074545769,179.38989717820712,181.3960723876953,8410828.0
2022-11-23,182.30586438930303,182.86573454331594,181.0228416712721,181.3727569580078,6717760.0
2022-11-24,181.90928175674875,186.5048384729303,181.55936648756878,185.8050079345703,13370266.0
2022-11-25,186.15492755105518,188.67431470036894,184.7086082237174,187.92782592773438,13648550.0
2022-11-28,187.92782641918757,191.0304199436234,187.55458915093874,189.25750732421875,13679200.0
2022-11-29,188.02114333771092,190.77380735285362,187.9744851195378,189.02423095703125,9102602.0
2022-11-30,189.84071350097656,190.35392546135805,187.85786011075407,189.84071350097656,13892346.0
2022-12-01,192.61670164613855,194.24963962795962,192.05683149999277,193.01327514648438,15852984.0
2022-12-02,193.0599259080921,193.106584128258,190.84379571206549,192.40675354003906,11726622.0
2022-12-05,192.80333362998576,193.59648068558718,191.5902910547501,192.38343811035156,9947062.0
2022-12-06,191.5202966188364,192.50006225061878,190.2605959153891,191.9168701171875,8832518.0
2022-12-07,190.82046116921612,191.05373801661125,189.0942068032566,189.56076049804688,6568616.0
2022-12-08,190.0039924675181,190.3539077390973,188.16109967529866,188.3477325439453,8940712.0
2022-12-09,189.4207964851927,189.4207964851927,182.53912961781194,183.84547424316406,15423336.0
2022-12-12,183.30894786512758,185.45509775595903,181.02283755801787,184.91856384277344,10365880.0
2022-12-13,185.85166663106702,186.3182203245111,184.75526260385567,185.5717315673828,6813842.0
2022-12-14,186.99472119054928,188.72097561202602,186.27156863560296,186.64480590820312,9995152.0
2022-12-15,186.5048480148208,186.5048480148208,183.84548613776016,184.3820343017578,7766926.0
2022-12-16,182.6091204714293,184.1954002484531,181.04616268482621,181.8393096923828,18012634.0
2022-12-19,181.2328049781259,182.18923444450633,179.94978220034767,181.51272583007812,8838046.0
2022-12-20,181.39605475585233,181.9092666222358,178.69004926123063,181.46604919433594,8778558.0
2022-12-21,182.37582854679826,183.4722325296855,180.95284553455602,181.72265625,10215214.0
2022-12-22,182.00260732174996,182.86573454331594,180.08973423997688,181.3727569580078,9093800.0
2022-12-23,179.15663457330945,180.01976183228325,175.8907584222335,176.1940155029297,12120710.0
2022-12-26,176.35729739857095,178.03689355474657,175.56415041873865,177.523681640625,7261148.0
2022-12-27,178.45680154393997,180.71958997976216,177.40705565250505,180.3696746826172,7685840.0
2022-12-28,179.62315983641068,181.74597330287858,178.80669092806335,180.92950439453125,7676002.0
2022-12-29,180.20637072894488,182.93571278371957,179.52986215330276,182.3058624267578,9485398.0
2022-12-30,183.35560632192124,184.89522785534294,182.67909775348767,183.2389678955078,8256556.0
2023-01-02,183.35559951960727,183.7754949915001,182.18921529874464,183.37892150878906,5559512.0
2023-01-03,183.3789328364186,185.57174100232933,182.74909670871764,185.24514770507812,5994422.0
2023-01-04,185.45510766118835,185.45510766118835,181.30278231211557,181.8159942626953,8926522.0
2023-01-05,181.9559630315306,182.98238697976518,179.04000208551247,180.5096435546875,9568980.0
2023-01-06,180.55627920739937,181.39607015964015,177.9435756787443,178.2235107421875,8484754.0
2023-01-09,180.0897248760019,183.35560071572212,179.6698294013699,182.7957305908203,7347432.0
2023-01-10,182.88904583126222,183.7754949915001,180.71957402807544,183.37892150878906,7879496.0
2023-01-11,183.3556085046914,184.75526963831499,182.65577793787958,183.75218200683594,7656600.0
2023-01-12,184.6386273073455,185.6417149176198,182.18922037528344,184.05543518066406,9510500.0
2023-01-13,184.755263042701,185.0351981070501,180.32300294445437,183.77549743652344,13621860.0
2023-01-16,181.9559428312212,187.08803352646075,181.48938913165395,185.9683074951172,23867444.0
2023-01-17,186.6448040085918,187.57791141868466,183.7055213620349,184.91856384277344,14310032.0
2023-01-18,185.9216481073577,188.41771323195002,185.6883712590423,188.1144561767578,16080426.0
2023-01-19,187.60124954441525,188.48769874535228,186.03829176908224,188.207763671875,9447456.0
2023-01-20,188.27772885088322,189.14085599266593,187.22798308770948,188.0911102294922,9265614.0
2023-01-23,189.04756863792804,190.23727490099407,187.7878679280199,189.88735961914062,8815290.0
2023-01-24,191.00984343990316,191.85171714417572,189.48980915866605,190.16798400878906,9552640.0
2023-01-25,189.41964122179755,189.84057090321454,187.08112713263955,187.80606079101562,6355554.0
2023-01-27,187.80608852208962,188.7648880041132,184.36848372196332,186.16912841796875,7410134.0
2023-01-30,186.1691109777409,189.32610516851412,184.76600244850837,188.1334686279297,7261256.0
2023-01-31,188.15685549302887,188.27378120841684,186.00543374841746,186.5432891845703,9566846.0
2023-02-01,187.7826988194839,188.9051828320172,186.30943766096152,188.20362854003906,7029896.0
2023-02-02,188.20364723989832,191.7581921937312,188.20364723989832,191.50096130371094,10835460.0
2023-02-03,192.95081650343363,193.1612885076814,189.95752094051298,190.7760009765625,8850236.0
2023-02-06,189.60674334401972,189.9809142092445,187.8294781219689,189.25596618652344,5958022.0
2023-02-07,189.6535168289394,189.6535168289394,186.636827559758,187.31500244140625,6683580.0
2023-02-08,187.5488373534256,190.63567892758985,187.5488373534256,190.23812866210938,8300976.0
2023-02-09,190.23815520113575,191.26710729378627,188.74150020694586,190.9630889892578,5277374.0
2023-02-10,190.3550571042713,190.3550571042713,188.39069945437433,189.79380798339844,5160140.0
2023-02-13,189.72366438957843,189.72366438957843,186.70698947331798,187.3617706298828,4825356.0
2023-02-14,188.48423662776773,190.0978170674669,187.7826823971433,189.46641540527344,4638822.0
2023-02-15,188.34394986883643,190.75261677437803,187.24484527897997,190.54214477539062,5227672.0
2023-02-16,191.19691927429972,193.27820266501325,191.0799935618587,191.71139526367188,11189362.0
2023-02-17,190.2849093185899,190.82276474694595,188.95195332785823,190.0276641845703,5616244.0
2023-02-20,189.55998365287996,190.72924092750458,188.1101160508735,190.3784637451172,6497188.0
2023-02-21,190.54215568492523,190.82278027525606,188.06333606218206,188.36734008789062,5761172.0
2023-02-22,186.84730029675768,187.2448505988294,184.48540646534894,184.8127899169922,6883372.0
2023-02-23,185.11677998073148,186.4731296471129,183.99429600955213,184.2515411376953,6078322.0
2023-02-24,185.1869643558879,185.4441952352228,183.5967631169322,183.94754028320312,5106634.0
2023-02-27,183.69029404215735,183.94752489998044,180.27606895191013,182.56781005859375,5554710.0
2023-02-28,183.26938125124516,183.9007830106504,180.39301131746527,181.02439880371094,10061602.0
2023-03-01,181.51547847452605,183.22259101802018,181.14130763158983,182.8484344482422,4542612.0
2023-03-02,181.79611423623936,182.5678211296639,181.14131878905818,181.49209594726562,4438972.0
2023-03-03,182.6847460825747,183.08229638150695,181.98319176910334,182.61459350585938,4393936.0
2023-03-06,183.549996740002,185.51434022688795,183.38629788113846,184.1580047607422,6727722.0
2023-03-08,183.17583949580603,183.80724127083403,181.8662770738783,183.6201629638672,4908842.0
2023-03-09,183.71367107055266,184.20476761972958,182.21703053644492,182.4508819580078,4157054.0
2023-03-10,181.42192046413118,182.35732610124776,180.81391250926833,181.98316955566406,4567396.0
2023-03-13,181.9364167526891,183.62014994230722,179.48097668083406,180.2760772705078,5982520.0
2023-03-14,180.79054292792884,181.07116751113995,176.48768498694227,177.46986389160156,8094852.0
2023-03-15,179.4575928055786,179.4575928055786,175.34179908023552,175.73934936523438,7687926.0
2023-03-16,175.55228335295445,176.18368511173645,173.05007002632033,174.38302612304688,7686620.0
2023-03-17,176.4175161038826,176.95537151264924,174.85070874283008,176.09011840820312,9044282.0
2023-03-20,175.38857235334294,175.83289577923483,170.7816963315634,171.71710205078125,8184754.0
2023-03-21,172.58236335491802,173.16699195706883,170.92202383407343,171.3663330078125,7211152.0
2023-03-22,172.04450789557114,173.05006623663868,171.10910213212983,171.3663330078125,5374846.0
2023-03-23,170.6647872426798,170.6647872426798,168.5367447334106,169.07460021972656,9485192.0
2023-03-24,169.93984050744322,171.57680055088574,168.8407359093572,169.19151306152344,7906696.0
2023-03-27,169.19150828853196,170.24383971534385,167.99887171407522,168.95765686035156,6227714.0
2023-03-28,169.7761378935264,170.26722018643434,166.22159330889247,166.59576416015625,7813096.0
2023-03-29,167.43762862983252,168.72381153131866,166.03452001002947,167.9287109375,8823840.0
2023-03-31,169.93985851922932,171.06234267050073,168.98105897112387,170.8284912109375,7914212.0
2023-04-03,172.0912628173828,172.30172052797835,170.7816863233272,172.0912628173828,4053500.0
2023-04-05,172.9097565521182,173.93869430105568,171.74049937844458,172.93313598632812,6443110.0
2023-04-06,172.58236575032916,173.26054064750073,171.10910450709238,171.48326110839844,6429614.0
2023-04-10,172.11465584460282,175.10795135248588,171.92757755157743,174.59347534179688,5624940.0
2023-04-11,174.6870111623863,175.3184128525446,172.39527009547658,173.16697692871094,6784354.0
2023-04-12,173.33068455493364,174.66364057428706,172.74605597391533,174.0556182861328,5578210.0
2023-04-13,173.00328654349664,173.00328654349664,171.17924822848062,172.2549591064453,6724634.0
2023-04-17,168.3496439237396,169.28504960905408,164.63140061535125,169.00442504882812,13603290.0
2023-04-18,169.9866171046055,172.53558923160176,168.02225930327845,172.06788635253906,8024898.0
2023-04-19,172.06788566553118,172.06788566553118,168.5601140865662,168.7471923828125,7475944.0
2023-04-20,168.60687386463215,170.10352866229152,167.90531960444645,169.7059783935547,4423266.0
2023-04-21,170.29061328249801,172.4420492817828,170.08014128734465,172.13803100585938,5299988.0
2023-04-24,175.38858133113965,177.07231456655046,173.30729779007976,176.768310546875,17779044.0
2023-04-25,176.88523206537047,177.2126155121818,174.9676474337423,175.6925811767578,7528552.0
2023-04-26,176.62799769232976,176.62799769232976,174.6402603632563,175.17811584472656,7008146.0
2023-04-27,176.04336169536958,176.13690798090852,174.0088513067513,175.1079559326172,8491700.0
2023-04-28,177.727098341112,181.4687214640828,177.727098341112,180.06561279296875,27709406.0
2023-05-02,181.93641978796356,183.40968100102344,181.21148603534715,181.63241577148438,9746608.0
2023-05-03,181.63239994576995,181.63239994576995,178.68586350322406,180.11236572265625,4828488.0
2023-05-04,179.94867812641323,180.60345928575674,179.15357754303693,179.4575958251953,6253358.0
2023-05-05,179.0132796913558,179.78498659894663,177.2593938681224,177.44647216796875,7902194.0
2023-05-08,178.19479686333702,179.1302026211498,177.5400156874999,177.8907928466797,9613544.0
2023-05-09,178.89634169023805,179.34066511088892,177.75046398844898,178.80279541015625,5716698.0
2023-05-10,179.597898004886,179.85512886828582,178.66249228611053,179.48097229003906,3670402.0
2023-05-11,180.3930131097271,180.93086858672734,179.17698272270937,179.90191650390625,4049964.0
2023-05-12,179.87853309940317,180.18253712116,178.45203073091432,179.24713134765625,4580358.0
2023-05-15,179.24712466266507,181.00101042257373,178.89634751068334,180.4163818359375,5089694.0
2023-05-16,181.23486148356042,181.84286950314498,180.76715861521575,180.97763061523438,4059352.0
2023-05-17,180.62684795964225,181.16470338721652,178.35848626266377,178.80279541015625,5376102.0
2023-05-18,180.15914551239229,180.22929808603286,178.7794163804414,178.943115234375,4237016.0
2023-05-19,179.97205090518844,181.56225201313586,179.36404290967317,180.62684631347656,7281582.0
2023-05-22,180.76716267723717,185.49096460829873,180.25268665586546,185.09341430664062,12197390.0
2023-05-23,185.67803639930176,188.06332385251395,185.23371297069488,185.98204040527344,12725634.0
2023-05-24,184.50878105680758,187.2916188251028,183.97092561431558,186.9408416748047,8256974.0
2023-05-25,186.61345767097376,186.61345767097376,183.64354139225486,184.32171630859375,13605054.0
2023-05-26,184.8127888153839,188.27378724724613,184.74263623853273,187.87625122070312,7926180.0
2023-05-29,188.95196771212656,189.88737349287965,186.7771521265075,186.98760986328125,7959308.0
2023-05-30,187.08113960597825,188.88179842931743,186.82390874828332,188.25039672851562,7378972.0
2023-05-31,187.89962121799198,189.32610921057025,187.31499265166343,188.7882537841797,11783582.0
2023-06-01,189.41967355822524,190.82278225124915,188.97535009617047,190.42523193359375,7065484.0
2023-06-02,191.15015640181133,191.66461810724337,188.95194734472585,189.39627075195312,6320754.0
2023-06-05,191.24369658694647,191.64124687255236,188.81165027899956,189.04550170898438,7252860.0
2023-06-06,188.64795668904193,188.64795668904193,184.99986571555587,187.05776977539062,13707400.0
2023-06-07,188.20363825318353,188.76488742499544,187.5488570681759,188.39071655273438,8215860.0
2023-06-08,188.9987230181701,189.30272701359118,186.49650993618155,186.87066650390625,10615052.0
2023-06-09,186.8239013615719,187.24483105441084,185.23370031926845,185.81832885742188,12018232.0
2023-06-12,186.9875978439515,186.9875978439515,184.55555153421807,185.02325439453125,11973622.0
2023-06-13,186.12236096621064,186.37959183287708,184.5087803715684,184.99986267089844,13016186.0
2023-06-14,185.3506247833428,185.74817504125141,183.66690602328347,185.42079162597656,18512564.0
2023-06-15,185.72480018480846,185.88849903305768,181.58562720584533,181.91302490234375,28702320.0
2023-06-16,180.32282003127847,181.77270165596752,177.32952477998478,178.3350830078125,41110648.0
2023-06-19,178.6624790324607,178.6624790324607,176.37073804609992,177.79722595214844,10629440.0
2023-06-20,178.5689493289692,180.0422247819919,178.00771445115188,178.89634704589844,11802658.0
2023-06-21,179.71484036575495,181.11794907388057,179.1769848822721,180.29946899414062,8829264.0
2023-06-22,180.53330167956048,180.53330167956048,178.4754119761868,178.80279541015625,9356174.0
2023-06-23,178.80279512079548,179.1301928273935,176.83845170068253,177.70370483398438,6470406.0
2023-06-26,177.72709577207752,178.61572839630605,177.2827723233836,178.1480255126953,4100400.0
2023-06-27,179.71482209073804,179.71482209073804,178.42863923908018,178.943115234375,5880750.0
2023-06-28,179.48097142716887,179.48097142716887,178.1012422893448,178.52218627929688,7140112.0
2023-06-30,180.06559730582677,182.28718584401554,179.13019160553674,182.00656127929688,9070810.0
2023-07-03,184.22816147566593,184.22816147566593,182.1702716594338,183.15245056152344,9036924.0
2023-07-04,184.15799869590248,185.84173182432528,183.80722155552934,185.18695068359375,12617234.0
2023-07-05,184.32169569314996,184.92970368774374,183.2693642826281,184.2281494140625,12366958.0
2023-07-06,184.5087782131612,185.65465592907162,183.877376497724,185.3038787841797,9037242.0
2023-07-07,184.74263220409688,185.88850993589213,183.9007727539493,185.1401824951172,9065220.0
2023-07-10,185.1401813443063,185.1401813443063,182.2404178817626,182.3807373046875,5630400.0
2023-07-11,182.40409945157873,183.71366163581433,181.39854124513099,183.36288452148438,9634838.0
2023-07-12,184.22816386877093,184.2515575769574,182.56782433338353,183.26937866210938,6848220.0
2023-07-13,183.26937394986382,186.426368347957,182.9887493709571,184.4152374267578,13595726.0
2023-07-14,184.62572003178258,189.6535262137754,183.50323592485336,189.44305419921875,31366784.0
2023-07-17,190.3550742446192,198.7503467418213,189.79382507320918,194.213623046875,45759860.0
2023-07-18,195.49979745165064,196.57550833123594,192.81050597952864,195.12564086914062,17769026.0
2023-07-19,196.4352103693901,196.90291325122197,193.69914565604174,195.47642517089844,10830990.0
2023-07-20,195.73367093990706,196.43522531603577,193.93301185321135,195.33612060546875,8255710.0
2023-07-21,189.4196630624204,193.7926877679994,187.54885157538416,189.27935791015625,23514212.0
2023-07-24,190.02767327042733,190.82277387081936,188.71811092371473,188.975341796875,6808460.0
2023-07-25,189.6534909396556,189.6534909396556,187.08112546451846,187.26820373535156,6458200.0
2023-07-26,188.71811725751428,188.76489040142934,187.73593832793617,188.36734008789062,5329662.0
2023-07-27,188.95196070187603,190.1679910263714,186.6134463367538,187.05776977539062,8948358.0
2023-07-28,187.5722165501627,188.4140902183261,185.46755378949092,186.4965057373047,6760060.0
2023-07-31,186.96423453503505,189.88737766410065,186.59007792377858,189.44305419921875,6762180.0
2023-08-01,189.65350545686826,190.82276258052343,188.97533061588499,190.33168029785156,7181804.0
2023-08-02,189.8405983522823,189.8405983522823,186.6134512972623,188.39071655273438,5399618.0
2023-08-03,188.01655455506835,188.01655455506835,185.7014196292685,186.91744995117188,6821698.0
2023-08-04,187.47868372720512,191.7581618005617,187.2214386047975,191.22030639648438,12481540.0
2023-08-07,191.73478566167464,193.1612736195778,190.84613884392982,192.2960205078125,8822866.0
2023-08-08,192.88065637488867,195.26594381262066,191.7347929331768,194.72808837890625,15724284.0
2023-08-09,194.33055430164194,195.73366299696065,192.95082504198132,195.40626525878906,9309388.0
2023-08-10,195.07886875536906,196.8093608000394,194.35392074734492,195.80380249023438,9901644.0
2023-08-11,195.8038007528335,197.44076077343814,192.85727842500864,193.18466186523438,7571468.0
2023-08-14,193.27820701966792,194.6579361668213,191.52432129353662,194.16683959960938,5792180.0
2023-08-16,193.6991395879248,196.5287504982585,193.6289870124796,195.80380249023438,8131780.0
2023-08-17,195.803797895872,196.62227789423193,193.86283389725017,195.28932189941406,6340960.0
2023-08-18,194.1200769394811,194.72809925459552,190.82277730559667,192.55328369140625,10602392.0
2023-08-21,192.60001521728634,195.19577442747106,192.5298626490451,193.9095916748047,7334260.0
2023-08-22,194.09669378519152,195.5465755572549,193.04436231286218,195.07887268066406,6350240.0
2023-08-23,195.14902881711882,195.47642654596788,193.9096190261776,194.213623046875,6134234.0
2023-08-24,195.85057749911746,196.43520608866706,192.6935831155496,193.02098083496094,5776956.0
2023-08-25,191.758179299146,192.3661873291236,190.40184381239362,191.6178741455078,6598510.0
2023-08-28,192.43636215264252,192.90406504836102,190.6590825850164,190.84616088867188,3401974.0
2023-08-29,191.59447106712233,192.64680248741757,190.40183450005108,190.86953735351562,3998562.0
2023-08-30,191.7581860478014,191.85173233562512,190.1913785022911,190.44862365722656,4018182.0
2023-08-31,190.82277887660487,191.75818465541178,190.09784510729332,191.00985717773438,22061952.0
2023-09-01,190.79938721431395,195.38286952747853,190.5889152183064,194.72808837890625,8476130.0
2023-09-04,195.49981141810144,204.15231503349588,194.56440562184258,203.0298309326172,27634648.0
2023-09-05,203.82492651217453,204.6200271842116,201.25256045614444,201.97750854492188,17973426.0
2023-09-06,202.86611929032304,203.70797874468505,199.19464891654653,200.7848358154297,13531912.0
2023-09-07,201.0888549593391,202.84274072439968,199.59220006389054,202.4451904296875,9322650.0
2023-09-08,202.72582433974847,202.72582433974847,200.7848459185296,201.11224365234375,5748410.0
2023-09-11,202.51533160013236,204.61999439967184,201.15899620617188,203.38058471679688,8253314.0
2023-09-12,204.4329234920913,206.49081322680945,199.66234859842595,203.45074462890625,14545328.0
2023-09-13,203.42736006995682,204.8304686182545,201.81377953015118,203.77813720703125,7445670.0
2023-09-14,205.0409182063355,207.30927979077018,203.59103657595352,204.12890625,14895010.0
2023-09-15,205.6957059152877,207.54313786583558,204.97077221341397,206.28033447265625,19835876.0
2023-09-18,206.28034587093603,206.28034587093603,203.54429548979383,203.96522521972656,6025196.0
2023-09-20,203.09996053504602,204.31599078723923,200.66790003065958,201.15899658203125,9102700.0
2023-09-21,201.06544866179922,201.69685035231635,197.8616813436004,200.6211395263672,8893070.0
2023-09-22,198.4930865364227,199.59219108772962,194.84501001842347,195.733642578125,19818260.0
2023-09-25,195.7336558141955,196.31828441579106,192.69358708589854,193.67576599121094,9301132.0
2023-09-26,194.93855559792044,194.93855559792044,192.55328231715168,193.11451721191406,6480566.0
2023-09-27,192.81050889136057,194.8216255307516,191.89848258212575,194.40069580078125,7773994.0
2023-09-28,194.79824284327609,194.79824284327609,188.95195704365796,189.58335876464844,16876116.0
2023-09-29,189.4196690212414,191.40740628874823,187.78270891858867,189.91075134277344,12780272.0
2023-10-03,190.0978298048795,190.86953665564275,188.7648738227475,189.630126953125,5728104.0
2023-10-04,188.34395650940988,189.63013943640368,187.38515703630077,189.37289428710938,6905870.0
2023-10-05,190.79939010075213,191.94525355979877,189.41966093529328,190.2615203857422,8125304.0
2023-10-06,190.8227770898405,191.6646365736202,190.3316947698289,190.75262451171875,6365004.0
2023-10-09,189.04549049595718,192.2258640458468,188.67131966627989,189.7002716064453,6030450.0
2023-10-10,190.0744393491543,191.17354392420654,189.98090734109877,190.70584106445312,5128014.0
2023-10-11,191.2904661896171,198.2826295261048,191.2904661896171,196.97305297851562,19092228.0
2023-10-12,197.25368820217957,197.32384077903637,193.9563886314779,195.07887268066406,10234398.0
2023-10-13,192.64680259964408,193.8160597339866,191.31384661186192,192.24925231933594,10914054.0
2023-10-16,192.22587165922923,192.64680137027472,190.8929156799533,191.85171508789062,5277652.0
2023-10-17,192.5532832964612,193.55884164370562,192.24926500294788,192.4129638671875,5979388.0
2023-10-18,191.2904702245965,193.46528567447425,190.35506450222684,190.56553649902344,4881066.0
2023-10-19,183.31612628072065,185.56109411079433,182.45087320780317,184.88291931152344,25629102.0
2023-10-20,184.76601933282885,185.23372221864608,182.87182835453285,183.26937866210938,8429336.0
2023-10-23,182.8016656305693,183.80722392463468,178.7560387474196,179.20034790039062,8837826.0
2023-10-25,179.784982816852,181.32841087272428,178.2415690341388,178.59234619140625,6678294.0
2023-10-26,177.1658459881349,177.9843260316155,175.4119601806765,176.9086151123047,10995582.0
2023-10-27,177.282774295597,179.76160817020565,177.282774295597,178.82620239257812,6202812.0
2023-10-30,179.59789655595551,179.76159541005225,177.91416342111174,178.66249084472656,4688744.0
2023-10-31,179.2237346057338,179.64466430853128,177.32952953340813,178.56893920898438,6153536.0
2023-11-01,179.52775272906075,180.32283905844787,177.79724636971142,178.17141723632812,4241952.0
2023-11-02,179.50435667777504,180.13575841000585,178.70927035876795,179.4342041015625,4742730.0
2023-11-03,180.53328297859846,180.86068065181206,178.96647572505955,179.3874053955078,5291528.0
2023-11-06,180.53331826958467,180.74379028253068,179.13020957837026,179.90191650390625,4939936.0
2023-11-07,180.01881995105256,181.0009987679911,179.0600348399685,179.27049255371094,5692178.0
2023-11-08,179.8785418675457,180.46317050448314,178.42865999330883,178.7560577392578,7102052.0
2023-11-09,179.13019206482082,179.59789491616502,177.58677836464835,178.1246337890625,9231126.0
2023-11-10,177.8673915797328,178.56894586827738,176.3239778541982,177.39968872070312,10710700.0
2023-11-13,178.9431179841461,179.08342313358327,177.7270876874424,178.49879455566406,3585902.0
2023-11-15,180.32283665156666,183.45645160429427,179.71482862702376,183.1758270263672,10792518.0
2023-11-16,183.17582145426735,186.84729174366186,182.07671688349646,185.7248077392578,13843576.0
2023-11-17,186.14574837415168,186.61345125951388,184.50878827538403,184.92971801757812,7886928.0
2023-11-20,183.90077772313552,187.5956276124243,183.90077772313552,187.17469787597656,8610496.0
2023-11-21,188.29717337656265,188.29717337656265,187.10452252545713,187.38514709472656,5440248.0
2023-11-22,188.2504058018243,188.2971789436118,186.66021889316116,187.1980743408203,5318582.0
2023-11-23,187.31499103048571,189.41965385105297,187.31499103048571,188.25039672851562,9677360.0
2023-11-24,188.25041115886032,188.71811404372707,184.9998703997728,185.21034240722656,6250566.0
2023-11-28,185.67804747638434,186.4965275345296,183.8540090585782,185.60789489746094,8145314.0
2023-11-29,186.14573910757213,191.07999859324556,186.14573910757213,190.00428771972656,15544086.0
2023-11-30,190.33168581927893,193.86283672589119,188.9753360979653,193.18466186523438,19825958.0
2023-12-01,193.51206324920693,193.51206324920693,190.12121742792172,190.65907287597656,9830426.0
2023-12-04,193.0209765202438,193.16128166933584,190.23813878693062,190.56553649902344,10662472.0
2023-12-05,190.54214969008584,191.2904771497043,188.06333014533132,189.11566162109375,11165368.0
2023-12-06,190.23813641448518,196.6222775354103,189.86397983946685,195.85057067871094,22082070.0
2023-12-07,196.4352097770659,197.1367640976983,194.86840227302176,195.61672973632812,11250552.0
2023-12-08,195.8739504411803,198.53986243042826,194.09668529712067,197.65122985839844,15479122.0
2023-12-11,196.43519574965458,197.4641477223684,195.14901292034136,196.7158203125,10084242.0
2023-12-12,196.76261800520209,200.13007036008614,196.50537284334374,197.46417236328125,11903364.0
2023-12-13,198.09553790796673,198.44631504812236,194.09668421945574,196.27149963378906,9696816.0
2023-12-14,198.07217677799144,203.9184629874953,197.95525105380136,203.17013549804688,24681376.0
2023-12-15,203.94184176776508,210.2324514182422,202.74920509412235,208.85272216796875,41567234.0
2023-12-18,208.59548235662461,212.1032539209176,206.72467085566834,208.2447052001953,20182072.0
2023-12-19,208.40840617248446,209.2268862124446,203.45075279009401,205.18125915527344,16064694.0
2023-12-20,206.72466963371417,210.23244117727268,200.80823115154396,202.02426147460938,26449942.0
2023-12-21,200.5977448918492,204.1522893246418,199.80265862905006,202.9830322265625,10663008.0
2023-12-22,203.5910451303906,218.08983349710155,202.98303713395313,216.38272094726562,46080814.0
2023-12-26,212.33710725172563,222.53302431358006,209.6945888376961,219.86712646484375,54628644.0
2023-12-27,219.11880117987906,222.34594822522834,217.0609113446679,220.26467895507812,25262992.0
2023-12-28,221.0129777793264,223.28133947412243,218.72123665111164,219.5631103515625,16839956.0
2023-12-29,220.26466014964544,222.32254980916113,217.99629850101053,220.4283447265625,15961140.0
